LOAD_AREA,h2_daily_ts,zone_demand_mwh_h2
AZ_APS_E,1,3.5083296653176514e-05
AZ_APS_E,2,2.6806796249075918e-05
AZ_APS_E,3,2.168458930941153e-05
AZ_APS_E,4,3.3426035690381445e-05
AZ_APS_E,5,3.3205326361233074e-05
AZ_APS_E,6,2.654475475862162e-05
AZ_APS_E,7,5.24838845138566e-06
AZ_APS_E,8,2.7597452334088704e-05
AZ_APS_E,9,3.363954880086057e-05
AZ_APS_E,10,1.8036319469875922e-05
AZ_APS_E,11,5.658642687311673e-09
AZ_APS_E,12,2.279711711790786e-05
AZ_APS_E,13,1.0485520308603586e-05
AZ_APS_E,14,2.080462794895013e-05
AZ_APS_E,15,2.7328412830542016e-05
AZ_APS_E,16,2.9542437478810132e-05
AZ_APS_E,17,4.181363636164773e-05
AZ_APS_E,18,4.1187413909031185e-05
AZ_APS_E,19,3.356708858808588e-05
AZ_APS_E,20,3.1215511196564285e-05
AZ_APS_E,21,4.130600385533807e-05
AZ_APS_E,22,4.721711584465647e-05
AZ_APS_E,23,1.7006136836574328e-05
AZ_APS_E,24,6.155532361317992e-05
AZ_APS_E,25,6.634679231680702e-05
AZ_APS_E,26,3.494641104835889e-05
AZ_APS_E,27,2.2118198355893767e-05
AZ_APS_E,28,2.932434469114433e-05
AZ_APS_E,29,2.919373700010071e-05
AZ_APS_E,30,3.5551770749259004e-05
AZ_APS_E,31,3.651412547376385e-05
AZ_APS_E,32,0.00014788227750103683
AZ_APS_E,33,6.759657863586514e-05
AZ_APS_E,34,0.0001304701391311549
AZ_APS_E,35,0.00019765386723372605
AZ_APS_E,36,0.000121288747765452
AZ_APS_E,37,9.196562062891243e-05
AZ_APS_E,38,2.3833734584787296e-05
AZ_APS_E,39,1.503247925415404e-06
AZ_APS_E,40,7.258179633630883e-05
AZ_APS_E,41,0.00020371193724126165
AZ_APS_E,42,0.00011433043660350346
AZ_APS_E,43,0.00013327680808569226
AZ_APS_E,44,0.00012043197143937737
AZ_APS_E,45,0.00012222363635805295
AZ_APS_E,46,7.131783985929568e-05
AZ_APS_E,47,0.00016454199932174282
AZ_APS_E,48,6.173125963912934e-05
AZ_APS_E,49,0.0001291259428134071
AZ_APS_E,50,0.00013834852256533036
AZ_APS_E,51,0.0002145390985840701
AZ_APS_E,52,0.00014499733861850035
AZ_APS_E,53,0.00016961680467893398
AZ_APS_E,54,0.00011564612961266664
AZ_APS_E,55,6.342705558392647e-05
AZ_APS_E,56,0.0001140830057826937
AZ_APS_E,57,9.44739898009206e-05
AZ_APS_E,58,6.940251600721228e-05
AZ_APS_E,59,0.0001138246602533541
AZ_APS_E,60,1.5989417624268255e-05
AZ_APS_E,61,7.297359367212121e-06
AZ_APS_E,62,7.807627696678433e-06
AZ_APS_E,63,2.853468820404141e-05
AZ_APS_E,64,1.5762419554219697e-05
AZ_APS_E,65,1.2925370571053538e-05
AZ_APS_E,66,3.175701968242084e-05
AZ_APS_E,67,4.40651645551252e-05
AZ_APS_E,68,2.5201365228035225e-05
AZ_APS_E,69,1.97917696091956e-05
AZ_APS_E,70,3.147431169752998e-05
AZ_APS_E,71,2.3799306418315367e-05
AZ_APS_E,72,2.447150840807194e-05
AZ_APS_E,73,3.211405414768725e-05
AZ_APS_E,74,3.901585647794199e-06
AZ_APS_E,75,2.506458423211381e-05
AZ_APS_E,76,1.8678206967419924e-05
AZ_APS_E,77,1.5986768541963057e-05
AZ_APS_E,78,1.6372764409061248e-05
AZ_APS_E,79,1.9863917509373537e-05
AZ_APS_E,80,1.5918264588139297e-05
AZ_APS_E,81,2.341170117576131e-05
AZ_APS_E,82,7.2065730774117345e-06
AZ_APS_E,83,1.1399122961572299e-05
AZ_APS_E,84,7.929636449228645e-06
AZ_APS_E,85,1.1929088574270575e-05
AZ_APS_E,86,1.21247313361817e-05
AZ_APS_E,87,1.1968543733699332e-05
AZ_APS_E,88,7.637323098140986e-06
AZ_APS_E,89,3.56736134863679e-06
AZ_APS_E,90,6.874093131441143e-06
AZ_APS_E,91,1.7885429065420023e-05
AZ_APS_E,92,1.7621502173936064e-05
AZ_APS_E,93,3.436964862420978e-06
AZ_APS_E,94,1.0714919926566251e-05
AZ_APS_E,95,6.73876104051658e-06
AZ_APS_E,96,2.5423530251085228e-05
AZ_APS_E,97,1.0201222388775344e-05
AZ_APS_E,98,2.735471258129903e-05
AZ_APS_E,99,1.7778770784015747e-05
AZ_APS_E,100,1.4004803110391719e-05
AZ_APS_E,101,2.886604095841461e-05
AZ_APS_E,102,6.640483787856496e-06
AZ_APS_E,103,1.8571003819944038e-05
AZ_APS_E,104,1.6304437305885367e-05
AZ_APS_E,105,1.7923824271393817e-05
AZ_APS_E,106,1.7951515750333755e-05
AZ_APS_E,107,1.0707922188042424e-05
AZ_APS_E,108,2.1948281662559206e-05
AZ_APS_E,109,1.3967956412573115e-05
AZ_APS_E,110,9.313063337797411e-06
AZ_APS_E,111,1.9937674790460568e-05
AZ_APS_E,112,6.842876191842984e-06
AZ_APS_E,113,1.102288027064558e-05
AZ_APS_E,114,3.487727142610783e-06
AZ_APS_E,115,3.224080921251094e-05
AZ_APS_E,116,1.737201051945781e-05
AZ_APS_E,117,1.5209640415268731e-05
AZ_APS_E,118,2.0362333924866144e-05
AZ_APS_E,119,1.3725151966755899e-05
AZ_APS_E,120,7.12779085347296e-06
AZ_APS_E,121,1.559408923224408e-05
AZ_APS_E,122,1.6055418382882624e-05
AZ_APS_E,123,2.279972597178263e-05
AZ_APS_E,124,1.381798367802798e-05
AZ_APS_E,125,7.1095165682185525e-06
AZ_APS_E,126,1.0814921245819447e-05
AZ_APS_E,127,1.1069404380189068e-05
AZ_APS_E,128,7.588128416637286e-06
AZ_APS_E,129,2.3826689968457817e-05
AZ_APS_E,130,3.879904795581194e-06
AZ_APS_E,131,1.732978485091812e-05
AZ_APS_E,132,6.896112178614454e-06
AZ_APS_E,133,3.8339439081758545e-06
AZ_APS_E,134,2.3144341155689328e-05
AZ_APS_E,135,7.54698700055685e-06
AZ_APS_E,136,3.958130899230617e-06
AZ_APS_E,137,2.285486470843407e-05
AZ_APS_E,138,7.051967770829039e-06
AZ_APS_E,139,7.2285531166463695e-06
AZ_APS_E,140,7.698811765062011e-06
AZ_APS_E,141,1.1311357311435818e-05
AZ_APS_E,142,1.9372404539157713e-05
AZ_APS_E,143,1.1821517678295875e-05
AZ_APS_E,144,1.4861150733431744e-05
AZ_APS_E,145,1.0167603711417987e-05
AZ_APS_E,146,1.3255874300009992e-05
AZ_APS_E,147,1.0362516645877466e-05
AZ_APS_E,148,1.1474435891378943e-05
AZ_APS_E,149,1.125618225090047e-05
AZ_APS_E,150,1.911740390577089e-05
AZ_APS_E,151,1.4597221452802772e-05
AZ_APS_E,152,5.347365148845991e-06
AZ_APS_E,153,3.834651328973695e-06
AZ_APS_E,154,3.4625809145591955e-07
AZ_APS_E,155,6.875239778412896e-07
AZ_APS_E,156,2.58069757021722e-06
AZ_APS_E,157,1.9341832826335605e-06
AZ_APS_E,158,9.600453383329712e-06
AZ_APS_E,159,7.061395451835618e-06
AZ_APS_E,160,1.4694587110627203e-05
AZ_APS_E,161,4.054070912524068e-06
AZ_APS_E,162,3.7213275839822923e-06
AZ_APS_E,163,2.2628007065043975e-06
AZ_APS_E,164,1.1813774098353797e-05
AZ_APS_E,165,1.3041119602241003e-05
AZ_APS_E,166,2.0159625701208426e-06
AZ_APS_E,167,6.509682625378943e-06
AZ_APS_E,168,4.453920256448301e-06
AZ_APS_E,169,5.971062279805377e-06
AZ_APS_E,170,7.33213910798456e-06
AZ_APS_E,171,6.0056454023355105e-06
AZ_APS_E,172,9.548897168176062e-06
AZ_APS_E,173,1.6470586670080436e-06
AZ_APS_E,174,5.539280546461326e-06
AZ_APS_E,175,1.6816373883553288e-05
AZ_APS_E,176,5.500969752948257e-06
AZ_APS_E,177,4.313221601576131e-06
AZ_APS_E,178,8.202883986564115e-06
AZ_APS_E,179,1.3375933536174096e-05
AZ_APS_E,180,1.2067525948612555e-05
AZ_APS_E,181,6.692604316659366e-06
AZ_APS_E,182,9.44950878349317e-07
AZ_APS_E,183,1.8555594452786669e-06
AZ_APS_E,184,1.832857429975291e-06
AZ_APS_E,185,4.126274408186549e-07
AZ_APS_E,186,1.2278004050944624e-06
AZ_APS_E,187,8.193151957659396e-07
AZ_APS_E,188,1.2828761862398666e-06
AZ_APS_E,189,9.349864582409182e-07
AZ_APS_E,190,1.1523318519693254e-06
AZ_APS_E,191,6.847764959710647e-07
AZ_APS_E,192,1.427840599097904e-06
AZ_APS_E,193,1.1479867040869076e-06
AZ_APS_E,194,4.0875026427914824e-07
AZ_APS_E,195,8.709828972376623e-07
AZ_APS_E,196,9.406457329188772e-07
AZ_APS_E,197,1.6572501332244426e-06
AZ_APS_E,198,2.4235741321417164e-07
AZ_APS_E,199,1.200104733821827e-06
AZ_APS_E,200,6.871814012013158e-07
AZ_APS_E,201,8.442995434359532e-07
AZ_APS_E,202,4.221367875044533e-07
AZ_APS_E,203,2.1014584015729774e-06
AZ_APS_E,204,1.442281828701091e-06
AZ_APS_E,205,4.7643231406999246e-07
AZ_APS_E,206,6.979298738382132e-07
AZ_APS_E,207,1.1930142804341408e-06
AZ_APS_E,208,4.2105747649137915e-07
AZ_APS_E,209,2.0936636624757447e-07
AZ_APS_E,210,1.0916344509697643e-06
AZ_APS_E,211,1.4154415067292766e-06
AZ_APS_E,212,9.569866234077652e-07
AZ_APS_E,213,1.7141529394842423e-06
AZ_APS_E,214,6.893524888456041e-07
AZ_APS_E,215,2.1039016114533182e-07
AZ_APS_E,216,8.597769479467303e-07
AZ_APS_E,217,4.6478147530575577e-07
AZ_APS_E,218,9.523244172282912e-07
AZ_APS_E,219,7.295144489754438e-07
AZ_APS_E,220,2.346749904071334e-07
AZ_APS_E,221,7.065443502704342e-07
AZ_APS_E,222,1.077840059228324e-06
AZ_APS_E,223,1.7130786716803813e-06
AZ_APS_E,224,4.693637696868956e-07
AZ_APS_E,225,1.2194604537946846e-06
AZ_APS_E,226,2.4228285631877344e-07
AZ_APS_E,227,2.353982478851481e-07
AZ_APS_E,228,0.0
AZ_APS_E,229,4.278709631702633e-07
AZ_APS_E,230,8.6757696055404e-07
AZ_APS_E,231,9.312796583880349e-07
AZ_APS_E,232,9.310870870086663e-07
AZ_APS_E,233,1.9227559281928963e-06
AZ_APS_E,234,1.9712205553651716e-06
AZ_APS_E,235,7.115196606532632e-07
AZ_APS_E,236,1.0454764731118118e-06
AZ_APS_E,237,1.0812682554627382e-06
AZ_APS_E,238,7.059700646972861e-07
AZ_APS_E,239,7.236556600601832e-07
AZ_APS_E,240,2.5273789589753405e-06
AZ_APS_E,241,1.1902743295830467e-06
AZ_APS_E,242,1.338099149721094e-06
AZ_APS_E,243,4.1265618478687346e-07
AZ_APS_E,244,9.369319912097787e-07
AZ_APS_E,245,9.634686604488807e-07
AZ_APS_E,246,4.5908568678757095e-07
AZ_APS_E,247,4.513270110367886e-07
AZ_APS_E,248,9.040751985073287e-07
AZ_APS_E,249,8.63482041133701e-07
AZ_APS_E,250,4.140303873104669e-07
AZ_APS_E,251,1.3811057887050216e-07
AZ_APS_E,252,5.816393791311515e-07
AZ_APS_E,253,8.942494471455175e-07
AZ_APS_E,254,7.790072963815215e-07
AZ_APS_E,255,5.929239057114858e-07
AZ_APS_E,256,5.820519932397426e-07
AZ_APS_E,257,8.445274561796143e-07
AZ_APS_E,258,9.83983751132096e-07
AZ_APS_E,259,7.506194812061738e-07
AZ_APS_E,260,1.0748404308433926e-06
AZ_APS_E,261,9.241243446281373e-07
AZ_APS_E,262,3.028479263625908e-07
AZ_APS_E,263,1.0247031937942818e-06
AZ_APS_E,264,1.2399274632419528e-06
AZ_APS_E,265,5.546567385529049e-07
AZ_APS_E,266,8.883468204240482e-07
AZ_APS_E,267,1.2446141260981526e-06
AZ_APS_E,268,7.980914190691433e-07
AZ_APS_E,269,7.719836845787871e-07
AZ_APS_E,270,5.932617397058962e-07
AZ_APS_E,271,2.6699081984905184e-07
AZ_APS_E,272,7.079931018973078e-07
AZ_APS_E,273,2.9371148962401754e-07
AZ_APS_E,274,1.7282988669001846e-05
AZ_APS_E,275,3.567145189224374e-05
AZ_APS_E,276,3.180741454341704e-05
AZ_APS_E,277,2.6782510020413925e-05
AZ_APS_E,278,1.619067845639236e-05
AZ_APS_E,279,1.6862209702167817e-05
AZ_APS_E,280,3.3914513802877856e-05
AZ_APS_E,281,2.7956647860993722e-05
AZ_APS_E,282,1.3874698198181478e-05
AZ_APS_E,283,2.5074792536434223e-05
AZ_APS_E,284,1.356941336351991e-05
AZ_APS_E,285,1.2662626942186398e-05
AZ_APS_E,286,1.6735685164170003e-05
AZ_APS_E,287,2.2344671602982345e-05
AZ_APS_E,288,1.7421986867906192e-05
AZ_APS_E,289,1.0565671982125163e-05
AZ_APS_E,290,1.3558031871664241e-05
AZ_APS_E,291,1.3377922410211901e-05
AZ_APS_E,292,1.6088049104365528e-05
AZ_APS_E,293,1.962822569815371e-05
AZ_APS_E,294,1.727095220762253e-05
AZ_APS_E,295,2.4492081856967915e-05
AZ_APS_E,296,1.0636665586186781e-05
AZ_APS_E,297,2.536354391924139e-05
AZ_APS_E,298,1.4068355258674481e-05
AZ_APS_E,299,0.0
AZ_APS_E,300,1.0447271619680493e-05
AZ_APS_E,301,1.3976359185792525e-05
AZ_APS_E,302,2.9069432240921213e-05
AZ_APS_E,303,2.2062658658402626e-05
AZ_APS_E,304,2.8848776782030695e-05
AZ_APS_E,305,1.0908501161317538e-05
AZ_APS_E,306,1.0552044761129158e-05
AZ_APS_E,307,2.1792961716477218e-05
AZ_APS_E,308,1.9835881363605094e-05
AZ_APS_E,309,8.110525339930095e-06
AZ_APS_E,310,2.065758769755201e-05
AZ_APS_E,311,1.596943430330327e-05
AZ_APS_E,312,1.61063478292595e-05
AZ_APS_E,313,7.216260218237592e-06
AZ_APS_E,314,1.494497104306586e-05
AZ_APS_E,315,1.4395150151872037e-05
AZ_APS_E,316,1.618783834928114e-05
AZ_APS_E,317,1.1794297217621108e-05
AZ_APS_E,318,1.54791020634397e-05
AZ_APS_E,319,1.1194717627266562e-05
AZ_APS_E,320,3.712923551843895e-06
AZ_APS_E,321,1.7848300808013812e-05
AZ_APS_E,322,1.1150922894258524e-05
AZ_APS_E,323,1.1577000686128884e-05
AZ_APS_E,324,7.978428779993572e-06
AZ_APS_E,325,1.588608000429765e-05
AZ_APS_E,326,1.134670852458141e-05
AZ_APS_E,327,1.0591675021713694e-05
AZ_APS_E,328,1.4504066508381578e-05
AZ_APS_E,329,1.896379489141506e-05
AZ_APS_E,330,1.2041733095180039e-05
AZ_APS_E,331,1.497569672456432e-05
AZ_APS_E,332,6.692874584759478e-06
AZ_APS_E,333,7.060088222658279e-06
AZ_APS_E,334,1.468528775179307e-05
AZ_APS_E,335,1.3737186048870199e-05
AZ_APS_E,336,9.964390755373957e-06
AZ_APS_E,337,1.6981329011298914e-05
AZ_APS_E,338,6.979425520829627e-06
AZ_APS_E,339,1.0143585994671357e-05
AZ_APS_E,340,1.9621201607042964e-05
AZ_APS_E,341,9.449531473959095e-06
AZ_APS_E,342,1.2523925725559033e-05
AZ_APS_E,343,9.99022708492583e-06
AZ_APS_E,344,2.0463744560900216e-05
AZ_APS_E,345,6.903914299914924e-06
AZ_APS_E,346,1.3741189898469733e-05
AZ_APS_E,347,1.3129281877118397e-05
AZ_APS_E,348,1.2778024667025879e-05
AZ_APS_E,349,9.145356953488418e-06
AZ_APS_E,350,1.0187579466523158e-05
AZ_APS_E,351,6.896715846351902e-06
AZ_APS_E,352,1.6629837427127655e-05
AZ_APS_E,353,2.312592416644216e-05
AZ_APS_E,354,1.635533248801427e-05
AZ_APS_E,355,1.2280716731098758e-05
AZ_APS_E,356,1.2296844183410844e-05
AZ_APS_E,357,1.532293211832451e-05
AZ_APS_E,358,6.006596200235764e-06
AZ_APS_E,359,0.0
AZ_APS_E,360,6.291237092866801e-06
AZ_APS_E,361,1.67160069758649e-05
AZ_APS_E,362,6.259047508441631e-06
AZ_APS_E,363,1.5384350680378247e-05
AZ_APS_E,364,9.434110562502335e-06
AZ_APS_E,365,9.375885608656637e-06
AZ_APS_N,1,0.0033356856187907614
AZ_APS_N,2,0.003329750627642881
AZ_APS_N,3,0.006510687516736718
AZ_APS_N,4,0.005021135246529951
AZ_APS_N,5,0.0056650291848550005
AZ_APS_N,6,0.005537931838941609
AZ_APS_N,7,0.002738650937297208
AZ_APS_N,8,0.0050174369430219835
AZ_APS_N,9,0.00438571153589299
AZ_APS_N,10,0.0052092691128381935
AZ_APS_N,11,0.0031027476199001988
AZ_APS_N,12,0.005279995875984711
AZ_APS_N,13,0.0046578295594933835
AZ_APS_N,14,0.005755657670040119
AZ_APS_N,15,0.005589822877278867
AZ_APS_N,16,0.003426420500138929
AZ_APS_N,17,0.006274640909252284
AZ_APS_N,18,0.006420019444117148
AZ_APS_N,19,0.0038394281760703733
AZ_APS_N,20,0.003988934993262298
AZ_APS_N,21,0.003916298390088408
AZ_APS_N,22,0.006078173257813853
AZ_APS_N,23,0.002967841865482888
AZ_APS_N,24,0.005298758448729801
AZ_APS_N,25,0.004800608645344352
AZ_APS_N,26,0.00543845141362588
AZ_APS_N,27,0.003815035860369749
AZ_APS_N,28,0.005209704578230539
AZ_APS_N,29,0.003176081355687853
AZ_APS_N,30,0.005326373506398217
AZ_APS_N,31,0.006759662721550481
AZ_APS_N,32,0.004502195897083133
AZ_APS_N,33,0.0019242869073554923
AZ_APS_N,34,0.002258659326985131
AZ_APS_N,35,0.002586713979639466
AZ_APS_N,36,0.00408094627694815
AZ_APS_N,37,0.0031632926173524537
AZ_APS_N,38,0.002479583696630992
AZ_APS_N,39,0.0012555826271045244
AZ_APS_N,40,0.0031998824250158444
AZ_APS_N,41,0.0019532380390429203
AZ_APS_N,42,0.003050898402293248
AZ_APS_N,43,0.005540130033035693
AZ_APS_N,44,0.003484566583578816
AZ_APS_N,45,0.0038642784515704447
AZ_APS_N,46,0.00435621293984345
AZ_APS_N,47,0.0028638564680784065
AZ_APS_N,48,0.003647580222877671
AZ_APS_N,49,0.003603142026479607
AZ_APS_N,50,0.006207669669084299
AZ_APS_N,51,0.004737266135312094
AZ_APS_N,52,0.005210004006238656
AZ_APS_N,53,0.006866412211507609
AZ_APS_N,54,0.004012963235818881
AZ_APS_N,55,0.0026604861482991075
AZ_APS_N,56,0.004648149912685069
AZ_APS_N,57,0.0034056985473100267
AZ_APS_N,58,0.0027328919546108126
AZ_APS_N,59,0.004142200560199672
AZ_APS_N,60,0.004979338941088844
AZ_APS_N,61,0.003261891617416459
AZ_APS_N,62,0.002582557427230738
AZ_APS_N,63,0.005599666390077662
AZ_APS_N,64,0.004176771646744546
AZ_APS_N,65,0.004122150494254287
AZ_APS_N,66,0.004330073177696806
AZ_APS_N,67,0.005874782304094128
AZ_APS_N,68,0.0034857210424475695
AZ_APS_N,69,0.004087581113254553
AZ_APS_N,70,0.002986563095109326
AZ_APS_N,71,0.003250685317480946
AZ_APS_N,72,0.004768492947116852
AZ_APS_N,73,0.005393748183305967
AZ_APS_N,74,0.0019421988466525274
AZ_APS_N,75,0.004368535614451694
AZ_APS_N,76,0.003856762640773843
AZ_APS_N,77,0.002912259305399259
AZ_APS_N,78,0.004759798911284278
AZ_APS_N,79,0.005122079786500075
AZ_APS_N,80,0.005070272652278271
AZ_APS_N,81,0.004324665487468355
AZ_APS_N,82,0.004657704902652639
AZ_APS_N,83,0.003886345476744105
AZ_APS_N,84,0.004870862948706921
AZ_APS_N,85,0.004245245741507492
AZ_APS_N,86,0.005276713906281433
AZ_APS_N,87,0.004732765479805702
AZ_APS_N,88,0.004963103670784957
AZ_APS_N,89,0.004452694390307474
AZ_APS_N,90,0.002415738666099731
AZ_APS_N,91,0.014235126582540976
AZ_APS_N,92,0.014103744346863033
AZ_APS_N,93,0.010725342118577081
AZ_APS_N,94,0.00938554017673882
AZ_APS_N,95,0.008637133686479056
AZ_APS_N,96,0.012834114772392772
AZ_APS_N,97,0.013932385014709425
AZ_APS_N,98,0.008232728564139272
AZ_APS_N,99,0.012531974987643683
AZ_APS_N,100,0.014643884835217053
AZ_APS_N,101,0.02827325212731537
AZ_APS_N,102,0.01237630044131154
AZ_APS_N,103,0.011610923913170116
AZ_APS_N,104,0.015004234344487883
AZ_APS_N,105,0.01648241762414587
AZ_APS_N,106,0.01671548568440896
AZ_APS_N,107,0.011109006738966927
AZ_APS_N,108,0.023899031073612544
AZ_APS_N,109,0.013353727184583686
AZ_APS_N,110,0.012218549915792182
AZ_APS_N,111,0.01611722345488168
AZ_APS_N,112,0.015522032008901319
AZ_APS_N,113,0.016070275728353622
AZ_APS_N,114,0.017594314089878712
AZ_APS_N,115,0.019000061197099512
AZ_APS_N,116,0.022060096650653338
AZ_APS_N,117,0.016057961548392004
AZ_APS_N,118,0.01589625914998954
AZ_APS_N,119,0.013626320528038307
AZ_APS_N,120,0.01419516252857729
AZ_APS_N,121,0.04199963547749068
AZ_APS_N,122,0.03835834274273678
AZ_APS_N,123,0.03545626168708816
AZ_APS_N,124,0.02697346844426473
AZ_APS_N,125,0.04240420503091352
AZ_APS_N,126,0.04687916255673602
AZ_APS_N,127,0.028226899000351757
AZ_APS_N,128,0.034602754556852695
AZ_APS_N,129,0.041422211871338786
AZ_APS_N,130,0.04936847893730662
AZ_APS_N,131,0.034685713939277565
AZ_APS_N,132,0.024516025010648722
AZ_APS_N,133,0.03324430119346868
AZ_APS_N,134,0.029732123850524157
AZ_APS_N,135,0.0466596568253146
AZ_APS_N,136,0.05406440985580354
AZ_APS_N,137,0.05295814854194543
AZ_APS_N,138,0.05111098942123609
AZ_APS_N,139,0.04108411826206525
AZ_APS_N,140,0.03762392266412378
AZ_APS_N,141,0.027732788956116187
AZ_APS_N,142,0.03247900334209855
AZ_APS_N,143,0.05085209949528401
AZ_APS_N,144,0.03643496789166403
AZ_APS_N,145,0.03925164991881671
AZ_APS_N,146,0.017845687755772114
AZ_APS_N,147,0.044122201498211104
AZ_APS_N,148,0.036923332228793654
AZ_APS_N,149,0.026523015171852606
AZ_APS_N,150,0.030641698828923966
AZ_APS_N,151,0.032291483267111856
AZ_APS_N,152,0.01501552866306378
AZ_APS_N,153,0.011127834332716375
AZ_APS_N,154,0.01606875044911051
AZ_APS_N,155,0.007594361761231257
AZ_APS_N,156,0.009066759761667008
AZ_APS_N,157,0.023866075513036555
AZ_APS_N,158,0.018488117137313975
AZ_APS_N,159,0.0060015235578869345
AZ_APS_N,160,0.00888219703512343
AZ_APS_N,161,0.01437066356784541
AZ_APS_N,162,0.011517886528117064
AZ_APS_N,163,0.01735878834760905
AZ_APS_N,164,0.01358106706159913
AZ_APS_N,165,0.009069626177397937
AZ_APS_N,166,0.006781401617160036
AZ_APS_N,167,0.00537917750115678
AZ_APS_N,168,0.01295246266479888
AZ_APS_N,169,0.015416660525916432
AZ_APS_N,170,0.00732011767831203
AZ_APS_N,171,0.015046251070171575
AZ_APS_N,172,0.0115359994214627
AZ_APS_N,173,0.007536971862778819
AZ_APS_N,174,0.01647318715299011
AZ_APS_N,175,0.015698078867298595
AZ_APS_N,176,0.008350176648175578
AZ_APS_N,177,0.019741697041966003
AZ_APS_N,178,0.024992443389070293
AZ_APS_N,179,0.011319650425080414
AZ_APS_N,180,0.013420235775323922
AZ_APS_N,181,0.0122887228313383
AZ_APS_N,182,0.012008570904311204
AZ_APS_N,183,0.006273194886494797
AZ_APS_N,184,0.01118660061785189
AZ_APS_N,185,0.008371521875472007
AZ_APS_N,186,0.020422230750279283
AZ_APS_N,187,0.009589411288638914
AZ_APS_N,188,0.012539634659772333
AZ_APS_N,189,0.011985184556406651
AZ_APS_N,190,0.008074777608283946
AZ_APS_N,191,0.005835445962637294
AZ_APS_N,192,0.011413042102105858
AZ_APS_N,193,0.004714823642667386
AZ_APS_N,194,0.0047684169262662834
AZ_APS_N,195,0.01075647362272649
AZ_APS_N,196,0.004796212941935836
AZ_APS_N,197,0.004724076281801476
AZ_APS_N,198,0.018010311213071877
AZ_APS_N,199,0.011392781263465004
AZ_APS_N,200,0.017634920431011697
AZ_APS_N,201,0.010850279527870193
AZ_APS_N,202,0.010651911040896498
AZ_APS_N,203,0.0051616976587112035
AZ_APS_N,204,0.0056471019330285215
AZ_APS_N,205,0.012687289386873338
AZ_APS_N,206,0.012763784544912936
AZ_APS_N,207,0.01676914552352692
AZ_APS_N,208,0.005486078235344572
AZ_APS_N,209,0.005366612508159163
AZ_APS_N,210,0.005721244958686884
AZ_APS_N,211,0.012532405679189805
AZ_APS_N,212,0.005412759141596312
AZ_APS_N,213,0.03676069382158533
AZ_APS_N,214,0.03274092642332891
AZ_APS_N,215,0.006601967550357875
AZ_APS_N,216,0.005496977838312771
AZ_APS_N,217,0.032745977564477655
AZ_APS_N,218,0.06035703651167484
AZ_APS_N,219,0.03518979775869499
AZ_APS_N,220,0.05856696144840521
AZ_APS_N,221,0.010495077854497834
AZ_APS_N,222,0.007099864411645785
AZ_APS_N,223,0.008172062447533681
AZ_APS_N,224,0.008870324382950394
AZ_APS_N,225,0.03618280823692289
AZ_APS_N,226,0.036744969502799964
AZ_APS_N,227,0.05959365137772742
AZ_APS_N,228,0.0077142700762426845
AZ_APS_N,229,0.006394155534800276
AZ_APS_N,230,0.031116389341193647
AZ_APS_N,231,0.0355897371766001
AZ_APS_N,232,0.03024837392162703
AZ_APS_N,233,0.03366323305994984
AZ_APS_N,234,0.09059431464887735
AZ_APS_N,235,0.009782051032892175
AZ_APS_N,236,0.004934608028334894
AZ_APS_N,237,0.008754987079022456
AZ_APS_N,238,0.006485618400140804
AZ_APS_N,239,0.08521245438056442
AZ_APS_N,240,0.0928536639750678
AZ_APS_N,241,0.007638444239161562
AZ_APS_N,242,0.05628969537364338
AZ_APS_N,243,0.027520123476049534
AZ_APS_N,244,0.008328851239320268
AZ_APS_N,245,0.023834472017753808
AZ_APS_N,246,0.02234840255304587
AZ_APS_N,247,0.028230134933749703
AZ_APS_N,248,0.03145003952822595
AZ_APS_N,249,0.013399872748489436
AZ_APS_N,250,0.008926370004722595
AZ_APS_N,251,0.015032588682663531
AZ_APS_N,252,0.01366864323865193
AZ_APS_N,253,0.03487892373184241
AZ_APS_N,254,0.013007611739354278
AZ_APS_N,255,0.030761685979108347
AZ_APS_N,256,0.0240885818848684
AZ_APS_N,257,0.009961288157350104
AZ_APS_N,258,0.028172122002495564
AZ_APS_N,259,0.02349199679384597
AZ_APS_N,260,0.012201465558685991
AZ_APS_N,261,0.0312746799658856
AZ_APS_N,262,0.07824492920310844
AZ_APS_N,263,0.04335018410790056
AZ_APS_N,264,0.010175126094316459
AZ_APS_N,265,0.03354297251872346
AZ_APS_N,266,0.012574869661134212
AZ_APS_N,267,0.014093506149614419
AZ_APS_N,268,0.022145838057243683
AZ_APS_N,269,0.053505308228025975
AZ_APS_N,270,0.05755855272556311
AZ_APS_N,271,0.015548438853478131
AZ_APS_N,272,0.04077437941699571
AZ_APS_N,273,0.01873839235085108
AZ_APS_N,274,0.034402422578416816
AZ_APS_N,275,0.037785565294914454
AZ_APS_N,276,0.035172513627253266
AZ_APS_N,277,0.0340408500156721
AZ_APS_N,278,0.025729162287174097
AZ_APS_N,279,0.03779737719775059
AZ_APS_N,280,0.031406743862990014
AZ_APS_N,281,0.03151515071283256
AZ_APS_N,282,0.04238195664368086
AZ_APS_N,283,0.03380667814812306
AZ_APS_N,284,0.035552188804092937
AZ_APS_N,285,0.031999385369407884
AZ_APS_N,286,0.031205171543931008
AZ_APS_N,287,0.026907844125580744
AZ_APS_N,288,0.024486633021631465
AZ_APS_N,289,0.03337795593065024
AZ_APS_N,290,0.028586957125563327
AZ_APS_N,291,0.031001416773212918
AZ_APS_N,292,0.04189382680700188
AZ_APS_N,293,0.026658715848553827
AZ_APS_N,294,0.03432120017504565
AZ_APS_N,295,0.02596957457575792
AZ_APS_N,296,0.03051546793924463
AZ_APS_N,297,0.04581582871392823
AZ_APS_N,298,0.04467707700269357
AZ_APS_N,299,0.023072847065023116
AZ_APS_N,300,0.037385538699235304
AZ_APS_N,301,0.03367427357057464
AZ_APS_N,302,0.02769159719552865
AZ_APS_N,303,0.040036966865841815
AZ_APS_N,304,0.0365004275781892
AZ_APS_N,305,0.01766575289339022
AZ_APS_N,306,0.015899277089209445
AZ_APS_N,307,0.016786145899345524
AZ_APS_N,308,0.016517120272256956
AZ_APS_N,309,0.018436112566143817
AZ_APS_N,310,0.02115285840167811
AZ_APS_N,311,0.0171629338434983
AZ_APS_N,312,0.03462577266452736
AZ_APS_N,313,0.021339435390179188
AZ_APS_N,314,0.021413742150310517
AZ_APS_N,315,0.02739383933118399
AZ_APS_N,316,0.01796910574423033
AZ_APS_N,317,0.020076312203937085
AZ_APS_N,318,0.025941410400336908
AZ_APS_N,319,0.020461113834064425
AZ_APS_N,320,0.028137848555508292
AZ_APS_N,321,0.017897104477537094
AZ_APS_N,322,0.01708965576948165
AZ_APS_N,323,0.02356768113422445
AZ_APS_N,324,0.022347268051047444
AZ_APS_N,325,0.025765513642139637
AZ_APS_N,326,0.024719016001571427
AZ_APS_N,327,0.023267249129271472
AZ_APS_N,328,0.021247698528779297
AZ_APS_N,329,0.026155716734928836
AZ_APS_N,330,0.037557571431750786
AZ_APS_N,331,0.02184217984096003
AZ_APS_N,332,0.015267001182266864
AZ_APS_N,333,0.02275218634473079
AZ_APS_N,334,0.025198588225744382
AZ_APS_N,335,0.02242949260597478
AZ_APS_N,336,0.013164097756848464
AZ_APS_N,337,0.014791969012293711
AZ_APS_N,338,0.016507827122327626
AZ_APS_N,339,0.01944808152345557
AZ_APS_N,340,0.01532245084592162
AZ_APS_N,341,0.015919876102656504
AZ_APS_N,342,0.016133772187043285
AZ_APS_N,343,0.01473547343205178
AZ_APS_N,344,0.012559242820841851
AZ_APS_N,345,0.0211045685157188
AZ_APS_N,346,0.0173236194224645
AZ_APS_N,347,0.016795000640485242
AZ_APS_N,348,0.013667092282767798
AZ_APS_N,349,0.01474833645207098
AZ_APS_N,350,0.019998252104090813
AZ_APS_N,351,0.015613783610289348
AZ_APS_N,352,0.015098474915876601
AZ_APS_N,353,0.022700414699424194
AZ_APS_N,354,0.018127648478771997
AZ_APS_N,355,0.014608618594869066
AZ_APS_N,356,0.01444911422319153
AZ_APS_N,357,0.013462022999343438
AZ_APS_N,358,0.01181886804247353
AZ_APS_N,359,0.005959376716792879
AZ_APS_N,360,0.013455655530383559
AZ_APS_N,361,0.017688668070623453
AZ_APS_N,362,0.015097051072493057
AZ_APS_N,363,0.011994330113051748
AZ_APS_N,364,0.016695959111177
AZ_APS_N,365,0.00772423985344855
AZ_APS_SW,1,0.002187823251400613
AZ_APS_SW,2,0.004346404074952856
AZ_APS_SW,3,0.006423276965580258
AZ_APS_SW,4,0.006948250313010604
AZ_APS_SW,5,0.005176778696256998
AZ_APS_SW,6,0.0026485644031804495
AZ_APS_SW,7,0.005563994991611884
AZ_APS_SW,8,0.009637599099075734
AZ_APS_SW,9,0.0062923067319014415
AZ_APS_SW,10,0.010122837527607368
AZ_APS_SW,11,0.009746814783429945
AZ_APS_SW,12,0.00639741143052634
AZ_APS_SW,13,0.004250256891373824
AZ_APS_SW,14,0.0019460905803729942
AZ_APS_SW,15,0.006816889257084245
AZ_APS_SW,16,0.005526872140164541
AZ_APS_SW,17,0.008940112369417118
AZ_APS_SW,18,0.00917181828385058
AZ_APS_SW,19,0.008373085074739026
AZ_APS_SW,20,0.0029199374509471607
AZ_APS_SW,21,0.0032198454919490052
AZ_APS_SW,22,0.00809737005499088
AZ_APS_SW,23,0.009898155759138565
AZ_APS_SW,24,0.010747104327437933
AZ_APS_SW,25,0.013539466839181055
AZ_APS_SW,26,0.013438936206669989
AZ_APS_SW,27,0.004137927155520073
AZ_APS_SW,28,0.004023118588869506
AZ_APS_SW,29,0.0072821818582789015
AZ_APS_SW,30,0.00738887722572732
AZ_APS_SW,31,0.005692627285414105
AZ_APS_SW,32,0.022839093752986588
AZ_APS_SW,33,0.019040455502473352
AZ_APS_SW,34,0.006716648291548117
AZ_APS_SW,35,0.008523713401067376
AZ_APS_SW,36,0.018829835920267664
AZ_APS_SW,37,0.01682265837675432
AZ_APS_SW,38,0.02220083824098256
AZ_APS_SW,39,0.014888399358428082
AZ_APS_SW,40,0.020658328095667075
AZ_APS_SW,41,0.0043924821550985985
AZ_APS_SW,42,0.004409743838939173
AZ_APS_SW,43,0.01644962726046585
AZ_APS_SW,44,0.016827140795688863
AZ_APS_SW,45,0.01791390626131284
AZ_APS_SW,46,0.013839940302370084
AZ_APS_SW,47,0.02280787219916461
AZ_APS_SW,48,0.011180930604308156
AZ_APS_SW,49,0.010023272401691371
AZ_APS_SW,50,0.013423957434793944
AZ_APS_SW,51,0.011944231841263222
AZ_APS_SW,52,0.015007031541742332
AZ_APS_SW,53,0.019749502696659996
AZ_APS_SW,54,0.017841961343161385
AZ_APS_SW,55,0.00974508732303224
AZ_APS_SW,56,0.012397811205316675
AZ_APS_SW,57,0.020010155162728832
AZ_APS_SW,58,0.018469539238807973
AZ_APS_SW,59,0.017671051237131905
AZ_APS_SW,60,0.008177097077424046
AZ_APS_SW,61,0.005499670522186433
AZ_APS_SW,62,0.003362420195413255
AZ_APS_SW,63,0.008338762227491938
AZ_APS_SW,64,0.005886298141582652
AZ_APS_SW,65,0.012060574468251468
AZ_APS_SW,66,0.009360092028212643
AZ_APS_SW,67,0.006469442664851617
AZ_APS_SW,68,0.0042637488142277385
AZ_APS_SW,69,0.004687920150941665
AZ_APS_SW,70,0.009698437628295432
AZ_APS_SW,71,0.0076408230600631235
AZ_APS_SW,72,0.008343264050680133
AZ_APS_SW,73,0.007314114526868089
AZ_APS_SW,74,0.010081503026988943
AZ_APS_SW,75,0.005397136459743721
AZ_APS_SW,76,0.0032175704457875105
AZ_APS_SW,77,0.008102249726050222
AZ_APS_SW,78,0.005677494231351588
AZ_APS_SW,79,0.011120930964541462
AZ_APS_SW,80,0.008997625659608936
AZ_APS_SW,81,0.007561833750972425
AZ_APS_SW,82,0.0077589274862322755
AZ_APS_SW,83,0.006545503575910457
AZ_APS_SW,84,0.006829928571136781
AZ_APS_SW,85,0.00972894643304382
AZ_APS_SW,86,0.009572964499551587
AZ_APS_SW,87,0.008063537777363492
AZ_APS_SW,88,0.00822269273770901
AZ_APS_SW,89,0.00499302054403951
AZ_APS_SW,90,0.0033304339393206662
AZ_APS_SW,91,0.01209662134495278
AZ_APS_SW,92,0.01077911517716985
AZ_APS_SW,93,0.013559903825985611
AZ_APS_SW,94,0.010065170975759976
AZ_APS_SW,95,0.007596149948195715
AZ_APS_SW,96,0.009851265755792307
AZ_APS_SW,97,0.004312180743655395
AZ_APS_SW,98,0.010117773419949261
AZ_APS_SW,99,0.010875316763451732
AZ_APS_SW,100,0.00789333408484671
AZ_APS_SW,101,0.016269368672706903
AZ_APS_SW,102,0.008888875262816696
AZ_APS_SW,103,0.005233459416970078
AZ_APS_SW,104,0.005973139380049059
AZ_APS_SW,105,0.006977120391727023
AZ_APS_SW,106,0.01547320652244457
AZ_APS_SW,107,0.008853121639540985
AZ_APS_SW,108,0.012742188471097744
AZ_APS_SW,109,0.009840708360727243
AZ_APS_SW,110,0.0026244967422650364
AZ_APS_SW,111,0.005618598374987423
AZ_APS_SW,112,0.010123984398529507
AZ_APS_SW,113,0.012657671444405667
AZ_APS_SW,114,0.01081156759150939
AZ_APS_SW,115,0.00701395635194341
AZ_APS_SW,116,0.007343360078397235
AZ_APS_SW,117,0.0030003399731237416
AZ_APS_SW,118,0.004781892301200208
AZ_APS_SW,119,0.0067687533956614036
AZ_APS_SW,120,0.007771823624577837
AZ_APS_SW,121,0.03187465262557759
AZ_APS_SW,122,0.02578527230505609
AZ_APS_SW,123,0.04660312856274329
AZ_APS_SW,124,0.03026170157649178
AZ_APS_SW,125,0.018684005460163865
AZ_APS_SW,126,0.04000120816378613
AZ_APS_SW,127,0.032322999726348264
AZ_APS_SW,128,0.03766786444217763
AZ_APS_SW,129,0.04174479855711954
AZ_APS_SW,130,0.03625421056846192
AZ_APS_SW,131,0.020241400955471688
AZ_APS_SW,132,0.014095801100454396
AZ_APS_SW,133,0.029107607370737996
AZ_APS_SW,134,0.03379109241780645
AZ_APS_SW,135,0.03085240637397443
AZ_APS_SW,136,0.03698516294565634
AZ_APS_SW,137,0.03781757935611315
AZ_APS_SW,138,0.016473569453098955
AZ_APS_SW,139,0.014775317503142591
AZ_APS_SW,140,0.02472884269389861
AZ_APS_SW,141,0.02862557506813346
AZ_APS_SW,142,0.04072897038361294
AZ_APS_SW,143,0.04142303230312185
AZ_APS_SW,144,0.04556476593693195
AZ_APS_SW,145,0.01583451421927866
AZ_APS_SW,146,0.011612267652055579
AZ_APS_SW,147,0.026224350444788682
AZ_APS_SW,148,0.02457084970323141
AZ_APS_SW,149,0.0350596232830162
AZ_APS_SW,150,0.03349404285857818
AZ_APS_SW,151,0.04049311691744031
AZ_APS_SW,152,0.008917877277782841
AZ_APS_SW,153,0.006569717883643101
AZ_APS_SW,154,0.011385378312816226
AZ_APS_SW,155,0.009796196357582627
AZ_APS_SW,156,0.008574087673133618
AZ_APS_SW,157,0.013709076682690674
AZ_APS_SW,158,0.012339270345792124
AZ_APS_SW,159,0.004918307894623179
AZ_APS_SW,160,0.006126593231086131
AZ_APS_SW,161,0.010804326665476935
AZ_APS_SW,162,0.011636458487250527
AZ_APS_SW,163,0.007133971136794156
AZ_APS_SW,164,0.016709563016059196
AZ_APS_SW,165,0.00932094065612096
AZ_APS_SW,166,0.005649564668248538
AZ_APS_SW,167,0.003392590857514008
AZ_APS_SW,168,0.010921518101501087
AZ_APS_SW,169,0.007023250593792954
AZ_APS_SW,170,0.007295546590562254
AZ_APS_SW,171,0.007848808630234329
AZ_APS_SW,172,0.014332349043361222
AZ_APS_SW,173,0.004806940734821208
AZ_APS_SW,174,0.004343588411808058
AZ_APS_SW,175,0.012206443343271775
AZ_APS_SW,176,0.013761068806805221
AZ_APS_SW,177,0.01395818733603859
AZ_APS_SW,178,0.012242918762094811
AZ_APS_SW,179,0.013961029063643547
AZ_APS_SW,180,0.004312539745969686
AZ_APS_SW,181,0.00627826042278123
AZ_APS_SW,182,0.008681906308179721
AZ_APS_SW,183,0.006494762468228215
AZ_APS_SW,184,0.004952855175079566
AZ_APS_SW,185,0.0013380313747585254
AZ_APS_SW,186,0.003096645520899909
AZ_APS_SW,187,0.0035424027562692595
AZ_APS_SW,188,0.0036977744027965457
AZ_APS_SW,189,0.006063780991485336
AZ_APS_SW,190,0.008469805069406455
AZ_APS_SW,191,0.008388676443442475
AZ_APS_SW,192,0.004630073840839506
AZ_APS_SW,193,0.006452486993349471
AZ_APS_SW,194,0.003976376439927837
AZ_APS_SW,195,0.002353621225218541
AZ_APS_SW,196,0.0076256047142737905
AZ_APS_SW,197,0.005606505170826906
AZ_APS_SW,198,0.009954669391687447
AZ_APS_SW,199,0.006226547739680953
AZ_APS_SW,200,0.005447029894554211
AZ_APS_SW,201,0.0027378190761386937
AZ_APS_SW,202,0.0036503131573935132
AZ_APS_SW,203,0.006540819392043623
AZ_APS_SW,204,0.005171397192584784
AZ_APS_SW,205,0.007209683195681862
AZ_APS_SW,206,0.008549808479537522
AZ_APS_SW,207,0.00825301343779456
AZ_APS_SW,208,0.0031858575951149003
AZ_APS_SW,209,0.0027156581375455038
AZ_APS_SW,210,0.005191786749143052
AZ_APS_SW,211,0.00713979337964433
AZ_APS_SW,212,0.00930969199336333
AZ_APS_SW,213,0.009670207539659937
AZ_APS_SW,214,0.007864234473711278
AZ_APS_SW,215,0.005538835082914693
AZ_APS_SW,216,0.0028293639641013774
AZ_APS_SW,217,0.014071476139343755
AZ_APS_SW,218,0.01441603315313586
AZ_APS_SW,219,0.015364445567156305
AZ_APS_SW,220,0.014827606723131673
AZ_APS_SW,221,0.01922086264583801
AZ_APS_SW,222,0.005675149732596849
AZ_APS_SW,223,0.00507367726665438
AZ_APS_SW,224,0.012356701948600371
AZ_APS_SW,225,0.010915399771348476
AZ_APS_SW,226,0.009567686843779323
AZ_APS_SW,227,0.00991553648132628
AZ_APS_SW,228,0.010037506838813739
AZ_APS_SW,229,0.006758605123547254
AZ_APS_SW,230,0.004568051737862206
AZ_APS_SW,231,0.006742265010616918
AZ_APS_SW,232,0.008579290153799124
AZ_APS_SW,233,0.010756626810676214
AZ_APS_SW,234,0.014271214085844149
AZ_APS_SW,235,0.014985453833604018
AZ_APS_SW,236,0.004954271209736081
AZ_APS_SW,237,0.006262520230295522
AZ_APS_SW,238,0.010531905672978115
AZ_APS_SW,239,0.009525657797092442
AZ_APS_SW,240,0.011976664357902907
AZ_APS_SW,241,0.010654154552157543
AZ_APS_SW,242,0.008219740144029658
AZ_APS_SW,243,0.0043455160470178235
AZ_APS_SW,244,0.0039474952388913
AZ_APS_SW,245,0.004059299912507075
AZ_APS_SW,246,0.007521991432839364
AZ_APS_SW,247,0.009859823581615617
AZ_APS_SW,248,0.007406510476726523
AZ_APS_SW,249,0.008960345120180272
AZ_APS_SW,250,0.004070263721019339
AZ_APS_SW,251,0.0045258069286272865
AZ_APS_SW,252,0.007623999706792823
AZ_APS_SW,253,0.0073260143736112995
AZ_APS_SW,254,0.010211054499222608
AZ_APS_SW,255,0.007771914773114984
AZ_APS_SW,256,0.009059922190974751
AZ_APS_SW,257,0.00553493909569011
AZ_APS_SW,258,0.005527645847200965
AZ_APS_SW,259,0.009347005660996574
AZ_APS_SW,260,0.010063406767167193
AZ_APS_SW,261,0.00807547767600098
AZ_APS_SW,262,0.01141278201033379
AZ_APS_SW,263,0.009593986938764213
AZ_APS_SW,264,0.003160245978275281
AZ_APS_SW,265,0.004998343110227828
AZ_APS_SW,266,0.00921836670391362
AZ_APS_SW,267,0.00968651191921334
AZ_APS_SW,268,0.007845903703338769
AZ_APS_SW,269,0.008095192445421265
AZ_APS_SW,270,0.007776343026026909
AZ_APS_SW,271,0.00437457040668012
AZ_APS_SW,272,0.0051041189218253
AZ_APS_SW,273,0.005774857388748793
AZ_APS_SW,274,0.011492820323695606
AZ_APS_SW,275,0.011344710224650221
AZ_APS_SW,276,0.00919619782127262
AZ_APS_SW,277,0.013550934953642901
AZ_APS_SW,278,0.005149175199908158
AZ_APS_SW,279,0.005362744510547218
AZ_APS_SW,280,0.010785945373510516
AZ_APS_SW,281,0.009598395706152936
AZ_APS_SW,282,0.011031540781430229
AZ_APS_SW,283,0.01760630275605455
AZ_APS_SW,284,0.008827211379857196
AZ_APS_SW,285,0.006864438526100454
AZ_APS_SW,286,0.005322505491843159
AZ_APS_SW,287,0.005998866936276393
AZ_APS_SW,288,0.009066718309491404
AZ_APS_SW,289,0.011200785745793028
AZ_APS_SW,290,0.0112697539780438
AZ_APS_SW,291,0.011120042770775728
AZ_APS_SW,292,0.005116535646497067
AZ_APS_SW,293,0.007093670178474404
AZ_APS_SW,294,0.007490097608196508
AZ_APS_SW,295,0.01618555443625781
AZ_APS_SW,296,0.009738404098410001
AZ_APS_SW,297,0.015190072031191286
AZ_APS_SW,298,0.010677081808411377
AZ_APS_SW,299,0.004211335883825344
AZ_APS_SW,300,0.008558161800042534
AZ_APS_SW,301,0.011112369734586031
AZ_APS_SW,302,0.01785975182873524
AZ_APS_SW,303,0.014352260216563838
AZ_APS_SW,304,0.010947290714186951
AZ_APS_SW,305,0.015110042004019502
AZ_APS_SW,306,0.013398267776984232
AZ_APS_SW,307,0.012577826613478714
AZ_APS_SW,308,0.028849705928088845
AZ_APS_SW,309,0.03370317610513838
AZ_APS_SW,310,0.031475517535849526
AZ_APS_SW,311,0.030415350088939166
AZ_APS_SW,312,0.023704270909621284
AZ_APS_SW,313,0.012494612389574066
AZ_APS_SW,314,0.018113556093669374
AZ_APS_SW,315,0.01620093793719044
AZ_APS_SW,316,0.03223274568886994
AZ_APS_SW,317,0.032674026198589376
AZ_APS_SW,318,0.03484173061168423
AZ_APS_SW,319,0.028428580024662878
AZ_APS_SW,320,0.019286253215411407
AZ_APS_SW,321,0.01606981299252838
AZ_APS_SW,322,0.024455906037999898
AZ_APS_SW,323,0.028063038826944206
AZ_APS_SW,324,0.02900996933937238
AZ_APS_SW,325,0.023380095109449408
AZ_APS_SW,326,0.028814555404417585
AZ_APS_SW,327,0.014671186453968177
AZ_APS_SW,328,0.016323517216568537
AZ_APS_SW,329,0.021014343446619448
AZ_APS_SW,330,0.041699379726560196
AZ_APS_SW,331,0.03759807771043176
AZ_APS_SW,332,0.009270715986350575
AZ_APS_SW,333,0.020781153573716654
AZ_APS_SW,334,0.012713439699990926
AZ_APS_SW,335,0.002925305261894445
AZ_APS_SW,336,0.006035616237213513
AZ_APS_SW,337,0.004604573857021326
AZ_APS_SW,338,0.006143183948366547
AZ_APS_SW,339,0.004224108704914473
AZ_APS_SW,340,0.00352833729453609
AZ_APS_SW,341,0.001967541270783456
AZ_APS_SW,342,0.0033781290587954023
AZ_APS_SW,343,0.004727551391462815
AZ_APS_SW,344,0.004628053914667738
AZ_APS_SW,345,0.004450341593795042
AZ_APS_SW,346,0.0038762012170496137
AZ_APS_SW,347,0.004286975106052074
AZ_APS_SW,348,0.0030838610142112045
AZ_APS_SW,349,0.0019042073452659738
AZ_APS_SW,350,0.003823423539828807
AZ_APS_SW,351,0.00463899275357839
AZ_APS_SW,352,0.0041551128609237965
AZ_APS_SW,353,0.00393969404852482
AZ_APS_SW,354,0.004643778817293394
AZ_APS_SW,355,0.0017434354287462408
AZ_APS_SW,356,0.0017457249670811748
AZ_APS_SW,357,0.004176622843733921
AZ_APS_SW,358,0.002525165316665221
AZ_APS_SW,359,0.0009226099353856186
AZ_APS_SW,360,0.004287058827009741
AZ_APS_SW,361,0.003037558610509898
AZ_APS_SW,362,0.0015994214138838844
AZ_APS_SW,363,0.0015725114649607422
AZ_APS_SW,364,0.0028572078460490733
AZ_APS_SW,365,0.0017747336743639173
AZ_NM_N,1,0.007272978636276725
AZ_NM_N,2,0.007475625660838574
AZ_NM_N,3,0.00851332934371768
AZ_NM_N,4,0.0022624104173304955
AZ_NM_N,5,0.010379698960112194
AZ_NM_N,6,0.008346157653886367
AZ_NM_N,7,0.0007848559395929437
AZ_NM_N,8,0.004393876318211072
AZ_NM_N,9,0.007195727957880192
AZ_NM_N,10,0.01244842361077241
AZ_NM_N,11,0.0027363357242475147
AZ_NM_N,12,0.00861462321407425
AZ_NM_N,13,0.00725527653429245
AZ_NM_N,14,0.009059928040672497
AZ_NM_N,15,0.008292605567334266
AZ_NM_N,16,0.008600032535548674
AZ_NM_N,17,0.009080715992077056
AZ_NM_N,18,0.009517381415172551
AZ_NM_N,19,0.009922626182418261
AZ_NM_N,20,0.013023220995310489
AZ_NM_N,21,0.004137012112189027
AZ_NM_N,22,0.009662309435393514
AZ_NM_N,23,0.008726727610285482
AZ_NM_N,24,0.008063003719929619
AZ_NM_N,25,0.004627517565049126
AZ_NM_N,26,0.01219854264403594
AZ_NM_N,27,0.008234036658713535
AZ_NM_N,28,0.0074036314106588775
AZ_NM_N,29,0.006428748251927926
AZ_NM_N,30,0.006214744631164936
AZ_NM_N,31,0.007336918465030372
AZ_NM_N,32,0.00866783656676657
AZ_NM_N,33,0.010077702810594112
AZ_NM_N,34,0.010160120764559953
AZ_NM_N,35,0.012495684611891123
AZ_NM_N,36,0.011430738475750882
AZ_NM_N,37,0.017112748471575758
AZ_NM_N,38,0.010836004436533748
AZ_NM_N,39,0.009920955046937649
AZ_NM_N,40,0.01717789469235928
AZ_NM_N,41,0.007533678372492104
AZ_NM_N,42,0.009323834285069292
AZ_NM_N,43,0.014961276262998906
AZ_NM_N,44,0.015497365735331087
AZ_NM_N,45,0.01107927627945546
AZ_NM_N,46,0.007385640986994986
AZ_NM_N,47,0.012355644594057393
AZ_NM_N,48,0.008728047597334147
AZ_NM_N,49,0.007094195630237003
AZ_NM_N,50,0.012727940223377542
AZ_NM_N,51,0.00835029201760905
AZ_NM_N,52,0.006622282798458126
AZ_NM_N,53,0.015205580930599484
AZ_NM_N,54,0.010505975154494439
AZ_NM_N,55,0.010214573373906547
AZ_NM_N,56,0.01054692123705183
AZ_NM_N,57,0.010670345284399098
AZ_NM_N,58,0.009970176880592124
AZ_NM_N,59,0.012445605606530715
AZ_NM_N,60,0.008432846322654656
AZ_NM_N,61,0.007862699220948713
AZ_NM_N,62,0.005932076233413084
AZ_NM_N,63,0.008449160733793626
AZ_NM_N,64,0.006542682023746376
AZ_NM_N,65,0.008804153729372896
AZ_NM_N,66,0.007269007853421269
AZ_NM_N,67,0.007650810470388031
AZ_NM_N,68,0.007055609296313753
AZ_NM_N,69,0.006377615120315111
AZ_NM_N,70,0.006622383203769221
AZ_NM_N,71,0.004898775160948113
AZ_NM_N,72,0.006362068803614507
AZ_NM_N,73,0.012813601259027002
AZ_NM_N,74,0.004022083186368294
AZ_NM_N,75,0.008746142534616662
AZ_NM_N,76,0.00406227775578104
AZ_NM_N,77,0.013814138398575213
AZ_NM_N,78,0.011149561241045196
AZ_NM_N,79,0.009313564007021704
AZ_NM_N,80,0.00788737101494887
AZ_NM_N,81,0.00748365366054841
AZ_NM_N,82,0.00643978485546165
AZ_NM_N,83,0.004361706643794525
AZ_NM_N,84,0.011511568349098536
AZ_NM_N,85,0.0096911347536644
AZ_NM_N,86,0.00824908721171471
AZ_NM_N,87,0.011412217984342365
AZ_NM_N,88,0.006159192886130698
AZ_NM_N,89,0.0016296050749522511
AZ_NM_N,90,0.0028382291322199497
AZ_NM_N,91,0.00927872572706453
AZ_NM_N,92,0.010232281197495764
AZ_NM_N,93,0.011292844710079466
AZ_NM_N,94,0.007253616102163575
AZ_NM_N,95,0.005509663819610916
AZ_NM_N,96,0.006347900562664211
AZ_NM_N,97,0.005916977501408086
AZ_NM_N,98,0.005743435558666372
AZ_NM_N,99,0.00867035351830357
AZ_NM_N,100,0.00864142603273675
AZ_NM_N,101,0.008416137654955542
AZ_NM_N,102,0.00996188404083398
AZ_NM_N,103,0.006709583471997766
AZ_NM_N,104,0.005991861301187812
AZ_NM_N,105,0.0037700447389407005
AZ_NM_N,106,0.00909151381160805
AZ_NM_N,107,0.0073947626262709076
AZ_NM_N,108,0.012373928936126365
AZ_NM_N,109,0.013566180066563658
AZ_NM_N,110,0.007318516024501952
AZ_NM_N,111,0.006174216512768782
AZ_NM_N,112,0.00862191403670824
AZ_NM_N,113,0.01466484473593793
AZ_NM_N,114,0.008247301059318084
AZ_NM_N,115,0.007715215696659341
AZ_NM_N,116,0.008551450333066216
AZ_NM_N,117,0.01058943533069833
AZ_NM_N,118,0.004056161687792492
AZ_NM_N,119,0.005222539347705611
AZ_NM_N,120,0.011089459221757397
AZ_NM_N,121,0.0060771274954215075
AZ_NM_N,122,0.010218912503794782
AZ_NM_N,123,0.009937077761899449
AZ_NM_N,124,0.004089733307957264
AZ_NM_N,125,0.0031270972712334408
AZ_NM_N,126,0.006604858996046828
AZ_NM_N,127,0.0080686593473225
AZ_NM_N,128,0.007027396580290159
AZ_NM_N,129,0.010175701678939683
AZ_NM_N,130,0.0041431025423454525
AZ_NM_N,131,0.0045246911096791685
AZ_NM_N,132,0.006175249603636069
AZ_NM_N,133,0.010430793189997489
AZ_NM_N,134,0.007357110982728535
AZ_NM_N,135,0.0072101435128292335
AZ_NM_N,136,0.00477860059243509
AZ_NM_N,137,0.008554331011692758
AZ_NM_N,138,0.009424795468789254
AZ_NM_N,139,0.005543613422741762
AZ_NM_N,140,0.004724512361683869
AZ_NM_N,141,0.004468743417879943
AZ_NM_N,142,0.009834208979387676
AZ_NM_N,143,0.006422554591630168
AZ_NM_N,144,0.0070076580572435215
AZ_NM_N,145,0.0031960780600433294
AZ_NM_N,146,0.002793860720221043
AZ_NM_N,147,0.0057737053415435865
AZ_NM_N,148,0.0037116437288015128
AZ_NM_N,149,0.005824757541623247
AZ_NM_N,150,0.006777446655098052
AZ_NM_N,151,0.010209825587187507
AZ_NM_N,152,0.004449426546927457
AZ_NM_N,153,0.006500510006275193
AZ_NM_N,154,0.007110257923197986
AZ_NM_N,155,0.006348401791324389
AZ_NM_N,156,0.009721263419164076
AZ_NM_N,157,0.0074914125127116685
AZ_NM_N,158,0.011748629246151531
AZ_NM_N,159,0.0050790099794721325
AZ_NM_N,160,0.008360281210135594
AZ_NM_N,161,0.007219215047896518
AZ_NM_N,162,0.010195329425196124
AZ_NM_N,163,0.011920505600168165
AZ_NM_N,164,0.008494809768290357
AZ_NM_N,165,0.011775153180980142
AZ_NM_N,166,0.00982044412642224
AZ_NM_N,167,0.006757784125140775
AZ_NM_N,168,0.009505013801084875
AZ_NM_N,169,0.0076395032545734575
AZ_NM_N,170,0.00822959381577853
AZ_NM_N,171,0.007690458118077427
AZ_NM_N,172,0.012960592803237641
AZ_NM_N,173,0.006084988191398615
AZ_NM_N,174,0.006535198028351599
AZ_NM_N,175,0.013967878692736899
AZ_NM_N,176,0.009391338688397474
AZ_NM_N,177,0.0043249752061377085
AZ_NM_N,178,0.008743610570855272
AZ_NM_N,179,0.009375959911343027
AZ_NM_N,180,0.004681587421760088
AZ_NM_N,181,0.006042281103907508
AZ_NM_N,182,0.008125496560082265
AZ_NM_N,183,0.006576087001842538
AZ_NM_N,184,0.008920729617761263
AZ_NM_N,185,0.006733245301716061
AZ_NM_N,186,0.007066631102492294
AZ_NM_N,187,0.008592970300042356
AZ_NM_N,188,0.006126312908481147
AZ_NM_N,189,0.007819637488198871
AZ_NM_N,190,0.006738864770805686
AZ_NM_N,191,0.008550044289274488
AZ_NM_N,192,0.010553501797395358
AZ_NM_N,193,0.012126286690951896
AZ_NM_N,194,0.004199026499135238
AZ_NM_N,195,0.008184189808443383
AZ_NM_N,196,0.006126796005062813
AZ_NM_N,197,0.008278696233599695
AZ_NM_N,198,0.009195582957478273
AZ_NM_N,199,0.007373874512532134
AZ_NM_N,200,0.011964611833017181
AZ_NM_N,201,0.004184337621147981
AZ_NM_N,202,0.005257833852161325
AZ_NM_N,203,0.00640396119753086
AZ_NM_N,204,0.00569014085519817
AZ_NM_N,205,0.00695251890405244
AZ_NM_N,206,0.009587559544256908
AZ_NM_N,207,0.011066944751361147
AZ_NM_N,208,0.006309805941211805
AZ_NM_N,209,0.005900239968940681
AZ_NM_N,210,0.0053839947962241175
AZ_NM_N,211,0.007330238696608196
AZ_NM_N,212,0.010747853138760265
AZ_NM_N,213,0.012532327021382681
AZ_NM_N,214,0.013558156100236854
AZ_NM_N,215,0.00966897937862904
AZ_NM_N,216,0.01096637283529024
AZ_NM_N,217,0.009302169861379071
AZ_NM_N,218,0.007359721084252988
AZ_NM_N,219,0.01461367967037329
AZ_NM_N,220,0.010422992460666006
AZ_NM_N,221,0.010595548405259678
AZ_NM_N,222,0.011272731586465395
AZ_NM_N,223,0.005206919230929776
AZ_NM_N,224,0.008828964722726188
AZ_NM_N,225,0.013525483153617767
AZ_NM_N,226,0.012044258085117953
AZ_NM_N,227,0.00995878843235256
AZ_NM_N,228,0.006917334862723979
AZ_NM_N,229,0.010075338550903742
AZ_NM_N,230,0.011915316828429983
AZ_NM_N,231,0.010168450554081297
AZ_NM_N,232,0.006717755700502492
AZ_NM_N,233,0.0139987988459199
AZ_NM_N,234,0.00799380699764689
AZ_NM_N,235,0.006739417954616061
AZ_NM_N,236,0.014535480495081363
AZ_NM_N,237,0.01074517983050445
AZ_NM_N,238,0.007060494622977418
AZ_NM_N,239,0.014099866944332897
AZ_NM_N,240,0.009287704380587913
AZ_NM_N,241,0.008117442812619747
AZ_NM_N,242,0.008623104012580467
AZ_NM_N,243,0.006650138693967679
AZ_NM_N,244,0.003504814295224677
AZ_NM_N,245,0.004966896580292069
AZ_NM_N,246,0.006697645169757644
AZ_NM_N,247,0.005533718962895098
AZ_NM_N,248,0.00683252496469186
AZ_NM_N,249,0.00673277246510199
AZ_NM_N,250,0.0036908668825280985
AZ_NM_N,251,0.004839740768769705
AZ_NM_N,252,0.007640191418825978
AZ_NM_N,253,0.007457392467842471
AZ_NM_N,254,0.007051335012248119
AZ_NM_N,255,0.007103018106801208
AZ_NM_N,256,0.008290070393104537
AZ_NM_N,257,0.007864527781913506
AZ_NM_N,258,0.007403576630364266
AZ_NM_N,259,0.004013999043985572
AZ_NM_N,260,0.007515166040399352
AZ_NM_N,261,0.008582959916900184
AZ_NM_N,262,0.006164253541709193
AZ_NM_N,263,0.010261208402315543
AZ_NM_N,264,0.007312004671391153
AZ_NM_N,265,0.006673188641023365
AZ_NM_N,266,0.007324577381834629
AZ_NM_N,267,0.00734952102609657
AZ_NM_N,268,0.009981000965329147
AZ_NM_N,269,0.0067441012270775
AZ_NM_N,270,0.009738618239103151
AZ_NM_N,271,0.002684273265597807
AZ_NM_N,272,0.002671677948663416
AZ_NM_N,273,0.0034558025546796304
AZ_NM_N,274,0.00881574715067997
AZ_NM_N,275,0.007905981140722811
AZ_NM_N,276,0.007822429484521809
AZ_NM_N,277,0.00823361015645076
AZ_NM_N,278,0.007764973248077551
AZ_NM_N,279,0.005343544881377973
AZ_NM_N,280,0.007571000992500689
AZ_NM_N,281,0.006066144051326996
AZ_NM_N,282,0.007733700325789656
AZ_NM_N,283,0.008036069338007556
AZ_NM_N,284,0.0068669262632935334
AZ_NM_N,285,0.006344265402758443
AZ_NM_N,286,0.0037106810200114664
AZ_NM_N,287,0.0048562225096102345
AZ_NM_N,288,0.004714950712718125
AZ_NM_N,289,0.005777626093985673
AZ_NM_N,290,0.007408389400649722
AZ_NM_N,291,0.0070339662739925726
AZ_NM_N,292,0.003659287663050897
AZ_NM_N,293,0.0024475307881097396
AZ_NM_N,294,0.002984758621008044
AZ_NM_N,295,0.0020519573184823044
AZ_NM_N,296,0.0038559721060499445
AZ_NM_N,297,0.004206316372135721
AZ_NM_N,298,0.0071532566412619205
AZ_NM_N,299,0.005633468286977859
AZ_NM_N,300,0.00528263734081506
AZ_NM_N,301,0.005690127293679308
AZ_NM_N,302,0.007878004263107384
AZ_NM_N,303,0.011352425160389833
AZ_NM_N,304,0.007552485585910114
AZ_NM_N,305,0.04073489307906052
AZ_NM_N,306,0.01455974341243409
AZ_NM_N,307,0.026836314547160282
AZ_NM_N,308,0.03507783357123537
AZ_NM_N,309,0.05771224390418979
AZ_NM_N,310,0.018143816101975203
AZ_NM_N,311,0.028902000880192288
AZ_NM_N,312,0.035774206473386035
AZ_NM_N,313,0.02399850063432406
AZ_NM_N,314,0.03144414260922943
AZ_NM_N,315,0.02803651380191891
AZ_NM_N,316,0.037651646436966585
AZ_NM_N,317,0.02658354527594562
AZ_NM_N,318,0.05007505816874154
AZ_NM_N,319,0.0401904309831293
AZ_NM_N,320,0.04319820639547519
AZ_NM_N,321,0.04006092984222099
AZ_NM_N,322,0.03984422007908815
AZ_NM_N,323,0.021645495483338127
AZ_NM_N,324,0.034152934806493986
AZ_NM_N,325,0.06151811082790639
AZ_NM_N,326,0.03616683033017095
AZ_NM_N,327,0.02476137462549565
AZ_NM_N,328,0.04263080597562127
AZ_NM_N,329,0.04176418974068382
AZ_NM_N,330,0.042139151881325325
AZ_NM_N,331,0.033260960899354444
AZ_NM_N,332,0.030679145059698133
AZ_NM_N,333,0.03506984037173472
AZ_NM_N,334,0.03327896574634409
AZ_NM_N,335,0.02835127958258896
AZ_NM_N,336,0.038275210457080246
AZ_NM_N,337,0.0318663774857403
AZ_NM_N,338,0.027334861628219784
AZ_NM_N,339,0.04548545494046621
AZ_NM_N,340,0.040659147573173945
AZ_NM_N,341,0.020545905851951294
AZ_NM_N,342,0.030251194243109136
AZ_NM_N,343,0.042359492699956404
AZ_NM_N,344,0.027582240491703994
AZ_NM_N,345,0.03186350354022499
AZ_NM_N,346,0.02565444898144643
AZ_NM_N,347,0.04745358774746615
AZ_NM_N,348,0.02692176454024313
AZ_NM_N,349,0.022220983672953425
AZ_NM_N,350,0.033124299376648646
AZ_NM_N,351,0.03188873737272649
AZ_NM_N,352,0.025812901398180783
AZ_NM_N,353,0.03241720358565458
AZ_NM_N,354,0.05166430662209058
AZ_NM_N,355,0.018676554647196936
AZ_NM_N,356,0.018709326900052586
AZ_NM_N,357,0.02139721163831366
AZ_NM_N,358,0.01957298752237037
AZ_NM_N,359,0.020418848699147372
AZ_NM_N,360,0.020652356443368658
AZ_NM_N,361,0.03597156613746093
AZ_NM_N,362,0.029802389044993292
AZ_NM_N,363,0.017924531132316367
AZ_NM_N,364,0.032764879636846864
AZ_NM_N,365,0.022144020773043366
AZ_NW,1,0.008547959950717686
AZ_NW,2,0.009182168482796035
AZ_NW,3,0.009352149164413058
AZ_NW,4,0.019003064570630487
AZ_NW,5,0.00945851110591967
AZ_NW,6,0.009073500335338441
AZ_NW,7,0.00895130228071563
AZ_NW,8,0.028191861182036093
AZ_NW,9,0.009580583191471719
AZ_NW,10,0.02057193345010929
AZ_NW,11,0.01902081599845304
AZ_NW,12,0.0194406176006467
AZ_NW,13,0.017855385011027975
AZ_NW,14,0.01770443346182189
AZ_NW,15,0.01862433618301917
AZ_NW,16,0.020154236135580435
AZ_NW,17,0.030499538772918864
AZ_NW,18,0.05011639609277361
AZ_NW,19,0.019113148666589187
AZ_NW,20,0.026563939881580092
AZ_NW,21,0.03516919037271067
AZ_NW,22,0.030135805160109795
AZ_NW,23,0.009688376596379155
AZ_NW,24,0.0419566995566199
AZ_NW,25,0.05137637699468382
AZ_NW,26,0.04960629071552092
AZ_NW,27,0.04702610550774336
AZ_NW,28,0.04987783349424889
AZ_NW,29,0.019926747799516163
AZ_NW,30,0.030259475718615002
AZ_NW,31,0.031159695563668724
AZ_NW,32,0.07718061552109522
AZ_NW,33,0.07015718508669075
AZ_NW,34,0.017055263761825683
AZ_NW,35,0.24173475889783075
AZ_NW,36,0.43863789696322447
AZ_NW,37,0.0538535827110525
AZ_NW,38,0.11248900651561505
AZ_NW,39,0.15085974226337595
AZ_NW,40,0.07616539701182058
AZ_NW,41,0.1068589607320316
AZ_NW,42,0.14295502173845234
AZ_NW,43,0.8125685996313896
AZ_NW,44,0.15154392176883122
AZ_NW,45,0.07645971869361422
AZ_NW,46,0.037423733386568694
AZ_NW,47,0.05549046169573515
AZ_NW,48,0.04854292796061887
AZ_NW,49,0.05077662841879355
AZ_NW,50,0.03630635523366856
AZ_NW,51,0.03728184459287664
AZ_NW,52,0.01904550481764343
AZ_NW,53,0.07623499430651623
AZ_NW,54,0.03618401469651823
AZ_NW,55,0.03291856948008079
AZ_NW,56,0.05385562502713279
AZ_NW,57,0.03692986396206096
AZ_NW,58,0.017873543299064636
AZ_NW,59,0.017955862900000213
AZ_NW,60,0.05437901076179406
AZ_NW,61,0.09921990270499828
AZ_NW,62,0.15918563582053982
AZ_NW,63,0.09240700488870597
AZ_NW,64,0.017716331593747525
AZ_NW,65,0.07813082799305122
AZ_NW,66,0.03587054385654731
AZ_NW,67,0.07264460880707357
AZ_NW,68,0.032672556576949514
AZ_NW,69,0.053824550978748935
AZ_NW,70,0.0532873296503136
AZ_NW,71,0.07148237597989945
AZ_NW,72,0.018552258475684105
AZ_NW,73,0.036249690307129254
AZ_NW,74,0.05309976057795218
AZ_NW,75,0.01625128201263512
AZ_NW,76,0.05079617047696073
AZ_NW,77,0.03594481196315026
AZ_NW,78,0.11033977623956873
AZ_NW,79,0.05404475431921073
AZ_NW,80,0.036115432334695725
AZ_NW,81,0.07076697167581411
AZ_NW,82,0.032671596047093215
AZ_NW,83,0.06888207104448367
AZ_NW,84,0.08987793457263168
AZ_NW,85,0.07121522621607307
AZ_NW,86,0.018375785377022464
AZ_NW,87,0.05360001594372222
AZ_NW,88,0.034655187949893036
AZ_NW,89,0.06469158336015897
AZ_NW,90,0.0778862714329952
AZ_NW,91,0.030520052506549506
AZ_NW,92,0.01491032397395986
AZ_NW,93,0.0658388811258106
AZ_NW,94,0.03804311876051518
AZ_NW,95,0.043048031288957775
AZ_NW,96,6.982570782089947e-05
AZ_NW,97,0.036237578868395855
AZ_NW,98,0.02190872201564614
AZ_NW,99,0.0298947931453049
AZ_NW,100,0.02985348014845508
AZ_NW,101,0.030805690240856193
AZ_NW,102,0.03534724069525603
AZ_NW,103,0.006644625658492525
AZ_NW,104,0.006982587673691012
AZ_NW,105,0.007612268184054572
AZ_NW,106,0.00015518707300423904
AZ_NW,107,0.00015291878540759756
AZ_NW,108,0.00015846776379160987
AZ_NW,109,0.007515575892344192
AZ_NW,110,0.00011905052190013427
AZ_NW,111,0.00018163027428047537
AZ_NW,112,0.00014988876667225247
AZ_NW,113,0.00019664930930526767
AZ_NW,114,0.00020991316599202099
AZ_NW,115,0.015323844431196155
AZ_NW,116,0.029643944870381973
AZ_NW,117,0.013010435334062653
AZ_NW,118,0.01466328733951828
AZ_NW,119,0.022022746311048037
AZ_NW,120,0.007419401141071879
AZ_NW,121,0.03420486673239856
AZ_NW,122,0.017642963682005526
AZ_NW,123,0.058300620778454326
AZ_NW,124,0.02275084242127916
AZ_NW,125,0.015607719778235402
AZ_NW,126,0.023741879988182595
AZ_NW,127,0.00813656547646967
AZ_NW,128,0.024959608448196755
AZ_NW,129,0.026211017982004984
AZ_NW,130,0.008555783629146057
AZ_NW,131,0.015243038829234369
AZ_NW,132,0.0075616621761570805
AZ_NW,133,0.008473033451314288
AZ_NW,134,0.016973930331631353
AZ_NW,135,0.0248517287690212
AZ_NW,136,0.02607734283592395
AZ_NW,137,0.025086530597677334
AZ_NW,138,0.023196016815313546
AZ_NW,139,0.023820670956479422
AZ_NW,140,0.016920138367707463
AZ_NW,141,0.033081212644723024
AZ_NW,142,0.033993938111292574
AZ_NW,143,0.06051437336570756
AZ_NW,144,0.016330585337812075
AZ_NW,145,0.02973618399102492
AZ_NW,146,0.014582640829309037
AZ_NW,147,0.015182833855423366
AZ_NW,148,0.025208273309468156
AZ_NW,149,0.032928934998066074
AZ_NW,150,0.016778350593010714
AZ_NW,151,0.00802071659256108
AZ_NW,152,0.015209166478167621
AZ_NW,153,0.007508842323731173
AZ_NW,154,0.007823971408506901
AZ_NW,155,0.007783690891072299
AZ_NW,156,0.02393644969858734
AZ_NW,157,0.02474691870541085
AZ_NW,158,0.015882176475708117
AZ_NW,159,0.007287597030799755
AZ_NW,160,0.023517630376438
AZ_NW,161,0.007955009793793138
AZ_NW,162,0.008013108381593305
AZ_NW,163,0.04052991863606851
AZ_NW,164,0.008270034341706277
AZ_NW,165,0.008006626041555
AZ_NW,166,0.0072491922639424085
AZ_NW,167,0.006950564298871123
AZ_NW,168,0.023956285204780596
AZ_NW,169,0.016020668042138326
AZ_NW,170,0.02241944092310246
AZ_NW,171,0.016113456343441038
AZ_NW,172,0.04888603790831866
AZ_NW,173,0.014068559614188975
AZ_NW,174,0.007477714277712902
AZ_NW,175,0.007863940246429875
AZ_NW,176,0.03129175957452873
AZ_NW,177,0.03362461778486668
AZ_NW,178,0.025099373641340114
AZ_NW,179,0.023851412375281992
AZ_NW,180,0.014694432375683188
AZ_NW,181,0.0071757217611061515
AZ_NW,182,0.00598594425358952
AZ_NW,183,0.011586124049327103
AZ_NW,184,0.01722803794599626
AZ_NW,185,0.020562060059408027
AZ_NW,186,0.005136727866521505
AZ_NW,187,0.005150273727195136
AZ_NW,188,0.015998787440085805
AZ_NW,189,0.005893015627098259
AZ_NW,190,0.023012584226776454
AZ_NW,191,0.01708114346167685
AZ_NW,192,0.006015485116205675
AZ_NW,193,0.005794068661034811
AZ_NW,194,0.015305011550096838
AZ_NW,195,0.005464532534069328
AZ_NW,196,0.02348139678616594
AZ_NW,197,0.08225014922341829
AZ_NW,198,0.07853696884340645
AZ_NW,199,0.04193735871214207
AZ_NW,200,0.01718141662818892
AZ_NW,201,0.0052689042587077675
AZ_NW,202,0.02632964732647065
AZ_NW,203,0.011627353692744202
AZ_NW,204,0.011978438294580881
AZ_NW,205,0.01785665078724125
AZ_NW,206,0.00586519960354696
AZ_NW,207,0.01786968899650675
AZ_NW,208,0.005280820145911939
AZ_NW,209,0.015678789391228767
AZ_NW,210,0.016363062535231645
AZ_NW,211,0.011809811844167215
AZ_NW,212,0.012078622742978225
AZ_NW,213,4.37722833449588e-05
AZ_NW,214,0.019193904400493258
AZ_NW,215,0.008780972934183163
AZ_NW,216,0.017941927691683304
AZ_NW,217,0.009765920727942672
AZ_NW,218,0.009951320499897928
AZ_NW,219,0.040555516374727346
AZ_NW,220,0.03913820019893377
AZ_NW,221,0.019685577822508023
AZ_NW,222,0.009021403763980309
AZ_NW,223,0.026750524271457247
AZ_NW,224,0.0195768230585728
AZ_NW,225,0.020400775944801136
AZ_NW,226,0.04043404804364965
AZ_NW,227,0.029500385994806123
AZ_NW,228,0.04676408941766833
AZ_NW,229,0.026749761085230805
AZ_NW,230,0.018104699283232467
AZ_NW,231,0.019421790810712384
AZ_NW,232,0.0291449667481689
AZ_NW,233,0.030093734358252796
AZ_NW,234,0.010326945597177516
AZ_NW,235,0.039528378666731714
AZ_NW,236,0.026120966170728527
AZ_NW,237,0.027051818194741225
AZ_NW,238,0.01965688764530463
AZ_NW,239,0.030202875334362892
AZ_NW,240,0.031674042083060135
AZ_NW,241,0.029752729570900038
AZ_NW,242,0.02793611119187217
AZ_NW,243,0.008646359289597833
AZ_NW,244,0.015971952363224254
AZ_NW,245,0.04918345213315554
AZ_NW,246,0.03653517290755507
AZ_NW,247,0.03587734624712671
AZ_NW,248,0.12558797511906472
AZ_NW,249,0.034305703945102024
AZ_NW,250,0.016457568582540327
AZ_NW,251,0.04932029886726895
AZ_NW,252,0.01739152842152614
AZ_NW,253,0.05325105947899101
AZ_NW,254,0.05570562728934645
AZ_NW,255,0.07059997273570798
AZ_NW,256,0.03474712073909484
AZ_NW,257,0.016800727451248876
AZ_NW,258,0.050264682602785465
AZ_NW,259,0.03577398507572622
AZ_NW,260,0.036611517304557084
AZ_NW,261,0.036734828638702456
AZ_NW,262,0.05416162008388413
AZ_NW,263,0.034915520419462595
AZ_NW,264,0.06561447988217639
AZ_NW,265,0.06602262137737512
AZ_NW,266,0.07055327262817536
AZ_NW,267,0.055645326942862915
AZ_NW,268,0.038117048074160186
AZ_NW,269,0.055180168353192574
AZ_NW,270,0.052991617084914996
AZ_NW,271,0.01590843946685038
AZ_NW,272,0.0674608527688108
AZ_NW,273,0.052493743692808216
AZ_NW,274,0.038350473594068325
AZ_NW,275,0.03958852682371027
AZ_NW,276,0.07841657188404516
AZ_NW,277,0.055728990994128244
AZ_NW,278,0.018010492467521372
AZ_NW,279,0.037438605472055866
AZ_NW,280,0.037649635619211766
AZ_NW,281,0.05811558624106514
AZ_NW,282,0.038518141661248805
AZ_NW,283,0.039766236439192665
AZ_NW,284,0.07522628541884212
AZ_NW,285,0.05261235676932713
AZ_NW,286,0.03709269232077344
AZ_NW,287,0.0707545352876386
AZ_NW,288,0.019394136146262987
AZ_NW,289,0.058603945837491705
AZ_NW,290,0.05640110966065551
AZ_NW,291,0.05560856277235663
AZ_NW,292,0.07130965091088419
AZ_NW,293,0.07246935961568575
AZ_NW,294,0.05743270445299961
AZ_NW,295,0.058220864743641944
AZ_NW,296,0.07856620176003115
AZ_NW,297,0.06026899053636863
AZ_NW,298,0.09741507803554587
AZ_NW,299,0.035881377511855016
AZ_NW,300,0.07715600012415506
AZ_NW,301,0.09677805938950666
AZ_NW,302,0.02022503700530521
AZ_NW,303,0.08150512956175789
AZ_NW,304,0.07996610678926731
AZ_NW,305,0.04986880108044775
AZ_NW,306,0.012060327617023903
AZ_NW,307,0.024921697700937304
AZ_NW,308,0.040806943817446976
AZ_NW,309,0.05559360414410035
AZ_NW,310,0.0141830028356032
AZ_NW,311,0.09574968489117462
AZ_NW,312,0.041402857806875165
AZ_NW,313,8.929405742717511e-06
AZ_NW,314,0.0512190606648096
AZ_NW,315,0.024685924647056313
AZ_NW,316,0.04164287612506666
AZ_NW,317,0.04046894487578788
AZ_NW,318,0.05309456384996689
AZ_NW,319,0.05119133478435643
AZ_NW,320,0.025489855955853416
AZ_NW,321,0.04892300958966141
AZ_NW,322,0.06367167358847241
AZ_NW,323,0.026485417104415775
AZ_NW,324,0.027386639869702994
AZ_NW,325,0.054468053307695295
AZ_NW,326,0.03891175889140666
AZ_NW,327,0.048407092055764066
AZ_NW,328,0.2235636339071392
AZ_NW,329,0.06500563961414366
AZ_NW,330,0.05504943195283783
AZ_NW,331,0.012873630908790143
AZ_NW,332,0.022923358883544857
AZ_NW,333,0.024214378318717228
AZ_NW,334,0.05032323368832672
AZ_NW,335,0.023899273192678004
AZ_NW,336,0.009267883748096041
AZ_NW,337,0.0047419220482161125
AZ_NW,338,0.009744643611767025
AZ_NW,339,0.014130597019255597
AZ_NW,340,0.013680390632311398
AZ_NW,341,0.004394546658625223
AZ_NW,342,0.00872983993891905
AZ_NW,343,0.013910004184313903
AZ_NW,344,0.004766107837130599
AZ_NW,345,0.004768120836644481
AZ_NW,346,0.00953038623213486
AZ_NW,347,0.009151805257538611
AZ_NW,348,0.00447020682283574
AZ_NW,349,0.016993013055051256
AZ_NW,350,0.009393585674878023
AZ_NW,351,5.697409639614447e-05
AZ_NW,352,0.004681955313781578
AZ_NW,353,0.00464371533850921
AZ_NW,354,0.0046183360431492695
AZ_NW,355,0.004289814705951662
AZ_NW,356,0.004295450174036041
AZ_NW,357,2.5688290514787698e-05
AZ_NW,358,1.2465443260207007e-05
AZ_NW,359,7.081574369501228e-08
AZ_NW,360,0.004414936967346257
AZ_NW,361,6.992605855399558e-05
AZ_NW,362,0.00435965964155397
AZ_NW,363,0.008553259267234251
AZ_NW,364,0.008768101024540877
AZ_NW,365,0.004353770925271718
AZ_PHX,1,38813.18226122808
AZ_PHX,2,41058.14292826582
AZ_PHX,3,45647.61884417164
AZ_PHX,4,43827.82739736708
AZ_PHX,5,42790.11903699587
AZ_PHX,6,38503.22180247916
AZ_PHX,7,40709.11648386588
AZ_PHX,8,43965.33026775654
AZ_PHX,9,40792.807442679754
AZ_PHX,10,43085.542508727216
AZ_PHX,11,43091.22440325286
AZ_PHX,12,42174.77523924277
AZ_PHX,13,32351.919531801424
AZ_PHX,14,34652.581639184005
AZ_PHX,15,39236.80163521666
AZ_PHX,16,40745.11317964272
AZ_PHX,17,42220.569704437155
AZ_PHX,18,46210.51406926241
AZ_PHX,19,44356.62410785764
AZ_PHX,20,33958.62277335064
AZ_PHX,21,39414.05705319837
AZ_PHX,22,44256.35581571267
AZ_PHX,23,40276.21026033959
AZ_PHX,24,45470.78105032521
AZ_PHX,25,49151.536566993535
AZ_PHX,26,47468.0296963517
AZ_PHX,27,35820.91860485084
AZ_PHX,28,45562.93963613997
AZ_PHX,29,45862.41201070182
AZ_PHX,30,42310.59139702382
AZ_PHX,31,45857.088143044166
AZ_PHX,32,48643.62088960667
AZ_PHX,33,43231.27077903037
AZ_PHX,34,34437.286132351204
AZ_PHX,35,41583.48258379204
AZ_PHX,36,47394.06084801548
AZ_PHX,37,40374.903920811106
AZ_PHX,38,43403.76918669443
AZ_PHX,39,47781.72916520978
AZ_PHX,40,48728.30761925506
AZ_PHX,41,35828.75198788909
AZ_PHX,42,43711.570703552876
AZ_PHX,43,53670.75786357992
AZ_PHX,44,41975.70874640699
AZ_PHX,45,43799.61129172425
AZ_PHX,46,49599.9716356834
AZ_PHX,47,47909.74220320186
AZ_PHX,48,38341.6472510941
AZ_PHX,49,42241.72566375474
AZ_PHX,50,47483.46323224674
AZ_PHX,51,46393.87038568473
AZ_PHX,52,48818.22574180606
AZ_PHX,53,50337.13197550084
AZ_PHX,54,46570.858872623605
AZ_PHX,55,38167.37039823267
AZ_PHX,56,46573.40896685699
AZ_PHX,57,46916.78354498427
AZ_PHX,58,44273.529783870625
AZ_PHX,59,44751.991042481735
AZ_PHX,60,47682.96789861655
AZ_PHX,61,40493.21261972031
AZ_PHX,62,46084.23838458476
AZ_PHX,63,47473.07436836355
AZ_PHX,64,43961.004313088735
AZ_PHX,65,50023.48789401791
AZ_PHX,66,48814.46874455036
AZ_PHX,67,51324.83588319213
AZ_PHX,68,42627.285989677795
AZ_PHX,69,49036.50309618227
AZ_PHX,70,48725.976766501706
AZ_PHX,71,46473.718718305965
AZ_PHX,72,49372.70396038545
AZ_PHX,73,48727.69624902712
AZ_PHX,74,47988.50674985225
AZ_PHX,75,43408.365413144886
AZ_PHX,76,46871.66482531091
AZ_PHX,77,50466.27409036836
AZ_PHX,78,47813.786364906075
AZ_PHX,79,50408.780913024726
AZ_PHX,80,48806.99281130026
AZ_PHX,81,49372.09952438093
AZ_PHX,82,43619.05198321385
AZ_PHX,83,46131.095949202805
AZ_PHX,84,50587.97906919481
AZ_PHX,85,46865.764140578576
AZ_PHX,86,48853.290721644626
AZ_PHX,87,48901.60233165148
AZ_PHX,88,46698.62725805043
AZ_PHX,89,43058.079757978645
AZ_PHX,90,40938.522466949085
AZ_PHX,91,49900.76962637573
AZ_PHX,92,47949.79594832405
AZ_PHX,93,46566.32291214837
AZ_PHX,94,45308.30692824451
AZ_PHX,95,48558.75970124048
AZ_PHX,96,45225.68818573251
AZ_PHX,97,50507.487008939985
AZ_PHX,98,48866.95105381003
AZ_PHX,99,51335.32993093804
AZ_PHX,100,47085.25202855267
AZ_PHX,101,51204.688765119135
AZ_PHX,102,46650.98795768576
AZ_PHX,103,37772.93998553752
AZ_PHX,104,45097.04786919675
AZ_PHX,105,49340.390283203546
AZ_PHX,106,45008.229878318656
AZ_PHX,107,46872.66414921042
AZ_PHX,108,51550.39046647004
AZ_PHX,109,48994.02686206869
AZ_PHX,110,36389.595610627184
AZ_PHX,111,45355.008278297624
AZ_PHX,112,47042.71068597651
AZ_PHX,113,45222.12283261456
AZ_PHX,114,47044.06643933748
AZ_PHX,115,49814.989201729986
AZ_PHX,116,48468.31975389809
AZ_PHX,117,36695.81137152081
AZ_PHX,118,46525.39713907263
AZ_PHX,119,47866.87279593088
AZ_PHX,120,42623.90745544637
AZ_PHX,121,47649.6813194249
AZ_PHX,122,50206.916647054204
AZ_PHX,123,46784.4441374296
AZ_PHX,124,37469.44411919081
AZ_PHX,125,42114.09557619881
AZ_PHX,126,43932.948994410246
AZ_PHX,127,43582.1180664847
AZ_PHX,128,45830.56880347181
AZ_PHX,129,49814.233324780376
AZ_PHX,130,47907.442993148004
AZ_PHX,131,37346.02243888227
AZ_PHX,132,39556.07803154706
AZ_PHX,133,45832.73221670531
AZ_PHX,134,45010.16741251685
AZ_PHX,135,44705.5054745754
AZ_PHX,136,47953.87661924
AZ_PHX,137,46353.058072448104
AZ_PHX,138,37299.748618355814
AZ_PHX,139,41979.63059534308
AZ_PHX,140,45398.50131108871
AZ_PHX,141,44399.97814212886
AZ_PHX,142,45832.694448792565
AZ_PHX,143,49993.57628246724
AZ_PHX,144,45144.54035570547
AZ_PHX,145,32279.62199295614
AZ_PHX,146,34879.28355821128
AZ_PHX,147,39255.903478657376
AZ_PHX,148,42716.33477718236
AZ_PHX,149,42239.06401429695
AZ_PHX,150,44272.88185586723
AZ_PHX,151,43103.798109850686
AZ_PHX,152,35310.21120165727
AZ_PHX,153,38910.28528951559
AZ_PHX,154,42333.422170514335
AZ_PHX,155,40424.117684265264
AZ_PHX,156,41681.251400569796
AZ_PHX,157,44495.916952484455
AZ_PHX,158,42159.009188686025
AZ_PHX,159,34101.88607989401
AZ_PHX,160,38343.54447910211
AZ_PHX,161,41202.453924114045
AZ_PHX,162,40294.453618708874
AZ_PHX,163,41374.73105171141
AZ_PHX,164,43497.740357400886
AZ_PHX,165,42329.61726047701
AZ_PHX,166,34275.65190907898
AZ_PHX,167,34492.26268739878
AZ_PHX,168,41981.49723617202
AZ_PHX,169,41463.514969874195
AZ_PHX,170,38391.24366839278
AZ_PHX,171,42371.990758102926
AZ_PHX,172,42849.703403291634
AZ_PHX,173,32803.445320274586
AZ_PHX,174,36615.901503670706
AZ_PHX,175,41120.53323612384
AZ_PHX,176,39644.489028546355
AZ_PHX,177,43976.09049179628
AZ_PHX,178,44409.9656858951
AZ_PHX,179,42069.7788639168
AZ_PHX,180,34579.29852381478
AZ_PHX,181,34926.89782500641
AZ_PHX,182,41639.50131676615
AZ_PHX,183,39559.181821014536
AZ_PHX,184,40512.09653642986
AZ_PHX,185,26865.858580269818
AZ_PHX,186,33063.15088306912
AZ_PHX,187,32631.858618354017
AZ_PHX,188,36660.11917617563
AZ_PHX,189,41596.57445676064
AZ_PHX,190,40166.53924738108
AZ_PHX,191,40555.51533887137
AZ_PHX,192,43155.40457912471
AZ_PHX,193,40598.7699144726
AZ_PHX,194,33367.80028552532
AZ_PHX,195,34013.11875985794
AZ_PHX,196,43110.4427834588
AZ_PHX,197,40424.344796555786
AZ_PHX,198,42375.87176813976
AZ_PHX,199,41289.35754643463
AZ_PHX,200,38562.758262933705
AZ_PHX,201,33626.940492916205
AZ_PHX,202,35056.79584308843
AZ_PHX,203,40168.422082972415
AZ_PHX,204,40813.1006792851
AZ_PHX,205,41248.045715454995
AZ_PHX,206,43371.67124051874
AZ_PHX,207,41854.18854008518
AZ_PHX,208,34015.67588165293
AZ_PHX,209,34537.543975385
AZ_PHX,210,38605.86167687446
AZ_PHX,211,41248.01121135405
AZ_PHX,212,41291.32075127449
AZ_PHX,213,44322.55088133227
AZ_PHX,214,40162.98029676117
AZ_PHX,215,32495.853082510355
AZ_PHX,216,33927.57375720142
AZ_PHX,217,41209.14919786589
AZ_PHX,218,36436.73086744741
AZ_PHX,219,41678.92648508872
AZ_PHX,220,42806.972803169534
AZ_PHX,221,42893.657323093816
AZ_PHX,222,30678.211889332568
AZ_PHX,223,36702.12433045526
AZ_PHX,224,41681.69803539782
AZ_PHX,225,37739.26738516157
AZ_PHX,226,39816.29630006472
AZ_PHX,227,43935.9352418452
AZ_PHX,228,41163.51677665496
AZ_PHX,229,30808.331957962157
AZ_PHX,230,37481.29875656422
AZ_PHX,231,42074.14405302725
AZ_PHX,232,36610.081643973965
AZ_PHX,233,40380.00122169379
AZ_PHX,234,46268.14282147242
AZ_PHX,235,44669.04567437807
AZ_PHX,236,30288.433667713613
AZ_PHX,237,37309.53606852847
AZ_PHX,238,40466.67429678708
AZ_PHX,239,36303.88539635506
AZ_PHX,240,39250.775795208574
AZ_PHX,241,43625.151662563956
AZ_PHX,242,41121.165518374335
AZ_PHX,243,29246.72691795505
AZ_PHX,244,29805.588346318447
AZ_PHX,245,38342.98568344084
AZ_PHX,246,36814.007958634094
AZ_PHX,247,36730.00962579922
AZ_PHX,248,44266.68526711759
AZ_PHX,249,42536.509252444215
AZ_PHX,250,31226.248189007256
AZ_PHX,251,38598.0434896614
AZ_PHX,252,42068.441172763865
AZ_PHX,253,37121.1099373754
AZ_PHX,254,39153.101013293
AZ_PHX,255,45005.653467324184
AZ_PHX,256,43399.62246764659
AZ_PHX,257,32791.295471043624
AZ_PHX,258,39159.42098793178
AZ_PHX,259,43230.874712139375
AZ_PHX,260,38243.662573277674
AZ_PHX,261,38154.63064741399
AZ_PHX,262,45094.87278241401
AZ_PHX,263,44314.62174792612
AZ_PHX,264,31664.68828582006
AZ_PHX,265,39248.79615315973
AZ_PHX,266,43364.15919201599
AZ_PHX,267,38331.398620425796
AZ_PHX,268,40754.64115312851
AZ_PHX,269,45565.94496596292
AZ_PHX,270,44699.69650047171
AZ_PHX,271,30801.67705407446
AZ_PHX,272,40332.65230874841
AZ_PHX,273,43143.42686888895
AZ_PHX,274,38681.736813417534
AZ_PHX,275,40973.03456940582
AZ_PHX,276,48253.395939501395
AZ_PHX,277,46434.70995822838
AZ_PHX,278,35343.828992345334
AZ_PHX,279,44185.00576092751
AZ_PHX,280,47307.24336615243
AZ_PHX,281,45440.995143550186
AZ_PHX,282,45309.145444980575
AZ_PHX,283,49684.48088182923
AZ_PHX,284,48255.52753332102
AZ_PHX,285,38731.49047423296
AZ_PHX,286,44446.97187316578
AZ_PHX,287,44840.89320867002
AZ_PHX,288,44965.32810273879
AZ_PHX,289,46004.274516982296
AZ_PHX,290,49083.1907555722
AZ_PHX,291,46783.83498831941
AZ_PHX,292,38986.772471382435
AZ_PHX,293,44794.36517903511
AZ_PHX,294,47910.17157702424
AZ_PHX,295,46392.89941648098
AZ_PHX,296,47431.058191337426
AZ_PHX,297,52326.8580908206
AZ_PHX,298,48990.46235128554
AZ_PHX,299,36733.194941998765
AZ_PHX,300,47478.44806947866
AZ_PHX,301,48601.26261507296
AZ_PHX,302,44314.51501411402
AZ_PHX,303,44916.62063229568
AZ_PHX,304,42059.86865809704
AZ_PHX,305,45131.81081851424
AZ_PHX,306,33782.97379308251
AZ_PHX,307,44312.54151830261
AZ_PHX,308,43706.86876757637
AZ_PHX,309,39021.063227209364
AZ_PHX,310,46465.7166423886
AZ_PHX,311,53359.16523986453
AZ_PHX,312,49195.65910330772
AZ_PHX,313,35865.27714739674
AZ_PHX,314,50463.82065952568
AZ_PHX,315,48734.35004390515
AZ_PHX,316,45514.723257533326
AZ_PHX,317,45950.72935096497
AZ_PHX,318,52404.03680294067
AZ_PHX,319,50071.32541988641
AZ_PHX,320,36644.721189774784
AZ_PHX,321,46386.146286510826
AZ_PHX,322,49547.31402525327
AZ_PHX,323,44218.408515650306
AZ_PHX,324,45992.197942966384
AZ_PHX,325,53010.53119009825
AZ_PHX,326,52487.36814560254
AZ_PHX,327,45566.364074407415
AZ_PHX,328,48334.84712837801
AZ_PHX,329,50155.74310926252
AZ_PHX,330,55560.661956326854
AZ_PHX,331,51757.3954779264
AZ_PHX,332,24519.65722238796
AZ_PHX,333,38641.629165122074
AZ_PHX,334,46345.985106641
AZ_PHX,335,52152.10870383808
AZ_PHX,336,53629.26654244931
AZ_PHX,337,47301.171765191335
AZ_PHX,338,45005.367402555494
AZ_PHX,339,48857.91674861327
AZ_PHX,340,48256.61092642872
AZ_PHX,341,35472.01755565834
AZ_PHX,342,46266.22440626617
AZ_PHX,343,46485.775428583765
AZ_PHX,344,42406.409651863694
AZ_PHX,345,44570.61344084716
AZ_PHX,346,49945.051632046605
AZ_PHX,347,48905.05820577034
AZ_PHX,348,36040.2735997189
AZ_PHX,349,45358.225566525114
AZ_PHX,350,46650.385193206115
AZ_PHX,351,43619.744706158446
AZ_PHX,352,45000.90619735887
AZ_PHX,353,52329.67414065987
AZ_PHX,354,52414.41058298036
AZ_PHX,355,45618.7524377595
AZ_PHX,356,46181.314286397996
AZ_PHX,357,48041.05188386033
AZ_PHX,358,32536.88471215553
AZ_PHX,359,27727.309413786475
AZ_PHX,360,46482.51570809096
AZ_PHX,361,52545.33314479212
AZ_PHX,362,46308.64666427275
AZ_PHX,363,45529.51284379254
AZ_PHX,364,49296.983056878926
AZ_PHX,365,37558.96725365602
AZ_SE,1,26.84281443867784
AZ_SE,2,35.98878564827572
AZ_SE,3,41.422796756345
AZ_SE,4,40.578708816449314
AZ_SE,5,37.93954915866156
AZ_SE,6,33.36228708730654
AZ_SE,7,38.22879185464092
AZ_SE,8,33.108743856096055
AZ_SE,9,41.23131602810326
AZ_SE,10,45.9382949862993
AZ_SE,11,40.26045215301336
AZ_SE,12,46.396927391867266
AZ_SE,13,29.202432095941546
AZ_SE,14,25.999346525077186
AZ_SE,15,36.68906878418447
AZ_SE,16,45.56847621905841
AZ_SE,17,43.93610492969436
AZ_SE,18,42.01148424888245
AZ_SE,19,31.960741163483288
AZ_SE,20,26.378007063037213
AZ_SE,21,32.81539460241195
AZ_SE,22,45.51951794014622
AZ_SE,23,37.64712303848834
AZ_SE,24,44.831802219866155
AZ_SE,25,48.66649821883952
AZ_SE,26,41.59257041628076
AZ_SE,27,28.035773086312904
AZ_SE,28,39.36865657350327
AZ_SE,29,43.362813898990154
AZ_SE,30,40.613674202232815
AZ_SE,31,48.673447261699486
AZ_SE,32,36.36819242708167
AZ_SE,33,30.199531283096157
AZ_SE,34,24.552829223350138
AZ_SE,35,30.592068602325206
AZ_SE,36,28.471751377609852
AZ_SE,37,25.598618479729744
AZ_SE,38,31.048151944403955
AZ_SE,39,31.23242106653562
AZ_SE,40,38.38255240855193
AZ_SE,41,20.14398284192951
AZ_SE,42,26.671104464820672
AZ_SE,43,36.89912644838454
AZ_SE,44,28.581294909209912
AZ_SE,45,25.379202192539974
AZ_SE,46,33.72810128245494
AZ_SE,47,33.34983561721866
AZ_SE,48,21.49765978015938
AZ_SE,49,22.761369549020372
AZ_SE,50,26.17147681513282
AZ_SE,51,32.0597714295958
AZ_SE,52,35.22163454090174
AZ_SE,53,33.44081841324394
AZ_SE,54,28.460339850452563
AZ_SE,55,22.39952617815475
AZ_SE,56,25.89738453333892
AZ_SE,57,29.31944601050447
AZ_SE,58,28.3507629707596
AZ_SE,59,26.719604971879743
AZ_SE,60,43.396625419310745
AZ_SE,61,37.3006363552559
AZ_SE,62,38.143005879085436
AZ_SE,63,36.51004306097895
AZ_SE,64,37.44977785478388
AZ_SE,65,43.65578783276655
AZ_SE,66,38.96844686824446
AZ_SE,67,42.764832714026234
AZ_SE,68,27.3594507097701
AZ_SE,69,33.66235793772674
AZ_SE,70,40.74749754656171
AZ_SE,71,38.87973503810877
AZ_SE,72,44.27848921855117
AZ_SE,73,39.04502915874521
AZ_SE,74,41.29800436688328
AZ_SE,75,26.563076737445883
AZ_SE,76,31.09245867787162
AZ_SE,77,34.39952281159223
AZ_SE,78,42.56969117146003
AZ_SE,79,48.52110981811599
AZ_SE,80,46.443773335494754
AZ_SE,81,44.83193682743632
AZ_SE,82,32.5987433314903
AZ_SE,83,34.71951237875699
AZ_SE,84,42.68470668478056
AZ_SE,85,36.965831244499064
AZ_SE,86,43.511082667417845
AZ_SE,87,38.51455997718829
AZ_SE,88,30.747034434966622
AZ_SE,89,30.014568929753594
AZ_SE,90,25.49771872924452
AZ_SE,91,36.36673821979506
AZ_SE,92,36.68586443824018
AZ_SE,93,32.96432734707325
AZ_SE,94,33.91345180992412
AZ_SE,95,34.57824649530189
AZ_SE,96,29.870402205241874
AZ_SE,97,36.52734521774198
AZ_SE,98,29.84370151179644
AZ_SE,99,32.302498003394845
AZ_SE,100,34.25202999336642
AZ_SE,101,32.87683246126682
AZ_SE,102,35.029306348563864
AZ_SE,103,26.717496720502012
AZ_SE,104,28.460749057331732
AZ_SE,105,33.24450714155515
AZ_SE,106,30.57783833872076
AZ_SE,107,30.130898205060898
AZ_SE,108,33.999750778818466
AZ_SE,109,32.8222299000614
AZ_SE,110,22.926151292763038
AZ_SE,111,30.595926927727735
AZ_SE,112,33.47171650947055
AZ_SE,113,33.429600333607894
AZ_SE,114,32.11314661397016
AZ_SE,115,35.46614641688795
AZ_SE,116,38.32190108602808
AZ_SE,117,20.131083973975898
AZ_SE,118,30.59660816986977
AZ_SE,119,32.909880059285264
AZ_SE,120,30.749038653902893
AZ_SE,121,33.29440328237521
AZ_SE,122,33.632590704143965
AZ_SE,123,31.53413689845732
AZ_SE,124,26.719064705697654
AZ_SE,125,20.33451218634938
AZ_SE,126,22.07400061556279
AZ_SE,127,26.160799946176187
AZ_SE,128,31.790939502309644
AZ_SE,129,36.15399161419391
AZ_SE,130,35.63619005038181
AZ_SE,131,20.105783313542677
AZ_SE,132,20.835356557194437
AZ_SE,133,29.6539353084205
AZ_SE,134,28.592145680390868
AZ_SE,135,29.79442646273206
AZ_SE,136,32.527873453513436
AZ_SE,137,29.462119418666134
AZ_SE,138,23.010745679972274
AZ_SE,139,24.751734698975305
AZ_SE,140,30.393808939776722
AZ_SE,141,31.896873249128355
AZ_SE,142,29.65531071287189
AZ_SE,143,30.160666519235466
AZ_SE,144,24.246151650015598
AZ_SE,145,14.745396350730807
AZ_SE,146,16.02009071137815
AZ_SE,147,17.53274397187347
AZ_SE,148,24.96091253506953
AZ_SE,149,25.393028345946572
AZ_SE,150,28.95690314150171
AZ_SE,151,27.637796025240185
AZ_SE,152,18.57993335640779
AZ_SE,153,16.42519850582697
AZ_SE,154,17.790632543516757
AZ_SE,155,19.781869604238683
AZ_SE,156,19.7312308186167
AZ_SE,157,22.681705808197396
AZ_SE,158,18.799141590379907
AZ_SE,159,13.174764105240845
AZ_SE,160,19.625323826971186
AZ_SE,161,21.706314923529426
AZ_SE,162,19.395164874837864
AZ_SE,163,22.790328502822852
AZ_SE,164,23.87211805368395
AZ_SE,165,21.604410793287506
AZ_SE,166,12.80049929910814
AZ_SE,167,12.934964390822769
AZ_SE,168,22.9169464854045
AZ_SE,169,20.72948476248995
AZ_SE,170,15.27589123006409
AZ_SE,171,22.566566895536077
AZ_SE,172,21.649010467819572
AZ_SE,173,11.159583619182927
AZ_SE,174,13.348219709714037
AZ_SE,175,16.92783565726919
AZ_SE,176,19.113647468027775
AZ_SE,177,22.32406512107833
AZ_SE,178,21.936437059907753
AZ_SE,179,21.330523670631916
AZ_SE,180,12.578933245613054
AZ_SE,181,11.772386068381085
AZ_SE,182,18.147958402203574
AZ_SE,183,17.75339083710194
AZ_SE,184,18.49133838731669
AZ_SE,185,10.031116918230454
AZ_SE,186,11.541325587337493
AZ_SE,187,9.36138406799571
AZ_SE,188,12.474867122712837
AZ_SE,189,17.729294849651104
AZ_SE,190,17.25637431238061
AZ_SE,191,18.4228580316266
AZ_SE,192,19.438343931329502
AZ_SE,193,18.530883869635176
AZ_SE,194,10.33433586126784
AZ_SE,195,15.24520644147637
AZ_SE,196,21.03803817604662
AZ_SE,197,19.487349862320862
AZ_SE,198,18.618069188576108
AZ_SE,199,21.47278480097593
AZ_SE,200,17.151107135810246
AZ_SE,201,11.288868911811498
AZ_SE,202,11.904259456154783
AZ_SE,203,15.3897657662137
AZ_SE,204,20.935573284068628
AZ_SE,205,19.458161552739792
AZ_SE,206,19.907853171121044
AZ_SE,207,20.185809480787924
AZ_SE,208,12.692706989686327
AZ_SE,209,10.993901993409906
AZ_SE,210,17.408938079186115
AZ_SE,211,19.49893561254369
AZ_SE,212,19.542335093340846
AZ_SE,213,22.67059251420876
AZ_SE,214,20.795084195012745
AZ_SE,215,15.319507405643984
AZ_SE,216,14.086000094945177
AZ_SE,217,14.987591386581029
AZ_SE,218,19.06939855615366
AZ_SE,219,22.006615688306137
AZ_SE,220,20.99358350626399
AZ_SE,221,21.06871039191609
AZ_SE,222,12.332988407127475
AZ_SE,223,13.810211008955484
AZ_SE,224,19.285371549666053
AZ_SE,225,16.99784645716872
AZ_SE,226,20.666069572479973
AZ_SE,227,19.09937643698057
AZ_SE,228,17.263822554524047
AZ_SE,229,12.239588371278185
AZ_SE,230,14.890637154764878
AZ_SE,231,16.95272565752965
AZ_SE,232,19.128405873669802
AZ_SE,233,20.500733579388676
AZ_SE,234,27.6815450304198
AZ_SE,235,22.944043388106053
AZ_SE,236,11.96267448813211
AZ_SE,237,13.2720127282108
AZ_SE,238,20.562014917139503
AZ_SE,239,21.829879232225842
AZ_SE,240,22.60946027118662
AZ_SE,241,26.496112897769045
AZ_SE,242,16.238891800796573
AZ_SE,243,13.30673034523782
AZ_SE,244,17.984919363853017
AZ_SE,245,20.145582415930015
AZ_SE,246,31.94494882882572
AZ_SE,247,29.239203901834088
AZ_SE,248,35.069979671616785
AZ_SE,249,31.42345235411631
AZ_SE,250,27.816385818152934
AZ_SE,251,25.1855236455334
AZ_SE,252,22.678675892195763
AZ_SE,253,28.251725332741938
AZ_SE,254,33.645307980291946
AZ_SE,255,33.07747699757895
AZ_SE,256,35.26416804754664
AZ_SE,257,23.303549170195378
AZ_SE,258,27.320292979608315
AZ_SE,259,30.61817396002099
AZ_SE,260,32.79037727043465
AZ_SE,261,35.10857865642736
AZ_SE,262,30.519992471762308
AZ_SE,263,30.55834159198744
AZ_SE,264,22.80937268850372
AZ_SE,265,24.621044726185858
AZ_SE,266,27.35473447180838
AZ_SE,267,31.730297028890377
AZ_SE,268,36.001530216548
AZ_SE,269,36.305685290548126
AZ_SE,270,35.58744479928159
AZ_SE,271,18.898563492881085
AZ_SE,272,24.46256396677102
AZ_SE,273,31.36110762970103
AZ_SE,274,28.17333175425578
AZ_SE,275,34.32875913272206
AZ_SE,276,36.44067308622196
AZ_SE,277,34.51928722501506
AZ_SE,278,28.30064358336752
AZ_SE,279,30.13679966976883
AZ_SE,280,28.974510937442442
AZ_SE,281,31.22825800738852
AZ_SE,282,33.040494104893185
AZ_SE,283,35.8798580806878
AZ_SE,284,34.31227710233442
AZ_SE,285,21.760703110885444
AZ_SE,286,28.267214011062514
AZ_SE,287,24.450154163656496
AZ_SE,288,30.11075282405771
AZ_SE,289,31.47230261768356
AZ_SE,290,30.289305028904234
AZ_SE,291,32.185925419181096
AZ_SE,292,26.541406798506014
AZ_SE,293,27.62736799984095
AZ_SE,294,32.9025272539839
AZ_SE,295,32.98451802918371
AZ_SE,296,35.165505328970745
AZ_SE,297,37.716292094654
AZ_SE,298,36.264681357402786
AZ_SE,299,26.06468989792015
AZ_SE,300,31.119605766163595
AZ_SE,301,35.34130005331115
AZ_SE,302,30.687130664789258
AZ_SE,303,35.3870137414675
AZ_SE,304,31.16243263817134
AZ_SE,305,36.991378517069634
AZ_SE,306,28.626090871009847
AZ_SE,307,32.67212446848308
AZ_SE,308,31.437376829826295
AZ_SE,309,35.609504085514416
AZ_SE,310,46.897376602774635
AZ_SE,311,45.74529174816689
AZ_SE,312,47.86225371205519
AZ_SE,313,27.04663954958577
AZ_SE,314,36.80916765814235
AZ_SE,315,32.37192885072477
AZ_SE,316,44.2040562298919
AZ_SE,317,41.679172794757186
AZ_SE,318,47.24150307717469
AZ_SE,319,39.16075423510137
AZ_SE,320,27.832173979984514
AZ_SE,321,39.75514070981329
AZ_SE,322,42.98791651487405
AZ_SE,323,40.084790838160224
AZ_SE,324,43.57331803110252
AZ_SE,325,47.632991777596885
AZ_SE,326,50.62811295403637
AZ_SE,327,35.91700216775526
AZ_SE,328,41.547667978375124
AZ_SE,329,41.42747845050721
AZ_SE,330,55.01875960859348
AZ_SE,331,43.70052217321126
AZ_SE,332,15.409346825129164
AZ_SE,333,24.949230255005922
AZ_SE,334,36.56272039224355
AZ_SE,335,39.14467946028118
AZ_SE,336,35.848403634742844
AZ_SE,337,35.101832691667994
AZ_SE,338,33.44027329857259
AZ_SE,339,38.880480356439925
AZ_SE,340,33.315952449658276
AZ_SE,341,30.18346792503057
AZ_SE,342,29.686900417102567
AZ_SE,343,26.8720394247238
AZ_SE,344,31.51297180401927
AZ_SE,345,34.71372754745608
AZ_SE,346,35.45911630262342
AZ_SE,347,35.09484723579854
AZ_SE,348,25.455835546195697
AZ_SE,349,27.366921387800456
AZ_SE,350,35.655464436208085
AZ_SE,351,31.930799174739608
AZ_SE,352,37.90992895638947
AZ_SE,353,34.99023556020973
AZ_SE,354,36.954210102789126
AZ_SE,355,26.942598801410227
AZ_SE,356,27.908255932455546
AZ_SE,357,32.1485760816231
AZ_SE,358,17.642695256904826
AZ_SE,359,15.568834312396255
AZ_SE,360,30.14297899420233
AZ_SE,361,36.08301558856958
AZ_SE,362,30.62009230033858
AZ_SE,363,29.48419540086164
AZ_SE,364,33.30623447821677
AZ_SE,365,23.958583982301008
CA_IID,1,0.0004151087987370188
CA_IID,2,0.0004199741788317375
CA_IID,3,0.0007406727631023578
CA_IID,4,0.0007497064900208742
CA_IID,5,0.0008450388233872859
CA_IID,6,0.0002823511919722213
CA_IID,7,0.0004062973523126282
CA_IID,8,0.0008523748569396483
CA_IID,9,0.0008859164263056821
CA_IID,10,0.001007904555835664
CA_IID,11,0.0005935410532766443
CA_IID,12,0.0006720833986186333
CA_IID,13,0.0002814961159214229
CA_IID,14,0.00039762735586655395
CA_IID,15,0.0007588950766204871
CA_IID,16,0.0005544842607526727
CA_IID,17,0.0011074309517145422
CA_IID,18,0.0008055661339536011
CA_IID,19,0.000897482084290341
CA_IID,20,0.0006924453502115827
CA_IID,21,0.00042003331232224575
CA_IID,22,0.0002016937147567193
CA_IID,23,0.0008003211141650882
CA_IID,24,0.0007091164336794779
CA_IID,25,0.0014216410686612726
CA_IID,26,0.0006824498764465103
CA_IID,27,0.0003836756865385963
CA_IID,28,0.00043868000472627254
CA_IID,29,0.0006799186780288848
CA_IID,30,0.0007797664145525774
CA_IID,31,0.0008320671667400212
CA_IID,32,0.0005364624979353633
CA_IID,33,0.0006553441192842771
CA_IID,34,0.00048526226797220224
CA_IID,35,9.715121724072356e-05
CA_IID,36,0.00039783675397404226
CA_IID,37,0.0008276063577962874
CA_IID,38,0.0009655586839097927
CA_IID,39,0.0006625107660079406
CA_IID,40,0.0013011632470535054
CA_IID,41,0.00027679097495814385
CA_IID,42,0.0002876906539138936
CA_IID,43,0.0007658971050889405
CA_IID,44,0.0007573617341755166
CA_IID,45,0.0009588183113509093
CA_IID,46,0.001141019932204646
CA_IID,47,0.001006637516662887
CA_IID,48,0.0002885722187539612
CA_IID,49,0.0004918956944301215
CA_IID,50,0.0006120725087152301
CA_IID,51,0.0007578312635638526
CA_IID,52,0.00089620794987994
CA_IID,53,0.0011050402662693463
CA_IID,54,0.0010930203953213081
CA_IID,55,0.0004693797761641147
CA_IID,56,0.00030967893157128417
CA_IID,57,0.0007288419922029264
CA_IID,58,0.0006522373501261029
CA_IID,59,0.0007696984659103217
CA_IID,60,0.0013959660737188151
CA_IID,61,0.00022342138451357806
CA_IID,62,0.00013039313414669473
CA_IID,63,0.0010904052900182761
CA_IID,64,0.0008425845862520077
CA_IID,65,0.0009924345221615824
CA_IID,66,0.0008624952557577662
CA_IID,67,0.0009689521650397145
CA_IID,68,0.0008408591192058724
CA_IID,69,0.0005369423224687299
CA_IID,70,0.0014882308981138048
CA_IID,71,0.0009542807978435463
CA_IID,72,0.0008359700764165915
CA_IID,73,0.00055542170467472
CA_IID,74,0.000832543222729016
CA_IID,75,0.0005877855961129966
CA_IID,76,0.0004004049873168463
CA_IID,77,0.0009613887047474287
CA_IID,78,0.0012533811618794465
CA_IID,79,0.0012600829460739156
CA_IID,80,0.001004248349741806
CA_IID,81,0.0007206714659344784
CA_IID,82,0.0006133013394039534
CA_IID,83,0.000793351302946473
CA_IID,84,0.0006703389354247727
CA_IID,85,0.0013437147823816662
CA_IID,86,0.001003299757446176
CA_IID,87,0.0011467941881894267
CA_IID,88,0.0013845997702798525
CA_IID,89,0.00046932114879932266
CA_IID,90,0.0003591809040459936
CA_IID,91,0.0005798043425968222
CA_IID,92,0.0005157762256080695
CA_IID,93,0.00038125191614830575
CA_IID,94,0.000403225980459397
CA_IID,95,0.000749965810278625
CA_IID,96,0.000401111862457476
CA_IID,97,0.0002912284650254982
CA_IID,98,0.0005681839906140297
CA_IID,99,0.00043879654905431344
CA_IID,100,0.0006671692973677848
CA_IID,101,0.0008675024300122824
CA_IID,102,0.0006317677442994483
CA_IID,103,0.00025702746363039303
CA_IID,104,0.0003637679808280535
CA_IID,105,0.0006084241159944102
CA_IID,106,0.0005153002914713406
CA_IID,107,0.0006746334260597402
CA_IID,108,0.0004829956587032389
CA_IID,109,0.0005331825013321262
CA_IID,110,0.0003918496082501855
CA_IID,111,0.0002886097981363343
CA_IID,112,0.000520945218547831
CA_IID,113,0.0006015590873242697
CA_IID,114,0.0003818879140176793
CA_IID,115,0.0008079792458635696
CA_IID,116,0.0006358494441986326
CA_IID,117,0.00019161628378174266
CA_IID,118,0.00036095335046714403
CA_IID,119,0.0004571169164649866
CA_IID,120,0.0008071411586236196
CA_IID,121,0.0006516946467819421
CA_IID,122,0.0006593702608696684
CA_IID,123,0.00042176864243806395
CA_IID,124,0.00021726810911045882
CA_IID,125,0.0007348297891830013
CA_IID,126,0.0004811500889084658
CA_IID,127,0.0005505597796164682
CA_IID,128,0.000709533822785843
CA_IID,129,0.0005323007746510184
CA_IID,130,0.0005927107873864012
CA_IID,131,0.0002910556516672878
CA_IID,132,0.0003279793267403742
CA_IID,133,0.0005413579699822872
CA_IID,134,0.0007076722546596555
CA_IID,135,0.0004303626821848395
CA_IID,136,0.0006632069689561094
CA_IID,137,0.001279630289654939
CA_IID,138,0.0002169514951362034
CA_IID,139,0.0002840039205684139
CA_IID,140,0.0005594708396079546
CA_IID,141,0.0004755076299247459
CA_IID,142,0.0005558770841464632
CA_IID,143,0.0006496025171992486
CA_IID,144,0.0005698898030979346
CA_IID,145,0.0002673487456621884
CA_IID,146,0.000530466332711845
CA_IID,147,0.0001784979700592923
CA_IID,148,0.0006007846530538028
CA_IID,149,0.0005377142747833055
CA_IID,150,0.0005472546237161743
CA_IID,151,0.0008433440281923768
CA_IID,152,0.00019057009934985456
CA_IID,153,0.00034508115312931577
CA_IID,154,0.0004209074916132808
CA_IID,155,0.0005034577710565972
CA_IID,156,0.0005866034953430234
CA_IID,157,0.0007757532941909214
CA_IID,158,0.0007319095356451157
CA_IID,159,0.00019504195352451127
CA_IID,160,0.00021607686629912946
CA_IID,161,0.0005756804230729475
CA_IID,162,0.0007382561846136591
CA_IID,163,0.0005923159947230375
CA_IID,164,0.0006159343129115079
CA_IID,165,0.0005948818669049915
CA_IID,166,0.00019879936556609705
CA_IID,167,0.000343507708855613
CA_IID,168,0.00044026772889498543
CA_IID,169,0.00042805389676586
CA_IID,170,0.0005591919932458296
CA_IID,171,0.0006011480525405357
CA_IID,172,0.000496420217449203
CA_IID,173,0.00025401258472405744
CA_IID,174,1.604917745448616e-06
CA_IID,175,0.00042373804470925756
CA_IID,176,0.00043091147204535
CA_IID,177,0.0005064259571297907
CA_IID,178,0.0006062797175043806
CA_IID,179,0.0005125470926992697
CA_IID,180,0.00019357576200722883
CA_IID,181,0.0003375247381312292
CA_IID,182,0.0006038143447921299
CA_IID,183,0.0011400413008842555
CA_IID,184,0.0008710093694582135
CA_IID,185,0.00030466772394355105
CA_IID,186,0.0005568826929353805
CA_IID,187,0.0003372132469004495
CA_IID,188,0.00036128596508270335
CA_IID,189,0.0006205863086927042
CA_IID,190,0.0010031617655860887
CA_IID,191,0.0006332452850479811
CA_IID,192,0.001160885348173703
CA_IID,193,0.00038236346429084604
CA_IID,194,0.00011304206948213156
CA_IID,195,0.00012616063348582226
CA_IID,196,0.00037651642413961674
CA_IID,197,0.0004976658122246285
CA_IID,198,0.0008998250718178832
CA_IID,199,0.0008214000950273583
CA_IID,200,0.0008073766501298279
CA_IID,201,0.00022771526912848257
CA_IID,202,2.1777707498927463e-06
CA_IID,203,0.00037802295338564934
CA_IID,204,0.0007374534894045419
CA_IID,205,0.000377343452212966
CA_IID,206,0.00039087345694691
CA_IID,207,0.0002589002354121475
CA_IID,208,0.00022667952812565066
CA_IID,209,2.0713031325497315e-06
CA_IID,210,0.0002495805950998265
CA_IID,211,0.00037841266299268176
CA_IID,212,0.0006401369117006525
CA_IID,213,0.00026971589338577304
CA_IID,214,0.00017436529471845212
CA_IID,215,7.608154667365137e-05
CA_IID,216,4.154836870980386e-05
CA_IID,217,0.00021361500760283425
CA_IID,218,0.00017047209406064192
CA_IID,219,8.806047347560296e-05
CA_IID,220,0.0001848785935820617
CA_IID,221,0.0003991598370792651
CA_IID,222,0.00011514210933980159
CA_IID,223,0.00024988737927681467
CA_IID,224,0.0001278827731801676
CA_IID,225,0.0001687181258477274
CA_IID,226,0.0001753433048228412
CA_IID,227,0.0001844435559695188
CA_IID,228,0.00013070023138372563
CA_IID,229,0.00011631141284485858
CA_IID,230,0.00012828941828514414
CA_IID,231,0.0002173824138873434
CA_IID,232,0.00030278266377804184
CA_IID,233,0.00026723377673911153
CA_IID,234,0.00027671803257200793
CA_IID,235,0.0003487988295041535
CA_IID,236,0.00011291131083953563
CA_IID,237,0.0002872712080319899
CA_IID,238,0.00033529119410585654
CA_IID,239,0.0002629222202691122
CA_IID,240,0.00018016871929137256
CA_IID,241,0.0003233333501549615
CA_IID,242,0.00017971325106738557
CA_IID,243,0.00011365275706214521
CA_IID,244,1.393800427375797e-09
CA_IID,245,0.00011491073147265519
CA_IID,246,0.00015313715207980886
CA_IID,247,0.0001594536632524604
CA_IID,248,0.00024819293547811424
CA_IID,249,0.000159861666942227
CA_IID,250,0.00010178722710475351
CA_IID,251,1.2395857974057697e-08
CA_IID,252,0.00011715312548131506
CA_IID,253,0.00012262896423886508
CA_IID,254,0.00028486555951268676
CA_IID,255,0.0003290928005573739
CA_IID,256,0.0002794482028568441
CA_IID,257,0.0001410925502116895
CA_IID,258,0.00011446135087708093
CA_IID,259,0.0002004343463766981
CA_IID,260,0.00012514202816855637
CA_IID,261,0.00024416478776196623
CA_IID,262,0.00038088051694262965
CA_IID,263,0.0003281359478131234
CA_IID,264,0.00010679728183203187
CA_IID,265,0.00011672072517306586
CA_IID,266,0.00027838384786416944
CA_IID,267,0.00016074391744649814
CA_IID,268,0.00028552219117560846
CA_IID,269,0.0003328235151235746
CA_IID,270,0.0002443679614119334
CA_IID,271,3.509962141259247e-05
CA_IID,272,0.00011470392386158529
CA_IID,273,0.00015729116860893744
CA_IID,274,0.00022346686463815002
CA_IID,275,0.00016845851490942566
CA_IID,276,0.0002348436845395529
CA_IID,277,0.0005659676357289841
CA_IID,278,0.00019915260800588129
CA_IID,279,0.00017583618578447525
CA_IID,280,0.00039115153463195607
CA_IID,281,0.00023926117004997928
CA_IID,282,0.0001246133679930351
CA_IID,283,0.00042134679557504515
CA_IID,284,0.00023795695091379578
CA_IID,285,0.00021820390845471527
CA_IID,286,0.00011864133230194672
CA_IID,287,0.00032860849703833105
CA_IID,288,0.00012635767816143877
CA_IID,289,0.0003591935845791914
CA_IID,290,0.0005505368877746161
CA_IID,291,0.0003556436423958377
CA_IID,292,0.0002084358910581662
CA_IID,293,0.0002317243510662573
CA_IID,294,0.0004459941746865707
CA_IID,295,0.00040001256681690916
CA_IID,296,0.0005249556008022639
CA_IID,297,0.0004239061007879151
CA_IID,298,0.0004302912577416625
CA_IID,299,0.00016073817481685157
CA_IID,300,0.0002680433161210818
CA_IID,301,0.0005131796172127049
CA_IID,302,0.00034827783915779916
CA_IID,303,0.000363770887161569
CA_IID,304,0.0005336225508549489
CA_IID,305,0.0008903373149465878
CA_IID,306,0.0006160901403047556
CA_IID,307,0.0010003826043795683
CA_IID,308,0.001160748939104045
CA_IID,309,0.001208149791534847
CA_IID,310,0.0008795182646343311
CA_IID,311,0.0007464287916365398
CA_IID,312,0.0007010801606909373
CA_IID,313,0.0004590692776743188
CA_IID,314,0.0006742604189892431
CA_IID,315,0.0011653567294273176
CA_IID,316,0.0010427582128148582
CA_IID,317,0.0014478932278935935
CA_IID,318,0.001661302133248737
CA_IID,319,0.0012507317028840328
CA_IID,320,0.0006121399529677409
CA_IID,321,0.0005097343188130778
CA_IID,322,0.0015351397618619314
CA_IID,323,0.0010528889019681936
CA_IID,324,0.00142481627984935
CA_IID,325,0.0014874028578110224
CA_IID,326,0.0014292133009100338
CA_IID,327,0.0006537973250200077
CA_IID,328,0.0006599835223315649
CA_IID,329,0.0013650570782517278
CA_IID,330,0.0012915554089550823
CA_IID,331,0.0005427246620256205
CA_IID,332,2.382018721220347e-06
CA_IID,333,0.0008193735796658551
CA_IID,334,0.0005049897565466397
CA_IID,335,0.0007539810380937452
CA_IID,336,0.0009519206511600456
CA_IID,337,0.0009638256975602405
CA_IID,338,0.0011017103548082998
CA_IID,339,0.0006209235795749614
CA_IID,340,0.0006271917014550494
CA_IID,341,0.00018562791871221457
CA_IID,342,0.0003029561009236055
CA_IID,343,0.00024967239191751856
CA_IID,344,0.0005412666208133794
CA_IID,345,0.0009059139453533459
CA_IID,346,0.0006641302362281436
CA_IID,347,0.00048530457313081764
CA_IID,348,0.0003447747087615743
CA_IID,349,0.00043287744641848407
CA_IID,350,0.0006863174624741397
CA_IID,351,0.0008427695838265976
CA_IID,352,0.00108257789280277
CA_IID,353,0.0009436785730735105
CA_IID,354,0.0006525465109596367
CA_IID,355,0.0003504757205467162
CA_IID,356,0.0004657793761699884
CA_IID,357,0.0008076329501966258
CA_IID,358,0.00047763934092577993
CA_IID,359,0.00018857243164739073
CA_IID,360,0.00041335147193249147
CA_IID,361,0.0008903235469582521
CA_IID,362,0.0004092198246683827
CA_IID,363,0.00048690404253573153
CA_IID,364,0.0008089709687040964
CA_IID,365,0.0007055467319379866
CA_LADWP,1,183974.95561095717
CA_LADWP,2,216168.69196760125
CA_LADWP,3,222111.12576256858
CA_LADWP,4,221836.24808567413
CA_LADWP,5,215871.04883856044
CA_LADWP,6,178425.42937733926
CA_LADWP,7,205609.75853519034
CA_LADWP,8,212976.04125425304
CA_LADWP,9,201661.86778290922
CA_LADWP,10,207420.00924270033
CA_LADWP,11,221238.8130213051
CA_LADWP,12,217059.454032864
CA_LADWP,13,155749.06007041325
CA_LADWP,14,180458.1607272507
CA_LADWP,15,197688.78223786844
CA_LADWP,16,197879.02098223913
CA_LADWP,17,207396.2514856796
CA_LADWP,18,220158.25571252368
CA_LADWP,19,215994.41063875394
CA_LADWP,20,172694.89539116496
CA_LADWP,21,205347.46543334515
CA_LADWP,22,198023.26030105175
CA_LADWP,23,206604.6378987719
CA_LADWP,24,210492.48743021395
CA_LADWP,25,228726.75079733107
CA_LADWP,26,221536.40960130194
CA_LADWP,27,165410.79920667646
CA_LADWP,28,217263.53194351032
CA_LADWP,29,216461.512563064
CA_LADWP,30,204289.71442410667
CA_LADWP,31,218184.8943113302
CA_LADWP,32,219411.60274468482
CA_LADWP,33,221105.24458786118
CA_LADWP,34,170858.3464272683
CA_LADWP,35,174142.0790344834
CA_LADWP,36,209089.84173659512
CA_LADWP,37,197537.33542161135
CA_LADWP,38,209328.59671549537
CA_LADWP,39,228739.67270017255
CA_LADWP,40,224657.52438900838
CA_LADWP,41,160834.09240667333
CA_LADWP,42,185262.35724723875
CA_LADWP,43,217116.77847255633
CA_LADWP,44,204302.0917408702
CA_LADWP,45,204260.46776034046
CA_LADWP,46,237153.78896905456
CA_LADWP,47,229093.64872719435
CA_LADWP,48,180772.05800255126
CA_LADWP,49,189241.00260777219
CA_LADWP,50,206548.8773181788
CA_LADWP,51,203240.1670062776
CA_LADWP,52,215899.68210698751
CA_LADWP,53,230625.3489158876
CA_LADWP,54,219886.11325702365
CA_LADWP,55,172944.3747248291
CA_LADWP,56,211657.16619121714
CA_LADWP,57,208661.39601340346
CA_LADWP,58,209415.80403187394
CA_LADWP,59,217091.06740361342
CA_LADWP,60,216635.45970579702
CA_LADWP,61,163878.18075213593
CA_LADWP,62,206196.88868145112
CA_LADWP,63,213743.37990707203
CA_LADWP,64,209831.41932178126
CA_LADWP,65,212127.05775922662
CA_LADWP,66,240975.7694773268
CA_LADWP,67,228925.16255153387
CA_LADWP,68,175774.7750524033
CA_LADWP,69,207509.22988860807
CA_LADWP,70,221903.09114368245
CA_LADWP,71,213796.7023541617
CA_LADWP,72,217324.95862167148
CA_LADWP,73,226193.91951283382
CA_LADWP,74,234043.12741225163
CA_LADWP,75,178264.58998836274
CA_LADWP,76,216696.89074987127
CA_LADWP,77,229959.82087246526
CA_LADWP,78,215847.86265456546
CA_LADWP,79,220421.42913790775
CA_LADWP,80,238804.4729340472
CA_LADWP,81,238354.2543757657
CA_LADWP,82,182712.7009854237
CA_LADWP,83,215354.2019203321
CA_LADWP,84,221493.6364704381
CA_LADWP,85,209369.7887229416
CA_LADWP,86,225649.13344311985
CA_LADWP,87,234197.67239630906
CA_LADWP,88,228193.5591781211
CA_LADWP,89,180069.41584760186
CA_LADWP,90,195917.3556085795
CA_LADWP,91,216178.6241883593
CA_LADWP,92,207692.50383342817
CA_LADWP,93,211833.2006110518
CA_LADWP,94,209286.45739329368
CA_LADWP,95,222207.38603032706
CA_LADWP,96,178665.33021216965
CA_LADWP,97,211969.9268924093
CA_LADWP,98,222279.76726748078
CA_LADWP,99,208325.5867832068
CA_LADWP,100,213030.05333188636
CA_LADWP,101,233569.59697700661
CA_LADWP,102,236465.2818466831
CA_LADWP,103,173315.0543807602
CA_LADWP,104,209371.97886152827
CA_LADWP,105,231025.9007153404
CA_LADWP,106,209539.256700615
CA_LADWP,107,217209.0115190299
CA_LADWP,108,241486.9401406979
CA_LADWP,109,231167.35067834912
CA_LADWP,110,175072.12727432934
CA_LADWP,111,212924.0089011777
CA_LADWP,112,221951.16405157393
CA_LADWP,113,211827.73155229332
CA_LADWP,114,218012.81927149763
CA_LADWP,115,240260.96696266806
CA_LADWP,116,233402.50053406137
CA_LADWP,117,169127.98847855383
CA_LADWP,118,204490.0528669621
CA_LADWP,119,222886.25274243663
CA_LADWP,120,207271.44081283757
CA_LADWP,121,219243.64454093674
CA_LADWP,122,236393.98947551905
CA_LADWP,123,223779.15092062193
CA_LADWP,124,173674.2363515827
CA_LADWP,125,214226.49275364098
CA_LADWP,126,224277.06719854058
CA_LADWP,127,213532.5038019082
CA_LADWP,128,219545.6289424814
CA_LADWP,129,238312.19310386493
CA_LADWP,130,231899.18579148818
CA_LADWP,131,174461.03854985308
CA_LADWP,132,204632.64019977176
CA_LADWP,133,223182.6635519274
CA_LADWP,134,210424.09687029486
CA_LADWP,135,222418.7571439819
CA_LADWP,136,234101.06088721447
CA_LADWP,137,232358.98568848538
CA_LADWP,138,174694.01815543778
CA_LADWP,139,213804.29723836866
CA_LADWP,140,220442.49637240128
CA_LADWP,141,217185.4740286452
CA_LADWP,142,221415.69996726874
CA_LADWP,143,238648.07000278038
CA_LADWP,144,233720.3381148336
CA_LADWP,145,169231.44754719117
CA_LADWP,146,177482.19963399807
CA_LADWP,147,212278.1264102643
CA_LADWP,148,207341.3303067073
CA_LADWP,149,215516.28108865008
CA_LADWP,150,230830.99301326188
CA_LADWP,151,228088.79772171643
CA_LADWP,152,174121.58023839234
CA_LADWP,153,215515.7356030228
CA_LADWP,154,220201.9469155618
CA_LADWP,155,214129.10767409584
CA_LADWP,156,224535.42569881838
CA_LADWP,157,243454.66887045276
CA_LADWP,158,231330.5331481459
CA_LADWP,159,186844.0024141556
CA_LADWP,160,216244.2478390345
CA_LADWP,161,228845.3040129302
CA_LADWP,162,225419.1991717374
CA_LADWP,163,224195.10646371898
CA_LADWP,164,241734.70583020715
CA_LADWP,165,233584.44922674564
CA_LADWP,166,182436.68539707636
CA_LADWP,167,207921.73096084048
CA_LADWP,168,226064.9576874173
CA_LADWP,169,217145.12111787652
CA_LADWP,170,219523.1506777149
CA_LADWP,171,233044.5447414612
CA_LADWP,172,228671.66783906714
CA_LADWP,173,179803.78914923858
CA_LADWP,174,217927.40846927025
CA_LADWP,175,225281.86678268292
CA_LADWP,176,221283.6551286247
CA_LADWP,177,228870.35729394614
CA_LADWP,178,240082.38442662288
CA_LADWP,179,235429.54473356326
CA_LADWP,180,186605.9142158373
CA_LADWP,181,209011.66812548024
CA_LADWP,182,213633.77930405445
CA_LADWP,183,219066.6229499415
CA_LADWP,184,224561.66823137505
CA_LADWP,185,160598.1499937946
CA_LADWP,186,187601.8020148594
CA_LADWP,187,181788.19357251975
CA_LADWP,188,218412.02120910853
CA_LADWP,189,228226.96898787393
CA_LADWP,190,223450.52164611124
CA_LADWP,191,227270.60015973102
CA_LADWP,192,241114.53409232473
CA_LADWP,193,229539.64203739184
CA_LADWP,194,190871.55577098785
CA_LADWP,195,221185.03854848826
CA_LADWP,196,231315.71373197102
CA_LADWP,197,217539.1996636229
CA_LADWP,198,232807.73867129764
CA_LADWP,199,240588.78337681163
CA_LADWP,200,221380.69150369288
CA_LADWP,201,182895.70822573913
CA_LADWP,202,216325.23259056272
CA_LADWP,203,219738.0092181764
CA_LADWP,204,218076.30869985654
CA_LADWP,205,228106.12600591645
CA_LADWP,206,243436.90584135652
CA_LADWP,207,236538.11764183146
CA_LADWP,208,189938.1453007993
CA_LADWP,209,218784.50454122337
CA_LADWP,210,227517.87980737915
CA_LADWP,211,221029.7410538878
CA_LADWP,212,228118.44517432852
CA_LADWP,213,243219.95585998875
CA_LADWP,214,227733.75590043978
CA_LADWP,215,189004.0526734363
CA_LADWP,216,213889.8591395811
CA_LADWP,217,226204.65714111849
CA_LADWP,218,219150.11978890907
CA_LADWP,219,224861.092412613
CA_LADWP,220,245737.4016748313
CA_LADWP,221,234429.48600511558
CA_LADWP,222,185706.0577034827
CA_LADWP,223,219991.38374193505
CA_LADWP,224,223839.8488189596
CA_LADWP,225,214701.09097868495
CA_LADWP,226,227632.60426344254
CA_LADWP,227,242836.3804847243
CA_LADWP,228,230182.8599323241
CA_LADWP,229,187789.12036249894
CA_LADWP,230,226939.747129201
CA_LADWP,231,229377.02756283266
CA_LADWP,232,212099.59420687408
CA_LADWP,233,220787.07608347572
CA_LADWP,234,239619.6670870206
CA_LADWP,235,228507.89802599902
CA_LADWP,236,175755.10850992362
CA_LADWP,237,217784.8783446328
CA_LADWP,238,210629.86368634264
CA_LADWP,239,208193.36876156426
CA_LADWP,240,212073.69490814544
CA_LADWP,241,236504.21147447673
CA_LADWP,242,230243.5869166636
CA_LADWP,243,168715.84216051686
CA_LADWP,244,168590.42216268822
CA_LADWP,245,210550.1809447202
CA_LADWP,246,195798.52719258616
CA_LADWP,247,200935.82824606175
CA_LADWP,248,222666.02708356513
CA_LADWP,249,210561.4283747289
CA_LADWP,250,166469.18312084908
CA_LADWP,251,211596.63950249294
CA_LADWP,252,217810.1391492794
CA_LADWP,253,206865.27904659446
CA_LADWP,254,213051.83439197365
CA_LADWP,255,229996.30756961685
CA_LADWP,256,221856.43551588617
CA_LADWP,257,169506.5422975472
CA_LADWP,258,215348.48314367628
CA_LADWP,259,217937.92900093584
CA_LADWP,260,209978.85726808655
CA_LADWP,261,210853.80720702748
CA_LADWP,262,234059.3378331351
CA_LADWP,263,224410.20695688357
CA_LADWP,264,176729.79666407642
CA_LADWP,265,223960.40584927602
CA_LADWP,266,216468.59309677093
CA_LADWP,267,207144.87523230328
CA_LADWP,268,213809.0549221197
CA_LADWP,269,231195.3949449113
CA_LADWP,270,226875.90961435065
CA_LADWP,271,172673.89884824425
CA_LADWP,272,217857.70595445563
CA_LADWP,273,215093.24533891754
CA_LADWP,274,198838.83093740387
CA_LADWP,275,203956.85826312006
CA_LADWP,276,229081.12524356664
CA_LADWP,277,232200.606381923
CA_LADWP,278,172354.58597379483
CA_LADWP,279,221295.5959760836
CA_LADWP,280,219919.6778162419
CA_LADWP,281,207918.88628940505
CA_LADWP,282,216002.7395721187
CA_LADWP,283,242463.02116319095
CA_LADWP,284,229867.1497516909
CA_LADWP,285,184214.1992275128
CA_LADWP,286,217105.79140765266
CA_LADWP,287,222448.09302256347
CA_LADWP,288,210306.4815188519
CA_LADWP,289,223699.12746042557
CA_LADWP,290,243412.24951865608
CA_LADWP,291,235390.67125543853
CA_LADWP,292,178685.93544375815
CA_LADWP,293,225445.4803117252
CA_LADWP,294,223732.6330209798
CA_LADWP,295,208825.44928977077
CA_LADWP,296,215064.11931884452
CA_LADWP,297,239923.78968674096
CA_LADWP,298,237904.5193457112
CA_LADWP,299,178132.89954153766
CA_LADWP,300,225402.369053507
CA_LADWP,301,215425.05376417952
CA_LADWP,302,203822.75667455807
CA_LADWP,303,207733.99530927686
CA_LADWP,304,201174.39814999735
CA_LADWP,305,224803.51046337272
CA_LADWP,306,179010.595979869
CA_LADWP,307,219711.57506648856
CA_LADWP,308,207384.77120153068
CA_LADWP,309,187859.09770540215
CA_LADWP,310,205931.1035634431
CA_LADWP,311,232424.98413332427
CA_LADWP,312,218364.39366628972
CA_LADWP,313,172552.8330567503
CA_LADWP,314,212111.63949649633
CA_LADWP,315,218398.9657388863
CA_LADWP,316,209187.04112512228
CA_LADWP,317,212324.24469059292
CA_LADWP,318,239012.2795329902
CA_LADWP,319,234819.57332610735
CA_LADWP,320,176498.1001096694
CA_LADWP,321,223532.2812123711
CA_LADWP,322,225702.9968728683
CA_LADWP,323,208558.16597840516
CA_LADWP,324,211106.4354109535
CA_LADWP,325,247051.38190750068
CA_LADWP,326,241136.82844304448
CA_LADWP,327,204048.39579581455
CA_LADWP,328,223249.8020864158
CA_LADWP,329,228963.46541217595
CA_LADWP,330,240639.83106336734
CA_LADWP,331,231184.28057750428
CA_LADWP,332,125207.17086898646
CA_LADWP,333,191587.30520005093
CA_LADWP,334,213262.0300670152
CA_LADWP,335,241950.93042803745
CA_LADWP,336,226638.0478248115
CA_LADWP,337,214579.10743926218
CA_LADWP,338,212106.77301070464
CA_LADWP,339,230567.76568138125
CA_LADWP,340,221445.66828655996
CA_LADWP,341,175920.7341079092
CA_LADWP,342,213568.47309963213
CA_LADWP,343,208707.3938615657
CA_LADWP,344,207782.6901107777
CA_LADWP,345,210148.1629074734
CA_LADWP,346,234609.47110210458
CA_LADWP,347,229138.7041752626
CA_LADWP,348,164195.42383873923
CA_LADWP,349,209378.92440214942
CA_LADWP,350,207497.3631861799
CA_LADWP,351,213467.67665045374
CA_LADWP,352,219179.70533264824
CA_LADWP,353,241103.02868747816
CA_LADWP,354,236525.7444182971
CA_LADWP,355,209235.11146775377
CA_LADWP,356,211417.96159779475
CA_LADWP,357,221068.362969065
CA_LADWP,358,163929.0983595314
CA_LADWP,359,149430.30970179275
CA_LADWP,360,227862.94505467042
CA_LADWP,361,231578.6012141705
CA_LADWP,362,205932.65214001367
CA_LADWP,363,207744.27690338786
CA_LADWP,364,215242.14337679397
CA_LADWP,365,178006.864049945
CA_PGE_BAY,1,47652.80517680233
CA_PGE_BAY,2,54038.07355623121
CA_PGE_BAY,3,56618.197154673166
CA_PGE_BAY,4,57502.1587289562
CA_PGE_BAY,5,55576.30964331575
CA_PGE_BAY,6,44317.29846575435
CA_PGE_BAY,7,54146.695873522534
CA_PGE_BAY,8,54955.73486726879
CA_PGE_BAY,9,50284.02177625264
CA_PGE_BAY,10,56926.961069873345
CA_PGE_BAY,11,62923.05055696743
CA_PGE_BAY,12,56192.83879127015
CA_PGE_BAY,13,37492.42703613806
CA_PGE_BAY,14,43449.38648128579
CA_PGE_BAY,15,49808.25907977785
CA_PGE_BAY,16,48467.09446452031
CA_PGE_BAY,17,49332.98025767997
CA_PGE_BAY,18,56637.2162564933
CA_PGE_BAY,19,53681.22681963709
CA_PGE_BAY,20,42143.900072167446
CA_PGE_BAY,21,48018.114245114055
CA_PGE_BAY,22,49441.80868216278
CA_PGE_BAY,23,49305.32850915283
CA_PGE_BAY,24,50409.66082816759
CA_PGE_BAY,25,58249.7122365961
CA_PGE_BAY,26,56806.817301827556
CA_PGE_BAY,27,40578.9617805162
CA_PGE_BAY,28,55211.65424244319
CA_PGE_BAY,29,54614.776657390656
CA_PGE_BAY,30,51301.40614435441
CA_PGE_BAY,31,53822.04150136801
CA_PGE_BAY,32,55950.58447903255
CA_PGE_BAY,33,58551.079266129214
CA_PGE_BAY,34,44700.32429917498
CA_PGE_BAY,35,32857.89240812853
CA_PGE_BAY,36,52712.92465336887
CA_PGE_BAY,37,48266.75717451226
CA_PGE_BAY,38,52767.29461312527
CA_PGE_BAY,39,58982.1882376442
CA_PGE_BAY,40,59759.90729207825
CA_PGE_BAY,41,43264.673612995204
CA_PGE_BAY,42,48033.19465164114
CA_PGE_BAY,43,57667.56541214803
CA_PGE_BAY,44,52300.321169121074
CA_PGE_BAY,45,51852.45006318605
CA_PGE_BAY,46,64181.55354099807
CA_PGE_BAY,47,63323.010187515836
CA_PGE_BAY,48,49195.47025601759
CA_PGE_BAY,49,50375.722152663206
CA_PGE_BAY,50,52598.77485431813
CA_PGE_BAY,51,56813.99335697238
CA_PGE_BAY,52,58594.450075612374
CA_PGE_BAY,53,60956.7323988122
CA_PGE_BAY,54,62681.3376762609
CA_PGE_BAY,55,48531.894654566124
CA_PGE_BAY,56,56368.645044917306
CA_PGE_BAY,57,57370.84368216302
CA_PGE_BAY,58,58642.59621655644
CA_PGE_BAY,59,58780.900017005464
CA_PGE_BAY,60,56261.230373624334
CA_PGE_BAY,61,43427.49585249019
CA_PGE_BAY,62,54566.13347481191
CA_PGE_BAY,63,59525.75374885234
CA_PGE_BAY,64,58618.69551102843
CA_PGE_BAY,65,60755.96856149932
CA_PGE_BAY,66,64168.216818944675
CA_PGE_BAY,67,64017.22107826042
CA_PGE_BAY,68,47557.37844311797
CA_PGE_BAY,69,56126.72225977565
CA_PGE_BAY,70,58870.06354334128
CA_PGE_BAY,71,55494.85800618356
CA_PGE_BAY,72,56901.40417105001
CA_PGE_BAY,73,63463.445543415626
CA_PGE_BAY,74,61680.01764703088
CA_PGE_BAY,75,47591.71787301612
CA_PGE_BAY,76,58204.84789985871
CA_PGE_BAY,77,60899.1661649942
CA_PGE_BAY,78,58165.42536863315
CA_PGE_BAY,79,60877.43165232423
CA_PGE_BAY,80,64513.405640533696
CA_PGE_BAY,81,62447.65531049719
CA_PGE_BAY,82,51910.03256129934
CA_PGE_BAY,83,56331.69798592223
CA_PGE_BAY,84,58528.68628777611
CA_PGE_BAY,85,57902.833791166406
CA_PGE_BAY,86,59230.97231542078
CA_PGE_BAY,87,64686.111750445205
CA_PGE_BAY,88,60749.116254247085
CA_PGE_BAY,89,48129.65366347411
CA_PGE_BAY,90,52429.46779803453
CA_PGE_BAY,91,63840.9651161924
CA_PGE_BAY,92,61051.16273839923
CA_PGE_BAY,93,64358.36819045638
CA_PGE_BAY,94,56819.86478931117
CA_PGE_BAY,95,68646.40106746348
CA_PGE_BAY,96,54870.871412927
CA_PGE_BAY,97,61721.77949583954
CA_PGE_BAY,98,63484.4293492826
CA_PGE_BAY,99,63554.46444833501
CA_PGE_BAY,100,63487.12943980422
CA_PGE_BAY,101,70097.87014383126
CA_PGE_BAY,102,67281.74634194016
CA_PGE_BAY,103,52397.69389339368
CA_PGE_BAY,104,62305.50630348923
CA_PGE_BAY,105,67630.57888660724
CA_PGE_BAY,106,63574.40896336198
CA_PGE_BAY,107,64760.988651065294
CA_PGE_BAY,108,72836.26222505962
CA_PGE_BAY,109,68756.40400486153
CA_PGE_BAY,110,52896.114553304535
CA_PGE_BAY,111,61811.61676354896
CA_PGE_BAY,112,63153.735052372416
CA_PGE_BAY,113,65517.44141249713
CA_PGE_BAY,114,65661.31120083354
CA_PGE_BAY,115,72280.79996587394
CA_PGE_BAY,116,69351.24483838533
CA_PGE_BAY,117,53582.59622703979
CA_PGE_BAY,118,61007.747151350195
CA_PGE_BAY,119,65413.98469345226
CA_PGE_BAY,120,65138.6401037012
CA_PGE_BAY,121,64816.81498773432
CA_PGE_BAY,122,66165.43437884396
CA_PGE_BAY,123,65848.47932991454
CA_PGE_BAY,124,51504.29930003475
CA_PGE_BAY,125,58714.52882184109
CA_PGE_BAY,126,63982.30638228217
CA_PGE_BAY,127,64449.75548672074
CA_PGE_BAY,128,63257.21464448713
CA_PGE_BAY,129,69505.7538683815
CA_PGE_BAY,130,69365.78782117694
CA_PGE_BAY,131,52961.93833007842
CA_PGE_BAY,132,58110.87489317887
CA_PGE_BAY,133,64715.21757098247
CA_PGE_BAY,134,64999.00188209309
CA_PGE_BAY,135,65328.2646330745
CA_PGE_BAY,136,70174.1941607852
CA_PGE_BAY,137,67974.06614641029
CA_PGE_BAY,138,52721.975577483805
CA_PGE_BAY,139,60572.46064960926
CA_PGE_BAY,140,63314.27589508778
CA_PGE_BAY,141,64270.82943054895
CA_PGE_BAY,142,64083.9831336445
CA_PGE_BAY,143,66886.71883478259
CA_PGE_BAY,144,66859.27180034669
CA_PGE_BAY,145,48523.457700125946
CA_PGE_BAY,146,49193.23289661032
CA_PGE_BAY,147,58540.10900099874
CA_PGE_BAY,148,59357.050424095236
CA_PGE_BAY,149,59464.38026263918
CA_PGE_BAY,150,64301.4658901308
CA_PGE_BAY,151,64424.6952860191
CA_PGE_BAY,152,46469.620831017
CA_PGE_BAY,153,54209.29267048947
CA_PGE_BAY,154,57906.005118390276
CA_PGE_BAY,155,57742.1280036007
CA_PGE_BAY,156,59058.64638376907
CA_PGE_BAY,157,62892.77320587212
CA_PGE_BAY,158,60659.252302195695
CA_PGE_BAY,159,49053.63781793416
CA_PGE_BAY,160,56602.23064218688
CA_PGE_BAY,161,59452.48288704589
CA_PGE_BAY,162,58416.38967216847
CA_PGE_BAY,163,59438.755992452854
CA_PGE_BAY,164,62041.87432509708
CA_PGE_BAY,165,62807.6087965343
CA_PGE_BAY,166,50683.21642826838
CA_PGE_BAY,167,52397.72155181563
CA_PGE_BAY,168,62110.86211589759
CA_PGE_BAY,169,56965.56069017805
CA_PGE_BAY,170,55769.49286956587
CA_PGE_BAY,171,60931.43461274833
CA_PGE_BAY,172,59522.704391790525
CA_PGE_BAY,173,48594.21993518942
CA_PGE_BAY,174,58862.09055159841
CA_PGE_BAY,175,58498.466272313904
CA_PGE_BAY,176,58439.54336018863
CA_PGE_BAY,177,59222.83966964215
CA_PGE_BAY,178,62988.91294764072
CA_PGE_BAY,179,59316.53298786128
CA_PGE_BAY,180,50503.80921313054
CA_PGE_BAY,181,54954.047208593955
CA_PGE_BAY,182,58588.42311992015
CA_PGE_BAY,183,60793.13953980518
CA_PGE_BAY,184,62118.78844507804
CA_PGE_BAY,185,45762.60685032283
CA_PGE_BAY,186,51012.991979078965
CA_PGE_BAY,187,53221.28622933666
CA_PGE_BAY,188,59522.55224622162
CA_PGE_BAY,189,63241.719154352686
CA_PGE_BAY,190,64284.80748021383
CA_PGE_BAY,191,65098.61281942013
CA_PGE_BAY,192,65532.48803529184
CA_PGE_BAY,193,66357.1260893151
CA_PGE_BAY,194,53380.56426287575
CA_PGE_BAY,195,60644.847435506614
CA_PGE_BAY,196,66103.88020016011
CA_PGE_BAY,197,63737.26463050172
CA_PGE_BAY,198,64590.39476218482
CA_PGE_BAY,199,68939.18628983342
CA_PGE_BAY,200,56253.68227091867
CA_PGE_BAY,201,51805.212846641705
CA_PGE_BAY,202,60710.78304797602
CA_PGE_BAY,203,63363.930407214844
CA_PGE_BAY,204,61380.707424183536
CA_PGE_BAY,205,64266.45591281269
CA_PGE_BAY,206,67514.3000225035
CA_PGE_BAY,207,67342.3168242401
CA_PGE_BAY,208,53307.08726610782
CA_PGE_BAY,209,60723.35060322768
CA_PGE_BAY,210,63267.04724690156
CA_PGE_BAY,211,64915.90562712568
CA_PGE_BAY,212,63859.27627516491
CA_PGE_BAY,213,71142.90161556067
CA_PGE_BAY,214,66090.11339966427
CA_PGE_BAY,215,52010.20422629414
CA_PGE_BAY,216,61161.54814705052
CA_PGE_BAY,217,67109.56839904169
CA_PGE_BAY,218,63005.33582320815
CA_PGE_BAY,219,63468.039127553966
CA_PGE_BAY,220,71585.66743631185
CA_PGE_BAY,221,69129.77338380614
CA_PGE_BAY,222,55223.534266807845
CA_PGE_BAY,223,64900.802812223534
CA_PGE_BAY,224,65934.53728740179
CA_PGE_BAY,225,62837.84342592088
CA_PGE_BAY,226,65283.76413899819
CA_PGE_BAY,227,69600.5759025571
CA_PGE_BAY,228,67442.71404849898
CA_PGE_BAY,229,55925.31423575695
CA_PGE_BAY,230,65332.97223146703
CA_PGE_BAY,231,69025.02758384844
CA_PGE_BAY,232,63467.28199428407
CA_PGE_BAY,233,65403.00586200457
CA_PGE_BAY,234,71453.7995362594
CA_PGE_BAY,235,71886.14695012382
CA_PGE_BAY,236,50858.56372017743
CA_PGE_BAY,237,65369.729036161276
CA_PGE_BAY,238,63881.38316346584
CA_PGE_BAY,239,61742.817483491606
CA_PGE_BAY,240,64685.80129208436
CA_PGE_BAY,241,73659.6143057525
CA_PGE_BAY,242,73574.17280350029
CA_PGE_BAY,243,50733.49136333182
CA_PGE_BAY,244,54108.97107986091
CA_PGE_BAY,245,67837.58070781894
CA_PGE_BAY,246,63281.45062806593
CA_PGE_BAY,247,63526.765468362726
CA_PGE_BAY,248,74386.28950057276
CA_PGE_BAY,249,69841.56913746506
CA_PGE_BAY,250,51505.75952055606
CA_PGE_BAY,251,66568.93650022255
CA_PGE_BAY,252,69589.28483175747
CA_PGE_BAY,253,70045.70883379792
CA_PGE_BAY,254,68295.91086809762
CA_PGE_BAY,255,77486.01586047663
CA_PGE_BAY,256,70313.43029564203
CA_PGE_BAY,257,55069.36518089741
CA_PGE_BAY,258,66344.67824533873
CA_PGE_BAY,259,72425.38944556522
CA_PGE_BAY,260,69999.52686168882
CA_PGE_BAY,261,67740.07893456456
CA_PGE_BAY,262,77199.2354601663
CA_PGE_BAY,263,73175.6030525859
CA_PGE_BAY,264,55002.97662080588
CA_PGE_BAY,265,70734.44533905969
CA_PGE_BAY,266,70914.3476399776
CA_PGE_BAY,267,64548.968104644795
CA_PGE_BAY,268,67680.54247759613
CA_PGE_BAY,269,78943.0595904878
CA_PGE_BAY,270,75080.63828569741
CA_PGE_BAY,271,57917.08312382643
CA_PGE_BAY,272,70449.81759997869
CA_PGE_BAY,273,72413.81039737018
CA_PGE_BAY,274,66357.15849498544
CA_PGE_BAY,275,68125.87796963338
CA_PGE_BAY,276,76223.66478383089
CA_PGE_BAY,277,74705.79578844785
CA_PGE_BAY,278,56161.191141409596
CA_PGE_BAY,279,71953.55744248717
CA_PGE_BAY,280,71887.47867857218
CA_PGE_BAY,281,73337.08685496177
CA_PGE_BAY,282,73122.25236665174
CA_PGE_BAY,283,78416.81450295456
CA_PGE_BAY,284,78175.94362519012
CA_PGE_BAY,285,58469.15259911172
CA_PGE_BAY,286,69912.0382543889
CA_PGE_BAY,287,72722.53891359399
CA_PGE_BAY,288,71322.26187744594
CA_PGE_BAY,289,74077.67277246565
CA_PGE_BAY,290,79764.06159929057
CA_PGE_BAY,291,77856.75146385827
CA_PGE_BAY,292,56707.93217962958
CA_PGE_BAY,293,73024.91342452538
CA_PGE_BAY,294,74076.28345003209
CA_PGE_BAY,295,68456.01627378221
CA_PGE_BAY,296,69947.52571740872
CA_PGE_BAY,297,81520.6100392264
CA_PGE_BAY,298,78686.81659145099
CA_PGE_BAY,299,54540.08865592732
CA_PGE_BAY,300,71373.8484569321
CA_PGE_BAY,301,76188.89137538461
CA_PGE_BAY,302,66630.46889578748
CA_PGE_BAY,303,70949.2405362074
CA_PGE_BAY,304,70766.85555661542
CA_PGE_BAY,305,71841.67409727217
CA_PGE_BAY,306,53196.25270036386
CA_PGE_BAY,307,67920.0351258278
CA_PGE_BAY,308,64236.36007507629
CA_PGE_BAY,309,60182.41971751636
CA_PGE_BAY,310,65148.071394921215
CA_PGE_BAY,311,76637.48958721563
CA_PGE_BAY,312,71395.72643446075
CA_PGE_BAY,313,53324.85458987854
CA_PGE_BAY,314,69567.48894920827
CA_PGE_BAY,315,66423.194136218
CA_PGE_BAY,316,65506.21139265955
CA_PGE_BAY,317,68854.86044420632
CA_PGE_BAY,318,76357.04767802879
CA_PGE_BAY,319,73192.86077179083
CA_PGE_BAY,320,53003.24377812818
CA_PGE_BAY,321,68217.61372812936
CA_PGE_BAY,322,71266.1565930473
CA_PGE_BAY,323,66144.38338841748
CA_PGE_BAY,324,61157.252312272605
CA_PGE_BAY,325,66388.54932461164
CA_PGE_BAY,326,69297.02143447685
CA_PGE_BAY,327,66788.72658043771
CA_PGE_BAY,328,67275.6634786276
CA_PGE_BAY,329,67337.88223224181
CA_PGE_BAY,330,75681.7370882068
CA_PGE_BAY,331,73722.9411005316
CA_PGE_BAY,332,40293.53649195713
CA_PGE_BAY,333,63079.95284332743
CA_PGE_BAY,334,66706.37834094946
CA_PGE_BAY,335,79736.97943763902
CA_PGE_BAY,336,74926.51386593009
CA_PGE_BAY,337,66453.81780639317
CA_PGE_BAY,338,65484.978117528946
CA_PGE_BAY,339,73265.32269682952
CA_PGE_BAY,340,71570.43290453013
CA_PGE_BAY,341,54828.294689996015
CA_PGE_BAY,342,66668.44855745189
CA_PGE_BAY,343,65582.77518938214
CA_PGE_BAY,344,65591.50402366777
CA_PGE_BAY,345,65416.59465276392
CA_PGE_BAY,346,74148.18297917453
CA_PGE_BAY,347,66237.44164799298
CA_PGE_BAY,348,53763.97500533754
CA_PGE_BAY,349,65393.69778700506
CA_PGE_BAY,350,63574.268855154216
CA_PGE_BAY,351,67764.73566148336
CA_PGE_BAY,352,66180.11260056861
CA_PGE_BAY,353,74376.99153499861
CA_PGE_BAY,354,78126.88348265912
CA_PGE_BAY,355,64629.10304362097
CA_PGE_BAY,356,66200.49723619691
CA_PGE_BAY,357,70605.61101941695
CA_PGE_BAY,358,51896.95347331887
CA_PGE_BAY,359,48905.72905091843
CA_PGE_BAY,360,68442.43454763784
CA_PGE_BAY,361,76210.60988202506
CA_PGE_BAY,362,65596.93838672867
CA_PGE_BAY,363,62949.782288471375
CA_PGE_BAY,364,68465.10691687468
CA_PGE_BAY,365,56569.47187947228
CA_PGE_CEN,1,4.282678040553888
CA_PGE_CEN,2,4.143641178507851
CA_PGE_CEN,3,5.741252963686173
CA_PGE_CEN,4,6.444053305713179
CA_PGE_CEN,5,5.062730798531704
CA_PGE_CEN,6,4.675794474606926
CA_PGE_CEN,7,4.763038579031282
CA_PGE_CEN,8,5.551041611245608
CA_PGE_CEN,9,5.358238465601132
CA_PGE_CEN,10,5.467703906371305
CA_PGE_CEN,11,5.597929194249136
CA_PGE_CEN,12,6.300114928091442
CA_PGE_CEN,13,3.4055023272945326
CA_PGE_CEN,14,4.2451433302180765
CA_PGE_CEN,15,5.544992482410006
CA_PGE_CEN,16,5.759866885755956
CA_PGE_CEN,17,5.659113351018166
CA_PGE_CEN,18,6.724635926241989
CA_PGE_CEN,19,6.439139897076348
CA_PGE_CEN,20,4.408717344873172
CA_PGE_CEN,21,5.187923355009614
CA_PGE_CEN,22,4.9168548207029446
CA_PGE_CEN,23,5.358727511100678
CA_PGE_CEN,24,6.173498581555088
CA_PGE_CEN,25,8.528979030136199
CA_PGE_CEN,26,7.371202822458915
CA_PGE_CEN,27,3.6987197302074266
CA_PGE_CEN,28,4.984058978326854
CA_PGE_CEN,29,7.481034903285071
CA_PGE_CEN,30,6.07522985737114
CA_PGE_CEN,31,6.878059730700501
CA_PGE_CEN,32,5.936541498160521
CA_PGE_CEN,33,7.10992450038648
CA_PGE_CEN,34,5.158316195881345
CA_PGE_CEN,35,4.11684519512161
CA_PGE_CEN,36,6.041385757411751
CA_PGE_CEN,37,5.827088439447005
CA_PGE_CEN,38,6.178000270778008
CA_PGE_CEN,39,6.728667157645618
CA_PGE_CEN,40,6.495210872361951
CA_PGE_CEN,41,3.7554995337925616
CA_PGE_CEN,42,3.8193298993662026
CA_PGE_CEN,43,6.239670365263796
CA_PGE_CEN,44,5.707644852673831
CA_PGE_CEN,45,5.500107267954913
CA_PGE_CEN,46,7.706893113524611
CA_PGE_CEN,47,6.637717503393791
CA_PGE_CEN,48,3.865840896666971
CA_PGE_CEN,49,4.6594240431351786
CA_PGE_CEN,50,5.742168283839353
CA_PGE_CEN,51,5.0052281893209285
CA_PGE_CEN,52,6.838533785440213
CA_PGE_CEN,53,6.667917720708339
CA_PGE_CEN,54,6.4215363853080945
CA_PGE_CEN,55,4.249627907480722
CA_PGE_CEN,56,5.113873464420766
CA_PGE_CEN,57,6.015713160013559
CA_PGE_CEN,58,6.107090768577959
CA_PGE_CEN,59,6.248360250343435
CA_PGE_CEN,60,6.69685977789564
CA_PGE_CEN,61,4.517689958330609
CA_PGE_CEN,62,5.8988826499184235
CA_PGE_CEN,63,5.606464593770102
CA_PGE_CEN,64,5.838335541418126
CA_PGE_CEN,65,6.230779461017057
CA_PGE_CEN,66,7.067379624029495
CA_PGE_CEN,67,5.896838734120947
CA_PGE_CEN,68,3.8377984903546203
CA_PGE_CEN,69,5.9300880525206265
CA_PGE_CEN,70,5.977246205261033
CA_PGE_CEN,71,5.895465334794556
CA_PGE_CEN,72,6.124808171494163
CA_PGE_CEN,73,6.332218412211805
CA_PGE_CEN,74,7.239673500198848
CA_PGE_CEN,75,3.5538928386263597
CA_PGE_CEN,76,5.059128143900956
CA_PGE_CEN,77,6.409269570195686
CA_PGE_CEN,78,6.253104123885001
CA_PGE_CEN,79,6.28323079130299
CA_PGE_CEN,80,6.712469291100016
CA_PGE_CEN,81,6.501669554289168
CA_PGE_CEN,82,4.07862308992808
CA_PGE_CEN,83,5.404504804124831
CA_PGE_CEN,84,6.674302415145173
CA_PGE_CEN,85,5.282368778187707
CA_PGE_CEN,86,6.763447216409298
CA_PGE_CEN,87,6.124949667313604
CA_PGE_CEN,88,6.870379059118512
CA_PGE_CEN,89,4.00510493227673
CA_PGE_CEN,90,4.269374679106329
CA_PGE_CEN,91,5.358976888812665
CA_PGE_CEN,92,5.77599391133321
CA_PGE_CEN,93,6.735773000581425
CA_PGE_CEN,94,7.0186314806281835
CA_PGE_CEN,95,6.334641086678355
CA_PGE_CEN,96,4.495007230524196
CA_PGE_CEN,97,4.686169798774816
CA_PGE_CEN,98,5.581119938473335
CA_PGE_CEN,99,6.089166836389555
CA_PGE_CEN,100,5.7394010866136185
CA_PGE_CEN,101,7.06961297171319
CA_PGE_CEN,102,7.06159245275993
CA_PGE_CEN,103,4.253650835409427
CA_PGE_CEN,104,6.066822982429971
CA_PGE_CEN,105,6.510550242762167
CA_PGE_CEN,106,4.595859563276348
CA_PGE_CEN,107,5.417059954600826
CA_PGE_CEN,108,7.152844370630961
CA_PGE_CEN,109,6.161281687918241
CA_PGE_CEN,110,3.638643354491728
CA_PGE_CEN,111,5.373276351646283
CA_PGE_CEN,112,6.7389869464078975
CA_PGE_CEN,113,5.369410724258906
CA_PGE_CEN,114,7.254167659489453
CA_PGE_CEN,115,7.166594702885645
CA_PGE_CEN,116,7.922801878629997
CA_PGE_CEN,117,4.126821000508028
CA_PGE_CEN,118,5.3947080501879165
CA_PGE_CEN,119,6.096040002642258
CA_PGE_CEN,120,5.884329490500978
CA_PGE_CEN,121,7.392399600753835
CA_PGE_CEN,122,9.144288530637679
CA_PGE_CEN,123,8.314296568570503
CA_PGE_CEN,124,5.187928074024696
CA_PGE_CEN,125,6.313826217564305
CA_PGE_CEN,126,7.213410294671624
CA_PGE_CEN,127,8.692636859866525
CA_PGE_CEN,128,8.188830617096455
CA_PGE_CEN,129,8.42355224184039
CA_PGE_CEN,130,9.81522322198018
CA_PGE_CEN,131,4.866624465444822
CA_PGE_CEN,132,7.05111889382339
CA_PGE_CEN,133,7.2358214900155255
CA_PGE_CEN,134,6.0380993830446315
CA_PGE_CEN,135,9.60730853895802
CA_PGE_CEN,136,9.150485813973226
CA_PGE_CEN,137,7.934784971313111
CA_PGE_CEN,138,6.029657960263183
CA_PGE_CEN,139,7.233420972344526
CA_PGE_CEN,140,7.542229188548537
CA_PGE_CEN,141,8.75973478726953
CA_PGE_CEN,142,8.065949880538685
CA_PGE_CEN,143,8.202734148479205
CA_PGE_CEN,144,8.133231662851276
CA_PGE_CEN,145,4.038040596805913
CA_PGE_CEN,146,4.964252877043231
CA_PGE_CEN,147,6.881336141801058
CA_PGE_CEN,148,7.447696834915551
CA_PGE_CEN,149,6.379717141867504
CA_PGE_CEN,150,8.539185948220437
CA_PGE_CEN,151,8.652897492390753
CA_PGE_CEN,152,5.753927541106883
CA_PGE_CEN,153,9.322103386134966
CA_PGE_CEN,154,9.504397037968001
CA_PGE_CEN,155,9.583344281186477
CA_PGE_CEN,156,11.064902150430227
CA_PGE_CEN,157,10.497628328792205
CA_PGE_CEN,158,11.593732369950864
CA_PGE_CEN,159,8.453219661611975
CA_PGE_CEN,160,10.198635022250864
CA_PGE_CEN,161,9.193063370977725
CA_PGE_CEN,162,11.853428471994544
CA_PGE_CEN,163,11.278663141550956
CA_PGE_CEN,164,10.456670954870578
CA_PGE_CEN,165,10.424266254824285
CA_PGE_CEN,166,8.322980831209016
CA_PGE_CEN,167,8.065219528537726
CA_PGE_CEN,168,9.19120076692455
CA_PGE_CEN,169,10.703103634526073
CA_PGE_CEN,170,9.216463433046433
CA_PGE_CEN,171,10.930424320886756
CA_PGE_CEN,172,10.527561559421857
CA_PGE_CEN,173,8.316162563146978
CA_PGE_CEN,174,8.638774119920782
CA_PGE_CEN,175,9.157467207116971
CA_PGE_CEN,176,10.234869086463101
CA_PGE_CEN,177,9.63720701113947
CA_PGE_CEN,178,11.172463006824298
CA_PGE_CEN,179,10.851868047371944
CA_PGE_CEN,180,8.279854900862281
CA_PGE_CEN,181,7.444528082384571
CA_PGE_CEN,182,7.80581339989583
CA_PGE_CEN,183,9.94296356332487
CA_PGE_CEN,184,9.694269031468972
CA_PGE_CEN,185,5.13643310752829
CA_PGE_CEN,186,6.864423019494038
CA_PGE_CEN,187,6.557594856848334
CA_PGE_CEN,188,8.663303939262699
CA_PGE_CEN,189,9.347838275700509
CA_PGE_CEN,190,8.668648273377809
CA_PGE_CEN,191,10.52142760570995
CA_PGE_CEN,192,9.159271588750787
CA_PGE_CEN,193,8.654664439628911
CA_PGE_CEN,194,8.42185785444595
CA_PGE_CEN,195,8.144158416606297
CA_PGE_CEN,196,9.875068610266661
CA_PGE_CEN,197,9.20648142804848
CA_PGE_CEN,198,10.106223200562798
CA_PGE_CEN,199,10.297220917572531
CA_PGE_CEN,200,9.684327173314925
CA_PGE_CEN,201,6.707918955668004
CA_PGE_CEN,202,8.371944960234565
CA_PGE_CEN,203,8.602437104499245
CA_PGE_CEN,204,7.742085403267485
CA_PGE_CEN,205,9.861917249335276
CA_PGE_CEN,206,10.304223200769162
CA_PGE_CEN,207,10.105917601949473
CA_PGE_CEN,208,7.4925044917941435
CA_PGE_CEN,209,7.703147183974756
CA_PGE_CEN,210,9.626513408900506
CA_PGE_CEN,211,8.245230896956535
CA_PGE_CEN,212,9.40688400895165
CA_PGE_CEN,213,12.790354672485575
CA_PGE_CEN,214,11.749672076761444
CA_PGE_CEN,215,7.748084914721443
CA_PGE_CEN,216,10.318954078004179
CA_PGE_CEN,217,10.402225679415423
CA_PGE_CEN,218,9.367848191441706
CA_PGE_CEN,219,11.77291681180193
CA_PGE_CEN,220,12.647049961296144
CA_PGE_CEN,221,11.357164967377933
CA_PGE_CEN,222,7.582700749292485
CA_PGE_CEN,223,9.359261767928071
CA_PGE_CEN,224,10.627818962877253
CA_PGE_CEN,225,9.961773276803656
CA_PGE_CEN,226,11.314921384153099
CA_PGE_CEN,227,13.30603639729859
CA_PGE_CEN,228,11.28806671807449
CA_PGE_CEN,229,8.096474684052222
CA_PGE_CEN,230,9.811579322460807
CA_PGE_CEN,231,11.07362279108511
CA_PGE_CEN,232,9.973918148349384
CA_PGE_CEN,233,10.084663362983509
CA_PGE_CEN,234,10.312576831497767
CA_PGE_CEN,235,10.076110871047641
CA_PGE_CEN,236,6.867781214793177
CA_PGE_CEN,237,8.631162251172235
CA_PGE_CEN,238,9.310299657096186
CA_PGE_CEN,239,10.04944813121353
CA_PGE_CEN,240,10.031644220451847
CA_PGE_CEN,241,12.113978981275155
CA_PGE_CEN,242,10.9241720585422
CA_PGE_CEN,243,7.523203076730875
CA_PGE_CEN,244,6.794444776800577
CA_PGE_CEN,245,8.594286558685367
CA_PGE_CEN,246,8.134572204913223
CA_PGE_CEN,247,9.115278284627218
CA_PGE_CEN,248,10.013340183152366
CA_PGE_CEN,249,9.824687398695872
CA_PGE_CEN,250,5.67128170182766
CA_PGE_CEN,251,8.09228603797047
CA_PGE_CEN,252,8.763230769585215
CA_PGE_CEN,253,9.947924817337066
CA_PGE_CEN,254,9.763653019036862
CA_PGE_CEN,255,10.384656490644115
CA_PGE_CEN,256,8.447055355461666
CA_PGE_CEN,257,6.706444999898202
CA_PGE_CEN,258,9.100540963249133
CA_PGE_CEN,259,9.507683264522884
CA_PGE_CEN,260,9.44719923916431
CA_PGE_CEN,261,10.856355596667093
CA_PGE_CEN,262,10.089257713502594
CA_PGE_CEN,263,10.30642874874007
CA_PGE_CEN,264,6.587220112788378
CA_PGE_CEN,265,9.097559734483914
CA_PGE_CEN,266,9.52366987455174
CA_PGE_CEN,267,8.989052825140874
CA_PGE_CEN,268,8.746836837464276
CA_PGE_CEN,269,10.396824520716907
CA_PGE_CEN,270,10.186269462399675
CA_PGE_CEN,271,7.214808650765395
CA_PGE_CEN,272,8.112888860330122
CA_PGE_CEN,273,9.544375460614702
CA_PGE_CEN,274,8.027473154319166
CA_PGE_CEN,275,8.529724045092758
CA_PGE_CEN,276,9.687312862942653
CA_PGE_CEN,277,8.809358720077512
CA_PGE_CEN,278,5.7317399168921845
CA_PGE_CEN,279,7.238170558540319
CA_PGE_CEN,280,8.314872073985795
CA_PGE_CEN,281,9.003420611362392
CA_PGE_CEN,282,9.58670447620421
CA_PGE_CEN,283,10.167581847150359
CA_PGE_CEN,284,9.472344068931667
CA_PGE_CEN,285,7.087046525795998
CA_PGE_CEN,286,7.645679926434661
CA_PGE_CEN,287,8.649216175755713
CA_PGE_CEN,288,9.186748493140982
CA_PGE_CEN,289,10.887660398561845
CA_PGE_CEN,290,10.924510826043134
CA_PGE_CEN,291,9.619042475416455
CA_PGE_CEN,292,6.918509676795987
CA_PGE_CEN,293,7.971563004977842
CA_PGE_CEN,294,9.138740039252655
CA_PGE_CEN,295,8.613588735171778
CA_PGE_CEN,296,8.974620757961041
CA_PGE_CEN,297,9.311801116335536
CA_PGE_CEN,298,10.216136185564643
CA_PGE_CEN,299,5.973565968725474
CA_PGE_CEN,300,9.036350866797077
CA_PGE_CEN,301,10.34307471704379
CA_PGE_CEN,302,8.776928135710008
CA_PGE_CEN,303,9.243323390853247
CA_PGE_CEN,304,9.375596218743755
CA_PGE_CEN,305,9.972279905254378
CA_PGE_CEN,306,7.786998021227711
CA_PGE_CEN,307,7.840043530718419
CA_PGE_CEN,308,7.884776496009984
CA_PGE_CEN,309,9.253099513169362
CA_PGE_CEN,310,9.998100368990187
CA_PGE_CEN,311,10.614574683355446
CA_PGE_CEN,312,9.687538508688752
CA_PGE_CEN,313,6.665598255764394
CA_PGE_CEN,314,7.8882838670913324
CA_PGE_CEN,315,8.664951971692771
CA_PGE_CEN,316,9.03970309797872
CA_PGE_CEN,317,9.474484498533654
CA_PGE_CEN,318,12.233284418321485
CA_PGE_CEN,319,11.195722395335752
CA_PGE_CEN,320,6.047617025817702
CA_PGE_CEN,321,8.19387629463852
CA_PGE_CEN,322,9.282475902315335
CA_PGE_CEN,323,8.998855827151251
CA_PGE_CEN,324,10.426526008777238
CA_PGE_CEN,325,11.485791420458252
CA_PGE_CEN,326,11.992156742976464
CA_PGE_CEN,327,8.782505940805878
CA_PGE_CEN,328,9.551020779096644
CA_PGE_CEN,329,11.470704929025885
CA_PGE_CEN,330,12.385456139535744
CA_PGE_CEN,331,10.483479785332847
CA_PGE_CEN,332,3.95233894038263
CA_PGE_CEN,333,8.002708909693022
CA_PGE_CEN,334,9.416312607266534
CA_PGE_CEN,335,10.599890571198575
CA_PGE_CEN,336,11.217060128021007
CA_PGE_CEN,337,10.566703031024613
CA_PGE_CEN,338,10.985052647369848
CA_PGE_CEN,339,12.140176973694318
CA_PGE_CEN,340,10.684345241051222
CA_PGE_CEN,341,8.61807511360107
CA_PGE_CEN,342,8.586447743960141
CA_PGE_CEN,343,9.170156881760324
CA_PGE_CEN,344,11.332132762831941
CA_PGE_CEN,345,12.959033981753016
CA_PGE_CEN,346,13.280934897906056
CA_PGE_CEN,347,11.532721071334917
CA_PGE_CEN,348,7.569733502959593
CA_PGE_CEN,349,8.648387396483068
CA_PGE_CEN,350,10.039197132490422
CA_PGE_CEN,351,12.450517365402012
CA_PGE_CEN,352,12.551554556564126
CA_PGE_CEN,353,14.294869582923837
CA_PGE_CEN,354,10.123379128640824
CA_PGE_CEN,355,8.21866245107522
CA_PGE_CEN,356,9.797147556714888
CA_PGE_CEN,357,11.62864798863239
CA_PGE_CEN,358,7.495885718747739
CA_PGE_CEN,359,4.777139935697119
CA_PGE_CEN,360,10.556693538717331
CA_PGE_CEN,361,12.85762610696429
CA_PGE_CEN,362,8.488831884027631
CA_PGE_CEN,363,8.580227140059673
CA_PGE_CEN,364,11.404910242322597
CA_PGE_CEN,365,8.402608030704226
CA_PGE_N,1,0.09624992389738347
CA_PGE_N,2,0.09458945280710047
CA_PGE_N,3,0.10297640146355287
CA_PGE_N,4,0.13671066884170657
CA_PGE_N,5,0.11402011963282291
CA_PGE_N,6,0.08210723196610156
CA_PGE_N,7,0.11896441306589213
CA_PGE_N,8,0.12805524695814355
CA_PGE_N,9,0.13267298208295272
CA_PGE_N,10,0.13729349454081763
CA_PGE_N,11,0.17439019035302086
CA_PGE_N,12,0.14794948724623233
CA_PGE_N,13,0.07272728401243934
CA_PGE_N,14,0.0994896128297402
CA_PGE_N,15,0.11892863943799897
CA_PGE_N,16,0.08367549471106948
CA_PGE_N,17,0.08826916136993712
CA_PGE_N,18,0.14032944205610304
CA_PGE_N,19,0.12823611935277857
CA_PGE_N,20,0.0838992533315834
CA_PGE_N,21,0.13779284426029767
CA_PGE_N,22,0.11452261299566918
CA_PGE_N,23,0.12684559412908092
CA_PGE_N,24,0.1371126788308179
CA_PGE_N,25,0.1408353252705068
CA_PGE_N,26,0.13073848824872336
CA_PGE_N,27,0.060340504224746926
CA_PGE_N,28,0.13119290690181823
CA_PGE_N,29,0.13130803853695025
CA_PGE_N,30,0.10300518138901248
CA_PGE_N,31,0.09238971413542153
CA_PGE_N,32,0.1163078135394925
CA_PGE_N,33,0.12697001815306533
CA_PGE_N,34,0.06876725057608764
CA_PGE_N,35,0.08472757749320448
CA_PGE_N,36,0.09967112757485122
CA_PGE_N,37,0.08448542657318533
CA_PGE_N,38,0.10383833663400824
CA_PGE_N,39,0.110634986216153
CA_PGE_N,40,0.13258591681686915
CA_PGE_N,41,0.05856692002653894
CA_PGE_N,42,0.08297504135324699
CA_PGE_N,43,0.1560515386534457
CA_PGE_N,44,0.08732553910231416
CA_PGE_N,45,0.08070658241569999
CA_PGE_N,46,0.12587002701600733
CA_PGE_N,47,0.12279224018683267
CA_PGE_N,48,0.0899125727608559
CA_PGE_N,49,0.09478512132967262
CA_PGE_N,50,0.11276196306684405
CA_PGE_N,51,0.09745608591822322
CA_PGE_N,52,0.11602298006206636
CA_PGE_N,53,0.16072607575334832
CA_PGE_N,54,0.12849277807838497
CA_PGE_N,55,0.11517347860281418
CA_PGE_N,56,0.11796858359048165
CA_PGE_N,57,0.09767434306943892
CA_PGE_N,58,0.10117912784730158
CA_PGE_N,59,0.08174218237302468
CA_PGE_N,60,0.09722537991763915
CA_PGE_N,61,0.07940529234101126
CA_PGE_N,62,0.09953264817677808
CA_PGE_N,63,0.1295583723139497
CA_PGE_N,64,0.09113587721168023
CA_PGE_N,65,0.11328170058141603
CA_PGE_N,66,0.13543044923320668
CA_PGE_N,67,0.11737998698068441
CA_PGE_N,68,0.0940162572831882
CA_PGE_N,69,0.12529078888501324
CA_PGE_N,70,0.13470091838660403
CA_PGE_N,71,0.09896571429262582
CA_PGE_N,72,0.09763784671689145
CA_PGE_N,73,0.15523788877090794
CA_PGE_N,74,0.14055898143592346
CA_PGE_N,75,0.0761569997484206
CA_PGE_N,76,0.1240104595856559
CA_PGE_N,77,0.1322553055216131
CA_PGE_N,78,0.1039716321482856
CA_PGE_N,79,0.13058525582881814
CA_PGE_N,80,0.1399095115928223
CA_PGE_N,81,0.15326593293537386
CA_PGE_N,82,0.089077503946312
CA_PGE_N,83,0.13428692947086648
CA_PGE_N,84,0.14429405376806528
CA_PGE_N,85,0.10329157620432246
CA_PGE_N,86,0.15216209809298584
CA_PGE_N,87,0.13909658932586216
CA_PGE_N,88,0.143921477380209
CA_PGE_N,89,0.08483784647479388
CA_PGE_N,90,0.07955246892068649
CA_PGE_N,91,0.18753251604096127
CA_PGE_N,92,0.1371646501689771
CA_PGE_N,93,0.13334015151327824
CA_PGE_N,94,0.20989239039241958
CA_PGE_N,95,0.20887496985899867
CA_PGE_N,96,0.14107777456963524
CA_PGE_N,97,0.2282944585762447
CA_PGE_N,98,0.20151332917445677
CA_PGE_N,99,0.16442805672662522
CA_PGE_N,100,0.15451820661248025
CA_PGE_N,101,0.2006206739476707
CA_PGE_N,102,0.25453938010936805
CA_PGE_N,103,0.12699390578211572
CA_PGE_N,104,0.17756891900288305
CA_PGE_N,105,0.2492102953382166
CA_PGE_N,106,0.1626001604055817
CA_PGE_N,107,0.1877675245234156
CA_PGE_N,108,0.2290074293616415
CA_PGE_N,109,0.2490348451539263
CA_PGE_N,110,0.13520651779955725
CA_PGE_N,111,0.23839359166825783
CA_PGE_N,112,0.20392513632073925
CA_PGE_N,113,0.13744917035290102
CA_PGE_N,114,0.1678725873434881
CA_PGE_N,115,0.23591157450285882
CA_PGE_N,116,0.2553167749048152
CA_PGE_N,117,0.1159880807079336
CA_PGE_N,118,0.18967623801751435
CA_PGE_N,119,0.192976974935679
CA_PGE_N,120,0.11356555252527535
CA_PGE_N,121,0.4384426165003459
CA_PGE_N,122,0.468752714054865
CA_PGE_N,123,0.42094834377648804
CA_PGE_N,124,0.29237016939538185
CA_PGE_N,125,0.46754685076080243
CA_PGE_N,126,0.40748170511850634
CA_PGE_N,127,0.2887699766329667
CA_PGE_N,128,0.34727574265057864
CA_PGE_N,129,0.37936627315284416
CA_PGE_N,130,0.46198224491106327
CA_PGE_N,131,0.24703427276680798
CA_PGE_N,132,0.34446916820958634
CA_PGE_N,133,0.5640425570605531
CA_PGE_N,134,0.29234857895395516
CA_PGE_N,135,0.3899272982324343
CA_PGE_N,136,0.597676130049214
CA_PGE_N,137,0.549574584003015
CA_PGE_N,138,0.2882009240901375
CA_PGE_N,139,0.4668275390019073
CA_PGE_N,140,0.4927332961320373
CA_PGE_N,141,0.3402279049762039
CA_PGE_N,142,0.4955309062597427
CA_PGE_N,143,0.4716577282083979
CA_PGE_N,144,0.5491682060971467
CA_PGE_N,145,0.2771024040749036
CA_PGE_N,146,0.2833729921609984
CA_PGE_N,147,0.6050040320630713
CA_PGE_N,148,0.37496522517925623
CA_PGE_N,149,0.36545008622380054
CA_PGE_N,150,0.4070149730831765
CA_PGE_N,151,0.4162510742795273
CA_PGE_N,152,0.4470766512588991
CA_PGE_N,153,0.7146123057004556
CA_PGE_N,154,0.53576087158755
CA_PGE_N,155,0.4955215477105489
CA_PGE_N,156,0.6450073900324305
CA_PGE_N,157,1.224119650122959
CA_PGE_N,158,0.8556035072020086
CA_PGE_N,159,0.45709643198067174
CA_PGE_N,160,1.4756996584738622
CA_PGE_N,161,0.7541981811410011
CA_PGE_N,162,0.5409966230816472
CA_PGE_N,163,0.5483939742053792
CA_PGE_N,164,0.7526474019017528
CA_PGE_N,165,0.600239041926772
CA_PGE_N,166,0.4164493933640174
CA_PGE_N,167,0.5846351036005974
CA_PGE_N,168,0.5257930230775669
CA_PGE_N,169,0.44449894065722845
CA_PGE_N,170,0.5825206676838507
CA_PGE_N,171,0.5939861438277825
CA_PGE_N,172,0.6423195830617359
CA_PGE_N,173,0.45256989117261526
CA_PGE_N,174,0.6574429200845202
CA_PGE_N,175,0.6638616498802129
CA_PGE_N,176,0.41531656661339883
CA_PGE_N,177,0.5726550631280923
CA_PGE_N,178,0.70873023873599
CA_PGE_N,179,0.7296049845160592
CA_PGE_N,180,0.39536763517852636
CA_PGE_N,181,0.5070119462023008
CA_PGE_N,182,0.24599587577519022
CA_PGE_N,183,0.21640969451466552
CA_PGE_N,184,0.2288061284267665
CA_PGE_N,185,0.15899007611134955
CA_PGE_N,186,0.15472213202182752
CA_PGE_N,187,0.19546773088084662
CA_PGE_N,188,0.24638897316003092
CA_PGE_N,189,0.24154625265249502
CA_PGE_N,190,0.22075592265738142
CA_PGE_N,191,0.2348823193190534
CA_PGE_N,192,0.38757102054886056
CA_PGE_N,193,0.31625569405746007
CA_PGE_N,194,0.2206586883127321
CA_PGE_N,195,0.4907912480437907
CA_PGE_N,196,0.34309115383623
CA_PGE_N,197,0.24227569928837395
CA_PGE_N,198,0.3169322325381547
CA_PGE_N,199,0.5243443316238826
CA_PGE_N,200,0.32745112454448994
CA_PGE_N,201,0.2047906792108889
CA_PGE_N,202,0.7469337252293626
CA_PGE_N,203,0.31892043066554926
CA_PGE_N,204,0.19654676578068103
CA_PGE_N,205,0.19875012881625673
CA_PGE_N,206,0.3684914614200306
CA_PGE_N,207,0.3271881339614279
CA_PGE_N,208,0.30393591457331454
CA_PGE_N,209,0.5511588160542222
CA_PGE_N,210,0.26702602387909435
CA_PGE_N,211,0.20843897729904887
CA_PGE_N,212,0.29762776499003935
CA_PGE_N,213,0.49064706425035404
CA_PGE_N,214,0.5572210656773433
CA_PGE_N,215,0.38336831365235036
CA_PGE_N,216,0.5198489716207834
CA_PGE_N,217,0.5538741871363633
CA_PGE_N,218,0.418213705690489
CA_PGE_N,219,0.44408561224101
CA_PGE_N,220,0.6513050211381815
CA_PGE_N,221,0.46607615115939927
CA_PGE_N,222,0.316371192706265
CA_PGE_N,223,0.5557742315945751
CA_PGE_N,224,0.4599642256242064
CA_PGE_N,225,0.4194135286804352
CA_PGE_N,226,0.45794395800110393
CA_PGE_N,227,0.5916242972533409
CA_PGE_N,228,0.5235244539232241
CA_PGE_N,229,0.367022979684873
CA_PGE_N,230,0.47753714218716076
CA_PGE_N,231,0.5635710755526308
CA_PGE_N,232,0.2921501157503507
CA_PGE_N,233,0.42478118547714283
CA_PGE_N,234,0.642737561593738
CA_PGE_N,235,0.4888365392797669
CA_PGE_N,236,0.32077354191993235
CA_PGE_N,237,0.597163174136442
CA_PGE_N,238,0.4723574449515834
CA_PGE_N,239,0.40796637987926565
CA_PGE_N,240,0.4465287091503203
CA_PGE_N,241,0.5260441187378625
CA_PGE_N,242,0.6751152909402366
CA_PGE_N,243,0.3977425172687743
CA_PGE_N,244,0.19251992400151857
CA_PGE_N,245,0.2951986653119721
CA_PGE_N,246,0.22835771894602774
CA_PGE_N,247,0.24158217223547226
CA_PGE_N,248,0.281337212259358
CA_PGE_N,249,0.2607501758468581
CA_PGE_N,250,0.1545283555047025
CA_PGE_N,251,0.2434805049411928
CA_PGE_N,252,0.31920424936014086
CA_PGE_N,253,0.33654578414959696
CA_PGE_N,254,0.2429257496280317
CA_PGE_N,255,0.3189281388345342
CA_PGE_N,256,0.2674896030500014
CA_PGE_N,257,0.2055007334222118
CA_PGE_N,258,0.3336756916849654
CA_PGE_N,259,0.26199275581936626
CA_PGE_N,260,0.3785757361670152
CA_PGE_N,261,0.27684048573267933
CA_PGE_N,262,0.34103305153470487
CA_PGE_N,263,0.41453431787445255
CA_PGE_N,264,0.20299642741677612
CA_PGE_N,265,0.3426022197448901
CA_PGE_N,266,0.31096875154793713
CA_PGE_N,267,0.23101299075303075
CA_PGE_N,268,0.27553431458623123
CA_PGE_N,269,0.3591678366244291
CA_PGE_N,270,0.30193215705640253
CA_PGE_N,271,0.21301701380010019
CA_PGE_N,272,0.2827612074966169
CA_PGE_N,273,0.32782360759563023
CA_PGE_N,274,0.3846348286433886
CA_PGE_N,275,0.3668971212930382
CA_PGE_N,276,0.5122730236171835
CA_PGE_N,277,0.46143844471633166
CA_PGE_N,278,0.219126736700545
CA_PGE_N,279,0.6743735943494661
CA_PGE_N,280,0.5371540937108608
CA_PGE_N,281,0.4527113792929274
CA_PGE_N,282,0.4985056476177691
CA_PGE_N,283,0.506659420613563
CA_PGE_N,284,0.45771758463101936
CA_PGE_N,285,0.32253925089334395
CA_PGE_N,286,0.3992915377200835
CA_PGE_N,287,0.45201307839120636
CA_PGE_N,288,0.31833955793004115
CA_PGE_N,289,0.5290376243850027
CA_PGE_N,290,0.5824785660497301
CA_PGE_N,291,0.6056883363008188
CA_PGE_N,292,0.28982870427418084
CA_PGE_N,293,0.5775168968992349
CA_PGE_N,294,0.5164726687525117
CA_PGE_N,295,0.4660450997407185
CA_PGE_N,296,0.3112249745422511
CA_PGE_N,297,0.5282950077382647
CA_PGE_N,298,0.5469387308126339
CA_PGE_N,299,0.2691197293948696
CA_PGE_N,300,0.6129148255101371
CA_PGE_N,301,0.5397684305221563
CA_PGE_N,302,0.4084188657788386
CA_PGE_N,303,0.4519765971678884
CA_PGE_N,304,0.47858293821929215
CA_PGE_N,305,0.7552929586156444
CA_PGE_N,306,0.3776330584586935
CA_PGE_N,307,0.7615245588923537
CA_PGE_N,308,0.7468823299925963
CA_PGE_N,309,0.6165018460982136
CA_PGE_N,310,0.568902808145326
CA_PGE_N,311,0.9672266760689221
CA_PGE_N,312,0.7587043077459379
CA_PGE_N,313,0.5050698207177234
CA_PGE_N,314,0.9649075351630823
CA_PGE_N,315,0.6380805565064376
CA_PGE_N,316,0.5495920360579454
CA_PGE_N,317,0.5562808814122909
CA_PGE_N,318,0.9875893712153124
CA_PGE_N,319,0.7497248075339165
CA_PGE_N,320,0.4354709323290203
CA_PGE_N,321,0.904479659155028
CA_PGE_N,322,0.7496491283666366
CA_PGE_N,323,0.680673039225182
CA_PGE_N,324,0.5533984328654286
CA_PGE_N,325,0.8761172777568255
CA_PGE_N,326,0.8561812563560732
CA_PGE_N,327,0.6425097798186125
CA_PGE_N,328,0.7229881684445653
CA_PGE_N,329,0.7532221039550504
CA_PGE_N,330,0.8164197486962433
CA_PGE_N,331,0.6785824044888654
CA_PGE_N,332,0.31794278058993564
CA_PGE_N,333,0.5984996810506004
CA_PGE_N,334,0.6923976173027897
CA_PGE_N,335,0.6304690071516126
CA_PGE_N,336,0.482640066959686
CA_PGE_N,337,0.4383434773958381
CA_PGE_N,338,0.3151334647475841
CA_PGE_N,339,0.45710768040304517
CA_PGE_N,340,0.5100580035490409
CA_PGE_N,341,0.3019821745712178
CA_PGE_N,342,0.40705106012302106
CA_PGE_N,343,0.42971150279455694
CA_PGE_N,344,0.4165737000259884
CA_PGE_N,345,0.4067660992345741
CA_PGE_N,346,0.7076461402214416
CA_PGE_N,347,0.3955606658423552
CA_PGE_N,348,0.19988792223009347
CA_PGE_N,349,0.4664642041877062
CA_PGE_N,350,0.40689983125921575
CA_PGE_N,351,0.29664574631536705
CA_PGE_N,352,0.37356137685229013
CA_PGE_N,353,0.6154227196977692
CA_PGE_N,354,0.5549803988878235
CA_PGE_N,355,0.3317330253605373
CA_PGE_N,356,0.4253435625642364
CA_PGE_N,357,0.45699391581176696
CA_PGE_N,358,0.1962664933990056
CA_PGE_N,359,0.18063451264094332
CA_PGE_N,360,0.528223849677186
CA_PGE_N,361,0.49108788730119646
CA_PGE_N,362,0.32991986668918466
CA_PGE_N,363,0.33256417500034074
CA_PGE_N,364,0.4402449262043384
CA_PGE_N,365,0.23771097247557926
CA_PGE_S,1,0.2069762365907172
CA_PGE_S,2,0.22190763368782665
CA_PGE_S,3,0.2750019072865011
CA_PGE_S,4,0.25628769201846413
CA_PGE_S,5,0.2368433211920151
CA_PGE_S,6,0.17800721328328953
CA_PGE_S,7,0.15420778377522362
CA_PGE_S,8,0.2388450354502775
CA_PGE_S,9,0.2143665778069364
CA_PGE_S,10,0.29359079240345326
CA_PGE_S,11,0.31821680641063393
CA_PGE_S,12,0.2561680155470681
CA_PGE_S,13,0.11816822533088905
CA_PGE_S,14,0.14899250489381666
CA_PGE_S,15,0.21855158147620823
CA_PGE_S,16,0.3143957381135636
CA_PGE_S,17,0.25563385946954426
CA_PGE_S,18,0.3205576564845858
CA_PGE_S,19,0.2856603495461303
CA_PGE_S,20,0.150160539452149
CA_PGE_S,21,0.1642806331216601
CA_PGE_S,22,0.22149434137631321
CA_PGE_S,23,0.2795852413331229
CA_PGE_S,24,0.27662855584775076
CA_PGE_S,25,0.2876508860524058
CA_PGE_S,26,0.2659617441275035
CA_PGE_S,27,0.1422896728110533
CA_PGE_S,28,0.20718415209872235
CA_PGE_S,29,0.2709829865143415
CA_PGE_S,30,0.24193319263884566
CA_PGE_S,31,0.2887035243037517
CA_PGE_S,32,0.34187356510658856
CA_PGE_S,33,0.2346352973157578
CA_PGE_S,34,0.1384166119431648
CA_PGE_S,35,0.12395130033594874
CA_PGE_S,36,0.14264399509103695
CA_PGE_S,37,0.21371696225096534
CA_PGE_S,38,0.25776373994301954
CA_PGE_S,39,0.28570135943498415
CA_PGE_S,40,0.277211298127524
CA_PGE_S,41,0.1269697078814123
CA_PGE_S,42,0.1196799592131976
CA_PGE_S,43,0.2324448653234597
CA_PGE_S,44,0.2406784953320941
CA_PGE_S,45,0.2509540610143719
CA_PGE_S,46,0.31028785111629775
CA_PGE_S,47,0.2918812979436444
CA_PGE_S,48,0.16472890552255343
CA_PGE_S,49,0.21348013521897408
CA_PGE_S,50,0.2378664007594539
CA_PGE_S,51,0.21086017811789742
CA_PGE_S,52,0.28884431943525507
CA_PGE_S,53,0.28887700618503276
CA_PGE_S,54,0.2753584891019029
CA_PGE_S,55,0.11630683737462649
CA_PGE_S,56,0.1854593448397179
CA_PGE_S,57,0.21933952218810673
CA_PGE_S,58,0.25643907828972906
CA_PGE_S,59,0.23410470701971325
CA_PGE_S,60,0.36109623818500475
CA_PGE_S,61,0.15249432391741788
CA_PGE_S,62,0.2505169467315571
CA_PGE_S,63,0.41170725831531924
CA_PGE_S,64,0.29538921393876244
CA_PGE_S,65,0.281749799089203
CA_PGE_S,66,0.40603238366054717
CA_PGE_S,67,0.3188200836067398
CA_PGE_S,68,0.191101377438542
CA_PGE_S,69,0.28863365194015383
CA_PGE_S,70,0.2951112544177699
CA_PGE_S,71,0.3285245792515349
CA_PGE_S,72,0.32110988959840264
CA_PGE_S,73,0.35122464054999
CA_PGE_S,74,0.3791544832429827
CA_PGE_S,75,0.20518016607669254
CA_PGE_S,76,0.29917355325079914
CA_PGE_S,77,0.3726554352637128
CA_PGE_S,78,0.3935592864996987
CA_PGE_S,79,0.3756885176834166
CA_PGE_S,80,0.3507710252507588
CA_PGE_S,81,0.42288096288272753
CA_PGE_S,82,0.2724705810378441
CA_PGE_S,83,0.3279687592547898
CA_PGE_S,84,0.30458765962594075
CA_PGE_S,85,0.29757700907414325
CA_PGE_S,86,0.4236293091647425
CA_PGE_S,87,0.4280521096542266
CA_PGE_S,88,0.4525915242117702
CA_PGE_S,89,0.2128130254893398
CA_PGE_S,90,0.25612527676591773
CA_PGE_S,91,0.30959146349638095
CA_PGE_S,92,0.2877352580578932
CA_PGE_S,93,0.332034567761343
CA_PGE_S,94,0.3832375486297939
CA_PGE_S,95,0.3349694523940693
CA_PGE_S,96,0.21543628515603203
CA_PGE_S,97,0.2628909355866491
CA_PGE_S,98,0.28908076957821405
CA_PGE_S,99,0.31170975284362723
CA_PGE_S,100,0.3254047253896592
CA_PGE_S,101,0.34518008334818767
CA_PGE_S,102,0.35956700371671735
CA_PGE_S,103,0.22094263952681115
CA_PGE_S,104,0.2747672256101456
CA_PGE_S,105,0.39472281623090116
CA_PGE_S,106,0.3155760516986973
CA_PGE_S,107,0.26376899266758314
CA_PGE_S,108,0.4282031694704498
CA_PGE_S,109,0.384743478872998
CA_PGE_S,110,0.21424204303847644
CA_PGE_S,111,0.2547585629034235
CA_PGE_S,112,0.4295140825157774
CA_PGE_S,113,0.3410318759404479
CA_PGE_S,114,0.4166728986151392
CA_PGE_S,115,0.3519185242238703
CA_PGE_S,116,0.37786847379442523
CA_PGE_S,117,0.2216213521322952
CA_PGE_S,118,0.2690923525164038
CA_PGE_S,119,0.28903109182104747
CA_PGE_S,120,0.25614281935929717
CA_PGE_S,121,0.27105338005710744
CA_PGE_S,122,0.32643238954067294
CA_PGE_S,123,0.3095276112698039
CA_PGE_S,124,0.22922358501982884
CA_PGE_S,125,0.21693741647438267
CA_PGE_S,126,0.2801538849878875
CA_PGE_S,127,0.2946947827928551
CA_PGE_S,128,0.349215366185298
CA_PGE_S,129,0.34971951741703927
CA_PGE_S,130,0.4411502785716596
CA_PGE_S,131,0.21132857411366
CA_PGE_S,132,0.27927769167234295
CA_PGE_S,133,0.3212700586098166
CA_PGE_S,134,0.33702406366741045
CA_PGE_S,135,0.3665789535866849
CA_PGE_S,136,0.4047196372750438
CA_PGE_S,137,0.32967275814418695
CA_PGE_S,138,0.2859080737864782
CA_PGE_S,139,0.30410830496732766
CA_PGE_S,140,0.3720440638633518
CA_PGE_S,141,0.3402340956051957
CA_PGE_S,142,0.4148196314837945
CA_PGE_S,143,0.3934028001019839
CA_PGE_S,144,0.40886822417661894
CA_PGE_S,145,0.23716630299505395
CA_PGE_S,146,0.21820292758773804
CA_PGE_S,147,0.2912931011882186
CA_PGE_S,148,0.28471069728064974
CA_PGE_S,149,0.34269486452794895
CA_PGE_S,150,0.4110333510496676
CA_PGE_S,151,0.39774048561054753
CA_PGE_S,152,0.3651298116180643
CA_PGE_S,153,0.35548354373030466
CA_PGE_S,154,0.4150689321731812
CA_PGE_S,155,0.4536134945793321
CA_PGE_S,156,0.5232567750849587
CA_PGE_S,157,0.6265901517922412
CA_PGE_S,158,0.5545902054038614
CA_PGE_S,159,0.43199306676768495
CA_PGE_S,160,0.4420106676258135
CA_PGE_S,161,0.4541112048431254
CA_PGE_S,162,0.5452815668224094
CA_PGE_S,163,0.4911151437270528
CA_PGE_S,164,0.6436119468085475
CA_PGE_S,165,0.5231378115231262
CA_PGE_S,166,0.3826455816702115
CA_PGE_S,167,0.33952839279772895
CA_PGE_S,168,0.5004915112535034
CA_PGE_S,169,0.46612823745162796
CA_PGE_S,170,0.5389094934671205
CA_PGE_S,171,0.6056378208344834
CA_PGE_S,172,0.5593963913409704
CA_PGE_S,173,0.35949065117026513
CA_PGE_S,174,0.40141969585464826
CA_PGE_S,175,0.3995484274689891
CA_PGE_S,176,0.48123616253823315
CA_PGE_S,177,0.4270899412204743
CA_PGE_S,178,0.5272115696950721
CA_PGE_S,179,0.4369868121894278
CA_PGE_S,180,0.3199462851224358
CA_PGE_S,181,0.3855883954236998
CA_PGE_S,182,0.2941657681925146
CA_PGE_S,183,0.3670029522181645
CA_PGE_S,184,0.36378346648503074
CA_PGE_S,185,0.13570421260211415
CA_PGE_S,186,0.2743426152414936
CA_PGE_S,187,0.23423126143334852
CA_PGE_S,188,0.2577564303794059
CA_PGE_S,189,0.31905177436636634
CA_PGE_S,190,0.3255812279180193
CA_PGE_S,191,0.32865616065779396
CA_PGE_S,192,0.40460596625340967
CA_PGE_S,193,0.3471581355201936
CA_PGE_S,194,0.23865599319126887
CA_PGE_S,195,0.3638035752284065
CA_PGE_S,196,0.3487089636193113
CA_PGE_S,197,0.3392190894382658
CA_PGE_S,198,0.41692575140420357
CA_PGE_S,199,0.44384542444889935
CA_PGE_S,200,0.37816393569466084
CA_PGE_S,201,0.2396518942459001
CA_PGE_S,202,0.2008240619218715
CA_PGE_S,203,0.31956031705411797
CA_PGE_S,204,0.35222200681098603
CA_PGE_S,205,0.39631793708770124
CA_PGE_S,206,0.38967354909164664
CA_PGE_S,207,0.38270404605555214
CA_PGE_S,208,0.22340326239294298
CA_PGE_S,209,0.2881411193854227
CA_PGE_S,210,0.3390744197466231
CA_PGE_S,211,0.31329381082317287
CA_PGE_S,212,0.4218042654135079
CA_PGE_S,213,0.40143991680609836
CA_PGE_S,214,0.3502500027661848
CA_PGE_S,215,0.1992500580799743
CA_PGE_S,216,0.24533722022774093
CA_PGE_S,217,0.2843518113505691
CA_PGE_S,218,0.3207886243330875
CA_PGE_S,219,0.3654457031093202
CA_PGE_S,220,0.3974417434953664
CA_PGE_S,221,0.3683375848609509
CA_PGE_S,222,0.2525300429255843
CA_PGE_S,223,0.3161242827071491
CA_PGE_S,224,0.332574306415409
CA_PGE_S,225,0.2971670272153051
CA_PGE_S,226,0.3194613740773054
CA_PGE_S,227,0.36457823594167765
CA_PGE_S,228,0.308575461422243
CA_PGE_S,229,0.2722012188123937
CA_PGE_S,230,0.28315719822632
CA_PGE_S,231,0.30344182134210335
CA_PGE_S,232,0.31907770892124665
CA_PGE_S,233,0.3967938043869838
CA_PGE_S,234,0.43911379231875564
CA_PGE_S,235,0.41891332243443286
CA_PGE_S,236,0.21277102739826767
CA_PGE_S,237,0.28982989014796745
CA_PGE_S,238,0.28201560411702714
CA_PGE_S,239,0.357989844991699
CA_PGE_S,240,0.36555095810924726
CA_PGE_S,241,0.4181495566774309
CA_PGE_S,242,0.42238320141588087
CA_PGE_S,243,0.16807292999715684
CA_PGE_S,244,0.19590138944036536
CA_PGE_S,245,0.27523819613832756
CA_PGE_S,246,0.27744025976642905
CA_PGE_S,247,0.37596199675092146
CA_PGE_S,248,0.36412362866343695
CA_PGE_S,249,0.2482669613275191
CA_PGE_S,250,0.1824147808514721
CA_PGE_S,251,0.23701484180366597
CA_PGE_S,252,0.3841097587957382
CA_PGE_S,253,0.36562107705630115
CA_PGE_S,254,0.31029918653931254
CA_PGE_S,255,0.4199224486267055
CA_PGE_S,256,0.34100856399731594
CA_PGE_S,257,0.241422124509041
CA_PGE_S,258,0.27978984366802034
CA_PGE_S,259,0.39204471537386193
CA_PGE_S,260,0.41626177212040694
CA_PGE_S,261,0.3989934582115023
CA_PGE_S,262,0.4831951530625301
CA_PGE_S,263,0.41662087430036054
CA_PGE_S,264,0.2650018930117993
CA_PGE_S,265,0.3309692087346139
CA_PGE_S,266,0.29860504996658543
CA_PGE_S,267,0.2994557847217631
CA_PGE_S,268,0.40117110030619363
CA_PGE_S,269,0.361392066935948
CA_PGE_S,270,0.44973899415385526
CA_PGE_S,271,0.23102279751532
CA_PGE_S,272,0.26710265079517115
CA_PGE_S,273,0.36074956858162427
CA_PGE_S,274,0.45148166796759664
CA_PGE_S,275,0.4840876492849233
CA_PGE_S,276,0.5581118523067875
CA_PGE_S,277,0.47534366114539195
CA_PGE_S,278,0.3370475814902946
CA_PGE_S,279,0.42187053087232224
CA_PGE_S,280,0.4560605220024473
CA_PGE_S,281,0.46938303340318227
CA_PGE_S,282,0.6338400456896417
CA_PGE_S,283,0.5320268514084304
CA_PGE_S,284,0.49264637687619467
CA_PGE_S,285,0.32847033355702215
CA_PGE_S,286,0.36595570751813994
CA_PGE_S,287,0.48216871654594906
CA_PGE_S,288,0.5267740461651882
CA_PGE_S,289,0.4942940656674533
CA_PGE_S,290,0.6673353868249472
CA_PGE_S,291,0.5345473430694931
CA_PGE_S,292,0.31859691128431167
CA_PGE_S,293,0.4494519202673999
CA_PGE_S,294,0.507413447789037
CA_PGE_S,295,0.4484022584631758
CA_PGE_S,296,0.4561497556833636
CA_PGE_S,297,0.5453619374250237
CA_PGE_S,298,0.551525827434396
CA_PGE_S,299,0.32172252250299677
CA_PGE_S,300,0.45728120493586305
CA_PGE_S,301,0.5014428943336229
CA_PGE_S,302,0.43590463383356726
CA_PGE_S,303,0.5406792923230443
CA_PGE_S,304,0.5774541702113004
CA_PGE_S,305,0.590742977868358
CA_PGE_S,306,0.4097058943096172
CA_PGE_S,307,0.5288009991701638
CA_PGE_S,308,0.4691023145850745
CA_PGE_S,309,0.37858935374838776
CA_PGE_S,310,0.5095280486941216
CA_PGE_S,311,0.581372172663557
CA_PGE_S,312,0.5554229862731147
CA_PGE_S,313,0.3629144667756828
CA_PGE_S,314,0.4320514480555573
CA_PGE_S,315,0.5611930791843636
CA_PGE_S,316,0.5252838832638616
CA_PGE_S,317,0.5660341666482634
CA_PGE_S,318,0.5683434426273605
CA_PGE_S,319,0.5904133455108014
CA_PGE_S,320,0.2928695923226566
CA_PGE_S,321,0.5009166863777907
CA_PGE_S,322,0.5657057518217505
CA_PGE_S,323,0.49776384838939663
CA_PGE_S,324,0.422711604829751
CA_PGE_S,325,0.6164025972049735
CA_PGE_S,326,0.6244868406762999
CA_PGE_S,327,0.4495601273418657
CA_PGE_S,328,0.4138034496809414
CA_PGE_S,329,0.48369858444490255
CA_PGE_S,330,0.7202704886889192
CA_PGE_S,331,0.6477241386266326
CA_PGE_S,332,0.18132967720547635
CA_PGE_S,333,0.484187899405524
CA_PGE_S,334,0.541759182633057
CA_PGE_S,335,0.41184943999833307
CA_PGE_S,336,0.44630979990180814
CA_PGE_S,337,0.4039502263297635
CA_PGE_S,338,0.3303914659785591
CA_PGE_S,339,0.49683351146516896
CA_PGE_S,340,0.40105522452318787
CA_PGE_S,341,0.21651078188842693
CA_PGE_S,342,0.3706009379522584
CA_PGE_S,343,0.3802366334045467
CA_PGE_S,344,0.37084939929641614
CA_PGE_S,345,0.3831404653560452
CA_PGE_S,346,0.48643522814421297
CA_PGE_S,347,0.4600610532767779
CA_PGE_S,348,0.26462438117731096
CA_PGE_S,349,0.34969276456825577
CA_PGE_S,350,0.3506335251712556
CA_PGE_S,351,0.39351189416133975
CA_PGE_S,352,0.4528509457524318
CA_PGE_S,353,0.4808366181063524
CA_PGE_S,354,0.41534271568692877
CA_PGE_S,355,0.3039203549528355
CA_PGE_S,356,0.28779784333991154
CA_PGE_S,357,0.3856973925277496
CA_PGE_S,358,0.22945005919505368
CA_PGE_S,359,0.14152897346447987
CA_PGE_S,360,0.3980447332808659
CA_PGE_S,361,0.44420278228364923
CA_PGE_S,362,0.3555798236344948
CA_PGE_S,363,0.2610424506371185
CA_PGE_S,364,0.3701096702599992
CA_PGE_S,365,0.25498973413141623
CA_SCE_CEN,1,117.59800039979598
CA_SCE_CEN,2,145.96931265766756
CA_SCE_CEN,3,82.95621797680379
CA_SCE_CEN,4,248.00287932058828
CA_SCE_CEN,5,100.4892351089735
CA_SCE_CEN,6,287.1147814068426
CA_SCE_CEN,7,418.1504593745117
CA_SCE_CEN,8,175.30671217260053
CA_SCE_CEN,9,143.44552016791343
CA_SCE_CEN,10,120.55691468020653
CA_SCE_CEN,11,17.785349271211608
CA_SCE_CEN,12,108.45253243855544
CA_SCE_CEN,13,195.19036106353533
CA_SCE_CEN,14,566.9676727160964
CA_SCE_CEN,15,997.1478957997749
CA_SCE_CEN,16,286.2650789668024
CA_SCE_CEN,17,631.4253306292122
CA_SCE_CEN,18,346.7944929663178
CA_SCE_CEN,19,163.16946275405795
CA_SCE_CEN,20,245.23202293547752
CA_SCE_CEN,21,777.0450372191301
CA_SCE_CEN,22,201.5246990704072
CA_SCE_CEN,23,404.0860009927379
CA_SCE_CEN,24,403.65914599415953
CA_SCE_CEN,25,339.16567207514635
CA_SCE_CEN,26,209.2478272716897
CA_SCE_CEN,27,346.1467381444514
CA_SCE_CEN,28,270.3440104231562
CA_SCE_CEN,29,260.6517524463189
CA_SCE_CEN,30,137.4454130090946
CA_SCE_CEN,31,269.2726117249407
CA_SCE_CEN,32,151.93891206945585
CA_SCE_CEN,33,142.32664419782975
CA_SCE_CEN,34,320.9016147742522
CA_SCE_CEN,35,0.5465773136873838
CA_SCE_CEN,36,0.9136556945629973
CA_SCE_CEN,37,107.33936397959317
CA_SCE_CEN,38,133.38974637188196
CA_SCE_CEN,39,256.9293298413191
CA_SCE_CEN,40,226.32553012438143
CA_SCE_CEN,41,324.17130028387123
CA_SCE_CEN,42,457.4267931807696
CA_SCE_CEN,43,148.87861577676992
CA_SCE_CEN,44,270.17045155489205
CA_SCE_CEN,45,428.22180866462315
CA_SCE_CEN,46,405.5315420516063
CA_SCE_CEN,47,561.3315390308641
CA_SCE_CEN,48,519.9919031731187
CA_SCE_CEN,49,185.75139269793763
CA_SCE_CEN,50,0.0015124137034857078
CA_SCE_CEN,51,70.64119734083489
CA_SCE_CEN,52,139.00831417380044
CA_SCE_CEN,53,303.8296097894551
CA_SCE_CEN,54,258.47235998927414
CA_SCE_CEN,55,512.5950692498452
CA_SCE_CEN,56,623.0123449997005
CA_SCE_CEN,57,145.60965229205985
CA_SCE_CEN,58,377.6146438551345
CA_SCE_CEN,59,125.58503321403104
CA_SCE_CEN,60,114.96384565958274
CA_SCE_CEN,61,104.05546077747508
CA_SCE_CEN,62,398.3285574894872
CA_SCE_CEN,63,178.65173893436872
CA_SCE_CEN,64,237.74875492339774
CA_SCE_CEN,65,271.64961146393483
CA_SCE_CEN,66,255.34403517758437
CA_SCE_CEN,67,221.2990400845271
CA_SCE_CEN,68,165.49775542295558
CA_SCE_CEN,69,116.94387530646236
CA_SCE_CEN,70,128.51208697358268
CA_SCE_CEN,71,388.8429936810444
CA_SCE_CEN,72,172.49894575880117
CA_SCE_CEN,73,49.444080124756276
CA_SCE_CEN,74,134.39452740448792
CA_SCE_CEN,75,420.3871266479819
CA_SCE_CEN,76,219.9289490500707
CA_SCE_CEN,77,140.88058333548074
CA_SCE_CEN,78,279.8952872141927
CA_SCE_CEN,79,365.4260334281448
CA_SCE_CEN,80,359.6940983044119
CA_SCE_CEN,81,349.0608877154537
CA_SCE_CEN,82,201.34610247008408
CA_SCE_CEN,83,90.149814477988
CA_SCE_CEN,84,256.5754225595219
CA_SCE_CEN,85,304.2489711404941
CA_SCE_CEN,86,300.1237957424086
CA_SCE_CEN,87,295.2742136552247
CA_SCE_CEN,88,303.95413294958416
CA_SCE_CEN,89,31.289003225773538
CA_SCE_CEN,90,343.6241777862202
CA_SCE_CEN,91,12.134731797116022
CA_SCE_CEN,92,19.82767889649538
CA_SCE_CEN,93,5.614702431208703
CA_SCE_CEN,94,19.80168141241227
CA_SCE_CEN,95,4.034893897714037
CA_SCE_CEN,96,29.153653777847726
CA_SCE_CEN,97,15.518371593370878
CA_SCE_CEN,98,8.24272194685459
CA_SCE_CEN,99,19.38060356044558
CA_SCE_CEN,100,11.908451041023177
CA_SCE_CEN,101,23.782389161810073
CA_SCE_CEN,102,55.23574415833289
CA_SCE_CEN,103,4.468889511851608
CA_SCE_CEN,104,14.858006092629461
CA_SCE_CEN,105,18.63351336216336
CA_SCE_CEN,106,31.758720898397545
CA_SCE_CEN,107,7.8534259133269675
CA_SCE_CEN,108,58.86263392699893
CA_SCE_CEN,109,28.285399723518083
CA_SCE_CEN,110,27.256015465921514
CA_SCE_CEN,111,30.699963265570197
CA_SCE_CEN,112,41.21403294767118
CA_SCE_CEN,113,35.00342545427425
CA_SCE_CEN,114,56.83441719040977
CA_SCE_CEN,115,32.36166840474463
CA_SCE_CEN,116,7.655611315283771
CA_SCE_CEN,117,8.89273552282412
CA_SCE_CEN,118,6.7845077199632104
CA_SCE_CEN,119,11.002133355872683
CA_SCE_CEN,120,14.258713015372578
CA_SCE_CEN,121,85.48635139991273
CA_SCE_CEN,122,111.96249725242377
CA_SCE_CEN,123,383.4480568458877
CA_SCE_CEN,124,269.958563786484
CA_SCE_CEN,125,93.6655741505237
CA_SCE_CEN,126,76.99693440449468
CA_SCE_CEN,127,31.355174823807285
CA_SCE_CEN,128,90.70997109487989
CA_SCE_CEN,129,134.79650079403896
CA_SCE_CEN,130,209.42778968745193
CA_SCE_CEN,131,203.8590917514852
CA_SCE_CEN,132,221.39279019026534
CA_SCE_CEN,133,450.0701601547608
CA_SCE_CEN,134,386.51047487892185
CA_SCE_CEN,135,270.7310857726014
CA_SCE_CEN,136,162.64238535693664
CA_SCE_CEN,137,472.73038342739835
CA_SCE_CEN,138,769.0354527673736
CA_SCE_CEN,139,1026.6061595506214
CA_SCE_CEN,140,401.1137066089288
CA_SCE_CEN,141,114.32160775841824
CA_SCE_CEN,142,452.16209133488
CA_SCE_CEN,143,270.2143309610375
CA_SCE_CEN,144,209.44597347345973
CA_SCE_CEN,145,452.86332123021776
CA_SCE_CEN,146,286.17210842509695
CA_SCE_CEN,147,890.5236932158647
CA_SCE_CEN,148,52.158948578265026
CA_SCE_CEN,149,253.9483470228258
CA_SCE_CEN,150,235.97635027980706
CA_SCE_CEN,151,231.406554209381
CA_SCE_CEN,152,1.5511643960780626
CA_SCE_CEN,153,2.0213222962792337
CA_SCE_CEN,154,1.9033516530771166
CA_SCE_CEN,155,1.7217278468724417
CA_SCE_CEN,156,2.2340258133990223
CA_SCE_CEN,157,2.154020021166426
CA_SCE_CEN,158,1.7932575344488375
CA_SCE_CEN,159,1.3654539483762125
CA_SCE_CEN,160,2.5308270557140204
CA_SCE_CEN,161,2.2314113522276093
CA_SCE_CEN,162,2.250967679833534
CA_SCE_CEN,163,1.8143786064007283
CA_SCE_CEN,164,2.052525872259249
CA_SCE_CEN,165,2.266637430760768
CA_SCE_CEN,166,1.7151168718082581
CA_SCE_CEN,167,2.203407763404718
CA_SCE_CEN,168,2.438255287215107
CA_SCE_CEN,169,2.0571398234426588
CA_SCE_CEN,170,3.1228051008436397
CA_SCE_CEN,171,2.0070478758376487
CA_SCE_CEN,172,1.8925813634222608
CA_SCE_CEN,173,1.4827334886347003
CA_SCE_CEN,174,1.88364402160906
CA_SCE_CEN,175,2.0401193917357947
CA_SCE_CEN,176,2.0370247175603184
CA_SCE_CEN,177,2.008410365891195
CA_SCE_CEN,178,2.2307378262429447
CA_SCE_CEN,179,2.2320027132098623
CA_SCE_CEN,180,1.5035976467803023
CA_SCE_CEN,181,1.8757644580532622
CA_SCE_CEN,182,2.087711342136592
CA_SCE_CEN,183,2.0737236861030115
CA_SCE_CEN,184,1.957601558992874
CA_SCE_CEN,185,0.8918786429695856
CA_SCE_CEN,186,1.5403878487095604
CA_SCE_CEN,187,1.9036044153225116
CA_SCE_CEN,188,2.417128654342148
CA_SCE_CEN,189,2.0285907144111404
CA_SCE_CEN,190,2.2101107783049367
CA_SCE_CEN,191,1.9905188713910311
CA_SCE_CEN,192,1.949093083415798
CA_SCE_CEN,193,2.438334833748329
CA_SCE_CEN,194,1.6822084488334514
CA_SCE_CEN,195,2.072957072383811
CA_SCE_CEN,196,2.0466912543380253
CA_SCE_CEN,197,2.031817293257199
CA_SCE_CEN,198,2.1840674127262094
CA_SCE_CEN,199,2.7125074021760804
CA_SCE_CEN,200,2.8355616339102476
CA_SCE_CEN,201,1.56661289817549
CA_SCE_CEN,202,3.0335816526131083
CA_SCE_CEN,203,2.449915103612581
CA_SCE_CEN,204,1.9714142107136972
CA_SCE_CEN,205,2.3272216591378148
CA_SCE_CEN,206,2.329022980317108
CA_SCE_CEN,207,2.4286686976522254
CA_SCE_CEN,208,1.6304072878752032
CA_SCE_CEN,209,2.505654589459081
CA_SCE_CEN,210,1.7171287441390999
CA_SCE_CEN,211,2.056925114427241
CA_SCE_CEN,212,2.2536617090549997
CA_SCE_CEN,213,2.0339114381630545
CA_SCE_CEN,214,1.6576297395095883
CA_SCE_CEN,215,1.5272738800381425
CA_SCE_CEN,216,1.8525631780499596
CA_SCE_CEN,217,1.7463029951437523
CA_SCE_CEN,218,1.587043567468048
CA_SCE_CEN,219,1.6781388903692753
CA_SCE_CEN,220,2.1431488059412978
CA_SCE_CEN,221,1.654047414045274
CA_SCE_CEN,222,1.5668317701014522
CA_SCE_CEN,223,1.8607953792382559
CA_SCE_CEN,224,1.6722171785652231
CA_SCE_CEN,225,1.4828613683500966
CA_SCE_CEN,226,1.8291802930782115
CA_SCE_CEN,227,1.8204581921874965
CA_SCE_CEN,228,1.71956710361397
CA_SCE_CEN,229,1.7018387710800158
CA_SCE_CEN,230,1.9062407023897585
CA_SCE_CEN,231,1.6222066405137354
CA_SCE_CEN,232,1.423545030844442
CA_SCE_CEN,233,1.5265812499550846
CA_SCE_CEN,234,1.9907678176095407
CA_SCE_CEN,235,1.914664532423799
CA_SCE_CEN,236,1.3508038039245642
CA_SCE_CEN,237,2.0139209231251214
CA_SCE_CEN,238,1.3466196784139106
CA_SCE_CEN,239,1.6991508793147765
CA_SCE_CEN,240,1.7174730241225777
CA_SCE_CEN,241,1.714797470880677
CA_SCE_CEN,242,2.094933171893496
CA_SCE_CEN,243,1.2209994391523225
CA_SCE_CEN,244,1.4067560554937735
CA_SCE_CEN,245,3.3645755504730435
CA_SCE_CEN,246,2.349390765961248
CA_SCE_CEN,247,2.4463623101917222
CA_SCE_CEN,248,2.3892034202696117
CA_SCE_CEN,249,2.3563508849984407
CA_SCE_CEN,250,1.3881309636212424
CA_SCE_CEN,251,2.9043219518484134
CA_SCE_CEN,252,2.3025376689858144
CA_SCE_CEN,253,2.754463964970131
CA_SCE_CEN,254,2.791240375556323
CA_SCE_CEN,255,3.0690198935930666
CA_SCE_CEN,256,2.6900763168448454
CA_SCE_CEN,257,1.5279491516942285
CA_SCE_CEN,258,2.9839566428599156
CA_SCE_CEN,259,2.1706546681798278
CA_SCE_CEN,260,2.4092911067029967
CA_SCE_CEN,261,2.1545423528495755
CA_SCE_CEN,262,2.902752293235164
CA_SCE_CEN,263,2.5606868366382045
CA_SCE_CEN,264,1.6698398838525277
CA_SCE_CEN,265,3.509760493168577
CA_SCE_CEN,266,2.5362152573699217
CA_SCE_CEN,267,2.852996670722669
CA_SCE_CEN,268,2.9939144182827646
CA_SCE_CEN,269,2.9034211720611784
CA_SCE_CEN,270,2.6953120348957555
CA_SCE_CEN,271,1.435937619436002
CA_SCE_CEN,272,3.312293998465821
CA_SCE_CEN,273,3.2174306106228974
CA_SCE_CEN,274,1.3255432402915135
CA_SCE_CEN,275,1.3209527541374695
CA_SCE_CEN,276,1.6548302546470868
CA_SCE_CEN,277,1.5171997239727462
CA_SCE_CEN,278,0.8082203898415687
CA_SCE_CEN,279,1.6216527757179244
CA_SCE_CEN,280,1.7452746948216138
CA_SCE_CEN,281,1.7685243278656682
CA_SCE_CEN,282,1.2890812063401262
CA_SCE_CEN,283,1.72561008553262
CA_SCE_CEN,284,1.5907967084309123
CA_SCE_CEN,285,1.1257998135703209
CA_SCE_CEN,286,1.3874622732383202
CA_SCE_CEN,287,1.79730022095275
CA_SCE_CEN,288,1.8693010091699784
CA_SCE_CEN,289,1.6920264077697829
CA_SCE_CEN,290,1.6785858758159906
CA_SCE_CEN,291,1.7129074684583443
CA_SCE_CEN,292,1.2690264981146961
CA_SCE_CEN,293,2.0000636133673093
CA_SCE_CEN,294,1.41176935124611
CA_SCE_CEN,295,1.3630774105587031
CA_SCE_CEN,296,1.4765073475797266
CA_SCE_CEN,297,1.730880876591213
CA_SCE_CEN,298,1.5913874277216369
CA_SCE_CEN,299,1.1884965233842013
CA_SCE_CEN,300,1.7590340451833864
CA_SCE_CEN,301,1.5989234905750962
CA_SCE_CEN,302,1.367863634775315
CA_SCE_CEN,303,1.726440348876213
CA_SCE_CEN,304,1.4967123894323282
CA_SCE_CEN,305,1.6082498663294031
CA_SCE_CEN,306,1.0528061528780872
CA_SCE_CEN,307,1.319666056498571
CA_SCE_CEN,308,1.191517764340983
CA_SCE_CEN,309,1.2404472872797951
CA_SCE_CEN,310,1.5098486317253317
CA_SCE_CEN,311,1.5636791229498013
CA_SCE_CEN,312,1.2257797029160955
CA_SCE_CEN,313,0.8807222600122535
CA_SCE_CEN,314,1.424765812553323
CA_SCE_CEN,315,1.4766419340576722
CA_SCE_CEN,316,1.2474886033620072
CA_SCE_CEN,317,1.3285087401943356
CA_SCE_CEN,318,1.699177757077658
CA_SCE_CEN,319,1.5041139005673805
CA_SCE_CEN,320,0.9250700634446581
CA_SCE_CEN,321,1.6689747421736305
CA_SCE_CEN,322,1.0924447094674006
CA_SCE_CEN,323,1.5362359146955848
CA_SCE_CEN,324,1.251227365984841
CA_SCE_CEN,325,1.681556340208467
CA_SCE_CEN,326,1.5049188136855218
CA_SCE_CEN,327,1.245659350597386
CA_SCE_CEN,328,1.399496544086088
CA_SCE_CEN,329,1.5989118242093647
CA_SCE_CEN,330,1.4950486043040767
CA_SCE_CEN,331,1.8084799997306216
CA_SCE_CEN,332,0.7092557352568044
CA_SCE_CEN,333,1.2990323324935213
CA_SCE_CEN,334,1.807579242880361
CA_SCE_CEN,335,1.7455230233272054
CA_SCE_CEN,336,1.4791345965210074
CA_SCE_CEN,337,1.3031344368488278
CA_SCE_CEN,338,1.5872600303253501
CA_SCE_CEN,339,1.5866848988792983
CA_SCE_CEN,340,1.4491648871384686
CA_SCE_CEN,341,1.0273123589394255
CA_SCE_CEN,342,1.3083164105432585
CA_SCE_CEN,343,1.1841927818985638
CA_SCE_CEN,344,1.1937950418250634
CA_SCE_CEN,345,1.0703274459064442
CA_SCE_CEN,346,1.4415459526377452
CA_SCE_CEN,347,1.3418888086833018
CA_SCE_CEN,348,0.8548262305456903
CA_SCE_CEN,349,1.4975059600249432
CA_SCE_CEN,350,1.388680452426093
CA_SCE_CEN,351,1.4466045618327439
CA_SCE_CEN,352,1.353429289882484
CA_SCE_CEN,353,1.4789055321531885
CA_SCE_CEN,354,1.5745328597167532
CA_SCE_CEN,355,1.290733571537341
CA_SCE_CEN,356,1.3381390497056287
CA_SCE_CEN,357,1.4026181245340086
CA_SCE_CEN,358,0.6976140959382245
CA_SCE_CEN,359,0.64192957917908
CA_SCE_CEN,360,1.3813397952222477
CA_SCE_CEN,361,1.3958166381463493
CA_SCE_CEN,362,1.6198712392314716
CA_SCE_CEN,363,1.0292178932805867
CA_SCE_CEN,364,1.2355636918031003
CA_SCE_CEN,365,0.9598210544232065
CA_SCE_S,1,685.5956788662699
CA_SCE_S,2,1047.2062622942556
CA_SCE_S,3,1191.8551159986987
CA_SCE_S,4,1237.85534185286
CA_SCE_S,5,1074.7890163950456
CA_SCE_S,6,1023.5943694448297
CA_SCE_S,7,773.0786005918914
CA_SCE_S,8,973.333949603051
CA_SCE_S,9,1178.2026960035414
CA_SCE_S,10,1156.4882365016745
CA_SCE_S,11,1240.0097253390118
CA_SCE_S,12,1202.1352224670695
CA_SCE_S,13,830.583501081121
CA_SCE_S,14,628.0763450375232
CA_SCE_S,15,775.2599467111206
CA_SCE_S,16,1069.901463082228
CA_SCE_S,17,1428.1280699365484
CA_SCE_S,18,1311.441823101986
CA_SCE_S,19,1047.4800162311171
CA_SCE_S,20,810.0345824801309
CA_SCE_S,21,761.5650552729327
CA_SCE_S,22,915.3475326158582
CA_SCE_S,23,1356.8327906031434
CA_SCE_S,24,1437.3825123862998
CA_SCE_S,25,1419.970913368913
CA_SCE_S,26,1234.3391368265338
CA_SCE_S,27,976.5540610579619
CA_SCE_S,28,820.0598271972583
CA_SCE_S,29,991.0013715009587
CA_SCE_S,30,1149.5067801077157
CA_SCE_S,31,1302.7070683175248
CA_SCE_S,32,948.329647943961
CA_SCE_S,33,1004.4399538827977
CA_SCE_S,34,895.9557049540729
CA_SCE_S,35,586.4431595001786
CA_SCE_S,36,770.0398415707015
CA_SCE_S,37,872.5946200992314
CA_SCE_S,38,1008.1521951300424
CA_SCE_S,39,1133.6517322765544
CA_SCE_S,40,1087.0271409120674
CA_SCE_S,41,959.8148231951
CA_SCE_S,42,728.477540152082
CA_SCE_S,43,991.902015666166
CA_SCE_S,44,990.1334033901367
CA_SCE_S,45,1071.9699517382323
CA_SCE_S,46,1142.5934156745066
CA_SCE_S,47,1134.6216100095849
CA_SCE_S,48,1100.1179213798298
CA_SCE_S,49,667.9783554865712
CA_SCE_S,50,1206.0444843260793
CA_SCE_S,51,935.2306396776057
CA_SCE_S,52,1159.5597161083829
CA_SCE_S,53,1105.5153828168095
CA_SCE_S,54,1064.308957957928
CA_SCE_S,55,872.0529278124629
CA_SCE_S,56,776.6989293355181
CA_SCE_S,57,936.4430824343793
CA_SCE_S,58,1084.2288621658788
CA_SCE_S,59,1165.0208173553565
CA_SCE_S,60,937.7439823792574
CA_SCE_S,61,712.2190110069481
CA_SCE_S,62,707.1917548981227
CA_SCE_S,63,897.7399133773797
CA_SCE_S,64,1041.7961788998127
CA_SCE_S,65,1113.7275703013752
CA_SCE_S,66,1242.2218923147784
CA_SCE_S,67,1196.9767952748034
CA_SCE_S,68,830.8528159573259
CA_SCE_S,69,800.8531154635111
CA_SCE_S,70,903.9295900302516
CA_SCE_S,71,1376.22361988948
CA_SCE_S,72,1200.7768792895288
CA_SCE_S,73,1023.2872397302344
CA_SCE_S,74,1088.7469266793375
CA_SCE_S,75,941.1139549966082
CA_SCE_S,76,775.3565739652172
CA_SCE_S,77,929.6896675491801
CA_SCE_S,78,1061.4079622381496
CA_SCE_S,79,1106.7915506553522
CA_SCE_S,80,1244.7934149626383
CA_SCE_S,81,1091.0478617725641
CA_SCE_S,82,921.6207702096915
CA_SCE_S,83,818.0714826386338
CA_SCE_S,84,940.4253475866194
CA_SCE_S,85,977.0485934239586
CA_SCE_S,86,1397.1819882596653
CA_SCE_S,87,1278.9489723292345
CA_SCE_S,88,1302.0025391043473
CA_SCE_S,89,661.8816110765664
CA_SCE_S,90,625.1947544067955
CA_SCE_S,91,839.4237714542855
CA_SCE_S,92,855.6152182873955
CA_SCE_S,93,917.4407155797389
CA_SCE_S,94,1044.5023356933893
CA_SCE_S,95,966.8820455180041
CA_SCE_S,96,657.430320100642
CA_SCE_S,97,803.535851767143
CA_SCE_S,98,812.5249040860222
CA_SCE_S,99,857.115734169236
CA_SCE_S,100,923.9650755819024
CA_SCE_S,101,1090.8233959466615
CA_SCE_S,102,1055.7653200435977
CA_SCE_S,103,596.8642923509893
CA_SCE_S,104,799.5657930002102
CA_SCE_S,105,895.2341842300355
CA_SCE_S,106,876.8056919625227
CA_SCE_S,107,908.8407246165054
CA_SCE_S,108,1141.139112176677
CA_SCE_S,109,1007.8006755242147
CA_SCE_S,110,580.3542395802273
CA_SCE_S,111,810.534547552301
CA_SCE_S,112,919.3746828979063
CA_SCE_S,113,889.4887246768682
CA_SCE_S,114,927.5472792023503
CA_SCE_S,115,1147.4946037905258
CA_SCE_S,116,1052.9532592063938
CA_SCE_S,117,604.6281523334201
CA_SCE_S,118,786.3640926328776
CA_SCE_S,119,888.7014674294961
CA_SCE_S,120,853.4119916070713
CA_SCE_S,121,1157.9425103540832
CA_SCE_S,122,1106.4763648602939
CA_SCE_S,123,1072.4665593688887
CA_SCE_S,124,846.9528240525085
CA_SCE_S,125,667.9786312106808
CA_SCE_S,126,861.4651788220827
CA_SCE_S,127,856.0769865134548
CA_SCE_S,128,1184.1207325218127
CA_SCE_S,129,1299.425118025782
CA_SCE_S,130,1087.1313889088306
CA_SCE_S,131,796.2596745622219
CA_SCE_S,132,749.3339781598024
CA_SCE_S,133,1075.7350299901664
CA_SCE_S,134,1044.0736552777082
CA_SCE_S,135,1078.0924843124296
CA_SCE_S,136,1281.4621081094535
CA_SCE_S,137,1151.2445884336435
CA_SCE_S,138,1334.242430887479
CA_SCE_S,139,740.2884971208391
CA_SCE_S,140,1063.8730300824336
CA_SCE_S,141,998.5544193853323
CA_SCE_S,142,1088.732665519327
CA_SCE_S,143,1366.129406161776
CA_SCE_S,144,1263.6017742321294
CA_SCE_S,145,1361.634292943432
CA_SCE_S,146,508.6551991812971
CA_SCE_S,147,912.5353127434548
CA_SCE_S,148,1121.0223003213584
CA_SCE_S,149,1036.1710434430838
CA_SCE_S,150,1143.5645811426077
CA_SCE_S,151,1028.3497829305277
CA_SCE_S,152,543.3418594962643
CA_SCE_S,153,772.466752556148
CA_SCE_S,154,751.661108490569
CA_SCE_S,155,837.9633807029661
CA_SCE_S,156,900.1464365274646
CA_SCE_S,157,1078.0665160660817
CA_SCE_S,158,904.3016591433833
CA_SCE_S,159,594.9507753063292
CA_SCE_S,160,781.5236901059875
CA_SCE_S,161,799.5862264617374
CA_SCE_S,162,879.9608130479367
CA_SCE_S,163,898.4086490779312
CA_SCE_S,164,983.88165421438
CA_SCE_S,165,948.8951585381524
CA_SCE_S,166,666.4278802681613
CA_SCE_S,167,756.0771958470546
CA_SCE_S,168,842.4643915811735
CA_SCE_S,169,825.9838905753174
CA_SCE_S,170,890.1261386977997
CA_SCE_S,171,1030.1991163404214
CA_SCE_S,172,897.5462777568637
CA_SCE_S,173,587.5867832892147
CA_SCE_S,174,734.1676006212708
CA_SCE_S,175,801.5239890913801
CA_SCE_S,176,873.572633389713
CA_SCE_S,177,892.1586822877964
CA_SCE_S,178,1031.89649364649
CA_SCE_S,179,962.843048345183
CA_SCE_S,180,632.1401555690358
CA_SCE_S,181,720.4015651361851
CA_SCE_S,182,739.7386419187917
CA_SCE_S,183,910.3789333951186
CA_SCE_S,184,919.8442661741126
CA_SCE_S,185,487.96536765549627
CA_SCE_S,186,651.0657348333069
CA_SCE_S,187,605.4998313880897
CA_SCE_S,188,804.7667232353524
CA_SCE_S,189,807.3589874136213
CA_SCE_S,190,874.0353753497526
CA_SCE_S,191,895.8560705843831
CA_SCE_S,192,1033.8524013176889
CA_SCE_S,193,926.2723840888134
CA_SCE_S,194,616.60458640766
CA_SCE_S,195,792.2417575879381
CA_SCE_S,196,841.2250122388632
CA_SCE_S,197,867.2774659447376
CA_SCE_S,198,933.7128146191758
CA_SCE_S,199,1101.922190791636
CA_SCE_S,200,954.7567578818998
CA_SCE_S,201,610.9806468264187
CA_SCE_S,202,817.1089051209174
CA_SCE_S,203,810.8156502184478
CA_SCE_S,204,873.4177383577962
CA_SCE_S,205,920.9844424448759
CA_SCE_S,206,1018.9466017821564
CA_SCE_S,207,980.0025708405062
CA_SCE_S,208,649.4507318534613
CA_SCE_S,209,764.9930531066451
CA_SCE_S,210,809.7807648620895
CA_SCE_S,211,910.9762453185571
CA_SCE_S,212,930.074330064031
CA_SCE_S,213,1078.5729534148563
CA_SCE_S,214,999.5456931486408
CA_SCE_S,215,669.2891337675194
CA_SCE_S,216,820.1148759261018
CA_SCE_S,217,824.2566885143494
CA_SCE_S,218,911.161930901846
CA_SCE_S,219,982.3903963334785
CA_SCE_S,220,1156.7464028551399
CA_SCE_S,221,1023.8195694436639
CA_SCE_S,222,664.3878528291036
CA_SCE_S,223,842.0850355492689
CA_SCE_S,224,858.9558056670087
CA_SCE_S,225,924.5008578376758
CA_SCE_S,226,973.7798002497107
CA_SCE_S,227,1132.8799298120098
CA_SCE_S,228,1035.5616924027745
CA_SCE_S,229,665.1895625022705
CA_SCE_S,230,858.2586292186261
CA_SCE_S,231,868.093420295766
CA_SCE_S,232,908.4561606985628
CA_SCE_S,233,993.4133109906023
CA_SCE_S,234,1122.2694414985062
CA_SCE_S,235,1017.2380803786347
CA_SCE_S,236,593.9384985185773
CA_SCE_S,237,834.1646209157949
CA_SCE_S,238,813.6174074657224
CA_SCE_S,239,932.0249859160615
CA_SCE_S,240,988.0721417409395
CA_SCE_S,241,1136.0618335456456
CA_SCE_S,242,1049.4935185853503
CA_SCE_S,243,607.2637206314014
CA_SCE_S,244,583.2239358008121
CA_SCE_S,245,824.7757463346597
CA_SCE_S,246,749.6659471812758
CA_SCE_S,247,1007.0111667191138
CA_SCE_S,248,1162.0548183000615
CA_SCE_S,249,1034.4379790578428
CA_SCE_S,250,653.3565095954563
CA_SCE_S,251,806.1865671352091
CA_SCE_S,252,887.2689776285808
CA_SCE_S,253,1053.8898982266323
CA_SCE_S,254,1022.8546402830134
CA_SCE_S,255,1212.2978266392238
CA_SCE_S,256,1050.7951225881552
CA_SCE_S,257,658.0115190596216
CA_SCE_S,258,828.3891007892653
CA_SCE_S,259,886.8219564097412
CA_SCE_S,260,1064.123008026848
CA_SCE_S,261,1051.816283501572
CA_SCE_S,262,1178.7372782345083
CA_SCE_S,263,1059.4329237002264
CA_SCE_S,264,691.6932104047188
CA_SCE_S,265,872.0511799266225
CA_SCE_S,266,905.5132581704615
CA_SCE_S,267,989.311499846546
CA_SCE_S,268,1028.8104380917605
CA_SCE_S,269,1167.4427281668552
CA_SCE_S,270,1094.4334091769117
CA_SCE_S,271,663.1760252488262
CA_SCE_S,272,849.3448421736534
CA_SCE_S,273,884.0908160551026
CA_SCE_S,274,926.4296523750638
CA_SCE_S,275,960.4185671433941
CA_SCE_S,276,1192.289671867543
CA_SCE_S,277,994.31083268214
CA_SCE_S,278,648.9909781718925
CA_SCE_S,279,832.4567638572432
CA_SCE_S,280,889.5687923343995
CA_SCE_S,281,1020.234838533956
CA_SCE_S,282,1037.4785581246606
CA_SCE_S,283,1199.5936094677186
CA_SCE_S,284,1090.0682565134014
CA_SCE_S,285,680.5721653201266
CA_SCE_S,286,829.1596716408976
CA_SCE_S,287,884.0026965981717
CA_SCE_S,288,1019.9218622015081
CA_SCE_S,289,1042.6717814314825
CA_SCE_S,290,1217.37445008276
CA_SCE_S,291,1061.9783623429373
CA_SCE_S,292,683.1950820136533
CA_SCE_S,293,837.0467927474879
CA_SCE_S,294,880.0292245303556
CA_SCE_S,295,970.2221912908552
CA_SCE_S,296,990.7055526537276
CA_SCE_S,297,1165.352058929994
CA_SCE_S,298,1188.8661882508109
CA_SCE_S,299,631.3204306229738
CA_SCE_S,300,892.2095316150221
CA_SCE_S,301,833.4299130230213
CA_SCE_S,302,976.4320783654217
CA_SCE_S,303,1003.8481375755545
CA_SCE_S,304,960.9592088881852
CA_SCE_S,305,1074.112990177439
CA_SCE_S,306,679.8432558728343
CA_SCE_S,307,849.8535193672163
CA_SCE_S,308,801.8372618095625
CA_SCE_S,309,905.0968346617058
CA_SCE_S,310,987.710650725994
CA_SCE_S,311,1197.7013159335127
CA_SCE_S,312,1061.652839772136
CA_SCE_S,313,629.9653287024961
CA_SCE_S,314,851.4830895631335
CA_SCE_S,315,885.7216363404507
CA_SCE_S,316,945.7787354800726
CA_SCE_S,317,1082.7186875201708
CA_SCE_S,318,1215.6960048285255
CA_SCE_S,319,1087.5044899010159
CA_SCE_S,320,672.7149268897862
CA_SCE_S,321,894.3778509035991
CA_SCE_S,322,896.0763950221451
CA_SCE_S,323,1033.2969364789872
CA_SCE_S,324,1042.6261459696268
CA_SCE_S,325,1203.1561054559634
CA_SCE_S,326,1121.7977211408693
CA_SCE_S,327,843.5967736919927
CA_SCE_S,328,872.7521145112482
CA_SCE_S,329,911.5270145471145
CA_SCE_S,330,1318.6810069008643
CA_SCE_S,331,1238.0812214234013
CA_SCE_S,332,450.9928136834769
CA_SCE_S,333,814.3635174019712
CA_SCE_S,334,839.9046499978746
CA_SCE_S,335,1163.0051750184443
CA_SCE_S,336,1153.5257737084644
CA_SCE_S,337,1391.6715947745392
CA_SCE_S,338,1439.2351757679144
CA_SCE_S,339,1608.3585976630857
CA_SCE_S,340,1489.1692970359031
CA_SCE_S,341,800.1458966011094
CA_SCE_S,342,1011.4769824470964
CA_SCE_S,343,1008.0723430013254
CA_SCE_S,344,1370.7744233755577
CA_SCE_S,345,1401.9357007534027
CA_SCE_S,346,1593.4575451286082
CA_SCE_S,347,1441.7858006567567
CA_SCE_S,348,750.4099989670318
CA_SCE_S,349,1114.1263029890947
CA_SCE_S,350,1008.5113148858222
CA_SCE_S,351,1435.6455856496123
CA_SCE_S,352,1575.5502477832838
CA_SCE_S,353,1632.378691661419
CA_SCE_S,354,1724.831018648174
CA_SCE_S,355,1151.9535440712855
CA_SCE_S,356,1087.8593370855808
CA_SCE_S,357,1143.0128899430704
CA_SCE_S,358,988.9303116738156
CA_SCE_S,359,512.9549428347024
CA_SCE_S,360,1183.4913425227278
CA_SCE_S,361,1390.7838792130751
CA_SCE_S,362,909.6920679776092
CA_SCE_S,363,968.6627757938877
CA_SCE_S,364,1040.0302671233121
CA_SCE_S,365,1030.8082605532552
CA_SCE_SE,1,0.0
CA_SCE_SE,2,0.0
CA_SCE_SE,3,0.0
CA_SCE_SE,4,0.0
CA_SCE_SE,5,0.0
CA_SCE_SE,6,0.0
CA_SCE_SE,7,0.0
CA_SCE_SE,8,0.0
CA_SCE_SE,9,0.0
CA_SCE_SE,10,0.0
CA_SCE_SE,11,0.0
CA_SCE_SE,12,0.0
CA_SCE_SE,13,0.0
CA_SCE_SE,14,0.0
CA_SCE_SE,15,0.0
CA_SCE_SE,16,0.0
CA_SCE_SE,17,0.0
CA_SCE_SE,18,0.0
CA_SCE_SE,19,0.0
CA_SCE_SE,20,0.0
CA_SCE_SE,21,0.0
CA_SCE_SE,22,0.0
CA_SCE_SE,23,0.0
CA_SCE_SE,24,0.0
CA_SCE_SE,25,0.0
CA_SCE_SE,26,0.0
CA_SCE_SE,27,0.0
CA_SCE_SE,28,0.0
CA_SCE_SE,29,0.0
CA_SCE_SE,30,0.0
CA_SCE_SE,31,0.0
CA_SCE_SE,32,0.0
CA_SCE_SE,33,0.0
CA_SCE_SE,34,0.0
CA_SCE_SE,35,0.0
CA_SCE_SE,36,0.0
CA_SCE_SE,37,0.0
CA_SCE_SE,38,0.0
CA_SCE_SE,39,0.0
CA_SCE_SE,40,0.0
CA_SCE_SE,41,0.0
CA_SCE_SE,42,0.0
CA_SCE_SE,43,0.0
CA_SCE_SE,44,0.0
CA_SCE_SE,45,0.0
CA_SCE_SE,46,0.0
CA_SCE_SE,47,0.0
CA_SCE_SE,48,0.0
CA_SCE_SE,49,0.0
CA_SCE_SE,50,0.0
CA_SCE_SE,51,0.0
CA_SCE_SE,52,0.0
CA_SCE_SE,53,0.0
CA_SCE_SE,54,0.0
CA_SCE_SE,55,0.0
CA_SCE_SE,56,0.0
CA_SCE_SE,57,0.0
CA_SCE_SE,58,0.0
CA_SCE_SE,59,0.0
CA_SCE_SE,60,0.0
CA_SCE_SE,61,0.0
CA_SCE_SE,62,0.0
CA_SCE_SE,63,0.0
CA_SCE_SE,64,0.0
CA_SCE_SE,65,0.0
CA_SCE_SE,66,0.0
CA_SCE_SE,67,0.0
CA_SCE_SE,68,0.0
CA_SCE_SE,69,0.0
CA_SCE_SE,70,0.0
CA_SCE_SE,71,0.0
CA_SCE_SE,72,0.0
CA_SCE_SE,73,0.0
CA_SCE_SE,74,0.0
CA_SCE_SE,75,0.0
CA_SCE_SE,76,0.0
CA_SCE_SE,77,0.0
CA_SCE_SE,78,0.0
CA_SCE_SE,79,0.0
CA_SCE_SE,80,0.0
CA_SCE_SE,81,0.0
CA_SCE_SE,82,0.0
CA_SCE_SE,83,0.0
CA_SCE_SE,84,0.0
CA_SCE_SE,85,0.0
CA_SCE_SE,86,0.0
CA_SCE_SE,87,0.0
CA_SCE_SE,88,0.0
CA_SCE_SE,89,0.0
CA_SCE_SE,90,0.0
CA_SCE_SE,91,0.0
CA_SCE_SE,92,0.0
CA_SCE_SE,93,0.0
CA_SCE_SE,94,0.0
CA_SCE_SE,95,0.0
CA_SCE_SE,96,0.0
CA_SCE_SE,97,0.0
CA_SCE_SE,98,0.0
CA_SCE_SE,99,0.0
CA_SCE_SE,100,0.0
CA_SCE_SE,101,0.0
CA_SCE_SE,102,0.0
CA_SCE_SE,103,0.0
CA_SCE_SE,104,0.0
CA_SCE_SE,105,0.0
CA_SCE_SE,106,0.0
CA_SCE_SE,107,0.0
CA_SCE_SE,108,0.0
CA_SCE_SE,109,0.0
CA_SCE_SE,110,0.0
CA_SCE_SE,111,0.0
CA_SCE_SE,112,0.0
CA_SCE_SE,113,0.0
CA_SCE_SE,114,0.0
CA_SCE_SE,115,0.0
CA_SCE_SE,116,0.0
CA_SCE_SE,117,0.0
CA_SCE_SE,118,0.0
CA_SCE_SE,119,0.0
CA_SCE_SE,120,0.0
CA_SCE_SE,121,0.0
CA_SCE_SE,122,0.0
CA_SCE_SE,123,0.0
CA_SCE_SE,124,0.0
CA_SCE_SE,125,0.0
CA_SCE_SE,126,0.0
CA_SCE_SE,127,0.0
CA_SCE_SE,128,0.0
CA_SCE_SE,129,0.0
CA_SCE_SE,130,0.0
CA_SCE_SE,131,0.0
CA_SCE_SE,132,0.0
CA_SCE_SE,133,0.0
CA_SCE_SE,134,0.0
CA_SCE_SE,135,0.0
CA_SCE_SE,136,0.0
CA_SCE_SE,137,0.0
CA_SCE_SE,138,0.0
CA_SCE_SE,139,0.0
CA_SCE_SE,140,0.0
CA_SCE_SE,141,0.0
CA_SCE_SE,142,0.0
CA_SCE_SE,143,0.0
CA_SCE_SE,144,0.0
CA_SCE_SE,145,0.0
CA_SCE_SE,146,0.0
CA_SCE_SE,147,0.0
CA_SCE_SE,148,0.0
CA_SCE_SE,149,0.0
CA_SCE_SE,150,0.0
CA_SCE_SE,151,0.0
CA_SCE_SE,152,0.0
CA_SCE_SE,153,0.0
CA_SCE_SE,154,0.0
CA_SCE_SE,155,0.0
CA_SCE_SE,156,0.0
CA_SCE_SE,157,0.0
CA_SCE_SE,158,0.0
CA_SCE_SE,159,0.0
CA_SCE_SE,160,0.0
CA_SCE_SE,161,0.0
CA_SCE_SE,162,0.0
CA_SCE_SE,163,0.0
CA_SCE_SE,164,0.0
CA_SCE_SE,165,0.0
CA_SCE_SE,166,0.0
CA_SCE_SE,167,0.0
CA_SCE_SE,168,0.0
CA_SCE_SE,169,0.0
CA_SCE_SE,170,0.0
CA_SCE_SE,171,0.0
CA_SCE_SE,172,0.0
CA_SCE_SE,173,0.0
CA_SCE_SE,174,0.0
CA_SCE_SE,175,0.0
CA_SCE_SE,176,0.0
CA_SCE_SE,177,0.0
CA_SCE_SE,178,0.0
CA_SCE_SE,179,0.0
CA_SCE_SE,180,0.0
CA_SCE_SE,181,0.0
CA_SCE_SE,182,0.0
CA_SCE_SE,183,0.0
CA_SCE_SE,184,0.0
CA_SCE_SE,185,0.0
CA_SCE_SE,186,0.0
CA_SCE_SE,187,0.0
CA_SCE_SE,188,0.0
CA_SCE_SE,189,0.0
CA_SCE_SE,190,0.0
CA_SCE_SE,191,0.0
CA_SCE_SE,192,0.0
CA_SCE_SE,193,0.0
CA_SCE_SE,194,0.0
CA_SCE_SE,195,0.0
CA_SCE_SE,196,0.0
CA_SCE_SE,197,0.0
CA_SCE_SE,198,0.0
CA_SCE_SE,199,0.0
CA_SCE_SE,200,0.0
CA_SCE_SE,201,0.0
CA_SCE_SE,202,0.0
CA_SCE_SE,203,0.0
CA_SCE_SE,204,0.0
CA_SCE_SE,205,0.0
CA_SCE_SE,206,0.0
CA_SCE_SE,207,0.0
CA_SCE_SE,208,0.0
CA_SCE_SE,209,0.0
CA_SCE_SE,210,0.0
CA_SCE_SE,211,0.0
CA_SCE_SE,212,0.0
CA_SCE_SE,213,0.0
CA_SCE_SE,214,0.0
CA_SCE_SE,215,0.0
CA_SCE_SE,216,0.0
CA_SCE_SE,217,0.0
CA_SCE_SE,218,0.0
CA_SCE_SE,219,0.0
CA_SCE_SE,220,0.0
CA_SCE_SE,221,0.0
CA_SCE_SE,222,0.0
CA_SCE_SE,223,0.0
CA_SCE_SE,224,0.0
CA_SCE_SE,225,0.0
CA_SCE_SE,226,0.0
CA_SCE_SE,227,0.0
CA_SCE_SE,228,0.0
CA_SCE_SE,229,0.0
CA_SCE_SE,230,0.0
CA_SCE_SE,231,0.0
CA_SCE_SE,232,0.0
CA_SCE_SE,233,0.0
CA_SCE_SE,234,0.0
CA_SCE_SE,235,0.0
CA_SCE_SE,236,0.0
CA_SCE_SE,237,0.0
CA_SCE_SE,238,0.0
CA_SCE_SE,239,0.0
CA_SCE_SE,240,0.0
CA_SCE_SE,241,0.0
CA_SCE_SE,242,0.0
CA_SCE_SE,243,0.0
CA_SCE_SE,244,0.0
CA_SCE_SE,245,0.0
CA_SCE_SE,246,0.0
CA_SCE_SE,247,0.0
CA_SCE_SE,248,0.0
CA_SCE_SE,249,0.0
CA_SCE_SE,250,0.0
CA_SCE_SE,251,0.0
CA_SCE_SE,252,0.0
CA_SCE_SE,253,0.0
CA_SCE_SE,254,0.0
CA_SCE_SE,255,0.0
CA_SCE_SE,256,0.0
CA_SCE_SE,257,0.0
CA_SCE_SE,258,0.0
CA_SCE_SE,259,0.0
CA_SCE_SE,260,0.0
CA_SCE_SE,261,0.0
CA_SCE_SE,262,0.0
CA_SCE_SE,263,0.0
CA_SCE_SE,264,0.0
CA_SCE_SE,265,0.0
CA_SCE_SE,266,0.0
CA_SCE_SE,267,0.0
CA_SCE_SE,268,0.0
CA_SCE_SE,269,0.0
CA_SCE_SE,270,0.0
CA_SCE_SE,271,0.0
CA_SCE_SE,272,0.0
CA_SCE_SE,273,0.0
CA_SCE_SE,274,0.0
CA_SCE_SE,275,0.0
CA_SCE_SE,276,0.0
CA_SCE_SE,277,0.0
CA_SCE_SE,278,0.0
CA_SCE_SE,279,0.0
CA_SCE_SE,280,0.0
CA_SCE_SE,281,0.0
CA_SCE_SE,282,0.0
CA_SCE_SE,283,0.0
CA_SCE_SE,284,0.0
CA_SCE_SE,285,0.0
CA_SCE_SE,286,0.0
CA_SCE_SE,287,0.0
CA_SCE_SE,288,0.0
CA_SCE_SE,289,0.0
CA_SCE_SE,290,0.0
CA_SCE_SE,291,0.0
CA_SCE_SE,292,0.0
CA_SCE_SE,293,0.0
CA_SCE_SE,294,0.0
CA_SCE_SE,295,0.0
CA_SCE_SE,296,0.0
CA_SCE_SE,297,0.0
CA_SCE_SE,298,0.0
CA_SCE_SE,299,0.0
CA_SCE_SE,300,0.0
CA_SCE_SE,301,0.0
CA_SCE_SE,302,0.0
CA_SCE_SE,303,0.0
CA_SCE_SE,304,0.0
CA_SCE_SE,305,0.0
CA_SCE_SE,306,0.0
CA_SCE_SE,307,0.0
CA_SCE_SE,308,0.0
CA_SCE_SE,309,0.0
CA_SCE_SE,310,0.0
CA_SCE_SE,311,0.0
CA_SCE_SE,312,0.0
CA_SCE_SE,313,0.0
CA_SCE_SE,314,0.0
CA_SCE_SE,315,0.0
CA_SCE_SE,316,0.0
CA_SCE_SE,317,0.0
CA_SCE_SE,318,0.0
CA_SCE_SE,319,0.0
CA_SCE_SE,320,0.0
CA_SCE_SE,321,0.0
CA_SCE_SE,322,0.0
CA_SCE_SE,323,0.0
CA_SCE_SE,324,0.0
CA_SCE_SE,325,0.0
CA_SCE_SE,326,0.0
CA_SCE_SE,327,0.0
CA_SCE_SE,328,0.0
CA_SCE_SE,329,0.0
CA_SCE_SE,330,0.0
CA_SCE_SE,331,0.0
CA_SCE_SE,332,0.0
CA_SCE_SE,333,0.0
CA_SCE_SE,334,0.0
CA_SCE_SE,335,0.0
CA_SCE_SE,336,0.0
CA_SCE_SE,337,0.0
CA_SCE_SE,338,0.0
CA_SCE_SE,339,0.0
CA_SCE_SE,340,0.0
CA_SCE_SE,341,0.0
CA_SCE_SE,342,0.0
CA_SCE_SE,343,0.0
CA_SCE_SE,344,0.0
CA_SCE_SE,345,0.0
CA_SCE_SE,346,0.0
CA_SCE_SE,347,0.0
CA_SCE_SE,348,0.0
CA_SCE_SE,349,0.0
CA_SCE_SE,350,0.0
CA_SCE_SE,351,0.0
CA_SCE_SE,352,0.0
CA_SCE_SE,353,0.0
CA_SCE_SE,354,0.0
CA_SCE_SE,355,0.0
CA_SCE_SE,356,0.0
CA_SCE_SE,357,0.0
CA_SCE_SE,358,0.0
CA_SCE_SE,359,0.0
CA_SCE_SE,360,0.0
CA_SCE_SE,361,0.0
CA_SCE_SE,362,0.0
CA_SCE_SE,363,0.0
CA_SCE_SE,364,0.0
CA_SCE_SE,365,0.0
CA_SCE_VLY,1,1.7887014096374682e-05
CA_SCE_VLY,2,5.422401121105392e-05
CA_SCE_VLY,3,8.528136805418754e-05
CA_SCE_VLY,4,6.167433849863803e-05
CA_SCE_VLY,5,4.259536176655103e-05
CA_SCE_VLY,6,1.0810736621656865e-05
CA_SCE_VLY,7,4.082870067430077e-05
CA_SCE_VLY,8,3.681182863580153e-05
CA_SCE_VLY,9,7.653538540951241e-05
CA_SCE_VLY,10,7.740323000094633e-05
CA_SCE_VLY,11,5.4583244332217445e-05
CA_SCE_VLY,12,5.7999947906625254e-05
CA_SCE_VLY,13,0.0
CA_SCE_VLY,14,1.1414680599044245e-05
CA_SCE_VLY,15,7.4815263483843e-05
CA_SCE_VLY,16,4.463114621578798e-05
CA_SCE_VLY,17,8.291872292423482e-05
CA_SCE_VLY,18,6.624652895359436e-05
CA_SCE_VLY,19,5.164639482864793e-05
CA_SCE_VLY,20,3.9813945372119434e-05
CA_SCE_VLY,21,5.41493872897464e-05
CA_SCE_VLY,22,2.8933970561204006e-05
CA_SCE_VLY,23,7.239041566961538e-05
CA_SCE_VLY,24,0.00014284108418501147
CA_SCE_VLY,25,7.509921256361067e-05
CA_SCE_VLY,26,3.271255795446314e-05
CA_SCE_VLY,27,2.756475305566532e-05
CA_SCE_VLY,28,5.662196840486625e-05
CA_SCE_VLY,29,5.217774532055992e-05
CA_SCE_VLY,30,5.132447245152613e-05
CA_SCE_VLY,31,0.00010947662153920344
CA_SCE_VLY,32,0.0001097984481102749
CA_SCE_VLY,33,6.389094081687092e-05
CA_SCE_VLY,34,2.837743315272107e-05
CA_SCE_VLY,35,3.4787258463573085e-05
CA_SCE_VLY,36,3.6329662373523554e-05
CA_SCE_VLY,37,8.330242669730859e-05
CA_SCE_VLY,38,7.849816325168862e-05
CA_SCE_VLY,39,9.685457960952829e-05
CA_SCE_VLY,40,8.731099952547366e-05
CA_SCE_VLY,41,1.3478425518483363e-05
CA_SCE_VLY,42,6.9950480791775885e-06
CA_SCE_VLY,43,5.599992882231907e-05
CA_SCE_VLY,44,0.00011880992965105054
CA_SCE_VLY,45,0.0001403651339230171
CA_SCE_VLY,46,0.00012520024523281922
CA_SCE_VLY,47,7.360370693848747e-05
CA_SCE_VLY,48,1.4036633145363262e-05
CA_SCE_VLY,49,2.155424619286298e-05
CA_SCE_VLY,50,6.705717752531273e-05
CA_SCE_VLY,51,0.00013433029083115896
CA_SCE_VLY,52,5.7378127205555515e-05
CA_SCE_VLY,53,7.277268441633807e-05
CA_SCE_VLY,54,4.7969166097813266e-05
CA_SCE_VLY,55,6.859747235199867e-06
CA_SCE_VLY,56,1.4975345828703561e-05
CA_SCE_VLY,57,6.093573282358851e-05
CA_SCE_VLY,58,4.770424899241775e-05
CA_SCE_VLY,59,8.846380923022704e-05
CA_SCE_VLY,60,4.076191032131701e-05
CA_SCE_VLY,61,1.3972853855740335e-05
CA_SCE_VLY,62,2.7033305849143877e-05
CA_SCE_VLY,63,5.685230605377719e-05
CA_SCE_VLY,64,7.028605089045911e-05
CA_SCE_VLY,65,8.86969218404959e-05
CA_SCE_VLY,66,6.59314691042207e-05
CA_SCE_VLY,67,7.503270178133988e-05
CA_SCE_VLY,68,1.502924084878824e-05
CA_SCE_VLY,69,2.237045380770583e-05
CA_SCE_VLY,70,4.5149745288923943e-05
CA_SCE_VLY,71,6.823978591069353e-05
CA_SCE_VLY,72,6.392010148692005e-05
CA_SCE_VLY,73,6.946890023610824e-05
CA_SCE_VLY,74,3.471555289937007e-05
CA_SCE_VLY,75,4.901955885049626e-06
CA_SCE_VLY,76,2.2212029566605515e-05
CA_SCE_VLY,77,4.581424698214354e-05
CA_SCE_VLY,78,6.390608971777491e-05
CA_SCE_VLY,79,4.0879469789796474e-05
CA_SCE_VLY,80,6.582078044421921e-05
CA_SCE_VLY,81,4.807580790175331e-05
CA_SCE_VLY,82,4.0913897594261267e-05
CA_SCE_VLY,83,4.40931970551061e-05
CA_SCE_VLY,84,6.150449122789541e-05
CA_SCE_VLY,85,7.847820366116694e-05
CA_SCE_VLY,86,5.978428826098108e-05
CA_SCE_VLY,87,9.566173262681802e-05
CA_SCE_VLY,88,5.774795344402925e-05
CA_SCE_VLY,89,4.892007528128915e-05
CA_SCE_VLY,90,2.9934363306207474e-05
CA_SCE_VLY,91,8.30702258459737e-05
CA_SCE_VLY,92,9.727547388428474e-05
CA_SCE_VLY,93,0.00015125942688994697
CA_SCE_VLY,94,0.0001991831874618271
CA_SCE_VLY,95,0.00010001996226180548
CA_SCE_VLY,96,4.46002649698781e-05
CA_SCE_VLY,97,5.9717178982539684e-05
CA_SCE_VLY,98,0.00011756556997368509
CA_SCE_VLY,99,0.00012086194020951694
CA_SCE_VLY,100,0.0001473576109777392
CA_SCE_VLY,101,0.0001299662751787867
CA_SCE_VLY,102,0.00014296374076211012
CA_SCE_VLY,103,5.353098055158065e-05
CA_SCE_VLY,104,0.00011893040961833125
CA_SCE_VLY,105,0.00011308351457942963
CA_SCE_VLY,106,0.00015824032492566296
CA_SCE_VLY,107,0.00013667490170697838
CA_SCE_VLY,108,0.00014582128799204373
CA_SCE_VLY,109,0.00010017281090677244
CA_SCE_VLY,110,1.1484068115204636e-05
CA_SCE_VLY,111,2.430596186107973e-05
CA_SCE_VLY,112,8.560236766927851e-05
CA_SCE_VLY,113,0.00015006920385401666
CA_SCE_VLY,114,0.00017680931743619757
CA_SCE_VLY,115,0.00013303020739771767
CA_SCE_VLY,116,0.00015733293770865236
CA_SCE_VLY,117,3.1339368649785936e-05
CA_SCE_VLY,118,3.608686978221882e-05
CA_SCE_VLY,119,8.575257658044418e-05
CA_SCE_VLY,120,0.00012118982564281053
CA_SCE_VLY,121,5.0672451657387657e-05
CA_SCE_VLY,122,7.389791950526551e-05
CA_SCE_VLY,123,5.5366395465721786e-05
CA_SCE_VLY,124,2.9620021659208563e-05
CA_SCE_VLY,125,2.7759673186959678e-05
CA_SCE_VLY,126,2.99384549855843e-05
CA_SCE_VLY,127,3.502959290998713e-05
CA_SCE_VLY,128,4.009139891728523e-05
CA_SCE_VLY,129,7.44074767612778e-05
CA_SCE_VLY,130,6.739635761922365e-05
CA_SCE_VLY,131,1.304475122108166e-05
CA_SCE_VLY,132,1.4100302068607455e-05
CA_SCE_VLY,133,3.9627550342328315e-05
CA_SCE_VLY,134,4.483821730034658e-05
CA_SCE_VLY,135,5.654692666139946e-05
CA_SCE_VLY,136,3.206203383091964e-05
CA_SCE_VLY,137,3.653946223370505e-05
CA_SCE_VLY,138,1.3097570146175465e-05
CA_SCE_VLY,139,2.8959657381301424e-05
CA_SCE_VLY,140,2.9895389335972598e-05
CA_SCE_VLY,141,4.5692412355654284e-05
CA_SCE_VLY,142,4.571330972158065e-05
CA_SCE_VLY,143,7.371018235421032e-05
CA_SCE_VLY,144,3.086395133119319e-05
CA_SCE_VLY,145,1.2619618667608851e-05
CA_SCE_VLY,146,2.13113716812315e-05
CA_SCE_VLY,147,3.286132281581024e-05
CA_SCE_VLY,148,4.418132552585629e-05
CA_SCE_VLY,149,5.37811436870461e-05
CA_SCE_VLY,150,7.731310833056313e-05
CA_SCE_VLY,151,6.052948091700758e-05
CA_SCE_VLY,152,8.744408710401267e-05
CA_SCE_VLY,153,0.000284875542141319
CA_SCE_VLY,154,0.0003218926743573576
CA_SCE_VLY,155,0.0002977917832126934
CA_SCE_VLY,156,0.0003373337946091173
CA_SCE_VLY,157,0.00039285530480216653
CA_SCE_VLY,158,0.00026957917977282037
CA_SCE_VLY,159,0.00011842574656954664
CA_SCE_VLY,160,0.00016462310404730557
CA_SCE_VLY,161,0.000364133859610956
CA_SCE_VLY,162,0.0002039349391412306
CA_SCE_VLY,163,0.0005795897195704652
CA_SCE_VLY,164,0.00046046111018784334
CA_SCE_VLY,165,0.00017112935457969653
CA_SCE_VLY,166,0.00015107544054703933
CA_SCE_VLY,167,3.158024949122977e-05
CA_SCE_VLY,168,0.00016900041558369844
CA_SCE_VLY,169,0.00042667357734591915
CA_SCE_VLY,170,0.0003542377583508702
CA_SCE_VLY,171,0.0004502646017269337
CA_SCE_VLY,172,0.00022862485578931666
CA_SCE_VLY,173,0.0
CA_SCE_VLY,174,0.0002548541799798599
CA_SCE_VLY,175,0.0002929483192520819
CA_SCE_VLY,176,0.0003643747093574611
CA_SCE_VLY,177,0.00023310057927601043
CA_SCE_VLY,178,0.0003493140453805266
CA_SCE_VLY,179,0.00026962564871971803
CA_SCE_VLY,180,5.913741833488478e-05
CA_SCE_VLY,181,9.330304945787334e-05
CA_SCE_VLY,182,3.2136549175034914e-05
CA_SCE_VLY,183,4.501532492893844e-05
CA_SCE_VLY,184,7.734075603780773e-05
CA_SCE_VLY,185,1.7976414079191954e-05
CA_SCE_VLY,186,3.457851391027406e-05
CA_SCE_VLY,187,9.94835435931247e-06
CA_SCE_VLY,188,1.0658539777798205e-05
CA_SCE_VLY,189,6.055140383620094e-05
CA_SCE_VLY,190,6.125794282548647e-05
CA_SCE_VLY,191,6.740824146984549e-05
CA_SCE_VLY,192,4.010857082428194e-05
CA_SCE_VLY,193,5.076162553822152e-05
CA_SCE_VLY,194,2.967073382706709e-05
CA_SCE_VLY,195,4.967104626747428e-05
CA_SCE_VLY,196,3.3321649068918053e-05
CA_SCE_VLY,197,6.616032166322874e-05
CA_SCE_VLY,198,5.1363918703974714e-05
CA_SCE_VLY,199,4.2528460498037946e-05
CA_SCE_VLY,200,4.7774158405111856e-05
CA_SCE_VLY,201,1.5072475171796642e-05
CA_SCE_VLY,202,5.632427879457766e-06
CA_SCE_VLY,203,6.690995337851026e-05
CA_SCE_VLY,204,5.4544229957172565e-05
CA_SCE_VLY,205,6.122387504524559e-05
CA_SCE_VLY,206,7.494986285681556e-05
CA_SCE_VLY,207,5.711704799427612e-05
CA_SCE_VLY,208,1.0002612978639583e-05
CA_SCE_VLY,209,2.1428271109171383e-05
CA_SCE_VLY,210,2.7532902071093777e-05
CA_SCE_VLY,211,6.697893186620301e-05
CA_SCE_VLY,212,6.246336002571546e-05
CA_SCE_VLY,213,5.9554297718332056e-05
CA_SCE_VLY,214,4.0510117829937203e-05
CA_SCE_VLY,215,1.0082645395649829e-05
CA_SCE_VLY,216,2.2054263308938993e-05
CA_SCE_VLY,217,4.5290465757019475e-05
CA_SCE_VLY,218,3.389497640630885e-05
CA_SCE_VLY,219,4.598505690881229e-05
CA_SCE_VLY,220,6.079388609386435e-05
CA_SCE_VLY,221,5.298944819688187e-05
CA_SCE_VLY,222,1.0158789040532324e-05
CA_SCE_VLY,223,1.1076083371900772e-05
CA_SCE_VLY,224,2.8108784539826373e-05
CA_SCE_VLY,225,5.608449826104168e-05
CA_SCE_VLY,226,4.0781354106305064e-05
CA_SCE_VLY,227,4.89624479444181e-05
CA_SCE_VLY,228,3.468637284426673e-05
CA_SCE_VLY,229,2.5747365019461654e-05
CA_SCE_VLY,230,3.403860759588017e-05
CA_SCE_VLY,231,4.619451951721623e-05
CA_SCE_VLY,232,5.7428537201568656e-05
CA_SCE_VLY,233,6.486028799486526e-05
CA_SCE_VLY,234,6.125406045848595e-05
CA_SCE_VLY,235,6.372450464699482e-05
CA_SCE_VLY,236,2.5023003172845444e-05
CA_SCE_VLY,237,1.6370807714531233e-05
CA_SCE_VLY,238,1.666832708806189e-05
CA_SCE_VLY,239,5.8203482944365554e-05
CA_SCE_VLY,240,4.1180494966241e-05
CA_SCE_VLY,241,9.766124952101393e-05
CA_SCE_VLY,242,5.3480254336219345e-05
CA_SCE_VLY,243,1.5113082069924532e-05
CA_SCE_VLY,244,4.9434585792531495e-05
CA_SCE_VLY,245,8.503129580662651e-05
CA_SCE_VLY,246,8.498877078108721e-05
CA_SCE_VLY,247,8.849618395696262e-05
CA_SCE_VLY,248,8.16270622905055e-05
CA_SCE_VLY,249,4.9288290222693466e-05
CA_SCE_VLY,250,3.347657778841524e-05
CA_SCE_VLY,251,3.663748484926696e-05
CA_SCE_VLY,252,5.7795351586133266e-05
CA_SCE_VLY,253,8.066234197008484e-05
CA_SCE_VLY,254,7.026730475403582e-05
CA_SCE_VLY,255,0.00014205891242690617
CA_SCE_VLY,256,7.877642394595857e-05
CA_SCE_VLY,257,5.220225641569004e-05
CA_SCE_VLY,258,2.823135082176256e-05
CA_SCE_VLY,259,7.910471494178116e-05
CA_SCE_VLY,260,0.00016462616856167785
CA_SCE_VLY,261,8.030058745089823e-05
CA_SCE_VLY,262,0.00013570838747516058
CA_SCE_VLY,263,8.075605965288143e-05
CA_SCE_VLY,264,2.633079041496258e-05
CA_SCE_VLY,265,2.8778608303817302e-05
CA_SCE_VLY,266,6.866519729227064e-05
CA_SCE_VLY,267,9.912371059099386e-05
CA_SCE_VLY,268,9.054868627375678e-05
CA_SCE_VLY,269,0.00014366184994922283
CA_SCE_VLY,270,5.022788277799215e-05
CA_SCE_VLY,271,5.1944378567440094e-05
CA_SCE_VLY,272,3.772157373477892e-05
CA_SCE_VLY,273,6.789406167603601e-05
CA_SCE_VLY,274,0.00010418283965604599
CA_SCE_VLY,275,5.767946760550573e-05
CA_SCE_VLY,276,6.084878123118289e-05
CA_SCE_VLY,277,5.2998185923259315e-05
CA_SCE_VLY,278,1.0266423939572181e-05
CA_SCE_VLY,279,2.2658820612803325e-05
CA_SCE_VLY,280,4.064378954662892e-05
CA_SCE_VLY,281,6.684169234146803e-05
CA_SCE_VLY,282,7.982495416227529e-05
CA_SCE_VLY,283,6.859329724978467e-05
CA_SCE_VLY,284,5.358452419081952e-05
CA_SCE_VLY,285,2.6217682758276656e-05
CA_SCE_VLY,286,4.3894257044536484e-05
CA_SCE_VLY,287,4.566058687432287e-05
CA_SCE_VLY,288,9.182615212900418e-05
CA_SCE_VLY,289,9.954607359189184e-05
CA_SCE_VLY,290,5.025871856944138e-05
CA_SCE_VLY,291,4.188429855473552e-05
CA_SCE_VLY,292,1.564560032637651e-05
CA_SCE_VLY,293,3.9653608885785e-05
CA_SCE_VLY,294,5.221637198249638e-05
CA_SCE_VLY,295,5.951829454545344e-05
CA_SCE_VLY,296,5.951182677448589e-05
CA_SCE_VLY,297,6.763622783802461e-05
CA_SCE_VLY,298,4.323655085859526e-05
CA_SCE_VLY,299,1.0167350038243871e-05
CA_SCE_VLY,300,5.266854126338014e-05
CA_SCE_VLY,301,5.8793066787476256e-05
CA_SCE_VLY,302,4.1809434854928385e-05
CA_SCE_VLY,303,7.840041705076539e-05
CA_SCE_VLY,304,4.82611400358724e-05
CA_SCE_VLY,305,3.5217598493329574e-05
CA_SCE_VLY,306,2.0260094958958e-05
CA_SCE_VLY,307,1.0954886488089826e-05
CA_SCE_VLY,308,3.8381563301364176e-05
CA_SCE_VLY,309,3.424958756631104e-05
CA_SCE_VLY,310,5.8110428618022365e-05
CA_SCE_VLY,311,7.968562488490027e-05
CA_SCE_VLY,312,3.459660738388154e-05
CA_SCE_VLY,313,5.038701069556418e-06
CA_SCE_VLY,314,5.483585071205358e-06
CA_SCE_VLY,315,8.225765260857308e-05
CA_SCE_VLY,316,4.01846702366558e-05
CA_SCE_VLY,317,0.0001017176972913114
CA_SCE_VLY,318,9.754147671758539e-05
CA_SCE_VLY,319,4.127307313164169e-05
CA_SCE_VLY,320,5.021037881112535e-06
CA_SCE_VLY,321,3.3121100515789834e-05
CA_SCE_VLY,322,1.6920670573325075e-05
CA_SCE_VLY,323,6.387719788689277e-05
CA_SCE_VLY,324,5.297208750229825e-05
CA_SCE_VLY,325,3.682281878266483e-05
CA_SCE_VLY,326,5.309408917328838e-05
CA_SCE_VLY,327,4.843167734421977e-05
CA_SCE_VLY,328,3.7704248100741954e-05
CA_SCE_VLY,329,5.641019215566535e-05
CA_SCE_VLY,330,9.129041573978417e-05
CA_SCE_VLY,331,6.478464707980302e-05
CA_SCE_VLY,332,0.0
CA_SCE_VLY,333,5.391770562521134e-05
CA_SCE_VLY,334,3.8263017759919724e-05
CA_SCE_VLY,335,5.7392759727423084e-05
CA_SCE_VLY,336,7.258481402959352e-05
CA_SCE_VLY,337,0.0001077526460098086
CA_SCE_VLY,338,5.013307749724675e-05
CA_SCE_VLY,339,0.00011898509324845015
CA_SCE_VLY,340,9.831682407260123e-05
CA_SCE_VLY,341,2.138330983178037e-05
CA_SCE_VLY,342,4.609441483985769e-05
CA_SCE_VLY,343,6.154513964080785e-05
CA_SCE_VLY,344,8.283659118588024e-05
CA_SCE_VLY,345,7.540166957115417e-05
CA_SCE_VLY,346,0.000146652025633427
CA_SCE_VLY,347,6.554458964017781e-05
CA_SCE_VLY,348,3.4336496928805665e-05
CA_SCE_VLY,349,3.873311106217925e-05
CA_SCE_VLY,350,4.623413620030602e-05
CA_SCE_VLY,351,0.00010831698675163545
CA_SCE_VLY,352,0.00010963682311707564
CA_SCE_VLY,353,8.207540212710711e-05
CA_SCE_VLY,354,6.630606888429958e-05
CA_SCE_VLY,355,2.919059110191138e-05
CA_SCE_VLY,356,1.4851784637467069e-05
CA_SCE_VLY,357,8.561509194484433e-05
CA_SCE_VLY,358,6.865790190608849e-05
CA_SCE_VLY,359,6.320683526360233e-06
CA_SCE_VLY,360,6.36532044071358e-05
CA_SCE_VLY,361,0.00010451125472946398
CA_SCE_VLY,362,2.9524077028070856e-05
CA_SCE_VLY,363,6.574915630448109e-05
CA_SCE_VLY,364,3.016978408751134e-05
CA_SCE_VLY,365,4.1852153499923443e-05
CA_SDGE,1,3792.5190355500245
CA_SDGE,2,4248.232093525929
CA_SDGE,3,4020.3180785884383
CA_SDGE,4,3901.9068918482135
CA_SDGE,5,4134.101865193293
CA_SDGE,6,2740.7501395451222
CA_SDGE,7,3426.268754136418
CA_SDGE,8,3515.555484077971
CA_SDGE,9,3180.1851603421514
CA_SDGE,10,3618.8297128112526
CA_SDGE,11,4158.659660555023
CA_SDGE,12,3962.053880414056
CA_SDGE,13,2672.8557624041528
CA_SDGE,14,3425.2400322472913
CA_SDGE,15,3212.610089269
CA_SDGE,16,3254.908733844271
CA_SDGE,17,3565.133939958185
CA_SDGE,18,3892.59523144955
CA_SDGE,19,4313.969689256994
CA_SDGE,20,2933.0309890984686
CA_SDGE,21,3335.894935002889
CA_SDGE,22,3331.3830080455937
CA_SDGE,23,3545.8170640146363
CA_SDGE,24,3964.719293651047
CA_SDGE,25,4701.548659141602
CA_SDGE,26,4121.978198299806
CA_SDGE,27,2579.4018414848065
CA_SDGE,28,4041.031415489375
CA_SDGE,29,4127.569743890381
CA_SDGE,30,3530.674948130175
CA_SDGE,31,4119.228466135102
CA_SDGE,32,4589.413274505652
CA_SDGE,33,4654.698004892895
CA_SDGE,34,3221.737543163764
CA_SDGE,35,3743.984187154698
CA_SDGE,36,3960.1743572584032
CA_SDGE,37,3605.436912671134
CA_SDGE,38,3892.719055780016
CA_SDGE,39,4553.0253197877555
CA_SDGE,40,4791.611716313456
CA_SDGE,41,2924.6324106412744
CA_SDGE,42,3750.723959476129
CA_SDGE,43,4804.988676640976
CA_SDGE,44,4137.099715303727
CA_SDGE,45,4054.6873244457956
CA_SDGE,46,5419.5171361283665
CA_SDGE,47,5070.7102632493425
CA_SDGE,48,3343.5629957999295
CA_SDGE,49,4459.370422125719
CA_SDGE,50,4296.883229060826
CA_SDGE,51,4444.138281894429
CA_SDGE,52,4716.773437524107
CA_SDGE,53,5091.715259097753
CA_SDGE,54,4707.180357121808
CA_SDGE,55,3096.018689571015
CA_SDGE,56,4318.149320104616
CA_SDGE,57,4642.2199989345645
CA_SDGE,58,4237.953903610018
CA_SDGE,59,4425.744620332467
CA_SDGE,60,5337.18869267574
CA_SDGE,61,2971.752533845571
CA_SDGE,62,4731.61299857413
CA_SDGE,63,5035.6303304603025
CA_SDGE,64,4550.942960297908
CA_SDGE,65,4660.090642156803
CA_SDGE,66,5633.271146007273
CA_SDGE,67,5161.107316442803
CA_SDGE,68,3944.3052793049983
CA_SDGE,69,5247.114344311301
CA_SDGE,70,5443.1386160272405
CA_SDGE,71,4923.781010546061
CA_SDGE,72,5263.7385495759645
CA_SDGE,73,5162.085711203317
CA_SDGE,74,5296.70248480834
CA_SDGE,75,3612.020832033012
CA_SDGE,76,5212.281317984469
CA_SDGE,77,5417.938898563428
CA_SDGE,78,5304.4375177039165
CA_SDGE,79,5148.878945687595
CA_SDGE,80,5661.901270922937
CA_SDGE,81,6053.282811642778
CA_SDGE,82,3826.1948367176096
CA_SDGE,83,5014.720640438613
CA_SDGE,84,5292.55677807625
CA_SDGE,85,5099.735997668595
CA_SDGE,86,5273.898823294869
CA_SDGE,87,5739.9360528105135
CA_SDGE,88,5272.618578186866
CA_SDGE,89,3912.5034320627915
CA_SDGE,90,4169.181735177549
CA_SDGE,91,6184.453651160545
CA_SDGE,92,5791.468499685149
CA_SDGE,93,6495.509367523234
CA_SDGE,94,6193.04558357882
CA_SDGE,95,6030.066317266927
CA_SDGE,96,4983.715289496505
CA_SDGE,97,5980.032307536256
CA_SDGE,98,5981.713004549874
CA_SDGE,99,5465.593988069057
CA_SDGE,100,5980.034643785333
CA_SDGE,101,6767.268253555074
CA_SDGE,102,7634.809823605984
CA_SDGE,103,4421.191836594854
CA_SDGE,104,6204.954907693282
CA_SDGE,105,6652.410926571573
CA_SDGE,106,5778.824375069981
CA_SDGE,107,6033.199166338632
CA_SDGE,108,7129.382770374172
CA_SDGE,109,7282.54095958911
CA_SDGE,110,5232.3433973848405
CA_SDGE,111,6533.916335552654
CA_SDGE,112,6813.919560147522
CA_SDGE,113,6705.478217615969
CA_SDGE,114,6845.642649931946
CA_SDGE,115,7686.19115084032
CA_SDGE,116,6856.047846928153
CA_SDGE,117,4742.876238838142
CA_SDGE,118,6084.375344081962
CA_SDGE,119,6165.742078027712
CA_SDGE,120,6017.669149090343
CA_SDGE,121,5803.458858187777
CA_SDGE,122,6871.5962891569525
CA_SDGE,123,6195.963606615504
CA_SDGE,124,4190.1362414404175
CA_SDGE,125,5742.914025037617
CA_SDGE,126,6045.175114812694
CA_SDGE,127,5681.564256483754
CA_SDGE,128,5460.829725012545
CA_SDGE,129,6471.582516696321
CA_SDGE,130,6773.393124641951
CA_SDGE,131,4731.6668399225155
CA_SDGE,132,5874.49502788138
CA_SDGE,133,6210.685496421452
CA_SDGE,134,5655.221297615108
CA_SDGE,135,6434.809423038884
CA_SDGE,136,7070.699521787158
CA_SDGE,137,6831.206211700629
CA_SDGE,138,3964.5491379512023
CA_SDGE,139,5437.494103147671
CA_SDGE,140,5908.363758025157
CA_SDGE,141,5569.357335326382
CA_SDGE,142,5989.076325588464
CA_SDGE,143,6825.923297197079
CA_SDGE,144,6952.321060742286
CA_SDGE,145,3547.0280298277094
CA_SDGE,146,5119.395308480777
CA_SDGE,147,5320.687784637156
CA_SDGE,148,5627.0446831525605
CA_SDGE,149,5503.526469233772
CA_SDGE,150,6296.67310183654
CA_SDGE,151,6344.541156290234
CA_SDGE,152,4413.68297547935
CA_SDGE,153,7331.242969651618
CA_SDGE,154,7204.593774687861
CA_SDGE,155,6838.447752253873
CA_SDGE,156,7033.827579575687
CA_SDGE,157,7958.371925324375
CA_SDGE,158,7937.343763599707
CA_SDGE,159,5133.31653862267
CA_SDGE,160,6545.907665828447
CA_SDGE,161,7488.353747686591
CA_SDGE,162,7277.291619097279
CA_SDGE,163,7414.7599258970395
CA_SDGE,164,8520.717719981025
CA_SDGE,165,7735.837913430194
CA_SDGE,166,5948.914257067234
CA_SDGE,167,6959.514985089708
CA_SDGE,168,7609.284899508179
CA_SDGE,169,7070.260236959282
CA_SDGE,170,7038.949898632311
CA_SDGE,171,8015.798348556872
CA_SDGE,172,7427.278236478401
CA_SDGE,173,5717.837861884447
CA_SDGE,174,6954.151325816579
CA_SDGE,175,6527.826852369562
CA_SDGE,176,7045.489705281255
CA_SDGE,177,7233.8350089280475
CA_SDGE,178,7751.501099799672
CA_SDGE,179,7638.469461779893
CA_SDGE,180,5434.381662711282
CA_SDGE,181,6941.112429440224
CA_SDGE,182,6685.758744841891
CA_SDGE,183,6551.023671615677
CA_SDGE,184,7029.0662085037975
CA_SDGE,185,3841.5867407103665
CA_SDGE,186,5370.8065358694275
CA_SDGE,187,5982.678567885786
CA_SDGE,188,6091.443298840034
CA_SDGE,189,6972.713456663078
CA_SDGE,190,7042.3892845257915
CA_SDGE,191,7052.35046194579
CA_SDGE,192,7453.2766978927675
CA_SDGE,193,7645.007100215713
CA_SDGE,194,6036.066146836024
CA_SDGE,195,7038.639829763502
CA_SDGE,196,7169.955539020357
CA_SDGE,197,6859.558194820905
CA_SDGE,198,7218.721114240162
CA_SDGE,199,7832.085555894806
CA_SDGE,200,7177.403841666554
CA_SDGE,201,5002.233615131348
CA_SDGE,202,6824.684939872746
CA_SDGE,203,6676.21188016772
CA_SDGE,204,6593.658503805123
CA_SDGE,205,6727.09627749774
CA_SDGE,206,7336.441559335988
CA_SDGE,207,7627.459600044333
CA_SDGE,208,5323.4587710065025
CA_SDGE,209,6263.577009904965
CA_SDGE,210,6991.163071226147
CA_SDGE,211,6825.687689973278
CA_SDGE,212,7125.088417052731
CA_SDGE,213,8050.7359548780305
CA_SDGE,214,7732.128312002579
CA_SDGE,215,5925.599302291646
CA_SDGE,216,7198.40967019806
CA_SDGE,217,7443.951568525285
CA_SDGE,218,6981.171257252553
CA_SDGE,219,7056.361171986341
CA_SDGE,220,8139.536952966748
CA_SDGE,221,7822.533166210337
CA_SDGE,222,5132.866913466213
CA_SDGE,223,6715.610883454755
CA_SDGE,224,7194.777109961708
CA_SDGE,225,6833.082075088228
CA_SDGE,226,7321.273646735635
CA_SDGE,227,8055.7439016798035
CA_SDGE,228,7754.404676665821
CA_SDGE,229,6344.788753818788
CA_SDGE,230,6898.821858412487
CA_SDGE,231,7301.706644148261
CA_SDGE,232,6817.026617858312
CA_SDGE,233,6908.117784734686
CA_SDGE,234,8394.588936907381
CA_SDGE,235,7944.249466691985
CA_SDGE,236,4800.135531156742
CA_SDGE,237,7009.416405207797
CA_SDGE,238,6884.650855976628
CA_SDGE,239,6526.691350299983
CA_SDGE,240,6923.604090224108
CA_SDGE,241,8243.906456416464
CA_SDGE,242,8252.959004243261
CA_SDGE,243,5420.037732712929
CA_SDGE,244,4514.3810417794375
CA_SDGE,245,6498.615040986716
CA_SDGE,246,5492.336137596877
CA_SDGE,247,5565.596888322297
CA_SDGE,248,6614.495311094309
CA_SDGE,249,6351.4271699148885
CA_SDGE,250,4406.616660088026
CA_SDGE,251,6035.061716494427
CA_SDGE,252,6434.241051644212
CA_SDGE,253,5724.741929109769
CA_SDGE,254,6015.892456713315
CA_SDGE,255,7022.011344731992
CA_SDGE,256,6918.844119683161
CA_SDGE,257,5237.390210422597
CA_SDGE,258,7124.90651441576
CA_SDGE,259,7017.457013138808
CA_SDGE,260,6145.868765109215
CA_SDGE,261,6403.672104749135
CA_SDGE,262,7614.897496811764
CA_SDGE,263,7317.595853238474
CA_SDGE,264,5574.457281490196
CA_SDGE,265,7053.717237627417
CA_SDGE,266,6527.107259357871
CA_SDGE,267,6117.605771153447
CA_SDGE,268,6529.261648517212
CA_SDGE,269,7195.894993936356
CA_SDGE,270,7116.992649639555
CA_SDGE,271,5012.9032987138435
CA_SDGE,272,6765.227365811991
CA_SDGE,273,6463.819530235529
CA_SDGE,274,5748.834059376032
CA_SDGE,275,5665.20720815444
CA_SDGE,276,5982.019287272412
CA_SDGE,277,7045.648580065107
CA_SDGE,278,4650.745849549333
CA_SDGE,279,5365.938461496331
CA_SDGE,280,5934.216365164033
CA_SDGE,281,5956.958341728066
CA_SDGE,282,6625.343033605907
CA_SDGE,283,7185.819625636004
CA_SDGE,284,7208.264259366857
CA_SDGE,285,3919.7275862013375
CA_SDGE,286,5338.292777864592
CA_SDGE,287,7048.357069122236
CA_SDGE,288,6456.341296190453
CA_SDGE,289,7116.49370291746
CA_SDGE,290,7628.441468968255
CA_SDGE,291,6361.000809069438
CA_SDGE,292,4634.50686960871
CA_SDGE,293,5527.6569034390395
CA_SDGE,294,6587.519056808091
CA_SDGE,295,6005.5627882431245
CA_SDGE,296,5851.418121266423
CA_SDGE,297,6815.537909345423
CA_SDGE,298,6743.474999707546
CA_SDGE,299,3597.159995684195
CA_SDGE,300,5543.41201172665
CA_SDGE,301,6511.164558715943
CA_SDGE,302,5681.597202730127
CA_SDGE,303,5770.210142544388
CA_SDGE,304,5800.953090729257
CA_SDGE,305,6303.442893875056
CA_SDGE,306,3721.2499230981343
CA_SDGE,307,5391.2697827154725
CA_SDGE,308,5257.0402426410055
CA_SDGE,309,4558.218669181166
CA_SDGE,310,5117.752675872372
CA_SDGE,311,6266.70858597114
CA_SDGE,312,6128.025447856874
CA_SDGE,313,3546.487042184231
CA_SDGE,314,5870.826974282019
CA_SDGE,315,5896.000096861337
CA_SDGE,316,5273.583694542965
CA_SDGE,317,5548.632016690909
CA_SDGE,318,6662.291930864091
CA_SDGE,319,6457.207060230436
CA_SDGE,320,4251.666598337129
CA_SDGE,321,5108.266073816264
CA_SDGE,322,6147.84005613803
CA_SDGE,323,5213.467546826451
CA_SDGE,324,5493.643958174659
CA_SDGE,325,6397.830391697521
CA_SDGE,326,6525.476737127334
CA_SDGE,327,4542.129985021027
CA_SDGE,328,5059.913744609435
CA_SDGE,329,6330.382521065043
CA_SDGE,330,6892.037617290162
CA_SDGE,331,6579.541453356408
CA_SDGE,332,2487.7974819766164
CA_SDGE,333,5046.729244122584
CA_SDGE,334,4874.323637211034
CA_SDGE,335,7032.647611223238
CA_SDGE,336,6846.905861412118
CA_SDGE,337,6041.22126074913
CA_SDGE,338,5921.09041998949
CA_SDGE,339,6591.639776570324
CA_SDGE,340,6302.650805353626
CA_SDGE,341,4716.1759493747
CA_SDGE,342,6088.538239175634
CA_SDGE,343,5903.383005963619
CA_SDGE,344,5761.710312791851
CA_SDGE,345,6043.930417820025
CA_SDGE,346,6595.581489964592
CA_SDGE,347,6922.562038596177
CA_SDGE,348,3762.921171612151
CA_SDGE,349,6342.672771757191
CA_SDGE,350,5597.024365260447
CA_SDGE,351,6149.83075849797
CA_SDGE,352,5725.653991585391
CA_SDGE,353,6149.272707296306
CA_SDGE,354,5586.0986109517435
CA_SDGE,355,5419.671757071079
CA_SDGE,356,5192.045155849536
CA_SDGE,357,6712.481754346833
CA_SDGE,358,4290.013573664642
CA_SDGE,359,3560.3795661038494
CA_SDGE,360,6383.527766102131
CA_SDGE,361,7042.816275782078
CA_SDGE,362,6198.542545975818
CA_SDGE,363,5460.107387917872
CA_SDGE,364,5538.0407675724055
CA_SDGE,365,4234.922418902865
CA_SMUD,1,464.5718824144945
CA_SMUD,2,491.8047966143088
CA_SMUD,3,565.05153875502
CA_SMUD,4,578.632096052256
CA_SMUD,5,564.449289629873
CA_SMUD,6,403.98515251689935
CA_SMUD,7,491.57030118435
CA_SMUD,8,533.336819566762
CA_SMUD,9,530.7703713782261
CA_SMUD,10,516.273249472897
CA_SMUD,11,585.8805578349424
CA_SMUD,12,567.0417737525216
CA_SMUD,13,353.87859893186845
CA_SMUD,14,411.42757250820694
CA_SMUD,15,499.00877464539974
CA_SMUD,16,486.66270624333976
CA_SMUD,17,507.1375663869403
CA_SMUD,18,568.8566654515452
CA_SMUD,19,598.841155604966
CA_SMUD,20,379.86561691851193
CA_SMUD,21,478.3690896641481
CA_SMUD,22,481.5707866317744
CA_SMUD,23,540.6868741069959
CA_SMUD,24,573.2669001269688
CA_SMUD,25,600.7254235546528
CA_SMUD,26,589.548822026162
CA_SMUD,27,350.6609197257272
CA_SMUD,28,493.5451759462529
CA_SMUD,29,549.6871034768682
CA_SMUD,30,537.2999817413422
CA_SMUD,31,551.2778307572926
CA_SMUD,32,504.73699852220085
CA_SMUD,33,520.2430960600855
CA_SMUD,34,350.777605630192
CA_SMUD,35,368.5720708035768
CA_SMUD,36,461.90294427707795
CA_SMUD,37,454.6852477953725
CA_SMUD,38,483.626114576318
CA_SMUD,39,522.6116013373558
CA_SMUD,40,538.8544100907824
CA_SMUD,41,327.9253504293593
CA_SMUD,42,378.80092121623557
CA_SMUD,43,499.1500324458913
CA_SMUD,44,456.9097918731786
CA_SMUD,45,465.13570551200803
CA_SMUD,46,540.4421598055321
CA_SMUD,47,526.3261248825147
CA_SMUD,48,344.2612043869911
CA_SMUD,49,391.89394125584175
CA_SMUD,50,461.9573715604327
CA_SMUD,51,471.32512954177844
CA_SMUD,52,485.71234860342076
CA_SMUD,53,529.9024569678068
CA_SMUD,54,501.9672422499302
CA_SMUD,55,355.32322300274495
CA_SMUD,56,417.2316443082745
CA_SMUD,57,481.2250906278636
CA_SMUD,58,468.00365659629256
CA_SMUD,59,476.541903310492
CA_SMUD,60,575.8018035048526
CA_SMUD,61,360.67111254679287
CA_SMUD,62,479.8656386303879
CA_SMUD,63,545.2306591415974
CA_SMUD,64,537.3073860061211
CA_SMUD,65,553.0025630691479
CA_SMUD,66,631.9534479357748
CA_SMUD,67,598.2226449654577
CA_SMUD,68,396.8905330865706
CA_SMUD,69,536.3468921321925
CA_SMUD,70,584.9506890741053
CA_SMUD,71,555.5362114838715
CA_SMUD,72,560.7520308110531
CA_SMUD,73,582.7863305658253
CA_SMUD,74,606.5890344799584
CA_SMUD,75,385.43495133964785
CA_SMUD,76,525.9361028637701
CA_SMUD,77,603.800375897482
CA_SMUD,78,571.010088252114
CA_SMUD,79,567.0304943170669
CA_SMUD,80,630.8932925109801
CA_SMUD,81,630.0257974143999
CA_SMUD,82,420.4017788220085
CA_SMUD,83,535.1476806973758
CA_SMUD,84,599.5049721042385
CA_SMUD,85,570.9910488569146
CA_SMUD,86,601.8406172736967
CA_SMUD,87,644.6251485588483
CA_SMUD,88,636.3867575464408
CA_SMUD,89,413.79515075701556
CA_SMUD,90,490.34835943221276
CA_SMUD,91,689.6570257589309
CA_SMUD,92,678.3784500543663
CA_SMUD,93,690.8794388356723
CA_SMUD,94,711.0894191650032
CA_SMUD,95,761.502399480364
CA_SMUD,96,498.6336415214749
CA_SMUD,97,649.3855258228314
CA_SMUD,98,698.8419525516831
CA_SMUD,99,666.268216678394
CA_SMUD,100,709.5668222443709
CA_SMUD,101,807.0928402264904
CA_SMUD,102,802.7795376778937
CA_SMUD,103,504.9711653260078
CA_SMUD,104,666.7822612555369
CA_SMUD,105,749.4638994401429
CA_SMUD,106,707.3991166997313
CA_SMUD,107,709.7012204341985
CA_SMUD,108,832.028710002139
CA_SMUD,109,760.9518673556573
CA_SMUD,110,492.17274411683314
CA_SMUD,111,651.3989051441858
CA_SMUD,112,714.7410537867004
CA_SMUD,113,697.8240890803144
CA_SMUD,114,709.4686128012778
CA_SMUD,115,799.6108645998606
CA_SMUD,116,805.1906351629493
CA_SMUD,117,478.7297203414973
CA_SMUD,118,667.6469656254898
CA_SMUD,119,740.4026463787922
CA_SMUD,120,676.1275790327605
CA_SMUD,121,634.7133671152694
CA_SMUD,122,664.8793990687984
CA_SMUD,123,648.1681564127471
CA_SMUD,124,416.8651462118581
CA_SMUD,125,546.9593051944169
CA_SMUD,126,635.5355217936466
CA_SMUD,127,595.1274900204487
CA_SMUD,128,610.0877684941046
CA_SMUD,129,695.6397867190125
CA_SMUD,130,671.2663243384839
CA_SMUD,131,428.3730792533647
CA_SMUD,132,558.948468303673
CA_SMUD,133,623.9409170012607
CA_SMUD,134,595.9891422934166
CA_SMUD,135,629.4344553787209
CA_SMUD,136,699.4215562530868
CA_SMUD,137,664.8592345370599
CA_SMUD,138,411.6770616918487
CA_SMUD,139,584.1865462831336
CA_SMUD,140,641.6328935440745
CA_SMUD,141,618.0643525996624
CA_SMUD,142,596.9019541245597
CA_SMUD,143,678.0075778360359
CA_SMUD,144,680.5208770547098
CA_SMUD,145,411.45100744124534
CA_SMUD,146,413.9026496145106
CA_SMUD,147,561.5828067921273
CA_SMUD,148,583.803341142083
CA_SMUD,149,574.5691564098299
CA_SMUD,150,667.3682935191778
CA_SMUD,151,677.9600733299479
CA_SMUD,152,491.0031248052425
CA_SMUD,153,669.4130767961997
CA_SMUD,154,716.3905723632579
CA_SMUD,155,732.3208979738089
CA_SMUD,156,746.6072774720419
CA_SMUD,157,847.5335501056782
CA_SMUD,158,820.3892508151636
CA_SMUD,159,556.9699349122013
CA_SMUD,160,724.6501219245675
CA_SMUD,161,777.4252088601899
CA_SMUD,162,752.2669709785533
CA_SMUD,163,779.7347041227459
CA_SMUD,164,871.0438001656647
CA_SMUD,165,816.4221728795604
CA_SMUD,166,579.5655914918044
CA_SMUD,167,698.943131094597
CA_SMUD,168,818.7293433407411
CA_SMUD,169,738.5222521903619
CA_SMUD,170,716.7020822070529
CA_SMUD,171,834.7158429579134
CA_SMUD,172,771.0535604920415
CA_SMUD,173,555.7161176783634
CA_SMUD,174,705.0613659101202
CA_SMUD,175,764.4336843679287
CA_SMUD,176,745.3579010567479
CA_SMUD,177,769.7729896992104
CA_SMUD,178,846.1363889138488
CA_SMUD,179,808.0979282165133
CA_SMUD,180,574.4373677029417
CA_SMUD,181,676.86378978985
CA_SMUD,182,679.2340264863668
CA_SMUD,183,734.101824106074
CA_SMUD,184,793.1788415714573
CA_SMUD,185,458.5517693304317
CA_SMUD,186,576.0394361025878
CA_SMUD,187,572.7897082552148
CA_SMUD,188,695.2469136787241
CA_SMUD,189,782.3344212345077
CA_SMUD,190,779.2931051259588
CA_SMUD,191,753.3303476223713
CA_SMUD,192,822.6905311057973
CA_SMUD,193,818.029304093729
CA_SMUD,194,569.4466632332528
CA_SMUD,195,719.9994315791813
CA_SMUD,196,777.1587424636164
CA_SMUD,197,775.5477256779835
CA_SMUD,198,761.2022652776251
CA_SMUD,199,850.185277607586
CA_SMUD,200,853.0811456406575
CA_SMUD,201,538.273862778099
CA_SMUD,202,722.4922305365698
CA_SMUD,203,759.9390993086134
CA_SMUD,204,755.3255583121664
CA_SMUD,205,770.7499306175193
CA_SMUD,206,848.8113279053816
CA_SMUD,207,832.5671887086279
CA_SMUD,208,568.6332859565828
CA_SMUD,209,714.497809547635
CA_SMUD,210,786.6172377025811
CA_SMUD,211,752.5973932370081
CA_SMUD,212,790.4877398061842
CA_SMUD,213,835.343564071077
CA_SMUD,214,849.1946909241556
CA_SMUD,215,580.1910917476151
CA_SMUD,216,717.8223486292951
CA_SMUD,217,802.2393773663306
CA_SMUD,218,735.5115143316575
CA_SMUD,219,727.7244775947141
CA_SMUD,220,865.8609571910234
CA_SMUD,221,851.2596034863336
CA_SMUD,222,551.706918947473
CA_SMUD,223,756.861058150512
CA_SMUD,224,804.6961593306897
CA_SMUD,225,738.2598825142425
CA_SMUD,226,783.6507922254452
CA_SMUD,227,867.2715845402894
CA_SMUD,228,839.9835063771092
CA_SMUD,229,559.3011619006459
CA_SMUD,230,779.3982671791605
CA_SMUD,231,809.9267621774486
CA_SMUD,232,776.6084252370589
CA_SMUD,233,780.4093187903826
CA_SMUD,234,894.4311907085188
CA_SMUD,235,858.4083820792226
CA_SMUD,236,536.3714836519543
CA_SMUD,237,765.4099963329741
CA_SMUD,238,747.3436633226073
CA_SMUD,239,761.9621226845735
CA_SMUD,240,753.2329354425891
CA_SMUD,241,895.6692807998686
CA_SMUD,242,854.8629029008223
CA_SMUD,243,518.1758844597421
CA_SMUD,244,522.2607841745163
CA_SMUD,245,729.766795484434
CA_SMUD,246,681.8517432084848
CA_SMUD,247,718.266548349523
CA_SMUD,248,839.5525268661346
CA_SMUD,249,802.8183759307967
CA_SMUD,250,527.0023018673091
CA_SMUD,251,749.7858302282082
CA_SMUD,252,784.4795112567103
CA_SMUD,253,740.7501563237686
CA_SMUD,254,754.3285637809427
CA_SMUD,255,822.1444573783233
CA_SMUD,256,826.7720731262064
CA_SMUD,257,525.9481256033215
CA_SMUD,258,746.6391226470251
CA_SMUD,259,821.8890371186172
CA_SMUD,260,773.1933289343704
CA_SMUD,261,750.0734168258803
CA_SMUD,262,885.2578415988252
CA_SMUD,263,834.8247522398779
CA_SMUD,264,526.8835704092359
CA_SMUD,265,785.274145474301
CA_SMUD,266,798.8878172000618
CA_SMUD,267,736.5474679155786
CA_SMUD,268,730.7019530712453
CA_SMUD,269,844.3395102332544
CA_SMUD,270,847.6528249434998
CA_SMUD,271,545.155388997464
CA_SMUD,272,740.3082368713065
CA_SMUD,273,822.4709124665515
CA_SMUD,274,697.1040075520369
CA_SMUD,275,694.6924066377346
CA_SMUD,276,817.108037167586
CA_SMUD,277,851.9028207285446
CA_SMUD,278,518.7487053038855
CA_SMUD,279,737.1335279448107
CA_SMUD,280,783.69951105381
CA_SMUD,281,757.0985820361549
CA_SMUD,282,765.0578013910281
CA_SMUD,283,893.473272862215
CA_SMUD,284,824.2347197658318
CA_SMUD,285,544.4151574808284
CA_SMUD,286,729.1736168691702
CA_SMUD,287,809.8706861126283
CA_SMUD,288,728.8491629908799
CA_SMUD,289,753.6560376478308
CA_SMUD,290,865.3772180806336
CA_SMUD,291,849.036145662041
CA_SMUD,292,552.3059958741323
CA_SMUD,293,756.7485662213462
CA_SMUD,294,807.1826793119968
CA_SMUD,295,729.2022866856681
CA_SMUD,296,704.4189684131985
CA_SMUD,297,868.2524436531736
CA_SMUD,298,846.5368518134468
CA_SMUD,299,503.1957189497355
CA_SMUD,300,733.1640767585851
CA_SMUD,301,793.5574637064523
CA_SMUD,302,706.9706142101835
CA_SMUD,303,701.3290398191909
CA_SMUD,304,638.9039223670471
CA_SMUD,305,834.5784790925254
CA_SMUD,306,559.7085700762786
CA_SMUD,307,746.4879541588941
CA_SMUD,308,702.8389882337291
CA_SMUD,309,630.8144660284418
CA_SMUD,310,702.103089072348
CA_SMUD,311,867.0481865375398
CA_SMUD,312,841.1042423867808
CA_SMUD,313,530.820243935909
CA_SMUD,314,731.1804472083147
CA_SMUD,315,795.8676009582097
CA_SMUD,316,723.2132842453816
CA_SMUD,317,811.088933384264
CA_SMUD,318,893.7827512744053
CA_SMUD,319,912.2038721703992
CA_SMUD,320,525.2700012686105
CA_SMUD,321,784.8550355993084
CA_SMUD,322,826.8623150182076
CA_SMUD,323,727.298011012994
CA_SMUD,324,732.8130328166001
CA_SMUD,325,899.7864286130871
CA_SMUD,326,873.5850847377351
CA_SMUD,327,681.8670811907034
CA_SMUD,328,745.9865128334096
CA_SMUD,329,802.0458760140251
CA_SMUD,330,914.6947666375546
CA_SMUD,331,841.7631220647377
CA_SMUD,332,385.43308688739404
CA_SMUD,333,663.3613875499382
CA_SMUD,334,704.6982804181537
CA_SMUD,335,891.9203067646291
CA_SMUD,336,830.7254442637152
CA_SMUD,337,731.9218171876689
CA_SMUD,338,733.4555531680667
CA_SMUD,339,772.8495544761157
CA_SMUD,340,723.4379295272485
CA_SMUD,341,520.7076241732501
CA_SMUD,342,726.7253773024747
CA_SMUD,343,679.2420380330233
CA_SMUD,344,727.1552886552474
CA_SMUD,345,717.8231541365975
CA_SMUD,346,793.4796824854244
CA_SMUD,347,813.8805218098177
CA_SMUD,348,508.91459137868435
CA_SMUD,349,740.9419472068984
CA_SMUD,350,692.5309379083361
CA_SMUD,351,748.9192842527619
CA_SMUD,352,771.3402864923142
CA_SMUD,353,836.9110055658689
CA_SMUD,354,805.9927295795233
CA_SMUD,355,640.513332247194
CA_SMUD,356,686.8450214438337
CA_SMUD,357,752.6732713855414
CA_SMUD,358,526.8602076530294
CA_SMUD,359,431.810255160083
CA_SMUD,360,761.0990920982247
CA_SMUD,361,790.158454072927
CA_SMUD,362,640.0543709619368
CA_SMUD,363,644.9815169297087
CA_SMUD,364,725.4285894983701
CA_SMUD,365,538.9276957774583
CO_DEN,1,47402.45808194157
CO_DEN,2,53524.33316754135
CO_DEN,3,52136.72173184676
CO_DEN,4,46772.11075817372
CO_DEN,5,48350.17920878971
CO_DEN,6,45919.34738187399
CO_DEN,7,44846.79796608894
CO_DEN,8,42638.01828238879
CO_DEN,9,38535.29723160007
CO_DEN,10,38819.23659061109
CO_DEN,11,43805.74470641584
CO_DEN,12,40018.69287195371
CO_DEN,13,34463.95909593727
CO_DEN,14,33612.26451010571
CO_DEN,15,37903.900852624705
CO_DEN,16,39986.38881395397
CO_DEN,17,36168.724595566964
CO_DEN,18,41912.35033216369
CO_DEN,19,42417.0647603274
CO_DEN,20,36704.64804444379
CO_DEN,21,41501.522306333994
CO_DEN,22,41943.57266830365
CO_DEN,23,38030.099926704585
CO_DEN,24,40239.26393094051
CO_DEN,25,44089.57894676606
CO_DEN,26,42858.93138026427
CO_DEN,27,37367.29383065892
CO_DEN,28,43363.341259906025
CO_DEN,29,42417.27065969279
CO_DEN,30,38156.5061258383
CO_DEN,31,39860.58993650623
CO_DEN,32,44278.253036838745
CO_DEN,33,41375.08964023921
CO_DEN,34,29603.59789935445
CO_DEN,35,45003.19773094182
CO_DEN,36,42511.142405750164
CO_DEN,37,37335.79108933113
CO_DEN,38,39986.23963413585
CO_DEN,39,44404.453519182236
CO_DEN,40,45130.47532737659
CO_DEN,41,36956.525081202984
CO_DEN,42,41406.288643534
CO_DEN,43,45887.2087385945
CO_DEN,44,39796.93050104638
CO_DEN,45,41153.72061233571
CO_DEN,46,51094.19376391594
CO_DEN,47,46076.559447620544
CO_DEN,48,45161.418487426905
CO_DEN,49,43520.58015831515
CO_DEN,50,55858.01141159457
CO_DEN,51,46739.043275404954
CO_DEN,52,42826.07563953198
CO_DEN,53,47308.07518506317
CO_DEN,54,46897.117751272795
CO_DEN,55,43235.53142595468
CO_DEN,56,49294.33319854814
CO_DEN,57,43584.22137514406
CO_DEN,58,38219.19747574134
CO_DEN,59,43078.869929099084
CO_DEN,60,47056.45252362309
CO_DEN,61,38693.34010824426
CO_DEN,62,42007.50102385576
CO_DEN,63,46173.156452200514
CO_DEN,64,41880.980436789214
CO_DEN,65,42575.1193464429
CO_DEN,66,46457.213054332766
CO_DEN,67,49865.73102169325
CO_DEN,68,47971.285422646164
CO_DEN,69,49012.691176465836
CO_DEN,70,45794.54559561101
CO_DEN,71,44532.020313040244
CO_DEN,72,44563.73718927471
CO_DEN,73,27772.844098669117
CO_DEN,74,49833.66317391268
CO_DEN,75,50085.16957686264
CO_DEN,76,50558.96645284285
CO_DEN,77,46488.80659731418
CO_DEN,78,43869.22984196581
CO_DEN,79,43395.8122385514
CO_DEN,80,47877.32255293849
CO_DEN,81,50401.75265417861
CO_DEN,82,45825.31322904461
CO_DEN,83,44626.240428660174
CO_DEN,84,45321.45087508851
CO_DEN,85,43395.80655420051
CO_DEN,86,44910.670326352825
CO_DEN,87,46867.528332484864
CO_DEN,88,46110.32021874351
CO_DEN,89,44089.80147336078
CO_DEN,90,43616.72446323348
CO_DEN,91,46710.8420983459
CO_DEN,92,42639.524144753435
CO_DEN,93,42576.46233166307
CO_DEN,94,41345.19674096138
CO_DEN,95,43302.493712374264
CO_DEN,96,35948.70894067327
CO_DEN,97,41440.18018514126
CO_DEN,98,43333.80575197399
CO_DEN,99,39325.67145276497
CO_DEN,100,40146.141910005404
CO_DEN,101,41787.48773111144
CO_DEN,102,41787.47979010322
CO_DEN,103,35128.04394243181
CO_DEN,104,38473.5956413613
CO_DEN,105,41187.87922454153
CO_DEN,106,38978.52440074909
CO_DEN,107,39546.56596676169
CO_DEN,108,41724.208466520206
CO_DEN,109,42797.25775989787
CO_DEN,110,33328.92891837653
CO_DEN,111,39136.322593750345
CO_DEN,112,40903.79895254415
CO_DEN,113,38694.47420795859
CO_DEN,114,40461.89783288046
CO_DEN,115,42734.29110156942
CO_DEN,116,40556.71206694722
CO_DEN,117,32319.17483220913
CO_DEN,118,38852.489247206875
CO_DEN,119,40588.12260023844
CO_DEN,120,38505.03420434714
CO_DEN,121,40114.72822573441
CO_DEN,122,42450.21072993962
CO_DEN,123,40114.58381656782
CO_DEN,124,33960.272173009165
CO_DEN,125,39136.2713645411
CO_DEN,126,37968.628864321974
CO_DEN,127,37589.87319027469
CO_DEN,128,40524.96440151837
CO_DEN,129,42891.80224182422
CO_DEN,130,42166.114286015494
CO_DEN,131,34686.27277382934
CO_DEN,132,38536.662864465674
CO_DEN,133,40935.414162383895
CO_DEN,134,39577.97857448419
CO_DEN,135,40587.910036191664
CO_DEN,136,42197.65028003676
CO_DEN,137,42607.94184107535
CO_DEN,138,34181.26919773255
CO_DEN,139,39893.771038806655
CO_DEN,140,40808.8356592726
CO_DEN,141,40714.4521334678
CO_DEN,142,42071.33980565908
CO_DEN,143,45101.15406410831
CO_DEN,144,45259.083421651296
CO_DEN,145,37147.96283321253
CO_DEN,146,39009.92722498103
CO_DEN,147,42513.36127484525
CO_DEN,148,42008.379054471116
CO_DEN,149,42670.64031108086
CO_DEN,150,44406.791182274916
CO_DEN,151,46489.61259113444
CO_DEN,152,38946.303227153294
CO_DEN,153,43017.93168317654
CO_DEN,154,44690.250681802674
CO_DEN,155,44469.78314076703
CO_DEN,156,45258.28339819075
CO_DEN,157,46899.97892056732
CO_DEN,158,46931.03432377723
CO_DEN,159,41439.51055248145
CO_DEN,160,45700.187377746595
CO_DEN,161,46773.50983303944
CO_DEN,162,45542.62475324661
CO_DEN,163,45384.73566574519
CO_DEN,164,47562.572482721764
CO_DEN,165,47404.68218386491
CO_DEN,166,42323.04255862542
CO_DEN,167,47467.918127825054
CO_DEN,168,46710.5168442193
CO_DEN,169,46331.45177225631
CO_DEN,170,46899.637899101246
CO_DEN,171,47593.69411797745
CO_DEN,172,50024.107827775086
CO_DEN,173,43333.40221230873
CO_DEN,174,49803.046134956196
CO_DEN,175,48414.43322434535
CO_DEN,176,46489.223132051826
CO_DEN,177,49486.883578847286
CO_DEN,178,50308.007908229265
CO_DEN,179,50876.560311248555
CO_DEN,180,44879.59107223347
CO_DEN,181,48888.03253456311
CO_DEN,182,49045.95057357332
CO_DEN,183,48572.52366922914
CO_DEN,184,49803.13233982874
CO_DEN,185,36895.31843448528
CO_DEN,186,42007.69740474957
CO_DEN,187,44911.24696098374
CO_DEN,188,53685.17275133195
CO_DEN,189,49866.48351538249
CO_DEN,190,46741.79369302071
CO_DEN,191,47278.256290838544
CO_DEN,192,50055.6271246929
CO_DEN,193,48982.64475420863
CO_DEN,194,43459.21851888469
CO_DEN,195,51190.875620042716
CO_DEN,196,47909.36468558952
CO_DEN,197,46741.52763683116
CO_DEN,198,49487.32982029345
CO_DEN,199,50308.120727565365
CO_DEN,200,47056.809385222754
CO_DEN,201,41471.06122371634
CO_DEN,202,50497.30634537116
CO_DEN,203,49740.09909719472
CO_DEN,204,46299.90138347249
CO_DEN,205,47530.73352704751
CO_DEN,206,49614.02648799032
CO_DEN,207,49487.76297648008
CO_DEN,208,44122.33296292745
CO_DEN,209,50623.286408010266
CO_DEN,210,48982.62756625652
CO_DEN,211,47152.10881095615
CO_DEN,212,48351.14595011297
CO_DEN,213,51507.65484772228
CO_DEN,214,49487.5426011339
CO_DEN,215,43996.16079116369
CO_DEN,216,48982.481559965265
CO_DEN,217,48761.336588748534
CO_DEN,218,46047.41231067269
CO_DEN,219,46425.65802668583
CO_DEN,220,49676.866481332465
CO_DEN,221,47594.00716218906
CO_DEN,222,44122.02167856513
CO_DEN,223,50939.130922114884
CO_DEN,224,47941.2777295759
CO_DEN,225,44406.29677299358
CO_DEN,226,46994.279051230915
CO_DEN,227,48730.20176773344
CO_DEN,228,47815.13981879586
CO_DEN,229,41124.33269197907
CO_DEN,230,50876.3915951855
CO_DEN,231,47530.378202029846
CO_DEN,232,44469.388331711394
CO_DEN,233,45984.18429331278
CO_DEN,234,48919.5793085589
CO_DEN,235,47562.2460012368
CO_DEN,236,40334.85809202453
CO_DEN,237,49645.26595825936
CO_DEN,238,47025.95363074376
CO_DEN,239,42133.91821470929
CO_DEN,240,44658.6915634532
CO_DEN,241,51380.96724263776
CO_DEN,242,49171.87607567748
CO_DEN,243,37873.35703913519
CO_DEN,244,39640.87622973208
CO_DEN,245,50434.48109127289
CO_DEN,246,44248.36689882714
CO_DEN,247,43680.40308068341
CO_DEN,248,47372.799597167315
CO_DEN,249,47435.98530655668
CO_DEN,250,39828.9021329939
CO_DEN,251,46741.09889863532
CO_DEN,252,45132.39383435972
CO_DEN,253,41124.151398513364
CO_DEN,254,43396.50148269052
CO_DEN,255,47531.03114990506
CO_DEN,256,46742.092152410456
CO_DEN,257,38441.555273683465
CO_DEN,258,48319.42136662911
CO_DEN,259,47720.530636029056
CO_DEN,260,41061.015442104406
CO_DEN,261,45037.53138345344
CO_DEN,262,49676.826750870154
CO_DEN,263,47688.55521862923
CO_DEN,264,40902.77113496837
CO_DEN,265,48572.23478942282
CO_DEN,266,45037.777227155566
CO_DEN,267,41723.85168207731
CO_DEN,268,44280.09725859214
CO_DEN,269,47878.29982580295
CO_DEN,270,48477.49856848142
CO_DEN,271,37968.07798875174
CO_DEN,272,48288.165485101585
CO_DEN,273,47247.02743864045
CO_DEN,274,42134.172235887614
CO_DEN,275,42765.53583031238
CO_DEN,276,47215.75631065054
CO_DEN,277,47593.63379887298
CO_DEN,278,38661.88825608334
CO_DEN,279,47277.87810333393
CO_DEN,280,46962.35894502275
CO_DEN,281,43237.64865062574
CO_DEN,282,41629.2369274093
CO_DEN,283,47973.066075229275
CO_DEN,284,48099.19969308354
CO_DEN,285,37778.75887946256
CO_DEN,286,44753.870172292896
CO_DEN,287,47089.51332708388
CO_DEN,288,41660.56154573999
CO_DEN,289,42197.23435213707
CO_DEN,290,46678.977626058986
CO_DEN,291,45321.92803005231
CO_DEN,292,36484.629749772386
CO_DEN,293,41787.12786932722
CO_DEN,294,44659.308077692425
CO_DEN,295,40871.862277495005
CO_DEN,296,42102.75730763739
CO_DEN,297,45511.37026387528
CO_DEN,298,45763.99835942292
CO_DEN,299,33707.33363969324
CO_DEN,300,44343.413156249684
CO_DEN,301,43649.34251765979
CO_DEN,302,39325.57649656913
CO_DEN,303,40240.54616969839
CO_DEN,304,38567.82240183373
CO_DEN,305,43680.330336012245
CO_DEN,306,34117.563718735306
CO_DEN,307,40650.38132744456
CO_DEN,308,38346.83960789849
CO_DEN,309,35916.57985949874
CO_DEN,310,36264.12538764941
CO_DEN,311,42197.50438131577
CO_DEN,312,30993.45956740168
CO_DEN,313,32981.343832795355
CO_DEN,314,40871.58791130993
CO_DEN,315,41881.330350758704
CO_DEN,316,37652.593253188126
CO_DEN,317,38914.942663304224
CO_DEN,318,43648.81881428361
CO_DEN,319,42070.96698779053
CO_DEN,320,34401.408724324
CO_DEN,321,40934.93232584535
CO_DEN,322,41155.80636787725
CO_DEN,323,36768.92507856253
CO_DEN,324,39388.30515222974
CO_DEN,325,42796.71407581691
CO_DEN,326,45605.674587514215
CO_DEN,327,41281.98525495918
CO_DEN,328,40587.853604732656
CO_DEN,329,42134.18162547086
CO_DEN,330,42923.28845125933
CO_DEN,331,43522.85908480239
CO_DEN,332,20609.466499703518
CO_DEN,333,37463.14107399174
CO_DEN,334,45637.22850078529
CO_DEN,335,48224.93603429268
CO_DEN,336,45037.90691993877
CO_DEN,337,38631.03500779829
CO_DEN,338,38820.02478240676
CO_DEN,339,40398.41839533793
CO_DEN,340,40398.33272134776
CO_DEN,341,34717.153838569764
CO_DEN,342,40966.5706628042
CO_DEN,343,38820.41260253487
CO_DEN,344,39072.76729135755
CO_DEN,345,40051.27367417783
CO_DEN,346,42039.34991165931
CO_DEN,347,42512.84282749779
CO_DEN,348,36358.34123661738
CO_DEN,349,42923.052107361436
CO_DEN,350,41944.68663113294
CO_DEN,351,41061.029654674334
CO_DEN,352,42733.620455576776
CO_DEN,353,49487.710083989805
CO_DEN,354,52706.74634801465
CO_DEN,355,49740.099687690774
CO_DEN,356,49519.169633971236
CO_DEN,357,49708.344533338255
CO_DEN,358,38757.317859467366
CO_DEN,359,37242.39605238311
CO_DEN,360,55894.08782422105
CO_DEN,361,58166.39864878348
CO_DEN,362,53400.94340697912
CO_DEN,363,51980.802144557485
CO_DEN,364,49077.406637427164
CO_DEN,365,43301.75574871602
CO_E,1,1.4368154796592656
CO_E,2,1.7566313695061884
CO_E,3,1.695129604509791
CO_E,4,1.513252455019143
CO_E,5,1.5594758393459105
CO_E,6,1.3550441537715854
CO_E,7,1.4346536858787216
CO_E,8,1.183751667409314
CO_E,9,1.3217107306725686
CO_E,10,1.4125064794357465
CO_E,11,1.4982595564500736
CO_E,12,1.2080409957080454
CO_E,13,1.0350877838544263
CO_E,14,0.847497438678162
CO_E,15,1.0922281483754246
CO_E,16,1.3824928103640646
CO_E,17,1.174905733858366
CO_E,18,1.3031567493297065
CO_E,19,1.494854952512491
CO_E,20,1.138131629637252
CO_E,21,1.478696744925679
CO_E,22,1.4705755398828482
CO_E,23,1.3942433135499206
CO_E,24,1.3579550299058196
CO_E,25,1.5686582449950068
CO_E,26,1.3788349104265496
CO_E,27,1.1036782213291734
CO_E,28,1.5421235159242477
CO_E,29,1.2208402369831777
CO_E,30,1.1860546277998278
CO_E,31,1.3205064111104199
CO_E,32,1.4724649545924944
CO_E,33,1.4764358145510497
CO_E,34,1.0197042884978016
CO_E,35,1.9350523246830853
CO_E,36,1.380901150131352
CO_E,37,1.0453616412258606
CO_E,38,1.5204920305176661
CO_E,39,1.5482230487247404
CO_E,40,1.5893249181150018
CO_E,41,0.8927957040172178
CO_E,42,1.2725182255247938
CO_E,43,1.7407580306740846
CO_E,44,1.3842301954344256
CO_E,45,1.5274035944967774
CO_E,46,2.1027576595461808
CO_E,47,1.3646832742344404
CO_E,48,1.1126032290425996
CO_E,49,1.4861538708255615
CO_E,50,1.7654655919222728
CO_E,51,1.6441900637058215
CO_E,52,1.545766598878299
CO_E,53,1.6285276141064944
CO_E,54,1.8488316605683843
CO_E,55,1.3717186221388638
CO_E,56,1.7417051825507515
CO_E,57,1.3819681348970523
CO_E,58,1.859079386276001
CO_E,59,1.5348049831217274
CO_E,60,1.1955416073677902
CO_E,61,0.7868776140968909
CO_E,62,0.814459641696076
CO_E,63,1.0976848750607948
CO_E,64,0.8831014090569907
CO_E,65,1.089025326606513
CO_E,66,1.1059457653697677
CO_E,67,1.107584118207725
CO_E,68,1.016162812342979
CO_E,69,1.189033982860448
CO_E,70,0.9496038018424009
CO_E,71,1.0476817810647
CO_E,72,1.134622108838031
CO_E,73,0.4998715687864462
CO_E,74,1.0336951849559337
CO_E,75,1.2543756692812387
CO_E,76,1.1361468843993572
CO_E,77,1.1635322411042663
CO_E,78,1.1278927182416385
CO_E,79,1.0998277386983693
CO_E,80,1.1684831862841372
CO_E,81,1.2922385002942727
CO_E,82,1.1767774914381066
CO_E,83,1.1182354569370483
CO_E,84,0.9507882049648636
CO_E,85,1.3323024867301994
CO_E,86,1.2061867848550296
CO_E,87,1.1024324983310092
CO_E,88,1.1015771234120424
CO_E,89,0.9655722421423328
CO_E,90,0.9638171711917107
CO_E,91,1.137621861490172
CO_E,92,0.9405695496031672
CO_E,93,0.906002839993807
CO_E,94,1.2679394851605426
CO_E,95,0.909100589029404
CO_E,96,0.6814274055758959
CO_E,97,0.9608925802010849
CO_E,98,1.121336487511211
CO_E,99,0.8846459195317037
CO_E,100,1.056980770919533
CO_E,101,0.9511888261936756
CO_E,102,0.9401328420517011
CO_E,103,0.733204408149803
CO_E,104,0.7887653053859898
CO_E,105,0.8620504909255943
CO_E,106,0.8978585088925491
CO_E,107,0.9664635005247403
CO_E,108,1.102333342981788
CO_E,109,1.1774148227438053
CO_E,110,0.8398377820949356
CO_E,111,0.9093960824641587
CO_E,112,0.9249947727232596
CO_E,113,0.8628554981774923
CO_E,114,0.9331635177265526
CO_E,115,1.0192975324115556
CO_E,116,0.8105064629063892
CO_E,117,0.6324139877438119
CO_E,118,0.6950476359268083
CO_E,119,0.9730580073404588
CO_E,120,0.9470114214547639
CO_E,121,0.9472454300149369
CO_E,122,1.0772695968452417
CO_E,123,1.0878976440943318
CO_E,124,0.7665321038172493
CO_E,125,1.0118573874971548
CO_E,126,0.8396002391544047
CO_E,127,0.8283738088229539
CO_E,128,1.033314401731232
CO_E,129,1.369805845582576
CO_E,130,1.1215466112399777
CO_E,131,0.7137847818999012
CO_E,132,0.9376948068243834
CO_E,133,0.9118288270455692
CO_E,134,1.145689541169091
CO_E,135,1.2069028226596674
CO_E,136,1.1516298039723414
CO_E,137,1.17807780639338
CO_E,138,0.731844839112303
CO_E,139,0.9896721753624876
CO_E,140,1.2352549995603241
CO_E,141,0.9200872441479495
CO_E,142,1.1988910040232936
CO_E,143,1.3804122664148628
CO_E,144,1.247236631874715
CO_E,145,0.8511959472430283
CO_E,146,1.0781222196332398
CO_E,147,1.0606020255728268
CO_E,148,1.037810242631484
CO_E,149,1.5666219897139717
CO_E,150,1.3337400898877028
CO_E,151,1.6552302783047668
CO_E,152,1.4041868456271371
CO_E,153,1.3535298359466357
CO_E,154,1.8346729600644922
CO_E,155,1.3704031027313546
CO_E,156,1.9196181173982674
CO_E,157,1.5790599399796306
CO_E,158,1.978971966674672
CO_E,159,1.6330552984830715
CO_E,160,1.8255818498177416
CO_E,161,1.6601551629897366
CO_E,162,1.6056185811825925
CO_E,163,1.6550071978098744
CO_E,164,1.5586572634075808
CO_E,165,1.6479954095880818
CO_E,166,1.7805688685818284
CO_E,167,1.4733864971361004
CO_E,168,1.4985317736782577
CO_E,169,1.80685884973162
CO_E,170,1.7084016870503551
CO_E,171,1.9925325738536086
CO_E,172,1.8063596198813883
CO_E,173,1.3473861112948828
CO_E,174,1.8522567583411444
CO_E,175,1.8243063874804206
CO_E,176,1.7055062536637802
CO_E,177,2.513822114520731
CO_E,178,2.0103821213262707
CO_E,179,1.5344560886484937
CO_E,180,1.6630993748859295
CO_E,181,1.671735616663773
CO_E,182,1.4514324636887346
CO_E,183,1.513173854364339
CO_E,184,1.8334301325783746
CO_E,185,0.9135114295229508
CO_E,186,1.420746166184231
CO_E,187,1.4636808558214438
CO_E,188,1.784432379016504
CO_E,189,1.5278688731422205
CO_E,190,1.71787538769503
CO_E,191,1.8025172059342895
CO_E,192,1.8268268436269397
CO_E,193,1.7488500210848954
CO_E,194,1.6996285973848528
CO_E,195,2.6131876188787864
CO_E,196,1.8162150756750899
CO_E,197,1.8938191654917735
CO_E,198,1.964391078439617
CO_E,199,1.8695044859013277
CO_E,200,2.1124885030585
CO_E,201,1.3926216028320972
CO_E,202,1.8850365975936092
CO_E,203,1.6977114574889696
CO_E,204,1.7227196188465166
CO_E,205,1.8500654816599809
CO_E,206,1.5754269179788123
CO_E,207,1.5596344514664218
CO_E,208,1.3724792357663664
CO_E,209,2.1764675479375106
CO_E,210,1.7301315251459177
CO_E,211,1.646131883156172
CO_E,212,1.9454984144097414
CO_E,213,1.7866323225704597
CO_E,214,1.9269770265021153
CO_E,215,1.4541518310316284
CO_E,216,1.9448321998129559
CO_E,217,2.134629766505774
CO_E,218,1.7724826214157416
CO_E,219,2.2390029054971023
CO_E,220,1.9884342726321933
CO_E,221,1.7471850338085204
CO_E,222,1.8317956406050273
CO_E,223,2.079453515127239
CO_E,224,1.6374507831880685
CO_E,225,1.6412907672086585
CO_E,226,1.751606871899369
CO_E,227,1.7616219851688197
CO_E,228,1.5598632747811825
CO_E,229,1.1184346906422558
CO_E,230,1.7174010873349264
CO_E,231,2.2132512307309735
CO_E,232,1.7124679379970744
CO_E,233,1.9004452877556126
CO_E,234,1.7462723539974128
CO_E,235,1.9629258153620965
CO_E,236,1.59962351874132
CO_E,237,1.9943592162080606
CO_E,238,1.6820989061488416
CO_E,239,1.588724249945172
CO_E,240,1.7527293654054101
CO_E,241,2.1880722008543567
CO_E,242,1.9832093095829169
CO_E,243,1.2738550800325816
CO_E,244,1.2910589461513349
CO_E,245,1.8341979596585896
CO_E,246,1.8546256493130957
CO_E,247,1.7253460549446442
CO_E,248,2.1575882592559075
CO_E,249,2.0497508407139167
CO_E,250,2.6759392726392006
CO_E,251,2.5881454106440183
CO_E,252,1.640648339129828
CO_E,253,1.4726948279704348
CO_E,254,1.6008950539492102
CO_E,255,1.7432134282996739
CO_E,256,1.5911442220261838
CO_E,257,1.2693645251764818
CO_E,258,2.3211172100864585
CO_E,259,1.6132796016567725
CO_E,260,1.4928841169227445
CO_E,261,1.8012676529203102
CO_E,262,2.1144815339187346
CO_E,263,1.9745332209291042
CO_E,264,1.8508423937648726
CO_E,265,1.9880407249516272
CO_E,266,1.5644586645064686
CO_E,267,1.446793198452334
CO_E,268,1.7321593998217524
CO_E,269,1.6298385854751094
CO_E,270,2.09476755270683
CO_E,271,1.3206444705049443
CO_E,272,1.9977981793290007
CO_E,273,1.6561880099698294
CO_E,274,1.483880533022075
CO_E,275,1.3563584514522633
CO_E,276,1.4223963539220796
CO_E,277,2.287245271734468
CO_E,278,1.916548626300221
CO_E,279,2.3899607185900944
CO_E,280,2.3174288899269726
CO_E,281,2.6929648226561222
CO_E,282,1.4220742378776627
CO_E,283,1.5982721880788724
CO_E,284,1.7256766518112665
CO_E,285,1.3192006154049973
CO_E,286,1.4431812535069217
CO_E,287,1.4155620075377493
CO_E,288,1.6563851898046222
CO_E,289,1.5560812355928146
CO_E,290,1.66987855323505
CO_E,291,1.5359931440374615
CO_E,292,1.392848715676821
CO_E,293,1.3627645279056475
CO_E,294,1.349114538400101
CO_E,295,1.3042834610469358
CO_E,296,1.3616871102630745
CO_E,297,1.469631427044348
CO_E,298,1.3394698464754273
CO_E,299,1.1969667930644892
CO_E,300,1.617452522849713
CO_E,301,1.352864962341878
CO_E,302,1.0631733706059576
CO_E,303,1.3972450453915368
CO_E,304,1.3163380645301024
CO_E,305,1.8771281102876654
CO_E,306,1.280774596641317
CO_E,307,1.8643025920318588
CO_E,308,1.3627729874125105
CO_E,309,1.312360214773901
CO_E,310,0.9582946983858542
CO_E,311,1.2731649707507835
CO_E,312,0.7003496295650602
CO_E,313,1.2460223791842362
CO_E,314,1.581006222192569
CO_E,315,1.8270289975362606
CO_E,316,1.2232154962973811
CO_E,317,1.3694525595129559
CO_E,318,1.8420887171554028
CO_E,319,1.566062127720078
CO_E,320,1.4924109662470448
CO_E,321,1.3818791150765173
CO_E,322,1.4404184617934745
CO_E,323,1.1458899561291387
CO_E,324,1.4272783756249465
CO_E,325,1.749777952022988
CO_E,326,1.8271770423456128
CO_E,327,1.5048003067675353
CO_E,328,1.2670640934366393
CO_E,329,1.4777088341142726
CO_E,330,1.4328268067630558
CO_E,331,1.5456689177399876
CO_E,332,0.7247905236690356
CO_E,333,1.3227807768261304
CO_E,334,1.8305527026553274
CO_E,335,1.8159079065129895
CO_E,336,1.258797392040611
CO_E,337,0.9810699690159328
CO_E,338,1.372947979239669
CO_E,339,1.0997792357215321
CO_E,340,1.1594799222827818
CO_E,341,1.1457616082187458
CO_E,342,1.0176695410375045
CO_E,343,1.0170941838738874
CO_E,344,1.1029448960447763
CO_E,345,0.9932037024009336
CO_E,346,1.3085787062588392
CO_E,347,1.2706618670462477
CO_E,348,1.0935566380868413
CO_E,349,1.2485889441384292
CO_E,350,1.1954607914502906
CO_E,351,1.2116815191011032
CO_E,352,1.2787152229108774
CO_E,353,1.2814134759408775
CO_E,354,1.4238027445265806
CO_E,355,1.1613295803844828
CO_E,356,1.2771772850858913
CO_E,357,1.5260141658245987
CO_E,358,0.782247126397785
CO_E,359,0.760371566336981
CO_E,360,1.6280991836001768
CO_E,361,1.7745144634372183
CO_E,362,1.5792620733174247
CO_E,363,1.3809140968274167
CO_E,364,1.3200819550166016
CO_E,365,1.0879071756960743
CO_NW,1,2.661590778829917
CO_NW,2,3.4795319954764055
CO_NW,3,2.4708043275126115
CO_NW,4,1.6524355927622598
CO_NW,5,1.6234042470867884
CO_NW,6,2.4139588813946973
CO_NW,7,1.7520158790608518
CO_NW,8,1.4178283623262744
CO_NW,9,0.9475240930331473
CO_NW,10,0.9690951841440533
CO_NW,11,1.1974732294056778
CO_NW,12,1.0459187377227803
CO_NW,13,0.9886533654011095
CO_NW,14,0.6614630836506374
CO_NW,15,1.2093892603258498
CO_NW,16,1.6772094676668576
CO_NW,17,0.49927888019814315
CO_NW,18,1.078513975507025
CO_NW,19,1.1614013150252023
CO_NW,20,1.1649067185311135
CO_NW,21,1.3936108113259433
CO_NW,22,1.2426049476002399
CO_NW,23,1.0893035289174358
CO_NW,24,1.3096376080824865
CO_NW,25,1.3489180557907097
CO_NW,26,1.269037127959765
CO_NW,27,1.3176733978308455
CO_NW,28,1.722501777180851
CO_NW,29,1.2366198457600355
CO_NW,30,1.1466794985332838
CO_NW,31,1.2899369640214866
CO_NW,32,2.1766369785066964
CO_NW,33,1.6047618919985076
CO_NW,34,0.7709084852748012
CO_NW,35,2.6641146873786474
CO_NW,36,1.9008145833223542
CO_NW,37,1.3427211571796913
CO_NW,38,1.6206244430090984
CO_NW,39,2.1395332129319238
CO_NW,40,2.0001641700599957
CO_NW,41,2.002681519279488
CO_NW,42,2.162453604400229
CO_NW,43,2.6231363299898156
CO_NW,44,1.7632879387483078
CO_NW,45,1.9968395586728898
CO_NW,46,3.0019325432658417
CO_NW,47,2.978560311850905
CO_NW,48,3.08033752186379
CO_NW,49,2.3387551267100313
CO_NW,50,5.410766037927154
CO_NW,51,3.0438552602762345
CO_NW,52,2.4018485262810882
CO_NW,53,2.1636392344869644
CO_NW,54,2.6238746270265065
CO_NW,55,3.4098367697328915
CO_NW,56,4.198664751757047
CO_NW,57,1.9262310431199667
CO_NW,58,0.8498742215664236
CO_NW,59,2.1138888888400973
CO_NW,60,1.7351412317167443
CO_NW,61,1.1976274372304438
CO_NW,62,1.0242688131556235
CO_NW,63,1.34650824164547
CO_NW,64,1.314539950078216
CO_NW,65,1.3184325514590378
CO_NW,66,1.3722933622340767
CO_NW,67,1.5338734471035738
CO_NW,68,2.335714497447714
CO_NW,69,2.36802829342607
CO_NW,70,1.4187964544198604
CO_NW,71,1.346056340439607
CO_NW,72,1.0450100711664
CO_NW,73,1.388900047584939
CO_NW,74,2.070262444442931
CO_NW,75,2.819714540494204
CO_NW,76,2.6270446763554762
CO_NW,77,1.2944482426539605
CO_NW,78,1.2548667971918654
CO_NW,79,1.2538420564219772
CO_NW,80,1.519751431667996
CO_NW,81,1.9491487341583897
CO_NW,82,1.9401626923363657
CO_NW,83,1.635381870134742
CO_NW,84,1.0461448025594746
CO_NW,85,1.0120529859856524
CO_NW,86,1.249286522272614
CO_NW,87,1.3824776122287783
CO_NW,88,1.0899984551547395
CO_NW,89,1.7038188040188211
CO_NW,90,1.3777670155393515
CO_NW,91,0.30462941937900107
CO_NW,92,0.27617102806950483
CO_NW,93,0.2486329862681999
CO_NW,94,0.22297431647714336
CO_NW,95,0.14537162395535208
CO_NW,96,0.1317347447208981
CO_NW,97,0.23230788361262375
CO_NW,98,0.18971223239921453
CO_NW,99,0.13998338863021215
CO_NW,100,0.1208977906690919
CO_NW,101,0.12426913373497804
CO_NW,102,0.14370989921490407
CO_NW,103,0.12838238904010033
CO_NW,104,0.13230529128834662
CO_NW,105,0.13622723588897437
CO_NW,106,0.09006561315689657
CO_NW,107,0.1036892883188706
CO_NW,108,0.12544607632956106
CO_NW,109,0.12171926971682576
CO_NW,110,0.08377764933713844
CO_NW,111,0.09477948458199235
CO_NW,112,0.09367200180223749
CO_NW,113,0.11331166781054659
CO_NW,114,0.11199692925947544
CO_NW,115,0.12221743733365352
CO_NW,116,0.10838060028605706
CO_NW,117,0.047891670942324584
CO_NW,118,0.08065349366979474
CO_NW,119,0.09833154653076863
CO_NW,120,0.09597193618725458
CO_NW,121,0.07304986150201707
CO_NW,122,0.07894728506248684
CO_NW,123,0.08130469528786848
CO_NW,124,0.05526261123285368
CO_NW,125,0.037817651450405554
CO_NW,126,0.04461557410785001
CO_NW,127,0.06391164866128371
CO_NW,128,0.06596514662699053
CO_NW,129,0.06548044442050058
CO_NW,130,0.06666459606427744
CO_NW,131,0.041483136684223536
CO_NW,132,0.035507625868692105
CO_NW,133,0.04891736917853721
CO_NW,134,0.0674016618851882
CO_NW,135,0.07044434332938124
CO_NW,136,0.0624887340669159
CO_NW,137,0.05664738626749495
CO_NW,138,0.028793451140559086
CO_NW,139,0.054779781396574814
CO_NW,140,0.05337871589259939
CO_NW,141,0.0644078019844462
CO_NW,142,0.07723077018706351
CO_NW,143,0.06618979422676978
CO_NW,144,0.08583094000950994
CO_NW,145,0.07177841589144186
CO_NW,146,0.0636736242343721
CO_NW,147,0.06858891410321073
CO_NW,148,0.074216049320008
CO_NW,149,0.09536195462695059
CO_NW,150,0.10870617981554155
CO_NW,151,0.08059655746996683
CO_NW,152,0.22415656339215262
CO_NW,153,0.19292721526540094
CO_NW,154,0.19454361186061805
CO_NW,155,0.18723435430957475
CO_NW,156,0.19798921185726506
CO_NW,157,0.08466489907653153
CO_NW,158,0.19092010738474374
CO_NW,159,0.21251265877007575
CO_NW,160,0.26723250311193986
CO_NW,161,0.2307371335103648
CO_NW,162,0.23096222537941086
CO_NW,163,0.2645677389254201
CO_NW,164,0.3200509881464296
CO_NW,165,0.3092604063628872
CO_NW,166,0.2740854691448474
CO_NW,167,0.37262833918084254
CO_NW,168,0.25489954887830546
CO_NW,169,0.2647235935202827
CO_NW,170,0.2907993727738312
CO_NW,171,0.3238829958683516
CO_NW,172,0.40448174587067554
CO_NW,173,0.3392268476363034
CO_NW,174,0.46603925837928567
CO_NW,175,0.37925558840543705
CO_NW,176,0.40187232538605605
CO_NW,177,0.35641619411304826
CO_NW,178,0.35959698413079616
CO_NW,179,0.39855548638448934
CO_NW,180,0.3986244848724775
CO_NW,181,0.3611262371268455
CO_NW,182,0.4677624531642826
CO_NW,183,0.4099720998280224
CO_NW,184,0.4106059894608982
CO_NW,185,0.15575772354171022
CO_NW,186,0.35444705042663255
CO_NW,187,0.4922112898462226
CO_NW,188,0.5664229777556377
CO_NW,189,0.48071717659897295
CO_NW,190,0.3195963190555265
CO_NW,191,0.3304637794371898
CO_NW,192,0.41687750389043904
CO_NW,193,0.3642208344150064
CO_NW,194,0.4195686321713153
CO_NW,195,0.6271152813106644
CO_NW,196,0.449577579239956
CO_NW,197,0.4075721081936432
CO_NW,198,0.44978530409604195
CO_NW,199,0.3800420375052042
CO_NW,200,0.5297878368279941
CO_NW,201,0.46097879971938105
CO_NW,202,0.5442320533197336
CO_NW,203,0.4453161175765187
CO_NW,204,0.3366274870947021
CO_NW,205,0.29942965737479305
CO_NW,206,0.40386902856873524
CO_NW,207,0.430818476045666
CO_NW,208,0.43523464645282806
CO_NW,209,0.5246183026010904
CO_NW,210,0.3945444389849762
CO_NW,211,0.3795653011448356
CO_NW,212,0.4150256975998753
CO_NW,213,0.3066261835364768
CO_NW,214,0.2906958833232534
CO_NW,215,0.2914180633478443
CO_NW,216,0.332857425429726
CO_NW,217,0.3502116633449735
CO_NW,218,0.2710186812461702
CO_NW,219,0.314737784205224
CO_NW,220,0.2817189895311591
CO_NW,221,0.2572209999449354
CO_NW,222,0.296694378014311
CO_NW,223,0.41496771722514914
CO_NW,224,0.2868358696280982
CO_NW,225,0.2820068067085293
CO_NW,226,0.29104827926716376
CO_NW,227,0.29060030646538976
CO_NW,228,0.255204886739599
CO_NW,229,0.28063924543515667
CO_NW,230,0.38364536465764865
CO_NW,231,0.3028506023279996
CO_NW,232,0.24369003221656316
CO_NW,233,0.24800801366713615
CO_NW,234,0.3054521063607171
CO_NW,235,0.2483418664721997
CO_NW,236,0.2204460437227603
CO_NW,237,0.30640623730456007
CO_NW,238,0.2608817481151216
CO_NW,239,0.21610978489498134
CO_NW,240,0.2710170022124634
CO_NW,241,0.3289830280222624
CO_NW,242,0.2740413234479097
CO_NW,243,0.18602340837142647
CO_NW,244,0.14778069136193578
CO_NW,245,0.3248395922657736
CO_NW,246,0.19800355618614482
CO_NW,247,0.17168692719782463
CO_NW,248,0.13704468873462333
CO_NW,249,0.18184307754764953
CO_NW,250,0.11555661522321067
CO_NW,251,0.16294907726284044
CO_NW,252,0.13067837416308617
CO_NW,253,0.11840189910711085
CO_NW,254,0.13487754325813836
CO_NW,255,0.12865591591627454
CO_NW,256,0.16445230763974855
CO_NW,257,0.12431281604038086
CO_NW,258,0.2159907565809355
CO_NW,259,0.13392434037728992
CO_NW,260,0.11455245751895704
CO_NW,261,0.14491747331419916
CO_NW,262,0.20575412551429945
CO_NW,263,0.18990173796378795
CO_NW,264,0.19020339936781758
CO_NW,265,0.23806520318309926
CO_NW,266,0.13981269356394685
CO_NW,267,0.13471016231772023
CO_NW,268,0.15512133328843247
CO_NW,269,0.1633062040793809
CO_NW,270,0.18160579303586044
CO_NW,271,0.11509477796179331
CO_NW,272,0.24071732076996166
CO_NW,273,0.16218701878955116
CO_NW,274,0.088992994509373
CO_NW,275,0.10120209417340315
CO_NW,276,0.10876109644124467
CO_NW,277,0.11637829338663487
CO_NW,278,0.08070190971998449
CO_NW,279,0.14275464864356022
CO_NW,280,0.11229734417280166
CO_NW,281,0.08672245970074065
CO_NW,282,0.08827856291270973
CO_NW,283,0.11915784428906062
CO_NW,284,0.10606277461839936
CO_NW,285,0.06471893111749404
CO_NW,286,0.10931554024205548
CO_NW,287,0.10653860462849664
CO_NW,288,0.08994468929179353
CO_NW,289,0.0798082729891425
CO_NW,290,0.07835496346205438
CO_NW,291,0.08136136439249911
CO_NW,292,0.062189063633509796
CO_NW,293,0.07269203544597062
CO_NW,294,0.07566144696644735
CO_NW,295,0.08472746425986527
CO_NW,296,0.06685574486582627
CO_NW,297,0.07939081109834248
CO_NW,298,0.07972754857114549
CO_NW,299,0.06802104411943295
CO_NW,300,0.08118730426589145
CO_NW,301,0.04687625008981818
CO_NW,302,0.0570860997589128
CO_NW,303,0.06159518968396482
CO_NW,304,0.06281189337718439
CO_NW,305,0.0802104215996801
CO_NW,306,0.05081230980079276
CO_NW,307,0.05644898299929837
CO_NW,308,0.05052985136184574
CO_NW,309,0.06197931153899966
CO_NW,310,0.05294068863702191
CO_NW,311,0.08032986754029461
CO_NW,312,0.06295906368615885
CO_NW,313,0.06167612363583304
CO_NW,314,0.06857070093367673
CO_NW,315,0.07341681674939003
CO_NW,316,0.06440859185381582
CO_NW,317,0.06063627128279386
CO_NW,318,0.06516309705465984
CO_NW,319,0.07667217963531311
CO_NW,320,0.05510398385616794
CO_NW,321,0.05617917515123255
CO_NW,322,0.054997045662434504
CO_NW,323,0.06082689753419703
CO_NW,324,0.06590326068540556
CO_NW,325,0.07808397276864514
CO_NW,326,0.08303271042084368
CO_NW,327,0.05833520021219037
CO_NW,328,0.0594417111262064
CO_NW,329,0.07419648982117455
CO_NW,330,0.06121147208689177
CO_NW,331,0.06264523641823637
CO_NW,332,0.02557178088671926
CO_NW,333,0.04356911248350996
CO_NW,334,0.08605357346118163
CO_NW,335,0.4988753147150559
CO_NW,336,0.29066648181242605
CO_NW,337,0.28310644932499557
CO_NW,338,0.27584739226058663
CO_NW,339,0.2797382847412162
CO_NW,340,0.3033417796261677
CO_NW,341,0.27341478825164744
CO_NW,342,0.33396534785502047
CO_NW,343,0.23919054855798744
CO_NW,344,0.30491801655537537
CO_NW,345,0.33673480218620444
CO_NW,346,0.37659415490109555
CO_NW,347,0.3514184032598863
CO_NW,348,0.37470626257771417
CO_NW,349,0.4763907117936448
CO_NW,350,0.4697800793274963
CO_NW,351,0.34953053537007545
CO_NW,352,0.5101491392228037
CO_NW,353,0.7390594606997009
CO_NW,354,0.9188810355572274
CO_NW,355,0.9644948725489351
CO_NW,356,0.8478873506893247
CO_NW,357,0.778937845710324
CO_NW,358,0.44648297704335244
CO_NW,359,0.3809905749615359
CO_NW,360,1.124545683495618
CO_NW,361,1.1143794293646707
CO_NW,362,0.9029169093724743
CO_NW,363,0.9534151802058545
CO_NW,364,0.6386992022114185
CO_NW,365,0.6509310190693195
CO_SW,1,0.11770619652879505
CO_SW,2,0.20392721392899946
CO_SW,3,0.14147479592125936
CO_SW,4,0.1504220180169444
CO_SW,5,0.18309475606318984
CO_SW,6,0.12659301831044348
CO_SW,7,0.13788780655107735
CO_SW,8,0.1370194921383528
CO_SW,9,0.08279546587134032
CO_SW,10,0.09236638566769999
CO_SW,11,0.1239960995559518
CO_SW,12,0.13364667163834867
CO_SW,13,0.12117108996442595
CO_SW,14,0.14664723639368246
CO_SW,15,0.19946569916283785
CO_SW,16,0.06959581892298897
CO_SW,17,0.07300861958285246
CO_SW,18,0.09045394148506405
CO_SW,19,0.09930116075054903
CO_SW,20,0.08093324216631918
CO_SW,21,0.11708093766148048
CO_SW,22,0.0989743467376586
CO_SW,23,0.06792741693909801
CO_SW,24,0.08551893527699742
CO_SW,25,0.12920900510086722
CO_SW,26,0.11419376297584302
CO_SW,27,0.12652622097249613
CO_SW,28,0.08542179216651563
CO_SW,29,0.09219798016822144
CO_SW,30,0.06200623077543455
CO_SW,31,0.06826693814660795
CO_SW,32,0.09779114721905045
CO_SW,33,0.09139165075172673
CO_SW,34,0.11108463876454039
CO_SW,35,0.1374570458180262
CO_SW,36,0.08329519561994907
CO_SW,37,0.10017006166963902
CO_SW,38,0.13736144157176922
CO_SW,39,0.10811970659876823
CO_SW,40,0.11900376634804437
CO_SW,41,0.11038807066982041
CO_SW,42,0.10098054045029459
CO_SW,43,0.1079786644559435
CO_SW,44,0.06589502325922102
CO_SW,45,0.08080995265970096
CO_SW,46,0.172598296763683
CO_SW,47,0.15211826011314708
CO_SW,48,0.1347583611611605
CO_SW,49,0.09807121788439266
CO_SW,50,0.20072167702885257
CO_SW,51,0.13318120273527612
CO_SW,52,0.10782510063376717
CO_SW,53,0.11974356127394846
CO_SW,54,0.08587591056324051
CO_SW,55,0.1288604133206084
CO_SW,56,0.1426043853784064
CO_SW,57,0.09829682420689109
CO_SW,58,0.11916946192235127
CO_SW,59,0.11138724957534213
CO_SW,60,0.10495854803174065
CO_SW,61,0.1364801333350179
CO_SW,62,0.16980344296538352
CO_SW,63,0.14126307306781527
CO_SW,64,0.08201237381616569
CO_SW,65,0.10534497399578312
CO_SW,66,0.1119117006249849
CO_SW,67,0.16628715064870722
CO_SW,68,0.15948798202000936
CO_SW,69,0.10663735504735279
CO_SW,70,0.07951682877566368
CO_SW,71,0.08480922013905307
CO_SW,72,0.14440523503651717
CO_SW,73,0.14948062596561615
CO_SW,74,0.20926855929192725
CO_SW,75,0.23166349176545206
CO_SW,76,0.18118077837170252
CO_SW,77,0.10099367091000876
CO_SW,78,0.07656643571353446
CO_SW,79,0.08776495262935592
CO_SW,80,0.09890145796721997
CO_SW,81,0.10495222967044641
CO_SW,82,0.12570977552501406
CO_SW,83,0.19191331821362687
CO_SW,84,0.11020998221946761
CO_SW,85,0.1027636259271764
CO_SW,86,0.1214564161969307
CO_SW,87,0.10072456766511041
CO_SW,88,0.1053814525030876
CO_SW,89,0.15486766499965154
CO_SW,90,0.1241900339168531
CO_SW,91,0.017785997051013858
CO_SW,92,0.015996579560740548
CO_SW,93,0.015181805627239404
CO_SW,94,0.012208525641379841
CO_SW,95,0.018389788335092052
CO_SW,96,0.013121822060043352
CO_SW,97,0.013576607125092866
CO_SW,98,0.012139989546923016
CO_SW,99,0.012337512865997437
CO_SW,100,0.010155023210446475
CO_SW,101,0.00980252722455382
CO_SW,102,0.009358754105849255
CO_SW,103,0.008171412437037336
CO_SW,104,0.007817315960891838
CO_SW,105,0.010529481028520686
CO_SW,106,0.01006532847523764
CO_SW,107,0.008864190446102926
CO_SW,108,0.012013043378137439
CO_SW,109,0.01181945958777997
CO_SW,110,0.006287285797580242
CO_SW,111,0.007452421487848413
CO_SW,112,0.009115660011299726
CO_SW,113,0.010718304346923366
CO_SW,114,0.010613341294568078
CO_SW,115,0.011364295055167398
CO_SW,116,0.009751581890282654
CO_SW,117,0.007961374612431703
CO_SW,118,0.007976631718460928
CO_SW,119,0.009082107839425051
CO_SW,120,0.009707877018934236
CO_SW,121,0.01905625641944236
CO_SW,122,0.015737242000182023
CO_SW,123,0.014558375143932269
CO_SW,124,0.012179526615487655
CO_SW,125,0.0131821588218505
CO_SW,126,0.013588213027092219
CO_SW,127,0.012796921866753845
CO_SW,128,0.014658217724026883
CO_SW,129,0.018284259260202256
CO_SW,130,0.018890070069494842
CO_SW,131,0.012530583551471531
CO_SW,132,0.01319499129815838
CO_SW,133,0.01419270642498861
CO_SW,134,0.015684361602485934
CO_SW,135,0.015688542492442423
CO_SW,136,0.01935502590426878
CO_SW,137,0.017949334783169776
CO_SW,138,0.012875382993786755
CO_SW,139,0.015522363961241637
CO_SW,140,0.015343067080053533
CO_SW,141,0.01590861763897039
CO_SW,142,0.01836093599466411
CO_SW,143,0.020787754304059748
CO_SW,144,0.016796239362593512
CO_SW,145,0.019336768417012738
CO_SW,146,0.01573568257115778
CO_SW,147,0.01695089431571453
CO_SW,148,0.018474990516625264
CO_SW,149,0.016953193315089547
CO_SW,150,0.015766605857207797
CO_SW,151,0.017153498631143373
CO_SW,152,0.028453329439676187
CO_SW,153,0.027137377151176298
CO_SW,154,0.030793546557745133
CO_SW,155,0.03334954211642563
CO_SW,156,0.03227994253664591
CO_SW,157,0.03368806455147174
CO_SW,158,0.03448392749692284
CO_SW,159,0.030841773502744134
CO_SW,160,0.026221672967921522
CO_SW,161,0.026142903584983362
CO_SW,162,0.03324818004655464
CO_SW,163,0.027510012019138354
CO_SW,164,0.034834962550012095
CO_SW,165,0.03475471574062752
CO_SW,166,0.03600586896916506
CO_SW,167,0.03478435093694436
CO_SW,168,0.03186008194252369
CO_SW,169,0.030385230016414494
CO_SW,170,0.03923330989974872
CO_SW,171,0.0378586965396442
CO_SW,172,0.03192880765064378
CO_SW,173,0.0401154157776507
CO_SW,174,0.049602820584976975
CO_SW,175,0.033129926686639055
CO_SW,176,0.03506083795430496
CO_SW,177,0.036553559043116905
CO_SW,178,0.03400738442865587
CO_SW,179,0.04116543694568263
CO_SW,180,0.03209367506214462
CO_SW,181,0.040014448826023175
CO_SW,182,0.0474739148452632
CO_SW,183,0.03493260386754511
CO_SW,184,0.037657842736534254
CO_SW,185,0.01851024290784788
CO_SW,186,0.03695778739467579
CO_SW,187,0.04440294673973137
CO_SW,188,0.061482970828881205
CO_SW,189,0.04666497697760993
CO_SW,190,0.03333720422188458
CO_SW,191,0.03545734126872669
CO_SW,192,0.04213521591478244
CO_SW,193,0.03468472517302931
CO_SW,194,0.04068980061806396
CO_SW,195,0.042228396153889215
CO_SW,196,0.0415770778211348
CO_SW,197,0.035473826823814184
CO_SW,198,0.046374038968824714
CO_SW,199,0.04162063039894797
CO_SW,200,0.036503447560928215
CO_SW,201,0.034504401190077895
CO_SW,202,0.05047854422437653
CO_SW,203,0.04717640799475649
CO_SW,204,0.030643043293053722
CO_SW,205,0.0406374414668703
CO_SW,206,0.03405200951230766
CO_SW,207,0.03694130737655109
CO_SW,208,0.04742157012144295
CO_SW,209,0.04806393689773942
CO_SW,210,0.04026756865504109
CO_SW,211,0.040755793319813244
CO_SW,212,0.038709407242599796
CO_SW,213,0.03370818922857926
CO_SW,214,0.030096671251296944
CO_SW,215,0.03227209030626031
CO_SW,216,0.0332601987882316
CO_SW,217,0.03451545593201677
CO_SW,218,0.036631183521468116
CO_SW,219,0.02907147760048915
CO_SW,220,0.027933967479179495
CO_SW,221,0.03682402091187433
CO_SW,222,0.03792979604934766
CO_SW,223,0.033877529007639885
CO_SW,224,0.03240540139884188
CO_SW,225,0.029324582980776122
CO_SW,226,0.04172601242102225
CO_SW,227,0.039589301403880194
CO_SW,228,0.030069441309343983
CO_SW,229,0.03153321853676787
CO_SW,230,0.04184662304599311
CO_SW,231,0.029355765105926055
CO_SW,232,0.02963808457721459
CO_SW,233,0.034963928951257946
CO_SW,234,0.03674415433359322
CO_SW,235,0.028757017219115253
CO_SW,236,0.025979850332658823
CO_SW,237,0.035478541360659074
CO_SW,238,0.02918730431663742
CO_SW,239,0.03597224087670417
CO_SW,240,0.033015792487435594
CO_SW,241,0.04805131957345843
CO_SW,242,0.033381325909990815
CO_SW,243,0.022651801108849297
CO_SW,244,0.017013294956334496
CO_SW,245,0.02123112577067219
CO_SW,246,0.018035578577180623
CO_SW,247,0.014856404278772457
CO_SW,248,0.017597973437869657
CO_SW,249,0.01966022950872582
CO_SW,250,0.012651629896286912
CO_SW,251,0.014508808445498424
CO_SW,252,0.01865915810786815
CO_SW,253,0.020803893221330364
CO_SW,254,0.01641801142481935
CO_SW,255,0.020640378741735986
CO_SW,256,0.01675299156091632
CO_SW,257,0.013211941408166453
CO_SW,258,0.024342728609118968
CO_SW,259,0.020017504043650835
CO_SW,260,0.015687839113610404
CO_SW,261,0.01915272788831321
CO_SW,262,0.0175820325117955
CO_SW,263,0.01583757915449753
CO_SW,264,0.014554217190439842
CO_SW,265,0.02085243624325796
CO_SW,266,0.01522279392238744
CO_SW,267,0.01507354483006786
CO_SW,268,0.015390593819000356
CO_SW,269,0.01671842190445799
CO_SW,270,0.019707036479297765
CO_SW,271,0.012940348059652539
CO_SW,272,0.016450414829190754
CO_SW,273,0.016549188119462363
CO_SW,274,0.01391156983127626
CO_SW,275,0.012956284064392386
CO_SW,276,0.012528448583072425
CO_SW,277,0.010969805638098401
CO_SW,278,0.013220501701088695
CO_SW,279,0.013910464009633914
CO_SW,280,0.012394829785188756
CO_SW,281,0.013503851784725277
CO_SW,282,0.013879849251024185
CO_SW,283,0.01328267632760992
CO_SW,284,0.014820659425971699
CO_SW,285,0.009671492071990072
CO_SW,286,0.012755450234128368
CO_SW,287,0.015103622030576223
CO_SW,288,0.015650748094810592
CO_SW,289,0.013511955050435679
CO_SW,290,0.013909740281845233
CO_SW,291,0.012633517496475254
CO_SW,292,0.010664327441881779
CO_SW,293,0.00966570804367346
CO_SW,294,0.015471935507884796
CO_SW,295,0.013080250532780441
CO_SW,296,0.01080418464160143
CO_SW,297,0.012929811948051595
CO_SW,298,0.01358957023351587
CO_SW,299,0.008589257560349745
CO_SW,300,0.012866457966200711
CO_SW,301,0.010344889777870925
CO_SW,302,0.011663546511054725
CO_SW,303,0.012032580285354276
CO_SW,304,0.010076405861334476
CO_SW,305,0.027295525703317138
CO_SW,306,0.022673148356336756
CO_SW,307,0.025725496271896263
CO_SW,308,0.022153305260933183
CO_SW,309,0.018659312721137314
CO_SW,310,0.02226468773453048
CO_SW,311,0.025877446634003213
CO_SW,312,0.020838217624803597
CO_SW,313,0.021260409177819677
CO_SW,314,0.026880437781228235
CO_SW,315,0.02929394918188619
CO_SW,316,0.02212799346606376
CO_SW,317,0.02490544888093665
CO_SW,318,0.02653766415595516
CO_SW,319,0.024566271415600093
CO_SW,320,0.023036286682970707
CO_SW,321,0.018717150977853866
CO_SW,322,0.02388205683013602
CO_SW,323,0.024953233619101445
CO_SW,324,0.03481833565858891
CO_SW,325,0.02677570822365863
CO_SW,326,0.03451758194354662
CO_SW,327,0.026740206776982547
CO_SW,328,0.022961362925947828
CO_SW,329,0.02549019020107167
CO_SW,330,0.03568914317439986
CO_SW,331,0.03573957402832922
CO_SW,332,0.008337020542388503
CO_SW,333,0.021383541566436577
CO_SW,334,0.036574095365248714
CO_SW,335,0.04490088689733861
CO_SW,336,0.04033749493173742
CO_SW,337,0.03717659658689191
CO_SW,338,0.03698088206549491
CO_SW,339,0.03096119462729669
CO_SW,340,0.03333100335293905
CO_SW,341,0.029923673089477017
CO_SW,342,0.029169901311307648
CO_SW,343,0.041671393024104025
CO_SW,344,0.03433485301569146
CO_SW,345,0.03923198422177101
CO_SW,346,0.0368375409706005
CO_SW,347,0.0425089111480199
CO_SW,348,0.03648712968573174
CO_SW,349,0.041091663962290574
CO_SW,350,0.03295113415819504
CO_SW,351,0.04769978915419661
CO_SW,352,0.03466089530033445
CO_SW,353,0.05981378852037733
CO_SW,354,0.06270232135371587
CO_SW,355,0.06378903409325466
CO_SW,356,0.05803841580653668
CO_SW,357,0.07744952014523085
CO_SW,358,0.03923647382941546
CO_SW,359,0.05482874322565197
CO_SW,360,0.11026212115990355
CO_SW,361,0.1535626985135415
CO_SW,362,0.09820692703971405
CO_SW,363,0.0808352009149648
CO_SW,364,0.11419012848263912
CO_SW,365,0.0719874648134075
ID_E,1,1559.1346973079992
ID_E,2,1873.6893775797148
ID_E,3,1790.505775363658
ID_E,4,1714.5762092735822
ID_E,5,1535.7357641983174
ID_E,6,1539.42509893269
ID_E,7,1472.3142897288396
ID_E,8,1538.4743706985912
ID_E,9,1219.0172712497115
ID_E,10,1290.7273248161416
ID_E,11,1922.8406510597529
ID_E,12,1203.745588878521
ID_E,13,1110.679008208037
ID_E,14,1182.6115118291834
ID_E,15,1628.340548908014
ID_E,16,1436.6897865359135
ID_E,17,1263.0549346794721
ID_E,18,1565.4805706071575
ID_E,19,1414.031129648186
ID_E,20,1123.7117164263964
ID_E,21,1077.8268465570159
ID_E,22,1563.6026681499518
ID_E,23,1393.4031806825121
ID_E,24,1716.967634641828
ID_E,25,1750.2664014421969
ID_E,26,1593.8897040709319
ID_E,27,1150.9334682426174
ID_E,28,1155.7771656815914
ID_E,29,1478.4229810535041
ID_E,30,1277.9528333261055
ID_E,31,1292.0864708590682
ID_E,32,1499.144774220426
ID_E,33,1296.5052739946632
ID_E,34,855.6459008591345
ID_E,35,1060.890270390669
ID_E,36,1210.7297451413529
ID_E,37,1448.06430044475
ID_E,38,1493.2787098113522
ID_E,39,1873.0473070076018
ID_E,40,1469.9764157311179
ID_E,41,1143.142179297968
ID_E,42,1402.41585866138
ID_E,43,1427.7473163009383
ID_E,44,1644.9209532377188
ID_E,45,1518.2707768871592
ID_E,46,1994.935706547552
ID_E,47,1781.2682914550755
ID_E,48,1355.53137558012
ID_E,49,1144.2370185265743
ID_E,50,1913.4886275373437
ID_E,51,1603.7944030461322
ID_E,52,1536.0541548292765
ID_E,53,1554.8569731709206
ID_E,54,1608.4461421828153
ID_E,55,1487.2315765494327
ID_E,56,1365.805382053685
ID_E,57,1092.1987276325708
ID_E,58,1338.2571120889347
ID_E,59,1379.2512489421758
ID_E,60,1350.1904624460042
ID_E,61,964.3708687120799
ID_E,62,1415.3101698015457
ID_E,63,1460.3136356297582
ID_E,64,1266.877690863523
ID_E,65,1568.3939982249426
ID_E,66,1796.9814079850923
ID_E,67,1635.8825934767542
ID_E,68,1681.7917743444962
ID_E,69,1321.6000586873877
ID_E,70,1428.1497657102893
ID_E,71,1395.2849203617056
ID_E,72,1648.86100060149
ID_E,73,1415.0935323040505
ID_E,74,1217.1626401590456
ID_E,75,1515.7718590632446
ID_E,76,1381.8412568760473
ID_E,77,1364.6426188281314
ID_E,78,1240.9511811507878
ID_E,79,1286.362958691248
ID_E,80,1725.0539728479512
ID_E,81,1561.281939144146
ID_E,82,1327.7829492478484
ID_E,83,928.6697392098753
ID_E,84,1316.1476291432652
ID_E,85,1291.5939691562987
ID_E,86,1430.3523934667242
ID_E,87,1422.4430480074807
ID_E,88,1226.7342415217388
ID_E,89,1051.7079177858236
ID_E,90,700.2510339005006
ID_E,91,1251.4495850778071
ID_E,92,980.5827871380757
ID_E,93,961.8154028498084
ID_E,94,901.38467046662
ID_E,95,982.5658070116831
ID_E,96,673.7009283296719
ID_E,97,837.9085587687244
ID_E,98,1054.2762230122678
ID_E,99,917.03430038998
ID_E,100,1135.2794269233796
ID_E,101,678.19760453999
ID_E,102,878.1392967276615
ID_E,103,811.4949900714349
ID_E,104,674.23850560244
ID_E,105,690.9685332556029
ID_E,106,850.0138350980586
ID_E,107,788.699971780815
ID_E,108,873.5198837146661
ID_E,109,941.3528427396207
ID_E,110,598.7792718124557
ID_E,111,572.3515410589627
ID_E,112,812.1184938857763
ID_E,113,705.0901363957244
ID_E,114,761.9736855427044
ID_E,115,700.7655242082682
ID_E,116,1035.191101480921
ID_E,117,479.9354117115565
ID_E,118,769.353529540335
ID_E,119,851.6583953893929
ID_E,120,887.3710011560776
ID_E,121,801.4784483263635
ID_E,122,832.012097744248
ID_E,123,750.389700799734
ID_E,124,653.7130538769494
ID_E,125,769.963687663043
ID_E,126,718.1746619660177
ID_E,127,794.1525528666293
ID_E,128,1040.6043568561604
ID_E,129,1163.4690203853945
ID_E,130,1308.0865884496222
ID_E,131,667.0841004168083
ID_E,132,830.9329178197743
ID_E,133,906.4258787300311
ID_E,134,1236.3695545684366
ID_E,135,1208.1355813538912
ID_E,136,1280.9664351211493
ID_E,137,992.4880174475735
ID_E,138,904.3292859187085
ID_E,139,839.8381186133925
ID_E,140,1348.9307504632839
ID_E,141,1099.9372132929097
ID_E,142,1113.274864969287
ID_E,143,1083.4675959234303
ID_E,144,1370.1389215460297
ID_E,145,906.7088940165097
ID_E,146,853.927080260161
ID_E,147,1369.5085818795276
ID_E,148,1059.713164195748
ID_E,149,1078.625981416584
ID_E,150,1423.8499084247637
ID_E,151,1426.4829383386466
ID_E,152,1343.4608458997036
ID_E,153,1234.4703837126303
ID_E,154,1440.5749959445159
ID_E,155,1487.6028165097368
ID_E,156,1728.7869470291662
ID_E,157,1739.9638588989556
ID_E,158,1680.9401641878062
ID_E,159,1553.9308094671135
ID_E,160,1662.5372711511504
ID_E,161,1580.3272600791836
ID_E,162,1488.38427024587
ID_E,163,1857.1585532757435
ID_E,164,2099.6618924713516
ID_E,165,1771.9752326046878
ID_E,166,1298.6055749000952
ID_E,167,1509.132049432618
ID_E,168,1797.5746922163462
ID_E,169,2005.9355560026047
ID_E,170,1838.285378424155
ID_E,171,1842.6746490831663
ID_E,172,1965.4007885758263
ID_E,173,1512.6914716818228
ID_E,174,1735.3762429887915
ID_E,175,1757.8623514739118
ID_E,176,1829.1412346628176
ID_E,177,1748.2042539693152
ID_E,178,2024.8547269877645
ID_E,179,1836.8633654672196
ID_E,180,1490.9042295683694
ID_E,181,1750.6552543913242
ID_E,182,1776.5541537318425
ID_E,183,2192.7902409039993
ID_E,184,1865.5093515441079
ID_E,185,1082.9947164877678
ID_E,186,1631.1262360904764
ID_E,187,1513.8731087292135
ID_E,188,2242.751874367611
ID_E,189,1963.2499843597725
ID_E,190,1998.4671909747815
ID_E,191,2020.0392680805542
ID_E,192,1839.3175053768557
ID_E,193,1946.382940680831
ID_E,194,1629.361804753671
ID_E,195,2169.3526113325674
ID_E,196,1888.5707872768985
ID_E,197,1772.935678639734
ID_E,198,1959.5391478445113
ID_E,199,2298.1887623140146
ID_E,200,2205.7992312452207
ID_E,201,2212.8212323741614
ID_E,202,2322.4806493515252
ID_E,203,2195.233398507518
ID_E,204,2109.1798081109855
ID_E,205,2209.7555881982316
ID_E,206,2217.8177752608353
ID_E,207,2122.4032490042823
ID_E,208,1803.5688455761408
ID_E,209,2188.390712093856
ID_E,210,2000.0305372757614
ID_E,211,1836.583795307154
ID_E,212,2014.2957028306714
ID_E,213,1738.0685957023686
ID_E,214,2007.700106829756
ID_E,215,1694.470310634336
ID_E,216,1777.0170983160483
ID_E,217,1888.0871067388637
ID_E,218,1651.9976232783554
ID_E,219,2257.631939436441
ID_E,220,2226.3865972591225
ID_E,221,1914.7210390304529
ID_E,222,1887.7049995127586
ID_E,223,1943.9394128616677
ID_E,224,2002.4787910649475
ID_E,225,1842.9715692942893
ID_E,226,2047.836973759696
ID_E,227,2149.6684048672887
ID_E,228,1879.5950550077716
ID_E,229,1593.257411127324
ID_E,230,1926.3055844274566
ID_E,231,1731.3260372297311
ID_E,232,1814.5641842879345
ID_E,233,1755.1881896999948
ID_E,234,1816.3106609036322
ID_E,235,1675.354581856667
ID_E,236,1543.3565493668448
ID_E,237,2026.6014752252431
ID_E,238,1890.322281538528
ID_E,239,1774.4950958417608
ID_E,240,1878.276314284507
ID_E,241,1965.4609431650497
ID_E,242,2116.0843956885274
ID_E,243,1637.7624690431285
ID_E,244,1579.0429360737287
ID_E,245,2046.70435800669
ID_E,246,1673.6977626441721
ID_E,247,1793.7153569504744
ID_E,248,1960.6086067486153
ID_E,249,1614.963338727603
ID_E,250,1534.9542523621972
ID_E,251,1795.5542594952603
ID_E,252,1648.614012812343
ID_E,253,1632.4263613488267
ID_E,254,1499.6171199029618
ID_E,255,1987.8174373598197
ID_E,256,1741.7973822986985
ID_E,257,1478.84053293454
ID_E,258,1693.2906208506147
ID_E,259,1617.8182627514427
ID_E,260,1878.655074901281
ID_E,261,1754.0595271856869
ID_E,262,2162.524388700103
ID_E,263,1548.4355845144987
ID_E,264,1434.128093556068
ID_E,265,1409.7654196738436
ID_E,266,1612.9493939368892
ID_E,267,1536.833559341718
ID_E,268,1686.2396881629895
ID_E,269,2001.3069869173976
ID_E,270,1799.8163098878838
ID_E,271,1272.1749576993623
ID_E,272,1570.374512769418
ID_E,273,1773.6037205489142
ID_E,274,1200.614445258685
ID_E,275,1592.7680590571267
ID_E,276,1940.166719044101
ID_E,277,1551.768976407512
ID_E,278,1274.4904865229446
ID_E,279,1391.1666536055852
ID_E,280,1410.5013660124878
ID_E,281,1326.1362302653306
ID_E,282,1398.3069095044068
ID_E,283,1551.0773968826438
ID_E,284,1408.7839965491323
ID_E,285,1161.266048539022
ID_E,286,1075.7092901086867
ID_E,287,1493.5429500320618
ID_E,288,1557.3278272727982
ID_E,289,1334.5483949939874
ID_E,290,1559.2969264629764
ID_E,291,1347.926768108059
ID_E,292,933.0559283003736
ID_E,293,1239.8078507348382
ID_E,294,1252.8807415285269
ID_E,295,1444.566736632247
ID_E,296,1251.9667477062094
ID_E,297,1356.6526609186064
ID_E,298,1308.1920726279434
ID_E,299,815.3070458568551
ID_E,300,969.6192470727533
ID_E,301,1174.6888323394148
ID_E,302,963.3688240724455
ID_E,303,1224.264676501028
ID_E,304,1081.551144916845
ID_E,305,684.152818174327
ID_E,306,589.7401266961375
ID_E,307,594.9874411472987
ID_E,308,952.4392697085326
ID_E,309,551.161139640648
ID_E,310,876.7940018086445
ID_E,311,807.6073204842285
ID_E,312,762.875036317143
ID_E,313,443.20097347040894
ID_E,314,726.8675502014402
ID_E,315,551.2928732785462
ID_E,316,589.7714062725322
ID_E,317,711.7431910264372
ID_E,318,628.2484587457686
ID_E,319,548.6825024366243
ID_E,320,367.31295047597246
ID_E,321,698.9656781714943
ID_E,322,594.4105633515348
ID_E,323,776.8342894329567
ID_E,324,532.9029980980174
ID_E,325,587.8037792801092
ID_E,326,761.3549718308512
ID_E,327,645.3681572855646
ID_E,328,556.4763295124504
ID_E,329,523.0078100805588
ID_E,330,655.6631332516739
ID_E,331,868.0883056224011
ID_E,332,221.39038992845735
ID_E,333,451.1562783073999
ID_E,334,839.0967304979457
ID_E,335,1295.1404076326808
ID_E,336,1347.9164068256525
ID_E,337,1275.1666249030375
ID_E,338,1221.0047352205072
ID_E,339,1493.0276248672808
ID_E,340,1120.364296010941
ID_E,341,855.2822738676006
ID_E,342,999.4901632735944
ID_E,343,1598.8699097228014
ID_E,344,1258.696297565581
ID_E,345,1417.913107033028
ID_E,346,1442.5690710400222
ID_E,347,1331.760067692974
ID_E,348,964.0459242968162
ID_E,349,970.6665505619268
ID_E,350,1282.2953388081091
ID_E,351,1557.162064760615
ID_E,352,1343.7803696649653
ID_E,353,1760.3379928634026
ID_E,354,2005.9665550768887
ID_E,355,1577.7758093664445
ID_E,356,1344.4994913833928
ID_E,357,1566.821704675076
ID_E,358,1116.04980922099
ID_E,359,790.7399726582163
ID_E,360,1790.1028241374986
ID_E,361,1779.7658042535256
ID_E,362,1638.103060637142
ID_E,363,1234.1745115301512
ID_E,364,1711.7325074309608
ID_E,365,1467.7869602776907
ID_S_OR_E,1,3928.688724589473
ID_S_OR_E,2,5007.327576323495
ID_S_OR_E,3,5226.8324506936015
ID_S_OR_E,4,5182.7883693340245
ID_S_OR_E,5,5358.566629739979
ID_S_OR_E,6,3968.616518329795
ID_S_OR_E,7,4543.95439884572
ID_S_OR_E,8,4959.785247673605
ID_S_OR_E,9,4016.1799756619475
ID_S_OR_E,10,3948.9904582246704
ID_S_OR_E,11,5403.38510401306
ID_S_OR_E,12,3747.7926205541926
ID_S_OR_E,13,2976.421438636928
ID_S_OR_E,14,3000.5581607810377
ID_S_OR_E,15,4431.965109117727
ID_S_OR_E,16,4080.224398800729
ID_S_OR_E,17,3397.838331140233
ID_S_OR_E,18,4541.59661574722
ID_S_OR_E,19,4436.46573091605
ID_S_OR_E,20,2912.9873521807585
ID_S_OR_E,21,3617.478143154393
ID_S_OR_E,22,4698.475389023415
ID_S_OR_E,23,4632.296744853606
ID_S_OR_E,24,4653.6762999820385
ID_S_OR_E,25,5404.841096179186
ID_S_OR_E,26,4478.747468592856
ID_S_OR_E,27,2886.948923645136
ID_S_OR_E,28,3552.754244527643
ID_S_OR_E,29,4631.712550390003
ID_S_OR_E,30,4480.614351393027
ID_S_OR_E,31,4521.451171255261
ID_S_OR_E,32,4917.3118658410895
ID_S_OR_E,33,4611.54923737675
ID_S_OR_E,34,3265.1159062387087
ID_S_OR_E,35,4055.8679087117052
ID_S_OR_E,36,4651.758145393024
ID_S_OR_E,37,4297.86862898134
ID_S_OR_E,38,4912.106315326699
ID_S_OR_E,39,5377.313510915669
ID_S_OR_E,40,4717.488425252145
ID_S_OR_E,41,3440.2851820276155
ID_S_OR_E,42,3439.3986339545663
ID_S_OR_E,43,4520.492159139906
ID_S_OR_E,44,4827.635468982222
ID_S_OR_E,45,5024.801164925371
ID_S_OR_E,46,5228.459380280976
ID_S_OR_E,47,5423.6900874220855
ID_S_OR_E,48,3551.2835680915023
ID_S_OR_E,49,3549.835984736332
ID_S_OR_E,50,5401.988387279894
ID_S_OR_E,51,5094.015192389551
ID_S_OR_E,52,5048.010549297522
ID_S_OR_E,53,5782.333186601303
ID_S_OR_E,54,5071.510696449351
ID_S_OR_E,55,3704.1425269523734
ID_S_OR_E,56,4523.141368360828
ID_S_OR_E,57,4476.6355153681825
ID_S_OR_E,58,5117.552146720466
ID_S_OR_E,59,4937.946093230149
ID_S_OR_E,60,4567.492404046877
ID_S_OR_E,61,3132.241240168245
ID_S_OR_E,62,4164.130294091379
ID_S_OR_E,63,4826.202521572245
ID_S_OR_E,64,4031.6464514780605
ID_S_OR_E,65,4846.834317756288
ID_S_OR_E,66,4826.266930444303
ID_S_OR_E,67,4649.074015706136
ID_S_OR_E,68,3109.9109554694815
ID_S_OR_E,69,3705.3665539106623
ID_S_OR_E,70,5198.763192451817
ID_S_OR_E,71,5069.04425904202
ID_S_OR_E,72,4800.300334161689
ID_S_OR_E,73,5139.981040134876
ID_S_OR_E,74,4825.3126422279865
ID_S_OR_E,75,3440.289149064765
ID_S_OR_E,76,4189.53290664888
ID_S_OR_E,77,4894.524131298264
ID_S_OR_E,78,4101.912209639016
ID_S_OR_E,79,4736.912987967723
ID_S_OR_E,80,5093.815964219465
ID_S_OR_E,81,4607.342536257446
ID_S_OR_E,82,3350.9710266194215
ID_S_OR_E,83,4385.618677383695
ID_S_OR_E,84,4653.805642052523
ID_S_OR_E,85,4673.108094587717
ID_S_OR_E,86,4849.693765379339
ID_S_OR_E,87,5272.597109901983
ID_S_OR_E,88,4830.610662799568
ID_S_OR_E,89,3526.357987597764
ID_S_OR_E,90,3484.0258730464507
ID_S_OR_E,91,4583.319071463938
ID_S_OR_E,92,4499.019679554785
ID_S_OR_E,93,4739.7951482581275
ID_S_OR_E,94,4234.463449261574
ID_S_OR_E,95,4210.66659528084
ID_S_OR_E,96,3441.0769270573333
ID_S_OR_E,97,3770.673207019516
ID_S_OR_E,98,4629.402663226023
ID_S_OR_E,99,4783.720914084744
ID_S_OR_E,100,4937.011384553057
ID_S_OR_E,101,4630.080191530513
ID_S_OR_E,102,4473.853388992035
ID_S_OR_E,103,2845.6917754027586
ID_S_OR_E,104,3529.6726958228633
ID_S_OR_E,105,4696.824025808123
ID_S_OR_E,106,5002.864475606119
ID_S_OR_E,107,4868.6795689884075
ID_S_OR_E,108,5002.127809157887
ID_S_OR_E,109,4408.036542713471
ID_S_OR_E,110,2490.5079741873456
ID_S_OR_E,111,3484.7600941061705
ID_S_OR_E,112,4255.902488940655
ID_S_OR_E,113,4256.660814874382
ID_S_OR_E,114,4408.426756097705
ID_S_OR_E,115,4740.555630152935
ID_S_OR_E,116,4694.081149459529
ID_S_OR_E,117,2864.915943684495
ID_S_OR_E,118,3373.14968222369
ID_S_OR_E,119,4584.0865338491
ID_S_OR_E,120,4233.3139015795805
ID_S_OR_E,121,5090.781597200212
ID_S_OR_E,122,5268.856881733192
ID_S_OR_E,123,4145.736161867081
ID_S_OR_E,124,3197.258528679394
ID_S_OR_E,125,4148.073434039574
ID_S_OR_E,126,4474.703686723964
ID_S_OR_E,127,4319.766285650481
ID_S_OR_E,128,4582.959298724342
ID_S_OR_E,129,5005.4439465607475
ID_S_OR_E,130,5110.232849064032
ID_S_OR_E,131,2953.4606202965188
ID_S_OR_E,132,3573.4451633081217
ID_S_OR_E,133,4299.890558455253
ID_S_OR_E,134,4823.996623775013
ID_S_OR_E,135,4609.264798946594
ID_S_OR_E,136,5202.507213382907
ID_S_OR_E,137,4364.925883674133
ID_S_OR_E,138,3329.1876749157414
ID_S_OR_E,139,3706.663235977825
ID_S_OR_E,140,5376.844514180972
ID_S_OR_E,141,5003.195825934074
ID_S_OR_E,142,5267.364473329755
ID_S_OR_E,143,5886.5176628048885
ID_S_OR_E,144,4957.229526260699
ID_S_OR_E,145,3195.693333978923
ID_S_OR_E,146,3374.7002164694345
ID_S_OR_E,147,4187.663609644785
ID_S_OR_E,148,4716.5910886466345
ID_S_OR_E,149,5466.373234557633
ID_S_OR_E,150,4938.774513604092
ID_S_OR_E,151,4670.157916265188
ID_S_OR_E,152,3375.4134109858196
ID_S_OR_E,153,4500.816256681755
ID_S_OR_E,154,5072.5310475887445
ID_S_OR_E,155,4938.634416918495
ID_S_OR_E,156,5512.102176014505
ID_S_OR_E,157,5712.169595013739
ID_S_OR_E,158,4849.1911280252825
ID_S_OR_E,159,3749.460671739333
ID_S_OR_E,160,4785.119215694617
ID_S_OR_E,161,5271.477382248142
ID_S_OR_E,162,4497.698630528111
ID_S_OR_E,163,5334.496641928361
ID_S_OR_E,164,5404.133676026014
ID_S_OR_E,165,4542.520077109226
ID_S_OR_E,166,4036.0357516272416
ID_S_OR_E,167,4544.69054549194
ID_S_OR_E,168,5223.552877298524
ID_S_OR_E,169,5472.13968275737
ID_S_OR_E,170,5270.012103041752
ID_S_OR_E,171,5799.257466619114
ID_S_OR_E,172,5223.441106818762
ID_S_OR_E,173,4302.265282834471
ID_S_OR_E,174,4763.72288569378
ID_S_OR_E,175,4872.548956016558
ID_S_OR_E,176,5714.023119696495
ID_S_OR_E,177,5929.359736991955
ID_S_OR_E,178,6658.656393900558
ID_S_OR_E,179,5755.7311546778765
ID_S_OR_E,180,4983.201490920161
ID_S_OR_E,181,4985.509704143537
ID_S_OR_E,182,6241.054312286752
ID_S_OR_E,183,5805.976282024359
ID_S_OR_E,184,5341.105357015057
ID_S_OR_E,185,3067.778487499646
ID_S_OR_E,186,4540.8129135474765
ID_S_OR_E,187,5052.032561737045
ID_S_OR_E,188,6371.530107515757
ID_S_OR_E,189,6355.782528711475
ID_S_OR_E,190,8030.216410056855
ID_S_OR_E,191,6618.034559961314
ID_S_OR_E,192,7458.222388578046
ID_S_OR_E,193,7122.893756155223
ID_S_OR_E,194,5870.565925045268
ID_S_OR_E,195,7192.932384477206
ID_S_OR_E,196,6685.320689288764
ID_S_OR_E,197,6088.603246001183
ID_S_OR_E,198,7036.300693350831
ID_S_OR_E,199,7215.799431325441
ID_S_OR_E,200,6243.946550647475
ID_S_OR_E,201,4897.513320337465
ID_S_OR_E,202,5665.499973365998
ID_S_OR_E,203,5981.538231379373
ID_S_OR_E,204,6733.57485763239
ID_S_OR_E,205,6531.6780892114075
ID_S_OR_E,206,6512.30911641616
ID_S_OR_E,207,6399.53419389689
ID_S_OR_E,208,5075.353529555514
ID_S_OR_E,209,5976.68798831382
ID_S_OR_E,210,6729.665436576975
ID_S_OR_E,211,6729.450538315252
ID_S_OR_E,212,6662.900284186952
ID_S_OR_E,213,6496.2058117421075
ID_S_OR_E,214,5662.727701587124
ID_S_OR_E,215,4296.905630594829
ID_S_OR_E,216,5794.585862854238
ID_S_OR_E,217,6254.344674962732
ID_S_OR_E,218,5972.001866391516
ID_S_OR_E,219,6873.139420383668
ID_S_OR_E,220,6436.084319993497
ID_S_OR_E,221,6470.02880413509
ID_S_OR_E,222,4536.398849918665
ID_S_OR_E,223,6059.488081118659
ID_S_OR_E,224,6012.104421550546
ID_S_OR_E,225,5997.202213904672
ID_S_OR_E,226,5994.51813050947
ID_S_OR_E,227,6286.57769643272
ID_S_OR_E,228,6175.969781271182
ID_S_OR_E,229,4190.133111981028
ID_S_OR_E,230,5885.204340221469
ID_S_OR_E,231,5772.347417294545
ID_S_OR_E,232,5443.383503700947
ID_S_OR_E,233,5818.643404610196
ID_S_OR_E,234,6282.7764167923015
ID_S_OR_E,235,5927.6089851245715
ID_S_OR_E,236,4692.582535724697
ID_S_OR_E,237,5772.08399659722
ID_S_OR_E,238,5684.598011675833
ID_S_OR_E,239,4895.831438886503
ID_S_OR_E,240,5887.540599250086
ID_S_OR_E,241,6326.29320672771
ID_S_OR_E,242,5778.442427613566
ID_S_OR_E,243,4295.014065148831
ID_S_OR_E,244,3927.09487955825
ID_S_OR_E,245,5495.22356281808
ID_S_OR_E,246,5803.018822531999
ID_S_OR_E,247,5935.249370268184
ID_S_OR_E,248,5448.701397515142
ID_S_OR_E,249,5911.531502546355
ID_S_OR_E,250,4480.465795412891
ID_S_OR_E,251,5121.552966304004
ID_S_OR_E,252,5428.118667988732
ID_S_OR_E,253,5074.026859069027
ID_S_OR_E,254,5163.4094925280015
ID_S_OR_E,255,6110.451657384998
ID_S_OR_E,256,5407.271328790606
ID_S_OR_E,257,4102.7627086533375
ID_S_OR_E,258,4767.124232212802
ID_S_OR_E,259,5315.266118260196
ID_S_OR_E,260,5670.049580735843
ID_S_OR_E,261,5492.181219593524
ID_S_OR_E,262,6065.8640978078265
ID_S_OR_E,263,4811.692769796549
ID_S_OR_E,264,3376.9861195423164
ID_S_OR_E,265,4856.196213712743
ID_S_OR_E,266,5008.338468204135
ID_S_OR_E,267,4964.167725087022
ID_S_OR_E,268,5493.13211499376
ID_S_OR_E,269,5318.66279433463
ID_S_OR_E,270,5426.762342381984
ID_S_OR_E,271,3442.567718865142
ID_S_OR_E,272,4613.563021824987
ID_S_OR_E,273,5008.775824657049
ID_S_OR_E,274,5052.920990390696
ID_S_OR_E,275,5076.444276349816
ID_S_OR_E,276,5717.703037390932
ID_S_OR_E,277,4987.959695466888
ID_S_OR_E,278,3265.9243894388314
ID_S_OR_E,279,5078.2789025313405
ID_S_OR_E,280,4921.381456654927
ID_S_OR_E,281,5428.03824824853
ID_S_OR_E,282,5011.378144475139
ID_S_OR_E,283,5870.082861582158
ID_S_OR_E,284,5186.9154344193375
ID_S_OR_E,285,3508.171448391449
ID_S_OR_E,286,4546.144845093994
ID_S_OR_E,287,4877.579474255183
ID_S_OR_E,288,5054.191314859321
ID_S_OR_E,289,5626.94810228628
ID_S_OR_E,290,5694.066178086435
ID_S_OR_E,291,4832.540361001697
ID_S_OR_E,292,3200.027127477411
ID_S_OR_E,293,4524.3345867208745
ID_S_OR_E,294,5453.239319790202
ID_S_OR_E,295,4899.154302819165
ID_S_OR_E,296,5515.9206800567945
ID_S_OR_E,297,5561.428273682491
ID_S_OR_E,298,5472.695704069152
ID_S_OR_E,299,3022.9779669698905
ID_S_OR_E,300,4193.698493343272
ID_S_OR_E,301,5031.604409793025
ID_S_OR_E,302,4434.663548708487
ID_S_OR_E,303,4368.9473341406
ID_S_OR_E,304,4193.040448695071
ID_S_OR_E,305,4498.948682871477
ID_S_OR_E,306,3418.726309584759
ID_S_OR_E,307,3705.999498515732
ID_S_OR_E,308,4432.061748886659
ID_S_OR_E,309,3992.8641577258304
ID_S_OR_E,310,4434.737053700016
ID_S_OR_E,311,5070.821713898169
ID_S_OR_E,312,4588.082660470334
ID_S_OR_E,313,3022.0493048260587
ID_S_OR_E,314,3839.6223566753765
ID_S_OR_E,315,4565.593212765765
ID_S_OR_E,316,4647.161754334076
ID_S_OR_E,317,5048.968297715892
ID_S_OR_E,318,5249.490171568635
ID_S_OR_E,319,4851.70225261941
ID_S_OR_E,320,3219.3670076662593
ID_S_OR_E,321,3707.7491118104394
ID_S_OR_E,322,5730.966237967028
ID_S_OR_E,323,4632.642125112206
ID_S_OR_E,324,5203.2925646248295
ID_S_OR_E,325,5646.8966874475445
ID_S_OR_E,326,4851.695997084623
ID_S_OR_E,327,4322.30971827309
ID_S_OR_E,328,4060.2516332248124
ID_S_OR_E,329,4895.841658381463
ID_S_OR_E,330,5158.042745945712
ID_S_OR_E,331,5095.352089174106
ID_S_OR_E,332,1986.3623284524863
ID_S_OR_E,333,3439.918342211594
ID_S_OR_E,334,4125.288595071275
ID_S_OR_E,335,5201.052308663954
ID_S_OR_E,336,5358.797227441688
ID_S_OR_E,337,5686.692138408534
ID_S_OR_E,338,4605.029472507222
ID_S_OR_E,339,4429.04040436213
ID_S_OR_E,340,4319.095479564027
ID_S_OR_E,341,3461.2852777843514
ID_S_OR_E,342,3725.1941306045073
ID_S_OR_E,343,5311.635537151359
ID_S_OR_E,344,4851.0490119041015
ID_S_OR_E,345,4608.525473168832
ID_S_OR_E,346,5179.347911566079
ID_S_OR_E,347,4846.048653362849
ID_S_OR_E,348,3459.505608996689
ID_S_OR_E,349,4055.986473425151
ID_S_OR_E,350,5092.120554451105
ID_S_OR_E,351,4978.6471359135785
ID_S_OR_E,352,5842.427576706064
ID_S_OR_E,353,5780.236384004093
ID_S_OR_E,354,6218.2933987070355
ID_S_OR_E,355,4650.064729943299
ID_S_OR_E,356,4720.88282842253
ID_S_OR_E,357,5448.326948580875
ID_S_OR_E,358,3525.0148020915117
ID_S_OR_E,359,2756.3012245691975
ID_S_OR_E,360,5635.002577256078
ID_S_OR_E,361,6231.22805582129
ID_S_OR_E,362,4932.055861305526
ID_S_OR_E,363,4388.293872797503
ID_S_OR_E,364,6213.24421053518
ID_S_OR_E,365,4696.8627212167
MT_NE,1,15.858909402389115
MT_NE,2,27.19727739358539
MT_NE,3,94.0161085250178
MT_NE,4,95.29821464222266
MT_NE,5,83.66818745394693
MT_NE,6,40.587351419275855
MT_NE,7,41.45624510738253
MT_NE,8,76.32561800709432
MT_NE,9,86.04790880947756
MT_NE,10,102.49428220700378
MT_NE,11,51.5910024577275
MT_NE,12,70.14847821582164
MT_NE,13,24.3826342074565
MT_NE,14,22.185851624104597
MT_NE,15,52.46202979300127
MT_NE,16,91.47367560997452
MT_NE,17,59.17945148398178
MT_NE,18,88.53359646163396
MT_NE,19,91.68629122050454
MT_NE,20,40.75601952496706
MT_NE,21,36.17141595637051
MT_NE,22,73.08497966657346
MT_NE,23,110.76546824583623
MT_NE,24,97.56223827912959
MT_NE,25,96.63788593695956
MT_NE,26,87.38135925174039
MT_NE,27,58.39961742191056
MT_NE,28,32.921680032009476
MT_NE,29,83.19309451055355
MT_NE,30,77.18988962473269
MT_NE,31,96.02075841560561
MT_NE,32,73.93680383990981
MT_NE,33,67.9241361433218
MT_NE,34,37.04288838221523
MT_NE,35,27.945541089037526
MT_NE,36,54.42244846458108
MT_NE,37,52.50613829767947
MT_NE,38,39.72531051425246
MT_NE,39,50.354877277638245
MT_NE,40,63.95425368663091
MT_NE,41,41.78227795653696
MT_NE,42,19.28079825896063
MT_NE,43,60.530201779628655
MT_NE,44,72.33392815735913
MT_NE,45,53.84090885445633
MT_NE,46,58.708133923288486
MT_NE,47,47.97846104020317
MT_NE,48,35.67590906871397
MT_NE,49,31.933770562954038
MT_NE,50,41.046394093484054
MT_NE,51,56.19324339914246
MT_NE,52,79.20910539116976
MT_NE,53,76.18078501138343
MT_NE,54,59.12736816639129
MT_NE,55,28.966208317406306
MT_NE,56,23.58765565823376
MT_NE,57,52.80735149440123
MT_NE,58,71.01288366432996
MT_NE,59,58.539247086756774
MT_NE,60,85.97449470672281
MT_NE,61,47.41374222300608
MT_NE,62,24.177492641827396
MT_NE,63,53.21880355685986
MT_NE,64,87.89726873164192
MT_NE,65,81.26492952949074
MT_NE,66,57.74384134091592
MT_NE,67,62.92511731772998
MT_NE,68,49.61946361657051
MT_NE,69,23.359072668638007
MT_NE,70,48.77200784342612
MT_NE,71,100.55339170812302
MT_NE,72,97.66821771324294
MT_NE,73,78.8029012080259
MT_NE,74,66.84673014918043
MT_NE,75,37.88093413472969
MT_NE,76,52.7091087781341
MT_NE,77,43.61716347251515
MT_NE,78,82.73214917238752
MT_NE,79,84.23777559554429
MT_NE,80,93.55597869993098
MT_NE,81,74.24277787791786
MT_NE,82,34.15534337736391
MT_NE,83,33.27783463152298
MT_NE,84,63.926860353520816
MT_NE,85,64.23519573020603
MT_NE,86,63.77611074941267
MT_NE,87,61.46848236605617
MT_NE,88,48.41627120267654
MT_NE,89,46.17592794884017
MT_NE,90,25.078324199427787
MT_NE,91,88.4480240141918
MT_NE,92,135.32314276375573
MT_NE,93,140.77744749309056
MT_NE,94,110.6024841823369
MT_NE,95,121.24490549522656
MT_NE,96,74.5639852668215
MT_NE,97,68.23306915899724
MT_NE,98,84.18622829709408
MT_NE,99,172.6625004741772
MT_NE,100,157.98862785675277
MT_NE,101,128.0727716427354
MT_NE,102,149.27249139393743
MT_NE,103,88.4930156837902
MT_NE,104,53.611048182403465
MT_NE,105,81.14953807565927
MT_NE,106,169.4593192849354
MT_NE,107,161.23140411178196
MT_NE,108,175.87105700431408
MT_NE,109,119.28040156549643
MT_NE,110,80.10142512999214
MT_NE,111,96.64766083865176
MT_NE,112,125.2141404311742
MT_NE,113,138.72145976247245
MT_NE,114,140.86059734600016
MT_NE,115,152.97547426111944
MT_NE,116,177.09398281344411
MT_NE,117,95.72133062779079
MT_NE,118,77.70404352276961
MT_NE,119,121.77932365740111
MT_NE,120,156.1516378947936
MT_NE,121,138.72161854602487
MT_NE,122,121.66433694959737
MT_NE,123,91.01005900066947
MT_NE,124,58.216215318219945
MT_NE,125,86.42556194135712
MT_NE,126,90.95739587325203
MT_NE,127,98.37539972386597
MT_NE,128,86.28142009244736
MT_NE,129,102.58326872506302
MT_NE,130,115.99920543584638
MT_NE,131,66.532945712616
MT_NE,132,72.86002331751342
MT_NE,133,77.4387249651338
MT_NE,134,136.76439137923452
MT_NE,135,128.3242536237777
MT_NE,136,143.2890500074853
MT_NE,137,117.51625149181126
MT_NE,138,108.35951561850405
MT_NE,139,67.23138393372241
MT_NE,140,157.82518215499343
MT_NE,141,188.64455000517503
MT_NE,142,140.27737014288596
MT_NE,143,153.83163061318513
MT_NE,144,130.01192770625954
MT_NE,145,103.58084473167317
MT_NE,146,84.76670656118417
MT_NE,147,66.04037464038734
MT_NE,148,71.79785767227972
MT_NE,149,137.78870448198472
MT_NE,150,128.9055634798316
MT_NE,151,174.58063811038656
MT_NE,152,40.696317080499
MT_NE,153,24.374707509430337
MT_NE,154,35.871622765327764
MT_NE,155,52.96150667688327
MT_NE,156,59.40140073921864
MT_NE,157,37.47026405866107
MT_NE,158,41.64153906507032
MT_NE,159,40.383353047058876
MT_NE,160,26.134606130170088
MT_NE,161,44.94887229647207
MT_NE,162,58.55593045703472
MT_NE,163,46.46306387390744
MT_NE,164,43.149068258320725
MT_NE,165,44.76853231606594
MT_NE,166,37.781598524021085
MT_NE,167,23.64536988712968
MT_NE,168,34.78651323362114
MT_NE,169,69.56227043943882
MT_NE,170,42.427723931016956
MT_NE,171,52.048223484424824
MT_NE,172,62.171446282094145
MT_NE,173,38.66889507937502
MT_NE,174,28.91345048368606
MT_NE,175,34.65294244883265
MT_NE,176,50.526365481176
MT_NE,177,56.23355786999623
MT_NE,178,59.15000753235784
MT_NE,179,50.139098763322416
MT_NE,180,35.231968555430086
MT_NE,181,30.65039611010227
MT_NE,182,34.259895751585354
MT_NE,183,39.56085787494597
MT_NE,184,26.912358227249157
MT_NE,185,14.691735435414685
MT_NE,186,27.2424568089889
MT_NE,187,33.15993796881324
MT_NE,188,18.855415944860702
MT_NE,189,31.035975670701752
MT_NE,190,39.04687467022254
MT_NE,191,40.18904026563226
MT_NE,192,40.94232808580138
MT_NE,193,40.407606929781004
MT_NE,194,30.11711639465071
MT_NE,195,17.86463439402018
MT_NE,196,28.376692602230637
MT_NE,197,49.524933113279424
MT_NE,198,38.92661849721066
MT_NE,199,35.52016407518789
MT_NE,200,26.65764921330929
MT_NE,201,27.695296650276674
MT_NE,202,15.457735583237755
MT_NE,203,28.615328932329096
MT_NE,204,34.645419511159226
MT_NE,205,38.30831557437164
MT_NE,206,26.283033688566732
MT_NE,207,36.47856093776153
MT_NE,208,32.13153965769984
MT_NE,209,19.74159579841392
MT_NE,210,16.89458007413973
MT_NE,211,39.52306765647677
MT_NE,212,35.18378492659867
MT_NE,213,27.882284141799143
MT_NE,214,34.03953051741958
MT_NE,215,31.157718695919133
MT_NE,216,20.343523852272444
MT_NE,217,27.761417468724574
MT_NE,218,52.84767801353861
MT_NE,219,42.70864988269899
MT_NE,220,40.5047943929892
MT_NE,221,34.1846602493161
MT_NE,222,31.68662579541846
MT_NE,223,21.738751013508672
MT_NE,224,33.00413560439395
MT_NE,225,46.90248953882549
MT_NE,226,45.98900011281226
MT_NE,227,47.112212858350745
MT_NE,228,29.548832713105156
MT_NE,229,24.99900292165004
MT_NE,230,14.54435246156926
MT_NE,231,24.62359476298863
MT_NE,232,41.35520259997957
MT_NE,233,39.76297328775509
MT_NE,234,26.711117876724774
MT_NE,235,33.3970944334605
MT_NE,236,38.89474164335177
MT_NE,237,23.458054369936143
MT_NE,238,30.052552815603963
MT_NE,239,34.921949038024515
MT_NE,240,39.987338749928654
MT_NE,241,37.59368899575767
MT_NE,242,27.248093993094646
MT_NE,243,29.377984349442805
MT_NE,244,28.547581812418187
MT_NE,245,42.063299271588356
MT_NE,246,41.636459189637364
MT_NE,247,50.537150846747245
MT_NE,248,61.2992459844693
MT_NE,249,55.019692222884764
MT_NE,250,38.91137139474288
MT_NE,251,42.35870426343532
MT_NE,252,49.51042527088583
MT_NE,253,64.07282658075115
MT_NE,254,70.17365067321397
MT_NE,255,53.11497871667034
MT_NE,256,50.09992288685704
MT_NE,257,30.268413390616644
MT_NE,258,34.72779907948645
MT_NE,259,53.34274725718618
MT_NE,260,65.00253692747062
MT_NE,261,53.01178747155816
MT_NE,262,69.03076990058851
MT_NE,263,59.22274063395017
MT_NE,264,38.556662161178465
MT_NE,265,39.59777259857617
MT_NE,266,52.4995834892582
MT_NE,267,61.53881120875743
MT_NE,268,67.21050548982292
MT_NE,269,60.77459566384406
MT_NE,270,75.99952776028779
MT_NE,271,47.796695017739864
MT_NE,272,46.86652364855387
MT_NE,273,58.54829571290596
MT_NE,274,162.7002092431027
MT_NE,275,133.44483630401535
MT_NE,276,117.00950259942978
MT_NE,277,136.23744181373732
MT_NE,278,87.11365630280311
MT_NE,279,73.18817741961978
MT_NE,280,117.10101701587135
MT_NE,281,156.23925842167336
MT_NE,282,148.06531028863682
MT_NE,283,115.66303110847527
MT_NE,284,116.77773388168453
MT_NE,285,67.14577687436004
MT_NE,286,44.861812651944675
MT_NE,287,87.68308216387393
MT_NE,288,141.58875861665086
MT_NE,289,120.57637792270611
MT_NE,290,114.5043703764352
MT_NE,291,117.03583654049336
MT_NE,292,70.02478713547146
MT_NE,293,83.49316301213581
MT_NE,294,118.58536929884507
MT_NE,295,146.10504336982626
MT_NE,296,118.88197421516094
MT_NE,297,140.14554752930096
MT_NE,298,112.5128221004992
MT_NE,299,54.19464360294666
MT_NE,300,93.73063923856145
MT_NE,301,114.28612468626672
MT_NE,302,109.33313518094819
MT_NE,303,115.00636381185326
MT_NE,304,126.48782856432173
MT_NE,305,168.23763758002144
MT_NE,306,121.37344314353341
MT_NE,307,118.89196048479478
MT_NE,308,142.83059516461606
MT_NE,309,167.34247878990908
MT_NE,310,175.2410754729747
MT_NE,311,190.74463165911024
MT_NE,312,195.89302285531707
MT_NE,313,194.15842975661909
MT_NE,314,149.77106568930103
MT_NE,315,156.28462393897436
MT_NE,316,195.21635147660487
MT_NE,317,206.30032750295007
MT_NE,318,185.16454160195443
MT_NE,319,156.6323113419208
MT_NE,320,150.69046102274785
MT_NE,321,77.9771753577573
MT_NE,322,222.34464526695396
MT_NE,323,210.0898872921343
MT_NE,324,233.94347297082004
MT_NE,325,199.60979551715573
MT_NE,326,130.70538539796507
MT_NE,327,142.52509019217598
MT_NE,328,129.57032375735128
MT_NE,329,112.57132994401427
MT_NE,330,228.9819275235543
MT_NE,331,191.432949585755
MT_NE,332,61.056440996431405
MT_NE,333,124.07041544137348
MT_NE,334,156.19343767897328
MT_NE,335,52.99906807528722
MT_NE,336,62.2667553076121
MT_NE,337,73.88377252518976
MT_NE,338,71.07463097671796
MT_NE,339,101.03613283382258
MT_NE,340,107.44990408140069
MT_NE,341,54.26966867809628
MT_NE,342,64.79959045128132
MT_NE,343,99.95120943153785
MT_NE,344,87.85556240851517
MT_NE,345,91.59872033496865
MT_NE,346,76.4476671271398
MT_NE,347,78.86922859555155
MT_NE,348,34.77549828488268
MT_NE,349,38.52935190308453
MT_NE,350,69.86779887862502
MT_NE,351,91.97407855843369
MT_NE,352,72.79341925398411
MT_NE,353,75.75487475122837
MT_NE,354,62.12384206413137
MT_NE,355,39.58546053792702
MT_NE,356,29.805390029913617
MT_NE,357,40.030749762573265
MT_NE,358,45.13649131938174
MT_NE,359,15.18238744202774
MT_NE,360,32.48601290070253
MT_NE,361,41.39474450791046
MT_NE,362,42.30516611913565
MT_NE,363,29.73697463837062
MT_NE,364,29.682856330288367
MT_NE,365,45.106020353970635
MT_NW,1,53.00969378902352
MT_NW,2,55.411041081843145
MT_NW,3,116.1681801001223
MT_NW,4,205.61601958351704
MT_NW,5,214.66027860770737
MT_NW,6,83.97667770266965
MT_NW,7,100.21959444911364
MT_NW,8,163.19481531461534
MT_NW,9,159.48200539381463
MT_NW,10,151.87731225934235
MT_NW,11,108.20477467951112
MT_NW,12,146.2475748775877
MT_NW,13,42.39572757513041
MT_NW,14,96.33408587432207
MT_NW,15,87.76690953732053
MT_NW,16,161.28774379822525
MT_NW,17,134.33887282235636
MT_NW,18,183.84769301966455
MT_NW,19,184.36290160820474
MT_NW,20,57.93825452354971
MT_NW,21,109.81332770982937
MT_NW,22,143.9724698617084
MT_NW,23,157.19561889435585
MT_NW,24,127.40324836417885
MT_NW,25,194.29242791396194
MT_NW,26,145.31329498878264
MT_NW,27,88.5549762094743
MT_NW,28,82.25973904567596
MT_NW,29,89.06975776974615
MT_NW,30,43.62343862922357
MT_NW,31,99.15786026419049
MT_NW,32,70.64233147528857
MT_NW,33,54.593150874176715
MT_NW,34,41.24032862611183
MT_NW,35,28.62425059963465
MT_NW,36,51.119692019553916
MT_NW,37,53.61048533320906
MT_NW,38,63.495780853945426
MT_NW,39,68.27585936117961
MT_NW,40,67.11451616674265
MT_NW,41,38.81821591838298
MT_NW,42,25.5598812552247
MT_NW,43,91.7506913672404
MT_NW,44,67.04116417546818
MT_NW,45,55.176149044922816
MT_NW,46,75.52071844395839
MT_NW,47,64.15527461132675
MT_NW,48,34.2579971622766
MT_NW,49,39.784464352429346
MT_NW,50,37.872083126041055
MT_NW,51,56.15568297142704
MT_NW,52,56.16256915406418
MT_NW,53,55.53408501646063
MT_NW,54,54.99511743322089
MT_NW,55,26.653677269889105
MT_NW,56,31.944225835865378
MT_NW,57,67.99835755126668
MT_NW,58,104.51155122575456
MT_NW,59,54.20824421522555
MT_NW,60,92.4169290183077
MT_NW,61,50.87202691251705
MT_NW,62,39.08325596153933
MT_NW,63,54.373570822596385
MT_NW,64,84.95556747138457
MT_NW,65,78.25183588173772
MT_NW,66,74.41260986160604
MT_NW,67,64.66586726862364
MT_NW,68,39.223143218775114
MT_NW,69,37.00240861539477
MT_NW,70,56.57919467963545
MT_NW,71,109.14209814194831
MT_NW,72,75.49592901263567
MT_NW,73,68.50897644431811
MT_NW,74,62.70710715984793
MT_NW,75,34.52148969765404
MT_NW,76,37.475557770596396
MT_NW,77,54.975947427441604
MT_NW,78,78.31600236857024
MT_NW,79,63.610168964252736
MT_NW,80,89.72155366888104
MT_NW,81,63.654114041382236
MT_NW,82,41.538918421919774
MT_NW,83,42.79360354414354
MT_NW,84,68.51453320489004
MT_NW,85,70.98720888773384
MT_NW,86,60.40051554399422
MT_NW,87,72.63538440364323
MT_NW,88,55.40028246613923
MT_NW,89,43.67739167951652
MT_NW,90,32.33107731391743
MT_NW,91,115.01457735906472
MT_NW,92,119.27594258749322
MT_NW,93,125.92390265254406
MT_NW,94,120.75904646834948
MT_NW,95,125.79628026270007
MT_NW,96,75.65267595661129
MT_NW,97,86.8973327299407
MT_NW,98,123.60394148603429
MT_NW,99,153.93603744908506
MT_NW,100,139.2863139024291
MT_NW,101,130.33956581992385
MT_NW,102,121.23075192539658
MT_NW,103,90.47740051729733
MT_NW,104,78.22436788656418
MT_NW,105,122.14862270668658
MT_NW,106,164.38621074364633
MT_NW,107,147.69184971023657
MT_NW,108,204.6071109845042
MT_NW,109,123.03789177470209
MT_NW,110,66.36677745957523
MT_NW,111,104.02940393020582
MT_NW,112,127.66771519375584
MT_NW,113,135.15182971993016
MT_NW,114,165.57772781521064
MT_NW,115,169.531613672827
MT_NW,116,163.27488100977698
MT_NW,117,126.73036065065348
MT_NW,118,101.97300286891753
MT_NW,119,198.53675072982676
MT_NW,120,143.25222474810747
MT_NW,121,382.38681074631035
MT_NW,122,404.325547297427
MT_NW,123,473.47178483623685
MT_NW,124,214.9663432255658
MT_NW,125,308.93164095257083
MT_NW,126,349.573179623156
MT_NW,127,418.1610505332557
MT_NW,128,417.99053516550106
MT_NW,129,459.9527283773385
MT_NW,130,501.686247708591
MT_NW,131,292.56410447629685
MT_NW,132,306.51880408675
MT_NW,133,370.7134828118858
MT_NW,134,511.3587993555852
MT_NW,135,412.9081732920721
MT_NW,136,558.3820492581195
MT_NW,137,572.803431805112
MT_NW,138,369.35424453979357
MT_NW,139,446.16682420463155
MT_NW,140,571.6117879082826
MT_NW,141,648.6474942956903
MT_NW,142,486.24723804679616
MT_NW,143,620.1405063985011
MT_NW,144,684.7978273388824
MT_NW,145,381.17807552147406
MT_NW,146,319.8305812632301
MT_NW,147,338.9122964758048
MT_NW,148,408.6132200830096
MT_NW,149,511.65430769491707
MT_NW,150,505.4207145310982
MT_NW,151,563.5267096926441
MT_NW,152,394.04683420617994
MT_NW,153,445.450976153383
MT_NW,154,722.7292578571991
MT_NW,155,600.5373892295075
MT_NW,156,732.7159731528662
MT_NW,157,589.9544458650562
MT_NW,158,686.7049405079581
MT_NW,159,429.886641884372
MT_NW,160,416.8660455267872
MT_NW,161,646.3900916786201
MT_NW,162,633.926835984205
MT_NW,163,719.746404879455
MT_NW,164,506.2236718235287
MT_NW,165,650.0366430076049
MT_NW,166,510.80933513647494
MT_NW,167,400.92505701765407
MT_NW,168,512.4051550907498
MT_NW,169,581.556352614905
MT_NW,170,412.41231590038177
MT_NW,171,605.3446162297317
MT_NW,172,602.0610688495283
MT_NW,173,507.7158253113235
MT_NW,174,398.16794387582826
MT_NW,175,627.4760588097512
MT_NW,176,589.2091331193164
MT_NW,177,493.36401922028523
MT_NW,178,678.3503211066621
MT_NW,179,654.8577242370303
MT_NW,180,474.86399579135
MT_NW,181,486.10640644699964
MT_NW,182,458.0648771173212
MT_NW,183,427.2452852630655
MT_NW,184,346.69765479801976
MT_NW,185,225.36806438897682
MT_NW,186,338.19356859939285
MT_NW,187,423.02138647596337
MT_NW,188,287.5446102518957
MT_NW,189,370.42159606620334
MT_NW,190,345.7862757811055
MT_NW,191,562.6440072992572
MT_NW,192,504.20416886927256
MT_NW,193,530.8488809212827
MT_NW,194,408.7065614540853
MT_NW,195,360.305877639393
MT_NW,196,446.54658725814625
MT_NW,197,490.8624038654476
MT_NW,198,452.5639953482294
MT_NW,199,488.7338873506015
MT_NW,200,459.9959370897035
MT_NW,201,396.95275535214626
MT_NW,202,247.36144125026127
MT_NW,203,393.42909361816885
MT_NW,204,444.87376723338053
MT_NW,205,508.5713642632975
MT_NW,206,392.48933381471045
MT_NW,207,514.4462142492143
MT_NW,208,479.51197750485034
MT_NW,209,318.2472893778967
MT_NW,210,359.5689160094867
MT_NW,211,395.3153667292945
MT_NW,212,513.120770792461
MT_NW,213,420.36844888494187
MT_NW,214,524.2818461622876
MT_NW,215,449.8271565787109
MT_NW,216,374.40813233029405
MT_NW,217,613.8900562737581
MT_NW,218,479.9140701559705
MT_NW,219,435.9727720249599
MT_NW,220,487.8603043440773
MT_NW,221,398.13167537688554
MT_NW,222,363.54139567984595
MT_NW,223,448.64856936772156
MT_NW,224,490.32866950203794
MT_NW,225,386.20966287590716
MT_NW,226,467.420053418946
MT_NW,227,560.9172176648065
MT_NW,228,410.12943028561966
MT_NW,229,320.3025250278551
MT_NW,230,283.8116540661323
MT_NW,231,249.39528222786484
MT_NW,232,444.2479980038901
MT_NW,233,420.96112386693505
MT_NW,234,474.87469505055196
MT_NW,235,547.1603290827084
MT_NW,236,331.9270071943036
MT_NW,237,436.4334811902036
MT_NW,238,346.62420377665967
MT_NW,239,340.174777733535
MT_NW,240,498.38751172488895
MT_NW,241,486.3510020968344
MT_NW,242,367.9914164147625
MT_NW,243,292.843560437453
MT_NW,244,389.8352645800489
MT_NW,245,482.0545190674483
MT_NW,246,410.35834598079634
MT_NW,247,440.3709678552286
MT_NW,248,532.401222613136
MT_NW,249,635.7409916168344
MT_NW,250,238.4308990546984
MT_NW,251,379.10878291257643
MT_NW,252,484.63310334168807
MT_NW,253,350.6356642778829
MT_NW,254,524.9607088235182
MT_NW,255,499.3108961784042
MT_NW,256,518.0222960936344
MT_NW,257,360.11365611953204
MT_NW,258,352.718361601886
MT_NW,259,485.5684037195193
MT_NW,260,479.6413254684234
MT_NW,261,604.4823381881798
MT_NW,262,455.5301131071387
MT_NW,263,528.5100669624289
MT_NW,264,321.8811958548512
MT_NW,265,295.2139921207345
MT_NW,266,401.8948060211248
MT_NW,267,397.87150196917645
MT_NW,268,422.074914182335
MT_NW,269,332.1391549446103
MT_NW,270,543.8448155568474
MT_NW,271,245.13327867909834
MT_NW,272,346.5713974043787
MT_NW,273,477.3674667886784
MT_NW,274,318.6547685106677
MT_NW,275,350.1186433538412
MT_NW,276,465.9994770914864
MT_NW,277,433.4744443482061
MT_NW,278,287.69646157616654
MT_NW,279,427.76616236664603
MT_NW,280,483.79858526948186
MT_NW,281,529.0988468231749
MT_NW,282,407.28166003195656
MT_NW,283,473.97223880135283
MT_NW,284,429.88239318697117
MT_NW,285,284.16077026085844
MT_NW,286,277.978912972376
MT_NW,287,441.6402027095312
MT_NW,288,406.14022084032223
MT_NW,289,358.34074846458736
MT_NW,290,424.2067921450187
MT_NW,291,426.94868261128494
MT_NW,292,199.61370225173562
MT_NW,293,403.20144654368085
MT_NW,294,318.419690740854
MT_NW,295,350.5370083482628
MT_NW,296,310.1929040842125
MT_NW,297,356.24130975500935
MT_NW,298,345.3306492945009
MT_NW,299,153.81635179778945
MT_NW,300,240.84230126036127
MT_NW,301,310.15659967444526
MT_NW,302,371.9816913219617
MT_NW,303,296.7382140853418
MT_NW,304,300.4810179160449
MT_NW,305,495.42614125111265
MT_NW,306,274.1602129803518
MT_NW,307,422.34250300803717
MT_NW,308,424.99084760933476
MT_NW,309,441.5450195425707
MT_NW,310,477.4869831156106
MT_NW,311,602.2567766880331
MT_NW,312,389.75817525423105
MT_NW,313,348.93576049825356
MT_NW,314,420.5413264694314
MT_NW,315,372.87299717830626
MT_NW,316,485.7226361647006
MT_NW,317,463.6067908603883
MT_NW,318,420.4947980734639
MT_NW,319,496.91618572028193
MT_NW,320,361.83962450829404
MT_NW,321,351.8299495925276
MT_NW,322,503.94352715523814
MT_NW,323,409.448050937026
MT_NW,324,434.2865960837389
MT_NW,325,422.4972472539793
MT_NW,326,512.7630654062566
MT_NW,327,396.5633283763434
MT_NW,328,386.36385238064054
MT_NW,329,352.81829219142617
MT_NW,330,602.9233323734372
MT_NW,331,494.41756925066403
MT_NW,332,258.57563405307053
MT_NW,333,390.16596292736097
MT_NW,334,372.69195689512355
MT_NW,335,208.97573228405386
MT_NW,336,224.64712882671432
MT_NW,337,231.9638756455551
MT_NW,338,241.81641576862404
MT_NW,339,233.778845910286
MT_NW,340,221.42791913807676
MT_NW,341,155.44563916979573
MT_NW,342,197.99197889072482
MT_NW,343,260.3988692363766
MT_NW,344,195.07764830045082
MT_NW,345,270.9981614341473
MT_NW,346,253.2082495340284
MT_NW,347,189.99947871807953
MT_NW,348,129.20225431096338
MT_NW,349,134.073212101134
MT_NW,350,159.2252697175832
MT_NW,351,233.98631691387925
MT_NW,352,169.71309187162947
MT_NW,353,200.78507786435054
MT_NW,354,211.29920891363216
MT_NW,355,131.3727932125793
MT_NW,356,73.73957176077015
MT_NW,357,113.74788867809988
MT_NW,358,119.11364279595077
MT_NW,359,74.41804056803848
MT_NW,360,136.87603231929077
MT_NW,361,140.8029630009248
MT_NW,362,99.5057671329477
MT_NW,363,126.85947355361002
MT_NW,364,133.55612665210322
MT_NW,365,163.3254375824201
MT_SE,1,159.510069374336
MT_SE,2,265.75790793915195
MT_SE,3,450.74096190136737
MT_SE,4,633.2117236131239
MT_SE,5,552.8902788969566
MT_SE,6,261.8928084197338
MT_SE,7,241.19809766430257
MT_SE,8,415.4499134963944
MT_SE,9,515.5521396421204
MT_SE,10,549.5536257097808
MT_SE,11,463.2257937422095
MT_SE,12,298.09658024083296
MT_SE,13,169.1219915675814
MT_SE,14,95.18041240581843
MT_SE,15,124.44213127480995
MT_SE,16,444.7968126663609
MT_SE,17,490.16677819695417
MT_SE,18,427.5941804891199
MT_SE,19,454.9706849689308
MT_SE,20,253.6600679038842
MT_SE,21,217.87327875569713
MT_SE,22,339.6821673100945
MT_SE,23,566.2922084304963
MT_SE,24,523.1035050759414
MT_SE,25,550.6380274249544
MT_SE,26,425.6267478489857
MT_SE,27,309.19596556140164
MT_SE,28,227.0501319841532
MT_SE,29,297.62153603238744
MT_SE,30,404.4471935244324
MT_SE,31,475.00169552593377
MT_SE,32,553.4120311541913
MT_SE,33,479.812513321085
MT_SE,34,302.67591915493585
MT_SE,35,224.28136377072065
MT_SE,36,390.9776495922377
MT_SE,37,467.2186294212315
MT_SE,38,390.0673520278294
MT_SE,39,483.6059916168225
MT_SE,40,531.7785499746263
MT_SE,41,316.5204755812081
MT_SE,42,153.73154562451987
MT_SE,43,410.13006411238564
MT_SE,44,588.8928628172373
MT_SE,45,548.1195363230316
MT_SE,46,450.974645086936
MT_SE,47,417.1247395866185
MT_SE,48,257.0110269755994
MT_SE,49,193.0177957428209
MT_SE,50,281.58151054028326
MT_SE,51,407.4993854974745
MT_SE,52,462.90362159264737
MT_SE,53,496.48976021537646
MT_SE,54,460.58356889727133
MT_SE,55,214.34027902825486
MT_SE,56,232.05564449699506
MT_SE,57,378.3338064239133
MT_SE,58,602.6118271618634
MT_SE,59,501.55443833405667
MT_SE,60,514.6740131557261
MT_SE,61,302.429909305529
MT_SE,62,220.08879418837284
MT_SE,63,403.6524699345207
MT_SE,64,513.4790776361275
MT_SE,65,522.371002931313
MT_SE,66,463.30584980598377
MT_SE,67,441.30709207458176
MT_SE,68,276.0317331171966
MT_SE,69,207.03788044411272
MT_SE,70,383.6810503898532
MT_SE,71,595.2016018697063
MT_SE,72,527.1658161180684
MT_SE,73,574.1019520878278
MT_SE,74,469.0764041940529
MT_SE,75,206.7763767659047
MT_SE,76,219.58816252677272
MT_SE,77,315.51282672125836
MT_SE,78,487.2822750320497
MT_SE,79,497.8128816242329
MT_SE,80,665.5754579089474
MT_SE,81,501.81589407838754
MT_SE,82,265.5458361037961
MT_SE,83,169.8945038219332
MT_SE,84,392.9664993528477
MT_SE,85,540.1021798429634
MT_SE,86,481.7693019715046
MT_SE,87,503.84778971363426
MT_SE,88,456.9933288219174
MT_SE,89,316.77433304661645
MT_SE,90,171.77197205005996
MT_SE,91,567.4349205934594
MT_SE,92,794.0268759441448
MT_SE,93,886.8117338635125
MT_SE,94,678.0231202974586
MT_SE,95,807.8238645740591
MT_SE,96,323.9381840393148
MT_SE,97,416.98186153815897
MT_SE,98,703.3350429842898
MT_SE,99,932.9866782234768
MT_SE,100,976.4892086304087
MT_SE,101,873.9840968883334
MT_SE,102,975.8842104650697
MT_SE,103,478.47878268154216
MT_SE,104,355.15582961241876
MT_SE,105,670.3039657448167
MT_SE,106,882.5878545518406
MT_SE,107,1106.3289142400836
MT_SE,108,1172.6026202396827
MT_SE,109,830.2113138666358
MT_SE,110,458.75802766057495
MT_SE,111,556.9020471490031
MT_SE,112,646.5956688335048
MT_SE,113,971.5441992554743
MT_SE,114,873.8782249437597
MT_SE,115,966.9609840534431
MT_SE,116,1031.2104959283174
MT_SE,117,523.604673043496
MT_SE,118,491.57877365034966
MT_SE,119,935.2807538187294
MT_SE,120,1056.573694465313
MT_SE,121,901.201012715373
MT_SE,122,867.0960221523577
MT_SE,123,804.5615090945494
MT_SE,124,394.55870255585046
MT_SE,125,442.2662926131023
MT_SE,126,573.9116489550149
MT_SE,127,667.3620619578065
MT_SE,128,864.7590037570003
MT_SE,129,878.2985758535947
MT_SE,130,845.8623430805023
MT_SE,131,428.9330732767517
MT_SE,132,457.22431101649056
MT_SE,133,629.7052958439448
MT_SE,134,904.5820517883893
MT_SE,135,927.2222933298457
MT_SE,136,1074.750639937151
MT_SE,137,987.2007806340262
MT_SE,138,599.062511453797
MT_SE,139,606.7726355935605
MT_SE,140,761.448262915501
MT_SE,141,1129.50790658569
MT_SE,142,947.4648539883391
MT_SE,143,953.8993479702619
MT_SE,144,854.8063827869921
MT_SE,145,560.5738779742045
MT_SE,146,537.2755271546193
MT_SE,147,437.50570799320974
MT_SE,148,754.4687245823188
MT_SE,149,859.0770187446976
MT_SE,150,1111.3989012381019
MT_SE,151,967.1056669084788
MT_SE,152,486.09894390869005
MT_SE,153,393.5589190832501
MT_SE,154,523.5449368186917
MT_SE,155,647.043968935468
MT_SE,156,601.0407470754774
MT_SE,157,623.0968139747777
MT_SE,158,642.9448314387225
MT_SE,159,409.985146566045
MT_SE,160,378.21113945976043
MT_SE,161,626.042862798758
MT_SE,162,653.4870860687925
MT_SE,163,789.4491515535933
MT_SE,164,595.894981765542
MT_SE,165,586.1499240367605
MT_SE,166,414.3837232323321
MT_SE,167,345.7126264826927
MT_SE,168,477.8651776783702
MT_SE,169,644.6894336774782
MT_SE,170,585.7030706347483
MT_SE,171,674.6223334824907
MT_SE,172,661.3836812365014
MT_SE,173,415.42727716449804
MT_SE,174,432.8828139225784
MT_SE,175,476.0695834757241
MT_SE,176,596.0837260503333
MT_SE,177,670.4069856088731
MT_SE,178,718.6799585812664
MT_SE,179,573.7774154811461
MT_SE,180,385.0655990621082
MT_SE,181,301.7498098281867
MT_SE,182,469.7256277573256
MT_SE,183,507.95406017284665
MT_SE,184,518.0395746505304
MT_SE,185,240.9410074447889
MT_SE,186,381.19666411749597
MT_SE,187,315.64396804830506
MT_SE,188,267.50873609326123
MT_SE,189,433.4558505098872
MT_SE,190,504.55523297307246
MT_SE,191,533.7047440907658
MT_SE,192,551.1784214277916
MT_SE,193,550.9753120521275
MT_SE,194,383.52763814693344
MT_SE,195,312.2831648484923
MT_SE,196,569.0741584205869
MT_SE,197,588.8680407504409
MT_SE,198,600.4654781429481
MT_SE,199,606.6844017405409
MT_SE,200,516.1830753963419
MT_SE,201,361.00388498939503
MT_SE,202,304.19189074484353
MT_SE,203,391.68241185502774
MT_SE,204,552.6237054282727
MT_SE,205,600.6711438335707
MT_SE,206,538.77708935755
MT_SE,207,581.4516402115916
MT_SE,208,436.2740858068616
MT_SE,209,416.38554815992245
MT_SE,210,495.25856555586967
MT_SE,211,532.7880402463663
MT_SE,212,525.2061901324496
MT_SE,213,577.5653791672628
MT_SE,214,491.0963981554452
MT_SE,215,377.7494957124724
MT_SE,216,310.6242086041311
MT_SE,217,515.2711942198562
MT_SE,218,556.6531839774862
MT_SE,219,703.9577428870249
MT_SE,220,614.5328069246559
MT_SE,221,486.5504106712095
MT_SE,222,322.8311218263382
MT_SE,223,396.5240866434199
MT_SE,224,437.17014058587137
MT_SE,225,536.2259813241258
MT_SE,226,586.0992606452726
MT_SE,227,601.9069655317737
MT_SE,228,478.7002655346451
MT_SE,229,375.6927102546747
MT_SE,230,306.2166617912976
MT_SE,231,361.6861245627597
MT_SE,232,564.2355308827675
MT_SE,233,607.3966575597173
MT_SE,234,574.9645858020644
MT_SE,235,612.6615020097762
MT_SE,236,389.1385862391474
MT_SE,237,350.0060063819643
MT_SE,238,436.27727208520344
MT_SE,239,521.9692634087651
MT_SE,240,607.8487494512561
MT_SE,241,549.6595325901394
MT_SE,242,487.6818007371683
MT_SE,243,292.7081230777791
MT_SE,244,431.4159519779858
MT_SE,245,421.41221177863724
MT_SE,246,474.39782353765463
MT_SE,247,714.0295323918365
MT_SE,248,680.7924204013799
MT_SE,249,756.6979890208255
MT_SE,250,533.9478781899132
MT_SE,251,443.2686015698987
MT_SE,252,615.3390878610244
MT_SE,253,594.4792175549192
MT_SE,254,649.0930260874316
MT_SE,255,761.6684202284249
MT_SE,256,753.547881428904
MT_SE,257,433.465047921059
MT_SE,258,398.0792814345094
MT_SE,259,618.0712697423767
MT_SE,260,762.5085105699358
MT_SE,261,666.4710385868426
MT_SE,262,724.3856668448866
MT_SE,263,689.5182135920402
MT_SE,264,418.12604931531877
MT_SE,265,370.6436446357599
MT_SE,266,644.7831993372574
MT_SE,267,681.1531662626116
MT_SE,268,724.1254886156573
MT_SE,269,670.985056427286
MT_SE,270,809.6633344566944
MT_SE,271,464.754064607002
MT_SE,272,363.6699856660874
MT_SE,273,611.3930714420292
MT_SE,274,1054.3763025613496
MT_SE,275,986.2364733116501
MT_SE,276,1042.8814167244025
MT_SE,277,1064.8350437838271
MT_SE,278,544.1371952628103
MT_SE,279,686.091399785679
MT_SE,280,908.9469516933547
MT_SE,281,1248.444368037347
MT_SE,282,1013.4650680228184
MT_SE,283,983.0821412338813
MT_SE,284,876.2242098119224
MT_SE,285,636.1402571327077
MT_SE,286,572.3788833159351
MT_SE,287,886.7784689922762
MT_SE,288,1038.9368187531304
MT_SE,289,1152.131657613289
MT_SE,290,1039.0927225326427
MT_SE,291,922.8313270736941
MT_SE,292,568.5835198436624
MT_SE,293,579.451389544335
MT_SE,294,902.0093869732145
MT_SE,295,1300.7591861472447
MT_SE,296,1174.2464571357757
MT_SE,297,1002.739722725057
MT_SE,298,910.6996235765639
MT_SE,299,436.39567505267183
MT_SE,300,570.0510568414727
MT_SE,301,665.896287390375
MT_SE,302,969.4678236755831
MT_SE,303,897.9937426666305
MT_SE,304,1034.2757638073865
MT_SE,305,1197.2111886635416
MT_SE,306,834.2401046372833
MT_SE,307,843.5347109446218
MT_SE,308,1199.0059336694262
MT_SE,309,1455.6986655150565
MT_SE,310,1409.5820369776732
MT_SE,311,1316.8734990122439
MT_SE,312,1157.160827903719
MT_SE,313,867.5788468124053
MT_SE,314,861.8926659240833
MT_SE,315,1120.5616336017147
MT_SE,316,1559.3058746592196
MT_SE,317,1451.7330326179326
MT_SE,318,1519.2057790667222
MT_SE,319,1441.3951853103554
MT_SE,320,747.244274709107
MT_SE,321,738.9977183715224
MT_SE,322,1366.2302802565323
MT_SE,323,1492.0033317013658
MT_SE,324,1351.275288627562
MT_SE,325,1697.9899365904485
MT_SE,326,1794.3676205097918
MT_SE,327,801.5890715190044
MT_SE,328,788.6419204761694
MT_SE,329,1221.5451732293207
MT_SE,330,1384.4971135557776
MT_SE,331,1431.2129736198608
MT_SE,332,340.39506512187563
MT_SE,333,1242.6042678968024
MT_SE,334,837.1012777476594
MT_SE,335,565.5284101901253
MT_SE,336,725.5906179253526
MT_SE,337,773.544701810132
MT_SE,338,1003.06376110277
MT_SE,339,930.522920397382
MT_SE,340,919.5079138280843
MT_SE,341,501.06635265556446
MT_SE,342,485.4384647482038
MT_SE,343,822.660923046871
MT_SE,344,1033.3912921233148
MT_SE,345,1151.4502431826766
MT_SE,346,916.0389739830788
MT_SE,347,872.9320708215433
MT_SE,348,426.881429090818
MT_SE,349,419.7525030050008
MT_SE,350,662.4463589974908
MT_SE,351,939.1553028977569
MT_SE,352,731.588397495345
MT_SE,353,784.2510367644089
MT_SE,354,625.9661455945359
MT_SE,355,339.2445912571431
MT_SE,356,301.51924948869214
MT_SE,357,507.35269014216925
MT_SE,358,529.2449005855049
MT_SE,359,251.68162636565458
MT_SE,360,457.8200659029454
MT_SE,361,551.8145956429332
MT_SE,362,436.2317003574414
MT_SE,363,342.3749720824449
MT_SE,364,417.4121985447465
MT_SE,365,604.0532266659073
MT_SW,1,3423.6445852406778
MT_SW,2,4463.639074206574
MT_SW,3,4477.253476925791
MT_SW,4,4177.949366216721
MT_SW,5,4028.4500714379333
MT_SW,6,3395.215592805015
MT_SW,7,3671.5824621264373
MT_SW,8,3805.1523405875882
MT_SW,9,2910.893120916313
MT_SW,10,3239.8844847563596
MT_SW,11,3269.9249831017837
MT_SW,12,3462.915617278544
MT_SW,13,1980.1237461233418
MT_SW,14,2430.860294506787
MT_SW,15,3592.472640426448
MT_SW,16,3276.5374616020654
MT_SW,17,3041.2853130766425
MT_SW,18,3254.956740775694
MT_SW,19,3485.2611735094806
MT_SW,20,2564.516644028268
MT_SW,21,2912.229714252825
MT_SW,22,2942.369994536324
MT_SW,23,2945.762856307926
MT_SW,24,3326.7335415956763
MT_SW,25,3664.2154494694364
MT_SW,26,3531.462028808507
MT_SW,27,2587.5306698228956
MT_SW,28,2945.6855310648075
MT_SW,29,2840.429323262121
MT_SW,30,2761.0002818801786
MT_SW,31,3399.73279412347
MT_SW,32,3522.7850928110643
MT_SW,33,3652.672433841958
MT_SW,34,2610.121069046602
MT_SW,35,3227.6430888743694
MT_SW,36,3563.6144682813733
MT_SW,37,3196.9020488550423
MT_SW,38,2821.520476152116
MT_SW,39,4011.1938225941694
MT_SW,40,3886.54707877646
MT_SW,41,2735.8319707583214
MT_SW,42,2536.048564495877
MT_SW,43,3337.475517188175
MT_SW,44,3227.846906633222
MT_SW,45,3174.218520006334
MT_SW,46,4670.400840074067
MT_SW,47,4449.066685316226
MT_SW,48,3682.2445798134186
MT_SW,49,3212.3711682807257
MT_SW,50,5268.595158407281
MT_SW,51,4294.601701245975
MT_SW,52,3914.448415073628
MT_SW,53,4004.3894035371054
MT_SW,54,3485.0339868484707
MT_SW,55,3073.3968708221705
MT_SW,56,3585.012894022447
MT_SW,57,2798.95063364091
MT_SW,58,3612.666631110276
MT_SW,59,3489.0487195684627
MT_SW,60,3731.5692141691616
MT_SW,61,3146.4997487661326
MT_SW,62,3376.007852493277
MT_SW,63,3549.2836310561615
MT_SW,64,3563.386678343268
MT_SW,65,3759.85987015742
MT_SW,66,3822.232429575214
MT_SW,67,3848.7966539227846
MT_SW,68,3532.173204989633
MT_SW,69,3986.026004402828
MT_SW,70,3686.0829030279197
MT_SW,71,3514.141294706114
MT_SW,72,3796.4634119546945
MT_SW,73,4062.8317890161907
MT_SW,74,3914.0934697084276
MT_SW,75,3368.3492492348028
MT_SW,76,3955.8760995197863
MT_SW,77,3540.0378391001127
MT_SW,78,3112.1280253627006
MT_SW,79,3644.829444352285
MT_SW,80,3616.5533391260524
MT_SW,81,4117.640995337179
MT_SW,82,3138.7060305411064
MT_SW,83,3457.869905589861
MT_SW,84,3355.3150986056567
MT_SW,85,3392.1438113754316
MT_SW,86,3744.085286543419
MT_SW,87,4347.313424537238
MT_SW,88,4750.23440834859
MT_SW,89,3346.1024447697537
MT_SW,90,2909.923053092459
MT_SW,91,3523.693739530542
MT_SW,92,2953.6236312584156
MT_SW,93,3093.3665786680185
MT_SW,94,2868.186788437607
MT_SW,95,3115.7548976355133
MT_SW,96,2465.9806146093792
MT_SW,97,3022.0263285753936
MT_SW,98,2691.92438476323
MT_SW,99,2853.938500041608
MT_SW,100,2796.543174952001
MT_SW,101,2784.2088105340895
MT_SW,102,2661.2273751540083
MT_SW,103,1872.0511375268015
MT_SW,104,2379.3292119739363
MT_SW,105,2750.6614494144715
MT_SW,106,2302.6281437495772
MT_SW,107,2374.1486167755743
MT_SW,108,2363.918673668972
MT_SW,109,2523.9742868700073
MT_SW,110,1983.8150504313046
MT_SW,111,2204.5587603900367
MT_SW,112,2336.2327508747862
MT_SW,113,2654.4689857095527
MT_SW,114,2446.3917383295275
MT_SW,115,2504.822137836014
MT_SW,116,2763.158334847795
MT_SW,117,1895.5859401653247
MT_SW,118,2207.2882000776026
MT_SW,119,2274.899828563574
MT_SW,120,2237.29319045098
MT_SW,121,2451.4736290430105
MT_SW,122,2325.3388057267452
MT_SW,123,2416.2564409452784
MT_SW,124,1787.1454156988884
MT_SW,125,2115.1297438418046
MT_SW,126,2252.249794997433
MT_SW,127,2345.79698041311
MT_SW,128,2783.6757861700444
MT_SW,129,2840.2601278124544
MT_SW,130,2762.1059557683748
MT_SW,131,2103.1215573336394
MT_SW,132,2204.622271669986
MT_SW,133,2665.8713262219367
MT_SW,134,2600.7882984565877
MT_SW,135,2846.036082640506
MT_SW,136,2799.4574014739487
MT_SW,137,2883.690824020955
MT_SW,138,1794.7856633143922
MT_SW,139,2323.8813226268126
MT_SW,140,2538.5992339457016
MT_SW,141,2800.304469621745
MT_SW,142,2872.240168134134
MT_SW,143,3060.0134874545306
MT_SW,144,3425.6950927814446
MT_SW,145,2443.947510517163
MT_SW,146,2190.268509315798
MT_SW,147,2689.651570429543
MT_SW,148,2645.424095286829
MT_SW,149,2611.5117030927004
MT_SW,150,2633.2085770764015
MT_SW,151,2824.558706653197
MT_SW,152,2990.283142859185
MT_SW,153,3086.1788585546847
MT_SW,154,2886.029418033418
MT_SW,155,3140.362554764036
MT_SW,156,3919.337565107075
MT_SW,157,3760.7819278545203
MT_SW,158,3697.4692112005096
MT_SW,159,3247.04221590409
MT_SW,160,3200.077710775416
MT_SW,161,3854.0881851523177
MT_SW,162,3729.728063039186
MT_SW,163,4518.64272584005
MT_SW,164,4167.69107236342
MT_SW,165,3684.6542242531377
MT_SW,166,3733.5869060617147
MT_SW,167,3250.671979746254
MT_SW,168,3916.4680525940153
MT_SW,169,4443.725158785877
MT_SW,170,4155.083855347648
MT_SW,171,4184.447400809089
MT_SW,172,4225.024951354724
MT_SW,173,3768.5643539403477
MT_SW,174,4377.963880055476
MT_SW,175,3827.0289371570448
MT_SW,176,3813.8038609714563
MT_SW,177,4579.883561256616
MT_SW,178,4723.69353981691
MT_SW,179,4558.233373245828
MT_SW,180,4454.09628216457
MT_SW,181,4680.451006818777
MT_SW,182,4717.485223205833
MT_SW,183,4549.433593662304
MT_SW,184,4814.802553066334
MT_SW,185,2938.9522699642826
MT_SW,186,4403.292109552305
MT_SW,187,4756.483638095615
MT_SW,188,5543.197230849567
MT_SW,189,4600.059254511865
MT_SW,190,4682.482803780068
MT_SW,191,4790.111901361959
MT_SW,192,5539.399249879477
MT_SW,193,5460.4755196183205
MT_SW,194,4657.786642304533
MT_SW,195,5204.4145278897595
MT_SW,196,4832.079880517508
MT_SW,197,5036.687522269102
MT_SW,198,4897.0034664466075
MT_SW,199,5159.767832494388
MT_SW,200,4990.694138889598
MT_SW,201,4467.307151108331
MT_SW,202,5938.541971555037
MT_SW,203,4691.34028130097
MT_SW,204,4683.686997401135
MT_SW,205,4893.585253360922
MT_SW,206,5337.67063519126
MT_SW,207,4969.139440103043
MT_SW,208,4678.525456994131
MT_SW,209,4606.712189049502
MT_SW,210,4053.9395794745624
MT_SW,211,4592.078083749297
MT_SW,212,5322.450535020355
MT_SW,213,4857.11353948872
MT_SW,214,4323.126475915928
MT_SW,215,4492.1335457842915
MT_SW,216,4770.3005569528395
MT_SW,217,4132.019082639929
MT_SW,218,4326.362179256321
MT_SW,219,4864.989987971629
MT_SW,220,4807.706911050317
MT_SW,221,5157.807335158932
MT_SW,222,4400.417247754782
MT_SW,223,5039.73091030441
MT_SW,224,4359.419601821841
MT_SW,225,4499.06672209294
MT_SW,226,4668.573246393304
MT_SW,227,4601.333800374973
MT_SW,228,4457.0282635427
MT_SW,229,3939.9977438190585
MT_SW,230,4707.66499997673
MT_SW,231,3951.187261680868
MT_SW,232,4020.598365920478
MT_SW,233,4336.246891867084
MT_SW,234,4742.411968418193
MT_SW,235,4675.131423220561
MT_SW,236,3905.9156203884113
MT_SW,237,4464.376230841704
MT_SW,238,4037.685785347307
MT_SW,239,4152.140729497827
MT_SW,240,4439.503562858063
MT_SW,241,4483.656244314287
MT_SW,242,4485.138009915196
MT_SW,243,3274.6739117185825
MT_SW,244,3499.755044496182
MT_SW,245,4295.240355429791
MT_SW,246,3631.53960963622
MT_SW,247,3509.5266920169743
MT_SW,248,3904.363408773116
MT_SW,249,3999.6868405715495
MT_SW,250,2980.007545106934
MT_SW,251,4440.18221298646
MT_SW,252,3600.4403151713423
MT_SW,253,3625.362520087348
MT_SW,254,3905.3546308947957
MT_SW,255,3888.84466563361
MT_SW,256,4077.7659061081345
MT_SW,257,2880.6286675309084
MT_SW,258,3896.7527649214917
MT_SW,259,3487.376362920265
MT_SW,260,3679.5775589120426
MT_SW,261,3587.887307328617
MT_SW,262,4270.360432619925
MT_SW,263,3748.2924413902338
MT_SW,264,2852.5241749679594
MT_SW,265,3433.332552646468
MT_SW,266,3442.030500768097
MT_SW,267,3254.5978960543334
MT_SW,268,3433.817929517008
MT_SW,269,3882.185655086867
MT_SW,270,3286.962283617524
MT_SW,271,2717.577398762551
MT_SW,272,3419.2143404348317
MT_SW,273,3357.258361309535
MT_SW,274,2729.910876493294
MT_SW,275,2906.3313917708742
MT_SW,276,3078.46133534641
MT_SW,277,2777.4598102825857
MT_SW,278,2361.6325745629715
MT_SW,279,2915.5067990284642
MT_SW,280,2384.358527401976
MT_SW,281,2291.485128619208
MT_SW,282,2740.444098145826
MT_SW,283,2925.7221700979467
MT_SW,284,2933.686098337829
MT_SW,285,2288.240389145185
MT_SW,286,2668.3149584276675
MT_SW,287,2916.8132474070067
MT_SW,288,2676.929245149204
MT_SW,289,2913.06197260576
MT_SW,290,2825.222570572443
MT_SW,291,2543.1621008193197
MT_SW,292,2014.2186074920573
MT_SW,293,2351.420255566763
MT_SW,294,2449.9885763359143
MT_SW,295,2696.5532074280522
MT_SW,296,2272.118014083648
MT_SW,297,2682.9284963976647
MT_SW,298,2760.9109576296505
MT_SW,299,1625.7953208754864
MT_SW,300,2160.665427098664
MT_SW,301,2272.1815066171475
MT_SW,302,2290.5123188267007
MT_SW,303,2228.0924736842967
MT_SW,304,2198.901219022048
MT_SW,305,1672.0664017677193
MT_SW,306,1499.9576038876876
MT_SW,307,1517.8277535984273
MT_SW,308,1600.5825669105845
MT_SW,309,1532.7855746726023
MT_SW,310,1789.4705630486892
MT_SW,311,1808.3866159937743
MT_SW,312,1665.3695956945871
MT_SW,313,1357.779510455
MT_SW,314,1455.7235949958852
MT_SW,315,1631.6521239538451
MT_SW,316,1448.4490828988512
MT_SW,317,1770.9121859875695
MT_SW,318,1798.2858295967478
MT_SW,319,1761.3321842157245
MT_SW,320,1381.8679442471155
MT_SW,321,1333.4094386537354
MT_SW,322,1437.5839870784152
MT_SW,323,1701.518205811
MT_SW,324,1779.2800601146164
MT_SW,325,1888.4557174545541
MT_SW,326,1732.3896596410946
MT_SW,327,2002.2853283378045
MT_SW,328,1847.1461095184113
MT_SW,329,1881.888827265801
MT_SW,330,2380.703623971782
MT_SW,331,1881.4793261489797
MT_SW,332,802.4696385706438
MT_SW,333,1627.6822845384675
MT_SW,334,1989.1997085678886
MT_SW,335,3100.537162775149
MT_SW,336,2844.1655815409954
MT_SW,337,2745.890688224966
MT_SW,338,2632.4316994441915
MT_SW,339,2811.515129653907
MT_SW,340,2548.349185268705
MT_SW,341,1985.5121632700982
MT_SW,342,2380.7013255818088
MT_SW,343,2694.873060296875
MT_SW,344,2521.5763148502706
MT_SW,345,2589.6977412651026
MT_SW,346,2821.7735051920895
MT_SW,347,2714.8693054655
MT_SW,348,2201.252056739463
MT_SW,349,2618.5138663829766
MT_SW,350,2811.428575550466
MT_SW,351,2680.4318794169803
MT_SW,352,2850.793912572492
MT_SW,353,3725.1109078444542
MT_SW,354,4399.431531802707
MT_SW,355,3992.347799220017
MT_SW,356,3670.606166478846
MT_SW,357,3379.4452298319975
MT_SW,358,2396.241514666856
MT_SW,359,2227.807309350428
MT_SW,360,4581.972689040908
MT_SW,361,5277.958284613224
MT_SW,362,3941.2267810557914
MT_SW,363,3543.2614166084927
MT_SW,364,3582.240411949381
MT_SW,365,3358.135263365201
NM_N,1,2682.3609967083326
NM_N,2,3604.3670189974114
NM_N,3,3989.9851412374387
NM_N,4,3436.7726655749243
NM_N,5,4241.481182073962
NM_N,6,3084.6830984545986
NM_N,7,2682.386327976736
NM_N,8,3587.663451220431
NM_N,9,3537.338192497581
NM_N,10,4275.01456176213
NM_N,11,3537.3776170876818
NM_N,12,3788.8367248117015
NM_N,13,2900.3100740116074
NM_N,14,3017.6630001290905
NM_N,15,3134.9989402708943
NM_N,16,3788.8241980073226
NM_N,17,3989.968374159891
NM_N,18,4694.1085387042685
NM_N,19,4224.717583407719
NM_N,20,2900.291361295856
NM_N,21,3101.485097144354
NM_N,22,4124.113545633256
NM_N,23,4124.098628473997
NM_N,24,4492.9365309084515
NM_N,25,4643.81662640416
NM_N,26,4090.582809548366
NM_N,27,2632.040027084046
NM_N,28,3118.2575168365584
NM_N,29,3922.9560687877292
NM_N,30,3956.46988395605
NM_N,31,3989.972238024388
NM_N,32,4090.640183679013
NM_N,33,3738.5802734902504
NM_N,34,2782.9702657759103
NM_N,35,3537.408812716697
NM_N,36,4409.180817280706
NM_N,37,4157.695685539506
NM_N,38,4140.925121322075
NM_N,39,4275.056573259704
NM_N,40,4258.286092428991
NM_N,41,2782.9788993633388
NM_N,42,2682.393522472232
NM_N,43,4023.5815267796384
NM_N,44,4241.507945843219
NM_N,45,4023.5642976649556
NM_N,46,4157.700769796248
NM_N,47,4140.931641545118
NM_N,48,2581.797352861571
NM_N,49,3101.5212444064746
NM_N,50,3872.702252556581
NM_N,51,3688.287170736146
NM_N,52,3956.5132677393885
NM_N,53,4660.641365238418
NM_N,54,4140.933453889141
NM_N,55,2648.8565929644274
NM_N,56,3067.987841509221
NM_N,57,3637.9808764184413
NM_N,58,3285.9229188581257
NM_N,59,4627.108732388046
NM_N,60,4425.927186060875
NM_N,61,2967.3901237270215
NM_N,62,3202.1049628996966
NM_N,63,4375.652105538328
NM_N,64,4375.642736437646
NM_N,65,4409.157030988943
NM_N,66,4342.1054670073245
NM_N,67,4526.527155543801
NM_N,68,3101.512203861649
NM_N,69,3319.453660336921
NM_N,70,3956.530109509444
NM_N,71,4090.6342272591305
NM_N,72,3839.1653438360213
NM_N,73,5247.401058881059
NM_N,74,3285.9281035354807
NM_N,75,3051.208294626742
NM_N,76,3067.9796797160534
NM_N,77,4828.296919594577
NM_N,78,4509.748651244071
NM_N,79,4660.658064042448
NM_N,80,4492.993949835338
NM_N,81,4090.6373043129697
NM_N,82,2900.332740289853
NM_N,83,2917.102120854575
NM_N,84,4325.35729568068
NM_N,85,4275.039749334722
NM_N,86,4325.359484209896
NM_N,87,4375.63524158159
NM_N,88,3839.176977181309
NM_N,89,2397.3865293060294
NM_N,90,2632.091315617085
NM_N,91,3671.525889146114
NM_N,92,3939.7596553348217
NM_N,93,4140.947954138949
NM_N,94,3973.2888114199773
NM_N,95,3638.0039823634224
NM_N,96,2615.326790633313
NM_N,97,3420.0596062095315
NM_N,98,4174.48418596085
NM_N,99,4040.3505215792784
NM_N,100,4258.302154447735
NM_N,101,4627.135258749151
NM_N,102,4241.5380657875
NM_N,103,2917.105727858731
NM_N,104,3285.938539952558
NM_N,105,3302.7017941080344
NM_N,106,4224.761674427803
NM_N,107,3939.76840432291
NM_N,108,4425.936499761219
NM_N,109,4509.763953219858
NM_N,110,2682.3922919691972
NM_N,111,3822.419823650237
NM_N,112,3889.4677268839055
NM_N,113,4275.051996084307
NM_N,114,4493.013815703824
NM_N,115,4174.460280691558
NM_N,116,4090.6450512292054
NM_N,117,2967.385031262892
NM_N,118,3252.4065010244785
NM_N,119,3990.0660959640923
NM_N,120,4325.356131569298
NM_N,121,3889.4804606869698
NM_N,122,4476.246406258526
NM_N,123,4073.8887334272977
NM_N,124,2749.4591623647184
NM_N,125,3386.531474587958
NM_N,126,3855.943451020434
NM_N,127,4459.481287466355
NM_N,128,4140.950822515522
NM_N,129,4610.36928441563
NM_N,130,3939.77407064855
NM_N,131,2833.283405914628
NM_N,132,3453.5891541760425
NM_N,133,4694.197987363419
NM_N,134,4660.654812106039
NM_N,135,4174.485909382389
NM_N,136,4073.8826128490314
NM_N,137,4409.184212563486
NM_N,138,3118.280570171654
NM_N,139,3369.765286513872
NM_N,140,4694.204965022263
NM_N,141,4107.421572919805
NM_N,142,4509.783822354616
NM_N,143,4560.078675620948
NM_N,144,4157.721284285278
NM_N,145,2833.2786268313707
NM_N,146,3436.826025382015
NM_N,147,4006.8342131197505
NM_N,148,4174.47504732717
NM_N,149,4811.554495389242
NM_N,150,4057.127677281491
NM_N,151,4677.431334637525
NM_N,152,2984.1626940501446
NM_N,153,3235.6310673211433
NM_N,154,4191.240717080605
NM_N,155,4090.6354970666566
NM_N,156,4291.822999638596
NM_N,157,4543.304593756965
NM_N,158,4140.936622382775
NM_N,159,2883.5675901520967
NM_N,160,3487.110050755765
NM_N,161,4191.243936908061
NM_N,162,4492.987709984188
NM_N,163,4543.303907139909
NM_N,164,4409.167604666373
NM_N,165,4174.474458326838
NM_N,166,3000.9221196589197
NM_N,167,3369.7508030705035
NM_N,168,4174.46137751743
NM_N,169,4744.452614040897
NM_N,170,3855.9325057729106
NM_N,171,4325.351033617222
NM_N,172,4157.702308325808
NM_N,173,3202.1084960345725
NM_N,174,3470.3477223915525
NM_N,175,4342.112949039757
NM_N,176,4275.03138273176
NM_N,177,4241.535073746863
NM_N,178,4828.3142245807585
NM_N,179,4677.415000904778
NM_N,180,3185.333593930291
NM_N,181,3235.633491153388
NM_N,182,3889.47935085136
NM_N,183,4224.776480020487
NM_N,184,4224.770555841536
NM_N,185,2598.568716441682
NM_N,186,3235.6452308308553
NM_N,187,3135.049425860839
NM_N,188,3453.5870372682084
NM_N,189,3990.070698334721
NM_N,190,3973.3004976903703
NM_N,191,4425.957681524813
NM_N,192,4744.487885479824
NM_N,193,4476.2466156203245
NM_N,194,3118.284394444553
NM_N,195,3570.940983929819
NM_N,196,4425.9615192400415
NM_N,197,4224.770646961215
NM_N,198,4643.898727364096
NM_N,199,4845.086562708449
NM_N,200,4040.358376306574
NM_N,201,2900.3428186081
NM_N,202,3403.2966410496992
NM_N,203,4107.42402449187
NM_N,204,4258.305354014178
NM_N,205,4241.547506021173
NM_N,206,4459.485113102696
NM_N,207,4727.7229828431855
NM_N,208,3235.6456744109896
NM_N,209,3403.2960841272115
NM_N,210,4140.958554604016
NM_N,211,4493.016077510818
NM_N,212,4208.013638845444
NM_N,213,4576.828541629209
NM_N,214,4442.713028599181
NM_N,215,3185.339021522716
NM_N,216,3738.5724105542354
NM_N,217,3705.0552742833006
NM_N,218,4023.576744516795
NM_N,219,4224.764395982116
NM_N,220,4526.527914838067
NM_N,221,4912.132987085143
NM_N,222,3319.4556046905013
NM_N,223,3621.233919266324
NM_N,224,4275.055976564327
NM_N,225,4325.343713377213
NM_N,226,4275.056494446496
NM_N,227,4828.301175625595
NM_N,228,4040.353470018088
NM_N,229,3185.3341211295888
NM_N,230,4124.173595026898
NM_N,231,4509.770125810773
NM_N,232,4358.863778515141
NM_N,233,4828.2894172122915
NM_N,234,4962.411031166666
NM_N,235,4308.58294154539
NM_N,236,3235.6223513437926
NM_N,237,3805.6443110824785
NM_N,238,4157.702484083918
NM_N,239,4777.985766511301
NM_N,240,4593.601117060592
NM_N,241,4744.484266720497
NM_N,242,4157.709446003097
NM_N,243,3369.7563192101306
NM_N,244,3034.4528302744134
NM_N,245,3621.225580059767
NM_N,246,4174.4640289133695
NM_N,247,4576.835920923095
NM_N,248,4425.941648502589
NM_N,249,4576.834981263595
NM_N,250,3067.984039655067
NM_N,251,3503.870770029239
NM_N,252,4543.292530792671
NM_N,253,4560.054852042781
NM_N,254,4610.349734659363
NM_N,255,4425.942411969972
NM_N,256,4912.119632654743
NM_N,257,3151.803669861114
NM_N,258,4057.115987419175
NM_N,259,3990.0582728600284
NM_N,260,4660.636003127498
NM_N,261,4744.469002989611
NM_N,262,5113.309880365976
NM_N,263,4627.107612862638
NM_N,264,3554.157428711603
NM_N,265,4677.417207876393
NM_N,266,4275.0589952955315
NM_N,267,4643.875361099584
NM_N,268,4979.178096148713
NM_N,269,4694.178842743569
NM_N,270,4912.129670355658
NM_N,271,2984.158577953053
NM_N,272,3570.942384057823
NM_N,273,4208.005220773129
NM_N,274,4727.7231549875605
NM_N,275,4593.6114656738855
NM_N,276,4828.321580342935
NM_N,277,5230.673724443409
NM_N,278,3503.8788105674553
NM_N,279,4124.195400240465
NM_N,280,4761.262410185785
NM_N,281,4560.078419324475
NM_N,282,4677.436652503304
NM_N,283,5029.500949275606
NM_N,284,4710.969581167792
NM_N,285,3537.4166279069045
NM_N,286,3855.95544399757
NM_N,287,3855.9520367217838
NM_N,288,4073.892559648135
NM_N,289,4174.4842963705605
NM_N,290,5029.501178979154
NM_N,291,4744.49506021898
NM_N,292,2833.2851509451807
NM_N,293,3420.0662661609626
NM_N,294,4224.787769200715
NM_N,295,4224.7816118410165
NM_N,296,4778.025445896339
NM_N,297,4811.555401227047
NM_N,298,4811.5548116590035
NM_N,299,3168.579061378106
NM_N,300,3470.355911646946
NM_N,301,4442.729306940252
NM_N,302,4073.8891815403986
NM_N,303,4912.144465722672
NM_N,304,4124.185906638557
NM_N,305,4442.6778982158485
NM_N,306,2799.7271264726314
NM_N,307,3906.2181176996037
NM_N,308,4073.84817088611
NM_N,309,4308.523868371735
NM_N,310,3922.94741572913
NM_N,311,3487.0814530765915
NM_N,312,3654.719692056083
NM_N,313,3168.538620347785
NM_N,314,3554.1467347748594
NM_N,315,3386.4978017821013
NM_N,316,4040.308876137483
NM_N,317,4660.613425676896
NM_N,318,4526.482600893992
NM_N,319,4140.898656899363
NM_N,320,3067.9449000735635
NM_N,321,3537.36239162634
NM_N,322,4409.147771313918
NM_N,323,4576.8107261566
NM_N,324,4057.060885315464
NM_N,325,4459.408477059674
NM_N,326,4090.610231546659
NM_N,327,3168.5499205303995
NM_N,328,3470.3070139849565
NM_N,329,4442.669054133409
NM_N,330,4627.080147336731
NM_N,331,4107.367398148018
NM_N,332,2347.0479925088407
NM_N,333,3185.306951072634
NM_N,334,3537.3775622892344
NM_N,335,3688.2823396435474
NM_N,336,4627.110256149975
NM_N,337,4660.633125031024
NM_N,338,4425.927960179492
NM_N,339,4727.686279757907
NM_N,340,4442.681852480864
NM_N,341,2598.5531820249707
NM_N,342,3453.566166138152
NM_N,343,4476.224575212388
NM_N,344,4006.8111092450445
NM_N,345,4207.985413678138
NM_N,346,4409.17442638945
NM_N,347,4526.5064859075555
NM_N,348,2950.613574023375
NM_N,349,3654.758060498805
NM_N,350,4207.988921672596
NM_N,351,4207.975765654894
NM_N,352,4057.10019945385
NM_N,353,5096.530786213957
NM_N,354,4710.913993865043
NM_N,355,3084.7437197151894
NM_N,356,3487.1112214913087
NM_N,357,3721.8145513505174
NM_N,358,2497.967759609769
NM_N,359,2514.7231408312264
NM_N,360,3922.991417264873
NM_N,361,4140.928786582689
NM_N,362,3654.741971883173
NM_N,363,3436.8171791921663
NM_N,364,4241.5126586498445
NM_N,365,3151.7992525226305
NM_S_TX_EPE,1,133443.0123536313
NM_S_TX_EPE,2,149435.60629654914
NM_S_TX_EPE,3,170758.94480435317
NM_S_TX_EPE,4,167061.7201505354
NM_S_TX_EPE,5,168480.4188831506
NM_S_TX_EPE,6,130132.77140017784
NM_S_TX_EPE,7,149779.43923730057
NM_S_TX_EPE,8,134001.90571500504
NM_S_TX_EPE,9,178411.2709091379
NM_S_TX_EPE,10,165986.9560968564
NM_S_TX_EPE,11,178325.25465064094
NM_S_TX_EPE,12,163020.59571583048
NM_S_TX_EPE,13,117708.43271094565
NM_S_TX_EPE,14,126435.53483729412
NM_S_TX_EPE,15,98620.60686950604
NM_S_TX_EPE,16,142729.02303865526
NM_S_TX_EPE,17,160226.25257491332
NM_S_TX_EPE,18,177981.3825635502
NM_S_TX_EPE,19,166588.82940241587
NM_S_TX_EPE,20,118267.32406216061
NM_S_TX_EPE,21,144061.7082089711
NM_S_TX_EPE,22,144749.59469918325
NM_S_TX_EPE,23,138344.00420114692
NM_S_TX_EPE,24,144104.7454591651
NM_S_TX_EPE,25,188858.01771635545
NM_S_TX_EPE,26,163321.55208383428
NM_S_TX_EPE,27,120545.84311565805
NM_S_TX_EPE,28,144620.57601299847
NM_S_TX_EPE,29,163321.5337554375
NM_S_TX_EPE,30,163837.4380818573
NM_S_TX_EPE,31,165858.02516593263
NM_S_TX_EPE,32,180818.69142676162
NM_S_TX_EPE,33,168308.40499027693
NM_S_TX_EPE,34,116547.66656753399
NM_S_TX_EPE,35,143545.7805562069
NM_S_TX_EPE,36,169641.1164953931
NM_S_TX_EPE,37,159624.29901735988
NM_S_TX_EPE,38,173725.24287546656
NM_S_TX_EPE,39,188213.08093062567
NM_S_TX_EPE,40,182280.36983298874
NM_S_TX_EPE,41,121061.67845858785
NM_S_TX_EPE,42,135291.57558294077
NM_S_TX_EPE,43,167749.52687318853
NM_S_TX_EPE,44,162934.59358392737
NM_S_TX_EPE,45,163579.45525930045
NM_S_TX_EPE,46,190749.53183445815
NM_S_TX_EPE,47,178153.2714405032
NM_S_TX_EPE,48,119728.96775784332
NM_S_TX_EPE,49,137699.0534003975
NM_S_TX_EPE,50,151842.9833653711
NM_S_TX_EPE,51,174284.1044530386
NM_S_TX_EPE,52,181592.53135678475
NM_S_TX_EPE,53,190190.6575294879
NM_S_TX_EPE,54,178239.25277112765
NM_S_TX_EPE,55,123125.22845210692
NM_S_TX_EPE,56,148403.7241985076
NM_S_TX_EPE,57,165385.04931916826
NM_S_TX_EPE,58,171145.78786613295
NM_S_TX_EPE,59,178841.13203905176
NM_S_TX_EPE,60,177938.33301175627
NM_S_TX_EPE,61,125575.7007262492
NM_S_TX_EPE,62,148102.79783657697
NM_S_TX_EPE,63,168308.4079747879
NM_S_TX_EPE,64,170758.88610938948
NM_S_TX_EPE,65,176175.7211989955
NM_S_TX_EPE,66,176132.7233158928
NM_S_TX_EPE,67,187095.3320640265
NM_S_TX_EPE,68,151671.02264062045
NM_S_TX_EPE,69,156958.87749066684
NM_S_TX_EPE,70,171704.66578552625
NM_S_TX_EPE,71,173940.19768832074
NM_S_TX_EPE,72,182495.32753327567
NM_S_TX_EPE,73,179013.11003528294
NM_S_TX_EPE,74,168996.25629707365
NM_S_TX_EPE,75,141052.3398852068
NM_S_TX_EPE,76,156528.9710617022
NM_S_TX_EPE,77,180603.74000268464
NM_S_TX_EPE,78,178110.29683593207
NM_S_TX_EPE,79,186321.4885242446
NM_S_TX_EPE,80,179743.93428831734
NM_S_TX_EPE,81,185547.666621757
NM_S_TX_EPE,82,137398.12702563612
NM_S_TX_EPE,83,150424.2907418473
NM_S_TX_EPE,84,175315.879874423
NM_S_TX_EPE,85,177121.51114879653
NM_S_TX_EPE,86,180646.72113291454
NM_S_TX_EPE,87,190921.5020133313
NM_S_TX_EPE,88,166760.7394290844
NM_S_TX_EPE,89,126048.59481447273
NM_S_TX_EPE,90,139246.72851547075
NM_S_TX_EPE,91,173682.23066920656
NM_S_TX_EPE,92,182065.4133884404
NM_S_TX_EPE,93,177379.42455101805
NM_S_TX_EPE,94,179958.87569298453
NM_S_TX_EPE,95,176777.55273602568
NM_S_TX_EPE,96,135291.58495513274
NM_S_TX_EPE,97,157603.72220854572
NM_S_TX_EPE,98,170500.92057247346
NM_S_TX_EPE,99,171403.73421841543
NM_S_TX_EPE,100,172564.4761646487
NM_S_TX_EPE,101,187998.11727850488
NM_S_TX_EPE,102,182452.32257834385
NM_S_TX_EPE,103,129487.83986865339
NM_S_TX_EPE,104,153605.59239035266
NM_S_TX_EPE,105,176648.583046048
NM_S_TX_EPE,106,173854.20542627588
NM_S_TX_EPE,107,179356.99673805156
NM_S_TX_EPE,108,187181.3087866186
NM_S_TX_EPE,109,182194.3905490412
NM_S_TX_EPE,110,104424.29452441163
NM_S_TX_EPE,111,156829.89210765908
NM_S_TX_EPE,112,177680.36571732257
NM_S_TX_EPE,113,178884.110440967
NM_S_TX_EPE,114,189502.7908519583
NM_S_TX_EPE,115,193285.98523020465
NM_S_TX_EPE,116,171016.81923950862
NM_S_TX_EPE,117,131723.36556285765
NM_S_TX_EPE,118,150166.34446522896
NM_S_TX_EPE,119,173725.22175923298
NM_S_TX_EPE,120,177121.48861992307
NM_S_TX_EPE,121,178153.25264145067
NM_S_TX_EPE,122,184687.8387811515
NM_S_TX_EPE,123,173209.3320669131
NM_S_TX_EPE,124,126349.52100963131
NM_S_TX_EPE,125,148876.62169240593
NM_S_TX_EPE,126,180001.85676152437
NM_S_TX_EPE,127,180689.71082789692
NM_S_TX_EPE,128,188728.95666356102
NM_S_TX_EPE,129,189545.7796887617
NM_S_TX_EPE,130,191781.29120509527
NM_S_TX_EPE,131,133743.91297431575
NM_S_TX_EPE,132,140192.51067704457
NM_S_TX_EPE,133,164955.12626667673
NM_S_TX_EPE,134,185160.74627309717
NM_S_TX_EPE,135,180517.73805168064
NM_S_TX_EPE,136,171919.62394648313
NM_S_TX_EPE,137,186020.5523499822
NM_S_TX_EPE,138,138472.88846761893
NM_S_TX_EPE,139,161171.94532182947
NM_S_TX_EPE,140,182323.34624170206
NM_S_TX_EPE,141,185031.76269216143
NM_S_TX_EPE,142,176734.5622873894
NM_S_TX_EPE,143,197327.08584257984
NM_S_TX_EPE,144,172263.5336386614
NM_S_TX_EPE,145,137054.19887402456
NM_S_TX_EPE,146,130949.52307368699
NM_S_TX_EPE,147,145394.3820327773
NM_S_TX_EPE,148,147414.9544921104
NM_S_TX_EPE,149,184773.81805737843
NM_S_TX_EPE,150,163966.34216914946
NM_S_TX_EPE,151,171360.73440725257
NM_S_TX_EPE,152,136151.3957288742
NM_S_TX_EPE,153,142599.99856037443
NM_S_TX_EPE,154,180732.7016610107
NM_S_TX_EPE,155,181936.45524569607
NM_S_TX_EPE,156,181592.52020380867
NM_S_TX_EPE,157,195048.58949926644
NM_S_TX_EPE,158,185977.56475689227
NM_S_TX_EPE,159,142557.00605059514
NM_S_TX_EPE,160,159409.33681555605
NM_S_TX_EPE,161,174241.11068814958
NM_S_TX_EPE,162,178841.13464057035
NM_S_TX_EPE,163,190233.633332045
NM_S_TX_EPE,164,194833.65158055082
NM_S_TX_EPE,165,185676.62253566805
NM_S_TX_EPE,166,148274.75837130574
NM_S_TX_EPE,167,155669.15581996442
NM_S_TX_EPE,168,184300.9371938324
NM_S_TX_EPE,169,181592.54993633635
NM_S_TX_EPE,170,163278.50453537653
NM_S_TX_EPE,171,183097.19700115855
NM_S_TX_EPE,172,181850.46086452762
NM_S_TX_EPE,173,147028.02798429233
NM_S_TX_EPE,174,157302.79419928207
NM_S_TX_EPE,175,180517.75509323986
NM_S_TX_EPE,176,188857.9663505127
NM_S_TX_EPE,177,187353.26492571237
NM_S_TX_EPE,178,196854.1922021146
NM_S_TX_EPE,179,188342.05700176253
NM_S_TX_EPE,180,147457.94567272518
NM_S_TX_EPE,181,151628.0323914871
NM_S_TX_EPE,182,178110.26105698335
NM_S_TX_EPE,183,177250.45422212157
NM_S_TX_EPE,184,181119.61600010804
NM_S_TX_EPE,185,102833.63934032695
NM_S_TX_EPE,186,134130.82644140944
NM_S_TX_EPE,187,142471.0156666753
NM_S_TX_EPE,188,151542.04355900828
NM_S_TX_EPE,189,119943.9156019312
NM_S_TX_EPE,190,167190.64246725818
NM_S_TX_EPE,191,173940.17226068964
NM_S_TX_EPE,192,185633.63253667403
NM_S_TX_EPE,193,178110.26772704002
NM_S_TX_EPE,194,141783.16966174662
NM_S_TX_EPE,195,153863.53806082168
NM_S_TX_EPE,196,177465.40387148276
NM_S_TX_EPE,197,180861.67267043065
NM_S_TX_EPE,198,185848.58578186412
NM_S_TX_EPE,199,186321.47788811513
NM_S_TX_EPE,200,174327.08704159668
NM_S_TX_EPE,201,143115.8752077898
NM_S_TX_EPE,202,152100.91797781625
NM_S_TX_EPE,203,170028.02262469154
NM_S_TX_EPE,204,177121.4844612158
NM_S_TX_EPE,205,183828.01684025963
NM_S_TX_EPE,206,188084.09670778137
NM_S_TX_EPE,207,186536.43542161418
NM_S_TX_EPE,208,148188.7682090631
NM_S_TX_EPE,209,159796.24364259557
NM_S_TX_EPE,210,182968.20392383952
NM_S_TX_EPE,211,181635.5011710674
NM_S_TX_EPE,212,191480.35184864886
NM_S_TX_EPE,213,192684.1051125468
NM_S_TX_EPE,214,180775.68980667126
NM_S_TX_EPE,215,141740.17925302772
NM_S_TX_EPE,216,149220.56485215903
NM_S_TX_EPE,217,169598.11999671184
NM_S_TX_EPE,218,167534.58602375895
NM_S_TX_EPE,219,176648.58921477408
NM_S_TX_EPE,220,183441.12356734168
NM_S_TX_EPE,221,177379.43407454647
NM_S_TX_EPE,222,131594.38912798403
NM_S_TX_EPE,223,155153.2627532671
NM_S_TX_EPE,224,176777.57061054092
NM_S_TX_EPE,225,173252.34040363503
NM_S_TX_EPE,226,180818.6876624196
NM_S_TX_EPE,227,186321.49560638887
NM_S_TX_EPE,228,177551.39549387564
NM_S_TX_EPE,229,130734.57820478626
NM_S_TX_EPE,230,151628.03586070437
NM_S_TX_EPE,231,173897.19297082376
NM_S_TX_EPE,232,169942.07752200242
NM_S_TX_EPE,233,174671.0380827737
NM_S_TX_EPE,234,186880.38679343436
NM_S_TX_EPE,235,176949.53848949497
NM_S_TX_EPE,236,129057.94554678466
NM_S_TX_EPE,237,151327.09519423064
NM_S_TX_EPE,238,167577.57190122927
NM_S_TX_EPE,239,161687.8710925681
NM_S_TX_EPE,240,166717.75028932732
NM_S_TX_EPE,241,184429.9004845851
NM_S_TX_EPE,242,176046.72076665485
NM_S_TX_EPE,243,122953.26831119067
NM_S_TX_EPE,244,124973.83366007428
NM_S_TX_EPE,245,150166.3563211528
NM_S_TX_EPE,246,155755.14797452837
NM_S_TX_EPE,247,166631.77286225604
NM_S_TX_EPE,248,184429.90779371237
NM_S_TX_EPE,249,182065.41475003728
NM_S_TX_EPE,250,130820.56037676519
NM_S_TX_EPE,251,153347.6635231368
NM_S_TX_EPE,252,174456.08166833504
NM_S_TX_EPE,253,167448.6092099084
NM_S_TX_EPE,254,171919.6372365842
NM_S_TX_EPE,255,193371.9612628506
NM_S_TX_EPE,256,187439.26105044098
NM_S_TX_EPE,257,133357.01014469546
NM_S_TX_EPE,258,165814.95103881086
NM_S_TX_EPE,259,174499.0624305686
NM_S_TX_EPE,260,176218.71042092194
NM_S_TX_EPE,261,179657.95350470295
NM_S_TX_EPE,262,194876.63580565463
NM_S_TX_EPE,263,188428.0495458158
NM_S_TX_EPE,264,136538.3268039164
NM_S_TX_EPE,265,165557.01477296636
NM_S_TX_EPE,266,172177.56990469905
NM_S_TX_EPE,267,173209.36087923375
NM_S_TX_EPE,268,177465.43120891013
NM_S_TX_EPE,269,195263.55498589535
NM_S_TX_EPE,270,179915.88640052752
NM_S_TX_EPE,271,136151.40161012454
NM_S_TX_EPE,272,166588.77358080182
NM_S_TX_EPE,273,173940.18372504567
NM_S_TX_EPE,274,168910.27237364423
NM_S_TX_EPE,275,175229.88935904097
NM_S_TX_EPE,276,194962.5973145826
NM_S_TX_EPE,277,181463.5437248387
NM_S_TX_EPE,278,136882.23489060256
NM_S_TX_EPE,279,163235.49522263126
NM_S_TX_EPE,280,181076.61753279474
NM_S_TX_EPE,281,178110.2674029544
NM_S_TX_EPE,282,181678.48676139515
NM_S_TX_EPE,283,195564.46779184553
NM_S_TX_EPE,284,191308.38971678604
NM_S_TX_EPE,285,138042.97612129818
NM_S_TX_EPE,286,164912.13068874614
NM_S_TX_EPE,287,165556.99265022317
NM_S_TX_EPE,288,179829.8930468443
NM_S_TX_EPE,289,184902.78705546024
NM_S_TX_EPE,290,203044.84070683716
NM_S_TX_EPE,291,195693.44019673564
NM_S_TX_EPE,292,142642.9759511379
NM_S_TX_EPE,293,180173.80850903539
NM_S_TX_EPE,294,192297.17285089934
NM_S_TX_EPE,295,187052.32104981967
NM_S_TX_EPE,296,187439.23900013627
NM_S_TX_EPE,297,197241.10629834063
NM_S_TX_EPE,298,196467.2723012772
NM_S_TX_EPE,299,133442.98336143218
NM_S_TX_EPE,300,169942.03737754424
NM_S_TX_EPE,301,182753.25114223658
NM_S_TX_EPE,302,175487.83795029766
NM_S_TX_EPE,303,180775.6829243438
NM_S_TX_EPE,304,163708.39962043712
NM_S_TX_EPE,305,181248.5948734622
NM_S_TX_EPE,306,130605.61184550062
NM_S_TX_EPE,307,158420.55249701958
NM_S_TX_EPE,308,154121.5003763146
NM_S_TX_EPE,309,167276.65109370218
NM_S_TX_EPE,310,181936.48069266742
NM_S_TX_EPE,311,192555.13343829018
NM_S_TX_EPE,312,170758.8813147537
NM_S_TX_EPE,313,136151.41617634948
NM_S_TX_EPE,314,168308.40123970548
NM_S_TX_EPE,315,167964.47756817914
NM_S_TX_EPE,316,174714.02667457686
NM_S_TX_EPE,317,182452.35769417268
NM_S_TX_EPE,318,200250.4720691797
NM_S_TX_EPE,319,193500.93744423878
NM_S_TX_EPE,320,134517.75562086536
NM_S_TX_EPE,321,165900.93566979884
NM_S_TX_EPE,322,176390.6526518518
NM_S_TX_EPE,323,184128.9751315979
NM_S_TX_EPE,324,180044.8834325453
NM_S_TX_EPE,325,198487.85790175066
NM_S_TX_EPE,326,197714.0180131589
NM_S_TX_EPE,327,158463.5497243902
NM_S_TX_EPE,328,163493.45192961063
NM_S_TX_EPE,329,178669.1638892772
NM_S_TX_EPE,330,189072.90483314093
NM_S_TX_EPE,331,180646.7421164654
NM_S_TX_EPE,332,77598.15027604303
NM_S_TX_EPE,333,140622.42910972942
NM_S_TX_EPE,334,172134.57104527947
NM_S_TX_EPE,335,179228.01364783768
NM_S_TX_EPE,336,183914.0009903276
NM_S_TX_EPE,337,175315.8853681672
NM_S_TX_EPE,338,177508.40686912724
NM_S_TX_EPE,339,190276.62396397418
NM_S_TX_EPE,340,179614.94642226116
NM_S_TX_EPE,341,138257.93390065694
NM_S_TX_EPE,342,157001.8524290975
NM_S_TX_EPE,343,175014.93297547707
NM_S_TX_EPE,344,181850.4516869041
NM_S_TX_EPE,345,188385.0323986761
NM_S_TX_EPE,346,194618.6743659409
NM_S_TX_EPE,347,189115.8733234127
NM_S_TX_EPE,348,136882.2332018143
NM_S_TX_EPE,349,162074.74587633216
NM_S_TX_EPE,350,168781.29275770774
NM_S_TX_EPE,351,183398.12701012194
NM_S_TX_EPE,352,186579.4307491663
NM_S_TX_EPE,353,194489.70774311578
NM_S_TX_EPE,354,191437.37244665707
NM_S_TX_EPE,355,160054.19051658147
NM_S_TX_EPE,356,158119.60589628937
NM_S_TX_EPE,357,160355.12467885274
NM_S_TX_EPE,358,106444.85127197966
NM_S_TX_EPE,359,115558.87721848898
NM_S_TX_EPE,360,149177.5614356623
NM_S_TX_EPE,361,179743.90460557607
NM_S_TX_EPE,362,140794.38429203336
NM_S_TX_EPE,363,154551.3817997892
NM_S_TX_EPE,364,155970.0868463857
NM_S_TX_EPE,365,122996.25444000824
NV_N,1,26.750230654917125
NV_N,2,37.15224860918079
NV_N,3,36.13280228401985
NV_N,4,36.18480870855412
NV_N,5,28.453435932033496
NV_N,6,23.25561215961434
NV_N,7,36.91877109505464
NV_N,8,29.86434426283373
NV_N,9,28.6715949354345
NV_N,10,23.009459091175056
NV_N,11,35.495856926399085
NV_N,12,31.382742538080223
NV_N,13,18.19357945123365
NV_N,14,23.329777297085233
NV_N,15,37.881142709235334
NV_N,16,29.563316510142574
NV_N,17,34.49432890660927
NV_N,18,34.80390242994629
NV_N,19,34.325507127996666
NV_N,20,29.45520267153541
NV_N,21,36.20148860242625
NV_N,22,29.525224576340882
NV_N,23,32.33345355236327
NV_N,24,41.40707893881307
NV_N,25,36.45957347232747
NV_N,26,34.19075824617971
NV_N,27,23.20569653549662
NV_N,28,27.42835200689171
NV_N,29,32.13095330180443
NV_N,30,33.08774796144501
NV_N,31,30.428366936313743
NV_N,32,36.02963449067571
NV_N,33,42.55274422012878
NV_N,34,27.836159595119536
NV_N,35,26.26778710679443
NV_N,36,34.78694792860079
NV_N,37,31.668506841452263
NV_N,38,32.69045264678828
NV_N,39,39.376544738584066
NV_N,40,37.30600620957152
NV_N,41,30.476051554133715
NV_N,42,34.047694371512854
NV_N,43,42.74082204249982
NV_N,44,37.18583770089058
NV_N,45,38.21477782899213
NV_N,46,43.22387838689497
NV_N,47,41.10354028000649
NV_N,48,26.97863701863745
NV_N,49,28.33028004387379
NV_N,50,43.77784215444336
NV_N,51,34.881406104693134
NV_N,52,37.574811762890484
NV_N,53,38.775695864792404
NV_N,54,35.169275267822826
NV_N,55,28.363516913513404
NV_N,56,34.17983088143429
NV_N,57,36.793832568871544
NV_N,58,37.79760261572979
NV_N,59,34.262451514252355
NV_N,60,32.358404570610915
NV_N,61,21.042702425500266
NV_N,62,33.176894417346055
NV_N,63,44.01224758867174
NV_N,64,40.52816650156235
NV_N,65,39.85122474157662
NV_N,66,42.38282837391459
NV_N,67,38.00728019817921
NV_N,68,33.64885861928534
NV_N,69,39.38765454360338
NV_N,70,43.81938658896669
NV_N,71,44.470480102080835
NV_N,72,42.83891144384135
NV_N,73,41.63008551502178
NV_N,74,41.414936133341456
NV_N,75,37.66334805505408
NV_N,76,39.34343122881307
NV_N,77,39.64083753291426
NV_N,78,42.942475027221775
NV_N,79,43.13500951927143
NV_N,80,42.377949078223004
NV_N,81,43.60238540153539
NV_N,82,38.126724815334136
NV_N,83,40.53182265594543
NV_N,84,41.35801733056739
NV_N,85,43.124176530491305
NV_N,86,39.47846823231818
NV_N,87,44.930526773099345
NV_N,88,45.10505953455015
NV_N,89,30.659567699867758
NV_N,90,33.76110941081962
NV_N,91,34.703128281266444
NV_N,92,29.002772268967753
NV_N,93,35.001442249834454
NV_N,94,32.47864465406659
NV_N,95,36.829293663340934
NV_N,96,30.064389634944742
NV_N,97,26.920288839397703
NV_N,98,31.611946191771704
NV_N,99,36.00071560210011
NV_N,100,32.09032536146013
NV_N,101,34.38022427672939
NV_N,102,36.58157036897758
NV_N,103,24.6212610225935
NV_N,104,26.042032287153948
NV_N,105,32.48298294028343
NV_N,106,34.47958483697327
NV_N,107,34.48703333367889
NV_N,108,34.983668440398574
NV_N,109,33.87936587784794
NV_N,110,27.935369423071855
NV_N,111,25.865275340053195
NV_N,112,33.85475705815821
NV_N,113,35.58994916093376
NV_N,114,33.770779887547754
NV_N,115,36.48617728687202
NV_N,116,34.65666620548428
NV_N,117,28.261113460183356
NV_N,118,30.000883940310686
NV_N,119,32.863173907952614
NV_N,120,34.442026051679136
NV_N,121,36.649635042608836
NV_N,122,44.88028052134733
NV_N,123,38.65979555126973
NV_N,124,29.995849544616274
NV_N,125,34.13004080340905
NV_N,126,40.880653246869
NV_N,127,43.98800567975595
NV_N,128,40.76975932066203
NV_N,129,42.268677168708734
NV_N,130,42.159725748814736
NV_N,131,34.991983320799974
NV_N,132,30.434820950851172
NV_N,133,42.17834409570849
NV_N,134,42.09090502366541
NV_N,135,46.94925214234007
NV_N,136,44.113102316682706
NV_N,137,45.559699922805166
NV_N,138,32.0989132625281
NV_N,139,37.347285493257125
NV_N,140,43.37007922439241
NV_N,141,48.987034437774575
NV_N,142,46.239658381494465
NV_N,143,47.01897713220407
NV_N,144,41.98612335581523
NV_N,145,27.678102533391762
NV_N,146,27.128762868748325
NV_N,147,31.701458980963626
NV_N,148,45.91853032890058
NV_N,149,42.270753755704376
NV_N,150,44.82867274900295
NV_N,151,40.34117190590881
NV_N,152,41.62975971147338
NV_N,153,54.599139657502334
NV_N,154,53.22833688263006
NV_N,155,61.13591384891557
NV_N,156,60.53643175974544
NV_N,157,64.91596015440165
NV_N,158,61.121931707017126
NV_N,159,50.250954902194664
NV_N,160,55.875742007901394
NV_N,161,62.15876237051919
NV_N,162,62.3203905706395
NV_N,163,58.391880568443554
NV_N,164,68.11031458939244
NV_N,165,62.15600255097709
NV_N,166,59.23827976933257
NV_N,167,57.85924187489257
NV_N,168,56.816448577494945
NV_N,169,65.50220693693952
NV_N,170,62.66469792583331
NV_N,171,63.231442465255654
NV_N,172,63.19435883477421
NV_N,173,55.76097027433427
NV_N,174,64.9202964507529
NV_N,175,69.26115419531003
NV_N,176,71.08656005548472
NV_N,177,66.02764644252754
NV_N,178,69.44614048187152
NV_N,179,58.25112270737654
NV_N,180,60.11119763234987
NV_N,181,60.800413376334525
NV_N,182,54.30029859408498
NV_N,183,62.299374502443214
NV_N,184,56.31052767228547
NV_N,185,41.364668613765865
NV_N,186,49.95349267672217
NV_N,187,49.77908157074682
NV_N,188,57.191867199515414
NV_N,189,56.650696844287246
NV_N,190,61.12164489847034
NV_N,191,63.93013880360933
NV_N,192,71.2982106200362
NV_N,193,58.34986020180369
NV_N,194,52.55902131311755
NV_N,195,62.91579882927048
NV_N,196,68.29029433975782
NV_N,197,54.46802327221224
NV_N,198,59.59733593062402
NV_N,199,70.2317136799798
NV_N,200,65.99344554566711
NV_N,201,49.957431156250685
NV_N,202,56.20906103277689
NV_N,203,64.35382895878467
NV_N,204,65.41208626053006
NV_N,205,65.30871622289851
NV_N,206,75.762645340111
NV_N,207,65.53848744781915
NV_N,208,53.11714364234984
NV_N,209,59.31684317568154
NV_N,210,60.339166819246785
NV_N,211,63.88022174066632
NV_N,212,65.14983249327
NV_N,213,63.98154123694438
NV_N,214,61.42805151733546
NV_N,215,48.2249977085199
NV_N,216,53.20571825554407
NV_N,217,53.0770297787291
NV_N,218,52.41246870317218
NV_N,219,54.912638901158324
NV_N,220,60.28891784391789
NV_N,221,66.084234456534
NV_N,222,49.2761439372168
NV_N,223,62.29351565117973
NV_N,224,56.18081157749372
NV_N,225,54.172621827626195
NV_N,226,52.24612043970114
NV_N,227,62.075064687240186
NV_N,228,56.892350073703234
NV_N,229,45.25451014157727
NV_N,230,54.70411804615288
NV_N,231,63.67306514239522
NV_N,232,53.51785184609532
NV_N,233,55.41002410560427
NV_N,234,68.17054268918298
NV_N,235,66.03338365715892
NV_N,236,51.60340895512614
NV_N,237,70.08977128975667
NV_N,238,61.731048195830724
NV_N,239,64.41824111744211
NV_N,240,62.00595851101863
NV_N,241,70.73445920435438
NV_N,242,65.14208238323032
NV_N,243,45.07217792560313
NV_N,244,55.5926436275941
NV_N,245,63.01346234973608
NV_N,246,54.41619948273325
NV_N,247,48.999560634505805
NV_N,248,56.16794148269709
NV_N,249,49.95879915916633
NV_N,250,38.880791483989995
NV_N,251,47.40412387440085
NV_N,252,50.7263187115984
NV_N,253,42.360735488447034
NV_N,254,46.25498514187751
NV_N,255,55.28851914073697
NV_N,256,54.73476785568468
NV_N,257,39.59957392333208
NV_N,258,48.08360574949274
NV_N,259,48.12239882602993
NV_N,260,53.3143406571268
NV_N,261,49.10463558553424
NV_N,262,55.821777321568696
NV_N,263,56.383381199771655
NV_N,264,41.55042316438551
NV_N,265,48.94762141557525
NV_N,266,56.18623378675244
NV_N,267,46.16944251646718
NV_N,268,50.144827727608124
NV_N,269,55.198737535363996
NV_N,270,52.91730503385674
NV_N,271,46.269632778186455
NV_N,272,49.04287711711599
NV_N,273,51.297544885778926
NV_N,274,33.13543858006752
NV_N,275,35.05404641737928
NV_N,276,37.231121103672784
NV_N,277,42.362376502000124
NV_N,278,29.097704887259276
NV_N,279,39.002223462588226
NV_N,280,42.76249876378963
NV_N,281,42.94947226124096
NV_N,282,37.274768231748865
NV_N,283,43.8748916616481
NV_N,284,40.12990719686591
NV_N,285,30.377088990076107
NV_N,286,34.79366381710548
NV_N,287,42.86581117983722
NV_N,288,36.907131311720654
NV_N,289,38.08840829320947
NV_N,290,46.218162411178874
NV_N,291,43.226246108632324
NV_N,292,33.8443483939828
NV_N,293,35.657046663043474
NV_N,294,41.52961881723528
NV_N,295,41.682041210603195
NV_N,296,39.0509806573469
NV_N,297,43.97640230310816
NV_N,298,42.54825759149434
NV_N,299,28.822635911539408
NV_N,300,37.650308419771285
NV_N,301,38.69540578485714
NV_N,302,40.38789403212676
NV_N,303,36.56246830088811
NV_N,304,30.10238330405139
NV_N,305,41.42015104610511
NV_N,306,26.632429487614093
NV_N,307,34.225649100277955
NV_N,308,34.40884558160915
NV_N,309,34.42117132818172
NV_N,310,38.64598289361019
NV_N,311,42.60368493210633
NV_N,312,37.47312962043626
NV_N,313,26.82111384795408
NV_N,314,30.994865435024444
NV_N,315,32.54864866345695
NV_N,316,37.03741783504888
NV_N,317,40.986742159746846
NV_N,318,44.87635407056896
NV_N,319,38.78289971399076
NV_N,320,25.841710036449424
NV_N,321,33.88000452500578
NV_N,322,39.32560039983973
NV_N,323,34.67060320783325
NV_N,324,35.53333585256364
NV_N,325,40.48032531422782
NV_N,326,41.58288062851701
NV_N,327,35.01597948127474
NV_N,328,37.91134037706458
NV_N,329,41.07157637126276
NV_N,330,43.309753906236594
NV_N,331,44.48883827334704
NV_N,332,18.85197795585755
NV_N,333,34.50979392610543
NV_N,334,32.635446016303426
NV_N,335,36.132563357756936
NV_N,336,39.760107175521206
NV_N,337,34.50048613322017
NV_N,338,35.464282379329084
NV_N,339,38.861339103906914
NV_N,340,37.29958417447627
NV_N,341,25.0762870686125
NV_N,342,33.60134484343374
NV_N,343,31.559113107096035
NV_N,344,37.572082176108566
NV_N,345,34.241249768997115
NV_N,346,39.47092741221396
NV_N,347,38.247145247764905
NV_N,348,23.825775369105376
NV_N,349,30.762898637434375
NV_N,350,33.83016380950523
NV_N,351,38.221560495177044
NV_N,352,36.40454175386866
NV_N,353,39.45006962001414
NV_N,354,44.95846859431309
NV_N,355,35.23729457897254
NV_N,356,37.42071283705258
NV_N,357,41.36675933354383
NV_N,358,27.583685275093043
NV_N,359,25.22491237047883
NV_N,360,40.172335185263414
NV_N,361,40.91945312388194
NV_N,362,33.6268222910416
NV_N,363,32.834406551699864
NV_N,364,43.193835127982375
NV_N,365,33.47289572715541
NV_S,1,38310.8534413114
NV_S,2,38065.25145983884
NV_S,3,38066.27090673612
NV_S,4,41923.49927036176
NV_S,5,40990.430553756996
NV_S,6,30929.067352446324
NV_S,7,41922.76524779323
NV_S,8,41835.739727541884
NV_S,9,37274.05197791033
NV_S,10,35398.113933535366
NV_S,11,45405.14855714643
NV_S,12,42869.10136645982
NV_S,13,28723.24917339714
NV_S,14,35915.23366488975
NV_S,15,39616.84271465558
NV_S,16,37085.00023831369
NV_S,17,37597.509275477496
NV_S,18,44229.84040069252
NV_S,19,42913.19866687036
NV_S,20,28853.107621526167
NV_S,21,40794.52242215435
NV_S,22,38072.8784856268
NV_S,23,38869.75027247972
NV_S,24,38813.63664258779
NV_S,25,49026.265186578705
NV_S,26,48464.05394934891
NV_S,27,31399.517313125245
NV_S,28,44895.77601008754
NV_S,29,41880.51312264459
NV_S,30,35811.39568521443
NV_S,31,36895.9751698656
NV_S,32,40230.21422220034
NV_S,33,45021.771572029844
NV_S,34,32853.126989735516
NV_S,35,42874.21632189111
NV_S,36,39102.49680063089
NV_S,37,35530.574899301544
NV_S,38,36188.11301657292
NV_S,39,46483.18791118129
NV_S,40,46814.53848124865
NV_S,41,35061.367309534064
NV_S,42,46629.636775064806
NV_S,43,60215.50494947757
NV_S,44,39523.457951407916
NV_S,45,37640.82883106061
NV_S,46,44597.74039731377
NV_S,47,44364.66071289327
NV_S,48,31019.424336598262
NV_S,49,40661.27361719645
NV_S,50,42668.546248821534
NV_S,51,36609.28210366436
NV_S,52,38111.86884218152
NV_S,53,43426.18846719886
NV_S,54,42488.994797686224
NV_S,55,32099.95956032943
NV_S,56,43854.14437273155
NV_S,57,42064.01019983586
NV_S,58,37029.725947702624
NV_S,59,39667.501351111
NV_S,60,43150.36599037511
NV_S,61,28155.919996357108
NV_S,62,47477.22789262407
NV_S,63,42668.31208464825
NV_S,64,37873.71571619326
NV_S,65,39285.59280982537
NV_S,66,45633.461807135034
NV_S,67,43709.19717167208
NV_S,68,32376.91448621842
NV_S,69,41638.05658172995
NV_S,70,45820.18526676676
NV_S,71,41021.4537125134
NV_S,72,41164.20529370223
NV_S,73,43517.41433919078
NV_S,74,43047.22944683571
NV_S,75,35007.14025588666
NV_S,76,43566.7407453513
NV_S,77,45777.32380892104
NV_S,78,41587.46151232271
NV_S,79,42998.46911299505
NV_S,80,47750.266888945676
NV_S,81,47419.762411858144
NV_S,82,36511.956775942745
NV_S,83,43283.31232689128
NV_S,84,42247.6062913596
NV_S,85,38200.3997317542
NV_S,86,39474.125569358686
NV_S,87,44690.1140146251
NV_S,88,42949.45931664773
NV_S,89,31297.983432949917
NV_S,90,39762.08270222538
NV_S,91,43994.741088848146
NV_S,92,37461.88081869158
NV_S,93,38537.802252339614
NV_S,94,40139.685203025976
NV_S,95,47661.73527489353
NV_S,96,32992.01877329583
NV_S,97,42167.96375266627
NV_S,98,44374.15230702638
NV_S,99,40371.36315469765
NV_S,100,41080.87361247509
NV_S,101,45970.74418223173
NV_S,102,46485.98288555089
NV_S,103,32762.261879297068
NV_S,104,44850.12226594091
NV_S,105,45408.161369353555
NV_S,106,39526.16420431832
NV_S,107,40231.756823499665
NV_S,108,47052.06084164646
NV_S,109,46959.08513533591
NV_S,110,32711.907766514138
NV_S,111,43250.93886970166
NV_S,112,45124.54956824949
NV_S,113,39572.09384445336
NV_S,114,39573.91301387071
NV_S,115,45639.35819758514
NV_S,116,45123.74765910523
NV_S,117,32617.502013382924
NV_S,118,44846.16341428776
NV_S,119,43714.34101623536
NV_S,120,39667.32177657356
NV_S,121,40558.87425321961
NV_S,122,46477.684630248325
NV_S,123,44508.224918967804
NV_S,124,31392.727591858355
NV_S,125,43713.074574001745
NV_S,126,44035.60401246743
NV_S,127,40034.09583302179
NV_S,128,40413.63411548978
NV_S,129,47044.775832816944
NV_S,130,45586.6450713804
NV_S,131,33269.33120664376
NV_S,132,43528.609770397015
NV_S,133,44175.42633000194
NV_S,134,41211.99349266688
NV_S,135,41865.69522407189
NV_S,136,47184.05142122004
NV_S,137,48170.44491829591
NV_S,138,33319.26428115121
NV_S,139,47331.937251556556
NV_S,140,46385.114830804276
NV_S,141,47085.09748015212
NV_S,142,44218.40505111002
NV_S,143,44076.50524914478
NV_S,144,42952.57843949328
NV_S,145,30877.60485759435
NV_S,146,36099.594697395296
NV_S,147,41551.66295810515
NV_S,148,38950.24566926559
NV_S,149,39753.57305791221
NV_S,150,44360.93603920859
NV_S,151,45400.303614376724
NV_S,152,32745.253380642233
NV_S,153,43645.565045970536
NV_S,154,42847.2557721278
NV_S,155,39640.627888814975
NV_S,156,39170.8273258107
NV_S,157,44293.80828854119
NV_S,158,45332.482416107574
NV_S,159,33583.35226651611
NV_S,160,44538.0485292001
NV_S,161,44296.56548633592
NV_S,162,40156.883461628124
NV_S,163,38185.13178241346
NV_S,164,43585.01386650998
NV_S,165,43402.808160539345
NV_S,166,34703.325049827545
NV_S,167,43218.94490320373
NV_S,168,41996.947579361215
NV_S,169,40059.6216362504
NV_S,170,36863.73883887607
NV_S,171,44624.77283786227
NV_S,172,43731.049835805396
NV_S,173,31978.482097968998
NV_S,174,42459.24377652811
NV_S,175,43772.02304501357
NV_S,176,39583.637238102965
NV_S,177,39965.01618779889
NV_S,178,45465.27822087732
NV_S,179,44300.47312603915
NV_S,180,34561.332118447084
NV_S,181,45615.04396150542
NV_S,182,39976.74353559028
NV_S,183,38698.664338056806
NV_S,184,40304.013683628626
NV_S,185,30252.398232941574
NV_S,186,35135.96987747985
NV_S,187,32407.824027278017
NV_S,188,42137.69251822921
NV_S,189,41009.27323654655
NV_S,190,39452.4821398775
NV_S,191,39214.4736234247
NV_S,192,45698.626173389785
NV_S,193,43782.93467565495
NV_S,194,33863.28455406278
NV_S,195,44060.60842782444
NV_S,196,46172.03449108041
NV_S,197,35601.85539192447
NV_S,198,38042.80665873473
NV_S,199,44288.49253508197
NV_S,200,38930.17028957838
NV_S,201,31513.88559211828
NV_S,202,39551.47473271248
NV_S,203,45940.770953515676
NV_S,204,41894.271932691176
NV_S,205,41988.45531187048
NV_S,206,46870.16220177238
NV_S,207,46362.946315602
NV_S,208,33486.40606881344
NV_S,209,41712.20750932818
NV_S,210,44627.66548081042
NV_S,211,42225.08382874008
NV_S,212,41659.33451464754
NV_S,213,45941.14286524832
NV_S,214,46084.81682622992
NV_S,215,33020.89860791512
NV_S,216,41577.19871277398
NV_S,217,42800.36755579496
NV_S,218,37814.79162436125
NV_S,219,37577.09145318416
NV_S,220,46085.955967411195
NV_S,221,48291.040859513116
NV_S,222,36312.64733887042
NV_S,223,46460.2709404635
NV_S,224,42373.90371385796
NV_S,225,37954.1510186595
NV_S,226,37391.597466004474
NV_S,227,43779.209620655136
NV_S,228,43925.51186269258
NV_S,229,32365.308594261045
NV_S,230,42939.86000012235
NV_S,231,43166.09154283421
NV_S,232,36825.845680672544
NV_S,233,37341.39403282231
NV_S,234,46924.794440939106
NV_S,235,44057.49131771966
NV_S,236,32641.199722423993
NV_S,237,43912.314893279705
NV_S,238,42603.55353104735
NV_S,239,36909.02530025138
NV_S,240,38181.518188537986
NV_S,241,46357.750469616214
NV_S,242,46504.462837618696
NV_S,243,32036.21135408957
NV_S,244,37952.730996800354
NV_S,245,49093.79124587703
NV_S,246,37859.82743193425
NV_S,247,37488.92403473865
NV_S,248,45290.396401800164
NV_S,249,44073.56542698122
NV_S,250,31572.00223619867
NV_S,251,42758.99997611254
NV_S,252,44449.11794347262
NV_S,253,37213.322832851845
NV_S,254,39843.66883550529
NV_S,255,50512.716324250425
NV_S,256,47126.38975114089
NV_S,257,33594.003647494974
NV_S,258,49908.4011790704
NV_S,259,47556.36216071987
NV_S,260,38096.12931328728
NV_S,261,36312.81884715062
NV_S,262,46607.86269211474
NV_S,263,45619.46099362144
NV_S,264,34062.452843308725
NV_S,265,50048.65717692077
NV_S,266,45572.618136528996
NV_S,267,36833.19408977997
NV_S,268,38993.05891182091
NV_S,269,46937.76576343928
NV_S,270,47410.44724099562
NV_S,271,34434.05366973877
NV_S,272,49154.801835615115
NV_S,273,46330.146897517654
NV_S,274,36658.06807569445
NV_S,275,36467.98944983521
NV_S,276,47049.81338888196
NV_S,277,47844.362210076804
NV_S,278,33322.26548949816
NV_S,279,48035.88238113811
NV_S,280,47467.64205177115
NV_S,281,40787.77443849553
NV_S,282,41593.129219118164
NV_S,283,52499.810140959686
NV_S,284,47799.554674876454
NV_S,285,37037.146461328295
NV_S,286,51474.01126968365
NV_S,287,48032.01879342087
NV_S,288,39617.816666808045
NV_S,289,41545.27557455124
NV_S,290,50615.86668999095
NV_S,291,50195.49856574416
NV_S,292,37033.67920192438
NV_S,293,53072.50804002405
NV_S,294,49162.31509391499
NV_S,295,42153.20200020508
NV_S,296,42532.15309680218
NV_S,297,54898.7488600977
NV_S,298,50478.41658129419
NV_S,299,33792.94060352868
NV_S,300,49871.79447189465
NV_S,301,47283.54912672817
NV_S,302,40178.8159581534
NV_S,303,40370.80140190656
NV_S,304,40189.101468881476
NV_S,305,47327.86438654835
NV_S,306,34265.5308555044
NV_S,307,49263.699073180396
NV_S,308,44277.275399118706
NV_S,309,36421.58232097904
NV_S,310,38957.517752149426
NV_S,311,49302.361041316566
NV_S,312,46767.3313538981
NV_S,313,35206.14226125109
NV_S,314,49737.32990190103
NV_S,315,43385.375510432794
NV_S,316,38112.40623610936
NV_S,317,39472.61704244357
NV_S,318,49723.44841272742
NV_S,319,47659.78166884289
NV_S,320,31255.761286600522
NV_S,321,47100.204510507756
NV_S,322,46483.23885552004
NV_S,323,37738.45301469273
NV_S,324,38725.43037666309
NV_S,325,47611.04423933935
NV_S,326,47986.261719466725
NV_S,327,35244.98739962884
NV_S,328,53211.37375982646
NV_S,329,46575.572888559574
NV_S,330,44362.45449926703
NV_S,331,44831.67546053261
NV_S,332,23124.830238740375
NV_S,333,34445.8135091199
NV_S,334,36047.04801022331
NV_S,335,42205.79148256342
NV_S,336,43190.004033360725
NV_S,337,39008.703253415304
NV_S,338,39195.89947519111
NV_S,339,45119.542986157045
NV_S,340,51001.10530427151
NV_S,341,35725.32713709629
NV_S,342,55473.603971623146
NV_S,343,46255.805320285355
NV_S,344,40981.311846602584
NV_S,345,41643.2027420864
NV_S,346,47329.813609606295
NV_S,347,48601.11751341871
NV_S,348,34691.69754967525
NV_S,349,52136.60209794005
NV_S,350,42019.93386408975
NV_S,351,39475.382224108136
NV_S,352,39571.279251860426
NV_S,353,44977.83424212449
NV_S,354,44313.765780073474
NV_S,355,33974.68596288317
NV_S,356,40981.463215941636
NV_S,357,41589.03722801638
NV_S,358,28337.53903152944
NV_S,359,27728.37774586281
NV_S,360,39990.87149897835
NV_S,361,41965.804570269895
NV_S,362,36093.09663791771
NV_S,363,40092.28943662287
NV_S,364,42104.65020178224
NV_S,365,32377.09020854866
OR_E,1,2.526736568141239
OR_E,2,4.261989423278047
OR_E,3,3.896346975001142
OR_E,4,5.363069404878061
OR_E,5,5.068587069992703
OR_E,6,4.116529793412082
OR_E,7,4.408272460046625
OR_E,8,4.664993280260348
OR_E,9,3.598737700443843
OR_E,10,3.1963898473557175
OR_E,11,5.323121868131036
OR_E,12,4.83519951188418
OR_E,13,1.212860981969866
OR_E,14,2.524512289322665
OR_E,15,3.7254925887610217
OR_E,16,3.2454712530502294
OR_E,17,3.1711165334643616
OR_E,18,2.30496036283647
OR_E,19,4.503302928104739
OR_E,20,2.481098074438585
OR_E,21,3.4115644493281443
OR_E,22,5.122519290165855
OR_E,23,4.443942049274807
OR_E,24,4.174188170375833
OR_E,25,5.710853726377025
OR_E,26,5.23045039621074
OR_E,27,3.0220474945460944
OR_E,28,4.21327063993985
OR_E,29,5.255533565711251
OR_E,30,4.024090410174832
OR_E,31,3.2798909921596007
OR_E,32,4.88544072605268
OR_E,33,5.0012604819556294
OR_E,34,3.545312697776211
OR_E,35,4.052655351846664
OR_E,36,4.913422382564933
OR_E,37,4.4935022572367265
OR_E,38,4.382935373886064
OR_E,39,6.274890825862334
OR_E,40,4.787446782019336
OR_E,41,3.0295142067938103
OR_E,42,3.601254718720408
OR_E,43,4.313655254194654
OR_E,44,4.6632879984705236
OR_E,45,4.518501538995198
OR_E,46,4.9767947999886015
OR_E,47,4.7456576096877585
OR_E,48,3.685972915510047
OR_E,49,4.1572021061467925
OR_E,50,5.627100085626477
OR_E,51,4.634553891902647
OR_E,52,4.906121488452154
OR_E,53,6.845811407273432
OR_E,54,5.378684595720698
OR_E,55,4.131451409090375
OR_E,56,5.00898007405845
OR_E,57,4.687763575262342
OR_E,58,4.912361801057196
OR_E,59,5.390065778016517
OR_E,60,3.0108850769431754
OR_E,61,3.0916799416496366
OR_E,62,3.139995138028759
OR_E,63,3.8867785701367836
OR_E,64,3.522091944037296
OR_E,65,3.927976469125813
OR_E,66,3.735443171779869
OR_E,67,3.2552416546826444
OR_E,68,2.5908714186526347
OR_E,69,3.0047878449369225
OR_E,70,3.6093021814917465
OR_E,71,3.6839059742013727
OR_E,72,3.4992164474056913
OR_E,73,3.8562732724526927
OR_E,74,3.638388418830136
OR_E,75,2.2837721686039893
OR_E,76,3.238869358312433
OR_E,77,3.099521404871894
OR_E,78,3.3621779420243563
OR_E,79,3.6056225729986093
OR_E,80,3.84656338999564
OR_E,81,3.6651546138514752
OR_E,82,2.954740915540514
OR_E,83,3.132618998231286
OR_E,84,3.290881685934841
OR_E,85,3.3663475656679163
OR_E,86,3.585157204878501
OR_E,87,4.074024101187626
OR_E,88,4.21442525911958
OR_E,89,2.3539602082198896
OR_E,90,2.8519681668921297
OR_E,91,2.5334524911572887
OR_E,92,3.0488882495492544
OR_E,93,3.0872494042114718
OR_E,94,3.5486225708698655
OR_E,95,2.9769240877227148
OR_E,96,2.286441156705864
OR_E,97,2.668750059127385
OR_E,98,2.6825594718313517
OR_E,99,3.0655050224757394
OR_E,100,3.383787272714323
OR_E,101,3.1747425843023174
OR_E,102,3.160091215698908
OR_E,103,2.361450892015005
OR_E,104,2.441272539468314
OR_E,105,3.119518593408398
OR_E,106,2.4257541701835885
OR_E,107,3.339642162120296
OR_E,108,3.2165623773531595
OR_E,109,3.5337449224700355
OR_E,110,2.2083111835376017
OR_E,111,2.5838446891466593
OR_E,112,2.6775261108130914
OR_E,113,3.3938618940641994
OR_E,114,2.720631259738554
OR_E,115,3.5238814068614954
OR_E,116,2.7663778330290802
OR_E,117,2.0404102072875587
OR_E,118,2.833632982305932
OR_E,119,3.0960799441479434
OR_E,120,2.624436902570408
OR_E,121,5.1669239865839485
OR_E,122,5.0759194598130755
OR_E,123,5.298020954874462
OR_E,124,3.5452877584540183
OR_E,125,4.2017362955556035
OR_E,126,4.9556719814369945
OR_E,127,5.286037145957272
OR_E,128,5.446877813703105
OR_E,129,6.081654345928277
OR_E,130,5.17862422494222
OR_E,131,3.5325924878476944
OR_E,132,3.894916928808863
OR_E,133,5.613725745873063
OR_E,134,5.196381681390193
OR_E,135,5.142816432675652
OR_E,136,5.359518672677462
OR_E,137,4.656656698781457
OR_E,138,3.912902017975871
OR_E,139,4.0063932181897615
OR_E,140,5.443720095917088
OR_E,141,5.062229702219207
OR_E,142,5.06561053740608
OR_E,143,6.141160066861965
OR_E,144,6.808540186799157
OR_E,145,3.9634889473597914
OR_E,146,3.007330375558748
OR_E,147,5.038772407252835
OR_E,148,4.959216672358543
OR_E,149,5.780888162654132
OR_E,150,5.237325854472146
OR_E,151,6.447251813884006
OR_E,152,3.528276496916062
OR_E,153,4.47035916325777
OR_E,154,4.743855606035185
OR_E,155,5.371820886049399
OR_E,156,4.770504877177663
OR_E,157,5.08511199806921
OR_E,158,4.827718822939134
OR_E,159,2.926493285553285
OR_E,160,3.8426469209133662
OR_E,161,4.581499763369508
OR_E,162,5.389921763509897
OR_E,163,4.749569366839664
OR_E,164,4.410064507506634
OR_E,165,5.635233923973498
OR_E,166,3.6679675757328076
OR_E,167,3.8504835062988585
OR_E,168,5.797042367700307
OR_E,169,4.607467933835455
OR_E,170,4.134478272710029
OR_E,171,5.183858138616818
OR_E,172,5.088217703576219
OR_E,173,3.9684295293968885
OR_E,174,3.9028437993550034
OR_E,175,4.51999702048504
OR_E,176,4.322042248871736
OR_E,177,5.095539186422555
OR_E,178,5.393139669952309
OR_E,179,5.281091876530689
OR_E,180,3.7125665440688658
OR_E,181,4.764478995856025
OR_E,182,4.300915610018205
OR_E,183,3.6307155357866674
OR_E,184,4.079382428594715
OR_E,185,2.383481875963081
OR_E,186,3.878156852370532
OR_E,187,3.1210214502220857
OR_E,188,2.488295176272001
OR_E,189,4.048034238799222
OR_E,190,4.806891729760199
OR_E,191,3.671452685772602
OR_E,192,4.2305449843877225
OR_E,193,4.610759064849275
OR_E,194,3.819399098744445
OR_E,195,4.442958758127097
OR_E,196,4.806910505091167
OR_E,197,3.9705873017253626
OR_E,198,4.93864650546212
OR_E,199,4.028491964830366
OR_E,200,4.646294011197051
OR_E,201,4.055731168910967
OR_E,202,4.806967677401785
OR_E,203,5.3548644328273465
OR_E,204,4.134665071905965
OR_E,205,4.381219620640191
OR_E,206,4.5512941721112234
OR_E,207,3.923279659377524
OR_E,208,3.866007971937439
OR_E,209,3.7592213737444555
OR_E,210,5.198605460969204
OR_E,211,4.1886101288172535
OR_E,212,4.356135164435242
OR_E,213,4.307209134665288
OR_E,214,4.412669083861702
OR_E,215,3.352897060190113
OR_E,216,4.192654643226648
OR_E,217,4.96710629642177
OR_E,218,3.7523691537949793
OR_E,219,4.978684131765492
OR_E,220,4.4025623302948595
OR_E,221,5.043164958038234
OR_E,222,2.775419071155337
OR_E,223,4.07434813414748
OR_E,224,3.5300590881787843
OR_E,225,3.683588495040169
OR_E,226,4.3602698586509465
OR_E,227,4.231145820223088
OR_E,228,4.386625846710323
OR_E,229,2.6606278630620395
OR_E,230,3.028463380322425
OR_E,231,4.155307559592722
OR_E,232,3.372137476652373
OR_E,233,3.9355203635758995
OR_E,234,4.396319153773774
OR_E,235,4.728879156907371
OR_E,236,3.500213031928568
OR_E,237,3.2620523239591424
OR_E,238,3.6807071002448297
OR_E,239,3.904581594548788
OR_E,240,4.307866880500273
OR_E,241,4.037776556725437
OR_E,242,4.345812656712389
OR_E,243,3.4860145588740274
OR_E,244,2.7322454244656185
OR_E,245,3.750063847583351
OR_E,246,3.5068903113748147
OR_E,247,3.9311712711761726
OR_E,248,4.002251056004832
OR_E,249,4.80750931497567
OR_E,250,2.935487364421753
OR_E,251,4.08576973543567
OR_E,252,4.530598477822108
OR_E,253,3.5869852156761253
OR_E,254,4.553158995286854
OR_E,255,4.707019707735946
OR_E,256,3.6710327673103986
OR_E,257,3.2157802702036613
OR_E,258,3.4451258423120117
OR_E,259,3.749219269421989
OR_E,260,4.028166676544022
OR_E,261,4.245291051313114
OR_E,262,4.706561176231018
OR_E,263,3.335999029580114
OR_E,264,3.1137334803323036
OR_E,265,3.506615591951594
OR_E,266,3.661774575904075
OR_E,267,3.657493510396729
OR_E,268,3.6360985803293406
OR_E,269,4.226320381633206
OR_E,270,4.0123061594374585
OR_E,271,2.6027634574171774
OR_E,272,3.4942247823852624
OR_E,273,3.338307536726255
OR_E,274,5.250202097781685
OR_E,275,4.275805345584245
OR_E,276,5.59340649543418
OR_E,277,5.126585961043027
OR_E,278,4.454917822734799
OR_E,279,4.389717797721477
OR_E,280,4.369604024397964
OR_E,281,4.827916437024622
OR_E,282,5.539463829567793
OR_E,283,5.681036071279193
OR_E,284,5.171776332523862
OR_E,285,4.026352416271452
OR_E,286,4.891421059025399
OR_E,287,5.424212370001114
OR_E,288,5.443482271674013
OR_E,289,6.670098475248385
OR_E,290,6.523179164856668
OR_E,291,5.252742658533022
OR_E,292,4.906094135241786
OR_E,293,4.643618009278562
OR_E,294,5.531008095550316
OR_E,295,5.125693188060063
OR_E,296,5.656704053609678
OR_E,297,4.944942316216319
OR_E,298,5.0818930402632105
OR_E,299,4.5822767552042665
OR_E,300,4.494511880498316
OR_E,301,4.694472811618038
OR_E,302,4.900277922991399
OR_E,303,4.685611364105586
OR_E,304,4.576370227825536
OR_E,305,4.543821276084805
OR_E,306,3.6106722380141725
OR_E,307,3.9396368821409515
OR_E,308,4.77090086730429
OR_E,309,4.847681982220088
OR_E,310,4.178195120015135
OR_E,311,4.445113672856167
OR_E,312,4.107690596798697
OR_E,313,3.5614308175770653
OR_E,314,2.9524885165337245
OR_E,315,3.965474358311199
OR_E,316,5.176928117947651
OR_E,317,3.7509570935121843
OR_E,318,4.12953211656144
OR_E,319,5.547556615649337
OR_E,320,2.7815922016835137
OR_E,321,3.6793669962619746
OR_E,322,4.213490362336976
OR_E,323,4.189730590310195
OR_E,324,3.7170689423467507
OR_E,325,4.491550125347555
OR_E,326,4.621097908684692
OR_E,327,4.467097499289122
OR_E,328,3.393594781053796
OR_E,329,4.836428482877315
OR_E,330,4.516266499500135
OR_E,331,3.9656470840653815
OR_E,332,1.8526865736416607
OR_E,333,4.230779918304659
OR_E,334,3.750421650891322
OR_E,335,3.152502973496127
OR_E,336,2.4198707219442497
OR_E,337,1.4172966763296357
OR_E,338,1.5837636482163475
OR_E,339,2.1460655112339833
OR_E,340,4.1350478681427
OR_E,341,2.8271833797604105
OR_E,342,3.1738548371221156
OR_E,343,4.1497967220905005
OR_E,344,4.002657000139088
OR_E,345,4.36602526878272
OR_E,346,4.083945617955028
OR_E,347,3.5723396712699005
OR_E,348,3.06751162025766
OR_E,349,3.95705575552299
OR_E,350,4.004751115736443
OR_E,351,4.645602804005449
OR_E,352,4.461460506811543
OR_E,353,4.539322109712041
OR_E,354,4.175083141502625
OR_E,355,2.9113007691955306
OR_E,356,2.918157287591919
OR_E,357,4.371372034630564
OR_E,358,3.3672005392618156
OR_E,359,2.5144121598287703
OR_E,360,4.274751074135127
OR_E,361,4.005943697413236
OR_E,362,3.296304401892416
OR_E,363,3.1646183499414193
OR_E,364,3.8615770002660774
OR_E,365,3.551007953344733
OR_PDX,1,10806.49359870435
OR_PDX,2,14837.369531478473
OR_PDX,3,17173.58685821032
OR_PDX,4,16704.58913576435
OR_PDX,5,17578.94764670893
OR_PDX,6,13562.895808583198
OR_PDX,7,13204.980993989086
OR_PDX,8,14425.242809083074
OR_PDX,9,13040.141712326447
OR_PDX,10,13799.84419300235
OR_PDX,11,16430.77986371128
OR_PDX,12,15293.448763714961
OR_PDX,13,6774.370485402268
OR_PDX,14,10426.129436595851
OR_PDX,15,12315.11559962062
OR_PDX,16,8319.874887329654
OR_PDX,17,6090.860163643399
OR_PDX,18,11940.418684816483
OR_PDX,19,14417.166822042249
OR_PDX,20,10765.454161107355
OR_PDX,21,12818.086752697318
OR_PDX,22,14571.477194585459
OR_PDX,23,14916.793899774666
OR_PDX,24,14603.423736351564
OR_PDX,25,17138.359368066656
OR_PDX,26,16320.521394281022
OR_PDX,27,11927.292695933595
OR_PDX,28,13607.824677200704
OR_PDX,29,15887.822851269366
OR_PDX,30,14581.909774915395
OR_PDX,31,15372.040297094534
OR_PDX,32,17612.082144576463
OR_PDX,33,16174.534489474874
OR_PDX,34,11248.045264095914
OR_PDX,35,12239.279843554174
OR_PDX,36,15883.69841210897
OR_PDX,37,14913.234473111861
OR_PDX,38,15125.980462808673
OR_PDX,39,17410.20314927461
OR_PDX,40,16153.291370278595
OR_PDX,41,10743.462180654013
OR_PDX,42,11791.431793495472
OR_PDX,43,15668.877169195594
OR_PDX,44,15707.33969063471
OR_PDX,45,15614.938045305702
OR_PDX,46,17385.408118837884
OR_PDX,47,15686.524807719567
OR_PDX,48,11656.879968729354
OR_PDX,49,13069.987989928504
OR_PDX,50,14971.938348821346
OR_PDX,51,15506.04847313812
OR_PDX,52,16690.166692656316
OR_PDX,53,18143.248112773792
OR_PDX,54,17441.734516850764
OR_PDX,55,12506.417340873042
OR_PDX,56,14111.431643775553
OR_PDX,57,15531.669768126198
OR_PDX,58,16429.389818042233
OR_PDX,59,16441.495558586445
OR_PDX,60,15546.670027315002
OR_PDX,61,12870.287142327548
OR_PDX,62,13599.041630459782
OR_PDX,63,16152.146545206862
OR_PDX,64,15131.31915245719
OR_PDX,65,15873.264139705501
OR_PDX,66,17064.155374481514
OR_PDX,67,16322.899561384293
OR_PDX,68,12639.152352388941
OR_PDX,69,13601.986028627804
OR_PDX,70,17250.002121355414
OR_PDX,71,17483.79111944954
OR_PDX,72,16243.10666976645
OR_PDX,73,17929.755544549556
OR_PDX,74,15988.286367338067
OR_PDX,75,12899.225077345758
OR_PDX,76,14318.772168373393
OR_PDX,77,16903.403387355345
OR_PDX,78,16200.331889733088
OR_PDX,79,19692.72353958685
OR_PDX,80,18535.846003447758
OR_PDX,81,17146.644809398986
OR_PDX,82,15334.46486740563
OR_PDX,83,14229.668150212941
OR_PDX,84,16402.33009871953
OR_PDX,85,16219.223361580298
OR_PDX,86,17187.10847766454
OR_PDX,87,18297.262074004302
OR_PDX,88,17993.94599825912
OR_PDX,89,13581.296519484371
OR_PDX,90,13875.926600261979
OR_PDX,91,17666.33993440326
OR_PDX,92,18143.171274528537
OR_PDX,93,18341.958275291156
OR_PDX,94,17647.715946184904
OR_PDX,95,18332.454403535092
OR_PDX,96,14836.922091149281
OR_PDX,97,15222.356516308277
OR_PDX,98,16284.900817644417
OR_PDX,99,18147.143271861936
OR_PDX,100,17977.936480935005
OR_PDX,101,19133.563420605384
OR_PDX,102,18258.017328491518
OR_PDX,103,13418.212353020896
OR_PDX,104,14759.102569798359
OR_PDX,105,17601.68989434765
OR_PDX,106,16753.80457359822
OR_PDX,107,17507.804503136973
OR_PDX,108,18028.389031190432
OR_PDX,109,17176.65302063913
OR_PDX,110,13143.387884180263
OR_PDX,111,14819.820913030018
OR_PDX,112,16508.57888538408
OR_PDX,113,16984.947278841577
OR_PDX,114,17901.837415687987
OR_PDX,115,19217.694201382656
OR_PDX,116,17984.446948339024
OR_PDX,117,13371.573515801287
OR_PDX,118,15030.325191514305
OR_PDX,119,17370.48653890753
OR_PDX,120,16899.326560083256
OR_PDX,121,17303.04127942746
OR_PDX,122,18712.00655938834
OR_PDX,123,18490.388983870504
OR_PDX,124,13685.5783202534
OR_PDX,125,15356.473956439915
OR_PDX,126,16589.308069705028
OR_PDX,127,17310.00463984021
OR_PDX,128,17618.658459143262
OR_PDX,129,19479.78807327866
OR_PDX,130,17632.30960960034
OR_PDX,131,13412.79589192033
OR_PDX,132,14156.153777605366
OR_PDX,133,18730.39801360533
OR_PDX,134,18251.604759552763
OR_PDX,135,17495.269473001867
OR_PDX,136,20284.021025991096
OR_PDX,137,18017.40748598855
OR_PDX,138,13543.199760211623
OR_PDX,139,15374.002477545451
OR_PDX,140,18215.932193247194
OR_PDX,141,18272.801260470438
OR_PDX,142,19406.42103070139
OR_PDX,143,20235.20350998986
OR_PDX,144,19938.604232772785
OR_PDX,145,13611.865267703755
OR_PDX,146,12742.336469719448
OR_PDX,147,15462.796913719803
OR_PDX,148,17665.334669251395
OR_PDX,149,17821.132175937444
OR_PDX,150,18781.839335219345
OR_PDX,151,18847.5240711953
OR_PDX,152,14685.56600910561
OR_PDX,153,16362.338371229614
OR_PDX,154,19342.871805696945
OR_PDX,155,20137.05261058758
OR_PDX,156,19550.626624621942
OR_PDX,157,19930.315572767966
OR_PDX,158,19096.26123548388
OR_PDX,159,14060.545146268783
OR_PDX,160,16804.539742049958
OR_PDX,161,18811.31042574687
OR_PDX,162,19614.641357342756
OR_PDX,163,19282.21041418304
OR_PDX,164,20308.68256676646
OR_PDX,165,19322.129335824764
OR_PDX,166,15716.383370141122
OR_PDX,167,17173.239258617814
OR_PDX,168,20306.400255058008
OR_PDX,169,19851.124030902978
OR_PDX,170,18681.504597798
OR_PDX,171,20577.22770189382
OR_PDX,172,19665.703748309683
OR_PDX,173,16138.61838192392
OR_PDX,174,17021.699269939483
OR_PDX,175,19158.59580098367
OR_PDX,176,19573.889643007984
OR_PDX,177,21341.23734093559
OR_PDX,178,22023.07046248104
OR_PDX,179,20531.68496160437
OR_PDX,180,14929.67212280951
OR_PDX,181,18254.820419647964
OR_PDX,182,19388.030352409347
OR_PDX,183,18782.774447822587
OR_PDX,184,18854.481878341972
OR_PDX,185,13450.831252839285
OR_PDX,186,16914.08717584372
OR_PDX,187,14719.794173287994
OR_PDX,188,16321.903920247883
OR_PDX,189,18865.22545329775
OR_PDX,190,20464.294729895846
OR_PDX,191,19679.97817658453
OR_PDX,192,20311.597110831382
OR_PDX,193,19865.437373995817
OR_PDX,194,16651.67330375249
OR_PDX,195,17315.743782980775
OR_PDX,196,19767.501959900324
OR_PDX,197,18866.58638389469
OR_PDX,198,20194.360319604595
OR_PDX,199,20575.619462786726
OR_PDX,200,19175.05116945804
OR_PDX,201,15888.948099603269
OR_PDX,202,17809.376127861568
OR_PDX,203,20564.52529767061
OR_PDX,204,20159.037900340423
OR_PDX,205,19806.15658948656
OR_PDX,206,20619.634528847477
OR_PDX,207,20608.131527565332
OR_PDX,208,16240.604996063625
OR_PDX,209,17562.310341404693
OR_PDX,210,20568.584162701496
OR_PDX,211,20750.999474471035
OR_PDX,212,20210.302846121336
OR_PDX,213,21415.447780024464
OR_PDX,214,20358.257473850754
OR_PDX,215,16601.772865561397
OR_PDX,216,17855.0078688777
OR_PDX,217,19657.09030592659
OR_PDX,218,19448.193634695057
OR_PDX,219,19960.52438188269
OR_PDX,220,20742.650372454398
OR_PDX,221,20177.51831090853
OR_PDX,222,15830.373377197828
OR_PDX,223,17967.224826083075
OR_PDX,224,19465.353893964282
OR_PDX,225,19677.019682107104
OR_PDX,226,19632.34280575184
OR_PDX,227,21290.085866444657
OR_PDX,228,19544.78419100819
OR_PDX,229,15422.902178523791
OR_PDX,230,17399.02001545064
OR_PDX,231,17957.209968946543
OR_PDX,232,18568.581239523708
OR_PDX,233,19653.83788887759
OR_PDX,234,21692.56949282297
OR_PDX,235,20303.826567391647
OR_PDX,236,15206.399428759301
OR_PDX,237,17872.699438920794
OR_PDX,238,18178.54108526545
OR_PDX,239,18511.556844703733
OR_PDX,240,19043.17540212348
OR_PDX,241,19395.3786402302
OR_PDX,242,18898.0283846259
OR_PDX,243,15067.647772544124
OR_PDX,244,14787.539718937871
OR_PDX,245,17430.95406019685
OR_PDX,246,18037.835306080113
OR_PDX,247,17539.49830327915
OR_PDX,248,20029.38544538332
OR_PDX,249,20050.212673880465
OR_PDX,250,14769.718952553383
OR_PDX,251,18726.300765077875
OR_PDX,252,19578.663014402606
OR_PDX,253,18791.3402647986
OR_PDX,254,19908.697046862435
OR_PDX,255,21883.388978466206
OR_PDX,256,19391.27848223924
OR_PDX,257,15649.203825318864
OR_PDX,258,17823.539546231485
OR_PDX,259,19670.971421449263
OR_PDX,260,19797.524507941347
OR_PDX,261,18983.822846446612
OR_PDX,262,21753.244713279222
OR_PDX,263,17901.095296501124
OR_PDX,264,14630.393633814074
OR_PDX,265,16644.474854651748
OR_PDX,266,18298.639546128696
OR_PDX,267,18035.38448708112
OR_PDX,268,19740.43664221512
OR_PDX,269,20170.4392530668
OR_PDX,270,19933.24537170311
OR_PDX,271,14302.358821421274
OR_PDX,272,17467.088711524048
OR_PDX,273,17328.71287887004
OR_PDX,274,17869.587681424367
OR_PDX,275,17257.52955690075
OR_PDX,276,19624.9820787969
OR_PDX,277,19881.138798550575
OR_PDX,278,14905.896019398535
OR_PDX,279,16401.48334905955
OR_PDX,280,17969.146463668578
OR_PDX,281,18255.467560431884
OR_PDX,282,18206.992461159298
OR_PDX,283,19913.59348353662
OR_PDX,284,18895.612892811274
OR_PDX,285,15953.595368918213
OR_PDX,286,16817.861306880997
OR_PDX,287,17987.04771985493
OR_PDX,288,18435.701330751526
OR_PDX,289,18958.028966730933
OR_PDX,290,20619.04028882351
OR_PDX,291,19516.240784854857
OR_PDX,292,14949.888667681871
OR_PDX,293,16426.32289868204
OR_PDX,294,18413.494158798017
OR_PDX,295,17668.72986770956
OR_PDX,296,19034.773393881296
OR_PDX,297,20467.591068319052
OR_PDX,298,18914.106473391326
OR_PDX,299,13518.560309401779
OR_PDX,300,16822.193433114848
OR_PDX,301,17719.74109148617
OR_PDX,302,16815.14465071264
OR_PDX,303,16786.92706951527
OR_PDX,304,17035.562813974197
OR_PDX,305,18484.229621856593
OR_PDX,306,13628.519583888477
OR_PDX,307,17002.639711861997
OR_PDX,308,16886.176038201513
OR_PDX,309,16549.815528791052
OR_PDX,310,17717.53842915959
OR_PDX,311,18411.733489900424
OR_PDX,312,18189.09362198969
OR_PDX,313,13710.650043978909
OR_PDX,314,15764.372564282556
OR_PDX,315,17138.94142358261
OR_PDX,316,18237.10142711313
OR_PDX,317,16957.227563300472
OR_PDX,318,19815.895558301174
OR_PDX,319,19824.507458203083
OR_PDX,320,13039.16787256997
OR_PDX,321,16236.804229142974
OR_PDX,322,16874.22208168667
OR_PDX,323,16275.551314747141
OR_PDX,324,17072.337695761013
OR_PDX,325,19512.948802394298
OR_PDX,326,18010.528406434427
OR_PDX,327,16755.33533790838
OR_PDX,328,15846.663224834288
OR_PDX,329,17675.301762127834
OR_PDX,330,20131.392075513508
OR_PDX,331,19260.978764534975
OR_PDX,332,7508.1661806763705
OR_PDX,333,16281.855881857833
OR_PDX,334,16493.46133163428
OR_PDX,335,16628.89154936281
OR_PDX,336,17998.06304651969
OR_PDX,337,15525.249199727257
OR_PDX,338,16360.112706912394
OR_PDX,339,18179.7228827808
OR_PDX,340,19217.223613457714
OR_PDX,341,14247.768878933699
OR_PDX,342,15427.210588353073
OR_PDX,343,17244.99754267394
OR_PDX,344,16326.432868345482
OR_PDX,345,18211.056736729344
OR_PDX,346,18585.900384670324
OR_PDX,347,17532.597607792653
OR_PDX,348,13607.81633631419
OR_PDX,349,16161.483463968127
OR_PDX,350,17337.700259436653
OR_PDX,351,17664.883830567756
OR_PDX,352,18476.930100218513
OR_PDX,353,19767.099229497573
OR_PDX,354,18604.03733229228
OR_PDX,355,15555.313052849791
OR_PDX,356,15688.217870415278
OR_PDX,357,17803.608273214315
OR_PDX,358,14877.29932132887
OR_PDX,359,11521.049306281086
OR_PDX,360,17873.043139976366
OR_PDX,361,17500.25046224637
OR_PDX,362,15508.279825924312
OR_PDX,363,15163.904508374502
OR_PDX,364,16352.595134678242
OR_PDX,365,15641.63394862427
OR_W,1,117.37118331570626
OR_W,2,16.771753341158533
OR_W,3,62.20767827490646
OR_W,4,124.45317580971629
OR_W,5,191.14473189205304
OR_W,6,47.517905684298626
OR_W,7,94.27698488312143
OR_W,8,23.07126203739763
OR_W,9,55.31184452050575
OR_W,10,63.48816445289317
OR_W,11,75.40061190751845
OR_W,12,56.02178255552084
OR_W,13,2.1445976500442767
OR_W,14,1.6261590484712334
OR_W,15,28.29795596116048
OR_W,16,25.11616722120654
OR_W,17,6.698885915420727
OR_W,18,22.578833733541895
OR_W,19,94.2563184219516
OR_W,20,12.707591308378614
OR_W,21,72.80082743645455
OR_W,22,132.32105073032815
OR_W,23,201.13113262296062
OR_W,24,85.62034823773763
OR_W,25,87.8026028467627
OR_W,26,122.87408850935782
OR_W,27,15.481479849733853
OR_W,28,183.79622951338908
OR_W,29,138.36446043047448
OR_W,30,16.80645838751163
OR_W,31,14.47143792849211
OR_W,32,83.27818044906597
OR_W,33,21.173900873412517
OR_W,34,107.75541954418402
OR_W,35,123.65978918959343
OR_W,36,79.7445199230957
OR_W,37,145.49753954713123
OR_W,38,82.34516327277356
OR_W,39,16.136708083417258
OR_W,40,89.73666371567693
OR_W,41,191.8669691144628
OR_W,42,91.68940292377832
OR_W,43,149.62552798947416
OR_W,44,150.38136189101832
OR_W,45,61.55431045466333
OR_W,46,69.69153952051563
OR_W,47,111.83123892716026
OR_W,48,56.889495433766484
OR_W,49,87.85439374541028
OR_W,50,121.00725820596503
OR_W,51,16.971435183849138
OR_W,52,17.310992114549975
OR_W,53,18.801553816711273
OR_W,54,123.36428825714468
OR_W,55,179.34471943784263
OR_W,56,68.83779853801644
OR_W,57,14.745603380736762
OR_W,58,77.2020987318701
OR_W,59,17.37270890429268
OR_W,60,52.61131726788648
OR_W,61,48.45151689355493
OR_W,62,16.223605192397482
OR_W,63,16.938062510261823
OR_W,64,62.09771267765728
OR_W,65,162.1376976444081
OR_W,66,124.62439094434745
OR_W,67,87.05482189685348
OR_W,68,43.92977083619667
OR_W,69,13.413322978324878
OR_W,70,17.485035069020608
OR_W,71,106.52260749144283
OR_W,72,139.07421989104483
OR_W,73,109.11214971779279
OR_W,74,161.61045053659203
OR_W,75,118.89418529435042
OR_W,76,198.06742283810277
OR_W,77,132.51810597422795
OR_W,78,134.87922633657715
OR_W,79,23.291618650943583
OR_W,80,128.84104897914236
OR_W,81,156.41093292022097
OR_W,82,16.887490539638378
OR_W,83,110.05542061890159
OR_W,84,113.83987414768087
OR_W,85,143.51476997180936
OR_W,86,17.52468575002255
OR_W,87,16.766425882287074
OR_W,88,111.45408154550715
OR_W,89,149.16755908459587
OR_W,90,97.94338665758075
OR_W,91,102.27621748413543
OR_W,92,195.74789563777344
OR_W,93,110.91783421847092
OR_W,94,13.495814647303078
OR_W,95,96.94474157941288
OR_W,96,78.19959626682729
OR_W,97,89.92133277880609
OR_W,98,11.490956812071754
OR_W,99,116.98230222774173
OR_W,100,179.5512845374544
OR_W,101,153.73167770791324
OR_W,102,139.79455300825236
OR_W,103,91.78884162611537
OR_W,104,10.324661944397251
OR_W,105,12.775628431709622
OR_W,106,11.146496766073895
OR_W,107,126.1548406225268
OR_W,108,109.55141873356894
OR_W,109,94.99040847170974
OR_W,110,75.40883536695402
OR_W,111,83.2441532287214
OR_W,112,98.68147179943479
OR_W,113,11.319275986585973
OR_W,114,12.27031055068698
OR_W,115,88.82764044642664
OR_W,116,12.207768511166119
OR_W,117,79.67438969310174
OR_W,118,148.07652443260082
OR_W,119,11.718681608726207
OR_W,120,133.1255014402668
OR_W,121,104.83140821492115
OR_W,122,128.74218642160972
OR_W,123,15.476975968795212
OR_W,124,8.138701803575835
OR_W,125,123.60716110439046
OR_W,126,11.73170809118983
OR_W,127,93.73680181623625
OR_W,128,119.51281374144021
OR_W,129,76.17358524558047
OR_W,130,121.90191586006442
OR_W,131,99.97706919911147
OR_W,132,96.1333648928981
OR_W,133,82.07359612780193
OR_W,134,69.25511355289672
OR_W,135,73.93896513534298
OR_W,136,158.28720575768654
OR_W,137,154.50894385222227
OR_W,138,8.552198598105404
OR_W,139,129.8618650471041
OR_W,140,112.70503749599489
OR_W,141,75.79296609273216
OR_W,142,12.693585845335567
OR_W,143,190.62083731836543
OR_W,144,191.39116622758112
OR_W,145,140.57672951012842
OR_W,146,117.62082252718655
OR_W,147,189.72672066098545
OR_W,148,148.1699546188124
OR_W,149,113.50272720831956
OR_W,150,149.22616181013984
OR_W,151,176.75274051299672
OR_W,152,106.36142467725873
OR_W,153,85.6216929937456
OR_W,154,21.50328696741277
OR_W,155,120.20455199252793
OR_W,156,120.78190200835381
OR_W,157,134.37386306453726
OR_W,158,110.66102875037663
OR_W,159,141.66051320227547
OR_W,160,104.60337697812037
OR_W,161,116.32928682117554
OR_W,162,99.45032750014732
OR_W,163,15.26843773627477
OR_W,164,130.63255752433545
OR_W,165,183.16023210608458
OR_W,166,83.05093803999513
OR_W,167,125.61817001365077
OR_W,168,159.0588052906964
OR_W,169,127.4379688783907
OR_W,170,14.3678888975059
OR_W,171,14.809207325662417
OR_W,172,166.90718882067412
OR_W,173,97.34382619052603
OR_W,174,214.29746876155193
OR_W,175,99.7536227537379
OR_W,176,15.305526323712707
OR_W,177,18.572296958850217
OR_W,178,178.69392231638068
OR_W,179,162.5610939958738
OR_W,180,149.48631144692789
OR_W,181,149.2720335580583
OR_W,182,114.65098478702205
OR_W,183,114.41201373266642
OR_W,184,136.81608885045682
OR_W,185,70.83785548968953
OR_W,186,54.094856052704365
OR_W,187,84.30017591945058
OR_W,188,84.73616442203405
OR_W,189,110.19331656499767
OR_W,190,69.04464856785303
OR_W,191,71.17911441766255
OR_W,192,92.41157482409913
OR_W,193,136.710518122351
OR_W,194,100.05529944505197
OR_W,195,132.1434686974819
OR_W,196,100.59912899769361
OR_W,197,140.4527723910862
OR_W,198,75.08962609012788
OR_W,199,151.42265928055707
OR_W,200,114.64567391184045
OR_W,201,59.58167082632974
OR_W,202,153.76412837337855
OR_W,203,98.24336032592495
OR_W,204,75.799362818143
OR_W,205,156.92946521782517
OR_W,206,12.393913944230555
OR_W,207,67.75837049193042
OR_W,208,121.49371376859564
OR_W,209,173.67534384329198
OR_W,210,267.6893098332814
OR_W,211,109.87230580245128
OR_W,212,174.07457534864182
OR_W,213,145.68229031455235
OR_W,214,151.9577984686534
OR_W,215,83.531161711077
OR_W,216,151.97919088082844
OR_W,217,13.982219724345883
OR_W,218,78.62321684284466
OR_W,219,116.09980287388383
OR_W,220,180.81440508291786
OR_W,221,80.0675346101018
OR_W,222,131.33452150992716
OR_W,223,185.6289361688826
OR_W,224,105.12709047761722
OR_W,225,137.2807008635984
OR_W,226,110.30922317531325
OR_W,227,11.444812008656667
OR_W,228,142.84904978001788
OR_W,229,7.4617774240206485
OR_W,230,180.18825018269493
OR_W,231,136.48851471654694
OR_W,232,155.72297922371058
OR_W,233,124.79429592842648
OR_W,234,167.85432863064858
OR_W,235,139.0429010603295
OR_W,236,156.44330966003474
OR_W,237,103.74440998065201
OR_W,238,9.98383318238352
OR_W,239,62.52313865330788
OR_W,240,77.59226841801069
OR_W,241,68.06671529502974
OR_W,242,151.93736214461524
OR_W,243,110.10128692344017
OR_W,244,146.92020032575303
OR_W,245,273.7753028839877
OR_W,246,76.29569224429528
OR_W,247,94.07766356440128
OR_W,248,146.6492538882753
OR_W,249,156.4902445917859
OR_W,250,129.19044473098413
OR_W,251,154.5891947733284
OR_W,252,124.4591419224139
OR_W,253,129.47723508886554
OR_W,254,203.9081344424477
OR_W,255,252.24046892557828
OR_W,256,68.72956805049925
OR_W,257,182.4336861644557
OR_W,258,192.14969812637122
OR_W,259,84.1202552571282
OR_W,260,237.02619786594101
OR_W,261,152.98798836315532
OR_W,262,165.73410888312975
OR_W,263,122.58970795283595
OR_W,264,110.83011504737918
OR_W,265,83.9089720943697
OR_W,266,141.9724016370721
OR_W,267,11.42817024569327
OR_W,268,140.80278035088045
OR_W,269,143.2340805289226
OR_W,270,235.03247832003987
OR_W,271,108.72776843210866
OR_W,272,131.22973121411573
OR_W,273,61.1349563788876
OR_W,274,69.45134589015773
OR_W,275,111.80521904962885
OR_W,276,69.1221147984897
OR_W,277,144.1500113483523
OR_W,278,156.8181567530765
OR_W,279,109.57453578423883
OR_W,280,73.08030966317845
OR_W,281,144.68801153453995
OR_W,282,176.74969525273949
OR_W,283,185.98632123660903
OR_W,284,23.620162469953424
OR_W,285,105.15666958826395
OR_W,286,113.82108860806366
OR_W,287,148.6845064739701
OR_W,288,113.39182476326006
OR_W,289,184.17334896918993
OR_W,290,132.96848897091843
OR_W,291,20.904802119230553
OR_W,292,88.64710818934476
OR_W,293,190.86962522722501
OR_W,294,21.167191799943957
OR_W,295,191.85377275780536
OR_W,296,155.61816076327796
OR_W,297,148.34156818374848
OR_W,298,123.22558547745052
OR_W,299,87.723125028587
OR_W,300,82.35510202374526
OR_W,301,90.01635212793894
OR_W,302,148.2802070301516
OR_W,303,113.62625223018831
OR_W,304,18.52561063158974
OR_W,305,77.31364119122509
OR_W,306,112.44642621004061
OR_W,307,16.738206970206647
OR_W,308,14.152897127491999
OR_W,309,153.778039110854
OR_W,310,136.1068372502816
OR_W,311,153.99018369226593
OR_W,312,117.15253381423307
OR_W,313,156.39917464936218
OR_W,314,173.57008661831014
OR_W,315,14.122220055389228
OR_W,316,190.1664169740449
OR_W,317,77.97193991232422
OR_W,318,135.6141156004568
OR_W,319,196.48627799452197
OR_W,320,96.46276930964102
OR_W,321,15.148992739796377
OR_W,322,14.835803243650888
OR_W,323,82.2107879220771
OR_W,324,96.74592989078225
OR_W,325,17.002698231689596
OR_W,326,78.69220371349117
OR_W,327,165.08170190918622
OR_W,328,110.4140127016624
OR_W,329,98.82684789455158
OR_W,330,154.32098513703477
OR_W,331,131.98318439931856
OR_W,332,7.655318524304692
OR_W,333,209.9242606551959
OR_W,334,211.29903174233615
OR_W,335,96.0422150254019
OR_W,336,101.2449750130538
OR_W,337,75.76484680219484
OR_W,338,71.22802735643285
OR_W,339,112.78336245115625
OR_W,340,151.7729534455697
OR_W,341,13.40174018104863
OR_W,342,105.01734816018487
OR_W,343,152.2026125478918
OR_W,344,137.97522244820632
OR_W,345,217.16190043555164
OR_W,346,125.79390279336906
OR_W,347,93.24326831294412
OR_W,348,15.475412817696279
OR_W,349,15.416095056984593
OR_W,350,16.134111712091336
OR_W,351,129.15021901684418
OR_W,352,84.97360546524311
OR_W,353,148.65292106070282
OR_W,354,146.9949312791587
OR_W,355,87.37061193299631
OR_W,356,13.394200600115216
OR_W,357,14.218898830116427
OR_W,358,52.513688345462015
OR_W,359,8.784928422324457
OR_W,360,78.66203090201648
OR_W,361,140.9284823060579
OR_W,362,11.92711705734186
OR_W,363,13.958322655644583
OR_W,364,143.35821844953264
OR_W,365,122.56984325296567
OR_WA_BPA,1,187.10325381651722
OR_WA_BPA,2,0.33126456707578167
OR_WA_BPA,3,103.36860953927356
OR_WA_BPA,4,35.41134441893413
OR_WA_BPA,5,54.651601026041675
OR_WA_BPA,6,26.351716861125517
OR_WA_BPA,7,90.44653130039036
OR_WA_BPA,8,0.34490707714411134
OR_WA_BPA,9,0.36018751222181294
OR_WA_BPA,10,36.40406056046076
OR_WA_BPA,11,0.3834675627419608
OR_WA_BPA,12,0.36758063350528986
OR_WA_BPA,13,33.5912307367969
OR_WA_BPA,14,150.99985434708367
OR_WA_BPA,15,85.72879408956649
OR_WA_BPA,16,33.214735050102504
OR_WA_BPA,17,0.296185886029249
OR_WA_BPA,18,0.49273626535033493
OR_WA_BPA,19,0.38372975481857763
OR_WA_BPA,20,65.3867542805666
OR_WA_BPA,21,0.2696447927603138
OR_WA_BPA,22,0.34832546417696936
OR_WA_BPA,23,0.19913371048139558
OR_WA_BPA,24,56.72833907668436
OR_WA_BPA,25,43.79638706687814
OR_WA_BPA,26,60.88370472490377
OR_WA_BPA,27,116.38722325782805
OR_WA_BPA,28,153.89359268107074
OR_WA_BPA,29,189.87011693662345
OR_WA_BPA,30,64.50013966436443
OR_WA_BPA,31,147.53518118509172
OR_WA_BPA,32,150.95171483808582
OR_WA_BPA,33,168.1034709991853
OR_WA_BPA,34,184.43658496601617
OR_WA_BPA,35,262.57713208744224
OR_WA_BPA,36,4.496867882541553
OR_WA_BPA,37,6.488144175648678
OR_WA_BPA,38,170.73049041391454
OR_WA_BPA,39,161.98120802579064
OR_WA_BPA,40,154.7375710329573
OR_WA_BPA,41,270.91414124366446
OR_WA_BPA,42,62.42518634220886
OR_WA_BPA,43,82.29608743669357
OR_WA_BPA,44,2.134740626833609
OR_WA_BPA,45,102.87951521646404
OR_WA_BPA,46,0.5732527417944652
OR_WA_BPA,47,68.07948029220532
OR_WA_BPA,48,78.11737350614042
OR_WA_BPA,49,167.48389800968155
OR_WA_BPA,50,7.874082576852269
OR_WA_BPA,51,7.908295949801041
OR_WA_BPA,52,4.717964910655608
OR_WA_BPA,53,248.2641558121138
OR_WA_BPA,54,70.75294047945825
OR_WA_BPA,55,65.39411951735956
OR_WA_BPA,56,38.46823521755477
OR_WA_BPA,57,0.5038144008411608
OR_WA_BPA,58,51.07067048455028
OR_WA_BPA,59,1.8283545913117187
OR_WA_BPA,60,88.1167903700676
OR_WA_BPA,61,30.877584470579798
OR_WA_BPA,62,59.2907996079623
OR_WA_BPA,63,10.00566366306428
OR_WA_BPA,64,79.31708214973652
OR_WA_BPA,65,20.549151223040113
OR_WA_BPA,66,155.7450721100331
OR_WA_BPA,67,116.57883121059145
OR_WA_BPA,68,70.02226038615498
OR_WA_BPA,69,34.70290683928241
OR_WA_BPA,70,13.251141083483843
OR_WA_BPA,71,9.76033081885733
OR_WA_BPA,72,209.74401938502663
OR_WA_BPA,73,120.37816962478757
OR_WA_BPA,74,130.1425295321498
OR_WA_BPA,75,203.5230770151519
OR_WA_BPA,76,117.18230942027718
OR_WA_BPA,77,34.129289705360605
OR_WA_BPA,78,82.84504063918601
OR_WA_BPA,79,92.34847145571335
OR_WA_BPA,80,189.8678624394321
OR_WA_BPA,81,56.93209600960796
OR_WA_BPA,82,160.99190037292277
OR_WA_BPA,83,183.9595167139266
OR_WA_BPA,84,0.40792320568715296
OR_WA_BPA,85,97.8102385247197
OR_WA_BPA,86,90.28447671242313
OR_WA_BPA,87,86.54737882006067
OR_WA_BPA,88,229.6117042436647
OR_WA_BPA,89,188.44992579358893
OR_WA_BPA,90,242.76332213995602
OR_WA_BPA,91,138.06598968244293
OR_WA_BPA,92,186.24281538028373
OR_WA_BPA,93,0.40975969291337244
OR_WA_BPA,94,0.4060541018610612
OR_WA_BPA,95,12.79243821945572
OR_WA_BPA,96,168.09967330022505
OR_WA_BPA,97,0.2941171891801548
OR_WA_BPA,98,77.81516780368774
OR_WA_BPA,99,65.51078631389083
OR_WA_BPA,100,176.61848723943942
OR_WA_BPA,101,212.54065155473666
OR_WA_BPA,102,135.73055621065237
OR_WA_BPA,103,294.11625470417107
OR_WA_BPA,104,140.45923549941858
OR_WA_BPA,105,91.10423824147911
OR_WA_BPA,106,9.262826908664989
OR_WA_BPA,107,199.0782150851366
OR_WA_BPA,108,210.05907619391235
OR_WA_BPA,109,115.24388872009587
OR_WA_BPA,110,128.39222649383746
OR_WA_BPA,111,0.2988741194495753
OR_WA_BPA,112,0.32798511827316523
OR_WA_BPA,113,127.05935922518124
OR_WA_BPA,114,71.31545570505982
OR_WA_BPA,115,176.46205027483362
OR_WA_BPA,116,194.1996251916545
OR_WA_BPA,117,87.24566400754325
OR_WA_BPA,118,0.30231079683476947
OR_WA_BPA,119,42.36985170613867
OR_WA_BPA,120,18.763802330622045
OR_WA_BPA,121,65.94963060459601
OR_WA_BPA,122,159.95796190984174
OR_WA_BPA,123,190.9738730808557
OR_WA_BPA,124,130.03870815158263
OR_WA_BPA,125,190.337349257182
OR_WA_BPA,126,134.14333983780264
OR_WA_BPA,127,164.7365666894896
OR_WA_BPA,128,97.17532494411813
OR_WA_BPA,129,18.621453192495085
OR_WA_BPA,130,34.36355784234474
OR_WA_BPA,131,177.0068119610048
OR_WA_BPA,132,0.23241577880340925
OR_WA_BPA,133,164.29527495542158
OR_WA_BPA,134,0.4499953378119197
OR_WA_BPA,135,219.18899622024526
OR_WA_BPA,136,275.8167979926833
OR_WA_BPA,137,0.35538501874158623
OR_WA_BPA,138,142.33271851787782
OR_WA_BPA,139,288.72005227275343
OR_WA_BPA,140,273.4613027798046
OR_WA_BPA,141,140.24411829177484
OR_WA_BPA,142,208.78393729172157
OR_WA_BPA,143,318.0818226682287
OR_WA_BPA,144,307.6293558588098
OR_WA_BPA,145,143.3477605428065
OR_WA_BPA,146,249.29273002076064
OR_WA_BPA,147,0.2406196783994988
OR_WA_BPA,148,207.86619602490464
OR_WA_BPA,149,88.03605064325814
OR_WA_BPA,150,0.38736460341115586
OR_WA_BPA,151,113.81029405905981
OR_WA_BPA,152,0.21472773983773258
OR_WA_BPA,153,0.23551824252016687
OR_WA_BPA,154,0.2420993324846738
OR_WA_BPA,155,0.28682202841133136
OR_WA_BPA,156,0.3845527103324466
OR_WA_BPA,157,0.3572939906965661
OR_WA_BPA,158,0.2827108457291796
OR_WA_BPA,159,0.24640928635036247
OR_WA_BPA,160,0.24002390379352764
OR_WA_BPA,161,0.3710925508123226
OR_WA_BPA,162,0.2928338614446735
OR_WA_BPA,163,0.36768325772203675
OR_WA_BPA,164,0.39344903217024996
OR_WA_BPA,165,0.35280566989052153
OR_WA_BPA,166,0.19937532791578658
OR_WA_BPA,167,0.22286698860261525
OR_WA_BPA,168,0.35611835554838117
OR_WA_BPA,169,0.4192052910553851
OR_WA_BPA,170,0.3391020349061468
OR_WA_BPA,171,0.4218281927983727
OR_WA_BPA,172,0.2632417312364627
OR_WA_BPA,173,0.21311060573780177
OR_WA_BPA,174,0.24530023214650304
OR_WA_BPA,175,0.3450270249828807
OR_WA_BPA,176,0.39837195232423034
OR_WA_BPA,177,0.3857189234217456
OR_WA_BPA,178,0.3755778246313896
OR_WA_BPA,179,0.311881758861165
OR_WA_BPA,180,0.1938279314617419
OR_WA_BPA,181,0.2295038439107093
OR_WA_BPA,182,0.3818238360455593
OR_WA_BPA,183,0.44008144502203733
OR_WA_BPA,184,0.3728544114582236
OR_WA_BPA,185,0.146178725187616
OR_WA_BPA,186,0.21739321482207388
OR_WA_BPA,187,0.22235115245327514
OR_WA_BPA,188,0.2746939555734362
OR_WA_BPA,189,0.3558724698580738
OR_WA_BPA,190,0.3545521940673512
OR_WA_BPA,191,0.37209813094313976
OR_WA_BPA,192,0.3695281317705448
OR_WA_BPA,193,0.36216659523002986
OR_WA_BPA,194,0.22141275754487766
OR_WA_BPA,195,0.27321479038460056
OR_WA_BPA,196,0.28651089409110075
OR_WA_BPA,197,0.3849819215846789
OR_WA_BPA,198,0.34621775726410725
OR_WA_BPA,199,0.39392318925146913
OR_WA_BPA,200,0.2913111931663475
OR_WA_BPA,201,0.22709373119096804
OR_WA_BPA,202,0.2416959080359432
OR_WA_BPA,203,0.3300667726438183
OR_WA_BPA,204,0.33260361926392756
OR_WA_BPA,205,0.5286534019316789
OR_WA_BPA,206,0.37789494613938135
OR_WA_BPA,207,0.3417296954036765
OR_WA_BPA,208,0.22216244406125552
OR_WA_BPA,209,0.28880972652113357
OR_WA_BPA,210,0.39861280396266396
OR_WA_BPA,211,0.4345329157517504
OR_WA_BPA,212,0.4297100843011557
OR_WA_BPA,213,0.45551375618028644
OR_WA_BPA,214,0.3920274578585022
OR_WA_BPA,215,0.21851729616408017
OR_WA_BPA,216,0.3092110654252836
OR_WA_BPA,217,0.4215066488421892
OR_WA_BPA,218,0.5026822572101329
OR_WA_BPA,219,0.4937668943992958
OR_WA_BPA,220,0.5620869337716764
OR_WA_BPA,221,0.45363975058167044
OR_WA_BPA,222,0.3209226102791717
OR_WA_BPA,223,0.300950793480256
OR_WA_BPA,224,0.5276419812691551
OR_WA_BPA,225,0.4426680809545071
OR_WA_BPA,226,0.38694055179092274
OR_WA_BPA,227,0.5175291709820354
OR_WA_BPA,228,0.40042665315479636
OR_WA_BPA,229,0.2545394273803463
OR_WA_BPA,230,0.3244788062933957
OR_WA_BPA,231,0.3575234039075263
OR_WA_BPA,232,0.44113915093033185
OR_WA_BPA,233,0.4188129141387651
OR_WA_BPA,234,0.5531971896691669
OR_WA_BPA,235,0.40331261382811684
OR_WA_BPA,236,0.25091648175321746
OR_WA_BPA,237,0.25480869388358507
OR_WA_BPA,238,0.4193856868623307
OR_WA_BPA,239,0.49164372798693873
OR_WA_BPA,240,0.4436490521281068
OR_WA_BPA,241,0.42896270928076113
OR_WA_BPA,242,0.36361214527908065
OR_WA_BPA,243,0.28119676459239085
OR_WA_BPA,244,0.17201218414265756
OR_WA_BPA,245,0.22357122998174067
OR_WA_BPA,246,0.3446232552486599
OR_WA_BPA,247,0.3950477309630349
OR_WA_BPA,248,0.38613175826514323
OR_WA_BPA,249,0.38205706172657267
OR_WA_BPA,250,0.2694646804669533
OR_WA_BPA,251,0.25003212054931157
OR_WA_BPA,252,0.43591703477263194
OR_WA_BPA,253,0.43948261029540775
OR_WA_BPA,254,0.38880084680145227
OR_WA_BPA,255,0.49768799958244203
OR_WA_BPA,256,0.4320841749586162
OR_WA_BPA,257,0.2415770806948445
OR_WA_BPA,258,0.29147378999095447
OR_WA_BPA,259,0.3970380841130428
OR_WA_BPA,260,0.4058374650405093
OR_WA_BPA,261,0.5858391518565274
OR_WA_BPA,262,0.5116833784377653
OR_WA_BPA,263,0.35904573029039977
OR_WA_BPA,264,0.3028106791074675
OR_WA_BPA,265,0.2903133938694246
OR_WA_BPA,266,0.39001960525987034
OR_WA_BPA,267,0.35031705755045545
OR_WA_BPA,268,0.4060321186505478
OR_WA_BPA,269,0.4048800843468768
OR_WA_BPA,270,0.33125004585879503
OR_WA_BPA,271,0.20203443285984235
OR_WA_BPA,272,0.2822430408998563
OR_WA_BPA,273,0.3658674746133793
OR_WA_BPA,274,0.6857027450704851
OR_WA_BPA,275,0.7859308279364083
OR_WA_BPA,276,0.7941924819340397
OR_WA_BPA,277,0.603976849497649
OR_WA_BPA,278,0.41235450524045725
OR_WA_BPA,279,0.5882103962643579
OR_WA_BPA,280,0.6052361731881946
OR_WA_BPA,281,0.6623413870431659
OR_WA_BPA,282,0.690319202128814
OR_WA_BPA,283,0.8647535329362595
OR_WA_BPA,284,0.6455836658630544
OR_WA_BPA,285,0.4337691652166381
OR_WA_BPA,286,0.5266878265419185
OR_WA_BPA,287,0.6355828810950509
OR_WA_BPA,288,0.578639243506002
OR_WA_BPA,289,0.6351323918824031
OR_WA_BPA,290,0.7818453715183447
OR_WA_BPA,291,0.7086043484767195
OR_WA_BPA,292,0.4510822949448528
OR_WA_BPA,293,0.5296654060132509
OR_WA_BPA,294,0.6842830077746095
OR_WA_BPA,295,0.7721217169528627
OR_WA_BPA,296,0.8698833486139973
OR_WA_BPA,297,0.8972084656967038
OR_WA_BPA,298,0.6462124856212248
OR_WA_BPA,299,0.4060120844729666
OR_WA_BPA,300,0.4634726178746878
OR_WA_BPA,301,0.6911828048507905
OR_WA_BPA,302,0.6863488124771934
OR_WA_BPA,303,0.7222118945356825
OR_WA_BPA,304,0.7752253812864759
OR_WA_BPA,305,0.7556834616556877
OR_WA_BPA,306,0.5938925934081946
OR_WA_BPA,307,0.5805902543182705
OR_WA_BPA,308,0.7433578135208108
OR_WA_BPA,309,0.7781886644035683
OR_WA_BPA,310,0.8126204200138049
OR_WA_BPA,311,0.8571618075787345
OR_WA_BPA,312,0.7212355518659221
OR_WA_BPA,313,0.5096040992955093
OR_WA_BPA,314,0.560603155116579
OR_WA_BPA,315,0.6078204772306726
OR_WA_BPA,316,0.7645418051448473
OR_WA_BPA,317,0.7126864741455363
OR_WA_BPA,318,0.8850781134260549
OR_WA_BPA,319,0.6701710881723532
OR_WA_BPA,320,0.4746015986430439
OR_WA_BPA,321,0.5467403826505964
OR_WA_BPA,322,0.7894196839911112
OR_WA_BPA,323,0.8289178173623262
OR_WA_BPA,324,0.8788386591805216
OR_WA_BPA,325,0.9927005709257721
OR_WA_BPA,326,0.6861497608132627
OR_WA_BPA,327,0.7308967350288111
OR_WA_BPA,328,0.552986690598376
OR_WA_BPA,329,0.7521737756665797
OR_WA_BPA,330,0.9080510169707227
OR_WA_BPA,331,0.9157841173621571
OR_WA_BPA,332,0.26577694442324257
OR_WA_BPA,333,0.5951422401578919
OR_WA_BPA,334,0.6402588993808359
OR_WA_BPA,335,0.8248338102419284
OR_WA_BPA,336,0.8863927157419794
OR_WA_BPA,337,0.9238922471949705
OR_WA_BPA,338,0.8367975479492938
OR_WA_BPA,339,0.8032922495656692
OR_WA_BPA,340,0.8077602507581967
OR_WA_BPA,341,0.5277327868127637
OR_WA_BPA,342,0.6496580165773741
OR_WA_BPA,343,0.7992863177502294
OR_WA_BPA,344,1.0135594191778283
OR_WA_BPA,345,1.0022636724841034
OR_WA_BPA,346,0.8272246188557902
OR_WA_BPA,347,0.8309684383190922
OR_WA_BPA,348,0.5536647756708752
OR_WA_BPA,349,0.6256892469585571
OR_WA_BPA,350,0.7868233802394436
OR_WA_BPA,351,0.7214735515329158
OR_WA_BPA,352,0.97673981442784
OR_WA_BPA,353,0.6968155255912202
OR_WA_BPA,354,0.7777020504366926
OR_WA_BPA,355,0.651482394857083
OR_WA_BPA,356,0.588320365737367
OR_WA_BPA,357,0.6283714366814964
OR_WA_BPA,358,0.47228723453171784
OR_WA_BPA,359,0.3752732509985534
OR_WA_BPA,360,0.7524108689455044
OR_WA_BPA,361,0.7247120957560107
OR_WA_BPA,362,0.6178135108366788
OR_WA_BPA,363,0.549858088030189
OR_WA_BPA,364,0.7073085692245521
OR_WA_BPA,365,0.5552131707915755
UT_N,1,22569.86599372637
UT_N,2,27506.602976509734
UT_N,3,28526.146835062387
UT_N,4,28298.545637746083
UT_N,5,27125.689454069827
UT_N,6,25951.925280553638
UT_N,7,25109.27581962785
UT_N,8,26869.861247604396
UT_N,9,24169.615814908262
UT_N,10,24096.25841069774
UT_N,11,28097.27613681585
UT_N,12,26474.84543307782
UT_N,13,20598.444213749874
UT_N,14,21603.873696448667
UT_N,15,28424.54190861569
UT_N,16,26071.304740493353
UT_N,17,23560.140662291393
UT_N,18,30097.647823414118
UT_N,19,27954.223069818585
UT_N,20,21630.207052278864
UT_N,21,27126.69098654598
UT_N,22,28954.0525095329
UT_N,23,26327.171605971173
UT_N,24,27459.5638385093
UT_N,25,28391.61290080431
UT_N,26,28290.01409799449
UT_N,27,21990.380071512947
UT_N,28,26434.38886553587
UT_N,29,27720.056513454583
UT_N,30,24817.54817968686
UT_N,31,25567.11978378671
UT_N,32,28699.078012328864
UT_N,33,26555.62261175943
UT_N,34,23211.12729817392
UT_N,35,26200.15808716052
UT_N,36,27493.38543080642
UT_N,37,26347.839707938692
UT_N,38,26112.676332199142
UT_N,39,28880.61374088352
UT_N,40,28035.060184983286
UT_N,41,25100.60194443865
UT_N,42,24028.392938485875
UT_N,43,30813.76960782956
UT_N,44,27049.362770403306
UT_N,45,25796.656746811135
UT_N,46,30300.835982396493
UT_N,47,29992.331185635507
UT_N,48,23646.600370720047
UT_N,49,23332.51896413693
UT_N,50,31641.0394320462
UT_N,51,28812.876856544535
UT_N,52,27145.37546165373
UT_N,53,31182.931989272864
UT_N,54,27772.65482432009
UT_N,55,22310.980919656577
UT_N,56,27486.832118909075
UT_N,57,27715.34050992053
UT_N,58,28653.050010641786
UT_N,59,29588.823927824847
UT_N,60,29202.41769502103
UT_N,61,19949.552763532658
UT_N,62,27588.52225378827
UT_N,63,27713.526177432756
UT_N,64,28055.91226077684
UT_N,65,29569.15993729225
UT_N,66,29215.587141048796
UT_N,67,29668.832363117264
UT_N,68,23202.716245085696
UT_N,69,26582.105872401615
UT_N,70,28550.575913907473
UT_N,71,28713.35255903685
UT_N,72,30053.600081133936
UT_N,73,27279.034594980236
UT_N,74,28934.36749375813
UT_N,75,25081.995281736963
UT_N,76,27184.968593827074
UT_N,77,28026.661100105615
UT_N,78,29019.904995551413
UT_N,79,28167.731445786918
UT_N,80,30789.016169078164
UT_N,81,29402.725234363996
UT_N,82,24211.077550757105
UT_N,83,25397.073623770844
UT_N,84,29563.560639239393
UT_N,85,27118.211662088735
UT_N,86,29460.978410684213
UT_N,87,28631.4782110578
UT_N,88,30514.40362494034
UT_N,89,22770.18214766448
UT_N,90,24392.620439437662
UT_N,91,29335.876661161557
UT_N,92,27677.641264729944
UT_N,93,28193.973885348227
UT_N,94,23820.624905465545
UT_N,95,25751.613795843605
UT_N,96,23124.67923921986
UT_N,97,24879.68305153608
UT_N,98,28369.967513475724
UT_N,99,25521.068752950327
UT_N,100,27390.8158177327
UT_N,101,28422.569489020643
UT_N,102,27177.337662511356
UT_N,103,21427.91130567058
UT_N,104,24075.537459308936
UT_N,105,27499.97348310631
UT_N,106,26493.619991181706
UT_N,107,27593.09278864957
UT_N,108,28154.53516136736
UT_N,109,27618.42544972462
UT_N,110,20690.562263308657
UT_N,111,24793.161403968214
UT_N,112,28062.42219241702
UT_N,113,26975.11305293168
UT_N,114,28209.106631066992
UT_N,115,29716.73426893114
UT_N,116,26868.881146808926
UT_N,117,20819.47071148559
UT_N,118,24376.47520015746
UT_N,119,26286.69608394714
UT_N,120,25493.763668804288
UT_N,121,27712.432776104775
UT_N,122,27968.277702180647
UT_N,123,27310.86271281983
UT_N,124,21015.083524850455
UT_N,125,22730.63874481349
UT_N,126,26133.398565821077
UT_N,127,26033.70746622694
UT_N,128,27425.629696264827
UT_N,129,26929.034388844677
UT_N,130,26312.02516290148
UT_N,131,21099.66175354465
UT_N,132,23526.275733517494
UT_N,133,26065.653039137258
UT_N,134,26447.496620964444
UT_N,135,28489.28687747926
UT_N,136,29173.05499320739
UT_N,137,27994.657761397888
UT_N,138,20543.854750857474
UT_N,139,24840.209247651866
UT_N,140,27841.39645271585
UT_N,141,26835.009476924643
UT_N,142,28377.46307644425
UT_N,143,28275.879779789244
UT_N,144,26981.68742347416
UT_N,145,20565.54930200586
UT_N,146,20479.02541070844
UT_N,147,24070.884472988542
UT_N,148,27063.54906307873
UT_N,149,26808.671841624993
UT_N,150,28605.09575150366
UT_N,151,26693.857183795113
UT_N,152,21917.94459437047
UT_N,153,25564.375361245937
UT_N,154,27915.70777810036
UT_N,155,27624.962927577362
UT_N,156,28302.16720395352
UT_N,157,29617.080148531288
UT_N,158,27680.523363697434
UT_N,159,23881.770692205417
UT_N,160,25309.527337136806
UT_N,161,29295.40203498093
UT_N,162,28632.391840238863
UT_N,163,30092.026900008495
UT_N,164,29998.945459859144
UT_N,165,28242.959966998344
UT_N,166,23982.442852116117
UT_N,167,24022.877831454323
UT_N,168,30347.854721859283
UT_N,169,29428.989950798335
UT_N,170,26252.80751474643
UT_N,171,28652.10105624872
UT_N,172,27593.079944137273
UT_N,173,23706.807808965103
UT_N,174,25067.807844175364
UT_N,175,28679.40178667085
UT_N,176,28182.74713979924
UT_N,177,26307.42311745442
UT_N,178,28893.856119740813
UT_N,179,27492.410655945405
UT_N,180,23439.789491416483
UT_N,181,25343.41844810444
UT_N,182,26004.54456653318
UT_N,183,27237.56873498712
UT_N,184,27699.356465026987
UT_N,185,19728.505463828173
UT_N,186,22527.433879155335
UT_N,187,23533.85622604426
UT_N,188,26615.940826198428
UT_N,189,28309.757226191286
UT_N,190,28671.88102323399
UT_N,191,29342.47072718156
UT_N,192,29831.563238110342
UT_N,193,27866.763335857107
UT_N,194,23378.635373306388
UT_N,195,25095.13692390278
UT_N,196,28779.084059016237
UT_N,197,28317.302905746816
UT_N,198,28739.61200817922
UT_N,199,28605.096600287863
UT_N,200,23552.589830370624
UT_N,201,21756.161602622215
UT_N,202,23071.083351115347
UT_N,203,27050.406864643144
UT_N,204,27679.61496671935
UT_N,205,27064.571728691146
UT_N,206,29415.844168899264
UT_N,207,29167.519856519855
UT_N,208,23412.49975046709
UT_N,209,26970.47514102473
UT_N,210,28590.96264392232
UT_N,211,27438.869445610173
UT_N,212,28209.126345059154
UT_N,213,29737.51376188958
UT_N,214,25966.041280100195
UT_N,215,23344.777962320193
UT_N,216,25518.403932406058
UT_N,217,27426.683513927244
UT_N,218,26929.05768508039
UT_N,219,29475.0624503037
UT_N,220,29060.318434943765
UT_N,221,28015.402128719288
UT_N,222,23880.854153820554
UT_N,223,26140.042894012353
UT_N,224,25898.278558287715
UT_N,225,27935.489742425787
UT_N,226,26506.775787218856
UT_N,227,29307.648511217973
UT_N,228,27458.595510345967
UT_N,229,22205.790614706784
UT_N,230,25518.411223669667
UT_N,231,27472.73086652774
UT_N,232,26889.605951477093
UT_N,233,28129.19315650545
UT_N,234,29328.35335089736
UT_N,235,28297.5879902236
UT_N,236,21503.259775319297
UT_N,237,26000.89116073297
UT_N,238,26044.98219597531
UT_N,239,25158.959971503882
UT_N,240,26913.930851013127
UT_N,241,28972.832627192824
UT_N,242,26626.18380745964
UT_N,243,20961.53790384096
UT_N,244,21658.380724913837
UT_N,245,26541.473888488563
UT_N,246,25489.082290945364
UT_N,247,25903.74883824769
UT_N,248,27961.583662474077
UT_N,249,27927.804200396902
UT_N,250,21508.784637352503
UT_N,251,25985.654357677024
UT_N,252,27787.651275775213
UT_N,253,26434.239240865612
UT_N,254,28062.268935757897
UT_N,255,29831.39351615841
UT_N,256,27900.519951158363
UT_N,257,21695.841996330848
UT_N,258,26334.598362113287
UT_N,259,26065.59540117438
UT_N,260,25536.020854865936
UT_N,261,28603.02122373955
UT_N,262,29006.540889862696
UT_N,263,28818.350410139825
UT_N,264,21823.853872306485
UT_N,265,26376.062132622166
UT_N,266,28236.268411731522
UT_N,267,27310.767984205733
UT_N,268,28007.695947271935
UT_N,269,28430.977914638566
UT_N,270,29898.096076931717
UT_N,271,23090.71387392642
UT_N,272,26226.39424327228
UT_N,273,29750.487600493572
UT_N,274,26580.637122860877
UT_N,275,27344.318289019753
UT_N,276,29891.219030229426
UT_N,277,28751.29138775591
UT_N,278,22232.726456570846
UT_N,279,27037.619727712572
UT_N,280,29220.714879623545
UT_N,281,27626.527994042786
UT_N,282,27349.979774815758
UT_N,283,30366.952687245233
UT_N,284,29193.34855736661
UT_N,285,24012.776773793033
UT_N,286,26420.472543684224
UT_N,287,27358.313929517935
UT_N,288,27886.978916110045
UT_N,289,28389.93457852611
UT_N,290,31090.26569734026
UT_N,291,27661.232742602184
UT_N,292,23802.4260734949
UT_N,293,26214.88743333211
UT_N,294,27183.36949049309
UT_N,295,26640.878314269015
UT_N,296,27296.340843704897
UT_N,297,28389.17451164072
UT_N,298,30071.73776405531
UT_N,299,21818.81539480333
UT_N,300,23465.626400395784
UT_N,301,26675.58878160537
UT_N,302,26207.369753015315
UT_N,303,26205.427623947144
UT_N,304,23150.45298584537
UT_N,305,27597.5168683359
UT_N,306,21824.693624297084
UT_N,307,23052.117303483785
UT_N,308,25854.70254072655
UT_N,309,23801.713897942063
UT_N,310,25970.461599833074
UT_N,311,27236.409409141717
UT_N,312,24934.84643810774
UT_N,313,20898.279673692774
UT_N,314,23484.658471534603
UT_N,315,26091.796939336487
UT_N,316,24893.636434264303
UT_N,317,28034.943983596284
UT_N,318,29989.978355850257
UT_N,319,28203.222745348285
UT_N,320,20833.414948567548
UT_N,321,24731.92199968449
UT_N,322,26809.482679856854
UT_N,323,27972.79439320314
UT_N,324,28805.210070216475
UT_N,325,28911.387951086428
UT_N,326,28549.366727748453
UT_N,327,25188.96656277504
UT_N,328,24599.242018650093
UT_N,329,27854.297833729746
UT_N,330,29698.755281044683
UT_N,331,27894.82681578656
UT_N,332,14956.162267991944
UT_N,333,21107.109354601555
UT_N,334,25469.181098690227
UT_N,335,29002.8694106942
UT_N,336,28450.7662453017
UT_N,337,27399.29046886115
UT_N,338,25950.814196603544
UT_N,339,28356.65109179707
UT_N,340,26962.79019519195
UT_N,341,22494.436146479744
UT_N,342,23821.57251112125
UT_N,343,28416.825496492052
UT_N,344,26768.19661652321
UT_N,345,26419.211180647635
UT_N,346,28711.220052479042
UT_N,347,27024.027526825186
UT_N,348,21717.582309918453
UT_N,349,24017.273197202954
UT_N,350,28182.719903683505
UT_N,351,26782.28969804383
UT_N,352,26763.50523047826
UT_N,353,30636.563625454306
UT_N,354,31231.924242385125
UT_N,355,27318.373065909334
UT_N,356,27341.062406229976
UT_N,357,27319.39105272571
UT_N,358,22011.98156573042
UT_N,359,18977.91579816925
UT_N,360,31026.01920139821
UT_N,361,32660.61817127195
UT_N,362,29110.15263642577
UT_N,363,28681.329542095602
UT_N,364,29664.092132403734
UT_N,365,23934.379795968223
UT_S,1,0.037094040604108515
UT_S,2,0.07152671455774874
UT_S,3,0.096054767372185
UT_S,4,0.09735827751809194
UT_S,5,0.10818116210380847
UT_S,6,0.05286945828962893
UT_S,7,0.046173501678776395
UT_S,8,0.07010374911047229
UT_S,9,0.06602967681819945
UT_S,10,0.0746996347087061
UT_S,11,0.08498192744609759
UT_S,12,0.07591928393072006
UT_S,13,0.06551560099966657
UT_S,14,0.07122525179527059
UT_S,15,0.08585764163963167
UT_S,16,0.07867443478223322
UT_S,17,0.09023693019726747
UT_S,18,0.10742969332141375
UT_S,19,0.09752788307676609
UT_S,20,0.055829110747649284
UT_S,21,0.08089566325771712
UT_S,22,0.0979619355998753
UT_S,23,0.07809181834516755
UT_S,24,0.08000699352259977
UT_S,25,0.11734196026266816
UT_S,26,0.1010192516188343
UT_S,27,0.04703459218078896
UT_S,28,0.08121511492813889
UT_S,29,0.08468559259883826
UT_S,30,0.08745047779177714
UT_S,31,0.08475586615365019
UT_S,32,0.18042310944519738
UT_S,33,0.2011653024263773
UT_S,34,0.15007079212235386
UT_S,35,0.13265526528152427
UT_S,36,0.13012266595915092
UT_S,37,0.12268905934108396
UT_S,38,0.1324811460338185
UT_S,39,0.1880570965584135
UT_S,40,0.16289791347476287
UT_S,41,0.19217217641509501
UT_S,42,0.19675590748200947
UT_S,43,0.6570963291809188
UT_S,44,0.1636332853971097
UT_S,45,0.09605818106290366
UT_S,46,0.14958199385774565
UT_S,47,0.15206084936107975
UT_S,48,0.13827151519459807
UT_S,49,0.11204187929669056
UT_S,50,0.2016601212936962
UT_S,51,0.18152549645042743
UT_S,52,0.1607476300734844
UT_S,53,0.1867582829568278
UT_S,54,0.12247133476956477
UT_S,55,0.13332704808923934
UT_S,56,0.10393018277952887
UT_S,57,0.1696184436802522
UT_S,58,0.15189413291768156
UT_S,59,0.12138122641236238
UT_S,60,0.04517071061866826
UT_S,61,0.028994171640240794
UT_S,62,0.028682705744772087
UT_S,63,0.03533753655244246
UT_S,64,0.023270050598921913
UT_S,65,0.04659063193644518
UT_S,66,0.03473167109432869
UT_S,67,0.04092279341972807
UT_S,68,0.033006804001509626
UT_S,69,0.03567776415214504
UT_S,70,0.03642037902273378
UT_S,71,0.03881189815568599
UT_S,72,0.046818564061166655
UT_S,73,0.03982141663122723
UT_S,74,0.04426938379888903
UT_S,75,0.03426044452985242
UT_S,76,0.04464173981225625
UT_S,77,0.03384816038290098
UT_S,78,0.0405804864235835
UT_S,79,0.055910787091313544
UT_S,80,0.06644316943759228
UT_S,81,0.04532866873495088
UT_S,82,0.02969224500953902
UT_S,83,0.03798805566409113
UT_S,84,0.040580093278167334
UT_S,85,0.03209827669426208
UT_S,86,0.03350394869082823
UT_S,87,0.03655175482448854
UT_S,88,0.04837965397720239
UT_S,89,0.028629718833332048
UT_S,90,0.03016610622818541
UT_S,91,0.12492322925130606
UT_S,92,0.1004113967921152
UT_S,93,0.1314887478326479
UT_S,94,0.10340886398708295
UT_S,95,0.05666455197492557
UT_S,96,0.09038673253298563
UT_S,97,0.09067625413131906
UT_S,98,0.07590484857391974
UT_S,99,0.07925603895396577
UT_S,100,0.11042576406262719
UT_S,101,0.10996434776488188
UT_S,102,0.1218826080369272
UT_S,103,0.09557180164988202
UT_S,104,0.08295181498735052
UT_S,105,0.1215747465727168
UT_S,106,0.06568825460377398
UT_S,107,0.08951659747802904
UT_S,108,0.09318644561943218
UT_S,109,0.10068697750474642
UT_S,110,0.060527369399812236
UT_S,111,0.10458080834141106
UT_S,112,0.09309406876873336
UT_S,113,0.09043043742742383
UT_S,114,0.10612392405314426
UT_S,115,0.1441815508111168
UT_S,116,0.07608040498972202
UT_S,117,0.05940669012723987
UT_S,118,0.09383842446415326
UT_S,119,0.1024014923171944
UT_S,120,0.09213659596274472
UT_S,121,0.15479405848360575
UT_S,122,0.17569602845252275
UT_S,123,0.13484431232731697
UT_S,124,0.1227189528199443
UT_S,125,0.09458163814147419
UT_S,126,0.12250268558067433
UT_S,127,0.14729455206666575
UT_S,128,0.1424412684498216
UT_S,129,0.11256386083194211
UT_S,130,0.11672721321077723
UT_S,131,0.10429288054283171
UT_S,132,0.08303849179170253
UT_S,133,0.1246185631610427
UT_S,134,0.13208142382294827
UT_S,135,0.16134392984676138
UT_S,136,0.1675557162052502
UT_S,137,0.11410914882251676
UT_S,138,0.07057131532814373
UT_S,139,0.08745385526850594
UT_S,140,0.0979818576561178
UT_S,141,0.07604231971460364
UT_S,142,0.1335625916727276
UT_S,143,0.10220507390229679
UT_S,144,0.09511950193841896
UT_S,145,0.06290544243577559
UT_S,146,0.07905372620255573
UT_S,147,0.10437170804884309
UT_S,148,0.11007095020657583
UT_S,149,0.09566009731560515
UT_S,150,0.10079175602921892
UT_S,151,0.13575130145256226
UT_S,152,0.10796354900929034
UT_S,153,0.14641829433163167
UT_S,154,0.11003988018257888
UT_S,155,0.14271350528073865
UT_S,156,0.13279843169690744
UT_S,157,0.13155017598761476
UT_S,158,0.1408706302546158
UT_S,159,0.12153368268445658
UT_S,160,0.10234560906863306
UT_S,161,0.14833705983044712
UT_S,162,0.09736532732962178
UT_S,163,0.12309825105161858
UT_S,164,0.11729100624008003
UT_S,165,0.1244959622420057
UT_S,166,0.09031161364000077
UT_S,167,0.10654462550115519
UT_S,168,0.16155926164502218
UT_S,169,0.09888098664924476
UT_S,170,0.1192627234852896
UT_S,171,0.12666245901972367
UT_S,172,0.10236110978808319
UT_S,173,0.12055876174206975
UT_S,174,0.08875053713538311
UT_S,175,0.1181356259126646
UT_S,176,0.14759766975167485
UT_S,177,0.08806719355969832
UT_S,178,0.10468700028906852
UT_S,179,0.13071145999425873
UT_S,180,0.06195682191617568
UT_S,181,0.08294261097830906
UT_S,182,0.06961852285605528
UT_S,183,0.08053562387595123
UT_S,184,0.07175080844273356
UT_S,185,0.05590505128177639
UT_S,186,0.06962412762742523
UT_S,187,0.056655655281728744
UT_S,188,0.07233244527785665
UT_S,189,0.09646664141940632
UT_S,190,0.0852086152801253
UT_S,191,0.11036158976616074
UT_S,192,0.0893450412790738
UT_S,193,0.07505670636957404
UT_S,194,0.05183658288210846
UT_S,195,0.051874398748818655
UT_S,196,0.10225868346281906
UT_S,197,0.10447753338013846
UT_S,198,0.09729444906587766
UT_S,199,0.10040168930685393
UT_S,200,0.0873784034792823
UT_S,201,0.08610589703875766
UT_S,202,0.07605372595480878
UT_S,203,0.09334909489542002
UT_S,204,0.0750815413570002
UT_S,205,0.06205589253802052
UT_S,206,0.08530357075951048
UT_S,207,0.09701800464249373
UT_S,208,0.059494182272735806
UT_S,209,0.0968586263993096
UT_S,210,0.10079588866102357
UT_S,211,0.06170068412853938
UT_S,212,0.08605927301171981
UT_S,213,0.07738780089912006
UT_S,214,0.06960703133998941
UT_S,215,0.03742820765168873
UT_S,216,0.0608729849793827
UT_S,217,0.06232873115445936
UT_S,218,0.08880159144493714
UT_S,219,0.08242454478934395
UT_S,220,0.07788817196430892
UT_S,221,0.08197878271618303
UT_S,222,0.06388600057182484
UT_S,223,0.058122921854634975
UT_S,224,0.08890916029130558
UT_S,225,0.06658869630267072
UT_S,226,0.06890097848189071
UT_S,227,0.0861974757053612
UT_S,228,0.0741490898799972
UT_S,229,0.05156190966903319
UT_S,230,0.05402520700439398
UT_S,231,0.07152043792329182
UT_S,232,0.0639749453390444
UT_S,233,0.09088492644263428
UT_S,234,0.09406056470765951
UT_S,235,0.08040469898883736
UT_S,236,0.044208539502435966
UT_S,237,0.06562627473960526
UT_S,238,0.0827087948892331
UT_S,239,0.0754984688222621
UT_S,240,0.10823680720742981
UT_S,241,0.0817503316051994
UT_S,242,0.06568616093525578
UT_S,243,0.05809136889935232
UT_S,244,0.1486039646886971
UT_S,245,0.21669374530771449
UT_S,246,0.1423822083290785
UT_S,247,0.22440896666796756
UT_S,248,0.29068617006311503
UT_S,249,0.19844027768419678
UT_S,250,0.1246648198371525
UT_S,251,0.19550030443576208
UT_S,252,0.23340077463623973
UT_S,253,0.23089914606930323
UT_S,254,0.2463507278983265
UT_S,255,0.2590669932041177
UT_S,256,0.19048592718836876
UT_S,257,0.21598669680203772
UT_S,258,0.2050261237199998
UT_S,259,0.1826954402283964
UT_S,260,0.23453501832554627
UT_S,261,0.2274061036598146
UT_S,262,0.2456774141237644
UT_S,263,0.31329021470629
UT_S,264,0.1372521518593315
UT_S,265,0.16665403187770675
UT_S,266,0.2365468485576531
UT_S,267,0.23002065788279982
UT_S,268,0.23493203579292213
UT_S,269,0.22941524430969343
UT_S,270,0.3257360920113468
UT_S,271,0.18404405643663893
UT_S,272,0.21451667558380488
UT_S,273,0.26255795793150905
UT_S,274,0.5304856560623527
UT_S,275,0.5514238134237406
UT_S,276,0.6232784137886215
UT_S,277,0.6030827264925458
UT_S,278,0.4079236346312685
UT_S,279,0.696039349064568
UT_S,280,0.5125720976044545
UT_S,281,0.5260191738096924
UT_S,282,0.495256330935529
UT_S,283,0.8021070172367829
UT_S,284,0.5866907655154674
UT_S,285,0.7055397053391717
UT_S,286,0.8385875664383947
UT_S,287,0.6889781432311729
UT_S,288,0.5725122144917592
UT_S,289,0.8215390067157942
UT_S,290,0.7399888883843317
UT_S,291,0.6671646509431152
UT_S,292,0.5120998270503896
UT_S,293,0.5106899886854267
UT_S,294,0.6695590068172463
UT_S,295,0.47901973951983634
UT_S,296,0.523966330720696
UT_S,297,0.6074198251233505
UT_S,298,0.67372106269357
UT_S,299,0.5445974084495069
UT_S,300,0.5430653646643595
UT_S,301,0.6144464396921566
UT_S,302,0.47467985798055023
UT_S,303,0.46843679220276246
UT_S,304,0.6346576290851343
UT_S,305,0.29656915770755
UT_S,306,0.27168622823230315
UT_S,307,0.2777742829570679
UT_S,308,0.2916176232904939
UT_S,309,0.25008931290555403
UT_S,310,0.2808772534117938
UT_S,311,0.26567540230255754
UT_S,312,0.24608483918179713
UT_S,313,0.20449704910223354
UT_S,314,0.2753213004014821
UT_S,315,0.2991748001724069
UT_S,316,0.2704883539061151
UT_S,317,0.2790993004703344
UT_S,318,0.5565185006663936
UT_S,319,0.3846913292249971
UT_S,320,0.24836443617786902
UT_S,321,0.18007353349012598
UT_S,322,0.2590079324351018
UT_S,323,0.29059206807179655
UT_S,324,0.29462137703161567
UT_S,325,0.3629966622523291
UT_S,326,0.2716809836610098
UT_S,327,0.2836689876343806
UT_S,328,0.2957808906405842
UT_S,329,0.35607269221220866
UT_S,330,0.3330284296821193
UT_S,331,0.2783029854588285
UT_S,332,0.11523593391843409
UT_S,333,0.21038227113696628
UT_S,334,0.30506132193348845
UT_S,335,0.2602104030353633
UT_S,336,0.17959772272139823
UT_S,337,0.16365115007756278
UT_S,338,0.18976734140302726
UT_S,339,0.23331776620192216
UT_S,340,0.228465483107307
UT_S,341,0.16983490065743767
UT_S,342,0.12998927525669343
UT_S,343,0.2486385628239256
UT_S,344,0.1196728490350216
UT_S,345,0.15157846907402614
UT_S,346,0.22320565331437417
UT_S,347,0.15504540844464257
UT_S,348,0.1625583846930876
UT_S,349,0.10586056332848776
UT_S,350,0.17483378549094855
UT_S,351,0.15978615642142968
UT_S,352,0.17992664743893966
UT_S,353,0.216460430566169
UT_S,354,0.17359403522922534
UT_S,355,0.17862940176764167
UT_S,356,0.15036042359912974
UT_S,357,0.1348286523837982
UT_S,358,0.1324256502117805
UT_S,359,0.10247515500029182
UT_S,360,0.16562709227008846
UT_S,361,0.191308073143951
UT_S,362,0.19742689364449542
UT_S,363,0.1387523351172841
UT_S,364,0.15028303409785607
UT_S,365,0.14846496399064213
WA_ID_AVA,1,22.83592841314386
WA_ID_AVA,2,175.38652469652715
WA_ID_AVA,3,96.1899790772385
WA_ID_AVA,4,146.72027124878727
WA_ID_AVA,5,120.55551925377388
WA_ID_AVA,6,131.8406523069609
WA_ID_AVA,7,122.67602287163112
WA_ID_AVA,8,108.76145513912105
WA_ID_AVA,9,62.21452131325797
WA_ID_AVA,10,104.02113845797352
WA_ID_AVA,11,98.06411408019625
WA_ID_AVA,12,129.73735242724115
WA_ID_AVA,13,102.93704250807087
WA_ID_AVA,14,30.029398139513095
WA_ID_AVA,15,177.37253818509927
WA_ID_AVA,16,178.1712696044904
WA_ID_AVA,17,51.78759288929333
WA_ID_AVA,18,62.25376305486877
WA_ID_AVA,19,182.2839209368103
WA_ID_AVA,20,156.489096495319
WA_ID_AVA,21,27.259011914789337
WA_ID_AVA,22,175.41506320294636
WA_ID_AVA,23,297.75000321132865
WA_ID_AVA,24,177.45102107756503
WA_ID_AVA,25,223.78145610637714
WA_ID_AVA,26,218.86344018418393
WA_ID_AVA,27,92.56143475940608
WA_ID_AVA,28,171.44366906213966
WA_ID_AVA,29,127.17428820866269
WA_ID_AVA,30,311.825336899396
WA_ID_AVA,31,110.13079656153955
WA_ID_AVA,32,166.65731403499072
WA_ID_AVA,33,178.29959267579906
WA_ID_AVA,34,98.33216179740283
WA_ID_AVA,35,21.931732307339367
WA_ID_AVA,36,144.6514222657174
WA_ID_AVA,37,234.24961531339065
WA_ID_AVA,38,107.91600725305656
WA_ID_AVA,39,59.8174034531652
WA_ID_AVA,40,161.63443730957033
WA_ID_AVA,41,113.00001521277514
WA_ID_AVA,42,74.56232544042244
WA_ID_AVA,43,68.13521664681724
WA_ID_AVA,44,334.8024947281135
WA_ID_AVA,45,117.55740771891577
WA_ID_AVA,46,117.10501739848226
WA_ID_AVA,47,152.162067771677
WA_ID_AVA,48,88.4204049512496
WA_ID_AVA,49,20.042848509227625
WA_ID_AVA,50,245.94957754613708
WA_ID_AVA,51,246.53617356080446
WA_ID_AVA,52,156.00862738646717
WA_ID_AVA,53,81.00502689763282
WA_ID_AVA,54,221.13761168473232
WA_ID_AVA,55,252.83948813649087
WA_ID_AVA,56,55.46033316086633
WA_ID_AVA,57,109.41429384960989
WA_ID_AVA,58,124.06849445385491
WA_ID_AVA,59,105.29027118368073
WA_ID_AVA,60,104.1474859793733
WA_ID_AVA,61,49.040177072959544
WA_ID_AVA,62,32.26059882640288
WA_ID_AVA,63,172.15351701426007
WA_ID_AVA,64,204.1973024011504
WA_ID_AVA,65,323.52190390910516
WA_ID_AVA,66,212.93804856748562
WA_ID_AVA,67,210.4754595516826
WA_ID_AVA,68,42.63762184371557
WA_ID_AVA,69,58.15196934370403
WA_ID_AVA,70,224.5058179424632
WA_ID_AVA,71,179.60844753375486
WA_ID_AVA,72,121.89606720503113
WA_ID_AVA,73,293.8540907283011
WA_ID_AVA,74,229.91514529546717
WA_ID_AVA,75,122.99091811504083
WA_ID_AVA,76,143.9998954637159
WA_ID_AVA,77,277.07576932504793
WA_ID_AVA,78,223.03483043264683
WA_ID_AVA,79,242.14332826512276
WA_ID_AVA,80,184.34791997942128
WA_ID_AVA,81,230.94462342940815
WA_ID_AVA,82,148.04601783395657
WA_ID_AVA,83,160.56669489494217
WA_ID_AVA,84,235.28501811656471
WA_ID_AVA,85,178.05618376789607
WA_ID_AVA,86,114.66245568686351
WA_ID_AVA,87,118.13342741128464
WA_ID_AVA,88,101.14398644739347
WA_ID_AVA,89,160.34918039407387
WA_ID_AVA,90,33.19550813719077
WA_ID_AVA,91,200.01386676230172
WA_ID_AVA,92,118.08307628565426
WA_ID_AVA,93,256.3738763279749
WA_ID_AVA,94,249.528824509723
WA_ID_AVA,95,281.6413697421876
WA_ID_AVA,96,45.16639289085569
WA_ID_AVA,97,233.77400733932396
WA_ID_AVA,98,77.09055789582571
WA_ID_AVA,99,217.29142547221306
WA_ID_AVA,100,150.04000407957608
WA_ID_AVA,101,100.50922991347373
WA_ID_AVA,102,137.08383632461715
WA_ID_AVA,103,120.16907678027299
WA_ID_AVA,104,154.61899280045577
WA_ID_AVA,105,153.32384758338506
WA_ID_AVA,106,211.0729288863691
WA_ID_AVA,107,109.04622645975866
WA_ID_AVA,108,82.21491402368676
WA_ID_AVA,109,173.85899729941826
WA_ID_AVA,110,58.444999022660575
WA_ID_AVA,111,23.945678105226065
WA_ID_AVA,112,267.87577930772454
WA_ID_AVA,113,149.58782787311534
WA_ID_AVA,114,277.3972835654713
WA_ID_AVA,115,76.70392363518665
WA_ID_AVA,116,198.93524543696233
WA_ID_AVA,117,144.25597525808135
WA_ID_AVA,118,27.91987238166985
WA_ID_AVA,119,153.134265073393
WA_ID_AVA,120,220.16517090168887
WA_ID_AVA,121,258.934500100249
WA_ID_AVA,122,206.2855234594078
WA_ID_AVA,123,124.27828756549229
WA_ID_AVA,124,159.92885482241945
WA_ID_AVA,125,24.767976164936734
WA_ID_AVA,126,52.3519703687001
WA_ID_AVA,127,111.59966310530186
WA_ID_AVA,128,192.29497838111268
WA_ID_AVA,129,323.05623304715823
WA_ID_AVA,130,300.24333300358427
WA_ID_AVA,131,112.72532131932161
WA_ID_AVA,132,23.02656015267136
WA_ID_AVA,133,219.9391913617549
WA_ID_AVA,134,278.8933978341119
WA_ID_AVA,135,127.90710050312086
WA_ID_AVA,136,33.696029529815966
WA_ID_AVA,137,277.45341218023253
WA_ID_AVA,138,82.26385033823762
WA_ID_AVA,139,23.07850958478051
WA_ID_AVA,140,102.32053299134674
WA_ID_AVA,141,139.24131423953858
WA_ID_AVA,142,90.95351492379109
WA_ID_AVA,143,171.59383841159465
WA_ID_AVA,144,100.83880719226605
WA_ID_AVA,145,158.2691276981885
WA_ID_AVA,146,19.8929367998989
WA_ID_AVA,147,393.75176980386726
WA_ID_AVA,148,141.58898876811324
WA_ID_AVA,149,74.00364653391486
WA_ID_AVA,150,364.25379806685135
WA_ID_AVA,151,183.93667259192614
WA_ID_AVA,152,21.902987340543213
WA_ID_AVA,153,26.221312564599994
WA_ID_AVA,154,30.74512968199177
WA_ID_AVA,155,36.524176556999656
WA_ID_AVA,156,36.89929405170925
WA_ID_AVA,157,39.39613760950399
WA_ID_AVA,158,35.14638388013208
WA_ID_AVA,159,22.76583976008848
WA_ID_AVA,160,26.98885228692351
WA_ID_AVA,161,34.40920569433495
WA_ID_AVA,162,36.79379663141832
WA_ID_AVA,163,39.17707887786364
WA_ID_AVA,164,38.0243297631393
WA_ID_AVA,165,35.426173025992995
WA_ID_AVA,166,25.81054239327755
WA_ID_AVA,167,29.6738977233985
WA_ID_AVA,168,38.312674675523716
WA_ID_AVA,169,38.325234824531236
WA_ID_AVA,170,36.67375150690993
WA_ID_AVA,171,42.2945620548087
WA_ID_AVA,172,36.871275201094456
WA_ID_AVA,173,26.88080375274703
WA_ID_AVA,174,29.336464139661643
WA_ID_AVA,175,38.039957483137755
WA_ID_AVA,176,41.04449919061871
WA_ID_AVA,177,39.91355460640892
WA_ID_AVA,178,44.968011358541744
WA_ID_AVA,179,37.33259679387969
WA_ID_AVA,180,25.17267704468277
WA_ID_AVA,181,29.80804130368304
WA_ID_AVA,182,37.61855667243497
WA_ID_AVA,183,42.67388969008318
WA_ID_AVA,184,38.62583502288919
WA_ID_AVA,185,20.154559328276047
WA_ID_AVA,186,27.4336088985824
WA_ID_AVA,187,26.83855449529341
WA_ID_AVA,188,31.506528082137653
WA_ID_AVA,189,43.123655438283684
WA_ID_AVA,190,38.3601824931024
WA_ID_AVA,191,38.762015876308105
WA_ID_AVA,192,41.95359278289835
WA_ID_AVA,193,37.27897152324688
WA_ID_AVA,194,26.368888240598654
WA_ID_AVA,195,29.855080468025285
WA_ID_AVA,196,39.36549082468822
WA_ID_AVA,197,40.06832333712147
WA_ID_AVA,198,43.01916306264873
WA_ID_AVA,199,41.9327831325431
WA_ID_AVA,200,39.71265793791172
WA_ID_AVA,201,24.75194600939765
WA_ID_AVA,202,27.310811954455385
WA_ID_AVA,203,35.87278164325987
WA_ID_AVA,204,42.965756588748256
WA_ID_AVA,205,40.618249192237215
WA_ID_AVA,206,42.796120677875045
WA_ID_AVA,207,38.62307797927201
WA_ID_AVA,208,27.26755844858809
WA_ID_AVA,209,28.671534243348855
WA_ID_AVA,210,39.195534159600236
WA_ID_AVA,211,42.5967016482867
WA_ID_AVA,212,41.21003215074713
WA_ID_AVA,213,43.26679930843226
WA_ID_AVA,214,41.15724195042595
WA_ID_AVA,215,29.697319737588302
WA_ID_AVA,216,31.068947026935657
WA_ID_AVA,217,43.00910923275362
WA_ID_AVA,218,47.18977018468314
WA_ID_AVA,219,44.447260097382724
WA_ID_AVA,220,48.30937633346947
WA_ID_AVA,221,42.12843901105348
WA_ID_AVA,222,28.730555593481533
WA_ID_AVA,223,33.471836391688875
WA_ID_AVA,224,42.79899389391301
WA_ID_AVA,225,43.01957979910875
WA_ID_AVA,226,42.28009061722037
WA_ID_AVA,227,49.593712345770385
WA_ID_AVA,228,39.20602520506757
WA_ID_AVA,229,31.64679111541161
WA_ID_AVA,230,37.66089401020548
WA_ID_AVA,231,39.51687311081695
WA_ID_AVA,232,41.566955503250036
WA_ID_AVA,233,39.99056656909744
WA_ID_AVA,234,51.307436667297644
WA_ID_AVA,235,42.76048501774974
WA_ID_AVA,236,27.074577991908185
WA_ID_AVA,237,35.11556257488275
WA_ID_AVA,238,38.20064877995761
WA_ID_AVA,239,44.16055791761855
WA_ID_AVA,240,42.789172110927524
WA_ID_AVA,241,45.03923784573659
WA_ID_AVA,242,38.770701130922085
WA_ID_AVA,243,24.338067388538217
WA_ID_AVA,244,22.921658279904296
WA_ID_AVA,245,26.827085580222498
WA_ID_AVA,246,33.21098867992838
WA_ID_AVA,247,35.76991318946288
WA_ID_AVA,248,35.31426998960286
WA_ID_AVA,249,32.494529680444984
WA_ID_AVA,250,25.03765258799263
WA_ID_AVA,251,26.565197010671568
WA_ID_AVA,252,38.68957374956834
WA_ID_AVA,253,44.43226341222949
WA_ID_AVA,254,39.88125704302256
WA_ID_AVA,255,41.581448278235044
WA_ID_AVA,256,37.55466733130375
WA_ID_AVA,257,25.027662962373235
WA_ID_AVA,258,27.565716913817575
WA_ID_AVA,259,33.66078137160932
WA_ID_AVA,260,36.513738026064615
WA_ID_AVA,261,36.878235750858764
WA_ID_AVA,262,38.52082954374125
WA_ID_AVA,263,35.98285471600128
WA_ID_AVA,264,24.430594563625903
WA_ID_AVA,265,25.63860929046588
WA_ID_AVA,266,33.362344602760324
WA_ID_AVA,267,34.36265207096795
WA_ID_AVA,268,34.88142003916335
WA_ID_AVA,269,38.79366420671052
WA_ID_AVA,270,34.55957438375567
WA_ID_AVA,271,22.681903984032537
WA_ID_AVA,272,28.584036058318553
WA_ID_AVA,273,34.236958254689654
WA_ID_AVA,274,36.54847621421606
WA_ID_AVA,275,39.13908143521709
WA_ID_AVA,276,41.97851598883693
WA_ID_AVA,277,36.966606391819255
WA_ID_AVA,278,23.23265343453825
WA_ID_AVA,279,31.07085838463594
WA_ID_AVA,280,36.638281401835734
WA_ID_AVA,281,38.14371741842595
WA_ID_AVA,282,42.598064983469705
WA_ID_AVA,283,40.938841883470786
WA_ID_AVA,284,37.193186454216736
WA_ID_AVA,285,23.723884296885345
WA_ID_AVA,286,29.14839334054731
WA_ID_AVA,287,36.656028320616926
WA_ID_AVA,288,39.82254313929131
WA_ID_AVA,289,36.252115098207994
WA_ID_AVA,290,40.34491489933923
WA_ID_AVA,291,37.46036861988617
WA_ID_AVA,292,26.257977497304957
WA_ID_AVA,293,30.56596359586282
WA_ID_AVA,294,42.61123698040442
WA_ID_AVA,295,41.00288279157127
WA_ID_AVA,296,40.01684252569812
WA_ID_AVA,297,45.97366553005439
WA_ID_AVA,298,39.41321190018871
WA_ID_AVA,299,23.280461087055595
WA_ID_AVA,300,27.86621452625768
WA_ID_AVA,301,36.36388463757826
WA_ID_AVA,302,35.32023708099885
WA_ID_AVA,303,35.63675098607467
WA_ID_AVA,304,36.837875616178856
WA_ID_AVA,305,36.28557031979803
WA_ID_AVA,306,26.84424109213024
WA_ID_AVA,307,29.980331657823406
WA_ID_AVA,308,37.51553325632956
WA_ID_AVA,309,40.54611237945628
WA_ID_AVA,310,37.54373585219917
WA_ID_AVA,311,41.77992344794962
WA_ID_AVA,312,35.406549064185086
WA_ID_AVA,313,24.640384436873738
WA_ID_AVA,314,30.672704968502934
WA_ID_AVA,315,33.28958441053949
WA_ID_AVA,316,38.501707467866574
WA_ID_AVA,317,35.8037688274258
WA_ID_AVA,318,41.39921892901382
WA_ID_AVA,319,39.97994313974328
WA_ID_AVA,320,24.638547764337527
WA_ID_AVA,321,28.69142178034232
WA_ID_AVA,322,39.600497516339416
WA_ID_AVA,323,42.90548108827654
WA_ID_AVA,324,43.35316103047994
WA_ID_AVA,325,45.58426412852459
WA_ID_AVA,326,38.42894749463469
WA_ID_AVA,327,30.09059817146816
WA_ID_AVA,328,31.93501040771382
WA_ID_AVA,329,40.65560269180749
WA_ID_AVA,330,44.20203016316387
WA_ID_AVA,331,41.880120678020596
WA_ID_AVA,332,11.765169604518935
WA_ID_AVA,333,33.894332803818784
WA_ID_AVA,334,31.574094145967493
WA_ID_AVA,335,31.659790145310296
WA_ID_AVA,336,40.88871887514896
WA_ID_AVA,337,44.5054965298819
WA_ID_AVA,338,36.853786967419445
WA_ID_AVA,339,39.72892330098721
WA_ID_AVA,340,37.16913997808655
WA_ID_AVA,341,22.87271290751702
WA_ID_AVA,342,30.97766894270373
WA_ID_AVA,343,40.920166417981
WA_ID_AVA,344,39.14929120769975
WA_ID_AVA,345,40.833196626431565
WA_ID_AVA,346,44.1857040752956
WA_ID_AVA,347,36.740277263164145
WA_ID_AVA,348,22.48177873447431
WA_ID_AVA,349,31.4006216558197
WA_ID_AVA,350,38.90187777580146
WA_ID_AVA,351,38.64188651067812
WA_ID_AVA,352,41.166282494144774
WA_ID_AVA,353,37.24045913379841
WA_ID_AVA,354,38.83300457927753
WA_ID_AVA,355,27.514355586366367
WA_ID_AVA,356,27.162852298644854
WA_ID_AVA,357,34.53195972259244
WA_ID_AVA,358,24.60136296230253
WA_ID_AVA,359,16.911438655864004
WA_ID_AVA,360,30.82139527528304
WA_ID_AVA,361,38.7497073654821
WA_ID_AVA,362,27.17644141187171
WA_ID_AVA,363,26.348067020143528
WA_ID_AVA,364,35.291342411392954
WA_ID_AVA,365,25.672494484806574
WA_N_CEN,1,9.986957822344622e-05
WA_N_CEN,2,0.00023572927815506268
WA_N_CEN,3,0.0002524533573892058
WA_N_CEN,4,0.00025745858112023664
WA_N_CEN,5,0.0001394982796879322
WA_N_CEN,6,0.00012350015203685776
WA_N_CEN,7,0.000126694569393719
WA_N_CEN,8,0.00016336045689856524
WA_N_CEN,9,7.918621940291224e-05
WA_N_CEN,10,0.0002729384051622934
WA_N_CEN,11,0.00012050865571192187
WA_N_CEN,12,0.0002500639276978796
WA_N_CEN,13,4.735981914418734e-05
WA_N_CEN,14,5.02219740960986e-05
WA_N_CEN,15,0.00020249234045648253
WA_N_CEN,16,0.00018138061857961453
WA_N_CEN,17,9.79060785099737e-05
WA_N_CEN,18,8.035606571228196e-05
WA_N_CEN,19,0.00022369457966065805
WA_N_CEN,20,0.00010070064908809594
WA_N_CEN,21,4.892411432521796e-05
WA_N_CEN,22,8.598520686958866e-05
WA_N_CEN,23,0.0001459159170701569
WA_N_CEN,24,0.00017733854770908222
WA_N_CEN,25,0.00017961609029178485
WA_N_CEN,26,0.00025362259926887715
WA_N_CEN,27,0.00012735218574861415
WA_N_CEN,28,7.27275703618472e-05
WA_N_CEN,29,0.00021243366980254878
WA_N_CEN,30,0.0001148383492803058
WA_N_CEN,31,0.00014941357329101033
WA_N_CEN,32,0.0002599200606881258
WA_N_CEN,33,0.000289374764332527
WA_N_CEN,34,9.912616298340799e-05
WA_N_CEN,35,0.00016321330526796132
WA_N_CEN,36,0.00032935649670949704
WA_N_CEN,37,0.0002735240690821765
WA_N_CEN,38,0.0002775125652047203
WA_N_CEN,39,0.00022910327729802417
WA_N_CEN,40,0.00022041217757752312
WA_N_CEN,41,9.257990692213461e-05
WA_N_CEN,42,0.00018667151800345246
WA_N_CEN,43,0.0002709981916819642
WA_N_CEN,44,0.0003131125328836048
WA_N_CEN,45,0.00015449040080037818
WA_N_CEN,46,0.0002725211479633057
WA_N_CEN,47,0.00026166829034370167
WA_N_CEN,48,0.00016727010226434967
WA_N_CEN,49,0.00019245369490654437
WA_N_CEN,50,0.00024287782357230656
WA_N_CEN,51,0.000350232899728303
WA_N_CEN,52,0.00034625282562658784
WA_N_CEN,53,0.0003538765908386338
WA_N_CEN,54,0.00018423948317121224
WA_N_CEN,55,0.00013234502035502514
WA_N_CEN,56,6.579204564951054e-05
WA_N_CEN,57,0.00026811616941108986
WA_N_CEN,58,0.0003901720798072165
WA_N_CEN,59,0.000271383275683616
WA_N_CEN,60,0.0003847050595265599
WA_N_CEN,61,7.20030900282465e-05
WA_N_CEN,62,0.00013493988320285288
WA_N_CEN,63,0.00032786328988474876
WA_N_CEN,64,0.00023169855703945248
WA_N_CEN,65,0.00027474379490104937
WA_N_CEN,66,0.0001606679125099812
WA_N_CEN,67,0.0003324041461208929
WA_N_CEN,68,7.135006099624979e-05
WA_N_CEN,69,0.00010275008275731069
WA_N_CEN,70,0.00023136026923988685
WA_N_CEN,71,0.00020475344252696327
WA_N_CEN,72,0.00019930432458737868
WA_N_CEN,73,0.00019301336996856535
WA_N_CEN,74,0.000149764752448406
WA_N_CEN,75,6.920257005525385e-05
WA_N_CEN,76,7.038728982549256e-05
WA_N_CEN,77,0.00021629524535994932
WA_N_CEN,78,0.0001913026593262687
WA_N_CEN,79,0.00016293760369154005
WA_N_CEN,80,0.00019038172246452082
WA_N_CEN,81,0.00018616132154392442
WA_N_CEN,82,0.00020565756170885436
WA_N_CEN,83,0.0003304694182825144
WA_N_CEN,84,0.00031090816876364925
WA_N_CEN,85,0.0001939247153392096
WA_N_CEN,86,0.00012251610762161329
WA_N_CEN,87,0.0005719529764061579
WA_N_CEN,88,0.00040042603217968817
WA_N_CEN,89,7.056321789566971e-05
WA_N_CEN,90,0.0001018101483856966
WA_N_CEN,91,0.0001373475308190362
WA_N_CEN,92,0.0001785654129445999
WA_N_CEN,93,0.00014904074051472457
WA_N_CEN,94,0.0001534689234836117
WA_N_CEN,95,0.00028783517728500315
WA_N_CEN,96,0.00010086895991858022
WA_N_CEN,97,0.00013734697579934828
WA_N_CEN,98,0.00031643837736491205
WA_N_CEN,99,0.00021613242876728867
WA_N_CEN,100,0.0001440989717577358
WA_N_CEN,101,0.0003633125494844175
WA_N_CEN,102,0.0001777053575513114
WA_N_CEN,103,0.00015780115347742438
WA_N_CEN,104,9.57359347130971e-05
WA_N_CEN,105,0.0003269470776698937
WA_N_CEN,106,0.00025770648995648236
WA_N_CEN,107,0.00018044931328958964
WA_N_CEN,108,0.00032435103194846597
WA_N_CEN,109,0.0001361335977662124
WA_N_CEN,110,9.232542324020518e-05
WA_N_CEN,111,0.00022352702535986485
WA_N_CEN,112,0.0003149808686980227
WA_N_CEN,113,0.00014105062688453442
WA_N_CEN,114,0.00018459333008298459
WA_N_CEN,115,0.0001497416798295855
WA_N_CEN,116,0.00035719860885664954
WA_N_CEN,117,0.00013092730086961723
WA_N_CEN,118,0.00013478438929108113
WA_N_CEN,119,0.0002092322379252775
WA_N_CEN,120,0.00025131650285303153
WA_N_CEN,121,0.00017404956867172078
WA_N_CEN,122,0.0001085685269642309
WA_N_CEN,123,0.00010910006029319494
WA_N_CEN,124,7.257629171996167e-05
WA_N_CEN,125,0.00020637432240816101
WA_N_CEN,126,0.0001386448361360677
WA_N_CEN,127,0.00022506428786355564
WA_N_CEN,128,0.00014368207775070899
WA_N_CEN,129,0.0002723893671997302
WA_N_CEN,130,0.00019227722119795037
WA_N_CEN,131,0.00014769596914825054
WA_N_CEN,132,0.0001235606793749968
WA_N_CEN,133,0.0001934034345221366
WA_N_CEN,134,0.00022775734421892198
WA_N_CEN,135,0.00011509469139667288
WA_N_CEN,136,0.0002996140009067711
WA_N_CEN,137,0.00026539261876653945
WA_N_CEN,138,0.0001215957539742721
WA_N_CEN,139,0.00012384563624596312
WA_N_CEN,140,0.0001395262238948683
WA_N_CEN,141,0.00022979106877685985
WA_N_CEN,142,0.00014383709280102642
WA_N_CEN,143,0.00017115095552583786
WA_N_CEN,144,0.00024196243269988037
WA_N_CEN,145,7.192080862592767e-05
WA_N_CEN,146,0.00011752898367402937
WA_N_CEN,147,0.00012116232785615622
WA_N_CEN,148,0.0001392921127208867
WA_N_CEN,149,0.00017297040502295093
WA_N_CEN,150,0.0002515422786540624
WA_N_CEN,151,0.00019000709388800597
WA_N_CEN,152,0.0001209942801494128
WA_N_CEN,153,0.00012644126569182762
WA_N_CEN,154,0.00020449276583884502
WA_N_CEN,155,0.00016391596966915418
WA_N_CEN,156,0.00013991510194428174
WA_N_CEN,157,0.0001389312272845245
WA_N_CEN,158,0.0001547055631964312
WA_N_CEN,159,4.044868185343303e-05
WA_N_CEN,160,6.144363462027234e-05
WA_N_CEN,161,0.00011632617894420552
WA_N_CEN,162,0.00016049031243549802
WA_N_CEN,163,9.53363927462993e-05
WA_N_CEN,164,0.00020803244898803843
WA_N_CEN,165,0.0001373111148328005
WA_N_CEN,166,6.25590363205173e-05
WA_N_CEN,167,0.0001046936853561985
WA_N_CEN,168,0.0001155543645585875
WA_N_CEN,169,0.00011598270406053183
WA_N_CEN,170,0.00010998188945938667
WA_N_CEN,171,9.338827242382027e-05
WA_N_CEN,172,0.00011240917228740515
WA_N_CEN,173,8.435973855369086e-05
WA_N_CEN,174,0.0001048377259136973
WA_N_CEN,175,0.0002547297073933015
WA_N_CEN,176,0.0001872652731457041
WA_N_CEN,177,0.00014495923866306555
WA_N_CEN,178,0.00017032703590789115
WA_N_CEN,179,0.00014050983221121783
WA_N_CEN,180,0.00010119109768726034
WA_N_CEN,181,0.00015079366624664735
WA_N_CEN,182,0.00020493321163870789
WA_N_CEN,183,0.00013465494158735485
WA_N_CEN,184,0.00015403657086925896
WA_N_CEN,185,6.33398976916943e-05
WA_N_CEN,186,9.292794635150706e-05
WA_N_CEN,187,4.579564069673233e-05
WA_N_CEN,188,9.434654358334658e-05
WA_N_CEN,189,0.00015813996406439002
WA_N_CEN,190,0.00026274517858386785
WA_N_CEN,191,0.0001547069736210697
WA_N_CEN,192,0.00017933378677964024
WA_N_CEN,193,0.0001254612028887777
WA_N_CEN,194,9.095557635679428e-05
WA_N_CEN,195,7.093496006773225e-05
WA_N_CEN,196,0.00017941980724181321
WA_N_CEN,197,0.00020635290289086744
WA_N_CEN,198,0.00010287837653250098
WA_N_CEN,199,0.00018423181057515274
WA_N_CEN,200,0.0001810441903285968
WA_N_CEN,201,4.6842708403872424e-05
WA_N_CEN,202,0.00012275666249372979
WA_N_CEN,203,0.00013110736998909385
WA_N_CEN,204,0.00023831979048617765
WA_N_CEN,205,0.00010582519002311416
WA_N_CEN,206,0.0002348734982070722
WA_N_CEN,207,0.00012683316435375781
WA_N_CEN,208,9.116330756327194e-05
WA_N_CEN,209,7.200889385322969e-05
WA_N_CEN,210,0.00034702269982145935
WA_N_CEN,211,0.00029167905035059304
WA_N_CEN,212,0.00010601274236274314
WA_N_CEN,213,0.00010909125842455284
WA_N_CEN,214,0.0001515912011412842
WA_N_CEN,215,5.8668673447362324e-05
WA_N_CEN,216,0.00016139099081619992
WA_N_CEN,217,0.00011207916468469433
WA_N_CEN,218,0.00011294654091251533
WA_N_CEN,219,0.00018308422298579828
WA_N_CEN,220,0.00015682409229437601
WA_N_CEN,221,0.0001569983951532839
WA_N_CEN,222,0.00010014787065569801
WA_N_CEN,223,0.00010286614092082854
WA_N_CEN,224,8.932872088291454e-05
WA_N_CEN,225,0.0001362021619385721
WA_N_CEN,226,0.00013338163468015545
WA_N_CEN,227,0.00024011041039002484
WA_N_CEN,228,0.00015488459916418869
WA_N_CEN,229,4.0665939079670076e-05
WA_N_CEN,230,0.0001215750908231538
WA_N_CEN,231,0.0001562024052428975
WA_N_CEN,232,0.00018120657774724637
WA_N_CEN,233,0.00011577879442742016
WA_N_CEN,234,0.00023378445703656732
WA_N_CEN,235,0.0002896857832653773
WA_N_CEN,236,6.009431054169013e-05
WA_N_CEN,237,0.00014211999838466784
WA_N_CEN,238,0.00012920026853736836
WA_N_CEN,239,0.00022771579991088034
WA_N_CEN,240,9.119580188763427e-05
WA_N_CEN,241,0.00013200636593981984
WA_N_CEN,242,0.00016699256368738787
WA_N_CEN,243,9.615927799571426e-05
WA_N_CEN,244,0.00020410080224837353
WA_N_CEN,245,0.0002615995542295112
WA_N_CEN,246,0.0003539659650046623
WA_N_CEN,247,0.0006060171466858015
WA_N_CEN,248,0.0003553635959569089
WA_N_CEN,249,0.0004533568052756053
WA_N_CEN,250,0.00036497794659007016
WA_N_CEN,251,0.0002118100247227561
WA_N_CEN,252,0.00029386071598346605
WA_N_CEN,253,0.00037814988090690367
WA_N_CEN,254,0.0003703117635635687
WA_N_CEN,255,0.0002394570654142015
WA_N_CEN,256,0.00040800936682199344
WA_N_CEN,257,0.00032175691403290614
WA_N_CEN,258,0.00020743577610773275
WA_N_CEN,259,0.0003419779216798982
WA_N_CEN,260,0.00042133032726035166
WA_N_CEN,261,0.0005593502628416118
WA_N_CEN,262,0.00035977122030049464
WA_N_CEN,263,0.00045625444993402923
WA_N_CEN,264,0.00010380621289173479
WA_N_CEN,265,0.00021519991229872038
WA_N_CEN,266,0.0002799611871140382
WA_N_CEN,267,0.00023098278020607633
WA_N_CEN,268,0.00036145861885616336
WA_N_CEN,269,0.0003002468686925705
WA_N_CEN,270,0.00034000011042177933
WA_N_CEN,271,9.988096757739323e-05
WA_N_CEN,272,0.00026178554380810136
WA_N_CEN,273,0.00028091777804907704
WA_N_CEN,274,0.0002132975508938762
WA_N_CEN,275,0.00012331528464523006
WA_N_CEN,276,0.00018175757164028998
WA_N_CEN,277,0.00020869572055221027
WA_N_CEN,278,8.235168491112411e-05
WA_N_CEN,279,0.00016821248600463676
WA_N_CEN,280,0.00014409477200938228
WA_N_CEN,281,0.00022857622091498962
WA_N_CEN,282,0.0001904302298801106
WA_N_CEN,283,0.00015569282225751685
WA_N_CEN,284,0.00020752032884927788
WA_N_CEN,285,8.268178152637088e-05
WA_N_CEN,286,0.0001349770811718312
WA_N_CEN,287,0.00017520865314547783
WA_N_CEN,288,0.00041713374309848653
WA_N_CEN,289,0.00024169632492565302
WA_N_CEN,290,0.00021475069466344888
WA_N_CEN,291,0.00020663721985385406
WA_N_CEN,292,8.576656763182982e-05
WA_N_CEN,293,0.00011300885205979488
WA_N_CEN,294,0.00024320920884846216
WA_N_CEN,295,0.0002184097331080679
WA_N_CEN,296,0.00016100199129332957
WA_N_CEN,297,0.00018879965083998772
WA_N_CEN,298,0.00011879678747673449
WA_N_CEN,299,0.00010811941682577352
WA_N_CEN,300,0.00019648779121238445
WA_N_CEN,301,0.00018429785647152612
WA_N_CEN,302,0.00022851315206525108
WA_N_CEN,303,0.00019224169137063468
WA_N_CEN,304,0.00016169513370683806
WA_N_CEN,305,0.00023843078205220967
WA_N_CEN,306,7.24111522364824e-05
WA_N_CEN,307,0.00013590045178423583
WA_N_CEN,308,0.00026639452404536763
WA_N_CEN,309,0.00022748211966888034
WA_N_CEN,310,0.00022166837540913014
WA_N_CEN,311,0.00017938548308963509
WA_N_CEN,312,0.00017173172095967076
WA_N_CEN,313,0.00013606444801937863
WA_N_CEN,314,0.00013107508155715835
WA_N_CEN,315,0.00013133688949627526
WA_N_CEN,316,0.00021580306903405208
WA_N_CEN,317,0.00024123954785887177
WA_N_CEN,318,0.00021322570059905286
WA_N_CEN,319,0.00027716618092709223
WA_N_CEN,320,9.789249743727752e-05
WA_N_CEN,321,9.874681654312856e-05
WA_N_CEN,322,0.00014311211130812134
WA_N_CEN,323,0.00019083981989621791
WA_N_CEN,324,0.00014961945609595195
WA_N_CEN,325,0.00021960917491697156
WA_N_CEN,326,0.0001750796923208469
WA_N_CEN,327,0.0001324591223721738
WA_N_CEN,328,7.022045180324215e-05
WA_N_CEN,329,0.00017872408204876942
WA_N_CEN,330,0.00018986546424596863
WA_N_CEN,331,0.0002738276764551314
WA_N_CEN,332,8.869987195997891e-05
WA_N_CEN,333,0.00016428616201792065
WA_N_CEN,334,0.0001333402973290998
WA_N_CEN,335,0.00014469432342506685
WA_N_CEN,336,0.000207366015914063
WA_N_CEN,337,0.00022269661700978602
WA_N_CEN,338,0.00037563341008987644
WA_N_CEN,339,0.00026601505790684445
WA_N_CEN,340,0.00025882140524947396
WA_N_CEN,341,9.541850177936188e-05
WA_N_CEN,342,0.00014354641496405838
WA_N_CEN,343,0.0004231267778536343
WA_N_CEN,344,0.0003359050554195979
WA_N_CEN,345,0.0004982817941222387
WA_N_CEN,346,0.0003288611729528048
WA_N_CEN,347,0.00010011188264684857
WA_N_CEN,348,0.00018348184231794455
WA_N_CEN,349,0.00014353361721873402
WA_N_CEN,350,0.0004169141047807405
WA_N_CEN,351,0.0002124014402251002
WA_N_CEN,352,0.0002158146571643244
WA_N_CEN,353,0.0004103011474017211
WA_N_CEN,354,0.00036057154188233427
WA_N_CEN,355,0.00018501737481170055
WA_N_CEN,356,0.00017987924644876502
WA_N_CEN,357,0.00019200613988301955
WA_N_CEN,358,0.0001786154026363505
WA_N_CEN,359,8.294364883090112e-05
WA_N_CEN,360,0.00019296219113538614
WA_N_CEN,361,0.0001028538857126544
WA_N_CEN,362,0.00042471442794494047
WA_N_CEN,363,0.00021859452733390613
WA_N_CEN,364,0.00029081641723629906
WA_N_CEN,365,0.00027579419595813584
WA_SEATAC,1,44722.24438959622
WA_SEATAC,2,54870.78796860222
WA_SEATAC,3,58763.77166857138
WA_SEATAC,4,61266.08192478168
WA_SEATAC,5,59751.94532080177
WA_SEATAC,6,43665.67520504169
WA_SEATAC,7,48939.73990726882
WA_SEATAC,8,50783.39802364474
WA_SEATAC,9,46560.24044399586
WA_SEATAC,10,55266.17226158186
WA_SEATAC,11,53612.24393993386
WA_SEATAC,12,53880.54324230146
WA_SEATAC,13,36606.06454838808
WA_SEATAC,14,42339.11588773423
WA_SEATAC,15,44451.12191080041
WA_SEATAC,16,48733.78890197906
WA_SEATAC,17,41554.9932615469
WA_SEATAC,18,50585.78820636378
WA_SEATAC,19,53025.845063128836
WA_SEATAC,20,39113.831791169614
WA_SEATAC,21,44387.940907060714
WA_SEATAC,22,53682.87448751151
WA_SEATAC,23,50910.04316633955
WA_SEATAC,24,54208.057231229315
WA_SEATAC,25,57701.98141981356
WA_SEATAC,26,53878.48848893205
WA_SEATAC,27,41159.41413352624
WA_SEATAC,28,45972.12725363667
WA_SEATAC,29,51907.14310966381
WA_SEATAC,30,52431.60017844654
WA_SEATAC,31,56319.515081862555
WA_SEATAC,32,57515.85577749183
WA_SEATAC,33,55078.28072269733
WA_SEATAC,34,41428.11186240853
WA_SEATAC,35,47032.876027624174
WA_SEATAC,36,55936.58882587473
WA_SEATAC,37,52303.768318922645
WA_SEATAC,38,56658.00797507179
WA_SEATAC,39,59034.649017234005
WA_SEATAC,40,55936.531902081144
WA_SEATAC,41,39052.7487503708
WA_SEATAC,42,43736.306576446346
WA_SEATAC,43,57251.98575297962
WA_SEATAC,44,52503.93138543623
WA_SEATAC,45,54746.302261734825
WA_SEATAC,46,61670.38703002722
WA_SEATAC,47,60088.720584739785
WA_SEATAC,48,46442.05518681259
WA_SEATAC,49,48090.62123960257
WA_SEATAC,50,54352.96039233875
WA_SEATAC,51,58572.84199742374
WA_SEATAC,52,57119.71632686479
WA_SEATAC,53,63318.53384916798
WA_SEATAC,54,59231.27288896053
WA_SEATAC,55,46705.10551018349
WA_SEATAC,56,51917.00985719137
WA_SEATAC,57,59889.54508495134
WA_SEATAC,58,58042.23937860598
WA_SEATAC,59,58239.56566186163
WA_SEATAC,60,61328.221529175
WA_SEATAC,61,44321.78400502429
WA_SEATAC,62,49860.36393654388
WA_SEATAC,63,54669.4248393718
WA_SEATAC,64,57768.19798186538
WA_SEATAC,65,57631.4300098016
WA_SEATAC,66,62252.486773178505
WA_SEATAC,67,57965.171799883086
WA_SEATAC,68,44846.470239584174
WA_SEATAC,69,49199.06906194848
WA_SEATAC,70,60404.50850497926
WA_SEATAC,71,59014.7821729213
WA_SEATAC,72,58224.72293648723
WA_SEATAC,73,61787.70738205971
WA_SEATAC,74,60406.82262048241
WA_SEATAC,75,46102.79053098106
WA_SEATAC,76,50913.90483421603
WA_SEATAC,77,59218.52415129772
WA_SEATAC,78,57171.50051256656
WA_SEATAC,79,59868.57757658747
WA_SEATAC,80,60732.38626459433
WA_SEATAC,81,59281.69736119358
WA_SEATAC,82,49727.160387505784
WA_SEATAC,83,53156.394892084114
WA_SEATAC,84,63432.56523121213
WA_SEATAC,85,57304.02279746302
WA_SEATAC,86,58553.51501301884
WA_SEATAC,87,64420.82094756349
WA_SEATAC,88,59743.393789769034
WA_SEATAC,89,46826.16834442839
WA_SEATAC,90,50585.31770730145
WA_SEATAC,91,57518.405469024874
WA_SEATAC,92,54612.30065971764
WA_SEATAC,93,58174.52866189126
WA_SEATAC,94,52961.174535707745
WA_SEATAC,95,61739.89993152957
WA_SEATAC,96,50925.718953946955
WA_SEATAC,97,55012.98438899531
WA_SEATAC,98,59102.00953124533
WA_SEATAC,99,57712.951329162555
WA_SEATAC,100,58242.8406692166
WA_SEATAC,101,62661.7575074932
WA_SEATAC,102,61609.895778820566
WA_SEATAC,103,48354.06176481677
WA_SEATAC,104,52245.697951750444
WA_SEATAC,105,61806.82668902494
WA_SEATAC,106,58768.93339253005
WA_SEATAC,107,59822.61952442579
WA_SEATAC,108,64576.739730394394
WA_SEATAC,109,61082.04147805382
WA_SEATAC,110,47959.31858017545
WA_SEATAC,111,54422.39283695003
WA_SEATAC,112,63323.86885860311
WA_SEATAC,113,57319.638007315385
WA_SEATAC,114,60550.286194350374
WA_SEATAC,115,66751.0005366213
WA_SEATAC,116,63587.62082792777
WA_SEATAC,117,50531.077586472304
WA_SEATAC,118,58510.11733356879
WA_SEATAC,119,61671.326715774194
WA_SEATAC,120,58568.873377877746
WA_SEATAC,121,61742.280565121415
WA_SEATAC,122,62928.18107239997
WA_SEATAC,123,62929.90724553217
WA_SEATAC,124,49545.00152959217
WA_SEATAC,125,57391.35081288576
WA_SEATAC,126,63854.72847251694
WA_SEATAC,127,60685.744641986166
WA_SEATAC,128,61540.42149564901
WA_SEATAC,129,71568.66108366904
WA_SEATAC,130,65104.89955633398
WA_SEATAC,131,50729.85490686172
WA_SEATAC,132,56073.1978535367
WA_SEATAC,133,63721.73903006959
WA_SEATAC,134,61412.05558792585
WA_SEATAC,135,61214.9754358106
WA_SEATAC,136,72561.28861906518
WA_SEATAC,137,65769.1349686861
WA_SEATAC,138,53174.58942087767
WA_SEATAC,139,59174.864153444905
WA_SEATAC,140,67086.15395462544
WA_SEATAC,141,67681.44956104153
WA_SEATAC,142,68403.62134414424
WA_SEATAC,143,70779.59882728363
WA_SEATAC,144,65898.25700904503
WA_SEATAC,145,52054.26196667936
WA_SEATAC,146,52380.67011225729
WA_SEATAC,147,58385.91114626019
WA_SEATAC,148,64779.73972684466
WA_SEATAC,149,66229.0542243076
WA_SEATAC,150,70713.92618898986
WA_SEATAC,151,67088.75501564947
WA_SEATAC,152,53632.5001603242
WA_SEATAC,153,58116.071817565826
WA_SEATAC,154,66756.9357584316
WA_SEATAC,155,67939.23725400778
WA_SEATAC,156,67014.47961036829
WA_SEATAC,157,69850.01508997967
WA_SEATAC,158,66686.48426235653
WA_SEATAC,159,56469.57427317378
WA_SEATAC,160,59699.167179175536
WA_SEATAC,161,70778.87328222417
WA_SEATAC,162,67542.74309781363
WA_SEATAC,163,69388.20164724607
WA_SEATAC,164,72557.10266874213
WA_SEATAC,165,70975.75287665294
WA_SEATAC,166,60096.32228554556
WA_SEATAC,167,64448.000952357586
WA_SEATAC,168,71236.82834116745
WA_SEATAC,169,71501.0685388066
WA_SEATAC,170,67212.97636894399
WA_SEATAC,171,73278.83428123717
WA_SEATAC,172,68796.55261255798
WA_SEATAC,173,62339.03676410284
WA_SEATAC,174,63788.363703163275
WA_SEATAC,175,72293.11850722946
WA_SEATAC,176,72422.07031455798
WA_SEATAC,177,73743.37594567562
WA_SEATAC,178,74398.12095688829
WA_SEATAC,179,74405.88092818538
WA_SEATAC,180,60757.00623814341
WA_SEATAC,181,64711.878976291046
WA_SEATAC,182,69917.59919274026
WA_SEATAC,183,74202.14405484413
WA_SEATAC,184,70246.63364273729
WA_SEATAC,185,52116.40567823398
WA_SEATAC,186,59434.647581006844
WA_SEATAC,187,59435.1300531618
WA_SEATAC,188,64578.26662690684
WA_SEATAC,189,72749.84391600113
WA_SEATAC,190,72886.86706924623
WA_SEATAC,191,71170.40137356182
WA_SEATAC,192,71959.12089172789
WA_SEATAC,193,71039.88333474632
WA_SEATAC,194,61349.515224689836
WA_SEATAC,195,64777.76467893967
WA_SEATAC,196,73017.68336592533
WA_SEATAC,197,71433.01044481195
WA_SEATAC,198,71958.13054813843
WA_SEATAC,199,73609.13884346583
WA_SEATAC,200,68925.62350012554
WA_SEATAC,201,58183.374958815235
WA_SEATAC,202,63724.446251461355
WA_SEATAC,203,71305.36477172554
WA_SEATAC,204,73872.0347631094
WA_SEATAC,205,73808.18171257459
WA_SEATAC,206,74994.01409978543
WA_SEATAC,207,72424.56048084031
WA_SEATAC,208,61216.725721935385
WA_SEATAC,209,66428.83539224004
WA_SEATAC,210,74601.58324187092
WA_SEATAC,211,74730.26904788423
WA_SEATAC,212,74467.75247416199
WA_SEATAC,213,72683.72055628891
WA_SEATAC,214,71959.93157434904
WA_SEATAC,215,61148.20543596967
WA_SEATAC,216,64050.510842519674
WA_SEATAC,217,72749.97719588815
WA_SEATAC,218,73207.77329340538
WA_SEATAC,219,73144.52500438347
WA_SEATAC,220,74460.56913439152
WA_SEATAC,221,74928.70829079705
WA_SEATAC,222,60687.12522573337
WA_SEATAC,223,66886.09015380272
WA_SEATAC,224,73608.03619735653
WA_SEATAC,225,74201.8335493541
WA_SEATAC,226,72156.9124926503
WA_SEATAC,227,79144.92482883815
WA_SEATAC,228,73149.82402489672
WA_SEATAC,229,55206.61921406298
WA_SEATAC,230,68927.74072979185
WA_SEATAC,231,71829.61374862542
WA_SEATAC,232,69715.66814464075
WA_SEATAC,233,70773.17057859937
WA_SEATAC,234,76041.38609958721
WA_SEATAC,235,72090.28792609368
WA_SEATAC,236,60160.95444911733
WA_SEATAC,237,65498.52557970302
WA_SEATAC,238,68399.14595839521
WA_SEATAC,239,68459.04909844174
WA_SEATAC,240,68526.52238117249
WA_SEATAC,241,72484.00607435775
WA_SEATAC,242,67804.62987897082
WA_SEATAC,243,54487.972057878105
WA_SEATAC,244,57657.488200852684
WA_SEATAC,245,63131.26054884374
WA_SEATAC,246,66556.65906196435
WA_SEATAC,247,66752.04125089408
WA_SEATAC,248,71042.16043996191
WA_SEATAC,249,68075.42715593848
WA_SEATAC,250,55015.62713618234
WA_SEATAC,251,63989.57618422709
WA_SEATAC,252,71962.63745799256
WA_SEATAC,253,70768.89174587111
WA_SEATAC,254,68859.82786314958
WA_SEATAC,255,73939.66952425988
WA_SEATAC,256,71369.8071859792
WA_SEATAC,257,57061.57391561824
WA_SEATAC,258,61744.43132998269
WA_SEATAC,259,69789.93403617373
WA_SEATAC,260,67477.39313320798
WA_SEATAC,261,69786.74905673826
WA_SEATAC,262,72886.98817821278
WA_SEATAC,263,69325.61185332353
WA_SEATAC,264,55412.04663788833
WA_SEATAC,265,63000.30944041915
WA_SEATAC,266,69658.15494052014
WA_SEATAC,267,63915.52638628442
WA_SEATAC,268,66357.09861613212
WA_SEATAC,269,72028.6667353674
WA_SEATAC,270,68073.1208271446
WA_SEATAC,271,51981.97594116333
WA_SEATAC,272,62337.41683690898
WA_SEATAC,273,66291.5001524155
WA_SEATAC,274,60415.11150434172
WA_SEATAC,275,60808.316985785386
WA_SEATAC,276,67207.03536143947
WA_SEATAC,277,65430.346162124835
WA_SEATAC,278,49077.29794685347
WA_SEATAC,279,60090.5851494317
WA_SEATAC,280,62064.95828920585
WA_SEATAC,281,63515.27028349482
WA_SEATAC,282,60540.962122146535
WA_SEATAC,283,67274.05740603506
WA_SEATAC,284,63846.17943426623
WA_SEATAC,285,48614.81057989881
WA_SEATAC,286,57122.76894777602
WA_SEATAC,287,62988.8056757452
WA_SEATAC,288,62193.7767814478
WA_SEATAC,289,58765.57646803675
WA_SEATAC,290,67538.73553882634
WA_SEATAC,291,63977.848094208275
WA_SEATAC,292,50526.11745499966
WA_SEATAC,293,59299.26795738888
WA_SEATAC,294,65160.68066099682
WA_SEATAC,295,60476.517712836234
WA_SEATAC,296,62523.31330961959
WA_SEATAC,297,69380.8904654972
WA_SEATAC,298,64569.90926523767
WA_SEATAC,299,46569.42018970397
WA_SEATAC,300,55078.25507141457
WA_SEATAC,301,60481.24727584199
WA_SEATAC,302,57248.523369285096
WA_SEATAC,303,55202.32659585933
WA_SEATAC,304,58038.81185467905
WA_SEATAC,305,59359.212101826284
WA_SEATAC,306,46961.66355999813
WA_SEATAC,307,56263.91683613604
WA_SEATAC,308,57378.13422813752
WA_SEATAC,309,55461.18867937568
WA_SEATAC,310,56718.105359872294
WA_SEATAC,311,61399.49535356734
WA_SEATAC,312,58370.20046308878
WA_SEATAC,313,47557.88040398621
WA_SEATAC,314,53689.44130917942
WA_SEATAC,315,57646.4724629285
WA_SEATAC,316,56519.2170596095
WA_SEATAC,317,56389.98294364842
WA_SEATAC,318,63775.709579669616
WA_SEATAC,319,62985.381376716025
WA_SEATAC,320,45578.01916893882
WA_SEATAC,321,55077.32900757711
WA_SEATAC,322,62919.693797740416
WA_SEATAC,323,57240.672691619795
WA_SEATAC,324,60737.988320186625
WA_SEATAC,325,65685.28047268254
WA_SEATAC,326,62326.97341429947
WA_SEATAC,327,54547.77454427869
WA_SEATAC,328,56261.95342304857
WA_SEATAC,329,62984.61318327125
WA_SEATAC,330,67930.60360826716
WA_SEATAC,331,63379.22166160789
WA_SEATAC,332,28234.229774650717
WA_SEATAC,333,53488.187315636795
WA_SEATAC,334,55008.31060509374
WA_SEATAC,335,59825.87063588139
WA_SEATAC,336,63116.39942489279
WA_SEATAC,337,57239.24032529573
WA_SEATAC,338,58632.972571722246
WA_SEATAC,339,63777.71658354824
WA_SEATAC,340,62592.20867652375
WA_SEATAC,341,47163.72862301692
WA_SEATAC,342,56064.952320306606
WA_SEATAC,343,62192.62387760101
WA_SEATAC,344,59422.187616903124
WA_SEATAC,345,60608.596467552234
WA_SEATAC,346,65818.96249472511
WA_SEATAC,347,60942.635640137
WA_SEATAC,348,45250.320858695544
WA_SEATAC,349,56856.51566439388
WA_SEATAC,350,61930.6500479383
WA_SEATAC,351,57245.23382937449
WA_SEATAC,352,59288.30896930532
WA_SEATAC,353,60414.35307132473
WA_SEATAC,354,61534.68129853241
WA_SEATAC,355,52174.683439777116
WA_SEATAC,356,53627.02460243863
WA_SEATAC,357,58041.37356367153
WA_SEATAC,358,45908.178427806895
WA_SEATAC,359,41428.15242528675
WA_SEATAC,360,56724.98990704337
WA_SEATAC,361,61006.83395297246
WA_SEATAC,362,53230.91263382338
WA_SEATAC,363,52043.9024664495
WA_SEATAC,364,58304.52325698708
WA_SEATAC,365,49074.76528428511
WA_W,1,0.14832274456560834
WA_W,2,0.11118460545550692
WA_W,3,0.20237623050082712
WA_W,4,0.15788896585881987
WA_W,5,0.1776128162042257
WA_W,6,0.1886721447975408
WA_W,7,0.10755897706514514
WA_W,8,0.16177448463457755
WA_W,9,0.1008457664508819
WA_W,10,0.16733574350080932
WA_W,11,0.1662271100159457
WA_W,12,0.11794570690289871
WA_W,13,0.09044859559489409
WA_W,14,0.10658414069801997
WA_W,15,0.12891512375557093
WA_W,16,0.1283299891858326
WA_W,17,0.020824554533939832
WA_W,18,0.17051121583346113
WA_W,19,0.14242968213196802
WA_W,20,0.07481974981750916
WA_W,21,0.0830851874787487
WA_W,22,0.18247686261425544
WA_W,23,0.1362661988088171
WA_W,24,0.13803264343589083
WA_W,25,0.2032851504411681
WA_W,26,0.1554975211538038
WA_W,27,0.1621443782453952
WA_W,28,0.10290500361074169
WA_W,29,0.12399449805369994
WA_W,30,0.12188780825315366
WA_W,31,0.1141867512081641
WA_W,32,0.2671604433469471
WA_W,33,0.14459913801865967
WA_W,34,0.1716892057750744
WA_W,35,0.11743302735985044
WA_W,36,0.20479672057066944
WA_W,37,0.18743214510617248
WA_W,38,0.22185804267053977
WA_W,39,0.21369485827857113
WA_W,40,0.17622442094110144
WA_W,41,0.09868077385191365
WA_W,42,0.12435249959475816
WA_W,43,0.24762141754791894
WA_W,44,0.18775006417459467
WA_W,45,0.20070643972561672
WA_W,46,0.24900871314881923
WA_W,47,0.2540091762525546
WA_W,48,0.14710061477789685
WA_W,49,0.1410352737319017
WA_W,50,0.23577148294059286
WA_W,51,0.2488899198112642
WA_W,52,0.1999235441198185
WA_W,53,0.23576373530867503
WA_W,54,0.19147668589276215
WA_W,55,0.17193494714154778
WA_W,56,0.14464444893968498
WA_W,57,0.2602929680947444
WA_W,58,0.23395785698955282
WA_W,59,0.23247780389780637
WA_W,60,0.1869199240415493
WA_W,61,0.15800902086953716
WA_W,62,0.10499694871363234
WA_W,63,0.1528044907054094
WA_W,64,0.17191811575161098
WA_W,65,0.17583419928876842
WA_W,66,0.2625038778589072
WA_W,67,0.1787367805622906
WA_W,68,0.13570486314008987
WA_W,69,0.12525936298510817
WA_W,70,0.22077546362198125
WA_W,71,0.19364835825249715
WA_W,72,0.15080302141264174
WA_W,73,0.2190321248875508
WA_W,74,0.16321331092806127
WA_W,75,0.15200426714644313
WA_W,76,0.1235747621874266
WA_W,77,0.2407053723383263
WA_W,78,0.1930516255367755
WA_W,79,0.19017303274901143
WA_W,80,0.27613077524059604
WA_W,81,0.21125640071608318
WA_W,82,0.16355653838652456
WA_W,83,0.12832132036211272
WA_W,84,0.2123827554125607
WA_W,85,0.18347452545943177
WA_W,86,0.1493605878188249
WA_W,87,0.23652180311506535
WA_W,88,0.165314768920832
WA_W,89,0.16516550169031347
WA_W,90,0.13444890766290246
WA_W,91,0.1719266030138949
WA_W,92,0.11578283667945986
WA_W,93,0.16456556167446132
WA_W,94,0.18074209245128092
WA_W,95,0.14849092207456263
WA_W,96,0.13857856872858218
WA_W,97,0.1617386118698725
WA_W,98,0.15529308364393946
WA_W,99,0.137904485464471
WA_W,100,0.21213089431563523
WA_W,101,0.2140977120467837
WA_W,102,0.14659489698881797
WA_W,103,0.1115645256985527
WA_W,104,0.12214498600037191
WA_W,105,0.1819340932735165
WA_W,106,0.10850708157605608
WA_W,107,0.1381428762322598
WA_W,108,0.22281594389544587
WA_W,109,0.1704147990136075
WA_W,110,0.09967313727007385
WA_W,111,0.14100052803770033
WA_W,112,0.19575834136444317
WA_W,113,0.13497657802216098
WA_W,114,0.0978683633433385
WA_W,115,0.2868175392093633
WA_W,116,0.14741489158058274
WA_W,117,0.17343896653048033
WA_W,118,0.1487914945163522
WA_W,119,0.15400816337864223
WA_W,120,0.1480718130553663
WA_W,121,0.12314328460306591
WA_W,122,0.1536469600186517
WA_W,123,0.13092455162851407
WA_W,124,0.06816842504781427
WA_W,125,0.10964012757523037
WA_W,126,0.14112397416626288
WA_W,127,0.09565762411063541
WA_W,128,0.08126208135383549
WA_W,129,0.1723848375816927
WA_W,130,0.10889869065186611
WA_W,131,0.09786200374969961
WA_W,132,0.08384659369891999
WA_W,133,0.125947559808111
WA_W,134,0.10486141063608036
WA_W,135,0.1632755903879783
WA_W,136,0.17030512029615386
WA_W,137,0.12038062022495956
WA_W,138,0.06909319689235222
WA_W,139,0.11906932445573948
WA_W,140,0.13413007736806956
WA_W,141,0.1302067367440814
WA_W,142,0.11388255062561752
WA_W,143,0.12915559900580303
WA_W,144,0.15240094675303462
WA_W,145,0.08780663549374781
WA_W,146,0.08686003772173083
WA_W,147,0.12431807654007825
WA_W,148,0.12603340227611481
WA_W,149,0.13093655603833645
WA_W,150,0.15049632297922297
WA_W,151,0.14678249423830805
WA_W,152,0.07437578257593715
WA_W,153,0.12492332844171608
WA_W,154,0.16473025451260906
WA_W,155,0.10029034545107945
WA_W,156,0.12288019709877904
WA_W,157,0.14639434585125755
WA_W,158,0.15288249159875933
WA_W,159,0.06636525481712771
WA_W,160,0.10135678400646753
WA_W,161,0.16083901230582492
WA_W,162,0.10573385243429133
WA_W,163,0.1803672742656253
WA_W,164,0.16757406049968845
WA_W,165,0.15372627131761266
WA_W,166,0.10283101240534086
WA_W,167,0.14475723411714245
WA_W,168,0.18261335771084575
WA_W,169,0.14660704658302764
WA_W,170,0.14483315857204157
WA_W,171,0.19204469857319956
WA_W,172,0.15543570441908597
WA_W,173,0.14572232688719156
WA_W,174,0.14494949928976125
WA_W,175,0.13889941035780795
WA_W,176,0.1542483427054851
WA_W,177,0.1448056811594712
WA_W,178,0.1683278893112775
WA_W,179,0.16967873573303022
WA_W,180,0.09994124085944481
WA_W,181,0.16320570259527134
WA_W,182,0.11197924323209496
WA_W,183,0.13967581318354294
WA_W,184,0.1262749600400427
WA_W,185,0.07477352341728184
WA_W,186,0.13397988573290898
WA_W,187,0.10589281640776702
WA_W,188,0.10937970022918066
WA_W,189,0.16551217981490418
WA_W,190,0.15805018425462894
WA_W,191,0.1338607495936057
WA_W,192,0.1189342283385992
WA_W,193,0.1448096732658612
WA_W,194,0.10547403526274556
WA_W,195,0.15475432301226394
WA_W,196,0.1680207797547875
WA_W,197,0.14790645660395854
WA_W,198,0.14033791945347654
WA_W,199,0.1725565567309714
WA_W,200,0.12724362449130017
WA_W,201,0.1019960697161634
WA_W,202,0.14739777550922956
WA_W,203,0.12884314431862356
WA_W,204,0.1518605106248474
WA_W,205,0.1588145703782377
WA_W,206,0.23122422822275118
WA_W,207,0.13255395993469066
WA_W,208,0.06845632203150026
WA_W,209,0.14401873052344183
WA_W,210,0.21893852504528258
WA_W,211,0.14494725502945133
WA_W,212,0.12293566521455718
WA_W,213,0.11322533585830104
WA_W,214,0.14169721614472908
WA_W,215,0.10378623213061822
WA_W,216,0.1493613520878602
WA_W,217,0.1459042059143853
WA_W,218,0.11158085210136347
WA_W,219,0.09614374065398272
WA_W,220,0.09970830787500179
WA_W,221,0.13564319781671128
WA_W,222,0.06933265933238522
WA_W,223,0.08640248041692578
WA_W,224,0.09375279702798166
WA_W,225,0.10916413552040137
WA_W,226,0.09884080132190096
WA_W,227,0.12451403262419228
WA_W,228,0.1009484607468344
WA_W,229,0.07255880499514758
WA_W,230,0.08513405266748142
WA_W,231,0.08822347515627617
WA_W,232,0.0809662811994198
WA_W,233,0.0800097721289621
WA_W,234,0.13290412893637438
WA_W,235,0.09917915123792326
WA_W,236,0.05442600975218894
WA_W,237,0.057600181486535736
WA_W,238,0.0976480631669536
WA_W,239,0.07319547884363092
WA_W,240,0.10394022405623071
WA_W,241,0.11131634251245125
WA_W,242,0.09287324517349344
WA_W,243,0.03802590031670693
WA_W,244,0.03157360692163933
WA_W,245,0.02158658116773745
WA_W,246,0.04257072159071901
WA_W,247,0.022933358032485224
WA_W,248,0.030557893338672308
WA_W,249,0.033120164691484155
WA_W,250,0.01971302785860153
WA_W,251,0.034585151574788295
WA_W,252,0.04444947525580918
WA_W,253,0.030331419246060552
WA_W,254,0.03427613130546143
WA_W,255,0.03908731514129592
WA_W,256,0.038068809486843755
WA_W,257,0.016629881008746916
WA_W,258,0.0232051662780746
WA_W,259,0.03524874772501033
WA_W,260,0.02076373584202466
WA_W,261,0.029932552261489834
WA_W,262,0.0329857862126305
WA_W,263,0.027477805126338323
WA_W,264,0.014267046676535057
WA_W,265,0.027720504515388475
WA_W,266,0.025054193931596698
WA_W,267,0.02580826540583561
WA_W,268,0.0228190592232101
WA_W,269,0.03953550036280878
WA_W,270,0.033108964721353815
WA_W,271,0.01031572737532787
WA_W,272,0.019776579460689496
WA_W,273,0.027029344770081464
WA_W,274,0.023985725794158964
WA_W,275,0.02426732423395238
WA_W,276,0.043798467417204924
WA_W,277,0.03249165260760198
WA_W,278,0.016188374062268217
WA_W,279,0.020510678126675553
WA_W,280,0.026805749606036114
WA_W,281,0.039732015574071154
WA_W,282,0.031779633670341145
WA_W,283,0.043325432461005224
WA_W,284,0.03604570606133551
WA_W,285,0.018202169807434734
WA_W,286,0.01932290061825389
WA_W,287,0.03182442902121617
WA_W,288,0.02525077172689931
WA_W,289,0.023781825464284978
WA_W,290,0.031729706710593254
WA_W,291,0.023236756932702076
WA_W,292,0.0224914335701234
WA_W,293,0.026266068774462862
WA_W,294,0.04562393736701336
WA_W,295,0.024553675449816386
WA_W,296,0.03454068921419796
WA_W,297,0.0359926564409358
WA_W,298,0.0323339729335851
WA_W,299,0.022161799361052954
WA_W,300,0.020073182874084487
WA_W,301,0.03294874176975688
WA_W,302,0.019258753302446485
WA_W,303,0.027500838800390486
WA_W,304,0.03699771468351025
WA_W,305,0.06580551608928778
WA_W,306,0.027636678960499855
WA_W,307,0.04217138987016876
WA_W,308,0.04315942539681061
WA_W,309,0.04440652291931487
WA_W,310,0.043271627683830485
WA_W,311,0.0603989202029957
WA_W,312,0.0506020543088971
WA_W,313,0.024654620625632277
WA_W,314,0.040681422450487
WA_W,315,0.064531025313477
WA_W,316,0.04212666808506924
WA_W,317,0.040698309351730105
WA_W,318,0.06432354155313555
WA_W,319,0.048652749133057505
WA_W,320,0.029552381515923806
WA_W,321,0.046357507551552754
WA_W,322,0.06291107998708106
WA_W,323,0.04419105263844205
WA_W,324,0.05803779463081993
WA_W,325,0.05844895663648127
WA_W,326,0.033244945383929456
WA_W,327,0.030840713509779332
WA_W,328,0.046871765546297496
WA_W,329,0.05643368161746144
WA_W,330,0.05202569595710719
WA_W,331,0.0739435241938438
WA_W,332,0.00897952431484202
WA_W,333,0.03112788789694556
WA_W,334,0.041384471330981734
WA_W,335,0.04906580734441915
WA_W,336,0.03869025535080391
WA_W,337,0.03400319734490163
WA_W,338,0.04733470223398578
WA_W,339,0.039700802970361514
WA_W,340,0.052661716743694076
WA_W,341,0.04207371830974841
WA_W,342,0.0519122688401044
WA_W,343,0.06815691695771292
WA_W,344,0.041774073730811635
WA_W,345,0.048830731652112144
WA_W,346,0.06690676493567682
WA_W,347,0.044146812800137596
WA_W,348,0.015564410710299131
WA_W,349,0.04218128920230994
WA_W,350,0.04596769501302634
WA_W,351,0.028819996931768888
WA_W,352,0.05124431046034154
WA_W,353,0.04522781628544459
WA_W,354,0.04192977479247094
WA_W,355,0.037646684019804845
WA_W,356,0.030496981261599703
WA_W,357,0.042323086029265135
WA_W,358,0.033317918093396216
WA_W,359,0.028121784105682227
WA_W,360,0.04253375507880049
WA_W,361,0.03837366484628665
WA_W,362,0.054405730911375044
WA_W,363,0.04150645843310859
WA_W,364,0.036164966850444756
WA_W,365,0.04053292662513213
WY_NE,1,1213.6742104476182
WY_NE,2,1817.1331984335234
WY_NE,3,2015.0393776533226
WY_NE,4,2426.756682523947
WY_NE,5,1932.7904913564796
WY_NE,6,1775.9044089684528
WY_NE,7,1562.8113999443246
WY_NE,8,1406.4107497943248
WY_NE,9,1696.693058902962
WY_NE,10,2069.270337099717
WY_NE,11,2272.152709990555
WY_NE,12,1717.1277247616467
WY_NE,13,962.1147587425588
WY_NE,14,977.2308600373452
WY_NE,15,1346.9463986905919
WY_NE,16,2116.0137155274683
WY_NE,17,2301.5875447201383
WY_NE,18,2066.342601158983
WY_NE,19,1924.6427604100231
WY_NE,20,1307.9904536366605
WY_NE,21,1145.161888568914
WY_NE,22,1841.0922913128818
WY_NE,23,1750.7685899259727
WY_NE,24,1539.132335255415
WY_NE,25,1921.3479795577255
WY_NE,26,1939.146456034589
WY_NE,27,1186.4399834876167
WY_NE,28,1144.4472406929694
WY_NE,29,1550.80446258559
WY_NE,30,1967.6925149049844
WY_NE,31,2011.5097975287997
WY_NE,32,1822.4177574007408
WY_NE,33,1177.8445829192617
WY_NE,34,917.7954269011573
WY_NE,35,947.2447909316855
WY_NE,36,1893.5671394074452
WY_NE,37,2157.2474290473483
WY_NE,38,1890.093673220416
WY_NE,39,2065.23136924601
WY_NE,40,1728.2813237769428
WY_NE,41,1286.9462400653615
WY_NE,42,1010.9452928672188
WY_NE,43,1703.8849434858669
WY_NE,44,2144.617920627333
WY_NE,45,2083.8402807028715
WY_NE,46,2227.9355091664634
WY_NE,47,1937.753721739571
WY_NE,48,1204.376352181237
WY_NE,49,1318.445786969618
WY_NE,50,1695.233837073656
WY_NE,51,2065.3550386193187
WY_NE,52,2363.812587081388
WY_NE,53,2351.3887761131023
WY_NE,54,2062.010553765499
WY_NE,55,1095.5707935833723
WY_NE,56,1199.0325980119092
WY_NE,57,1774.9407440875952
WY_NE,58,1953.774827854611
WY_NE,59,2177.6399573983003
WY_NE,60,1913.0859663215372
WY_NE,61,1450.6969644690528
WY_NE,62,1110.123906423613
WY_NE,63,1821.9511155436255
WY_NE,64,2013.8747414671411
WY_NE,65,2112.5833851496886
WY_NE,66,2521.542534697711
WY_NE,67,2354.079607031638
WY_NE,68,1361.7480723975384
WY_NE,69,1265.960331305379
WY_NE,70,1961.6569118421378
WY_NE,71,2072.618290043264
WY_NE,72,2343.1763012291863
WY_NE,73,2153.6064737085853
WY_NE,74,1975.8333479809144
WY_NE,75,1381.3253428323915
WY_NE,76,1509.0932628233213
WY_NE,77,1893.3634861511205
WY_NE,78,2099.3432532542733
WY_NE,79,2295.2708284991822
WY_NE,80,2162.723025561721
WY_NE,81,1985.5885552881819
WY_NE,82,1355.87276052439
WY_NE,83,1036.2795244125216
WY_NE,84,1329.146505184793
WY_NE,85,1953.5279611698484
WY_NE,86,2309.7893404797146
WY_NE,87,2454.979997262233
WY_NE,88,1910.5595098272477
WY_NE,89,1509.8684900066087
WY_NE,90,1050.9327526846516
WY_NE,91,1911.4844964531908
WY_NE,92,2102.7677890016175
WY_NE,93,2364.4255706816903
WY_NE,94,2513.398389103587
WY_NE,95,1887.2427443032389
WY_NE,96,1430.9037816655857
WY_NE,97,1362.7738530394968
WY_NE,98,1931.7273137391253
WY_NE,99,2108.9258460358997
WY_NE,100,2375.755964611093
WY_NE,101,2254.3059399290787
WY_NE,102,2112.0698398380264
WY_NE,103,1241.2683799474212
WY_NE,104,1153.4456068690054
WY_NE,105,1818.0618276204343
WY_NE,106,1965.7156696759912
WY_NE,107,2374.287750897009
WY_NE,108,2361.132738201481
WY_NE,109,1921.258802961972
WY_NE,110,1185.5692020935712
WY_NE,111,1149.181092688712
WY_NE,112,1850.4270292645087
WY_NE,113,2156.47826715064
WY_NE,114,2115.679066576184
WY_NE,115,2266.75720336848
WY_NE,116,1678.3164247913699
WY_NE,117,1161.9600655212282
WY_NE,118,1201.3282287016625
WY_NE,119,2094.6267880785676
WY_NE,120,2185.2116366530527
WY_NE,121,1983.004867322781
WY_NE,122,2754.6255287487884
WY_NE,123,2266.8479072863083
WY_NE,124,1216.2054813859495
WY_NE,125,1450.1871092498138
WY_NE,126,1562.7259016580942
WY_NE,127,2401.343809597233
WY_NE,128,2255.0094084761568
WY_NE,129,2454.2192980475356
WY_NE,130,1810.4472577898039
WY_NE,131,1583.910147328694
WY_NE,132,1187.6268987343253
WY_NE,133,2577.398288354453
WY_NE,134,2295.020384901315
WY_NE,135,3137.0100231492147
WY_NE,136,2409.79835100277
WY_NE,137,2040.5873334568178
WY_NE,138,1449.1667437581807
WY_NE,139,1336.703293579963
WY_NE,140,2168.845347169688
WY_NE,141,2092.12251752333
WY_NE,142,2620.491202355686
WY_NE,143,2342.138030568884
WY_NE,144,2052.4995170145125
WY_NE,145,1558.4457082593751
WY_NE,146,1112.0669270184774
WY_NE,147,1472.3389299347996
WY_NE,148,2119.903424653384
WY_NE,149,2055.451170663029
WY_NE,150,2215.770376750638
WY_NE,151,2041.78191644504
WY_NE,152,1433.755739553198
WY_NE,153,1479.2445833930294
WY_NE,154,1910.6336098647203
WY_NE,155,1887.3855446369066
WY_NE,156,2590.9968964769937
WY_NE,157,2428.823557404315
WY_NE,158,2217.3764748566537
WY_NE,159,1511.2592612216395
WY_NE,160,1579.802884518296
WY_NE,161,2230.334137142468
WY_NE,162,2449.3874694635433
WY_NE,163,2727.9387342803016
WY_NE,164,2481.89433999028
WY_NE,165,2250.536619633927
WY_NE,166,1484.7981533739692
WY_NE,167,1371.951822774142
WY_NE,168,1913.5534494388105
WY_NE,169,2675.374760188016
WY_NE,170,2601.597901060315
WY_NE,171,2044.1557960535683
WY_NE,172,2192.2302051887746
WY_NE,173,1834.5330681788264
WY_NE,174,1466.5635993727706
WY_NE,175,2197.5229891884574
WY_NE,176,2532.2281688172216
WY_NE,177,3143.7547560137773
WY_NE,178,2775.4615019107227
WY_NE,179,2489.2744803682153
WY_NE,180,1554.8354048881968
WY_NE,181,1277.9096180766342
WY_NE,182,1864.0402340327555
WY_NE,183,2407.408809958328
WY_NE,184,2101.9549625712434
WY_NE,185,1071.5267966933795
WY_NE,186,1615.2202097014888
WY_NE,187,1535.5079802712771
WY_NE,188,1565.2101173171482
WY_NE,189,2102.2860152150924
WY_NE,190,2576.0651471388624
WY_NE,191,2567.379890183592
WY_NE,192,2510.9874422586704
WY_NE,193,2348.614710356982
WY_NE,194,1602.155841898447
WY_NE,195,1747.1785561438628
WY_NE,196,2236.067201883318
WY_NE,197,2283.381744960454
WY_NE,198,2568.9298547358685
WY_NE,199,2646.247451425536
WY_NE,200,2122.9384560438516
WY_NE,201,1457.4104147646794
WY_NE,202,1572.3750990451938
WY_NE,203,2043.6382999764328
WY_NE,204,2432.9074060559524
WY_NE,205,2740.335925223192
WY_NE,206,2769.4111342428214
WY_NE,207,2255.1336692328464
WY_NE,208,1939.9363957484745
WY_NE,209,1383.30946688498
WY_NE,210,2114.271494677883
WY_NE,211,2138.7797019044674
WY_NE,212,2404.0981477675145
WY_NE,213,2921.380725664062
WY_NE,214,2309.108673798124
WY_NE,215,1526.5862462656214
WY_NE,216,1872.2600301937307
WY_NE,217,1999.2574444675035
WY_NE,218,2528.417838695875
WY_NE,219,2878.639343978697
WY_NE,220,2760.0564619422935
WY_NE,221,2422.379961672802
WY_NE,222,1781.0362673965726
WY_NE,223,1496.0678542152227
WY_NE,224,2143.178533276814
WY_NE,225,2532.1125074623474
WY_NE,226,2680.642332601501
WY_NE,227,2649.70423799739
WY_NE,228,2596.777171975526
WY_NE,229,1703.2255075859207
WY_NE,230,1333.265480094707
WY_NE,231,2446.152411817157
WY_NE,232,2549.912527803444
WY_NE,233,2549.1044019808737
WY_NE,234,2653.3008321048433
WY_NE,235,2071.406409450283
WY_NE,236,1376.6774626643528
WY_NE,237,1554.2226541639275
WY_NE,238,1762.768053522776
WY_NE,239,2471.498260783771
WY_NE,240,2322.3243099153306
WY_NE,241,2301.2379562586566
WY_NE,242,2421.4015127634566
WY_NE,243,1703.747454343669
WY_NE,244,1231.1469378750364
WY_NE,245,1328.6170330490463
WY_NE,246,2008.5392041904538
WY_NE,247,2724.8674912095107
WY_NE,248,2339.145843648186
WY_NE,249,2149.9476247719726
WY_NE,250,1845.5515334527004
WY_NE,251,1487.7574792609885
WY_NE,252,2328.3988882287445
WY_NE,253,2554.883993972574
WY_NE,254,2419.3235427171844
WY_NE,255,2301.5124104739907
WY_NE,256,2365.493949315725
WY_NE,257,1581.6904249929235
WY_NE,258,1880.6186100655602
WY_NE,259,2478.9772838858994
WY_NE,260,2396.6548108810007
WY_NE,261,2648.5337243665545
WY_NE,262,2667.8797633472777
WY_NE,263,2256.56609291779
WY_NE,264,1348.6456234691207
WY_NE,265,1721.5817530277698
WY_NE,266,2161.400108597836
WY_NE,267,2321.980058688672
WY_NE,268,2712.4611710468716
WY_NE,269,2591.3081769285823
WY_NE,270,2369.061671121792
WY_NE,271,1396.075582142306
WY_NE,272,1793.0550547767077
WY_NE,273,2059.7890346353392
WY_NE,274,2219.3334765570194
WY_NE,275,3077.7451415127075
WY_NE,276,2589.5117933128404
WY_NE,277,2544.32204244797
WY_NE,278,1657.4374427301443
WY_NE,279,1821.3739642952248
WY_NE,280,1996.58347216315
WY_NE,281,2468.0401415375754
WY_NE,282,2568.529471383698
WY_NE,283,2574.096557690258
WY_NE,284,2142.89275670338
WY_NE,285,1626.8987867504302
WY_NE,286,1576.6322348500057
WY_NE,287,2242.286704029085
WY_NE,288,2539.4378578550504
WY_NE,289,2731.8017223741726
WY_NE,290,2872.6746659608193
WY_NE,291,2605.5669738247675
WY_NE,292,1751.1575479454618
WY_NE,293,2150.0284323567216
WY_NE,294,3017.267175214513
WY_NE,295,3011.7782796714923
WY_NE,296,2996.383968925309
WY_NE,297,3290.0883210447087
WY_NE,298,2519.869762498239
WY_NE,299,1465.0909467176102
WY_NE,300,2354.9567024216976
WY_NE,301,2142.6076691474
WY_NE,302,2343.169630427382
WY_NE,303,2914.7207458835687
WY_NE,304,2304.879806393578
WY_NE,305,2371.237342190006
WY_NE,306,1730.0479758563065
WY_NE,307,2164.468771424695
WY_NE,308,2895.0777517968413
WY_NE,309,2465.3292726396407
WY_NE,310,2921.034385590856
WY_NE,311,2719.9064915241484
WY_NE,312,1958.168397373062
WY_NE,313,1405.7728372422073
WY_NE,314,2335.271388589296
WY_NE,315,2104.561432154803
WY_NE,316,2394.022719365347
WY_NE,317,2653.2229277506067
WY_NE,318,2609.564349509253
WY_NE,319,2098.9541050965263
WY_NE,320,1614.7451701824673
WY_NE,321,1693.1072629801681
WY_NE,322,2246.532893196502
WY_NE,323,2384.7199750714803
WY_NE,324,2329.410120462032
WY_NE,325,2752.899357757564
WY_NE,326,2108.393754247593
WY_NE,327,1492.3893993996983
WY_NE,328,1674.6859125708536
WY_NE,329,2032.407615273584
WY_NE,330,2593.5614295783353
WY_NE,331,1982.59537031122
WY_NE,332,638.2076767113153
WY_NE,333,1600.5679853422973
WY_NE,334,1676.5777835127424
WY_NE,335,1836.0604032131378
WY_NE,336,2528.3585305094666
WY_NE,337,2431.5309044964188
WY_NE,338,2670.5602868362967
WY_NE,339,2771.5595492435737
WY_NE,340,2502.0981705295276
WY_NE,341,1613.167720039079
WY_NE,342,1737.2384797238421
WY_NE,343,2362.7678077294836
WY_NE,344,2771.5942868602892
WY_NE,345,2483.5984727100076
WY_NE,346,2405.2659564705273
WY_NE,347,2278.135594905975
WY_NE,348,1367.7111160126133
WY_NE,349,1696.167781778854
WY_NE,350,2590.063861439803
WY_NE,351,2652.2634876979337
WY_NE,352,2532.9501292895457
WY_NE,353,1932.9314613283345
WY_NE,354,2268.4004077762493
WY_NE,355,1613.6855369876857
WY_NE,356,1385.312815139849
WY_NE,357,1644.8814235020548
WY_NE,358,1136.268375063109
WY_NE,359,784.7247878781528
WY_NE,360,2204.6588180681356
WY_NE,361,2139.936033990138
WY_NE,362,1584.1566892560847
WY_NE,363,1429.3504675599588
WY_NE,364,1598.6318551006743
WY_NE,365,1545.0555219666296
WY_NW,1,0.15491502975402763
WY_NW,2,0.17123994696403397
WY_NW,3,0.2100288579919802
WY_NW,4,0.2580349912897292
WY_NW,5,0.17695284195930003
WY_NW,6,0.16609370447978436
WY_NW,7,0.15792997898819963
WY_NW,8,0.2540875172180266
WY_NW,9,0.25345757719580153
WY_NW,10,0.36986047817251766
WY_NW,11,0.20724910702064242
WY_NW,12,0.06411827790522706
WY_NW,13,0.06859033261387236
WY_NW,14,0.12201747124224635
WY_NW,15,0.09347648330576012
WY_NW,16,0.1906620937059098
WY_NW,17,0.3784745547269077
WY_NW,18,0.29472306245798513
WY_NW,19,0.11394075525132755
WY_NW,20,0.11383552579466871
WY_NW,21,0.05552715159442686
WY_NW,22,0.2594259285899593
WY_NW,23,0.2655570201492424
WY_NW,24,0.1980967574409712
WY_NW,25,0.360831952483484
WY_NW,26,0.32601641381080054
WY_NW,27,0.08288801642007554
WY_NW,28,0.13206849561923512
WY_NW,29,0.18721273392561671
WY_NW,30,0.28387744440094986
WY_NW,31,0.3540924609137943
WY_NW,32,1.0323366913749266
WY_NW,33,0.6233217403798356
WY_NW,34,0.4056137816903974
WY_NW,35,0.32641226114941735
WY_NW,36,1.1246174223210021
WY_NW,37,1.7627873106842145
WY_NW,38,0.940452324036602
WY_NW,39,0.5406352066192263
WY_NW,40,0.7894039706136038
WY_NW,41,0.5247313132214376
WY_NW,42,0.20942068891907853
WY_NW,43,0.4708239378242686
WY_NW,44,1.0731345953116986
WY_NW,45,1.171985996194274
WY_NW,46,0.46777812335918534
WY_NW,47,0.5254266013708717
WY_NW,48,0.4763746538198379
WY_NW,49,0.5283459954725863
WY_NW,50,0.4064753674484758
WY_NW,51,0.41716745371078046
WY_NW,52,1.1803118368291814
WY_NW,53,0.378203088814835
WY_NW,54,0.296295391408644
WY_NW,55,0.35504303894827494
WY_NW,56,0.3436370078053931
WY_NW,57,0.4695837061752866
WY_NW,58,0.9830220820653965
WY_NW,59,0.5044605885347208
WY_NW,60,1.1381385723555901
WY_NW,61,0.8032656173366854
WY_NW,62,0.32883908029168074
WY_NW,63,1.4631141713523577
WY_NW,64,1.0880682390652616
WY_NW,65,0.8320820411551066
WY_NW,66,1.054273859223261
WY_NW,67,1.1663721552463329
WY_NW,68,0.6158533448357022
WY_NW,69,0.45009155084581337
WY_NW,70,0.6511571808585319
WY_NW,71,0.9063023249868659
WY_NW,72,1.5642291678458975
WY_NW,73,0.49596348932195056
WY_NW,74,0.4036029914532697
WY_NW,75,0.4561753464850178
WY_NW,76,0.5878438006370322
WY_NW,77,0.6661978868353574
WY_NW,78,1.2341043710544832
WY_NW,79,0.9355135808829439
WY_NW,80,1.2693010394339204
WY_NW,81,0.935087836476033
WY_NW,82,0.7551634450517917
WY_NW,83,0.003931665031202513
WY_NW,84,1.503948800129751
WY_NW,85,1.1733287928741247
WY_NW,86,1.1623545778982196
WY_NW,87,1.0805323379114664
WY_NW,88,1.1731159878718689
WY_NW,89,0.40794616548786783
WY_NW,90,0.1376477549046383
WY_NW,91,1.9257332682370611
WY_NW,92,1.5643234793403886
WY_NW,93,2.2626039645933
WY_NW,94,1.9193245892071669
WY_NW,95,1.6640612588735397
WY_NW,96,0.7045968504163103
WY_NW,97,0.9328934303465872
WY_NW,98,1.4463431984798314
WY_NW,99,2.2831107746630543
WY_NW,100,2.4986617617564724
WY_NW,101,1.3802737359377841
WY_NW,102,2.939270388185446
WY_NW,103,1.6992708938154326
WY_NW,104,1.7644558408089228
WY_NW,105,1.861083344955433
WY_NW,106,2.534059213162194
WY_NW,107,1.5438972445860442
WY_NW,108,5.463364274741226
WY_NW,109,2.0804249018959493
WY_NW,110,0.8336858778626218
WY_NW,111,1.3927013416271732
WY_NW,112,1.9001040181389204
WY_NW,113,3.1749452416571575
WY_NW,114,1.6114151444683642
WY_NW,115,2.9683941442833284
WY_NW,116,2.05251076163221
WY_NW,117,1.9262870632915248
WY_NW,118,1.563427777395193
WY_NW,119,2.142687655219384
WY_NW,120,3.6430052581821943
WY_NW,121,7.579415115150867
WY_NW,122,3.5215190838977324
WY_NW,123,3.7313276390234376
WY_NW,124,1.7665567804894817
WY_NW,125,3.854111393225391
WY_NW,126,2.0158532302056873
WY_NW,127,2.663822246997199
WY_NW,128,2.4014200754846553
WY_NW,129,3.0337622241040965
WY_NW,130,7.241828408741283
WY_NW,131,2.218614317795625
WY_NW,132,2.065723599961164
WY_NW,133,3.629576651003929
WY_NW,134,6.602823427027105
WY_NW,135,2.886777083734373
WY_NW,136,4.990037912177053
WY_NW,137,4.479293540358562
WY_NW,138,3.740797083016569
WY_NW,139,1.394901229937362
WY_NW,140,4.34639164937852
WY_NW,141,3.3471457928192017
WY_NW,142,3.8431936986449426
WY_NW,143,4.801488903022728
WY_NW,144,5.209551053218313
WY_NW,145,3.120531754626486
WY_NW,146,2.4423073854584962
WY_NW,147,3.847948797344697
WY_NW,148,7.353298819054121
WY_NW,149,4.39121697655332
WY_NW,150,3.3970029375955306
WY_NW,151,9.546381909032988
WY_NW,152,1.0243483063689847
WY_NW,153,1.406575893510314
WY_NW,154,1.9487084733786504
WY_NW,155,1.3103267514383803
WY_NW,156,2.3360995479091393
WY_NW,157,1.5627556826832958
WY_NW,158,1.568274498718834
WY_NW,159,1.5336781517310576
WY_NW,160,1.001064463759826
WY_NW,161,1.045199387820581
WY_NW,162,1.3595291307870254
WY_NW,163,1.0074918052291202
WY_NW,164,2.423702021806827
WY_NW,165,1.868824930024523
WY_NW,166,0.905481936527597
WY_NW,167,1.2237697301920718
WY_NW,168,1.4488246911878897
WY_NW,169,1.583997218339616
WY_NW,170,1.6499101303254347
WY_NW,171,1.4821612172024974
WY_NW,172,1.4749064837473234
WY_NW,173,1.0072150536285418
WY_NW,174,0.6636837156115134
WY_NW,175,1.1166341170492724
WY_NW,176,1.624028619876758
WY_NW,177,1.5966061023474871
WY_NW,178,1.4969952483055866
WY_NW,179,1.3446509761499335
WY_NW,180,0.8671103368010924
WY_NW,181,1.7017413009750724
WY_NW,182,1.1944596271785328
WY_NW,183,0.8617181573421187
WY_NW,184,0.7686676777977863
WY_NW,185,0.5522805787813067
WY_NW,186,0.7837606661838166
WY_NW,187,0.4721545433416719
WY_NW,188,0.7836605426574641
WY_NW,189,0.979932930822415
WY_NW,190,1.0549346588453674
WY_NW,191,0.7511649728337562
WY_NW,192,0.641559068665486
WY_NW,193,0.896087533407095
WY_NW,194,0.5358670541357946
WY_NW,195,0.37002452618523474
WY_NW,196,0.8917698953322115
WY_NW,197,0.972202154869275
WY_NW,198,0.6944395299449757
WY_NW,199,0.5400104789330635
WY_NW,200,0.8536979158855317
WY_NW,201,0.5619588303717541
WY_NW,202,0.616029673683957
WY_NW,203,0.7650803190584483
WY_NW,204,0.918672903812346
WY_NW,205,0.6690847566119541
WY_NW,206,0.8263522390090277
WY_NW,207,0.8477557844575498
WY_NW,208,0.7736142566784814
WY_NW,209,0.5678014554370868
WY_NW,210,0.8811926972441491
WY_NW,211,0.8570978059025791
WY_NW,212,0.7741933180154921
WY_NW,213,2.5753381707210403
WY_NW,214,1.703959110276365
WY_NW,215,1.9841248015556907
WY_NW,216,1.6954460860417324
WY_NW,217,1.7232529595794843
WY_NW,218,1.1372262487524156
WY_NW,219,2.432549835787554
WY_NW,220,2.3580527277236847
WY_NW,221,2.463863528896553
WY_NW,222,2.76729139461073
WY_NW,223,1.5509140636411192
WY_NW,224,1.6081477335839376
WY_NW,225,1.4368768874295057
WY_NW,226,1.9508017200441903
WY_NW,227,1.8303157736052709
WY_NW,228,1.7214143224341591
WY_NW,229,1.3036043209725874
WY_NW,230,1.4481207417494406
WY_NW,231,1.083454584249947
WY_NW,232,1.3920707403717663
WY_NW,233,1.3862368511773269
WY_NW,234,1.845503317143215
WY_NW,235,1.9169892656033862
WY_NW,236,2.2593531059416696
WY_NW,237,1.8944257815755274
WY_NW,238,1.7429026151264553
WY_NW,239,1.632936356461939
WY_NW,240,1.9514072103845002
WY_NW,241,1.5892306489515018
WY_NW,242,1.4971087530613314
WY_NW,243,1.1027291527043055
WY_NW,244,0.8048432376315554
WY_NW,245,2.3278798443753006
WY_NW,246,1.8346280967971467
WY_NW,247,3.1507376669931735
WY_NW,248,2.2819702416482697
WY_NW,249,2.369215704790009
WY_NW,250,1.452091187710044
WY_NW,251,1.2439081514440153
WY_NW,252,2.6167390575630374
WY_NW,253,2.5117668457839035
WY_NW,254,2.0092493403092417
WY_NW,255,2.4859165601909567
WY_NW,256,1.2256323523834207
WY_NW,257,1.9239086504873169
WY_NW,258,1.6192789738213804
WY_NW,259,1.7824855854051946
WY_NW,260,3.208741324342652
WY_NW,261,3.125327831846345
WY_NW,262,1.522447172536173
WY_NW,263,2.1930204648014193
WY_NW,264,2.182914851847726
WY_NW,265,2.376642699872319
WY_NW,266,1.5419259968921764
WY_NW,267,1.7909939690078704
WY_NW,268,1.8824306377108513
WY_NW,269,1.7326825572668387
WY_NW,270,1.5941369687352887
WY_NW,271,1.74480531955153
WY_NW,272,0.6190332794461095
WY_NW,273,2.7086594437399842
WY_NW,274,4.025470992489695
WY_NW,275,7.4136357777526385
WY_NW,276,6.350544523061277
WY_NW,277,6.7999362973368065
WY_NW,278,2.2920093167356175
WY_NW,279,3.8100720610702843
WY_NW,280,6.5187320907695865
WY_NW,281,5.655847158702056
WY_NW,282,5.574259020898355
WY_NW,283,7.513897578943826
WY_NW,284,8.479941797399258
WY_NW,285,2.2864948853668263
WY_NW,286,2.9733501478752715
WY_NW,287,3.9279647442588175
WY_NW,288,6.044540039771366
WY_NW,289,6.367580764742602
WY_NW,290,8.53827528842895
WY_NW,291,2.8604443649046534
WY_NW,292,5.416536943656436
WY_NW,293,3.311213374935379
WY_NW,294,7.896027167190857
WY_NW,295,4.545839770035992
WY_NW,296,6.5332198492131095
WY_NW,297,6.318623977825524
WY_NW,298,3.0374694239837527
WY_NW,299,4.41898223200035
WY_NW,300,6.549252259721963
WY_NW,301,8.18386557985129
WY_NW,302,3.6081216036714654
WY_NW,303,9.507236847747443
WY_NW,304,3.8686008261488034
WY_NW,305,14.6446001616859
WY_NW,306,7.226704508301406
WY_NW,307,5.27088526210565
WY_NW,308,13.757710408916322
WY_NW,309,30.69311325060142
WY_NW,310,10.591095596919239
WY_NW,311,14.972345063263763
WY_NW,312,7.854918577725221
WY_NW,313,9.114604835056934
WY_NW,314,9.618963454440353
WY_NW,315,13.596429380330857
WY_NW,316,13.760430352724828
WY_NW,317,16.619415722253837
WY_NW,318,15.155497897740172
WY_NW,319,11.545159404211958
WY_NW,320,6.944792804696261
WY_NW,321,6.604871142140775
WY_NW,322,13.864097746721098
WY_NW,323,12.956081357106779
WY_NW,324,10.357429423295578
WY_NW,325,18.017523371051503
WY_NW,326,12.710198881726699
WY_NW,327,8.209171120802903
WY_NW,328,5.75156102046795
WY_NW,329,10.743484741456385
WY_NW,330,13.71813416764255
WY_NW,331,12.577047895091786
WY_NW,332,2.2321855423667136
WY_NW,333,8.063267325184205
WY_NW,334,9.678210656516914
WY_NW,335,0.694518887093078
WY_NW,336,1.5019630462321425
WY_NW,337,1.397047570833022
WY_NW,338,1.424315262348496
WY_NW,339,2.2498009259083043
WY_NW,340,0.7962822601986105
WY_NW,341,0.4008892491076984
WY_NW,342,0.5333913985543981
WY_NW,343,1.7698573830333233
WY_NW,344,2.513358945380706
WY_NW,345,2.6712088550475435
WY_NW,346,1.2646131089951518
WY_NW,347,0.8193818628507938
WY_NW,348,0.8579622193411173
WY_NW,349,0.6268591531736716
WY_NW,350,1.159598194867045
WY_NW,351,1.2635474744561985
WY_NW,352,0.8236073502962752
WY_NW,353,1.150947003776926
WY_NW,354,1.0209752732362467
WY_NW,355,0.4681550645062509
WY_NW,356,0.3403846191915491
WY_NW,357,0.5336367278111559
WY_NW,358,0.6449100623576003
WY_NW,359,0.3336569993544757
WY_NW,360,0.7371755834998858
WY_NW,361,0.650318328706682
WY_NW,362,0.8129183188319128
WY_NW,363,0.4135634506859443
WY_NW,364,0.46947627267849534
WY_NW,365,0.7755837872947566
WY_SE,1,16.79778222965743
WY_SE,2,18.352210616007852
WY_SE,3,45.745086548203595
WY_SE,4,57.63254181279382
WY_SE,5,49.971323523223994
WY_SE,6,26.693637393518422
WY_SE,7,16.408735666462462
WY_SE,8,45.780874195564465
WY_SE,9,73.17216719422544
WY_SE,10,66.43229332237004
WY_SE,11,65.88856675688108
WY_SE,12,38.2243908366939
WY_SE,13,17.982245458382835
WY_SE,14,23.045561813090075
WY_SE,15,27.842324157230873
WY_SE,16,54.945781018874264
WY_SE,17,41.428907354100815
WY_SE,18,52.38270200787141
WY_SE,19,44.0852912616231
WY_SE,20,27.0278804604544
WY_SE,21,15.160652457005652
WY_SE,22,54.61729885046902
WY_SE,23,49.540030448490086
WY_SE,24,59.3179599409705
WY_SE,25,78.04841544428776
WY_SE,26,46.899408460422094
WY_SE,27,24.464224548122175
WY_SE,28,15.295701167723168
WY_SE,29,35.45334449370552
WY_SE,30,69.85623912595403
WY_SE,31,65.35101517938612
WY_SE,32,71.42673618862163
WY_SE,33,61.66196274503555
WY_SE,34,13.103497278457288
WY_SE,35,14.554342126923348
WY_SE,36,51.34390538194622
WY_SE,37,71.61859625129576
WY_SE,38,71.49161404574858
WY_SE,39,74.03405461679299
WY_SE,40,47.10982032886724
WY_SE,41,27.465473190754004
WY_SE,42,23.276057960779553
WY_SE,43,39.852227472630325
WY_SE,44,74.32920865398472
WY_SE,45,78.77528143916986
WY_SE,46,50.115367539224
WY_SE,47,27.76845382705922
WY_SE,48,27.280612696122343
WY_SE,49,15.060667728357908
WY_SE,50,30.153225600735354
WY_SE,51,41.03488053259613
WY_SE,52,46.72616750909819
WY_SE,53,50.95418580788418
WY_SE,54,38.83660273372718
WY_SE,55,25.289443890067936
WY_SE,56,15.806329416086145
WY_SE,57,23.050122873688757
WY_SE,58,69.06985480286573
WY_SE,59,56.15158203718963
WY_SE,60,30.06661025923459
WY_SE,61,26.108645811567808
WY_SE,62,8.971939850030328
WY_SE,63,37.66009322847274
WY_SE,64,64.19710958620186
WY_SE,65,43.109862322174905
WY_SE,66,41.93886598415075
WY_SE,67,26.6890857110972
WY_SE,68,22.75029781424116
WY_SE,69,10.89222578729454
WY_SE,70,23.45249226796488
WY_SE,71,57.7449728579321
WY_SE,72,39.582519792611045
WY_SE,73,19.03006890381612
WY_SE,74,23.227168231629477
WY_SE,75,15.315675270627516
WY_SE,76,13.71831973666357
WY_SE,77,23.782479828901504
WY_SE,78,41.67884420830176
WY_SE,79,39.77228969127995
WY_SE,80,41.963814061188295
WY_SE,81,35.896100822678775
WY_SE,82,28.988525478437435
WY_SE,83,12.483226593393708
WY_SE,84,28.86551650326002
WY_SE,85,44.169671080483404
WY_SE,86,37.36419670788234
WY_SE,87,34.96546778360915
WY_SE,88,56.884082794956115
WY_SE,89,15.651415994639581
WY_SE,90,13.616992752083503
WY_SE,91,306.80991276493677
WY_SE,92,443.5270368965325
WY_SE,93,403.73622461920695
WY_SE,94,364.7169818100613
WY_SE,95,235.0919807794438
WY_SE,96,48.49450634601903
WY_SE,97,109.41874372882009
WY_SE,98,226.60495865997288
WY_SE,99,363.6099716095071
WY_SE,100,447.12600310473323
WY_SE,101,392.0943697735156
WY_SE,102,358.18141685129456
WY_SE,103,223.43477486411285
WY_SE,104,144.01500924763977
WY_SE,105,375.7229933170741
WY_SE,106,438.31024018819045
WY_SE,107,407.5216998034636
WY_SE,108,621.0467824259649
WY_SE,109,394.5644271371987
WY_SE,110,160.54984210256453
WY_SE,111,186.8961388149163
WY_SE,112,371.9647308990049
WY_SE,113,406.93479253178657
WY_SE,114,465.6984536493519
WY_SE,115,561.4189390719682
WY_SE,116,337.3500113189533
WY_SE,117,313.9066332247233
WY_SE,118,202.6331930801755
WY_SE,119,265.80068823354804
WY_SE,120,343.2837514315991
WY_SE,121,339.9684461652917
WY_SE,122,360.71769805691076
WY_SE,123,369.3980819282486
WY_SE,124,138.8278236928895
WY_SE,125,138.67421562208474
WY_SE,126,216.11741953558368
WY_SE,127,301.5651578294091
WY_SE,128,452.8026012345917
WY_SE,129,369.95738306498566
WY_SE,130,347.4903037317404
WY_SE,131,277.4132384388073
WY_SE,132,122.5313445830553
WY_SE,133,228.30163180866464
WY_SE,134,408.8490549680858
WY_SE,135,404.8041427441907
WY_SE,136,359.8723550506923
WY_SE,137,295.00270901427837
WY_SE,138,182.4682883557087
WY_SE,139,153.04791366090274
WY_SE,140,289.2871161957781
WY_SE,141,342.76046155300185
WY_SE,142,288.81481915341266
WY_SE,143,273.5186589797716
WY_SE,144,225.31939700671523
WY_SE,145,123.70442470873758
WY_SE,146,110.30331104839175
WY_SE,147,106.68416031280645
WY_SE,148,192.18721757124592
WY_SE,149,315.0682056498559
WY_SE,150,360.2640031805867
WY_SE,151,270.24071829817075
WY_SE,152,30.869254456026567
WY_SE,153,46.4983648178404
WY_SE,154,76.6955653779303
WY_SE,155,105.94706182812901
WY_SE,156,81.68649185998379
WY_SE,157,89.02163517598372
WY_SE,158,65.60355986106661
WY_SE,159,67.0271885986057
WY_SE,160,29.463929880490973
WY_SE,161,62.658742794714456
WY_SE,162,92.14957549286443
WY_SE,163,87.22503851071534
WY_SE,164,108.02275671826874
WY_SE,165,71.17429173266733
WY_SE,166,33.293649957747675
WY_SE,167,32.95809491370841
WY_SE,168,59.451907526584854
WY_SE,169,91.15398685160683
WY_SE,170,55.9166391255099
WY_SE,171,67.52388771431099
WY_SE,172,61.09710812034068
WY_SE,173,38.35843639337678
WY_SE,174,27.498795647543
WY_SE,175,46.80637434197196
WY_SE,176,70.19698090663506
WY_SE,177,75.75643059215639
WY_SE,178,80.00227616056534
WY_SE,179,55.687295258430616
WY_SE,180,42.50457719380082
WY_SE,181,37.07075383875433
WY_SE,182,31.47130455228586
WY_SE,183,69.38713134711452
WY_SE,184,50.67129365104973
WY_SE,185,25.523693628760352
WY_SE,186,26.978015827349147
WY_SE,187,18.735758341285806
WY_SE,188,26.980815557475985
WY_SE,189,34.855721003056736
WY_SE,190,57.28106826222745
WY_SE,191,51.683559471476244
WY_SE,192,57.3132755511914
WY_SE,193,49.44999639938972
WY_SE,194,36.84350648329709
WY_SE,195,17.476826737423906
WY_SE,196,48.093556370981595
WY_SE,197,57.47815009517422
WY_SE,198,47.32853999879119
WY_SE,199,61.251413473311196
WY_SE,200,50.275775255856054
WY_SE,201,35.9730669092728
WY_SE,202,28.805894449570676
WY_SE,203,43.907816800103575
WY_SE,204,76.52579391978418
WY_SE,205,48.990928431689625
WY_SE,206,42.509500672616596
WY_SE,207,55.19319785709804
WY_SE,208,30.189345113907017
WY_SE,209,26.350243896208582
WY_SE,210,62.539598847001926
WY_SE,211,56.144595919365656
WY_SE,212,62.13156336623876
WY_SE,213,177.07585378043382
WY_SE,214,169.55596304204627
WY_SE,215,148.65337241978125
WY_SE,216,133.8444122658171
WY_SE,217,175.49622265666667
WY_SE,218,208.9304495748818
WY_SE,219,310.26148835870384
WY_SE,220,209.72223331390384
WY_SE,221,175.12902156218752
WY_SE,222,122.11444807281765
WY_SE,223,78.8635828415281
WY_SE,224,139.2655917860259
WY_SE,225,188.04024770769593
WY_SE,226,182.19351149920357
WY_SE,227,219.7259955863461
WY_SE,228,185.79987609108943
WY_SE,229,99.04204724620745
WY_SE,230,102.30264329660969
WY_SE,231,114.09199727483605
WY_SE,232,209.6627638765025
WY_SE,233,190.62191864474033
WY_SE,234,178.7767075695908
WY_SE,235,135.58615439446902
WY_SE,236,138.44967622647908
WY_SE,237,78.66288582538319
WY_SE,238,175.43268741006017
WY_SE,239,232.01285978949403
WY_SE,240,228.00915640101496
WY_SE,241,207.48019441399734
WY_SE,242,205.4752983849994
WY_SE,243,116.90909754946004
WY_SE,244,22.154072526875087
WY_SE,245,21.310162960399666
WY_SE,246,52.336201983266804
WY_SE,247,63.83150633291612
WY_SE,248,62.34146286265442
WY_SE,249,64.61686224683086
WY_SE,250,51.80170080879495
WY_SE,251,22.37610676109785
WY_SE,252,64.81114168488287
WY_SE,253,77.95186072963855
WY_SE,254,66.262647804576
WY_SE,255,71.41903081461898
WY_SE,256,54.338508294866244
WY_SE,257,50.79054989201642
WY_SE,258,32.464108193278626
WY_SE,259,61.7634474955664
WY_SE,260,95.3033303346275
WY_SE,261,108.93564952137113
WY_SE,262,56.35844031394803
WY_SE,263,52.18181419023194
WY_SE,264,38.70092889306558
WY_SE,265,29.79522697951966
WY_SE,266,50.82233365220901
WY_SE,267,78.60400545091046
WY_SE,268,90.9696719089459
WY_SE,269,56.39902446539373
WY_SE,270,47.274464158874544
WY_SE,271,45.57581396907758
WY_SE,272,25.263980995060358
WY_SE,273,69.37733537719883
WY_SE,274,176.0896099137518
WY_SE,275,310.90251815521674
WY_SE,276,232.17032921921196
WY_SE,277,221.02582856334672
WY_SE,278,100.90104231337817
WY_SE,279,94.42173709614558
WY_SE,280,177.41310784056316
WY_SE,281,218.32588402220793
WY_SE,282,220.37367498395596
WY_SE,283,181.9417921157149
WY_SE,284,221.21169693172254
WY_SE,285,127.76560277652453
WY_SE,286,83.46862596471124
WY_SE,287,123.2686225364892
WY_SE,288,259.1439677188646
WY_SE,289,213.67455910600637
WY_SE,290,208.33111533040304
WY_SE,291,129.05652346178573
WY_SE,292,153.44713369322642
WY_SE,293,79.24270210297367
WY_SE,294,178.6404109322319
WY_SE,295,233.94268910358298
WY_SE,296,332.94126254865
WY_SE,297,227.62119165274675
WY_SE,298,143.9602230567352
WY_SE,299,125.01903851329573
WY_SE,300,115.26789829407008
WY_SE,301,270.10694874152404
WY_SE,302,153.29538004326207
WY_SE,303,306.19514753417275
WY_SE,304,230.61390749475368
WY_SE,305,525.6902949366411
WY_SE,306,456.95861491304225
WY_SE,307,233.4000002000895
WY_SE,308,670.6307221236824
WY_SE,309,908.8309332373557
WY_SE,310,604.1543891211961
WY_SE,311,660.6479297378936
WY_SE,312,426.0676658136088
WY_SE,313,389.2063680169273
WY_SE,314,288.59153562495675
WY_SE,315,662.2363229424567
WY_SE,316,715.3179969833596
WY_SE,317,785.7976628470742
WY_SE,318,696.0634143328251
WY_SE,319,658.3553863406365
WY_SE,320,394.2826693877263
WY_SE,321,250.33282609615756
WY_SE,322,596.4545355328163
WY_SE,323,696.8576067719156
WY_SE,324,725.1602817335673
WY_SE,325,731.6503684121315
WY_SE,326,770.61414334227
WY_SE,327,509.96192854540885
WY_SE,328,331.49911260065386
WY_SE,329,642.4631524918714
WY_SE,330,735.1312156942255
WY_SE,331,555.1015960332
WY_SE,332,214.23630499367852
WY_SE,333,496.59741565151734
WY_SE,334,340.25658119737386
WY_SE,335,54.40433181274641
WY_SE,336,145.5982180541754
WY_SE,337,109.92053865152752
WY_SE,338,111.91669942715293
WY_SE,339,179.6007231118354
WY_SE,340,102.66020608993155
WY_SE,341,55.67303638765605
WY_SE,342,61.38479934427812
WY_SE,343,104.02116602255269
WY_SE,344,179.34993865144418
WY_SE,345,155.84303393704758
WY_SE,346,81.19635096762545
WY_SE,347,91.34557367735928
WY_SE,348,56.81318508320834
WY_SE,349,41.39404381210965
WY_SE,350,85.93550508531959
WY_SE,351,101.78818122751909
WY_SE,352,67.76631067369773
WY_SE,353,56.679258094817044
WY_SE,354,48.93501476314353
WY_SE,355,41.32978224595361
WY_SE,356,25.704408135262042
WY_SE,357,37.169597757587354
WY_SE,358,47.46736214056364
WY_SE,359,19.61520692701935
WY_SE,360,46.77071324823017
WY_SE,361,54.024258383091286
WY_SE,362,38.179464522035154
WY_SE,363,25.482006780204888
WY_SE,364,38.85872212826646
WY_SE,365,50.671449719876776
WY_SW,1,0.048837655401467395
WY_SW,2,0.0860663153453561
WY_SW,3,0.12135585265478974
WY_SW,4,0.11593575037133383
WY_SW,5,0.12213364112044797
WY_SW,6,0.12338983855022062
WY_SW,7,0.05214447316050687
WY_SW,8,0.1331891640935752
WY_SW,9,0.20294221009948504
WY_SW,10,0.12065720124152104
WY_SW,11,0.1795695509861192
WY_SW,12,0.1270213740069294
WY_SW,13,0.048213265748733074
WY_SW,14,0.10060793512234277
WY_SW,15,0.12140134889607576
WY_SW,16,0.062474725593344736
WY_SW,17,0.19236329686043163
WY_SW,18,0.1594210959262513
WY_SW,19,0.1049060228393451
WY_SW,20,0.12560505371952596
WY_SW,21,0.06020340634347486
WY_SW,22,0.08283155853161123
WY_SW,23,0.15885686958613865
WY_SW,24,0.11092384920064392
WY_SW,25,0.2723213017062801
WY_SW,26,0.1300158861113359
WY_SW,27,0.09145786152848036
WY_SW,28,0.16318141649946358
WY_SW,29,0.10903260596941367
WY_SW,30,0.15895655860786329
WY_SW,31,0.09497019635758572
WY_SW,32,0.11499867973051112
WY_SW,33,0.3472866353340732
WY_SW,34,0.08745804010489079
WY_SW,35,0.021820755384537982
WY_SW,36,0.5782493923927583
WY_SW,37,0.4675849062834756
WY_SW,38,0.23000417043688884
WY_SW,39,0.31278412718035076
WY_SW,40,0.2252397428556464
WY_SW,41,0.20635053423767466
WY_SW,42,0.10936609701595423
WY_SW,43,0.22032302825244104
WY_SW,44,0.15944052804972217
WY_SW,45,0.3264256518244304
WY_SW,46,0.2606247785378008
WY_SW,47,0.1756123927029724
WY_SW,48,0.16887631592281147
WY_SW,49,0.1358309700665322
WY_SW,50,0.18111971022669526
WY_SW,51,0.21453506097914105
WY_SW,52,0.1671336315825369
WY_SW,53,0.2661913001342188
WY_SW,54,0.20390673063604392
WY_SW,55,0.0949389251077002
WY_SW,56,0.039597420493698555
WY_SW,57,0.2511344677785541
WY_SW,58,0.3891836496746043
WY_SW,59,0.24588223297214032
WY_SW,60,0.17775003746012563
WY_SW,61,0.12566983259983538
WY_SW,62,0.022385001126272248
WY_SW,63,0.10063682719521111
WY_SW,64,0.1441747227204269
WY_SW,65,0.0717360690934927
WY_SW,66,0.20714622566297836
WY_SW,67,0.07888724777013206
WY_SW,68,0.0941672169580939
WY_SW,69,0.024455484627426142
WY_SW,70,0.08771569051791746
WY_SW,71,0.2161616221171968
WY_SW,72,0.14811467054433736
WY_SW,73,0.013361990381554134
WY_SW,74,0.05799286338207489
WY_SW,75,0.06145019465411743
WY_SW,76,0.051362520153069635
WY_SW,77,0.07120175703379891
WY_SW,78,0.06686763308077034
WY_SW,79,0.12178941215234446
WY_SW,80,0.19634288602678737
WY_SW,81,0.10077060062611803
WY_SW,82,0.09765705974602261
WY_SW,83,0.03824104215588956
WY_SW,84,0.12155581913392663
WY_SW,85,0.14876689939243837
WY_SW,86,0.10944640976922093
WY_SW,87,0.17662378115398064
WY_SW,88,0.1491447234624951
WY_SW,89,0.10257961858778555
WY_SW,90,0.027818170881990487
WY_SW,91,1.14632770977775
WY_SW,92,1.372356366293601
WY_SW,93,2.4126827085046374
WY_SW,94,1.1373064605474772
WY_SW,95,1.3308289546039567
WY_SW,96,0.6958546377599333
WY_SW,97,0.4910476337347225
WY_SW,98,1.7763957720321941
WY_SW,99,0.815437897446003
WY_SW,100,1.8507449054920382
WY_SW,101,1.352873187208152
WY_SW,102,1.6058917208199377
WY_SW,103,0.943607191678491
WY_SW,104,0.28679692991736855
WY_SW,105,2.1283587318563617
WY_SW,106,1.1652661629467973
WY_SW,107,1.32854305589296
WY_SW,108,2.5694952363968953
WY_SW,109,1.6986386564315887
WY_SW,110,0.6175065048221231
WY_SW,111,0.25789153941712817
WY_SW,112,1.6669313478645118
WY_SW,113,1.824965375757406
WY_SW,114,1.7903493871621945
WY_SW,115,2.1577041736029514
WY_SW,116,2.5452161340315813
WY_SW,117,1.8786071142645864
WY_SW,118,0.48468218508327393
WY_SW,119,1.7012084486550658
WY_SW,120,1.3675699405852617
WY_SW,121,1.1437781584497444
WY_SW,122,1.1801287526521682
WY_SW,123,1.9622812622754515
WY_SW,124,0.42481494057778346
WY_SW,125,0.4237671113839262
WY_SW,126,1.2927061723104654
WY_SW,127,0.48322879914652084
WY_SW,128,1.016465141948598
WY_SW,129,0.9223066664082011
WY_SW,130,1.0914708411108833
WY_SW,131,0.5662069666239661
WY_SW,132,0.24982075679738983
WY_SW,133,0.6027603722567582
WY_SW,134,1.100913153251975
WY_SW,135,0.8727896072076751
WY_SW,136,1.2283469193840792
WY_SW,137,1.47016289071732
WY_SW,138,0.36132491003522216
WY_SW,139,0.22891243965065314
WY_SW,140,0.772039449297396
WY_SW,141,1.1216929101666488
WY_SW,142,0.7042778157313808
WY_SW,143,0.6671416587857033
WY_SW,144,0.93066147322638
WY_SW,145,0.4623592018803596
WY_SW,146,0.37124801098930144
WY_SW,147,0.32601037486876006
WY_SW,148,0.9432612420161508
WY_SW,149,0.424149197025894
WY_SW,150,1.3936761493506864
WY_SW,151,1.0610100778390268
WY_SW,152,0.528175163874823
WY_SW,153,0.4482960765657762
WY_SW,154,1.9693442557118004
WY_SW,155,1.612586515953196
WY_SW,156,1.0485581415896448
WY_SW,157,1.3545652533350527
WY_SW,158,0.9188748653076599
WY_SW,159,0.5990695745540267
WY_SW,160,0.5042579435184809
WY_SW,161,0.8039380432360655
WY_SW,162,1.2267523211756892
WY_SW,163,0.6638127148913815
WY_SW,164,1.3066290879568911
WY_SW,165,0.5418040670253542
WY_SW,166,0.34208320922583224
WY_SW,167,0.3382694621653966
WY_SW,168,0.8314489692914848
WY_SW,169,1.4399964814602346
WY_SW,170,0.8610065116612446
WY_SW,171,1.8895448488076134
WY_SW,172,0.9150544554745106
WY_SW,173,0.3285098320955034
WY_SW,174,0.47058227386007917
WY_SW,175,1.3340193766678876
WY_SW,176,0.8319589211435403
WY_SW,177,0.7481782554302531
WY_SW,178,0.7604850549842654
WY_SW,179,0.7150645318927826
WY_SW,180,0.4598309231555648
WY_SW,181,0.21185653114657216
WY_SW,182,0.2733649733291576
WY_SW,183,0.21523991727339137
WY_SW,184,0.2050848223477834
WY_SW,185,0.08635498289086616
WY_SW,186,0.15694383179004306
WY_SW,187,0.08723121847215129
WY_SW,188,0.06694475266938647
WY_SW,189,0.36037888000781787
WY_SW,190,0.22214161349036177
WY_SW,191,0.14803070851083489
WY_SW,192,0.31607718317798433
WY_SW,193,0.24791025537544992
WY_SW,194,0.1142710225012041
WY_SW,195,0.11830362525159907
WY_SW,196,0.2558886133279332
WY_SW,197,0.46494703507802027
WY_SW,198,0.42138721750146324
WY_SW,199,0.2574853957203362
WY_SW,200,0.2621031464910327
WY_SW,201,0.2817169730628576
WY_SW,202,0.2677261873555788
WY_SW,203,0.27206125302710704
WY_SW,204,0.2226542816056399
WY_SW,205,0.24556499612674612
WY_SW,206,0.2766369268707188
WY_SW,207,0.28765302223998745
WY_SW,208,0.13217308325678798
WY_SW,209,0.11537670086115377
WY_SW,210,0.3133506161361164
WY_SW,211,0.21770179570129694
WY_SW,212,0.37180636914159104
WY_SW,213,0.7332843957820079
WY_SW,214,0.7021947058692138
WY_SW,215,0.3744495467073887
WY_SW,216,0.28332321280979716
WY_SW,217,0.46365752953250317
WY_SW,218,0.3949313975181037
WY_SW,219,0.9760528721513779
WY_SW,220,0.7676865551638724
WY_SW,221,0.6675189505818155
WY_SW,222,0.28702993198302734
WY_SW,223,0.19252676129989857
WY_SW,224,0.7363458025932225
WY_SW,225,0.36819555722020736
WY_SW,226,0.7873225179408702
WY_SW,227,0.41466641372221746
WY_SW,228,0.7141964692914375
WY_SW,229,0.18491648748308107
WY_SW,230,0.33867448474090817
WY_SW,231,0.5267609035620573
WY_SW,232,0.328413606230026
WY_SW,233,0.4202051750924358
WY_SW,234,0.6051600676183202
WY_SW,235,0.5738618516554926
WY_SW,236,0.3858003787474936
WY_SW,237,0.17850219338418596
WY_SW,238,0.7945326063286446
WY_SW,239,0.5928019155634923
WY_SW,240,0.5361113827450856
WY_SW,241,0.6754808082958681
WY_SW,242,0.6211344774160893
WY_SW,243,0.41263545706802507
WY_SW,244,0.2838660575393921
WY_SW,245,0.27573263581779633
WY_SW,246,0.37280696864937896
WY_SW,247,0.5418312882205526
WY_SW,248,0.6220277022798106
WY_SW,249,0.8356160431418608
WY_SW,250,0.3875013461100977
WY_SW,251,0.2386085040848743
WY_SW,252,0.836354832861149
WY_SW,253,0.8858934493492535
WY_SW,254,0.5585241123789267
WY_SW,255,0.782140942297696
WY_SW,256,0.5274494866559842
WY_SW,257,0.26993596108245554
WY_SW,258,0.2887839455549184
WY_SW,259,0.8753883982503453
WY_SW,260,0.8487858630259016
WY_SW,261,0.9376282148566089
WY_SW,262,0.7990443005026573
WY_SW,263,0.36967087342878086
WY_SW,264,0.36796740060348154
WY_SW,265,0.3504837683813156
WY_SW,266,0.5679362036747466
WY_SW,267,0.6700992838297379
WY_SW,268,0.9418886864409657
WY_SW,269,0.7282385375721304
WY_SW,270,0.5317591506107088
WY_SW,271,0.25741255027282317
WY_SW,272,0.3441534168999153
WY_SW,273,0.7201023693006819
WY_SW,274,1.157103964254007
WY_SW,275,1.6576704602174794
WY_SW,276,1.665613942094613
WY_SW,277,1.7834799301178252
WY_SW,278,0.600829100401746
WY_SW,279,0.9495533323732679
WY_SW,280,1.6240685268892152
WY_SW,281,1.321270351896588
WY_SW,282,1.3887637213052915
WY_SW,283,1.5285402972783984
WY_SW,284,1.200442008867685
WY_SW,285,0.7119788933753435
WY_SW,286,0.4831993249371599
WY_SW,287,1.087181066090448
WY_SW,288,1.2549407744509464
WY_SW,289,1.0720732922613654
WY_SW,290,2.0073373772584677
WY_SW,291,0.8483089126864908
WY_SW,292,0.6134694660436636
WY_SW,293,0.8249514404283946
WY_SW,294,1.8737975640364926
WY_SW,295,1.8120714754946077
WY_SW,296,1.312558760730053
WY_SW,297,1.1927309884922728
WY_SW,298,1.135126836980801
WY_SW,299,0.5898734080018992
WY_SW,300,0.5829624364341637
WY_SW,301,2.2653381615973673
WY_SW,302,1.2840529612831046
WY_SW,303,2.3680280716678674
WY_SW,304,1.6858380222920957
WY_SW,305,5.840811312247287
WY_SW,306,6.092403721234482
WY_SW,307,1.6112906979706487
WY_SW,308,6.848390864420569
WY_SW,309,8.178144325496916
WY_SW,310,3.785443023929156
WY_SW,311,4.157915543808568
WY_SW,312,3.601830605742322
WY_SW,313,2.982798603805179
WY_SW,314,2.416050550183296
WY_SW,315,4.156379639611068
WY_SW,316,4.678011202902653
WY_SW,317,6.033400774959371
WY_SW,318,4.737000450436189
WY_SW,319,3.4387017791575256
WY_SW,320,3.5383303718100496
WY_SW,321,1.5658918604587861
WY_SW,322,7.835232203727789
WY_SW,323,5.399401470331899
WY_SW,324,3.799474779986412
WY_SW,325,6.633362070405337
WY_SW,326,4.533039184867164
WY_SW,327,5.17386031366382
WY_SW,328,2.3443087350601703
WY_SW,329,4.62189249275954
WY_SW,330,3.4195638812540246
WY_SW,331,2.9106052256824144
WY_SW,332,0.6029327802371135
WY_SW,333,3.57946626565828
WY_SW,334,3.0386650147154652
WY_SW,335,0.3044460855170249
WY_SW,336,1.2058873423363836
WY_SW,337,0.6151025411259081
WY_SW,338,1.18801464444994
WY_SW,339,1.3414584425781877
WY_SW,340,0.7379725318145275
WY_SW,341,0.5001776015500818
WY_SW,342,0.38279904581615776
WY_SW,343,0.6788481809872532
WY_SW,344,0.7719921873722623
WY_SW,345,0.9781718749708472
WY_SW,346,0.6057704095116171
WY_SW,347,0.6815455986519344
WY_SW,348,0.37402118661121125
WY_SW,349,0.3850865549644622
WY_SW,350,1.3513522726499116
WY_SW,351,0.7882453154142482
WY_SW,352,0.5598839959281123
WY_SW,353,0.6666662978823324
WY_SW,354,0.6324632379101573
WY_SW,355,0.3078274315918035
WY_SW,356,0.26709789935692607
WY_SW,357,0.3883848998337088
WY_SW,358,0.5010360095875896
WY_SW,359,0.37759153604616663
WY_SW,360,0.3654457564098639
WY_SW,361,0.5763678388311775
WY_SW,362,0.4784193300753502
WY_SW,363,0.3120131530267509
WY_SW,364,0.38071050245783444
WY_SW,365,0.6953719010078784
