LOAD_ZONE,day,h2_daily_ts,zone_demand_mwh_h2
AZ_APS_E,1,2050_all,0
AZ_APS_E,2,2050_all,0
AZ_APS_E,3,2050_all,0
AZ_APS_E,4,2050_all,0
AZ_APS_E,5,2050_all,0
AZ_APS_E,6,2050_all,0
AZ_APS_E,7,2050_all,0
AZ_APS_E,8,2050_all,0
AZ_APS_E,9,2050_all,0
AZ_APS_E,10,2050_all,0
AZ_APS_E,11,2050_all,0
AZ_APS_E,12,2050_all,0
AZ_APS_E,13,2050_all,0
AZ_APS_E,14,2050_all,0
AZ_APS_E,15,2050_all,0
AZ_APS_E,16,2050_all,0
AZ_APS_E,17,2050_all,0
AZ_APS_E,18,2050_all,0
AZ_APS_E,19,2050_all,0
AZ_APS_E,20,2050_all,0
AZ_APS_E,21,2050_all,0
AZ_APS_E,22,2050_all,0
AZ_APS_E,23,2050_all,0
AZ_APS_E,24,2050_all,0
AZ_APS_E,25,2050_all,0
AZ_APS_E,26,2050_all,0
AZ_APS_E,27,2050_all,0
AZ_APS_E,28,2050_all,0
AZ_APS_E,29,2050_all,0
AZ_APS_E,30,2050_all,0
AZ_APS_E,31,2050_all,0
AZ_APS_E,32,2050_all,0
AZ_APS_E,33,2050_all,0
AZ_APS_E,34,2050_all,0
AZ_APS_E,35,2050_all,0
AZ_APS_E,36,2050_all,0
AZ_APS_E,37,2050_all,0
AZ_APS_E,38,2050_all,0
AZ_APS_E,39,2050_all,0
AZ_APS_E,40,2050_all,0
AZ_APS_E,41,2050_all,0
AZ_APS_E,42,2050_all,0
AZ_APS_E,43,2050_all,0
AZ_APS_E,44,2050_all,0
AZ_APS_E,45,2050_all,0
AZ_APS_E,46,2050_all,0
AZ_APS_E,47,2050_all,0
AZ_APS_E,48,2050_all,0
AZ_APS_E,49,2050_all,0
AZ_APS_E,50,2050_all,0
AZ_APS_E,51,2050_all,0
AZ_APS_E,52,2050_all,0
AZ_APS_E,53,2050_all,0
AZ_APS_E,54,2050_all,0
AZ_APS_E,55,2050_all,0
AZ_APS_E,56,2050_all,0
AZ_APS_E,57,2050_all,0
AZ_APS_E,58,2050_all,0
AZ_APS_E,59,2050_all,0
AZ_APS_E,60,2050_all,0
AZ_APS_E,61,2050_all,0
AZ_APS_E,62,2050_all,0
AZ_APS_E,63,2050_all,0
AZ_APS_E,64,2050_all,0
AZ_APS_E,65,2050_all,0
AZ_APS_E,66,2050_all,0
AZ_APS_E,67,2050_all,0
AZ_APS_E,68,2050_all,0
AZ_APS_E,69,2050_all,0
AZ_APS_E,70,2050_all,0
AZ_APS_E,71,2050_all,0
AZ_APS_E,72,2050_all,0
AZ_APS_E,73,2050_all,0
AZ_APS_E,74,2050_all,0
AZ_APS_E,75,2050_all,0
AZ_APS_E,76,2050_all,0
AZ_APS_E,77,2050_all,0
AZ_APS_E,78,2050_all,0
AZ_APS_E,79,2050_all,0
AZ_APS_E,80,2050_all,0
AZ_APS_E,81,2050_all,0
AZ_APS_E,82,2050_all,0
AZ_APS_E,83,2050_all,0
AZ_APS_E,84,2050_all,0
AZ_APS_E,85,2050_all,0
AZ_APS_E,86,2050_all,0
AZ_APS_E,87,2050_all,0
AZ_APS_E,88,2050_all,0
AZ_APS_E,89,2050_all,0
AZ_APS_E,90,2050_all,0
AZ_APS_E,91,2050_all,0
AZ_APS_E,92,2050_all,0
AZ_APS_E,93,2050_all,0
AZ_APS_E,94,2050_all,0
AZ_APS_E,95,2050_all,0
AZ_APS_E,96,2050_all,0
AZ_APS_E,97,2050_all,0
AZ_APS_E,98,2050_all,0
AZ_APS_E,99,2050_all,0
AZ_APS_E,100,2050_all,0
AZ_APS_E,101,2050_all,0
AZ_APS_E,102,2050_all,0
AZ_APS_E,103,2050_all,0
AZ_APS_E,104,2050_all,0
AZ_APS_E,105,2050_all,0
AZ_APS_E,106,2050_all,0
AZ_APS_E,107,2050_all,0
AZ_APS_E,108,2050_all,0
AZ_APS_E,109,2050_all,0
AZ_APS_E,110,2050_all,0
AZ_APS_E,111,2050_all,0
AZ_APS_E,112,2050_all,0
AZ_APS_E,113,2050_all,0
AZ_APS_E,114,2050_all,0
AZ_APS_E,115,2050_all,0
AZ_APS_E,116,2050_all,0
AZ_APS_E,117,2050_all,0
AZ_APS_E,118,2050_all,0
AZ_APS_E,119,2050_all,0
AZ_APS_E,120,2050_all,0
AZ_APS_E,121,2050_all,0
AZ_APS_E,122,2050_all,0
AZ_APS_E,123,2050_all,0
AZ_APS_E,124,2050_all,0
AZ_APS_E,125,2050_all,0
AZ_APS_E,126,2050_all,0
AZ_APS_E,127,2050_all,0
AZ_APS_E,128,2050_all,0
AZ_APS_E,129,2050_all,0
AZ_APS_E,130,2050_all,0
AZ_APS_E,131,2050_all,0
AZ_APS_E,132,2050_all,0
AZ_APS_E,133,2050_all,0
AZ_APS_E,134,2050_all,0
AZ_APS_E,135,2050_all,0
AZ_APS_E,136,2050_all,0
AZ_APS_E,137,2050_all,0
AZ_APS_E,138,2050_all,0
AZ_APS_E,139,2050_all,0
AZ_APS_E,140,2050_all,0
AZ_APS_E,141,2050_all,0
AZ_APS_E,142,2050_all,0
AZ_APS_E,143,2050_all,0
AZ_APS_E,144,2050_all,0
AZ_APS_E,145,2050_all,0
AZ_APS_E,146,2050_all,0
AZ_APS_E,147,2050_all,0
AZ_APS_E,148,2050_all,0
AZ_APS_E,149,2050_all,0
AZ_APS_E,150,2050_all,0
AZ_APS_E,151,2050_all,0
AZ_APS_E,152,2050_all,0
AZ_APS_E,153,2050_all,0
AZ_APS_E,154,2050_all,0
AZ_APS_E,155,2050_all,0
AZ_APS_E,156,2050_all,0
AZ_APS_E,157,2050_all,0
AZ_APS_E,158,2050_all,0
AZ_APS_E,159,2050_all,0
AZ_APS_E,160,2050_all,0
AZ_APS_E,161,2050_all,0
AZ_APS_E,162,2050_all,0
AZ_APS_E,163,2050_all,0
AZ_APS_E,164,2050_all,0
AZ_APS_E,165,2050_all,0
AZ_APS_E,166,2050_all,0
AZ_APS_E,167,2050_all,0
AZ_APS_E,168,2050_all,0
AZ_APS_E,169,2050_all,0
AZ_APS_E,170,2050_all,0
AZ_APS_E,171,2050_all,0
AZ_APS_E,172,2050_all,0
AZ_APS_E,173,2050_all,0
AZ_APS_E,174,2050_all,0
AZ_APS_E,175,2050_all,0
AZ_APS_E,176,2050_all,0
AZ_APS_E,177,2050_all,0
AZ_APS_E,178,2050_all,0
AZ_APS_E,179,2050_all,0
AZ_APS_E,180,2050_all,0
AZ_APS_E,181,2050_all,0
AZ_APS_E,182,2050_all,0
AZ_APS_E,183,2050_all,0
AZ_APS_E,184,2050_all,0
AZ_APS_E,185,2050_all,0
AZ_APS_E,186,2050_all,0
AZ_APS_E,187,2050_all,0
AZ_APS_E,188,2050_all,0
AZ_APS_E,189,2050_all,0
AZ_APS_E,190,2050_all,0
AZ_APS_E,191,2050_all,0
AZ_APS_E,192,2050_all,0
AZ_APS_E,193,2050_all,0
AZ_APS_E,194,2050_all,0
AZ_APS_E,195,2050_all,0
AZ_APS_E,196,2050_all,0
AZ_APS_E,197,2050_all,0
AZ_APS_E,198,2050_all,0
AZ_APS_E,199,2050_all,0
AZ_APS_E,200,2050_all,0
AZ_APS_E,201,2050_all,0
AZ_APS_E,202,2050_all,0
AZ_APS_E,203,2050_all,0
AZ_APS_E,204,2050_all,0
AZ_APS_E,205,2050_all,0
AZ_APS_E,206,2050_all,0
AZ_APS_E,207,2050_all,0
AZ_APS_E,208,2050_all,0
AZ_APS_E,209,2050_all,0
AZ_APS_E,210,2050_all,0
AZ_APS_E,211,2050_all,0
AZ_APS_E,212,2050_all,0
AZ_APS_E,213,2050_all,0
AZ_APS_E,214,2050_all,0
AZ_APS_E,215,2050_all,0
AZ_APS_E,216,2050_all,0
AZ_APS_E,217,2050_all,0
AZ_APS_E,218,2050_all,0
AZ_APS_E,219,2050_all,0
AZ_APS_E,220,2050_all,0
AZ_APS_E,221,2050_all,0
AZ_APS_E,222,2050_all,0
AZ_APS_E,223,2050_all,0
AZ_APS_E,224,2050_all,0
AZ_APS_E,225,2050_all,0
AZ_APS_E,226,2050_all,0
AZ_APS_E,227,2050_all,0
AZ_APS_E,228,2050_all,0
AZ_APS_E,229,2050_all,0
AZ_APS_E,230,2050_all,0
AZ_APS_E,231,2050_all,0
AZ_APS_E,232,2050_all,0
AZ_APS_E,233,2050_all,0
AZ_APS_E,234,2050_all,0
AZ_APS_E,235,2050_all,0
AZ_APS_E,236,2050_all,0
AZ_APS_E,237,2050_all,0
AZ_APS_E,238,2050_all,0
AZ_APS_E,239,2050_all,0
AZ_APS_E,240,2050_all,0
AZ_APS_E,241,2050_all,0
AZ_APS_E,242,2050_all,0
AZ_APS_E,243,2050_all,0
AZ_APS_E,244,2050_all,0
AZ_APS_E,245,2050_all,0
AZ_APS_E,246,2050_all,0
AZ_APS_E,247,2050_all,0
AZ_APS_E,248,2050_all,0
AZ_APS_E,249,2050_all,0
AZ_APS_E,250,2050_all,0
AZ_APS_E,251,2050_all,0
AZ_APS_E,252,2050_all,0
AZ_APS_E,253,2050_all,0
AZ_APS_E,254,2050_all,0
AZ_APS_E,255,2050_all,0
AZ_APS_E,256,2050_all,0
AZ_APS_E,257,2050_all,0
AZ_APS_E,258,2050_all,0
AZ_APS_E,259,2050_all,0
AZ_APS_E,260,2050_all,0
AZ_APS_E,261,2050_all,0
AZ_APS_E,262,2050_all,0
AZ_APS_E,263,2050_all,0
AZ_APS_E,264,2050_all,0
AZ_APS_E,265,2050_all,0
AZ_APS_E,266,2050_all,0
AZ_APS_E,267,2050_all,0
AZ_APS_E,268,2050_all,0
AZ_APS_E,269,2050_all,0
AZ_APS_E,270,2050_all,0
AZ_APS_E,271,2050_all,0
AZ_APS_E,272,2050_all,0
AZ_APS_E,273,2050_all,0
AZ_APS_E,274,2050_all,0
AZ_APS_E,275,2050_all,0
AZ_APS_E,276,2050_all,0
AZ_APS_E,277,2050_all,0
AZ_APS_E,278,2050_all,0
AZ_APS_E,279,2050_all,0
AZ_APS_E,280,2050_all,0
AZ_APS_E,281,2050_all,0
AZ_APS_E,282,2050_all,0
AZ_APS_E,283,2050_all,0
AZ_APS_E,284,2050_all,0
AZ_APS_E,285,2050_all,0
AZ_APS_E,286,2050_all,0
AZ_APS_E,287,2050_all,0
AZ_APS_E,288,2050_all,0
AZ_APS_E,289,2050_all,0
AZ_APS_E,290,2050_all,0
AZ_APS_E,291,2050_all,0
AZ_APS_E,292,2050_all,0
AZ_APS_E,293,2050_all,0
AZ_APS_E,294,2050_all,0
AZ_APS_E,295,2050_all,0
AZ_APS_E,296,2050_all,0
AZ_APS_E,297,2050_all,0
AZ_APS_E,298,2050_all,0
AZ_APS_E,299,2050_all,0
AZ_APS_E,300,2050_all,0
AZ_APS_E,301,2050_all,0
AZ_APS_E,302,2050_all,0
AZ_APS_E,303,2050_all,0
AZ_APS_E,304,2050_all,0
AZ_APS_E,305,2050_all,0
AZ_APS_E,306,2050_all,0
AZ_APS_E,307,2050_all,0
AZ_APS_E,308,2050_all,0
AZ_APS_E,309,2050_all,0
AZ_APS_E,310,2050_all,0
AZ_APS_E,311,2050_all,0
AZ_APS_E,312,2050_all,0
AZ_APS_E,313,2050_all,0
AZ_APS_E,314,2050_all,0
AZ_APS_E,315,2050_all,0
AZ_APS_E,316,2050_all,0
AZ_APS_E,317,2050_all,0
AZ_APS_E,318,2050_all,0
AZ_APS_E,319,2050_all,0
AZ_APS_E,320,2050_all,0
AZ_APS_E,321,2050_all,0
AZ_APS_E,322,2050_all,0
AZ_APS_E,323,2050_all,0
AZ_APS_E,324,2050_all,0
AZ_APS_E,325,2050_all,0
AZ_APS_E,326,2050_all,0
AZ_APS_E,327,2050_all,0
AZ_APS_E,328,2050_all,0
AZ_APS_E,329,2050_all,0
AZ_APS_E,330,2050_all,0
AZ_APS_E,331,2050_all,0
AZ_APS_E,332,2050_all,0
AZ_APS_E,333,2050_all,0
AZ_APS_E,334,2050_all,0
AZ_APS_E,335,2050_all,0
AZ_APS_E,336,2050_all,0
AZ_APS_E,337,2050_all,0
AZ_APS_E,338,2050_all,0
AZ_APS_E,339,2050_all,0
AZ_APS_E,340,2050_all,0
AZ_APS_E,341,2050_all,0
AZ_APS_E,342,2050_all,0
AZ_APS_E,343,2050_all,0
AZ_APS_E,344,2050_all,0
AZ_APS_E,345,2050_all,0
AZ_APS_E,346,2050_all,0
AZ_APS_E,347,2050_all,0
AZ_APS_E,348,2050_all,0
AZ_APS_E,349,2050_all,0
AZ_APS_E,350,2050_all,0
AZ_APS_E,351,2050_all,0
AZ_APS_E,352,2050_all,0
AZ_APS_E,353,2050_all,0
AZ_APS_E,354,2050_all,0
AZ_APS_E,355,2050_all,0
AZ_APS_E,356,2050_all,0
AZ_APS_E,357,2050_all,0
AZ_APS_E,358,2050_all,0
AZ_APS_E,359,2050_all,0
AZ_APS_E,360,2050_all,0
AZ_APS_E,361,2050_all,0
AZ_APS_E,362,2050_all,0
AZ_APS_E,363,2050_all,0
AZ_APS_E,364,2050_all,0
AZ_APS_E,365,2050_all,0
AZ_APS_N,1,2050_all,0
AZ_APS_N,2,2050_all,0
AZ_APS_N,3,2050_all,0
AZ_APS_N,4,2050_all,0
AZ_APS_N,5,2050_all,0
AZ_APS_N,6,2050_all,0
AZ_APS_N,7,2050_all,0
AZ_APS_N,8,2050_all,0
AZ_APS_N,9,2050_all,0
AZ_APS_N,10,2050_all,0
AZ_APS_N,11,2050_all,0
AZ_APS_N,12,2050_all,0
AZ_APS_N,13,2050_all,0
AZ_APS_N,14,2050_all,0
AZ_APS_N,15,2050_all,0
AZ_APS_N,16,2050_all,0
AZ_APS_N,17,2050_all,0
AZ_APS_N,18,2050_all,0
AZ_APS_N,19,2050_all,0
AZ_APS_N,20,2050_all,0
AZ_APS_N,21,2050_all,0
AZ_APS_N,22,2050_all,0
AZ_APS_N,23,2050_all,0
AZ_APS_N,24,2050_all,0
AZ_APS_N,25,2050_all,0
AZ_APS_N,26,2050_all,0
AZ_APS_N,27,2050_all,0
AZ_APS_N,28,2050_all,0
AZ_APS_N,29,2050_all,0
AZ_APS_N,30,2050_all,0
AZ_APS_N,31,2050_all,0
AZ_APS_N,32,2050_all,0
AZ_APS_N,33,2050_all,0
AZ_APS_N,34,2050_all,0
AZ_APS_N,35,2050_all,0
AZ_APS_N,36,2050_all,0
AZ_APS_N,37,2050_all,0
AZ_APS_N,38,2050_all,0
AZ_APS_N,39,2050_all,0
AZ_APS_N,40,2050_all,0
AZ_APS_N,41,2050_all,0
AZ_APS_N,42,2050_all,0
AZ_APS_N,43,2050_all,0
AZ_APS_N,44,2050_all,0
AZ_APS_N,45,2050_all,0
AZ_APS_N,46,2050_all,0
AZ_APS_N,47,2050_all,0
AZ_APS_N,48,2050_all,0
AZ_APS_N,49,2050_all,0
AZ_APS_N,50,2050_all,0
AZ_APS_N,51,2050_all,0
AZ_APS_N,52,2050_all,0
AZ_APS_N,53,2050_all,0
AZ_APS_N,54,2050_all,0
AZ_APS_N,55,2050_all,0
AZ_APS_N,56,2050_all,0
AZ_APS_N,57,2050_all,0
AZ_APS_N,58,2050_all,0
AZ_APS_N,59,2050_all,0
AZ_APS_N,60,2050_all,0
AZ_APS_N,61,2050_all,0
AZ_APS_N,62,2050_all,0
AZ_APS_N,63,2050_all,0
AZ_APS_N,64,2050_all,0
AZ_APS_N,65,2050_all,0
AZ_APS_N,66,2050_all,0
AZ_APS_N,67,2050_all,0
AZ_APS_N,68,2050_all,0
AZ_APS_N,69,2050_all,0
AZ_APS_N,70,2050_all,0
AZ_APS_N,71,2050_all,0
AZ_APS_N,72,2050_all,0
AZ_APS_N,73,2050_all,0
AZ_APS_N,74,2050_all,0
AZ_APS_N,75,2050_all,0
AZ_APS_N,76,2050_all,0
AZ_APS_N,77,2050_all,0
AZ_APS_N,78,2050_all,0
AZ_APS_N,79,2050_all,0
AZ_APS_N,80,2050_all,0
AZ_APS_N,81,2050_all,0
AZ_APS_N,82,2050_all,0
AZ_APS_N,83,2050_all,0
AZ_APS_N,84,2050_all,0
AZ_APS_N,85,2050_all,0
AZ_APS_N,86,2050_all,0
AZ_APS_N,87,2050_all,0
AZ_APS_N,88,2050_all,0
AZ_APS_N,89,2050_all,0
AZ_APS_N,90,2050_all,0
AZ_APS_N,91,2050_all,0
AZ_APS_N,92,2050_all,0
AZ_APS_N,93,2050_all,0
AZ_APS_N,94,2050_all,0
AZ_APS_N,95,2050_all,0
AZ_APS_N,96,2050_all,0
AZ_APS_N,97,2050_all,0
AZ_APS_N,98,2050_all,0
AZ_APS_N,99,2050_all,0
AZ_APS_N,100,2050_all,0
AZ_APS_N,101,2050_all,0
AZ_APS_N,102,2050_all,0
AZ_APS_N,103,2050_all,0
AZ_APS_N,104,2050_all,0
AZ_APS_N,105,2050_all,0
AZ_APS_N,106,2050_all,0
AZ_APS_N,107,2050_all,0
AZ_APS_N,108,2050_all,0
AZ_APS_N,109,2050_all,0
AZ_APS_N,110,2050_all,0
AZ_APS_N,111,2050_all,0
AZ_APS_N,112,2050_all,0
AZ_APS_N,113,2050_all,0
AZ_APS_N,114,2050_all,0
AZ_APS_N,115,2050_all,0
AZ_APS_N,116,2050_all,0
AZ_APS_N,117,2050_all,0
AZ_APS_N,118,2050_all,0
AZ_APS_N,119,2050_all,0
AZ_APS_N,120,2050_all,0
AZ_APS_N,121,2050_all,0
AZ_APS_N,122,2050_all,0
AZ_APS_N,123,2050_all,0
AZ_APS_N,124,2050_all,0
AZ_APS_N,125,2050_all,0
AZ_APS_N,126,2050_all,0
AZ_APS_N,127,2050_all,0
AZ_APS_N,128,2050_all,0
AZ_APS_N,129,2050_all,0
AZ_APS_N,130,2050_all,0
AZ_APS_N,131,2050_all,0
AZ_APS_N,132,2050_all,0
AZ_APS_N,133,2050_all,0
AZ_APS_N,134,2050_all,0
AZ_APS_N,135,2050_all,0
AZ_APS_N,136,2050_all,0
AZ_APS_N,137,2050_all,0
AZ_APS_N,138,2050_all,0
AZ_APS_N,139,2050_all,0
AZ_APS_N,140,2050_all,0
AZ_APS_N,141,2050_all,0
AZ_APS_N,142,2050_all,0
AZ_APS_N,143,2050_all,0
AZ_APS_N,144,2050_all,0
AZ_APS_N,145,2050_all,0
AZ_APS_N,146,2050_all,0
AZ_APS_N,147,2050_all,0
AZ_APS_N,148,2050_all,0
AZ_APS_N,149,2050_all,0
AZ_APS_N,150,2050_all,0
AZ_APS_N,151,2050_all,0
AZ_APS_N,152,2050_all,0
AZ_APS_N,153,2050_all,0
AZ_APS_N,154,2050_all,0
AZ_APS_N,155,2050_all,0
AZ_APS_N,156,2050_all,0
AZ_APS_N,157,2050_all,0
AZ_APS_N,158,2050_all,0
AZ_APS_N,159,2050_all,0
AZ_APS_N,160,2050_all,0
AZ_APS_N,161,2050_all,0
AZ_APS_N,162,2050_all,0
AZ_APS_N,163,2050_all,0
AZ_APS_N,164,2050_all,0
AZ_APS_N,165,2050_all,0
AZ_APS_N,166,2050_all,0
AZ_APS_N,167,2050_all,0
AZ_APS_N,168,2050_all,0
AZ_APS_N,169,2050_all,0
AZ_APS_N,170,2050_all,0
AZ_APS_N,171,2050_all,0
AZ_APS_N,172,2050_all,0
AZ_APS_N,173,2050_all,0
AZ_APS_N,174,2050_all,0
AZ_APS_N,175,2050_all,0
AZ_APS_N,176,2050_all,0
AZ_APS_N,177,2050_all,0
AZ_APS_N,178,2050_all,0
AZ_APS_N,179,2050_all,0
AZ_APS_N,180,2050_all,0
AZ_APS_N,181,2050_all,0
AZ_APS_N,182,2050_all,0
AZ_APS_N,183,2050_all,0
AZ_APS_N,184,2050_all,0
AZ_APS_N,185,2050_all,0
AZ_APS_N,186,2050_all,0
AZ_APS_N,187,2050_all,0
AZ_APS_N,188,2050_all,0
AZ_APS_N,189,2050_all,0
AZ_APS_N,190,2050_all,0
AZ_APS_N,191,2050_all,0
AZ_APS_N,192,2050_all,0
AZ_APS_N,193,2050_all,0
AZ_APS_N,194,2050_all,0
AZ_APS_N,195,2050_all,0
AZ_APS_N,196,2050_all,0
AZ_APS_N,197,2050_all,0
AZ_APS_N,198,2050_all,0
AZ_APS_N,199,2050_all,0
AZ_APS_N,200,2050_all,0
AZ_APS_N,201,2050_all,0
AZ_APS_N,202,2050_all,0
AZ_APS_N,203,2050_all,0
AZ_APS_N,204,2050_all,0
AZ_APS_N,205,2050_all,0
AZ_APS_N,206,2050_all,0
AZ_APS_N,207,2050_all,0
AZ_APS_N,208,2050_all,0
AZ_APS_N,209,2050_all,0
AZ_APS_N,210,2050_all,0
AZ_APS_N,211,2050_all,0
AZ_APS_N,212,2050_all,0
AZ_APS_N,213,2050_all,0
AZ_APS_N,214,2050_all,0
AZ_APS_N,215,2050_all,0
AZ_APS_N,216,2050_all,0
AZ_APS_N,217,2050_all,0
AZ_APS_N,218,2050_all,0
AZ_APS_N,219,2050_all,0
AZ_APS_N,220,2050_all,0
AZ_APS_N,221,2050_all,0
AZ_APS_N,222,2050_all,0
AZ_APS_N,223,2050_all,0
AZ_APS_N,224,2050_all,0
AZ_APS_N,225,2050_all,0
AZ_APS_N,226,2050_all,0
AZ_APS_N,227,2050_all,0
AZ_APS_N,228,2050_all,0
AZ_APS_N,229,2050_all,0
AZ_APS_N,230,2050_all,0
AZ_APS_N,231,2050_all,0
AZ_APS_N,232,2050_all,0
AZ_APS_N,233,2050_all,0
AZ_APS_N,234,2050_all,0
AZ_APS_N,235,2050_all,0
AZ_APS_N,236,2050_all,0
AZ_APS_N,237,2050_all,0
AZ_APS_N,238,2050_all,0
AZ_APS_N,239,2050_all,0
AZ_APS_N,240,2050_all,0
AZ_APS_N,241,2050_all,0
AZ_APS_N,242,2050_all,0
AZ_APS_N,243,2050_all,0
AZ_APS_N,244,2050_all,0
AZ_APS_N,245,2050_all,0
AZ_APS_N,246,2050_all,0
AZ_APS_N,247,2050_all,0
AZ_APS_N,248,2050_all,0
AZ_APS_N,249,2050_all,0
AZ_APS_N,250,2050_all,0
AZ_APS_N,251,2050_all,0
AZ_APS_N,252,2050_all,0
AZ_APS_N,253,2050_all,0
AZ_APS_N,254,2050_all,0
AZ_APS_N,255,2050_all,0
AZ_APS_N,256,2050_all,0
AZ_APS_N,257,2050_all,0
AZ_APS_N,258,2050_all,0
AZ_APS_N,259,2050_all,0
AZ_APS_N,260,2050_all,0
AZ_APS_N,261,2050_all,0
AZ_APS_N,262,2050_all,0
AZ_APS_N,263,2050_all,0
AZ_APS_N,264,2050_all,0
AZ_APS_N,265,2050_all,0
AZ_APS_N,266,2050_all,0
AZ_APS_N,267,2050_all,0
AZ_APS_N,268,2050_all,0
AZ_APS_N,269,2050_all,0
AZ_APS_N,270,2050_all,0
AZ_APS_N,271,2050_all,0
AZ_APS_N,272,2050_all,0
AZ_APS_N,273,2050_all,0
AZ_APS_N,274,2050_all,0
AZ_APS_N,275,2050_all,0
AZ_APS_N,276,2050_all,0
AZ_APS_N,277,2050_all,0
AZ_APS_N,278,2050_all,0
AZ_APS_N,279,2050_all,0
AZ_APS_N,280,2050_all,0
AZ_APS_N,281,2050_all,0
AZ_APS_N,282,2050_all,0
AZ_APS_N,283,2050_all,0
AZ_APS_N,284,2050_all,0
AZ_APS_N,285,2050_all,0
AZ_APS_N,286,2050_all,0
AZ_APS_N,287,2050_all,0
AZ_APS_N,288,2050_all,0
AZ_APS_N,289,2050_all,0
AZ_APS_N,290,2050_all,0
AZ_APS_N,291,2050_all,0
AZ_APS_N,292,2050_all,0
AZ_APS_N,293,2050_all,0
AZ_APS_N,294,2050_all,0
AZ_APS_N,295,2050_all,0
AZ_APS_N,296,2050_all,0
AZ_APS_N,297,2050_all,0
AZ_APS_N,298,2050_all,0
AZ_APS_N,299,2050_all,0
AZ_APS_N,300,2050_all,0
AZ_APS_N,301,2050_all,0
AZ_APS_N,302,2050_all,0
AZ_APS_N,303,2050_all,0
AZ_APS_N,304,2050_all,0
AZ_APS_N,305,2050_all,0
AZ_APS_N,306,2050_all,0
AZ_APS_N,307,2050_all,0
AZ_APS_N,308,2050_all,0
AZ_APS_N,309,2050_all,0
AZ_APS_N,310,2050_all,0
AZ_APS_N,311,2050_all,0
AZ_APS_N,312,2050_all,0
AZ_APS_N,313,2050_all,0
AZ_APS_N,314,2050_all,0
AZ_APS_N,315,2050_all,0
AZ_APS_N,316,2050_all,0
AZ_APS_N,317,2050_all,0
AZ_APS_N,318,2050_all,0
AZ_APS_N,319,2050_all,0
AZ_APS_N,320,2050_all,0
AZ_APS_N,321,2050_all,0
AZ_APS_N,322,2050_all,0
AZ_APS_N,323,2050_all,0
AZ_APS_N,324,2050_all,0
AZ_APS_N,325,2050_all,0
AZ_APS_N,326,2050_all,0
AZ_APS_N,327,2050_all,0
AZ_APS_N,328,2050_all,0
AZ_APS_N,329,2050_all,0
AZ_APS_N,330,2050_all,0
AZ_APS_N,331,2050_all,0
AZ_APS_N,332,2050_all,0
AZ_APS_N,333,2050_all,0
AZ_APS_N,334,2050_all,0
AZ_APS_N,335,2050_all,0
AZ_APS_N,336,2050_all,0
AZ_APS_N,337,2050_all,0
AZ_APS_N,338,2050_all,0
AZ_APS_N,339,2050_all,0
AZ_APS_N,340,2050_all,0
AZ_APS_N,341,2050_all,0
AZ_APS_N,342,2050_all,0
AZ_APS_N,343,2050_all,0
AZ_APS_N,344,2050_all,0
AZ_APS_N,345,2050_all,0
AZ_APS_N,346,2050_all,0
AZ_APS_N,347,2050_all,0
AZ_APS_N,348,2050_all,0
AZ_APS_N,349,2050_all,0
AZ_APS_N,350,2050_all,0
AZ_APS_N,351,2050_all,0
AZ_APS_N,352,2050_all,0
AZ_APS_N,353,2050_all,0
AZ_APS_N,354,2050_all,0
AZ_APS_N,355,2050_all,0
AZ_APS_N,356,2050_all,0
AZ_APS_N,357,2050_all,0
AZ_APS_N,358,2050_all,0
AZ_APS_N,359,2050_all,0
AZ_APS_N,360,2050_all,0
AZ_APS_N,361,2050_all,0
AZ_APS_N,362,2050_all,0
AZ_APS_N,363,2050_all,0
AZ_APS_N,364,2050_all,0
AZ_APS_N,365,2050_all,0
AZ_APS_SW,1,2050_all,0
AZ_APS_SW,2,2050_all,0
AZ_APS_SW,3,2050_all,0
AZ_APS_SW,4,2050_all,0
AZ_APS_SW,5,2050_all,0
AZ_APS_SW,6,2050_all,0
AZ_APS_SW,7,2050_all,0
AZ_APS_SW,8,2050_all,0
AZ_APS_SW,9,2050_all,0
AZ_APS_SW,10,2050_all,0
AZ_APS_SW,11,2050_all,0
AZ_APS_SW,12,2050_all,0
AZ_APS_SW,13,2050_all,0
AZ_APS_SW,14,2050_all,0
AZ_APS_SW,15,2050_all,0
AZ_APS_SW,16,2050_all,0
AZ_APS_SW,17,2050_all,0
AZ_APS_SW,18,2050_all,0
AZ_APS_SW,19,2050_all,0
AZ_APS_SW,20,2050_all,0
AZ_APS_SW,21,2050_all,0
AZ_APS_SW,22,2050_all,0
AZ_APS_SW,23,2050_all,0
AZ_APS_SW,24,2050_all,0
AZ_APS_SW,25,2050_all,0
AZ_APS_SW,26,2050_all,0
AZ_APS_SW,27,2050_all,0
AZ_APS_SW,28,2050_all,0
AZ_APS_SW,29,2050_all,0
AZ_APS_SW,30,2050_all,0
AZ_APS_SW,31,2050_all,0
AZ_APS_SW,32,2050_all,0
AZ_APS_SW,33,2050_all,0
AZ_APS_SW,34,2050_all,0
AZ_APS_SW,35,2050_all,0
AZ_APS_SW,36,2050_all,0
AZ_APS_SW,37,2050_all,0
AZ_APS_SW,38,2050_all,0
AZ_APS_SW,39,2050_all,0
AZ_APS_SW,40,2050_all,0
AZ_APS_SW,41,2050_all,0
AZ_APS_SW,42,2050_all,0
AZ_APS_SW,43,2050_all,0
AZ_APS_SW,44,2050_all,0
AZ_APS_SW,45,2050_all,0
AZ_APS_SW,46,2050_all,0
AZ_APS_SW,47,2050_all,0
AZ_APS_SW,48,2050_all,0
AZ_APS_SW,49,2050_all,0
AZ_APS_SW,50,2050_all,0
AZ_APS_SW,51,2050_all,0
AZ_APS_SW,52,2050_all,0
AZ_APS_SW,53,2050_all,0
AZ_APS_SW,54,2050_all,0
AZ_APS_SW,55,2050_all,0
AZ_APS_SW,56,2050_all,0
AZ_APS_SW,57,2050_all,0
AZ_APS_SW,58,2050_all,0
AZ_APS_SW,59,2050_all,0
AZ_APS_SW,60,2050_all,0
AZ_APS_SW,61,2050_all,0
AZ_APS_SW,62,2050_all,0
AZ_APS_SW,63,2050_all,0
AZ_APS_SW,64,2050_all,0
AZ_APS_SW,65,2050_all,0
AZ_APS_SW,66,2050_all,0
AZ_APS_SW,67,2050_all,0
AZ_APS_SW,68,2050_all,0
AZ_APS_SW,69,2050_all,0
AZ_APS_SW,70,2050_all,0
AZ_APS_SW,71,2050_all,0
AZ_APS_SW,72,2050_all,0
AZ_APS_SW,73,2050_all,0
AZ_APS_SW,74,2050_all,0
AZ_APS_SW,75,2050_all,0
AZ_APS_SW,76,2050_all,0
AZ_APS_SW,77,2050_all,0
AZ_APS_SW,78,2050_all,0
AZ_APS_SW,79,2050_all,0
AZ_APS_SW,80,2050_all,0
AZ_APS_SW,81,2050_all,0
AZ_APS_SW,82,2050_all,0
AZ_APS_SW,83,2050_all,0
AZ_APS_SW,84,2050_all,0
AZ_APS_SW,85,2050_all,0
AZ_APS_SW,86,2050_all,0
AZ_APS_SW,87,2050_all,0
AZ_APS_SW,88,2050_all,0
AZ_APS_SW,89,2050_all,0
AZ_APS_SW,90,2050_all,0
AZ_APS_SW,91,2050_all,0
AZ_APS_SW,92,2050_all,0
AZ_APS_SW,93,2050_all,0
AZ_APS_SW,94,2050_all,0
AZ_APS_SW,95,2050_all,0
AZ_APS_SW,96,2050_all,0
AZ_APS_SW,97,2050_all,0
AZ_APS_SW,98,2050_all,0
AZ_APS_SW,99,2050_all,0
AZ_APS_SW,100,2050_all,0
AZ_APS_SW,101,2050_all,0
AZ_APS_SW,102,2050_all,0
AZ_APS_SW,103,2050_all,0
AZ_APS_SW,104,2050_all,0
AZ_APS_SW,105,2050_all,0
AZ_APS_SW,106,2050_all,0
AZ_APS_SW,107,2050_all,0
AZ_APS_SW,108,2050_all,0
AZ_APS_SW,109,2050_all,0
AZ_APS_SW,110,2050_all,0
AZ_APS_SW,111,2050_all,0
AZ_APS_SW,112,2050_all,0
AZ_APS_SW,113,2050_all,0
AZ_APS_SW,114,2050_all,0
AZ_APS_SW,115,2050_all,0
AZ_APS_SW,116,2050_all,0
AZ_APS_SW,117,2050_all,0
AZ_APS_SW,118,2050_all,0
AZ_APS_SW,119,2050_all,0
AZ_APS_SW,120,2050_all,0
AZ_APS_SW,121,2050_all,0
AZ_APS_SW,122,2050_all,0
AZ_APS_SW,123,2050_all,0
AZ_APS_SW,124,2050_all,0
AZ_APS_SW,125,2050_all,0
AZ_APS_SW,126,2050_all,0
AZ_APS_SW,127,2050_all,0
AZ_APS_SW,128,2050_all,0
AZ_APS_SW,129,2050_all,0
AZ_APS_SW,130,2050_all,0
AZ_APS_SW,131,2050_all,0
AZ_APS_SW,132,2050_all,0
AZ_APS_SW,133,2050_all,0
AZ_APS_SW,134,2050_all,0
AZ_APS_SW,135,2050_all,0
AZ_APS_SW,136,2050_all,0
AZ_APS_SW,137,2050_all,0
AZ_APS_SW,138,2050_all,0
AZ_APS_SW,139,2050_all,0
AZ_APS_SW,140,2050_all,0
AZ_APS_SW,141,2050_all,0
AZ_APS_SW,142,2050_all,0
AZ_APS_SW,143,2050_all,0
AZ_APS_SW,144,2050_all,0
AZ_APS_SW,145,2050_all,0
AZ_APS_SW,146,2050_all,0
AZ_APS_SW,147,2050_all,0
AZ_APS_SW,148,2050_all,0
AZ_APS_SW,149,2050_all,0
AZ_APS_SW,150,2050_all,0
AZ_APS_SW,151,2050_all,0
AZ_APS_SW,152,2050_all,0
AZ_APS_SW,153,2050_all,0
AZ_APS_SW,154,2050_all,0
AZ_APS_SW,155,2050_all,0
AZ_APS_SW,156,2050_all,0
AZ_APS_SW,157,2050_all,0
AZ_APS_SW,158,2050_all,0
AZ_APS_SW,159,2050_all,0
AZ_APS_SW,160,2050_all,0
AZ_APS_SW,161,2050_all,0
AZ_APS_SW,162,2050_all,0
AZ_APS_SW,163,2050_all,0
AZ_APS_SW,164,2050_all,0
AZ_APS_SW,165,2050_all,0
AZ_APS_SW,166,2050_all,0
AZ_APS_SW,167,2050_all,0
AZ_APS_SW,168,2050_all,0
AZ_APS_SW,169,2050_all,0
AZ_APS_SW,170,2050_all,0
AZ_APS_SW,171,2050_all,0
AZ_APS_SW,172,2050_all,0
AZ_APS_SW,173,2050_all,0
AZ_APS_SW,174,2050_all,0
AZ_APS_SW,175,2050_all,0
AZ_APS_SW,176,2050_all,0
AZ_APS_SW,177,2050_all,0
AZ_APS_SW,178,2050_all,0
AZ_APS_SW,179,2050_all,0
AZ_APS_SW,180,2050_all,0
AZ_APS_SW,181,2050_all,0
AZ_APS_SW,182,2050_all,0
AZ_APS_SW,183,2050_all,0
AZ_APS_SW,184,2050_all,0
AZ_APS_SW,185,2050_all,0
AZ_APS_SW,186,2050_all,0
AZ_APS_SW,187,2050_all,0
AZ_APS_SW,188,2050_all,0
AZ_APS_SW,189,2050_all,0
AZ_APS_SW,190,2050_all,0
AZ_APS_SW,191,2050_all,0
AZ_APS_SW,192,2050_all,0
AZ_APS_SW,193,2050_all,0
AZ_APS_SW,194,2050_all,0
AZ_APS_SW,195,2050_all,0
AZ_APS_SW,196,2050_all,0
AZ_APS_SW,197,2050_all,0
AZ_APS_SW,198,2050_all,0
AZ_APS_SW,199,2050_all,0
AZ_APS_SW,200,2050_all,0
AZ_APS_SW,201,2050_all,0
AZ_APS_SW,202,2050_all,0
AZ_APS_SW,203,2050_all,0
AZ_APS_SW,204,2050_all,0
AZ_APS_SW,205,2050_all,0
AZ_APS_SW,206,2050_all,0
AZ_APS_SW,207,2050_all,0
AZ_APS_SW,208,2050_all,0
AZ_APS_SW,209,2050_all,0
AZ_APS_SW,210,2050_all,0
AZ_APS_SW,211,2050_all,0
AZ_APS_SW,212,2050_all,0
AZ_APS_SW,213,2050_all,0
AZ_APS_SW,214,2050_all,0
AZ_APS_SW,215,2050_all,0
AZ_APS_SW,216,2050_all,0
AZ_APS_SW,217,2050_all,0
AZ_APS_SW,218,2050_all,0
AZ_APS_SW,219,2050_all,0
AZ_APS_SW,220,2050_all,0
AZ_APS_SW,221,2050_all,0
AZ_APS_SW,222,2050_all,0
AZ_APS_SW,223,2050_all,0
AZ_APS_SW,224,2050_all,0
AZ_APS_SW,225,2050_all,0
AZ_APS_SW,226,2050_all,0
AZ_APS_SW,227,2050_all,0
AZ_APS_SW,228,2050_all,0
AZ_APS_SW,229,2050_all,0
AZ_APS_SW,230,2050_all,0
AZ_APS_SW,231,2050_all,0
AZ_APS_SW,232,2050_all,0
AZ_APS_SW,233,2050_all,0
AZ_APS_SW,234,2050_all,0
AZ_APS_SW,235,2050_all,0
AZ_APS_SW,236,2050_all,0
AZ_APS_SW,237,2050_all,0
AZ_APS_SW,238,2050_all,0
AZ_APS_SW,239,2050_all,0
AZ_APS_SW,240,2050_all,0
AZ_APS_SW,241,2050_all,0
AZ_APS_SW,242,2050_all,0
AZ_APS_SW,243,2050_all,0
AZ_APS_SW,244,2050_all,0
AZ_APS_SW,245,2050_all,0
AZ_APS_SW,246,2050_all,0
AZ_APS_SW,247,2050_all,0
AZ_APS_SW,248,2050_all,0
AZ_APS_SW,249,2050_all,0
AZ_APS_SW,250,2050_all,0
AZ_APS_SW,251,2050_all,0
AZ_APS_SW,252,2050_all,0
AZ_APS_SW,253,2050_all,0
AZ_APS_SW,254,2050_all,0
AZ_APS_SW,255,2050_all,0
AZ_APS_SW,256,2050_all,0
AZ_APS_SW,257,2050_all,0
AZ_APS_SW,258,2050_all,0
AZ_APS_SW,259,2050_all,0
AZ_APS_SW,260,2050_all,0
AZ_APS_SW,261,2050_all,0
AZ_APS_SW,262,2050_all,0
AZ_APS_SW,263,2050_all,0
AZ_APS_SW,264,2050_all,0
AZ_APS_SW,265,2050_all,0
AZ_APS_SW,266,2050_all,0
AZ_APS_SW,267,2050_all,0
AZ_APS_SW,268,2050_all,0
AZ_APS_SW,269,2050_all,0
AZ_APS_SW,270,2050_all,0
AZ_APS_SW,271,2050_all,0
AZ_APS_SW,272,2050_all,0
AZ_APS_SW,273,2050_all,0
AZ_APS_SW,274,2050_all,0
AZ_APS_SW,275,2050_all,0
AZ_APS_SW,276,2050_all,0
AZ_APS_SW,277,2050_all,0
AZ_APS_SW,278,2050_all,0
AZ_APS_SW,279,2050_all,0
AZ_APS_SW,280,2050_all,0
AZ_APS_SW,281,2050_all,0
AZ_APS_SW,282,2050_all,0
AZ_APS_SW,283,2050_all,0
AZ_APS_SW,284,2050_all,0
AZ_APS_SW,285,2050_all,0
AZ_APS_SW,286,2050_all,0
AZ_APS_SW,287,2050_all,0
AZ_APS_SW,288,2050_all,0
AZ_APS_SW,289,2050_all,0
AZ_APS_SW,290,2050_all,0
AZ_APS_SW,291,2050_all,0
AZ_APS_SW,292,2050_all,0
AZ_APS_SW,293,2050_all,0
AZ_APS_SW,294,2050_all,0
AZ_APS_SW,295,2050_all,0
AZ_APS_SW,296,2050_all,0
AZ_APS_SW,297,2050_all,0
AZ_APS_SW,298,2050_all,0
AZ_APS_SW,299,2050_all,0
AZ_APS_SW,300,2050_all,0
AZ_APS_SW,301,2050_all,0
AZ_APS_SW,302,2050_all,0
AZ_APS_SW,303,2050_all,0
AZ_APS_SW,304,2050_all,0
AZ_APS_SW,305,2050_all,0
AZ_APS_SW,306,2050_all,0
AZ_APS_SW,307,2050_all,0
AZ_APS_SW,308,2050_all,0
AZ_APS_SW,309,2050_all,0
AZ_APS_SW,310,2050_all,0
AZ_APS_SW,311,2050_all,0
AZ_APS_SW,312,2050_all,0
AZ_APS_SW,313,2050_all,0
AZ_APS_SW,314,2050_all,0
AZ_APS_SW,315,2050_all,0
AZ_APS_SW,316,2050_all,0
AZ_APS_SW,317,2050_all,0
AZ_APS_SW,318,2050_all,0
AZ_APS_SW,319,2050_all,0
AZ_APS_SW,320,2050_all,0
AZ_APS_SW,321,2050_all,0
AZ_APS_SW,322,2050_all,0
AZ_APS_SW,323,2050_all,0
AZ_APS_SW,324,2050_all,0
AZ_APS_SW,325,2050_all,0
AZ_APS_SW,326,2050_all,0
AZ_APS_SW,327,2050_all,0
AZ_APS_SW,328,2050_all,0
AZ_APS_SW,329,2050_all,0
AZ_APS_SW,330,2050_all,0
AZ_APS_SW,331,2050_all,0
AZ_APS_SW,332,2050_all,0
AZ_APS_SW,333,2050_all,0
AZ_APS_SW,334,2050_all,0
AZ_APS_SW,335,2050_all,0
AZ_APS_SW,336,2050_all,0
AZ_APS_SW,337,2050_all,0
AZ_APS_SW,338,2050_all,0
AZ_APS_SW,339,2050_all,0
AZ_APS_SW,340,2050_all,0
AZ_APS_SW,341,2050_all,0
AZ_APS_SW,342,2050_all,0
AZ_APS_SW,343,2050_all,0
AZ_APS_SW,344,2050_all,0
AZ_APS_SW,345,2050_all,0
AZ_APS_SW,346,2050_all,0
AZ_APS_SW,347,2050_all,0
AZ_APS_SW,348,2050_all,0
AZ_APS_SW,349,2050_all,0
AZ_APS_SW,350,2050_all,0
AZ_APS_SW,351,2050_all,0
AZ_APS_SW,352,2050_all,0
AZ_APS_SW,353,2050_all,0
AZ_APS_SW,354,2050_all,0
AZ_APS_SW,355,2050_all,0
AZ_APS_SW,356,2050_all,0
AZ_APS_SW,357,2050_all,0
AZ_APS_SW,358,2050_all,0
AZ_APS_SW,359,2050_all,0
AZ_APS_SW,360,2050_all,0
AZ_APS_SW,361,2050_all,0
AZ_APS_SW,362,2050_all,0
AZ_APS_SW,363,2050_all,0
AZ_APS_SW,364,2050_all,0
AZ_APS_SW,365,2050_all,0
AZ_NM_N,1,2050_all,0
AZ_NM_N,2,2050_all,0
AZ_NM_N,3,2050_all,0
AZ_NM_N,4,2050_all,0
AZ_NM_N,5,2050_all,0
AZ_NM_N,6,2050_all,0
AZ_NM_N,7,2050_all,0
AZ_NM_N,8,2050_all,0
AZ_NM_N,9,2050_all,0
AZ_NM_N,10,2050_all,0
AZ_NM_N,11,2050_all,0
AZ_NM_N,12,2050_all,0
AZ_NM_N,13,2050_all,0
AZ_NM_N,14,2050_all,0
AZ_NM_N,15,2050_all,0
AZ_NM_N,16,2050_all,0
AZ_NM_N,17,2050_all,0
AZ_NM_N,18,2050_all,0
AZ_NM_N,19,2050_all,0
AZ_NM_N,20,2050_all,0
AZ_NM_N,21,2050_all,0
AZ_NM_N,22,2050_all,0
AZ_NM_N,23,2050_all,0
AZ_NM_N,24,2050_all,0
AZ_NM_N,25,2050_all,0
AZ_NM_N,26,2050_all,0
AZ_NM_N,27,2050_all,0
AZ_NM_N,28,2050_all,0
AZ_NM_N,29,2050_all,0
AZ_NM_N,30,2050_all,0
AZ_NM_N,31,2050_all,0
AZ_NM_N,32,2050_all,0
AZ_NM_N,33,2050_all,0
AZ_NM_N,34,2050_all,0
AZ_NM_N,35,2050_all,0
AZ_NM_N,36,2050_all,0
AZ_NM_N,37,2050_all,0
AZ_NM_N,38,2050_all,0
AZ_NM_N,39,2050_all,0
AZ_NM_N,40,2050_all,0
AZ_NM_N,41,2050_all,0
AZ_NM_N,42,2050_all,0
AZ_NM_N,43,2050_all,0
AZ_NM_N,44,2050_all,0
AZ_NM_N,45,2050_all,0
AZ_NM_N,46,2050_all,0
AZ_NM_N,47,2050_all,0
AZ_NM_N,48,2050_all,0
AZ_NM_N,49,2050_all,0
AZ_NM_N,50,2050_all,0
AZ_NM_N,51,2050_all,0
AZ_NM_N,52,2050_all,0
AZ_NM_N,53,2050_all,0
AZ_NM_N,54,2050_all,0
AZ_NM_N,55,2050_all,0
AZ_NM_N,56,2050_all,0
AZ_NM_N,57,2050_all,0
AZ_NM_N,58,2050_all,0
AZ_NM_N,59,2050_all,0
AZ_NM_N,60,2050_all,0
AZ_NM_N,61,2050_all,0
AZ_NM_N,62,2050_all,0
AZ_NM_N,63,2050_all,0
AZ_NM_N,64,2050_all,0
AZ_NM_N,65,2050_all,0
AZ_NM_N,66,2050_all,0
AZ_NM_N,67,2050_all,0
AZ_NM_N,68,2050_all,0
AZ_NM_N,69,2050_all,0
AZ_NM_N,70,2050_all,0
AZ_NM_N,71,2050_all,0
AZ_NM_N,72,2050_all,0
AZ_NM_N,73,2050_all,0
AZ_NM_N,74,2050_all,0
AZ_NM_N,75,2050_all,0
AZ_NM_N,76,2050_all,0
AZ_NM_N,77,2050_all,0
AZ_NM_N,78,2050_all,0
AZ_NM_N,79,2050_all,0
AZ_NM_N,80,2050_all,0
AZ_NM_N,81,2050_all,0
AZ_NM_N,82,2050_all,0
AZ_NM_N,83,2050_all,0
AZ_NM_N,84,2050_all,0
AZ_NM_N,85,2050_all,0
AZ_NM_N,86,2050_all,0
AZ_NM_N,87,2050_all,0
AZ_NM_N,88,2050_all,0
AZ_NM_N,89,2050_all,0
AZ_NM_N,90,2050_all,0
AZ_NM_N,91,2050_all,0
AZ_NM_N,92,2050_all,0
AZ_NM_N,93,2050_all,0
AZ_NM_N,94,2050_all,0
AZ_NM_N,95,2050_all,0
AZ_NM_N,96,2050_all,0
AZ_NM_N,97,2050_all,0
AZ_NM_N,98,2050_all,0
AZ_NM_N,99,2050_all,0
AZ_NM_N,100,2050_all,0
AZ_NM_N,101,2050_all,0
AZ_NM_N,102,2050_all,0
AZ_NM_N,103,2050_all,0
AZ_NM_N,104,2050_all,0
AZ_NM_N,105,2050_all,0
AZ_NM_N,106,2050_all,0
AZ_NM_N,107,2050_all,0
AZ_NM_N,108,2050_all,0
AZ_NM_N,109,2050_all,0
AZ_NM_N,110,2050_all,0
AZ_NM_N,111,2050_all,0
AZ_NM_N,112,2050_all,0
AZ_NM_N,113,2050_all,0
AZ_NM_N,114,2050_all,0
AZ_NM_N,115,2050_all,0
AZ_NM_N,116,2050_all,0
AZ_NM_N,117,2050_all,0
AZ_NM_N,118,2050_all,0
AZ_NM_N,119,2050_all,0
AZ_NM_N,120,2050_all,0
AZ_NM_N,121,2050_all,0
AZ_NM_N,122,2050_all,0
AZ_NM_N,123,2050_all,0
AZ_NM_N,124,2050_all,0
AZ_NM_N,125,2050_all,0
AZ_NM_N,126,2050_all,0
AZ_NM_N,127,2050_all,0
AZ_NM_N,128,2050_all,0
AZ_NM_N,129,2050_all,0
AZ_NM_N,130,2050_all,0
AZ_NM_N,131,2050_all,0
AZ_NM_N,132,2050_all,0
AZ_NM_N,133,2050_all,0
AZ_NM_N,134,2050_all,0
AZ_NM_N,135,2050_all,0
AZ_NM_N,136,2050_all,0
AZ_NM_N,137,2050_all,0
AZ_NM_N,138,2050_all,0
AZ_NM_N,139,2050_all,0
AZ_NM_N,140,2050_all,0
AZ_NM_N,141,2050_all,0
AZ_NM_N,142,2050_all,0
AZ_NM_N,143,2050_all,0
AZ_NM_N,144,2050_all,0
AZ_NM_N,145,2050_all,0
AZ_NM_N,146,2050_all,0
AZ_NM_N,147,2050_all,0
AZ_NM_N,148,2050_all,0
AZ_NM_N,149,2050_all,0
AZ_NM_N,150,2050_all,0
AZ_NM_N,151,2050_all,0
AZ_NM_N,152,2050_all,0
AZ_NM_N,153,2050_all,0
AZ_NM_N,154,2050_all,0
AZ_NM_N,155,2050_all,0
AZ_NM_N,156,2050_all,0
AZ_NM_N,157,2050_all,0
AZ_NM_N,158,2050_all,0
AZ_NM_N,159,2050_all,0
AZ_NM_N,160,2050_all,0
AZ_NM_N,161,2050_all,0
AZ_NM_N,162,2050_all,0
AZ_NM_N,163,2050_all,0
AZ_NM_N,164,2050_all,0
AZ_NM_N,165,2050_all,0
AZ_NM_N,166,2050_all,0
AZ_NM_N,167,2050_all,0
AZ_NM_N,168,2050_all,0
AZ_NM_N,169,2050_all,0
AZ_NM_N,170,2050_all,0
AZ_NM_N,171,2050_all,0
AZ_NM_N,172,2050_all,0
AZ_NM_N,173,2050_all,0
AZ_NM_N,174,2050_all,0
AZ_NM_N,175,2050_all,0
AZ_NM_N,176,2050_all,0
AZ_NM_N,177,2050_all,0
AZ_NM_N,178,2050_all,0
AZ_NM_N,179,2050_all,0
AZ_NM_N,180,2050_all,0
AZ_NM_N,181,2050_all,0
AZ_NM_N,182,2050_all,0
AZ_NM_N,183,2050_all,0
AZ_NM_N,184,2050_all,0
AZ_NM_N,185,2050_all,0
AZ_NM_N,186,2050_all,0
AZ_NM_N,187,2050_all,0
AZ_NM_N,188,2050_all,0
AZ_NM_N,189,2050_all,0
AZ_NM_N,190,2050_all,0
AZ_NM_N,191,2050_all,0
AZ_NM_N,192,2050_all,0
AZ_NM_N,193,2050_all,0
AZ_NM_N,194,2050_all,0
AZ_NM_N,195,2050_all,0
AZ_NM_N,196,2050_all,0
AZ_NM_N,197,2050_all,0
AZ_NM_N,198,2050_all,0
AZ_NM_N,199,2050_all,0
AZ_NM_N,200,2050_all,0
AZ_NM_N,201,2050_all,0
AZ_NM_N,202,2050_all,0
AZ_NM_N,203,2050_all,0
AZ_NM_N,204,2050_all,0
AZ_NM_N,205,2050_all,0
AZ_NM_N,206,2050_all,0
AZ_NM_N,207,2050_all,0
AZ_NM_N,208,2050_all,0
AZ_NM_N,209,2050_all,0
AZ_NM_N,210,2050_all,0
AZ_NM_N,211,2050_all,0
AZ_NM_N,212,2050_all,0
AZ_NM_N,213,2050_all,0
AZ_NM_N,214,2050_all,0
AZ_NM_N,215,2050_all,0
AZ_NM_N,216,2050_all,0
AZ_NM_N,217,2050_all,0
AZ_NM_N,218,2050_all,0
AZ_NM_N,219,2050_all,0
AZ_NM_N,220,2050_all,0
AZ_NM_N,221,2050_all,0
AZ_NM_N,222,2050_all,0
AZ_NM_N,223,2050_all,0
AZ_NM_N,224,2050_all,0
AZ_NM_N,225,2050_all,0
AZ_NM_N,226,2050_all,0
AZ_NM_N,227,2050_all,0
AZ_NM_N,228,2050_all,0
AZ_NM_N,229,2050_all,0
AZ_NM_N,230,2050_all,0
AZ_NM_N,231,2050_all,0
AZ_NM_N,232,2050_all,0
AZ_NM_N,233,2050_all,0
AZ_NM_N,234,2050_all,0
AZ_NM_N,235,2050_all,0
AZ_NM_N,236,2050_all,0
AZ_NM_N,237,2050_all,0
AZ_NM_N,238,2050_all,0
AZ_NM_N,239,2050_all,0
AZ_NM_N,240,2050_all,0
AZ_NM_N,241,2050_all,0
AZ_NM_N,242,2050_all,0
AZ_NM_N,243,2050_all,0
AZ_NM_N,244,2050_all,0
AZ_NM_N,245,2050_all,0
AZ_NM_N,246,2050_all,0
AZ_NM_N,247,2050_all,0
AZ_NM_N,248,2050_all,0
AZ_NM_N,249,2050_all,0
AZ_NM_N,250,2050_all,0
AZ_NM_N,251,2050_all,0
AZ_NM_N,252,2050_all,0
AZ_NM_N,253,2050_all,0
AZ_NM_N,254,2050_all,0
AZ_NM_N,255,2050_all,0
AZ_NM_N,256,2050_all,0
AZ_NM_N,257,2050_all,0
AZ_NM_N,258,2050_all,0
AZ_NM_N,259,2050_all,0
AZ_NM_N,260,2050_all,0
AZ_NM_N,261,2050_all,0
AZ_NM_N,262,2050_all,0
AZ_NM_N,263,2050_all,0
AZ_NM_N,264,2050_all,0
AZ_NM_N,265,2050_all,0
AZ_NM_N,266,2050_all,0
AZ_NM_N,267,2050_all,0
AZ_NM_N,268,2050_all,0
AZ_NM_N,269,2050_all,0
AZ_NM_N,270,2050_all,0
AZ_NM_N,271,2050_all,0
AZ_NM_N,272,2050_all,0
AZ_NM_N,273,2050_all,0
AZ_NM_N,274,2050_all,0
AZ_NM_N,275,2050_all,0
AZ_NM_N,276,2050_all,0
AZ_NM_N,277,2050_all,0
AZ_NM_N,278,2050_all,0
AZ_NM_N,279,2050_all,0
AZ_NM_N,280,2050_all,0
AZ_NM_N,281,2050_all,0
AZ_NM_N,282,2050_all,0
AZ_NM_N,283,2050_all,0
AZ_NM_N,284,2050_all,0
AZ_NM_N,285,2050_all,0
AZ_NM_N,286,2050_all,0
AZ_NM_N,287,2050_all,0
AZ_NM_N,288,2050_all,0
AZ_NM_N,289,2050_all,0
AZ_NM_N,290,2050_all,0
AZ_NM_N,291,2050_all,0
AZ_NM_N,292,2050_all,0
AZ_NM_N,293,2050_all,0
AZ_NM_N,294,2050_all,0
AZ_NM_N,295,2050_all,0
AZ_NM_N,296,2050_all,0
AZ_NM_N,297,2050_all,0
AZ_NM_N,298,2050_all,0
AZ_NM_N,299,2050_all,0
AZ_NM_N,300,2050_all,0
AZ_NM_N,301,2050_all,0
AZ_NM_N,302,2050_all,0
AZ_NM_N,303,2050_all,0
AZ_NM_N,304,2050_all,0
AZ_NM_N,305,2050_all,0
AZ_NM_N,306,2050_all,0
AZ_NM_N,307,2050_all,0
AZ_NM_N,308,2050_all,0
AZ_NM_N,309,2050_all,0
AZ_NM_N,310,2050_all,0
AZ_NM_N,311,2050_all,0
AZ_NM_N,312,2050_all,0
AZ_NM_N,313,2050_all,0
AZ_NM_N,314,2050_all,0
AZ_NM_N,315,2050_all,0
AZ_NM_N,316,2050_all,0
AZ_NM_N,317,2050_all,0
AZ_NM_N,318,2050_all,0
AZ_NM_N,319,2050_all,0
AZ_NM_N,320,2050_all,0
AZ_NM_N,321,2050_all,0
AZ_NM_N,322,2050_all,0
AZ_NM_N,323,2050_all,0
AZ_NM_N,324,2050_all,0
AZ_NM_N,325,2050_all,0
AZ_NM_N,326,2050_all,0
AZ_NM_N,327,2050_all,0
AZ_NM_N,328,2050_all,0
AZ_NM_N,329,2050_all,0
AZ_NM_N,330,2050_all,0
AZ_NM_N,331,2050_all,0
AZ_NM_N,332,2050_all,0
AZ_NM_N,333,2050_all,0
AZ_NM_N,334,2050_all,0
AZ_NM_N,335,2050_all,0
AZ_NM_N,336,2050_all,0
AZ_NM_N,337,2050_all,0
AZ_NM_N,338,2050_all,0
AZ_NM_N,339,2050_all,0
AZ_NM_N,340,2050_all,0
AZ_NM_N,341,2050_all,0
AZ_NM_N,342,2050_all,0
AZ_NM_N,343,2050_all,0
AZ_NM_N,344,2050_all,0
AZ_NM_N,345,2050_all,0
AZ_NM_N,346,2050_all,0
AZ_NM_N,347,2050_all,0
AZ_NM_N,348,2050_all,0
AZ_NM_N,349,2050_all,0
AZ_NM_N,350,2050_all,0
AZ_NM_N,351,2050_all,0
AZ_NM_N,352,2050_all,0
AZ_NM_N,353,2050_all,0
AZ_NM_N,354,2050_all,0
AZ_NM_N,355,2050_all,0
AZ_NM_N,356,2050_all,0
AZ_NM_N,357,2050_all,0
AZ_NM_N,358,2050_all,0
AZ_NM_N,359,2050_all,0
AZ_NM_N,360,2050_all,0
AZ_NM_N,361,2050_all,0
AZ_NM_N,362,2050_all,0
AZ_NM_N,363,2050_all,0
AZ_NM_N,364,2050_all,0
AZ_NM_N,365,2050_all,0
AZ_NW,1,2050_all,0
AZ_NW,2,2050_all,0
AZ_NW,3,2050_all,0
AZ_NW,4,2050_all,0
AZ_NW,5,2050_all,0
AZ_NW,6,2050_all,0
AZ_NW,7,2050_all,0
AZ_NW,8,2050_all,0
AZ_NW,9,2050_all,0
AZ_NW,10,2050_all,0
AZ_NW,11,2050_all,0
AZ_NW,12,2050_all,0
AZ_NW,13,2050_all,0
AZ_NW,14,2050_all,0
AZ_NW,15,2050_all,0
AZ_NW,16,2050_all,0
AZ_NW,17,2050_all,0
AZ_NW,18,2050_all,0
AZ_NW,19,2050_all,0
AZ_NW,20,2050_all,0
AZ_NW,21,2050_all,0
AZ_NW,22,2050_all,0
AZ_NW,23,2050_all,0
AZ_NW,24,2050_all,0
AZ_NW,25,2050_all,0
AZ_NW,26,2050_all,0
AZ_NW,27,2050_all,0
AZ_NW,28,2050_all,0
AZ_NW,29,2050_all,0
AZ_NW,30,2050_all,0
AZ_NW,31,2050_all,0
AZ_NW,32,2050_all,0
AZ_NW,33,2050_all,0
AZ_NW,34,2050_all,0
AZ_NW,35,2050_all,0
AZ_NW,36,2050_all,0
AZ_NW,37,2050_all,0
AZ_NW,38,2050_all,0
AZ_NW,39,2050_all,0
AZ_NW,40,2050_all,0
AZ_NW,41,2050_all,0
AZ_NW,42,2050_all,0
AZ_NW,43,2050_all,0
AZ_NW,44,2050_all,0
AZ_NW,45,2050_all,0
AZ_NW,46,2050_all,0
AZ_NW,47,2050_all,0
AZ_NW,48,2050_all,0
AZ_NW,49,2050_all,0
AZ_NW,50,2050_all,0
AZ_NW,51,2050_all,0
AZ_NW,52,2050_all,0
AZ_NW,53,2050_all,0
AZ_NW,54,2050_all,0
AZ_NW,55,2050_all,0
AZ_NW,56,2050_all,0
AZ_NW,57,2050_all,0
AZ_NW,58,2050_all,0
AZ_NW,59,2050_all,0
AZ_NW,60,2050_all,0
AZ_NW,61,2050_all,0
AZ_NW,62,2050_all,0
AZ_NW,63,2050_all,0
AZ_NW,64,2050_all,0
AZ_NW,65,2050_all,0
AZ_NW,66,2050_all,0
AZ_NW,67,2050_all,0
AZ_NW,68,2050_all,0
AZ_NW,69,2050_all,0
AZ_NW,70,2050_all,0
AZ_NW,71,2050_all,0
AZ_NW,72,2050_all,0
AZ_NW,73,2050_all,0
AZ_NW,74,2050_all,0
AZ_NW,75,2050_all,0
AZ_NW,76,2050_all,0
AZ_NW,77,2050_all,0
AZ_NW,78,2050_all,0
AZ_NW,79,2050_all,0
AZ_NW,80,2050_all,0
AZ_NW,81,2050_all,0
AZ_NW,82,2050_all,0
AZ_NW,83,2050_all,0
AZ_NW,84,2050_all,0
AZ_NW,85,2050_all,0
AZ_NW,86,2050_all,0
AZ_NW,87,2050_all,0
AZ_NW,88,2050_all,0
AZ_NW,89,2050_all,0
AZ_NW,90,2050_all,0
AZ_NW,91,2050_all,0
AZ_NW,92,2050_all,0
AZ_NW,93,2050_all,0
AZ_NW,94,2050_all,0
AZ_NW,95,2050_all,0
AZ_NW,96,2050_all,0
AZ_NW,97,2050_all,0
AZ_NW,98,2050_all,0
AZ_NW,99,2050_all,0
AZ_NW,100,2050_all,0
AZ_NW,101,2050_all,0
AZ_NW,102,2050_all,0
AZ_NW,103,2050_all,0
AZ_NW,104,2050_all,0
AZ_NW,105,2050_all,0
AZ_NW,106,2050_all,0
AZ_NW,107,2050_all,0
AZ_NW,108,2050_all,0
AZ_NW,109,2050_all,0
AZ_NW,110,2050_all,0
AZ_NW,111,2050_all,0
AZ_NW,112,2050_all,0
AZ_NW,113,2050_all,0
AZ_NW,114,2050_all,0
AZ_NW,115,2050_all,0
AZ_NW,116,2050_all,0
AZ_NW,117,2050_all,0
AZ_NW,118,2050_all,0
AZ_NW,119,2050_all,0
AZ_NW,120,2050_all,0
AZ_NW,121,2050_all,0
AZ_NW,122,2050_all,0
AZ_NW,123,2050_all,0
AZ_NW,124,2050_all,0
AZ_NW,125,2050_all,0
AZ_NW,126,2050_all,0
AZ_NW,127,2050_all,0
AZ_NW,128,2050_all,0
AZ_NW,129,2050_all,0
AZ_NW,130,2050_all,0
AZ_NW,131,2050_all,0
AZ_NW,132,2050_all,0
AZ_NW,133,2050_all,0
AZ_NW,134,2050_all,0
AZ_NW,135,2050_all,0
AZ_NW,136,2050_all,0
AZ_NW,137,2050_all,0
AZ_NW,138,2050_all,0
AZ_NW,139,2050_all,0
AZ_NW,140,2050_all,0
AZ_NW,141,2050_all,0
AZ_NW,142,2050_all,0
AZ_NW,143,2050_all,0
AZ_NW,144,2050_all,0
AZ_NW,145,2050_all,0
AZ_NW,146,2050_all,0
AZ_NW,147,2050_all,0
AZ_NW,148,2050_all,0
AZ_NW,149,2050_all,0
AZ_NW,150,2050_all,0
AZ_NW,151,2050_all,0
AZ_NW,152,2050_all,0
AZ_NW,153,2050_all,0
AZ_NW,154,2050_all,0
AZ_NW,155,2050_all,0
AZ_NW,156,2050_all,0
AZ_NW,157,2050_all,0
AZ_NW,158,2050_all,0
AZ_NW,159,2050_all,0
AZ_NW,160,2050_all,0
AZ_NW,161,2050_all,0
AZ_NW,162,2050_all,0
AZ_NW,163,2050_all,0
AZ_NW,164,2050_all,0
AZ_NW,165,2050_all,0
AZ_NW,166,2050_all,0
AZ_NW,167,2050_all,0
AZ_NW,168,2050_all,0
AZ_NW,169,2050_all,0
AZ_NW,170,2050_all,0
AZ_NW,171,2050_all,0
AZ_NW,172,2050_all,0
AZ_NW,173,2050_all,0
AZ_NW,174,2050_all,0
AZ_NW,175,2050_all,0
AZ_NW,176,2050_all,0
AZ_NW,177,2050_all,0
AZ_NW,178,2050_all,0
AZ_NW,179,2050_all,0
AZ_NW,180,2050_all,0
AZ_NW,181,2050_all,0
AZ_NW,182,2050_all,0
AZ_NW,183,2050_all,0
AZ_NW,184,2050_all,0
AZ_NW,185,2050_all,0
AZ_NW,186,2050_all,0
AZ_NW,187,2050_all,0
AZ_NW,188,2050_all,0
AZ_NW,189,2050_all,0
AZ_NW,190,2050_all,0
AZ_NW,191,2050_all,0
AZ_NW,192,2050_all,0
AZ_NW,193,2050_all,0
AZ_NW,194,2050_all,0
AZ_NW,195,2050_all,0
AZ_NW,196,2050_all,0
AZ_NW,197,2050_all,0
AZ_NW,198,2050_all,0
AZ_NW,199,2050_all,0
AZ_NW,200,2050_all,0
AZ_NW,201,2050_all,0
AZ_NW,202,2050_all,0
AZ_NW,203,2050_all,0
AZ_NW,204,2050_all,0
AZ_NW,205,2050_all,0
AZ_NW,206,2050_all,0
AZ_NW,207,2050_all,0
AZ_NW,208,2050_all,0
AZ_NW,209,2050_all,0
AZ_NW,210,2050_all,0
AZ_NW,211,2050_all,0
AZ_NW,212,2050_all,0
AZ_NW,213,2050_all,0
AZ_NW,214,2050_all,0
AZ_NW,215,2050_all,0
AZ_NW,216,2050_all,0
AZ_NW,217,2050_all,0
AZ_NW,218,2050_all,0
AZ_NW,219,2050_all,0
AZ_NW,220,2050_all,0
AZ_NW,221,2050_all,0
AZ_NW,222,2050_all,0
AZ_NW,223,2050_all,0
AZ_NW,224,2050_all,0
AZ_NW,225,2050_all,0
AZ_NW,226,2050_all,0
AZ_NW,227,2050_all,0
AZ_NW,228,2050_all,0
AZ_NW,229,2050_all,0
AZ_NW,230,2050_all,0
AZ_NW,231,2050_all,0
AZ_NW,232,2050_all,0
AZ_NW,233,2050_all,0
AZ_NW,234,2050_all,0
AZ_NW,235,2050_all,0
AZ_NW,236,2050_all,0
AZ_NW,237,2050_all,0
AZ_NW,238,2050_all,0
AZ_NW,239,2050_all,0
AZ_NW,240,2050_all,0
AZ_NW,241,2050_all,0
AZ_NW,242,2050_all,0
AZ_NW,243,2050_all,0
AZ_NW,244,2050_all,0
AZ_NW,245,2050_all,0
AZ_NW,246,2050_all,0
AZ_NW,247,2050_all,0
AZ_NW,248,2050_all,0
AZ_NW,249,2050_all,0
AZ_NW,250,2050_all,0
AZ_NW,251,2050_all,0
AZ_NW,252,2050_all,0
AZ_NW,253,2050_all,0
AZ_NW,254,2050_all,0
AZ_NW,255,2050_all,0
AZ_NW,256,2050_all,0
AZ_NW,257,2050_all,0
AZ_NW,258,2050_all,0
AZ_NW,259,2050_all,0
AZ_NW,260,2050_all,0
AZ_NW,261,2050_all,0
AZ_NW,262,2050_all,0
AZ_NW,263,2050_all,0
AZ_NW,264,2050_all,0
AZ_NW,265,2050_all,0
AZ_NW,266,2050_all,0
AZ_NW,267,2050_all,0
AZ_NW,268,2050_all,0
AZ_NW,269,2050_all,0
AZ_NW,270,2050_all,0
AZ_NW,271,2050_all,0
AZ_NW,272,2050_all,0
AZ_NW,273,2050_all,0
AZ_NW,274,2050_all,0
AZ_NW,275,2050_all,0
AZ_NW,276,2050_all,0
AZ_NW,277,2050_all,0
AZ_NW,278,2050_all,0
AZ_NW,279,2050_all,0
AZ_NW,280,2050_all,0
AZ_NW,281,2050_all,0
AZ_NW,282,2050_all,0
AZ_NW,283,2050_all,0
AZ_NW,284,2050_all,0
AZ_NW,285,2050_all,0
AZ_NW,286,2050_all,0
AZ_NW,287,2050_all,0
AZ_NW,288,2050_all,0
AZ_NW,289,2050_all,0
AZ_NW,290,2050_all,0
AZ_NW,291,2050_all,0
AZ_NW,292,2050_all,0
AZ_NW,293,2050_all,0
AZ_NW,294,2050_all,0
AZ_NW,295,2050_all,0
AZ_NW,296,2050_all,0
AZ_NW,297,2050_all,0
AZ_NW,298,2050_all,0
AZ_NW,299,2050_all,0
AZ_NW,300,2050_all,0
AZ_NW,301,2050_all,0
AZ_NW,302,2050_all,0
AZ_NW,303,2050_all,0
AZ_NW,304,2050_all,0
AZ_NW,305,2050_all,0
AZ_NW,306,2050_all,0
AZ_NW,307,2050_all,0
AZ_NW,308,2050_all,0
AZ_NW,309,2050_all,0
AZ_NW,310,2050_all,0
AZ_NW,311,2050_all,0
AZ_NW,312,2050_all,0
AZ_NW,313,2050_all,0
AZ_NW,314,2050_all,0
AZ_NW,315,2050_all,0
AZ_NW,316,2050_all,0
AZ_NW,317,2050_all,0
AZ_NW,318,2050_all,0
AZ_NW,319,2050_all,0
AZ_NW,320,2050_all,0
AZ_NW,321,2050_all,0
AZ_NW,322,2050_all,0
AZ_NW,323,2050_all,0
AZ_NW,324,2050_all,0
AZ_NW,325,2050_all,0
AZ_NW,326,2050_all,0
AZ_NW,327,2050_all,0
AZ_NW,328,2050_all,0
AZ_NW,329,2050_all,0
AZ_NW,330,2050_all,0
AZ_NW,331,2050_all,0
AZ_NW,332,2050_all,0
AZ_NW,333,2050_all,0
AZ_NW,334,2050_all,0
AZ_NW,335,2050_all,0
AZ_NW,336,2050_all,0
AZ_NW,337,2050_all,0
AZ_NW,338,2050_all,0
AZ_NW,339,2050_all,0
AZ_NW,340,2050_all,0
AZ_NW,341,2050_all,0
AZ_NW,342,2050_all,0
AZ_NW,343,2050_all,0
AZ_NW,344,2050_all,0
AZ_NW,345,2050_all,0
AZ_NW,346,2050_all,0
AZ_NW,347,2050_all,0
AZ_NW,348,2050_all,0
AZ_NW,349,2050_all,0
AZ_NW,350,2050_all,0
AZ_NW,351,2050_all,0
AZ_NW,352,2050_all,0
AZ_NW,353,2050_all,0
AZ_NW,354,2050_all,0
AZ_NW,355,2050_all,0
AZ_NW,356,2050_all,0
AZ_NW,357,2050_all,0
AZ_NW,358,2050_all,0
AZ_NW,359,2050_all,0
AZ_NW,360,2050_all,0
AZ_NW,361,2050_all,0
AZ_NW,362,2050_all,0
AZ_NW,363,2050_all,0
AZ_NW,364,2050_all,0
AZ_NW,365,2050_all,0
AZ_PHX,1,2050_all,0
AZ_PHX,2,2050_all,0
AZ_PHX,3,2050_all,0
AZ_PHX,4,2050_all,0
AZ_PHX,5,2050_all,0
AZ_PHX,6,2050_all,0
AZ_PHX,7,2050_all,0
AZ_PHX,8,2050_all,0
AZ_PHX,9,2050_all,0
AZ_PHX,10,2050_all,0
AZ_PHX,11,2050_all,0
AZ_PHX,12,2050_all,0
AZ_PHX,13,2050_all,0
AZ_PHX,14,2050_all,0
AZ_PHX,15,2050_all,0
AZ_PHX,16,2050_all,0
AZ_PHX,17,2050_all,0
AZ_PHX,18,2050_all,0
AZ_PHX,19,2050_all,0
AZ_PHX,20,2050_all,0
AZ_PHX,21,2050_all,0
AZ_PHX,22,2050_all,0
AZ_PHX,23,2050_all,0
AZ_PHX,24,2050_all,0
AZ_PHX,25,2050_all,0
AZ_PHX,26,2050_all,0
AZ_PHX,27,2050_all,0
AZ_PHX,28,2050_all,0
AZ_PHX,29,2050_all,0
AZ_PHX,30,2050_all,0
AZ_PHX,31,2050_all,0
AZ_PHX,32,2050_all,0
AZ_PHX,33,2050_all,0
AZ_PHX,34,2050_all,0
AZ_PHX,35,2050_all,0
AZ_PHX,36,2050_all,0
AZ_PHX,37,2050_all,0
AZ_PHX,38,2050_all,0
AZ_PHX,39,2050_all,0
AZ_PHX,40,2050_all,0
AZ_PHX,41,2050_all,0
AZ_PHX,42,2050_all,0
AZ_PHX,43,2050_all,0
AZ_PHX,44,2050_all,0
AZ_PHX,45,2050_all,0
AZ_PHX,46,2050_all,0
AZ_PHX,47,2050_all,0
AZ_PHX,48,2050_all,0
AZ_PHX,49,2050_all,0
AZ_PHX,50,2050_all,0
AZ_PHX,51,2050_all,0
AZ_PHX,52,2050_all,0
AZ_PHX,53,2050_all,0
AZ_PHX,54,2050_all,0
AZ_PHX,55,2050_all,0
AZ_PHX,56,2050_all,0
AZ_PHX,57,2050_all,0
AZ_PHX,58,2050_all,0
AZ_PHX,59,2050_all,0
AZ_PHX,60,2050_all,0
AZ_PHX,61,2050_all,0
AZ_PHX,62,2050_all,0
AZ_PHX,63,2050_all,0
AZ_PHX,64,2050_all,0
AZ_PHX,65,2050_all,0
AZ_PHX,66,2050_all,0
AZ_PHX,67,2050_all,0
AZ_PHX,68,2050_all,0
AZ_PHX,69,2050_all,0
AZ_PHX,70,2050_all,0
AZ_PHX,71,2050_all,0
AZ_PHX,72,2050_all,0
AZ_PHX,73,2050_all,0
AZ_PHX,74,2050_all,0
AZ_PHX,75,2050_all,0
AZ_PHX,76,2050_all,0
AZ_PHX,77,2050_all,0
AZ_PHX,78,2050_all,0
AZ_PHX,79,2050_all,0
AZ_PHX,80,2050_all,0
AZ_PHX,81,2050_all,0
AZ_PHX,82,2050_all,0
AZ_PHX,83,2050_all,0
AZ_PHX,84,2050_all,0
AZ_PHX,85,2050_all,0
AZ_PHX,86,2050_all,0
AZ_PHX,87,2050_all,0
AZ_PHX,88,2050_all,0
AZ_PHX,89,2050_all,0
AZ_PHX,90,2050_all,0
AZ_PHX,91,2050_all,0
AZ_PHX,92,2050_all,0
AZ_PHX,93,2050_all,0
AZ_PHX,94,2050_all,0
AZ_PHX,95,2050_all,0
AZ_PHX,96,2050_all,0
AZ_PHX,97,2050_all,0
AZ_PHX,98,2050_all,0
AZ_PHX,99,2050_all,0
AZ_PHX,100,2050_all,0
AZ_PHX,101,2050_all,0
AZ_PHX,102,2050_all,0
AZ_PHX,103,2050_all,0
AZ_PHX,104,2050_all,0
AZ_PHX,105,2050_all,0
AZ_PHX,106,2050_all,0
AZ_PHX,107,2050_all,0
AZ_PHX,108,2050_all,0
AZ_PHX,109,2050_all,0
AZ_PHX,110,2050_all,0
AZ_PHX,111,2050_all,0
AZ_PHX,112,2050_all,0
AZ_PHX,113,2050_all,0
AZ_PHX,114,2050_all,0
AZ_PHX,115,2050_all,0
AZ_PHX,116,2050_all,0
AZ_PHX,117,2050_all,0
AZ_PHX,118,2050_all,0
AZ_PHX,119,2050_all,0
AZ_PHX,120,2050_all,0
AZ_PHX,121,2050_all,0
AZ_PHX,122,2050_all,0
AZ_PHX,123,2050_all,0
AZ_PHX,124,2050_all,0
AZ_PHX,125,2050_all,0
AZ_PHX,126,2050_all,0
AZ_PHX,127,2050_all,0
AZ_PHX,128,2050_all,0
AZ_PHX,129,2050_all,0
AZ_PHX,130,2050_all,0
AZ_PHX,131,2050_all,0
AZ_PHX,132,2050_all,0
AZ_PHX,133,2050_all,0
AZ_PHX,134,2050_all,0
AZ_PHX,135,2050_all,0
AZ_PHX,136,2050_all,0
AZ_PHX,137,2050_all,0
AZ_PHX,138,2050_all,0
AZ_PHX,139,2050_all,0
AZ_PHX,140,2050_all,0
AZ_PHX,141,2050_all,0
AZ_PHX,142,2050_all,0
AZ_PHX,143,2050_all,0
AZ_PHX,144,2050_all,0
AZ_PHX,145,2050_all,0
AZ_PHX,146,2050_all,0
AZ_PHX,147,2050_all,0
AZ_PHX,148,2050_all,0
AZ_PHX,149,2050_all,0
AZ_PHX,150,2050_all,0
AZ_PHX,151,2050_all,0
AZ_PHX,152,2050_all,0
AZ_PHX,153,2050_all,0
AZ_PHX,154,2050_all,0
AZ_PHX,155,2050_all,0
AZ_PHX,156,2050_all,0
AZ_PHX,157,2050_all,0
AZ_PHX,158,2050_all,0
AZ_PHX,159,2050_all,0
AZ_PHX,160,2050_all,0
AZ_PHX,161,2050_all,0
AZ_PHX,162,2050_all,0
AZ_PHX,163,2050_all,0
AZ_PHX,164,2050_all,0
AZ_PHX,165,2050_all,0
AZ_PHX,166,2050_all,0
AZ_PHX,167,2050_all,0
AZ_PHX,168,2050_all,0
AZ_PHX,169,2050_all,0
AZ_PHX,170,2050_all,0
AZ_PHX,171,2050_all,0
AZ_PHX,172,2050_all,0
AZ_PHX,173,2050_all,0
AZ_PHX,174,2050_all,0
AZ_PHX,175,2050_all,0
AZ_PHX,176,2050_all,0
AZ_PHX,177,2050_all,0
AZ_PHX,178,2050_all,0
AZ_PHX,179,2050_all,0
AZ_PHX,180,2050_all,0
AZ_PHX,181,2050_all,0
AZ_PHX,182,2050_all,0
AZ_PHX,183,2050_all,0
AZ_PHX,184,2050_all,0
AZ_PHX,185,2050_all,0
AZ_PHX,186,2050_all,0
AZ_PHX,187,2050_all,0
AZ_PHX,188,2050_all,0
AZ_PHX,189,2050_all,0
AZ_PHX,190,2050_all,0
AZ_PHX,191,2050_all,0
AZ_PHX,192,2050_all,0
AZ_PHX,193,2050_all,0
AZ_PHX,194,2050_all,0
AZ_PHX,195,2050_all,0
AZ_PHX,196,2050_all,0
AZ_PHX,197,2050_all,0
AZ_PHX,198,2050_all,0
AZ_PHX,199,2050_all,0
AZ_PHX,200,2050_all,0
AZ_PHX,201,2050_all,0
AZ_PHX,202,2050_all,0
AZ_PHX,203,2050_all,0
AZ_PHX,204,2050_all,0
AZ_PHX,205,2050_all,0
AZ_PHX,206,2050_all,0
AZ_PHX,207,2050_all,0
AZ_PHX,208,2050_all,0
AZ_PHX,209,2050_all,0
AZ_PHX,210,2050_all,0
AZ_PHX,211,2050_all,0
AZ_PHX,212,2050_all,0
AZ_PHX,213,2050_all,0
AZ_PHX,214,2050_all,0
AZ_PHX,215,2050_all,0
AZ_PHX,216,2050_all,0
AZ_PHX,217,2050_all,0
AZ_PHX,218,2050_all,0
AZ_PHX,219,2050_all,0
AZ_PHX,220,2050_all,0
AZ_PHX,221,2050_all,0
AZ_PHX,222,2050_all,0
AZ_PHX,223,2050_all,0
AZ_PHX,224,2050_all,0
AZ_PHX,225,2050_all,0
AZ_PHX,226,2050_all,0
AZ_PHX,227,2050_all,0
AZ_PHX,228,2050_all,0
AZ_PHX,229,2050_all,0
AZ_PHX,230,2050_all,0
AZ_PHX,231,2050_all,0
AZ_PHX,232,2050_all,0
AZ_PHX,233,2050_all,0
AZ_PHX,234,2050_all,0
AZ_PHX,235,2050_all,0
AZ_PHX,236,2050_all,0
AZ_PHX,237,2050_all,0
AZ_PHX,238,2050_all,0
AZ_PHX,239,2050_all,0
AZ_PHX,240,2050_all,0
AZ_PHX,241,2050_all,0
AZ_PHX,242,2050_all,0
AZ_PHX,243,2050_all,0
AZ_PHX,244,2050_all,0
AZ_PHX,245,2050_all,0
AZ_PHX,246,2050_all,0
AZ_PHX,247,2050_all,0
AZ_PHX,248,2050_all,0
AZ_PHX,249,2050_all,0
AZ_PHX,250,2050_all,0
AZ_PHX,251,2050_all,0
AZ_PHX,252,2050_all,0
AZ_PHX,253,2050_all,0
AZ_PHX,254,2050_all,0
AZ_PHX,255,2050_all,0
AZ_PHX,256,2050_all,0
AZ_PHX,257,2050_all,0
AZ_PHX,258,2050_all,0
AZ_PHX,259,2050_all,0
AZ_PHX,260,2050_all,0
AZ_PHX,261,2050_all,0
AZ_PHX,262,2050_all,0
AZ_PHX,263,2050_all,0
AZ_PHX,264,2050_all,0
AZ_PHX,265,2050_all,0
AZ_PHX,266,2050_all,0
AZ_PHX,267,2050_all,0
AZ_PHX,268,2050_all,0
AZ_PHX,269,2050_all,0
AZ_PHX,270,2050_all,0
AZ_PHX,271,2050_all,0
AZ_PHX,272,2050_all,0
AZ_PHX,273,2050_all,0
AZ_PHX,274,2050_all,0
AZ_PHX,275,2050_all,0
AZ_PHX,276,2050_all,0
AZ_PHX,277,2050_all,0
AZ_PHX,278,2050_all,0
AZ_PHX,279,2050_all,0
AZ_PHX,280,2050_all,0
AZ_PHX,281,2050_all,0
AZ_PHX,282,2050_all,0
AZ_PHX,283,2050_all,0
AZ_PHX,284,2050_all,0
AZ_PHX,285,2050_all,0
AZ_PHX,286,2050_all,0
AZ_PHX,287,2050_all,0
AZ_PHX,288,2050_all,0
AZ_PHX,289,2050_all,0
AZ_PHX,290,2050_all,0
AZ_PHX,291,2050_all,0
AZ_PHX,292,2050_all,0
AZ_PHX,293,2050_all,0
AZ_PHX,294,2050_all,0
AZ_PHX,295,2050_all,0
AZ_PHX,296,2050_all,0
AZ_PHX,297,2050_all,0
AZ_PHX,298,2050_all,0
AZ_PHX,299,2050_all,0
AZ_PHX,300,2050_all,0
AZ_PHX,301,2050_all,0
AZ_PHX,302,2050_all,0
AZ_PHX,303,2050_all,0
AZ_PHX,304,2050_all,0
AZ_PHX,305,2050_all,0
AZ_PHX,306,2050_all,0
AZ_PHX,307,2050_all,0
AZ_PHX,308,2050_all,0
AZ_PHX,309,2050_all,0
AZ_PHX,310,2050_all,0
AZ_PHX,311,2050_all,0
AZ_PHX,312,2050_all,0
AZ_PHX,313,2050_all,0
AZ_PHX,314,2050_all,0
AZ_PHX,315,2050_all,0
AZ_PHX,316,2050_all,0
AZ_PHX,317,2050_all,0
AZ_PHX,318,2050_all,0
AZ_PHX,319,2050_all,0
AZ_PHX,320,2050_all,0
AZ_PHX,321,2050_all,0
AZ_PHX,322,2050_all,0
AZ_PHX,323,2050_all,0
AZ_PHX,324,2050_all,0
AZ_PHX,325,2050_all,0
AZ_PHX,326,2050_all,0
AZ_PHX,327,2050_all,0
AZ_PHX,328,2050_all,0
AZ_PHX,329,2050_all,0
AZ_PHX,330,2050_all,0
AZ_PHX,331,2050_all,0
AZ_PHX,332,2050_all,0
AZ_PHX,333,2050_all,0
AZ_PHX,334,2050_all,0
AZ_PHX,335,2050_all,0
AZ_PHX,336,2050_all,0
AZ_PHX,337,2050_all,0
AZ_PHX,338,2050_all,0
AZ_PHX,339,2050_all,0
AZ_PHX,340,2050_all,0
AZ_PHX,341,2050_all,0
AZ_PHX,342,2050_all,0
AZ_PHX,343,2050_all,0
AZ_PHX,344,2050_all,0
AZ_PHX,345,2050_all,0
AZ_PHX,346,2050_all,0
AZ_PHX,347,2050_all,0
AZ_PHX,348,2050_all,0
AZ_PHX,349,2050_all,0
AZ_PHX,350,2050_all,0
AZ_PHX,351,2050_all,0
AZ_PHX,352,2050_all,0
AZ_PHX,353,2050_all,0
AZ_PHX,354,2050_all,0
AZ_PHX,355,2050_all,0
AZ_PHX,356,2050_all,0
AZ_PHX,357,2050_all,0
AZ_PHX,358,2050_all,0
AZ_PHX,359,2050_all,0
AZ_PHX,360,2050_all,0
AZ_PHX,361,2050_all,0
AZ_PHX,362,2050_all,0
AZ_PHX,363,2050_all,0
AZ_PHX,364,2050_all,0
AZ_PHX,365,2050_all,0
AZ_SE,1,2050_all,0
AZ_SE,2,2050_all,0
AZ_SE,3,2050_all,0
AZ_SE,4,2050_all,0
AZ_SE,5,2050_all,0
AZ_SE,6,2050_all,0
AZ_SE,7,2050_all,0
AZ_SE,8,2050_all,0
AZ_SE,9,2050_all,0
AZ_SE,10,2050_all,0
AZ_SE,11,2050_all,0
AZ_SE,12,2050_all,0
AZ_SE,13,2050_all,0
AZ_SE,14,2050_all,0
AZ_SE,15,2050_all,0
AZ_SE,16,2050_all,0
AZ_SE,17,2050_all,0
AZ_SE,18,2050_all,0
AZ_SE,19,2050_all,0
AZ_SE,20,2050_all,0
AZ_SE,21,2050_all,0
AZ_SE,22,2050_all,0
AZ_SE,23,2050_all,0
AZ_SE,24,2050_all,0
AZ_SE,25,2050_all,0
AZ_SE,26,2050_all,0
AZ_SE,27,2050_all,0
AZ_SE,28,2050_all,0
AZ_SE,29,2050_all,0
AZ_SE,30,2050_all,0
AZ_SE,31,2050_all,0
AZ_SE,32,2050_all,0
AZ_SE,33,2050_all,0
AZ_SE,34,2050_all,0
AZ_SE,35,2050_all,0
AZ_SE,36,2050_all,0
AZ_SE,37,2050_all,0
AZ_SE,38,2050_all,0
AZ_SE,39,2050_all,0
AZ_SE,40,2050_all,0
AZ_SE,41,2050_all,0
AZ_SE,42,2050_all,0
AZ_SE,43,2050_all,0
AZ_SE,44,2050_all,0
AZ_SE,45,2050_all,0
AZ_SE,46,2050_all,0
AZ_SE,47,2050_all,0
AZ_SE,48,2050_all,0
AZ_SE,49,2050_all,0
AZ_SE,50,2050_all,0
AZ_SE,51,2050_all,0
AZ_SE,52,2050_all,0
AZ_SE,53,2050_all,0
AZ_SE,54,2050_all,0
AZ_SE,55,2050_all,0
AZ_SE,56,2050_all,0
AZ_SE,57,2050_all,0
AZ_SE,58,2050_all,0
AZ_SE,59,2050_all,0
AZ_SE,60,2050_all,0
AZ_SE,61,2050_all,0
AZ_SE,62,2050_all,0
AZ_SE,63,2050_all,0
AZ_SE,64,2050_all,0
AZ_SE,65,2050_all,0
AZ_SE,66,2050_all,0
AZ_SE,67,2050_all,0
AZ_SE,68,2050_all,0
AZ_SE,69,2050_all,0
AZ_SE,70,2050_all,0
AZ_SE,71,2050_all,0
AZ_SE,72,2050_all,0
AZ_SE,73,2050_all,0
AZ_SE,74,2050_all,0
AZ_SE,75,2050_all,0
AZ_SE,76,2050_all,0
AZ_SE,77,2050_all,0
AZ_SE,78,2050_all,0
AZ_SE,79,2050_all,0
AZ_SE,80,2050_all,0
AZ_SE,81,2050_all,0
AZ_SE,82,2050_all,0
AZ_SE,83,2050_all,0
AZ_SE,84,2050_all,0
AZ_SE,85,2050_all,0
AZ_SE,86,2050_all,0
AZ_SE,87,2050_all,0
AZ_SE,88,2050_all,0
AZ_SE,89,2050_all,0
AZ_SE,90,2050_all,0
AZ_SE,91,2050_all,0
AZ_SE,92,2050_all,0
AZ_SE,93,2050_all,0
AZ_SE,94,2050_all,0
AZ_SE,95,2050_all,0
AZ_SE,96,2050_all,0
AZ_SE,97,2050_all,0
AZ_SE,98,2050_all,0
AZ_SE,99,2050_all,0
AZ_SE,100,2050_all,0
AZ_SE,101,2050_all,0
AZ_SE,102,2050_all,0
AZ_SE,103,2050_all,0
AZ_SE,104,2050_all,0
AZ_SE,105,2050_all,0
AZ_SE,106,2050_all,0
AZ_SE,107,2050_all,0
AZ_SE,108,2050_all,0
AZ_SE,109,2050_all,0
AZ_SE,110,2050_all,0
AZ_SE,111,2050_all,0
AZ_SE,112,2050_all,0
AZ_SE,113,2050_all,0
AZ_SE,114,2050_all,0
AZ_SE,115,2050_all,0
AZ_SE,116,2050_all,0
AZ_SE,117,2050_all,0
AZ_SE,118,2050_all,0
AZ_SE,119,2050_all,0
AZ_SE,120,2050_all,0
AZ_SE,121,2050_all,0
AZ_SE,122,2050_all,0
AZ_SE,123,2050_all,0
AZ_SE,124,2050_all,0
AZ_SE,125,2050_all,0
AZ_SE,126,2050_all,0
AZ_SE,127,2050_all,0
AZ_SE,128,2050_all,0
AZ_SE,129,2050_all,0
AZ_SE,130,2050_all,0
AZ_SE,131,2050_all,0
AZ_SE,132,2050_all,0
AZ_SE,133,2050_all,0
AZ_SE,134,2050_all,0
AZ_SE,135,2050_all,0
AZ_SE,136,2050_all,0
AZ_SE,137,2050_all,0
AZ_SE,138,2050_all,0
AZ_SE,139,2050_all,0
AZ_SE,140,2050_all,0
AZ_SE,141,2050_all,0
AZ_SE,142,2050_all,0
AZ_SE,143,2050_all,0
AZ_SE,144,2050_all,0
AZ_SE,145,2050_all,0
AZ_SE,146,2050_all,0
AZ_SE,147,2050_all,0
AZ_SE,148,2050_all,0
AZ_SE,149,2050_all,0
AZ_SE,150,2050_all,0
AZ_SE,151,2050_all,0
AZ_SE,152,2050_all,0
AZ_SE,153,2050_all,0
AZ_SE,154,2050_all,0
AZ_SE,155,2050_all,0
AZ_SE,156,2050_all,0
AZ_SE,157,2050_all,0
AZ_SE,158,2050_all,0
AZ_SE,159,2050_all,0
AZ_SE,160,2050_all,0
AZ_SE,161,2050_all,0
AZ_SE,162,2050_all,0
AZ_SE,163,2050_all,0
AZ_SE,164,2050_all,0
AZ_SE,165,2050_all,0
AZ_SE,166,2050_all,0
AZ_SE,167,2050_all,0
AZ_SE,168,2050_all,0
AZ_SE,169,2050_all,0
AZ_SE,170,2050_all,0
AZ_SE,171,2050_all,0
AZ_SE,172,2050_all,0
AZ_SE,173,2050_all,0
AZ_SE,174,2050_all,0
AZ_SE,175,2050_all,0
AZ_SE,176,2050_all,0
AZ_SE,177,2050_all,0
AZ_SE,178,2050_all,0
AZ_SE,179,2050_all,0
AZ_SE,180,2050_all,0
AZ_SE,181,2050_all,0
AZ_SE,182,2050_all,0
AZ_SE,183,2050_all,0
AZ_SE,184,2050_all,0
AZ_SE,185,2050_all,0
AZ_SE,186,2050_all,0
AZ_SE,187,2050_all,0
AZ_SE,188,2050_all,0
AZ_SE,189,2050_all,0
AZ_SE,190,2050_all,0
AZ_SE,191,2050_all,0
AZ_SE,192,2050_all,0
AZ_SE,193,2050_all,0
AZ_SE,194,2050_all,0
AZ_SE,195,2050_all,0
AZ_SE,196,2050_all,0
AZ_SE,197,2050_all,0
AZ_SE,198,2050_all,0
AZ_SE,199,2050_all,0
AZ_SE,200,2050_all,0
AZ_SE,201,2050_all,0
AZ_SE,202,2050_all,0
AZ_SE,203,2050_all,0
AZ_SE,204,2050_all,0
AZ_SE,205,2050_all,0
AZ_SE,206,2050_all,0
AZ_SE,207,2050_all,0
AZ_SE,208,2050_all,0
AZ_SE,209,2050_all,0
AZ_SE,210,2050_all,0
AZ_SE,211,2050_all,0
AZ_SE,212,2050_all,0
AZ_SE,213,2050_all,0
AZ_SE,214,2050_all,0
AZ_SE,215,2050_all,0
AZ_SE,216,2050_all,0
AZ_SE,217,2050_all,0
AZ_SE,218,2050_all,0
AZ_SE,219,2050_all,0
AZ_SE,220,2050_all,0
AZ_SE,221,2050_all,0
AZ_SE,222,2050_all,0
AZ_SE,223,2050_all,0
AZ_SE,224,2050_all,0
AZ_SE,225,2050_all,0
AZ_SE,226,2050_all,0
AZ_SE,227,2050_all,0
AZ_SE,228,2050_all,0
AZ_SE,229,2050_all,0
AZ_SE,230,2050_all,0
AZ_SE,231,2050_all,0
AZ_SE,232,2050_all,0
AZ_SE,233,2050_all,0
AZ_SE,234,2050_all,0
AZ_SE,235,2050_all,0
AZ_SE,236,2050_all,0
AZ_SE,237,2050_all,0
AZ_SE,238,2050_all,0
AZ_SE,239,2050_all,0
AZ_SE,240,2050_all,0
AZ_SE,241,2050_all,0
AZ_SE,242,2050_all,0
AZ_SE,243,2050_all,0
AZ_SE,244,2050_all,0
AZ_SE,245,2050_all,0
AZ_SE,246,2050_all,0
AZ_SE,247,2050_all,0
AZ_SE,248,2050_all,0
AZ_SE,249,2050_all,0
AZ_SE,250,2050_all,0
AZ_SE,251,2050_all,0
AZ_SE,252,2050_all,0
AZ_SE,253,2050_all,0
AZ_SE,254,2050_all,0
AZ_SE,255,2050_all,0
AZ_SE,256,2050_all,0
AZ_SE,257,2050_all,0
AZ_SE,258,2050_all,0
AZ_SE,259,2050_all,0
AZ_SE,260,2050_all,0
AZ_SE,261,2050_all,0
AZ_SE,262,2050_all,0
AZ_SE,263,2050_all,0
AZ_SE,264,2050_all,0
AZ_SE,265,2050_all,0
AZ_SE,266,2050_all,0
AZ_SE,267,2050_all,0
AZ_SE,268,2050_all,0
AZ_SE,269,2050_all,0
AZ_SE,270,2050_all,0
AZ_SE,271,2050_all,0
AZ_SE,272,2050_all,0
AZ_SE,273,2050_all,0
AZ_SE,274,2050_all,0
AZ_SE,275,2050_all,0
AZ_SE,276,2050_all,0
AZ_SE,277,2050_all,0
AZ_SE,278,2050_all,0
AZ_SE,279,2050_all,0
AZ_SE,280,2050_all,0
AZ_SE,281,2050_all,0
AZ_SE,282,2050_all,0
AZ_SE,283,2050_all,0
AZ_SE,284,2050_all,0
AZ_SE,285,2050_all,0
AZ_SE,286,2050_all,0
AZ_SE,287,2050_all,0
AZ_SE,288,2050_all,0
AZ_SE,289,2050_all,0
AZ_SE,290,2050_all,0
AZ_SE,291,2050_all,0
AZ_SE,292,2050_all,0
AZ_SE,293,2050_all,0
AZ_SE,294,2050_all,0
AZ_SE,295,2050_all,0
AZ_SE,296,2050_all,0
AZ_SE,297,2050_all,0
AZ_SE,298,2050_all,0
AZ_SE,299,2050_all,0
AZ_SE,300,2050_all,0
AZ_SE,301,2050_all,0
AZ_SE,302,2050_all,0
AZ_SE,303,2050_all,0
AZ_SE,304,2050_all,0
AZ_SE,305,2050_all,0
AZ_SE,306,2050_all,0
AZ_SE,307,2050_all,0
AZ_SE,308,2050_all,0
AZ_SE,309,2050_all,0
AZ_SE,310,2050_all,0
AZ_SE,311,2050_all,0
AZ_SE,312,2050_all,0
AZ_SE,313,2050_all,0
AZ_SE,314,2050_all,0
AZ_SE,315,2050_all,0
AZ_SE,316,2050_all,0
AZ_SE,317,2050_all,0
AZ_SE,318,2050_all,0
AZ_SE,319,2050_all,0
AZ_SE,320,2050_all,0
AZ_SE,321,2050_all,0
AZ_SE,322,2050_all,0
AZ_SE,323,2050_all,0
AZ_SE,324,2050_all,0
AZ_SE,325,2050_all,0
AZ_SE,326,2050_all,0
AZ_SE,327,2050_all,0
AZ_SE,328,2050_all,0
AZ_SE,329,2050_all,0
AZ_SE,330,2050_all,0
AZ_SE,331,2050_all,0
AZ_SE,332,2050_all,0
AZ_SE,333,2050_all,0
AZ_SE,334,2050_all,0
AZ_SE,335,2050_all,0
AZ_SE,336,2050_all,0
AZ_SE,337,2050_all,0
AZ_SE,338,2050_all,0
AZ_SE,339,2050_all,0
AZ_SE,340,2050_all,0
AZ_SE,341,2050_all,0
AZ_SE,342,2050_all,0
AZ_SE,343,2050_all,0
AZ_SE,344,2050_all,0
AZ_SE,345,2050_all,0
AZ_SE,346,2050_all,0
AZ_SE,347,2050_all,0
AZ_SE,348,2050_all,0
AZ_SE,349,2050_all,0
AZ_SE,350,2050_all,0
AZ_SE,351,2050_all,0
AZ_SE,352,2050_all,0
AZ_SE,353,2050_all,0
AZ_SE,354,2050_all,0
AZ_SE,355,2050_all,0
AZ_SE,356,2050_all,0
AZ_SE,357,2050_all,0
AZ_SE,358,2050_all,0
AZ_SE,359,2050_all,0
AZ_SE,360,2050_all,0
AZ_SE,361,2050_all,0
AZ_SE,362,2050_all,0
AZ_SE,363,2050_all,0
AZ_SE,364,2050_all,0
AZ_SE,365,2050_all,0
CA_IID,1,2050_all,0
CA_IID,2,2050_all,0
CA_IID,3,2050_all,0
CA_IID,4,2050_all,0
CA_IID,5,2050_all,0
CA_IID,6,2050_all,0
CA_IID,7,2050_all,0
CA_IID,8,2050_all,0
CA_IID,9,2050_all,0
CA_IID,10,2050_all,0
CA_IID,11,2050_all,0
CA_IID,12,2050_all,0
CA_IID,13,2050_all,0
CA_IID,14,2050_all,0
CA_IID,15,2050_all,0
CA_IID,16,2050_all,0
CA_IID,17,2050_all,0
CA_IID,18,2050_all,0
CA_IID,19,2050_all,0
CA_IID,20,2050_all,0
CA_IID,21,2050_all,0
CA_IID,22,2050_all,0
CA_IID,23,2050_all,0
CA_IID,24,2050_all,0
CA_IID,25,2050_all,0
CA_IID,26,2050_all,0
CA_IID,27,2050_all,0
CA_IID,28,2050_all,0
CA_IID,29,2050_all,0
CA_IID,30,2050_all,0
CA_IID,31,2050_all,0
CA_IID,32,2050_all,0
CA_IID,33,2050_all,0
CA_IID,34,2050_all,0
CA_IID,35,2050_all,0
CA_IID,36,2050_all,0
CA_IID,37,2050_all,0
CA_IID,38,2050_all,0
CA_IID,39,2050_all,0
CA_IID,40,2050_all,0
CA_IID,41,2050_all,0
CA_IID,42,2050_all,0
CA_IID,43,2050_all,0
CA_IID,44,2050_all,0
CA_IID,45,2050_all,0
CA_IID,46,2050_all,0
CA_IID,47,2050_all,0
CA_IID,48,2050_all,0
CA_IID,49,2050_all,0
CA_IID,50,2050_all,0
CA_IID,51,2050_all,0
CA_IID,52,2050_all,0
CA_IID,53,2050_all,0
CA_IID,54,2050_all,0
CA_IID,55,2050_all,0
CA_IID,56,2050_all,0
CA_IID,57,2050_all,0
CA_IID,58,2050_all,0
CA_IID,59,2050_all,0
CA_IID,60,2050_all,0
CA_IID,61,2050_all,0
CA_IID,62,2050_all,0
CA_IID,63,2050_all,0
CA_IID,64,2050_all,0
CA_IID,65,2050_all,0
CA_IID,66,2050_all,0
CA_IID,67,2050_all,0
CA_IID,68,2050_all,0
CA_IID,69,2050_all,0
CA_IID,70,2050_all,0
CA_IID,71,2050_all,0
CA_IID,72,2050_all,0
CA_IID,73,2050_all,0
CA_IID,74,2050_all,0
CA_IID,75,2050_all,0
CA_IID,76,2050_all,0
CA_IID,77,2050_all,0
CA_IID,78,2050_all,0
CA_IID,79,2050_all,0
CA_IID,80,2050_all,0
CA_IID,81,2050_all,0
CA_IID,82,2050_all,0
CA_IID,83,2050_all,0
CA_IID,84,2050_all,0
CA_IID,85,2050_all,0
CA_IID,86,2050_all,0
CA_IID,87,2050_all,0
CA_IID,88,2050_all,0
CA_IID,89,2050_all,0
CA_IID,90,2050_all,0
CA_IID,91,2050_all,0
CA_IID,92,2050_all,0
CA_IID,93,2050_all,0
CA_IID,94,2050_all,0
CA_IID,95,2050_all,0
CA_IID,96,2050_all,0
CA_IID,97,2050_all,0
CA_IID,98,2050_all,0
CA_IID,99,2050_all,0
CA_IID,100,2050_all,0
CA_IID,101,2050_all,0
CA_IID,102,2050_all,0
CA_IID,103,2050_all,0
CA_IID,104,2050_all,0
CA_IID,105,2050_all,0
CA_IID,106,2050_all,0
CA_IID,107,2050_all,0
CA_IID,108,2050_all,0
CA_IID,109,2050_all,0
CA_IID,110,2050_all,0
CA_IID,111,2050_all,0
CA_IID,112,2050_all,0
CA_IID,113,2050_all,0
CA_IID,114,2050_all,0
CA_IID,115,2050_all,0
CA_IID,116,2050_all,0
CA_IID,117,2050_all,0
CA_IID,118,2050_all,0
CA_IID,119,2050_all,0
CA_IID,120,2050_all,0
CA_IID,121,2050_all,0
CA_IID,122,2050_all,0
CA_IID,123,2050_all,0
CA_IID,124,2050_all,0
CA_IID,125,2050_all,0
CA_IID,126,2050_all,0
CA_IID,127,2050_all,0
CA_IID,128,2050_all,0
CA_IID,129,2050_all,0
CA_IID,130,2050_all,0
CA_IID,131,2050_all,0
CA_IID,132,2050_all,0
CA_IID,133,2050_all,0
CA_IID,134,2050_all,0
CA_IID,135,2050_all,0
CA_IID,136,2050_all,0
CA_IID,137,2050_all,0
CA_IID,138,2050_all,0
CA_IID,139,2050_all,0
CA_IID,140,2050_all,0
CA_IID,141,2050_all,0
CA_IID,142,2050_all,0
CA_IID,143,2050_all,0
CA_IID,144,2050_all,0
CA_IID,145,2050_all,0
CA_IID,146,2050_all,0
CA_IID,147,2050_all,0
CA_IID,148,2050_all,0
CA_IID,149,2050_all,0
CA_IID,150,2050_all,0
CA_IID,151,2050_all,0
CA_IID,152,2050_all,0
CA_IID,153,2050_all,0
CA_IID,154,2050_all,0
CA_IID,155,2050_all,0
CA_IID,156,2050_all,0
CA_IID,157,2050_all,0
CA_IID,158,2050_all,0
CA_IID,159,2050_all,0
CA_IID,160,2050_all,0
CA_IID,161,2050_all,0
CA_IID,162,2050_all,0
CA_IID,163,2050_all,0
CA_IID,164,2050_all,0
CA_IID,165,2050_all,0
CA_IID,166,2050_all,0
CA_IID,167,2050_all,0
CA_IID,168,2050_all,0
CA_IID,169,2050_all,0
CA_IID,170,2050_all,0
CA_IID,171,2050_all,0
CA_IID,172,2050_all,0
CA_IID,173,2050_all,0
CA_IID,174,2050_all,0
CA_IID,175,2050_all,0
CA_IID,176,2050_all,0
CA_IID,177,2050_all,0
CA_IID,178,2050_all,0
CA_IID,179,2050_all,0
CA_IID,180,2050_all,0
CA_IID,181,2050_all,0
CA_IID,182,2050_all,0
CA_IID,183,2050_all,0
CA_IID,184,2050_all,0
CA_IID,185,2050_all,0
CA_IID,186,2050_all,0
CA_IID,187,2050_all,0
CA_IID,188,2050_all,0
CA_IID,189,2050_all,0
CA_IID,190,2050_all,0
CA_IID,191,2050_all,0
CA_IID,192,2050_all,0
CA_IID,193,2050_all,0
CA_IID,194,2050_all,0
CA_IID,195,2050_all,0
CA_IID,196,2050_all,0
CA_IID,197,2050_all,0
CA_IID,198,2050_all,0
CA_IID,199,2050_all,0
CA_IID,200,2050_all,0
CA_IID,201,2050_all,0
CA_IID,202,2050_all,0
CA_IID,203,2050_all,0
CA_IID,204,2050_all,0
CA_IID,205,2050_all,0
CA_IID,206,2050_all,0
CA_IID,207,2050_all,0
CA_IID,208,2050_all,0
CA_IID,209,2050_all,0
CA_IID,210,2050_all,0
CA_IID,211,2050_all,0
CA_IID,212,2050_all,0
CA_IID,213,2050_all,0
CA_IID,214,2050_all,0
CA_IID,215,2050_all,0
CA_IID,216,2050_all,0
CA_IID,217,2050_all,0
CA_IID,218,2050_all,0
CA_IID,219,2050_all,0
CA_IID,220,2050_all,0
CA_IID,221,2050_all,0
CA_IID,222,2050_all,0
CA_IID,223,2050_all,0
CA_IID,224,2050_all,0
CA_IID,225,2050_all,0
CA_IID,226,2050_all,0
CA_IID,227,2050_all,0
CA_IID,228,2050_all,0
CA_IID,229,2050_all,0
CA_IID,230,2050_all,0
CA_IID,231,2050_all,0
CA_IID,232,2050_all,0
CA_IID,233,2050_all,0
CA_IID,234,2050_all,0
CA_IID,235,2050_all,0
CA_IID,236,2050_all,0
CA_IID,237,2050_all,0
CA_IID,238,2050_all,0
CA_IID,239,2050_all,0
CA_IID,240,2050_all,0
CA_IID,241,2050_all,0
CA_IID,242,2050_all,0
CA_IID,243,2050_all,0
CA_IID,244,2050_all,0
CA_IID,245,2050_all,0
CA_IID,246,2050_all,0
CA_IID,247,2050_all,0
CA_IID,248,2050_all,0
CA_IID,249,2050_all,0
CA_IID,250,2050_all,0
CA_IID,251,2050_all,0
CA_IID,252,2050_all,0
CA_IID,253,2050_all,0
CA_IID,254,2050_all,0
CA_IID,255,2050_all,0
CA_IID,256,2050_all,0
CA_IID,257,2050_all,0
CA_IID,258,2050_all,0
CA_IID,259,2050_all,0
CA_IID,260,2050_all,0
CA_IID,261,2050_all,0
CA_IID,262,2050_all,0
CA_IID,263,2050_all,0
CA_IID,264,2050_all,0
CA_IID,265,2050_all,0
CA_IID,266,2050_all,0
CA_IID,267,2050_all,0
CA_IID,268,2050_all,0
CA_IID,269,2050_all,0
CA_IID,270,2050_all,0
CA_IID,271,2050_all,0
CA_IID,272,2050_all,0
CA_IID,273,2050_all,0
CA_IID,274,2050_all,0
CA_IID,275,2050_all,0
CA_IID,276,2050_all,0
CA_IID,277,2050_all,0
CA_IID,278,2050_all,0
CA_IID,279,2050_all,0
CA_IID,280,2050_all,0
CA_IID,281,2050_all,0
CA_IID,282,2050_all,0
CA_IID,283,2050_all,0
CA_IID,284,2050_all,0
CA_IID,285,2050_all,0
CA_IID,286,2050_all,0
CA_IID,287,2050_all,0
CA_IID,288,2050_all,0
CA_IID,289,2050_all,0
CA_IID,290,2050_all,0
CA_IID,291,2050_all,0
CA_IID,292,2050_all,0
CA_IID,293,2050_all,0
CA_IID,294,2050_all,0
CA_IID,295,2050_all,0
CA_IID,296,2050_all,0
CA_IID,297,2050_all,0
CA_IID,298,2050_all,0
CA_IID,299,2050_all,0
CA_IID,300,2050_all,0
CA_IID,301,2050_all,0
CA_IID,302,2050_all,0
CA_IID,303,2050_all,0
CA_IID,304,2050_all,0
CA_IID,305,2050_all,0
CA_IID,306,2050_all,0
CA_IID,307,2050_all,0
CA_IID,308,2050_all,0
CA_IID,309,2050_all,0
CA_IID,310,2050_all,0
CA_IID,311,2050_all,0
CA_IID,312,2050_all,0
CA_IID,313,2050_all,0
CA_IID,314,2050_all,0
CA_IID,315,2050_all,0
CA_IID,316,2050_all,0
CA_IID,317,2050_all,0
CA_IID,318,2050_all,0
CA_IID,319,2050_all,0
CA_IID,320,2050_all,0
CA_IID,321,2050_all,0
CA_IID,322,2050_all,0
CA_IID,323,2050_all,0
CA_IID,324,2050_all,0
CA_IID,325,2050_all,0
CA_IID,326,2050_all,0
CA_IID,327,2050_all,0
CA_IID,328,2050_all,0
CA_IID,329,2050_all,0
CA_IID,330,2050_all,0
CA_IID,331,2050_all,0
CA_IID,332,2050_all,0
CA_IID,333,2050_all,0
CA_IID,334,2050_all,0
CA_IID,335,2050_all,0
CA_IID,336,2050_all,0
CA_IID,337,2050_all,0
CA_IID,338,2050_all,0
CA_IID,339,2050_all,0
CA_IID,340,2050_all,0
CA_IID,341,2050_all,0
CA_IID,342,2050_all,0
CA_IID,343,2050_all,0
CA_IID,344,2050_all,0
CA_IID,345,2050_all,0
CA_IID,346,2050_all,0
CA_IID,347,2050_all,0
CA_IID,348,2050_all,0
CA_IID,349,2050_all,0
CA_IID,350,2050_all,0
CA_IID,351,2050_all,0
CA_IID,352,2050_all,0
CA_IID,353,2050_all,0
CA_IID,354,2050_all,0
CA_IID,355,2050_all,0
CA_IID,356,2050_all,0
CA_IID,357,2050_all,0
CA_IID,358,2050_all,0
CA_IID,359,2050_all,0
CA_IID,360,2050_all,0
CA_IID,361,2050_all,0
CA_IID,362,2050_all,0
CA_IID,363,2050_all,0
CA_IID,364,2050_all,0
CA_IID,365,2050_all,0
CA_LADWP,1,2050_all,0
CA_LADWP,2,2050_all,0
CA_LADWP,3,2050_all,0
CA_LADWP,4,2050_all,0
CA_LADWP,5,2050_all,0
CA_LADWP,6,2050_all,0
CA_LADWP,7,2050_all,0
CA_LADWP,8,2050_all,0
CA_LADWP,9,2050_all,0
CA_LADWP,10,2050_all,0
CA_LADWP,11,2050_all,0
CA_LADWP,12,2050_all,0
CA_LADWP,13,2050_all,0
CA_LADWP,14,2050_all,0
CA_LADWP,15,2050_all,0
CA_LADWP,16,2050_all,0
CA_LADWP,17,2050_all,0
CA_LADWP,18,2050_all,0
CA_LADWP,19,2050_all,0
CA_LADWP,20,2050_all,0
CA_LADWP,21,2050_all,0
CA_LADWP,22,2050_all,0
CA_LADWP,23,2050_all,0
CA_LADWP,24,2050_all,0
CA_LADWP,25,2050_all,0
CA_LADWP,26,2050_all,0
CA_LADWP,27,2050_all,0
CA_LADWP,28,2050_all,0
CA_LADWP,29,2050_all,0
CA_LADWP,30,2050_all,0
CA_LADWP,31,2050_all,0
CA_LADWP,32,2050_all,0
CA_LADWP,33,2050_all,0
CA_LADWP,34,2050_all,0
CA_LADWP,35,2050_all,0
CA_LADWP,36,2050_all,0
CA_LADWP,37,2050_all,0
CA_LADWP,38,2050_all,0
CA_LADWP,39,2050_all,0
CA_LADWP,40,2050_all,0
CA_LADWP,41,2050_all,0
CA_LADWP,42,2050_all,0
CA_LADWP,43,2050_all,0
CA_LADWP,44,2050_all,0
CA_LADWP,45,2050_all,0
CA_LADWP,46,2050_all,0
CA_LADWP,47,2050_all,0
CA_LADWP,48,2050_all,0
CA_LADWP,49,2050_all,0
CA_LADWP,50,2050_all,0
CA_LADWP,51,2050_all,0
CA_LADWP,52,2050_all,0
CA_LADWP,53,2050_all,0
CA_LADWP,54,2050_all,0
CA_LADWP,55,2050_all,0
CA_LADWP,56,2050_all,0
CA_LADWP,57,2050_all,0
CA_LADWP,58,2050_all,0
CA_LADWP,59,2050_all,0
CA_LADWP,60,2050_all,0
CA_LADWP,61,2050_all,0
CA_LADWP,62,2050_all,0
CA_LADWP,63,2050_all,0
CA_LADWP,64,2050_all,0
CA_LADWP,65,2050_all,0
CA_LADWP,66,2050_all,0
CA_LADWP,67,2050_all,0
CA_LADWP,68,2050_all,0
CA_LADWP,69,2050_all,0
CA_LADWP,70,2050_all,0
CA_LADWP,71,2050_all,0
CA_LADWP,72,2050_all,0
CA_LADWP,73,2050_all,0
CA_LADWP,74,2050_all,0
CA_LADWP,75,2050_all,0
CA_LADWP,76,2050_all,0
CA_LADWP,77,2050_all,0
CA_LADWP,78,2050_all,0
CA_LADWP,79,2050_all,0
CA_LADWP,80,2050_all,0
CA_LADWP,81,2050_all,0
CA_LADWP,82,2050_all,0
CA_LADWP,83,2050_all,0
CA_LADWP,84,2050_all,0
CA_LADWP,85,2050_all,0
CA_LADWP,86,2050_all,0
CA_LADWP,87,2050_all,0
CA_LADWP,88,2050_all,0
CA_LADWP,89,2050_all,0
CA_LADWP,90,2050_all,0
CA_LADWP,91,2050_all,0
CA_LADWP,92,2050_all,0
CA_LADWP,93,2050_all,0
CA_LADWP,94,2050_all,0
CA_LADWP,95,2050_all,0
CA_LADWP,96,2050_all,0
CA_LADWP,97,2050_all,0
CA_LADWP,98,2050_all,0
CA_LADWP,99,2050_all,0
CA_LADWP,100,2050_all,0
CA_LADWP,101,2050_all,0
CA_LADWP,102,2050_all,0
CA_LADWP,103,2050_all,0
CA_LADWP,104,2050_all,0
CA_LADWP,105,2050_all,0
CA_LADWP,106,2050_all,0
CA_LADWP,107,2050_all,0
CA_LADWP,108,2050_all,0
CA_LADWP,109,2050_all,0
CA_LADWP,110,2050_all,0
CA_LADWP,111,2050_all,0
CA_LADWP,112,2050_all,0
CA_LADWP,113,2050_all,0
CA_LADWP,114,2050_all,0
CA_LADWP,115,2050_all,0
CA_LADWP,116,2050_all,0
CA_LADWP,117,2050_all,0
CA_LADWP,118,2050_all,0
CA_LADWP,119,2050_all,0
CA_LADWP,120,2050_all,0
CA_LADWP,121,2050_all,0
CA_LADWP,122,2050_all,0
CA_LADWP,123,2050_all,0
CA_LADWP,124,2050_all,0
CA_LADWP,125,2050_all,0
CA_LADWP,126,2050_all,0
CA_LADWP,127,2050_all,0
CA_LADWP,128,2050_all,0
CA_LADWP,129,2050_all,0
CA_LADWP,130,2050_all,0
CA_LADWP,131,2050_all,0
CA_LADWP,132,2050_all,0
CA_LADWP,133,2050_all,0
CA_LADWP,134,2050_all,0
CA_LADWP,135,2050_all,0
CA_LADWP,136,2050_all,0
CA_LADWP,137,2050_all,0
CA_LADWP,138,2050_all,0
CA_LADWP,139,2050_all,0
CA_LADWP,140,2050_all,0
CA_LADWP,141,2050_all,0
CA_LADWP,142,2050_all,0
CA_LADWP,143,2050_all,0
CA_LADWP,144,2050_all,0
CA_LADWP,145,2050_all,0
CA_LADWP,146,2050_all,0
CA_LADWP,147,2050_all,0
CA_LADWP,148,2050_all,0
CA_LADWP,149,2050_all,0
CA_LADWP,150,2050_all,0
CA_LADWP,151,2050_all,0
CA_LADWP,152,2050_all,0
CA_LADWP,153,2050_all,0
CA_LADWP,154,2050_all,0
CA_LADWP,155,2050_all,0
CA_LADWP,156,2050_all,0
CA_LADWP,157,2050_all,0
CA_LADWP,158,2050_all,0
CA_LADWP,159,2050_all,0
CA_LADWP,160,2050_all,0
CA_LADWP,161,2050_all,0
CA_LADWP,162,2050_all,0
CA_LADWP,163,2050_all,0
CA_LADWP,164,2050_all,0
CA_LADWP,165,2050_all,0
CA_LADWP,166,2050_all,0
CA_LADWP,167,2050_all,0
CA_LADWP,168,2050_all,0
CA_LADWP,169,2050_all,0
CA_LADWP,170,2050_all,0
CA_LADWP,171,2050_all,0
CA_LADWP,172,2050_all,0
CA_LADWP,173,2050_all,0
CA_LADWP,174,2050_all,0
CA_LADWP,175,2050_all,0
CA_LADWP,176,2050_all,0
CA_LADWP,177,2050_all,0
CA_LADWP,178,2050_all,0
CA_LADWP,179,2050_all,0
CA_LADWP,180,2050_all,0
CA_LADWP,181,2050_all,0
CA_LADWP,182,2050_all,0
CA_LADWP,183,2050_all,0
CA_LADWP,184,2050_all,0
CA_LADWP,185,2050_all,0
CA_LADWP,186,2050_all,0
CA_LADWP,187,2050_all,0
CA_LADWP,188,2050_all,0
CA_LADWP,189,2050_all,0
CA_LADWP,190,2050_all,0
CA_LADWP,191,2050_all,0
CA_LADWP,192,2050_all,0
CA_LADWP,193,2050_all,0
CA_LADWP,194,2050_all,0
CA_LADWP,195,2050_all,0
CA_LADWP,196,2050_all,0
CA_LADWP,197,2050_all,0
CA_LADWP,198,2050_all,0
CA_LADWP,199,2050_all,0
CA_LADWP,200,2050_all,0
CA_LADWP,201,2050_all,0
CA_LADWP,202,2050_all,0
CA_LADWP,203,2050_all,0
CA_LADWP,204,2050_all,0
CA_LADWP,205,2050_all,0
CA_LADWP,206,2050_all,0
CA_LADWP,207,2050_all,0
CA_LADWP,208,2050_all,0
CA_LADWP,209,2050_all,0
CA_LADWP,210,2050_all,0
CA_LADWP,211,2050_all,0
CA_LADWP,212,2050_all,0
CA_LADWP,213,2050_all,0
CA_LADWP,214,2050_all,0
CA_LADWP,215,2050_all,0
CA_LADWP,216,2050_all,0
CA_LADWP,217,2050_all,0
CA_LADWP,218,2050_all,0
CA_LADWP,219,2050_all,0
CA_LADWP,220,2050_all,0
CA_LADWP,221,2050_all,0
CA_LADWP,222,2050_all,0
CA_LADWP,223,2050_all,0
CA_LADWP,224,2050_all,0
CA_LADWP,225,2050_all,0
CA_LADWP,226,2050_all,0
CA_LADWP,227,2050_all,0
CA_LADWP,228,2050_all,0
CA_LADWP,229,2050_all,0
CA_LADWP,230,2050_all,0
CA_LADWP,231,2050_all,0
CA_LADWP,232,2050_all,0
CA_LADWP,233,2050_all,0
CA_LADWP,234,2050_all,0
CA_LADWP,235,2050_all,0
CA_LADWP,236,2050_all,0
CA_LADWP,237,2050_all,0
CA_LADWP,238,2050_all,0
CA_LADWP,239,2050_all,0
CA_LADWP,240,2050_all,0
CA_LADWP,241,2050_all,0
CA_LADWP,242,2050_all,0
CA_LADWP,243,2050_all,0
CA_LADWP,244,2050_all,0
CA_LADWP,245,2050_all,0
CA_LADWP,246,2050_all,0
CA_LADWP,247,2050_all,0
CA_LADWP,248,2050_all,0
CA_LADWP,249,2050_all,0
CA_LADWP,250,2050_all,0
CA_LADWP,251,2050_all,0
CA_LADWP,252,2050_all,0
CA_LADWP,253,2050_all,0
CA_LADWP,254,2050_all,0
CA_LADWP,255,2050_all,0
CA_LADWP,256,2050_all,0
CA_LADWP,257,2050_all,0
CA_LADWP,258,2050_all,0
CA_LADWP,259,2050_all,0
CA_LADWP,260,2050_all,0
CA_LADWP,261,2050_all,0
CA_LADWP,262,2050_all,0
CA_LADWP,263,2050_all,0
CA_LADWP,264,2050_all,0
CA_LADWP,265,2050_all,0
CA_LADWP,266,2050_all,0
CA_LADWP,267,2050_all,0
CA_LADWP,268,2050_all,0
CA_LADWP,269,2050_all,0
CA_LADWP,270,2050_all,0
CA_LADWP,271,2050_all,0
CA_LADWP,272,2050_all,0
CA_LADWP,273,2050_all,0
CA_LADWP,274,2050_all,0
CA_LADWP,275,2050_all,0
CA_LADWP,276,2050_all,0
CA_LADWP,277,2050_all,0
CA_LADWP,278,2050_all,0
CA_LADWP,279,2050_all,0
CA_LADWP,280,2050_all,0
CA_LADWP,281,2050_all,0
CA_LADWP,282,2050_all,0
CA_LADWP,283,2050_all,0
CA_LADWP,284,2050_all,0
CA_LADWP,285,2050_all,0
CA_LADWP,286,2050_all,0
CA_LADWP,287,2050_all,0
CA_LADWP,288,2050_all,0
CA_LADWP,289,2050_all,0
CA_LADWP,290,2050_all,0
CA_LADWP,291,2050_all,0
CA_LADWP,292,2050_all,0
CA_LADWP,293,2050_all,0
CA_LADWP,294,2050_all,0
CA_LADWP,295,2050_all,0
CA_LADWP,296,2050_all,0
CA_LADWP,297,2050_all,0
CA_LADWP,298,2050_all,0
CA_LADWP,299,2050_all,0
CA_LADWP,300,2050_all,0
CA_LADWP,301,2050_all,0
CA_LADWP,302,2050_all,0
CA_LADWP,303,2050_all,0
CA_LADWP,304,2050_all,0
CA_LADWP,305,2050_all,0
CA_LADWP,306,2050_all,0
CA_LADWP,307,2050_all,0
CA_LADWP,308,2050_all,0
CA_LADWP,309,2050_all,0
CA_LADWP,310,2050_all,0
CA_LADWP,311,2050_all,0
CA_LADWP,312,2050_all,0
CA_LADWP,313,2050_all,0
CA_LADWP,314,2050_all,0
CA_LADWP,315,2050_all,0
CA_LADWP,316,2050_all,0
CA_LADWP,317,2050_all,0
CA_LADWP,318,2050_all,0
CA_LADWP,319,2050_all,0
CA_LADWP,320,2050_all,0
CA_LADWP,321,2050_all,0
CA_LADWP,322,2050_all,0
CA_LADWP,323,2050_all,0
CA_LADWP,324,2050_all,0
CA_LADWP,325,2050_all,0
CA_LADWP,326,2050_all,0
CA_LADWP,327,2050_all,0
CA_LADWP,328,2050_all,0
CA_LADWP,329,2050_all,0
CA_LADWP,330,2050_all,0
CA_LADWP,331,2050_all,0
CA_LADWP,332,2050_all,0
CA_LADWP,333,2050_all,0
CA_LADWP,334,2050_all,0
CA_LADWP,335,2050_all,0
CA_LADWP,336,2050_all,0
CA_LADWP,337,2050_all,0
CA_LADWP,338,2050_all,0
CA_LADWP,339,2050_all,0
CA_LADWP,340,2050_all,0
CA_LADWP,341,2050_all,0
CA_LADWP,342,2050_all,0
CA_LADWP,343,2050_all,0
CA_LADWP,344,2050_all,0
CA_LADWP,345,2050_all,0
CA_LADWP,346,2050_all,0
CA_LADWP,347,2050_all,0
CA_LADWP,348,2050_all,0
CA_LADWP,349,2050_all,0
CA_LADWP,350,2050_all,0
CA_LADWP,351,2050_all,0
CA_LADWP,352,2050_all,0
CA_LADWP,353,2050_all,0
CA_LADWP,354,2050_all,0
CA_LADWP,355,2050_all,0
CA_LADWP,356,2050_all,0
CA_LADWP,357,2050_all,0
CA_LADWP,358,2050_all,0
CA_LADWP,359,2050_all,0
CA_LADWP,360,2050_all,0
CA_LADWP,361,2050_all,0
CA_LADWP,362,2050_all,0
CA_LADWP,363,2050_all,0
CA_LADWP,364,2050_all,0
CA_LADWP,365,2050_all,0
CA_PGE_BAY,1,2050_all,0
CA_PGE_BAY,2,2050_all,0
CA_PGE_BAY,3,2050_all,0
CA_PGE_BAY,4,2050_all,0
CA_PGE_BAY,5,2050_all,0
CA_PGE_BAY,6,2050_all,0
CA_PGE_BAY,7,2050_all,0
CA_PGE_BAY,8,2050_all,0
CA_PGE_BAY,9,2050_all,0
CA_PGE_BAY,10,2050_all,0
CA_PGE_BAY,11,2050_all,0
CA_PGE_BAY,12,2050_all,0
CA_PGE_BAY,13,2050_all,0
CA_PGE_BAY,14,2050_all,0
CA_PGE_BAY,15,2050_all,0
CA_PGE_BAY,16,2050_all,0
CA_PGE_BAY,17,2050_all,0
CA_PGE_BAY,18,2050_all,0
CA_PGE_BAY,19,2050_all,0
CA_PGE_BAY,20,2050_all,0
CA_PGE_BAY,21,2050_all,0
CA_PGE_BAY,22,2050_all,0
CA_PGE_BAY,23,2050_all,0
CA_PGE_BAY,24,2050_all,0
CA_PGE_BAY,25,2050_all,0
CA_PGE_BAY,26,2050_all,0
CA_PGE_BAY,27,2050_all,0
CA_PGE_BAY,28,2050_all,0
CA_PGE_BAY,29,2050_all,0
CA_PGE_BAY,30,2050_all,0
CA_PGE_BAY,31,2050_all,0
CA_PGE_BAY,32,2050_all,0
CA_PGE_BAY,33,2050_all,0
CA_PGE_BAY,34,2050_all,0
CA_PGE_BAY,35,2050_all,0
CA_PGE_BAY,36,2050_all,0
CA_PGE_BAY,37,2050_all,0
CA_PGE_BAY,38,2050_all,0
CA_PGE_BAY,39,2050_all,0
CA_PGE_BAY,40,2050_all,0
CA_PGE_BAY,41,2050_all,0
CA_PGE_BAY,42,2050_all,0
CA_PGE_BAY,43,2050_all,0
CA_PGE_BAY,44,2050_all,0
CA_PGE_BAY,45,2050_all,0
CA_PGE_BAY,46,2050_all,0
CA_PGE_BAY,47,2050_all,0
CA_PGE_BAY,48,2050_all,0
CA_PGE_BAY,49,2050_all,0
CA_PGE_BAY,50,2050_all,0
CA_PGE_BAY,51,2050_all,0
CA_PGE_BAY,52,2050_all,0
CA_PGE_BAY,53,2050_all,0
CA_PGE_BAY,54,2050_all,0
CA_PGE_BAY,55,2050_all,0
CA_PGE_BAY,56,2050_all,0
CA_PGE_BAY,57,2050_all,0
CA_PGE_BAY,58,2050_all,0
CA_PGE_BAY,59,2050_all,0
CA_PGE_BAY,60,2050_all,0
CA_PGE_BAY,61,2050_all,0
CA_PGE_BAY,62,2050_all,0
CA_PGE_BAY,63,2050_all,0
CA_PGE_BAY,64,2050_all,0
CA_PGE_BAY,65,2050_all,0
CA_PGE_BAY,66,2050_all,0
CA_PGE_BAY,67,2050_all,0
CA_PGE_BAY,68,2050_all,0
CA_PGE_BAY,69,2050_all,0
CA_PGE_BAY,70,2050_all,0
CA_PGE_BAY,71,2050_all,0
CA_PGE_BAY,72,2050_all,0
CA_PGE_BAY,73,2050_all,0
CA_PGE_BAY,74,2050_all,0
CA_PGE_BAY,75,2050_all,0
CA_PGE_BAY,76,2050_all,0
CA_PGE_BAY,77,2050_all,0
CA_PGE_BAY,78,2050_all,0
CA_PGE_BAY,79,2050_all,0
CA_PGE_BAY,80,2050_all,0
CA_PGE_BAY,81,2050_all,0
CA_PGE_BAY,82,2050_all,0
CA_PGE_BAY,83,2050_all,0
CA_PGE_BAY,84,2050_all,0
CA_PGE_BAY,85,2050_all,0
CA_PGE_BAY,86,2050_all,0
CA_PGE_BAY,87,2050_all,0
CA_PGE_BAY,88,2050_all,0
CA_PGE_BAY,89,2050_all,0
CA_PGE_BAY,90,2050_all,0
CA_PGE_BAY,91,2050_all,0
CA_PGE_BAY,92,2050_all,0
CA_PGE_BAY,93,2050_all,0
CA_PGE_BAY,94,2050_all,0
CA_PGE_BAY,95,2050_all,0
CA_PGE_BAY,96,2050_all,0
CA_PGE_BAY,97,2050_all,0
CA_PGE_BAY,98,2050_all,0
CA_PGE_BAY,99,2050_all,0
CA_PGE_BAY,100,2050_all,0
CA_PGE_BAY,101,2050_all,0
CA_PGE_BAY,102,2050_all,0
CA_PGE_BAY,103,2050_all,0
CA_PGE_BAY,104,2050_all,0
CA_PGE_BAY,105,2050_all,0
CA_PGE_BAY,106,2050_all,0
CA_PGE_BAY,107,2050_all,0
CA_PGE_BAY,108,2050_all,0
CA_PGE_BAY,109,2050_all,0
CA_PGE_BAY,110,2050_all,0
CA_PGE_BAY,111,2050_all,0
CA_PGE_BAY,112,2050_all,0
CA_PGE_BAY,113,2050_all,0
CA_PGE_BAY,114,2050_all,0
CA_PGE_BAY,115,2050_all,0
CA_PGE_BAY,116,2050_all,0
CA_PGE_BAY,117,2050_all,0
CA_PGE_BAY,118,2050_all,0
CA_PGE_BAY,119,2050_all,0
CA_PGE_BAY,120,2050_all,0
CA_PGE_BAY,121,2050_all,0
CA_PGE_BAY,122,2050_all,0
CA_PGE_BAY,123,2050_all,0
CA_PGE_BAY,124,2050_all,0
CA_PGE_BAY,125,2050_all,0
CA_PGE_BAY,126,2050_all,0
CA_PGE_BAY,127,2050_all,0
CA_PGE_BAY,128,2050_all,0
CA_PGE_BAY,129,2050_all,0
CA_PGE_BAY,130,2050_all,0
CA_PGE_BAY,131,2050_all,0
CA_PGE_BAY,132,2050_all,0
CA_PGE_BAY,133,2050_all,0
CA_PGE_BAY,134,2050_all,0
CA_PGE_BAY,135,2050_all,0
CA_PGE_BAY,136,2050_all,0
CA_PGE_BAY,137,2050_all,0
CA_PGE_BAY,138,2050_all,0
CA_PGE_BAY,139,2050_all,0
CA_PGE_BAY,140,2050_all,0
CA_PGE_BAY,141,2050_all,0
CA_PGE_BAY,142,2050_all,0
CA_PGE_BAY,143,2050_all,0
CA_PGE_BAY,144,2050_all,0
CA_PGE_BAY,145,2050_all,0
CA_PGE_BAY,146,2050_all,0
CA_PGE_BAY,147,2050_all,0
CA_PGE_BAY,148,2050_all,0
CA_PGE_BAY,149,2050_all,0
CA_PGE_BAY,150,2050_all,0
CA_PGE_BAY,151,2050_all,0
CA_PGE_BAY,152,2050_all,0
CA_PGE_BAY,153,2050_all,0
CA_PGE_BAY,154,2050_all,0
CA_PGE_BAY,155,2050_all,0
CA_PGE_BAY,156,2050_all,0
CA_PGE_BAY,157,2050_all,0
CA_PGE_BAY,158,2050_all,0
CA_PGE_BAY,159,2050_all,0
CA_PGE_BAY,160,2050_all,0
CA_PGE_BAY,161,2050_all,0
CA_PGE_BAY,162,2050_all,0
CA_PGE_BAY,163,2050_all,0
CA_PGE_BAY,164,2050_all,0
CA_PGE_BAY,165,2050_all,0
CA_PGE_BAY,166,2050_all,0
CA_PGE_BAY,167,2050_all,0
CA_PGE_BAY,168,2050_all,0
CA_PGE_BAY,169,2050_all,0
CA_PGE_BAY,170,2050_all,0
CA_PGE_BAY,171,2050_all,0
CA_PGE_BAY,172,2050_all,0
CA_PGE_BAY,173,2050_all,0
CA_PGE_BAY,174,2050_all,0
CA_PGE_BAY,175,2050_all,0
CA_PGE_BAY,176,2050_all,0
CA_PGE_BAY,177,2050_all,0
CA_PGE_BAY,178,2050_all,0
CA_PGE_BAY,179,2050_all,0
CA_PGE_BAY,180,2050_all,0
CA_PGE_BAY,181,2050_all,0
CA_PGE_BAY,182,2050_all,0
CA_PGE_BAY,183,2050_all,0
CA_PGE_BAY,184,2050_all,0
CA_PGE_BAY,185,2050_all,0
CA_PGE_BAY,186,2050_all,0
CA_PGE_BAY,187,2050_all,0
CA_PGE_BAY,188,2050_all,0
CA_PGE_BAY,189,2050_all,0
CA_PGE_BAY,190,2050_all,0
CA_PGE_BAY,191,2050_all,0
CA_PGE_BAY,192,2050_all,0
CA_PGE_BAY,193,2050_all,0
CA_PGE_BAY,194,2050_all,0
CA_PGE_BAY,195,2050_all,0
CA_PGE_BAY,196,2050_all,0
CA_PGE_BAY,197,2050_all,0
CA_PGE_BAY,198,2050_all,0
CA_PGE_BAY,199,2050_all,0
CA_PGE_BAY,200,2050_all,0
CA_PGE_BAY,201,2050_all,0
CA_PGE_BAY,202,2050_all,0
CA_PGE_BAY,203,2050_all,0
CA_PGE_BAY,204,2050_all,0
CA_PGE_BAY,205,2050_all,0
CA_PGE_BAY,206,2050_all,0
CA_PGE_BAY,207,2050_all,0
CA_PGE_BAY,208,2050_all,0
CA_PGE_BAY,209,2050_all,0
CA_PGE_BAY,210,2050_all,0
CA_PGE_BAY,211,2050_all,0
CA_PGE_BAY,212,2050_all,0
CA_PGE_BAY,213,2050_all,0
CA_PGE_BAY,214,2050_all,0
CA_PGE_BAY,215,2050_all,0
CA_PGE_BAY,216,2050_all,0
CA_PGE_BAY,217,2050_all,0
CA_PGE_BAY,218,2050_all,0
CA_PGE_BAY,219,2050_all,0
CA_PGE_BAY,220,2050_all,0
CA_PGE_BAY,221,2050_all,0
CA_PGE_BAY,222,2050_all,0
CA_PGE_BAY,223,2050_all,0
CA_PGE_BAY,224,2050_all,0
CA_PGE_BAY,225,2050_all,0
CA_PGE_BAY,226,2050_all,0
CA_PGE_BAY,227,2050_all,0
CA_PGE_BAY,228,2050_all,0
CA_PGE_BAY,229,2050_all,0
CA_PGE_BAY,230,2050_all,0
CA_PGE_BAY,231,2050_all,0
CA_PGE_BAY,232,2050_all,0
CA_PGE_BAY,233,2050_all,0
CA_PGE_BAY,234,2050_all,0
CA_PGE_BAY,235,2050_all,0
CA_PGE_BAY,236,2050_all,0
CA_PGE_BAY,237,2050_all,0
CA_PGE_BAY,238,2050_all,0
CA_PGE_BAY,239,2050_all,0
CA_PGE_BAY,240,2050_all,0
CA_PGE_BAY,241,2050_all,0
CA_PGE_BAY,242,2050_all,0
CA_PGE_BAY,243,2050_all,0
CA_PGE_BAY,244,2050_all,0
CA_PGE_BAY,245,2050_all,0
CA_PGE_BAY,246,2050_all,0
CA_PGE_BAY,247,2050_all,0
CA_PGE_BAY,248,2050_all,0
CA_PGE_BAY,249,2050_all,0
CA_PGE_BAY,250,2050_all,0
CA_PGE_BAY,251,2050_all,0
CA_PGE_BAY,252,2050_all,0
CA_PGE_BAY,253,2050_all,0
CA_PGE_BAY,254,2050_all,0
CA_PGE_BAY,255,2050_all,0
CA_PGE_BAY,256,2050_all,0
CA_PGE_BAY,257,2050_all,0
CA_PGE_BAY,258,2050_all,0
CA_PGE_BAY,259,2050_all,0
CA_PGE_BAY,260,2050_all,0
CA_PGE_BAY,261,2050_all,0
CA_PGE_BAY,262,2050_all,0
CA_PGE_BAY,263,2050_all,0
CA_PGE_BAY,264,2050_all,0
CA_PGE_BAY,265,2050_all,0
CA_PGE_BAY,266,2050_all,0
CA_PGE_BAY,267,2050_all,0
CA_PGE_BAY,268,2050_all,0
CA_PGE_BAY,269,2050_all,0
CA_PGE_BAY,270,2050_all,0
CA_PGE_BAY,271,2050_all,0
CA_PGE_BAY,272,2050_all,0
CA_PGE_BAY,273,2050_all,0
CA_PGE_BAY,274,2050_all,0
CA_PGE_BAY,275,2050_all,0
CA_PGE_BAY,276,2050_all,0
CA_PGE_BAY,277,2050_all,0
CA_PGE_BAY,278,2050_all,0
CA_PGE_BAY,279,2050_all,0
CA_PGE_BAY,280,2050_all,0
CA_PGE_BAY,281,2050_all,0
CA_PGE_BAY,282,2050_all,0
CA_PGE_BAY,283,2050_all,0
CA_PGE_BAY,284,2050_all,0
CA_PGE_BAY,285,2050_all,0
CA_PGE_BAY,286,2050_all,0
CA_PGE_BAY,287,2050_all,0
CA_PGE_BAY,288,2050_all,0
CA_PGE_BAY,289,2050_all,0
CA_PGE_BAY,290,2050_all,0
CA_PGE_BAY,291,2050_all,0
CA_PGE_BAY,292,2050_all,0
CA_PGE_BAY,293,2050_all,0
CA_PGE_BAY,294,2050_all,0
CA_PGE_BAY,295,2050_all,0
CA_PGE_BAY,296,2050_all,0
CA_PGE_BAY,297,2050_all,0
CA_PGE_BAY,298,2050_all,0
CA_PGE_BAY,299,2050_all,0
CA_PGE_BAY,300,2050_all,0
CA_PGE_BAY,301,2050_all,0
CA_PGE_BAY,302,2050_all,0
CA_PGE_BAY,303,2050_all,0
CA_PGE_BAY,304,2050_all,0
CA_PGE_BAY,305,2050_all,0
CA_PGE_BAY,306,2050_all,0
CA_PGE_BAY,307,2050_all,0
CA_PGE_BAY,308,2050_all,0
CA_PGE_BAY,309,2050_all,0
CA_PGE_BAY,310,2050_all,0
CA_PGE_BAY,311,2050_all,0
CA_PGE_BAY,312,2050_all,0
CA_PGE_BAY,313,2050_all,0
CA_PGE_BAY,314,2050_all,0
CA_PGE_BAY,315,2050_all,0
CA_PGE_BAY,316,2050_all,0
CA_PGE_BAY,317,2050_all,0
CA_PGE_BAY,318,2050_all,0
CA_PGE_BAY,319,2050_all,0
CA_PGE_BAY,320,2050_all,0
CA_PGE_BAY,321,2050_all,0
CA_PGE_BAY,322,2050_all,0
CA_PGE_BAY,323,2050_all,0
CA_PGE_BAY,324,2050_all,0
CA_PGE_BAY,325,2050_all,0
CA_PGE_BAY,326,2050_all,0
CA_PGE_BAY,327,2050_all,0
CA_PGE_BAY,328,2050_all,0
CA_PGE_BAY,329,2050_all,0
CA_PGE_BAY,330,2050_all,0
CA_PGE_BAY,331,2050_all,0
CA_PGE_BAY,332,2050_all,0
CA_PGE_BAY,333,2050_all,0
CA_PGE_BAY,334,2050_all,0
CA_PGE_BAY,335,2050_all,0
CA_PGE_BAY,336,2050_all,0
CA_PGE_BAY,337,2050_all,0
CA_PGE_BAY,338,2050_all,0
CA_PGE_BAY,339,2050_all,0
CA_PGE_BAY,340,2050_all,0
CA_PGE_BAY,341,2050_all,0
CA_PGE_BAY,342,2050_all,0
CA_PGE_BAY,343,2050_all,0
CA_PGE_BAY,344,2050_all,0
CA_PGE_BAY,345,2050_all,0
CA_PGE_BAY,346,2050_all,0
CA_PGE_BAY,347,2050_all,0
CA_PGE_BAY,348,2050_all,0
CA_PGE_BAY,349,2050_all,0
CA_PGE_BAY,350,2050_all,0
CA_PGE_BAY,351,2050_all,0
CA_PGE_BAY,352,2050_all,0
CA_PGE_BAY,353,2050_all,0
CA_PGE_BAY,354,2050_all,0
CA_PGE_BAY,355,2050_all,0
CA_PGE_BAY,356,2050_all,0
CA_PGE_BAY,357,2050_all,0
CA_PGE_BAY,358,2050_all,0
CA_PGE_BAY,359,2050_all,0
CA_PGE_BAY,360,2050_all,0
CA_PGE_BAY,361,2050_all,0
CA_PGE_BAY,362,2050_all,0
CA_PGE_BAY,363,2050_all,0
CA_PGE_BAY,364,2050_all,0
CA_PGE_BAY,365,2050_all,0
CA_PGE_CEN,1,2050_all,0
CA_PGE_CEN,2,2050_all,0
CA_PGE_CEN,3,2050_all,0
CA_PGE_CEN,4,2050_all,0
CA_PGE_CEN,5,2050_all,0
CA_PGE_CEN,6,2050_all,0
CA_PGE_CEN,7,2050_all,0
CA_PGE_CEN,8,2050_all,0
CA_PGE_CEN,9,2050_all,0
CA_PGE_CEN,10,2050_all,0
CA_PGE_CEN,11,2050_all,0
CA_PGE_CEN,12,2050_all,0
CA_PGE_CEN,13,2050_all,0
CA_PGE_CEN,14,2050_all,0
CA_PGE_CEN,15,2050_all,0
CA_PGE_CEN,16,2050_all,0
CA_PGE_CEN,17,2050_all,0
CA_PGE_CEN,18,2050_all,0
CA_PGE_CEN,19,2050_all,0
CA_PGE_CEN,20,2050_all,0
CA_PGE_CEN,21,2050_all,0
CA_PGE_CEN,22,2050_all,0
CA_PGE_CEN,23,2050_all,0
CA_PGE_CEN,24,2050_all,0
CA_PGE_CEN,25,2050_all,0
CA_PGE_CEN,26,2050_all,0
CA_PGE_CEN,27,2050_all,0
CA_PGE_CEN,28,2050_all,0
CA_PGE_CEN,29,2050_all,0
CA_PGE_CEN,30,2050_all,0
CA_PGE_CEN,31,2050_all,0
CA_PGE_CEN,32,2050_all,0
CA_PGE_CEN,33,2050_all,0
CA_PGE_CEN,34,2050_all,0
CA_PGE_CEN,35,2050_all,0
CA_PGE_CEN,36,2050_all,0
CA_PGE_CEN,37,2050_all,0
CA_PGE_CEN,38,2050_all,0
CA_PGE_CEN,39,2050_all,0
CA_PGE_CEN,40,2050_all,0
CA_PGE_CEN,41,2050_all,0
CA_PGE_CEN,42,2050_all,0
CA_PGE_CEN,43,2050_all,0
CA_PGE_CEN,44,2050_all,0
CA_PGE_CEN,45,2050_all,0
CA_PGE_CEN,46,2050_all,0
CA_PGE_CEN,47,2050_all,0
CA_PGE_CEN,48,2050_all,0
CA_PGE_CEN,49,2050_all,0
CA_PGE_CEN,50,2050_all,0
CA_PGE_CEN,51,2050_all,0
CA_PGE_CEN,52,2050_all,0
CA_PGE_CEN,53,2050_all,0
CA_PGE_CEN,54,2050_all,0
CA_PGE_CEN,55,2050_all,0
CA_PGE_CEN,56,2050_all,0
CA_PGE_CEN,57,2050_all,0
CA_PGE_CEN,58,2050_all,0
CA_PGE_CEN,59,2050_all,0
CA_PGE_CEN,60,2050_all,0
CA_PGE_CEN,61,2050_all,0
CA_PGE_CEN,62,2050_all,0
CA_PGE_CEN,63,2050_all,0
CA_PGE_CEN,64,2050_all,0
CA_PGE_CEN,65,2050_all,0
CA_PGE_CEN,66,2050_all,0
CA_PGE_CEN,67,2050_all,0
CA_PGE_CEN,68,2050_all,0
CA_PGE_CEN,69,2050_all,0
CA_PGE_CEN,70,2050_all,0
CA_PGE_CEN,71,2050_all,0
CA_PGE_CEN,72,2050_all,0
CA_PGE_CEN,73,2050_all,0
CA_PGE_CEN,74,2050_all,0
CA_PGE_CEN,75,2050_all,0
CA_PGE_CEN,76,2050_all,0
CA_PGE_CEN,77,2050_all,0
CA_PGE_CEN,78,2050_all,0
CA_PGE_CEN,79,2050_all,0
CA_PGE_CEN,80,2050_all,0
CA_PGE_CEN,81,2050_all,0
CA_PGE_CEN,82,2050_all,0
CA_PGE_CEN,83,2050_all,0
CA_PGE_CEN,84,2050_all,0
CA_PGE_CEN,85,2050_all,0
CA_PGE_CEN,86,2050_all,0
CA_PGE_CEN,87,2050_all,0
CA_PGE_CEN,88,2050_all,0
CA_PGE_CEN,89,2050_all,0
CA_PGE_CEN,90,2050_all,0
CA_PGE_CEN,91,2050_all,0
CA_PGE_CEN,92,2050_all,0
CA_PGE_CEN,93,2050_all,0
CA_PGE_CEN,94,2050_all,0
CA_PGE_CEN,95,2050_all,0
CA_PGE_CEN,96,2050_all,0
CA_PGE_CEN,97,2050_all,0
CA_PGE_CEN,98,2050_all,0
CA_PGE_CEN,99,2050_all,0
CA_PGE_CEN,100,2050_all,0
CA_PGE_CEN,101,2050_all,0
CA_PGE_CEN,102,2050_all,0
CA_PGE_CEN,103,2050_all,0
CA_PGE_CEN,104,2050_all,0
CA_PGE_CEN,105,2050_all,0
CA_PGE_CEN,106,2050_all,0
CA_PGE_CEN,107,2050_all,0
CA_PGE_CEN,108,2050_all,0
CA_PGE_CEN,109,2050_all,0
CA_PGE_CEN,110,2050_all,0
CA_PGE_CEN,111,2050_all,0
CA_PGE_CEN,112,2050_all,0
CA_PGE_CEN,113,2050_all,0
CA_PGE_CEN,114,2050_all,0
CA_PGE_CEN,115,2050_all,0
CA_PGE_CEN,116,2050_all,0
CA_PGE_CEN,117,2050_all,0
CA_PGE_CEN,118,2050_all,0
CA_PGE_CEN,119,2050_all,0
CA_PGE_CEN,120,2050_all,0
CA_PGE_CEN,121,2050_all,0
CA_PGE_CEN,122,2050_all,0
CA_PGE_CEN,123,2050_all,0
CA_PGE_CEN,124,2050_all,0
CA_PGE_CEN,125,2050_all,0
CA_PGE_CEN,126,2050_all,0
CA_PGE_CEN,127,2050_all,0
CA_PGE_CEN,128,2050_all,0
CA_PGE_CEN,129,2050_all,0
CA_PGE_CEN,130,2050_all,0
CA_PGE_CEN,131,2050_all,0
CA_PGE_CEN,132,2050_all,0
CA_PGE_CEN,133,2050_all,0
CA_PGE_CEN,134,2050_all,0
CA_PGE_CEN,135,2050_all,0
CA_PGE_CEN,136,2050_all,0
CA_PGE_CEN,137,2050_all,0
CA_PGE_CEN,138,2050_all,0
CA_PGE_CEN,139,2050_all,0
CA_PGE_CEN,140,2050_all,0
CA_PGE_CEN,141,2050_all,0
CA_PGE_CEN,142,2050_all,0
CA_PGE_CEN,143,2050_all,0
CA_PGE_CEN,144,2050_all,0
CA_PGE_CEN,145,2050_all,0
CA_PGE_CEN,146,2050_all,0
CA_PGE_CEN,147,2050_all,0
CA_PGE_CEN,148,2050_all,0
CA_PGE_CEN,149,2050_all,0
CA_PGE_CEN,150,2050_all,0
CA_PGE_CEN,151,2050_all,0
CA_PGE_CEN,152,2050_all,0
CA_PGE_CEN,153,2050_all,0
CA_PGE_CEN,154,2050_all,0
CA_PGE_CEN,155,2050_all,0
CA_PGE_CEN,156,2050_all,0
CA_PGE_CEN,157,2050_all,0
CA_PGE_CEN,158,2050_all,0
CA_PGE_CEN,159,2050_all,0
CA_PGE_CEN,160,2050_all,0
CA_PGE_CEN,161,2050_all,0
CA_PGE_CEN,162,2050_all,0
CA_PGE_CEN,163,2050_all,0
CA_PGE_CEN,164,2050_all,0
CA_PGE_CEN,165,2050_all,0
CA_PGE_CEN,166,2050_all,0
CA_PGE_CEN,167,2050_all,0
CA_PGE_CEN,168,2050_all,0
CA_PGE_CEN,169,2050_all,0
CA_PGE_CEN,170,2050_all,0
CA_PGE_CEN,171,2050_all,0
CA_PGE_CEN,172,2050_all,0
CA_PGE_CEN,173,2050_all,0
CA_PGE_CEN,174,2050_all,0
CA_PGE_CEN,175,2050_all,0
CA_PGE_CEN,176,2050_all,0
CA_PGE_CEN,177,2050_all,0
CA_PGE_CEN,178,2050_all,0
CA_PGE_CEN,179,2050_all,0
CA_PGE_CEN,180,2050_all,0
CA_PGE_CEN,181,2050_all,0
CA_PGE_CEN,182,2050_all,0
CA_PGE_CEN,183,2050_all,0
CA_PGE_CEN,184,2050_all,0
CA_PGE_CEN,185,2050_all,0
CA_PGE_CEN,186,2050_all,0
CA_PGE_CEN,187,2050_all,0
CA_PGE_CEN,188,2050_all,0
CA_PGE_CEN,189,2050_all,0
CA_PGE_CEN,190,2050_all,0
CA_PGE_CEN,191,2050_all,0
CA_PGE_CEN,192,2050_all,0
CA_PGE_CEN,193,2050_all,0
CA_PGE_CEN,194,2050_all,0
CA_PGE_CEN,195,2050_all,0
CA_PGE_CEN,196,2050_all,0
CA_PGE_CEN,197,2050_all,0
CA_PGE_CEN,198,2050_all,0
CA_PGE_CEN,199,2050_all,0
CA_PGE_CEN,200,2050_all,0
CA_PGE_CEN,201,2050_all,0
CA_PGE_CEN,202,2050_all,0
CA_PGE_CEN,203,2050_all,0
CA_PGE_CEN,204,2050_all,0
CA_PGE_CEN,205,2050_all,0
CA_PGE_CEN,206,2050_all,0
CA_PGE_CEN,207,2050_all,0
CA_PGE_CEN,208,2050_all,0
CA_PGE_CEN,209,2050_all,0
CA_PGE_CEN,210,2050_all,0
CA_PGE_CEN,211,2050_all,0
CA_PGE_CEN,212,2050_all,0
CA_PGE_CEN,213,2050_all,0
CA_PGE_CEN,214,2050_all,0
CA_PGE_CEN,215,2050_all,0
CA_PGE_CEN,216,2050_all,0
CA_PGE_CEN,217,2050_all,0
CA_PGE_CEN,218,2050_all,0
CA_PGE_CEN,219,2050_all,0
CA_PGE_CEN,220,2050_all,0
CA_PGE_CEN,221,2050_all,0
CA_PGE_CEN,222,2050_all,0
CA_PGE_CEN,223,2050_all,0
CA_PGE_CEN,224,2050_all,0
CA_PGE_CEN,225,2050_all,0
CA_PGE_CEN,226,2050_all,0
CA_PGE_CEN,227,2050_all,0
CA_PGE_CEN,228,2050_all,0
CA_PGE_CEN,229,2050_all,0
CA_PGE_CEN,230,2050_all,0
CA_PGE_CEN,231,2050_all,0
CA_PGE_CEN,232,2050_all,0
CA_PGE_CEN,233,2050_all,0
CA_PGE_CEN,234,2050_all,0
CA_PGE_CEN,235,2050_all,0
CA_PGE_CEN,236,2050_all,0
CA_PGE_CEN,237,2050_all,0
CA_PGE_CEN,238,2050_all,0
CA_PGE_CEN,239,2050_all,0
CA_PGE_CEN,240,2050_all,0
CA_PGE_CEN,241,2050_all,0
CA_PGE_CEN,242,2050_all,0
CA_PGE_CEN,243,2050_all,0
CA_PGE_CEN,244,2050_all,0
CA_PGE_CEN,245,2050_all,0
CA_PGE_CEN,246,2050_all,0
CA_PGE_CEN,247,2050_all,0
CA_PGE_CEN,248,2050_all,0
CA_PGE_CEN,249,2050_all,0
CA_PGE_CEN,250,2050_all,0
CA_PGE_CEN,251,2050_all,0
CA_PGE_CEN,252,2050_all,0
CA_PGE_CEN,253,2050_all,0
CA_PGE_CEN,254,2050_all,0
CA_PGE_CEN,255,2050_all,0
CA_PGE_CEN,256,2050_all,0
CA_PGE_CEN,257,2050_all,0
CA_PGE_CEN,258,2050_all,0
CA_PGE_CEN,259,2050_all,0
CA_PGE_CEN,260,2050_all,0
CA_PGE_CEN,261,2050_all,0
CA_PGE_CEN,262,2050_all,0
CA_PGE_CEN,263,2050_all,0
CA_PGE_CEN,264,2050_all,0
CA_PGE_CEN,265,2050_all,0
CA_PGE_CEN,266,2050_all,0
CA_PGE_CEN,267,2050_all,0
CA_PGE_CEN,268,2050_all,0
CA_PGE_CEN,269,2050_all,0
CA_PGE_CEN,270,2050_all,0
CA_PGE_CEN,271,2050_all,0
CA_PGE_CEN,272,2050_all,0
CA_PGE_CEN,273,2050_all,0
CA_PGE_CEN,274,2050_all,0
CA_PGE_CEN,275,2050_all,0
CA_PGE_CEN,276,2050_all,0
CA_PGE_CEN,277,2050_all,0
CA_PGE_CEN,278,2050_all,0
CA_PGE_CEN,279,2050_all,0
CA_PGE_CEN,280,2050_all,0
CA_PGE_CEN,281,2050_all,0
CA_PGE_CEN,282,2050_all,0
CA_PGE_CEN,283,2050_all,0
CA_PGE_CEN,284,2050_all,0
CA_PGE_CEN,285,2050_all,0
CA_PGE_CEN,286,2050_all,0
CA_PGE_CEN,287,2050_all,0
CA_PGE_CEN,288,2050_all,0
CA_PGE_CEN,289,2050_all,0
CA_PGE_CEN,290,2050_all,0
CA_PGE_CEN,291,2050_all,0
CA_PGE_CEN,292,2050_all,0
CA_PGE_CEN,293,2050_all,0
CA_PGE_CEN,294,2050_all,0
CA_PGE_CEN,295,2050_all,0
CA_PGE_CEN,296,2050_all,0
CA_PGE_CEN,297,2050_all,0
CA_PGE_CEN,298,2050_all,0
CA_PGE_CEN,299,2050_all,0
CA_PGE_CEN,300,2050_all,0
CA_PGE_CEN,301,2050_all,0
CA_PGE_CEN,302,2050_all,0
CA_PGE_CEN,303,2050_all,0
CA_PGE_CEN,304,2050_all,0
CA_PGE_CEN,305,2050_all,0
CA_PGE_CEN,306,2050_all,0
CA_PGE_CEN,307,2050_all,0
CA_PGE_CEN,308,2050_all,0
CA_PGE_CEN,309,2050_all,0
CA_PGE_CEN,310,2050_all,0
CA_PGE_CEN,311,2050_all,0
CA_PGE_CEN,312,2050_all,0
CA_PGE_CEN,313,2050_all,0
CA_PGE_CEN,314,2050_all,0
CA_PGE_CEN,315,2050_all,0
CA_PGE_CEN,316,2050_all,0
CA_PGE_CEN,317,2050_all,0
CA_PGE_CEN,318,2050_all,0
CA_PGE_CEN,319,2050_all,0
CA_PGE_CEN,320,2050_all,0
CA_PGE_CEN,321,2050_all,0
CA_PGE_CEN,322,2050_all,0
CA_PGE_CEN,323,2050_all,0
CA_PGE_CEN,324,2050_all,0
CA_PGE_CEN,325,2050_all,0
CA_PGE_CEN,326,2050_all,0
CA_PGE_CEN,327,2050_all,0
CA_PGE_CEN,328,2050_all,0
CA_PGE_CEN,329,2050_all,0
CA_PGE_CEN,330,2050_all,0
CA_PGE_CEN,331,2050_all,0
CA_PGE_CEN,332,2050_all,0
CA_PGE_CEN,333,2050_all,0
CA_PGE_CEN,334,2050_all,0
CA_PGE_CEN,335,2050_all,0
CA_PGE_CEN,336,2050_all,0
CA_PGE_CEN,337,2050_all,0
CA_PGE_CEN,338,2050_all,0
CA_PGE_CEN,339,2050_all,0
CA_PGE_CEN,340,2050_all,0
CA_PGE_CEN,341,2050_all,0
CA_PGE_CEN,342,2050_all,0
CA_PGE_CEN,343,2050_all,0
CA_PGE_CEN,344,2050_all,0
CA_PGE_CEN,345,2050_all,0
CA_PGE_CEN,346,2050_all,0
CA_PGE_CEN,347,2050_all,0
CA_PGE_CEN,348,2050_all,0
CA_PGE_CEN,349,2050_all,0
CA_PGE_CEN,350,2050_all,0
CA_PGE_CEN,351,2050_all,0
CA_PGE_CEN,352,2050_all,0
CA_PGE_CEN,353,2050_all,0
CA_PGE_CEN,354,2050_all,0
CA_PGE_CEN,355,2050_all,0
CA_PGE_CEN,356,2050_all,0
CA_PGE_CEN,357,2050_all,0
CA_PGE_CEN,358,2050_all,0
CA_PGE_CEN,359,2050_all,0
CA_PGE_CEN,360,2050_all,0
CA_PGE_CEN,361,2050_all,0
CA_PGE_CEN,362,2050_all,0
CA_PGE_CEN,363,2050_all,0
CA_PGE_CEN,364,2050_all,0
CA_PGE_CEN,365,2050_all,0
CA_PGE_N,1,2050_all,0
CA_PGE_N,2,2050_all,0
CA_PGE_N,3,2050_all,0
CA_PGE_N,4,2050_all,0
CA_PGE_N,5,2050_all,0
CA_PGE_N,6,2050_all,0
CA_PGE_N,7,2050_all,0
CA_PGE_N,8,2050_all,0
CA_PGE_N,9,2050_all,0
CA_PGE_N,10,2050_all,0
CA_PGE_N,11,2050_all,0
CA_PGE_N,12,2050_all,0
CA_PGE_N,13,2050_all,0
CA_PGE_N,14,2050_all,0
CA_PGE_N,15,2050_all,0
CA_PGE_N,16,2050_all,0
CA_PGE_N,17,2050_all,0
CA_PGE_N,18,2050_all,0
CA_PGE_N,19,2050_all,0
CA_PGE_N,20,2050_all,0
CA_PGE_N,21,2050_all,0
CA_PGE_N,22,2050_all,0
CA_PGE_N,23,2050_all,0
CA_PGE_N,24,2050_all,0
CA_PGE_N,25,2050_all,0
CA_PGE_N,26,2050_all,0
CA_PGE_N,27,2050_all,0
CA_PGE_N,28,2050_all,0
CA_PGE_N,29,2050_all,0
CA_PGE_N,30,2050_all,0
CA_PGE_N,31,2050_all,0
CA_PGE_N,32,2050_all,0
CA_PGE_N,33,2050_all,0
CA_PGE_N,34,2050_all,0
CA_PGE_N,35,2050_all,0
CA_PGE_N,36,2050_all,0
CA_PGE_N,37,2050_all,0
CA_PGE_N,38,2050_all,0
CA_PGE_N,39,2050_all,0
CA_PGE_N,40,2050_all,0
CA_PGE_N,41,2050_all,0
CA_PGE_N,42,2050_all,0
CA_PGE_N,43,2050_all,0
CA_PGE_N,44,2050_all,0
CA_PGE_N,45,2050_all,0
CA_PGE_N,46,2050_all,0
CA_PGE_N,47,2050_all,0
CA_PGE_N,48,2050_all,0
CA_PGE_N,49,2050_all,0
CA_PGE_N,50,2050_all,0
CA_PGE_N,51,2050_all,0
CA_PGE_N,52,2050_all,0
CA_PGE_N,53,2050_all,0
CA_PGE_N,54,2050_all,0
CA_PGE_N,55,2050_all,0
CA_PGE_N,56,2050_all,0
CA_PGE_N,57,2050_all,0
CA_PGE_N,58,2050_all,0
CA_PGE_N,59,2050_all,0
CA_PGE_N,60,2050_all,0
CA_PGE_N,61,2050_all,0
CA_PGE_N,62,2050_all,0
CA_PGE_N,63,2050_all,0
CA_PGE_N,64,2050_all,0
CA_PGE_N,65,2050_all,0
CA_PGE_N,66,2050_all,0
CA_PGE_N,67,2050_all,0
CA_PGE_N,68,2050_all,0
CA_PGE_N,69,2050_all,0
CA_PGE_N,70,2050_all,0
CA_PGE_N,71,2050_all,0
CA_PGE_N,72,2050_all,0
CA_PGE_N,73,2050_all,0
CA_PGE_N,74,2050_all,0
CA_PGE_N,75,2050_all,0
CA_PGE_N,76,2050_all,0
CA_PGE_N,77,2050_all,0
CA_PGE_N,78,2050_all,0
CA_PGE_N,79,2050_all,0
CA_PGE_N,80,2050_all,0
CA_PGE_N,81,2050_all,0
CA_PGE_N,82,2050_all,0
CA_PGE_N,83,2050_all,0
CA_PGE_N,84,2050_all,0
CA_PGE_N,85,2050_all,0
CA_PGE_N,86,2050_all,0
CA_PGE_N,87,2050_all,0
CA_PGE_N,88,2050_all,0
CA_PGE_N,89,2050_all,0
CA_PGE_N,90,2050_all,0
CA_PGE_N,91,2050_all,0
CA_PGE_N,92,2050_all,0
CA_PGE_N,93,2050_all,0
CA_PGE_N,94,2050_all,0
CA_PGE_N,95,2050_all,0
CA_PGE_N,96,2050_all,0
CA_PGE_N,97,2050_all,0
CA_PGE_N,98,2050_all,0
CA_PGE_N,99,2050_all,0
CA_PGE_N,100,2050_all,0
CA_PGE_N,101,2050_all,0
CA_PGE_N,102,2050_all,0
CA_PGE_N,103,2050_all,0
CA_PGE_N,104,2050_all,0
CA_PGE_N,105,2050_all,0
CA_PGE_N,106,2050_all,0
CA_PGE_N,107,2050_all,0
CA_PGE_N,108,2050_all,0
CA_PGE_N,109,2050_all,0
CA_PGE_N,110,2050_all,0
CA_PGE_N,111,2050_all,0
CA_PGE_N,112,2050_all,0
CA_PGE_N,113,2050_all,0
CA_PGE_N,114,2050_all,0
CA_PGE_N,115,2050_all,0
CA_PGE_N,116,2050_all,0
CA_PGE_N,117,2050_all,0
CA_PGE_N,118,2050_all,0
CA_PGE_N,119,2050_all,0
CA_PGE_N,120,2050_all,0
CA_PGE_N,121,2050_all,0
CA_PGE_N,122,2050_all,0
CA_PGE_N,123,2050_all,0
CA_PGE_N,124,2050_all,0
CA_PGE_N,125,2050_all,0
CA_PGE_N,126,2050_all,0
CA_PGE_N,127,2050_all,0
CA_PGE_N,128,2050_all,0
CA_PGE_N,129,2050_all,0
CA_PGE_N,130,2050_all,0
CA_PGE_N,131,2050_all,0
CA_PGE_N,132,2050_all,0
CA_PGE_N,133,2050_all,0
CA_PGE_N,134,2050_all,0
CA_PGE_N,135,2050_all,0
CA_PGE_N,136,2050_all,0
CA_PGE_N,137,2050_all,0
CA_PGE_N,138,2050_all,0
CA_PGE_N,139,2050_all,0
CA_PGE_N,140,2050_all,0
CA_PGE_N,141,2050_all,0
CA_PGE_N,142,2050_all,0
CA_PGE_N,143,2050_all,0
CA_PGE_N,144,2050_all,0
CA_PGE_N,145,2050_all,0
CA_PGE_N,146,2050_all,0
CA_PGE_N,147,2050_all,0
CA_PGE_N,148,2050_all,0
CA_PGE_N,149,2050_all,0
CA_PGE_N,150,2050_all,0
CA_PGE_N,151,2050_all,0
CA_PGE_N,152,2050_all,0
CA_PGE_N,153,2050_all,0
CA_PGE_N,154,2050_all,0
CA_PGE_N,155,2050_all,0
CA_PGE_N,156,2050_all,0
CA_PGE_N,157,2050_all,0
CA_PGE_N,158,2050_all,0
CA_PGE_N,159,2050_all,0
CA_PGE_N,160,2050_all,0
CA_PGE_N,161,2050_all,0
CA_PGE_N,162,2050_all,0
CA_PGE_N,163,2050_all,0
CA_PGE_N,164,2050_all,0
CA_PGE_N,165,2050_all,0
CA_PGE_N,166,2050_all,0
CA_PGE_N,167,2050_all,0
CA_PGE_N,168,2050_all,0
CA_PGE_N,169,2050_all,0
CA_PGE_N,170,2050_all,0
CA_PGE_N,171,2050_all,0
CA_PGE_N,172,2050_all,0
CA_PGE_N,173,2050_all,0
CA_PGE_N,174,2050_all,0
CA_PGE_N,175,2050_all,0
CA_PGE_N,176,2050_all,0
CA_PGE_N,177,2050_all,0
CA_PGE_N,178,2050_all,0
CA_PGE_N,179,2050_all,0
CA_PGE_N,180,2050_all,0
CA_PGE_N,181,2050_all,0
CA_PGE_N,182,2050_all,0
CA_PGE_N,183,2050_all,0
CA_PGE_N,184,2050_all,0
CA_PGE_N,185,2050_all,0
CA_PGE_N,186,2050_all,0
CA_PGE_N,187,2050_all,0
CA_PGE_N,188,2050_all,0
CA_PGE_N,189,2050_all,0
CA_PGE_N,190,2050_all,0
CA_PGE_N,191,2050_all,0
CA_PGE_N,192,2050_all,0
CA_PGE_N,193,2050_all,0
CA_PGE_N,194,2050_all,0
CA_PGE_N,195,2050_all,0
CA_PGE_N,196,2050_all,0
CA_PGE_N,197,2050_all,0
CA_PGE_N,198,2050_all,0
CA_PGE_N,199,2050_all,0
CA_PGE_N,200,2050_all,0
CA_PGE_N,201,2050_all,0
CA_PGE_N,202,2050_all,0
CA_PGE_N,203,2050_all,0
CA_PGE_N,204,2050_all,0
CA_PGE_N,205,2050_all,0
CA_PGE_N,206,2050_all,0
CA_PGE_N,207,2050_all,0
CA_PGE_N,208,2050_all,0
CA_PGE_N,209,2050_all,0
CA_PGE_N,210,2050_all,0
CA_PGE_N,211,2050_all,0
CA_PGE_N,212,2050_all,0
CA_PGE_N,213,2050_all,0
CA_PGE_N,214,2050_all,0
CA_PGE_N,215,2050_all,0
CA_PGE_N,216,2050_all,0
CA_PGE_N,217,2050_all,0
CA_PGE_N,218,2050_all,0
CA_PGE_N,219,2050_all,0
CA_PGE_N,220,2050_all,0
CA_PGE_N,221,2050_all,0
CA_PGE_N,222,2050_all,0
CA_PGE_N,223,2050_all,0
CA_PGE_N,224,2050_all,0
CA_PGE_N,225,2050_all,0
CA_PGE_N,226,2050_all,0
CA_PGE_N,227,2050_all,0
CA_PGE_N,228,2050_all,0
CA_PGE_N,229,2050_all,0
CA_PGE_N,230,2050_all,0
CA_PGE_N,231,2050_all,0
CA_PGE_N,232,2050_all,0
CA_PGE_N,233,2050_all,0
CA_PGE_N,234,2050_all,0
CA_PGE_N,235,2050_all,0
CA_PGE_N,236,2050_all,0
CA_PGE_N,237,2050_all,0
CA_PGE_N,238,2050_all,0
CA_PGE_N,239,2050_all,0
CA_PGE_N,240,2050_all,0
CA_PGE_N,241,2050_all,0
CA_PGE_N,242,2050_all,0
CA_PGE_N,243,2050_all,0
CA_PGE_N,244,2050_all,0
CA_PGE_N,245,2050_all,0
CA_PGE_N,246,2050_all,0
CA_PGE_N,247,2050_all,0
CA_PGE_N,248,2050_all,0
CA_PGE_N,249,2050_all,0
CA_PGE_N,250,2050_all,0
CA_PGE_N,251,2050_all,0
CA_PGE_N,252,2050_all,0
CA_PGE_N,253,2050_all,0
CA_PGE_N,254,2050_all,0
CA_PGE_N,255,2050_all,0
CA_PGE_N,256,2050_all,0
CA_PGE_N,257,2050_all,0
CA_PGE_N,258,2050_all,0
CA_PGE_N,259,2050_all,0
CA_PGE_N,260,2050_all,0
CA_PGE_N,261,2050_all,0
CA_PGE_N,262,2050_all,0
CA_PGE_N,263,2050_all,0
CA_PGE_N,264,2050_all,0
CA_PGE_N,265,2050_all,0
CA_PGE_N,266,2050_all,0
CA_PGE_N,267,2050_all,0
CA_PGE_N,268,2050_all,0
CA_PGE_N,269,2050_all,0
CA_PGE_N,270,2050_all,0
CA_PGE_N,271,2050_all,0
CA_PGE_N,272,2050_all,0
CA_PGE_N,273,2050_all,0
CA_PGE_N,274,2050_all,0
CA_PGE_N,275,2050_all,0
CA_PGE_N,276,2050_all,0
CA_PGE_N,277,2050_all,0
CA_PGE_N,278,2050_all,0
CA_PGE_N,279,2050_all,0
CA_PGE_N,280,2050_all,0
CA_PGE_N,281,2050_all,0
CA_PGE_N,282,2050_all,0
CA_PGE_N,283,2050_all,0
CA_PGE_N,284,2050_all,0
CA_PGE_N,285,2050_all,0
CA_PGE_N,286,2050_all,0
CA_PGE_N,287,2050_all,0
CA_PGE_N,288,2050_all,0
CA_PGE_N,289,2050_all,0
CA_PGE_N,290,2050_all,0
CA_PGE_N,291,2050_all,0
CA_PGE_N,292,2050_all,0
CA_PGE_N,293,2050_all,0
CA_PGE_N,294,2050_all,0
CA_PGE_N,295,2050_all,0
CA_PGE_N,296,2050_all,0
CA_PGE_N,297,2050_all,0
CA_PGE_N,298,2050_all,0
CA_PGE_N,299,2050_all,0
CA_PGE_N,300,2050_all,0
CA_PGE_N,301,2050_all,0
CA_PGE_N,302,2050_all,0
CA_PGE_N,303,2050_all,0
CA_PGE_N,304,2050_all,0
CA_PGE_N,305,2050_all,0
CA_PGE_N,306,2050_all,0
CA_PGE_N,307,2050_all,0
CA_PGE_N,308,2050_all,0
CA_PGE_N,309,2050_all,0
CA_PGE_N,310,2050_all,0
CA_PGE_N,311,2050_all,0
CA_PGE_N,312,2050_all,0
CA_PGE_N,313,2050_all,0
CA_PGE_N,314,2050_all,0
CA_PGE_N,315,2050_all,0
CA_PGE_N,316,2050_all,0
CA_PGE_N,317,2050_all,0
CA_PGE_N,318,2050_all,0
CA_PGE_N,319,2050_all,0
CA_PGE_N,320,2050_all,0
CA_PGE_N,321,2050_all,0
CA_PGE_N,322,2050_all,0
CA_PGE_N,323,2050_all,0
CA_PGE_N,324,2050_all,0
CA_PGE_N,325,2050_all,0
CA_PGE_N,326,2050_all,0
CA_PGE_N,327,2050_all,0
CA_PGE_N,328,2050_all,0
CA_PGE_N,329,2050_all,0
CA_PGE_N,330,2050_all,0
CA_PGE_N,331,2050_all,0
CA_PGE_N,332,2050_all,0
CA_PGE_N,333,2050_all,0
CA_PGE_N,334,2050_all,0
CA_PGE_N,335,2050_all,0
CA_PGE_N,336,2050_all,0
CA_PGE_N,337,2050_all,0
CA_PGE_N,338,2050_all,0
CA_PGE_N,339,2050_all,0
CA_PGE_N,340,2050_all,0
CA_PGE_N,341,2050_all,0
CA_PGE_N,342,2050_all,0
CA_PGE_N,343,2050_all,0
CA_PGE_N,344,2050_all,0
CA_PGE_N,345,2050_all,0
CA_PGE_N,346,2050_all,0
CA_PGE_N,347,2050_all,0
CA_PGE_N,348,2050_all,0
CA_PGE_N,349,2050_all,0
CA_PGE_N,350,2050_all,0
CA_PGE_N,351,2050_all,0
CA_PGE_N,352,2050_all,0
CA_PGE_N,353,2050_all,0
CA_PGE_N,354,2050_all,0
CA_PGE_N,355,2050_all,0
CA_PGE_N,356,2050_all,0
CA_PGE_N,357,2050_all,0
CA_PGE_N,358,2050_all,0
CA_PGE_N,359,2050_all,0
CA_PGE_N,360,2050_all,0
CA_PGE_N,361,2050_all,0
CA_PGE_N,362,2050_all,0
CA_PGE_N,363,2050_all,0
CA_PGE_N,364,2050_all,0
CA_PGE_N,365,2050_all,0
CA_PGE_S,1,2050_all,0
CA_PGE_S,2,2050_all,0
CA_PGE_S,3,2050_all,0
CA_PGE_S,4,2050_all,0
CA_PGE_S,5,2050_all,0
CA_PGE_S,6,2050_all,0
CA_PGE_S,7,2050_all,0
CA_PGE_S,8,2050_all,0
CA_PGE_S,9,2050_all,0
CA_PGE_S,10,2050_all,0
CA_PGE_S,11,2050_all,0
CA_PGE_S,12,2050_all,0
CA_PGE_S,13,2050_all,0
CA_PGE_S,14,2050_all,0
CA_PGE_S,15,2050_all,0
CA_PGE_S,16,2050_all,0
CA_PGE_S,17,2050_all,0
CA_PGE_S,18,2050_all,0
CA_PGE_S,19,2050_all,0
CA_PGE_S,20,2050_all,0
CA_PGE_S,21,2050_all,0
CA_PGE_S,22,2050_all,0
CA_PGE_S,23,2050_all,0
CA_PGE_S,24,2050_all,0
CA_PGE_S,25,2050_all,0
CA_PGE_S,26,2050_all,0
CA_PGE_S,27,2050_all,0
CA_PGE_S,28,2050_all,0
CA_PGE_S,29,2050_all,0
CA_PGE_S,30,2050_all,0
CA_PGE_S,31,2050_all,0
CA_PGE_S,32,2050_all,0
CA_PGE_S,33,2050_all,0
CA_PGE_S,34,2050_all,0
CA_PGE_S,35,2050_all,0
CA_PGE_S,36,2050_all,0
CA_PGE_S,37,2050_all,0
CA_PGE_S,38,2050_all,0
CA_PGE_S,39,2050_all,0
CA_PGE_S,40,2050_all,0
CA_PGE_S,41,2050_all,0
CA_PGE_S,42,2050_all,0
CA_PGE_S,43,2050_all,0
CA_PGE_S,44,2050_all,0
CA_PGE_S,45,2050_all,0
CA_PGE_S,46,2050_all,0
CA_PGE_S,47,2050_all,0
CA_PGE_S,48,2050_all,0
CA_PGE_S,49,2050_all,0
CA_PGE_S,50,2050_all,0
CA_PGE_S,51,2050_all,0
CA_PGE_S,52,2050_all,0
CA_PGE_S,53,2050_all,0
CA_PGE_S,54,2050_all,0
CA_PGE_S,55,2050_all,0
CA_PGE_S,56,2050_all,0
CA_PGE_S,57,2050_all,0
CA_PGE_S,58,2050_all,0
CA_PGE_S,59,2050_all,0
CA_PGE_S,60,2050_all,0
CA_PGE_S,61,2050_all,0
CA_PGE_S,62,2050_all,0
CA_PGE_S,63,2050_all,0
CA_PGE_S,64,2050_all,0
CA_PGE_S,65,2050_all,0
CA_PGE_S,66,2050_all,0
CA_PGE_S,67,2050_all,0
CA_PGE_S,68,2050_all,0
CA_PGE_S,69,2050_all,0
CA_PGE_S,70,2050_all,0
CA_PGE_S,71,2050_all,0
CA_PGE_S,72,2050_all,0
CA_PGE_S,73,2050_all,0
CA_PGE_S,74,2050_all,0
CA_PGE_S,75,2050_all,0
CA_PGE_S,76,2050_all,0
CA_PGE_S,77,2050_all,0
CA_PGE_S,78,2050_all,0
CA_PGE_S,79,2050_all,0
CA_PGE_S,80,2050_all,0
CA_PGE_S,81,2050_all,0
CA_PGE_S,82,2050_all,0
CA_PGE_S,83,2050_all,0
CA_PGE_S,84,2050_all,0
CA_PGE_S,85,2050_all,0
CA_PGE_S,86,2050_all,0
CA_PGE_S,87,2050_all,0
CA_PGE_S,88,2050_all,0
CA_PGE_S,89,2050_all,0
CA_PGE_S,90,2050_all,0
CA_PGE_S,91,2050_all,0
CA_PGE_S,92,2050_all,0
CA_PGE_S,93,2050_all,0
CA_PGE_S,94,2050_all,0
CA_PGE_S,95,2050_all,0
CA_PGE_S,96,2050_all,0
CA_PGE_S,97,2050_all,0
CA_PGE_S,98,2050_all,0
CA_PGE_S,99,2050_all,0
CA_PGE_S,100,2050_all,0
CA_PGE_S,101,2050_all,0
CA_PGE_S,102,2050_all,0
CA_PGE_S,103,2050_all,0
CA_PGE_S,104,2050_all,0
CA_PGE_S,105,2050_all,0
CA_PGE_S,106,2050_all,0
CA_PGE_S,107,2050_all,0
CA_PGE_S,108,2050_all,0
CA_PGE_S,109,2050_all,0
CA_PGE_S,110,2050_all,0
CA_PGE_S,111,2050_all,0
CA_PGE_S,112,2050_all,0
CA_PGE_S,113,2050_all,0
CA_PGE_S,114,2050_all,0
CA_PGE_S,115,2050_all,0
CA_PGE_S,116,2050_all,0
CA_PGE_S,117,2050_all,0
CA_PGE_S,118,2050_all,0
CA_PGE_S,119,2050_all,0
CA_PGE_S,120,2050_all,0
CA_PGE_S,121,2050_all,0
CA_PGE_S,122,2050_all,0
CA_PGE_S,123,2050_all,0
CA_PGE_S,124,2050_all,0
CA_PGE_S,125,2050_all,0
CA_PGE_S,126,2050_all,0
CA_PGE_S,127,2050_all,0
CA_PGE_S,128,2050_all,0
CA_PGE_S,129,2050_all,0
CA_PGE_S,130,2050_all,0
CA_PGE_S,131,2050_all,0
CA_PGE_S,132,2050_all,0
CA_PGE_S,133,2050_all,0
CA_PGE_S,134,2050_all,0
CA_PGE_S,135,2050_all,0
CA_PGE_S,136,2050_all,0
CA_PGE_S,137,2050_all,0
CA_PGE_S,138,2050_all,0
CA_PGE_S,139,2050_all,0
CA_PGE_S,140,2050_all,0
CA_PGE_S,141,2050_all,0
CA_PGE_S,142,2050_all,0
CA_PGE_S,143,2050_all,0
CA_PGE_S,144,2050_all,0
CA_PGE_S,145,2050_all,0
CA_PGE_S,146,2050_all,0
CA_PGE_S,147,2050_all,0
CA_PGE_S,148,2050_all,0
CA_PGE_S,149,2050_all,0
CA_PGE_S,150,2050_all,0
CA_PGE_S,151,2050_all,0
CA_PGE_S,152,2050_all,0
CA_PGE_S,153,2050_all,0
CA_PGE_S,154,2050_all,0
CA_PGE_S,155,2050_all,0
CA_PGE_S,156,2050_all,0
CA_PGE_S,157,2050_all,0
CA_PGE_S,158,2050_all,0
CA_PGE_S,159,2050_all,0
CA_PGE_S,160,2050_all,0
CA_PGE_S,161,2050_all,0
CA_PGE_S,162,2050_all,0
CA_PGE_S,163,2050_all,0
CA_PGE_S,164,2050_all,0
CA_PGE_S,165,2050_all,0
CA_PGE_S,166,2050_all,0
CA_PGE_S,167,2050_all,0
CA_PGE_S,168,2050_all,0
CA_PGE_S,169,2050_all,0
CA_PGE_S,170,2050_all,0
CA_PGE_S,171,2050_all,0
CA_PGE_S,172,2050_all,0
CA_PGE_S,173,2050_all,0
CA_PGE_S,174,2050_all,0
CA_PGE_S,175,2050_all,0
CA_PGE_S,176,2050_all,0
CA_PGE_S,177,2050_all,0
CA_PGE_S,178,2050_all,0
CA_PGE_S,179,2050_all,0
CA_PGE_S,180,2050_all,0
CA_PGE_S,181,2050_all,0
CA_PGE_S,182,2050_all,0
CA_PGE_S,183,2050_all,0
CA_PGE_S,184,2050_all,0
CA_PGE_S,185,2050_all,0
CA_PGE_S,186,2050_all,0
CA_PGE_S,187,2050_all,0
CA_PGE_S,188,2050_all,0
CA_PGE_S,189,2050_all,0
CA_PGE_S,190,2050_all,0
CA_PGE_S,191,2050_all,0
CA_PGE_S,192,2050_all,0
CA_PGE_S,193,2050_all,0
CA_PGE_S,194,2050_all,0
CA_PGE_S,195,2050_all,0
CA_PGE_S,196,2050_all,0
CA_PGE_S,197,2050_all,0
CA_PGE_S,198,2050_all,0
CA_PGE_S,199,2050_all,0
CA_PGE_S,200,2050_all,0
CA_PGE_S,201,2050_all,0
CA_PGE_S,202,2050_all,0
CA_PGE_S,203,2050_all,0
CA_PGE_S,204,2050_all,0
CA_PGE_S,205,2050_all,0
CA_PGE_S,206,2050_all,0
CA_PGE_S,207,2050_all,0
CA_PGE_S,208,2050_all,0
CA_PGE_S,209,2050_all,0
CA_PGE_S,210,2050_all,0
CA_PGE_S,211,2050_all,0
CA_PGE_S,212,2050_all,0
CA_PGE_S,213,2050_all,0
CA_PGE_S,214,2050_all,0
CA_PGE_S,215,2050_all,0
CA_PGE_S,216,2050_all,0
CA_PGE_S,217,2050_all,0
CA_PGE_S,218,2050_all,0
CA_PGE_S,219,2050_all,0
CA_PGE_S,220,2050_all,0
CA_PGE_S,221,2050_all,0
CA_PGE_S,222,2050_all,0
CA_PGE_S,223,2050_all,0
CA_PGE_S,224,2050_all,0
CA_PGE_S,225,2050_all,0
CA_PGE_S,226,2050_all,0
CA_PGE_S,227,2050_all,0
CA_PGE_S,228,2050_all,0
CA_PGE_S,229,2050_all,0
CA_PGE_S,230,2050_all,0
CA_PGE_S,231,2050_all,0
CA_PGE_S,232,2050_all,0
CA_PGE_S,233,2050_all,0
CA_PGE_S,234,2050_all,0
CA_PGE_S,235,2050_all,0
CA_PGE_S,236,2050_all,0
CA_PGE_S,237,2050_all,0
CA_PGE_S,238,2050_all,0
CA_PGE_S,239,2050_all,0
CA_PGE_S,240,2050_all,0
CA_PGE_S,241,2050_all,0
CA_PGE_S,242,2050_all,0
CA_PGE_S,243,2050_all,0
CA_PGE_S,244,2050_all,0
CA_PGE_S,245,2050_all,0
CA_PGE_S,246,2050_all,0
CA_PGE_S,247,2050_all,0
CA_PGE_S,248,2050_all,0
CA_PGE_S,249,2050_all,0
CA_PGE_S,250,2050_all,0
CA_PGE_S,251,2050_all,0
CA_PGE_S,252,2050_all,0
CA_PGE_S,253,2050_all,0
CA_PGE_S,254,2050_all,0
CA_PGE_S,255,2050_all,0
CA_PGE_S,256,2050_all,0
CA_PGE_S,257,2050_all,0
CA_PGE_S,258,2050_all,0
CA_PGE_S,259,2050_all,0
CA_PGE_S,260,2050_all,0
CA_PGE_S,261,2050_all,0
CA_PGE_S,262,2050_all,0
CA_PGE_S,263,2050_all,0
CA_PGE_S,264,2050_all,0
CA_PGE_S,265,2050_all,0
CA_PGE_S,266,2050_all,0
CA_PGE_S,267,2050_all,0
CA_PGE_S,268,2050_all,0
CA_PGE_S,269,2050_all,0
CA_PGE_S,270,2050_all,0
CA_PGE_S,271,2050_all,0
CA_PGE_S,272,2050_all,0
CA_PGE_S,273,2050_all,0
CA_PGE_S,274,2050_all,0
CA_PGE_S,275,2050_all,0
CA_PGE_S,276,2050_all,0
CA_PGE_S,277,2050_all,0
CA_PGE_S,278,2050_all,0
CA_PGE_S,279,2050_all,0
CA_PGE_S,280,2050_all,0
CA_PGE_S,281,2050_all,0
CA_PGE_S,282,2050_all,0
CA_PGE_S,283,2050_all,0
CA_PGE_S,284,2050_all,0
CA_PGE_S,285,2050_all,0
CA_PGE_S,286,2050_all,0
CA_PGE_S,287,2050_all,0
CA_PGE_S,288,2050_all,0
CA_PGE_S,289,2050_all,0
CA_PGE_S,290,2050_all,0
CA_PGE_S,291,2050_all,0
CA_PGE_S,292,2050_all,0
CA_PGE_S,293,2050_all,0
CA_PGE_S,294,2050_all,0
CA_PGE_S,295,2050_all,0
CA_PGE_S,296,2050_all,0
CA_PGE_S,297,2050_all,0
CA_PGE_S,298,2050_all,0
CA_PGE_S,299,2050_all,0
CA_PGE_S,300,2050_all,0
CA_PGE_S,301,2050_all,0
CA_PGE_S,302,2050_all,0
CA_PGE_S,303,2050_all,0
CA_PGE_S,304,2050_all,0
CA_PGE_S,305,2050_all,0
CA_PGE_S,306,2050_all,0
CA_PGE_S,307,2050_all,0
CA_PGE_S,308,2050_all,0
CA_PGE_S,309,2050_all,0
CA_PGE_S,310,2050_all,0
CA_PGE_S,311,2050_all,0
CA_PGE_S,312,2050_all,0
CA_PGE_S,313,2050_all,0
CA_PGE_S,314,2050_all,0
CA_PGE_S,315,2050_all,0
CA_PGE_S,316,2050_all,0
CA_PGE_S,317,2050_all,0
CA_PGE_S,318,2050_all,0
CA_PGE_S,319,2050_all,0
CA_PGE_S,320,2050_all,0
CA_PGE_S,321,2050_all,0
CA_PGE_S,322,2050_all,0
CA_PGE_S,323,2050_all,0
CA_PGE_S,324,2050_all,0
CA_PGE_S,325,2050_all,0
CA_PGE_S,326,2050_all,0
CA_PGE_S,327,2050_all,0
CA_PGE_S,328,2050_all,0
CA_PGE_S,329,2050_all,0
CA_PGE_S,330,2050_all,0
CA_PGE_S,331,2050_all,0
CA_PGE_S,332,2050_all,0
CA_PGE_S,333,2050_all,0
CA_PGE_S,334,2050_all,0
CA_PGE_S,335,2050_all,0
CA_PGE_S,336,2050_all,0
CA_PGE_S,337,2050_all,0
CA_PGE_S,338,2050_all,0
CA_PGE_S,339,2050_all,0
CA_PGE_S,340,2050_all,0
CA_PGE_S,341,2050_all,0
CA_PGE_S,342,2050_all,0
CA_PGE_S,343,2050_all,0
CA_PGE_S,344,2050_all,0
CA_PGE_S,345,2050_all,0
CA_PGE_S,346,2050_all,0
CA_PGE_S,347,2050_all,0
CA_PGE_S,348,2050_all,0
CA_PGE_S,349,2050_all,0
CA_PGE_S,350,2050_all,0
CA_PGE_S,351,2050_all,0
CA_PGE_S,352,2050_all,0
CA_PGE_S,353,2050_all,0
CA_PGE_S,354,2050_all,0
CA_PGE_S,355,2050_all,0
CA_PGE_S,356,2050_all,0
CA_PGE_S,357,2050_all,0
CA_PGE_S,358,2050_all,0
CA_PGE_S,359,2050_all,0
CA_PGE_S,360,2050_all,0
CA_PGE_S,361,2050_all,0
CA_PGE_S,362,2050_all,0
CA_PGE_S,363,2050_all,0
CA_PGE_S,364,2050_all,0
CA_PGE_S,365,2050_all,0
CA_SCE_CEN,1,2050_all,0
CA_SCE_CEN,2,2050_all,0
CA_SCE_CEN,3,2050_all,0
CA_SCE_CEN,4,2050_all,0
CA_SCE_CEN,5,2050_all,0
CA_SCE_CEN,6,2050_all,0
CA_SCE_CEN,7,2050_all,0
CA_SCE_CEN,8,2050_all,0
CA_SCE_CEN,9,2050_all,0
CA_SCE_CEN,10,2050_all,0
CA_SCE_CEN,11,2050_all,0
CA_SCE_CEN,12,2050_all,0
CA_SCE_CEN,13,2050_all,0
CA_SCE_CEN,14,2050_all,0
CA_SCE_CEN,15,2050_all,0
CA_SCE_CEN,16,2050_all,0
CA_SCE_CEN,17,2050_all,0
CA_SCE_CEN,18,2050_all,0
CA_SCE_CEN,19,2050_all,0
CA_SCE_CEN,20,2050_all,0
CA_SCE_CEN,21,2050_all,0
CA_SCE_CEN,22,2050_all,0
CA_SCE_CEN,23,2050_all,0
CA_SCE_CEN,24,2050_all,0
CA_SCE_CEN,25,2050_all,0
CA_SCE_CEN,26,2050_all,0
CA_SCE_CEN,27,2050_all,0
CA_SCE_CEN,28,2050_all,0
CA_SCE_CEN,29,2050_all,0
CA_SCE_CEN,30,2050_all,0
CA_SCE_CEN,31,2050_all,0
CA_SCE_CEN,32,2050_all,0
CA_SCE_CEN,33,2050_all,0
CA_SCE_CEN,34,2050_all,0
CA_SCE_CEN,35,2050_all,0
CA_SCE_CEN,36,2050_all,0
CA_SCE_CEN,37,2050_all,0
CA_SCE_CEN,38,2050_all,0
CA_SCE_CEN,39,2050_all,0
CA_SCE_CEN,40,2050_all,0
CA_SCE_CEN,41,2050_all,0
CA_SCE_CEN,42,2050_all,0
CA_SCE_CEN,43,2050_all,0
CA_SCE_CEN,44,2050_all,0
CA_SCE_CEN,45,2050_all,0
CA_SCE_CEN,46,2050_all,0
CA_SCE_CEN,47,2050_all,0
CA_SCE_CEN,48,2050_all,0
CA_SCE_CEN,49,2050_all,0
CA_SCE_CEN,50,2050_all,0
CA_SCE_CEN,51,2050_all,0
CA_SCE_CEN,52,2050_all,0
CA_SCE_CEN,53,2050_all,0
CA_SCE_CEN,54,2050_all,0
CA_SCE_CEN,55,2050_all,0
CA_SCE_CEN,56,2050_all,0
CA_SCE_CEN,57,2050_all,0
CA_SCE_CEN,58,2050_all,0
CA_SCE_CEN,59,2050_all,0
CA_SCE_CEN,60,2050_all,0
CA_SCE_CEN,61,2050_all,0
CA_SCE_CEN,62,2050_all,0
CA_SCE_CEN,63,2050_all,0
CA_SCE_CEN,64,2050_all,0
CA_SCE_CEN,65,2050_all,0
CA_SCE_CEN,66,2050_all,0
CA_SCE_CEN,67,2050_all,0
CA_SCE_CEN,68,2050_all,0
CA_SCE_CEN,69,2050_all,0
CA_SCE_CEN,70,2050_all,0
CA_SCE_CEN,71,2050_all,0
CA_SCE_CEN,72,2050_all,0
CA_SCE_CEN,73,2050_all,0
CA_SCE_CEN,74,2050_all,0
CA_SCE_CEN,75,2050_all,0
CA_SCE_CEN,76,2050_all,0
CA_SCE_CEN,77,2050_all,0
CA_SCE_CEN,78,2050_all,0
CA_SCE_CEN,79,2050_all,0
CA_SCE_CEN,80,2050_all,0
CA_SCE_CEN,81,2050_all,0
CA_SCE_CEN,82,2050_all,0
CA_SCE_CEN,83,2050_all,0
CA_SCE_CEN,84,2050_all,0
CA_SCE_CEN,85,2050_all,0
CA_SCE_CEN,86,2050_all,0
CA_SCE_CEN,87,2050_all,0
CA_SCE_CEN,88,2050_all,0
CA_SCE_CEN,89,2050_all,0
CA_SCE_CEN,90,2050_all,0
CA_SCE_CEN,91,2050_all,0
CA_SCE_CEN,92,2050_all,0
CA_SCE_CEN,93,2050_all,0
CA_SCE_CEN,94,2050_all,0
CA_SCE_CEN,95,2050_all,0
CA_SCE_CEN,96,2050_all,0
CA_SCE_CEN,97,2050_all,0
CA_SCE_CEN,98,2050_all,0
CA_SCE_CEN,99,2050_all,0
CA_SCE_CEN,100,2050_all,0
CA_SCE_CEN,101,2050_all,0
CA_SCE_CEN,102,2050_all,0
CA_SCE_CEN,103,2050_all,0
CA_SCE_CEN,104,2050_all,0
CA_SCE_CEN,105,2050_all,0
CA_SCE_CEN,106,2050_all,0
CA_SCE_CEN,107,2050_all,0
CA_SCE_CEN,108,2050_all,0
CA_SCE_CEN,109,2050_all,0
CA_SCE_CEN,110,2050_all,0
CA_SCE_CEN,111,2050_all,0
CA_SCE_CEN,112,2050_all,0
CA_SCE_CEN,113,2050_all,0
CA_SCE_CEN,114,2050_all,0
CA_SCE_CEN,115,2050_all,0
CA_SCE_CEN,116,2050_all,0
CA_SCE_CEN,117,2050_all,0
CA_SCE_CEN,118,2050_all,0
CA_SCE_CEN,119,2050_all,0
CA_SCE_CEN,120,2050_all,0
CA_SCE_CEN,121,2050_all,0
CA_SCE_CEN,122,2050_all,0
CA_SCE_CEN,123,2050_all,0
CA_SCE_CEN,124,2050_all,0
CA_SCE_CEN,125,2050_all,0
CA_SCE_CEN,126,2050_all,0
CA_SCE_CEN,127,2050_all,0
CA_SCE_CEN,128,2050_all,0
CA_SCE_CEN,129,2050_all,0
CA_SCE_CEN,130,2050_all,0
CA_SCE_CEN,131,2050_all,0
CA_SCE_CEN,132,2050_all,0
CA_SCE_CEN,133,2050_all,0
CA_SCE_CEN,134,2050_all,0
CA_SCE_CEN,135,2050_all,0
CA_SCE_CEN,136,2050_all,0
CA_SCE_CEN,137,2050_all,0
CA_SCE_CEN,138,2050_all,0
CA_SCE_CEN,139,2050_all,0
CA_SCE_CEN,140,2050_all,0
CA_SCE_CEN,141,2050_all,0
CA_SCE_CEN,142,2050_all,0
CA_SCE_CEN,143,2050_all,0
CA_SCE_CEN,144,2050_all,0
CA_SCE_CEN,145,2050_all,0
CA_SCE_CEN,146,2050_all,0
CA_SCE_CEN,147,2050_all,0
CA_SCE_CEN,148,2050_all,0
CA_SCE_CEN,149,2050_all,0
CA_SCE_CEN,150,2050_all,0
CA_SCE_CEN,151,2050_all,0
CA_SCE_CEN,152,2050_all,0
CA_SCE_CEN,153,2050_all,0
CA_SCE_CEN,154,2050_all,0
CA_SCE_CEN,155,2050_all,0
CA_SCE_CEN,156,2050_all,0
CA_SCE_CEN,157,2050_all,0
CA_SCE_CEN,158,2050_all,0
CA_SCE_CEN,159,2050_all,0
CA_SCE_CEN,160,2050_all,0
CA_SCE_CEN,161,2050_all,0
CA_SCE_CEN,162,2050_all,0
CA_SCE_CEN,163,2050_all,0
CA_SCE_CEN,164,2050_all,0
CA_SCE_CEN,165,2050_all,0
CA_SCE_CEN,166,2050_all,0
CA_SCE_CEN,167,2050_all,0
CA_SCE_CEN,168,2050_all,0
CA_SCE_CEN,169,2050_all,0
CA_SCE_CEN,170,2050_all,0
CA_SCE_CEN,171,2050_all,0
CA_SCE_CEN,172,2050_all,0
CA_SCE_CEN,173,2050_all,0
CA_SCE_CEN,174,2050_all,0
CA_SCE_CEN,175,2050_all,0
CA_SCE_CEN,176,2050_all,0
CA_SCE_CEN,177,2050_all,0
CA_SCE_CEN,178,2050_all,0
CA_SCE_CEN,179,2050_all,0
CA_SCE_CEN,180,2050_all,0
CA_SCE_CEN,181,2050_all,0
CA_SCE_CEN,182,2050_all,0
CA_SCE_CEN,183,2050_all,0
CA_SCE_CEN,184,2050_all,0
CA_SCE_CEN,185,2050_all,0
CA_SCE_CEN,186,2050_all,0
CA_SCE_CEN,187,2050_all,0
CA_SCE_CEN,188,2050_all,0
CA_SCE_CEN,189,2050_all,0
CA_SCE_CEN,190,2050_all,0
CA_SCE_CEN,191,2050_all,0
CA_SCE_CEN,192,2050_all,0
CA_SCE_CEN,193,2050_all,0
CA_SCE_CEN,194,2050_all,0
CA_SCE_CEN,195,2050_all,0
CA_SCE_CEN,196,2050_all,0
CA_SCE_CEN,197,2050_all,0
CA_SCE_CEN,198,2050_all,0
CA_SCE_CEN,199,2050_all,0
CA_SCE_CEN,200,2050_all,0
CA_SCE_CEN,201,2050_all,0
CA_SCE_CEN,202,2050_all,0
CA_SCE_CEN,203,2050_all,0
CA_SCE_CEN,204,2050_all,0
CA_SCE_CEN,205,2050_all,0
CA_SCE_CEN,206,2050_all,0
CA_SCE_CEN,207,2050_all,0
CA_SCE_CEN,208,2050_all,0
CA_SCE_CEN,209,2050_all,0
CA_SCE_CEN,210,2050_all,0
CA_SCE_CEN,211,2050_all,0
CA_SCE_CEN,212,2050_all,0
CA_SCE_CEN,213,2050_all,0
CA_SCE_CEN,214,2050_all,0
CA_SCE_CEN,215,2050_all,0
CA_SCE_CEN,216,2050_all,0
CA_SCE_CEN,217,2050_all,0
CA_SCE_CEN,218,2050_all,0
CA_SCE_CEN,219,2050_all,0
CA_SCE_CEN,220,2050_all,0
CA_SCE_CEN,221,2050_all,0
CA_SCE_CEN,222,2050_all,0
CA_SCE_CEN,223,2050_all,0
CA_SCE_CEN,224,2050_all,0
CA_SCE_CEN,225,2050_all,0
CA_SCE_CEN,226,2050_all,0
CA_SCE_CEN,227,2050_all,0
CA_SCE_CEN,228,2050_all,0
CA_SCE_CEN,229,2050_all,0
CA_SCE_CEN,230,2050_all,0
CA_SCE_CEN,231,2050_all,0
CA_SCE_CEN,232,2050_all,0
CA_SCE_CEN,233,2050_all,0
CA_SCE_CEN,234,2050_all,0
CA_SCE_CEN,235,2050_all,0
CA_SCE_CEN,236,2050_all,0
CA_SCE_CEN,237,2050_all,0
CA_SCE_CEN,238,2050_all,0
CA_SCE_CEN,239,2050_all,0
CA_SCE_CEN,240,2050_all,0
CA_SCE_CEN,241,2050_all,0
CA_SCE_CEN,242,2050_all,0
CA_SCE_CEN,243,2050_all,0
CA_SCE_CEN,244,2050_all,0
CA_SCE_CEN,245,2050_all,0
CA_SCE_CEN,246,2050_all,0
CA_SCE_CEN,247,2050_all,0
CA_SCE_CEN,248,2050_all,0
CA_SCE_CEN,249,2050_all,0
CA_SCE_CEN,250,2050_all,0
CA_SCE_CEN,251,2050_all,0
CA_SCE_CEN,252,2050_all,0
CA_SCE_CEN,253,2050_all,0
CA_SCE_CEN,254,2050_all,0
CA_SCE_CEN,255,2050_all,0
CA_SCE_CEN,256,2050_all,0
CA_SCE_CEN,257,2050_all,0
CA_SCE_CEN,258,2050_all,0
CA_SCE_CEN,259,2050_all,0
CA_SCE_CEN,260,2050_all,0
CA_SCE_CEN,261,2050_all,0
CA_SCE_CEN,262,2050_all,0
CA_SCE_CEN,263,2050_all,0
CA_SCE_CEN,264,2050_all,0
CA_SCE_CEN,265,2050_all,0
CA_SCE_CEN,266,2050_all,0
CA_SCE_CEN,267,2050_all,0
CA_SCE_CEN,268,2050_all,0
CA_SCE_CEN,269,2050_all,0
CA_SCE_CEN,270,2050_all,0
CA_SCE_CEN,271,2050_all,0
CA_SCE_CEN,272,2050_all,0
CA_SCE_CEN,273,2050_all,0
CA_SCE_CEN,274,2050_all,0
CA_SCE_CEN,275,2050_all,0
CA_SCE_CEN,276,2050_all,0
CA_SCE_CEN,277,2050_all,0
CA_SCE_CEN,278,2050_all,0
CA_SCE_CEN,279,2050_all,0
CA_SCE_CEN,280,2050_all,0
CA_SCE_CEN,281,2050_all,0
CA_SCE_CEN,282,2050_all,0
CA_SCE_CEN,283,2050_all,0
CA_SCE_CEN,284,2050_all,0
CA_SCE_CEN,285,2050_all,0
CA_SCE_CEN,286,2050_all,0
CA_SCE_CEN,287,2050_all,0
CA_SCE_CEN,288,2050_all,0
CA_SCE_CEN,289,2050_all,0
CA_SCE_CEN,290,2050_all,0
CA_SCE_CEN,291,2050_all,0
CA_SCE_CEN,292,2050_all,0
CA_SCE_CEN,293,2050_all,0
CA_SCE_CEN,294,2050_all,0
CA_SCE_CEN,295,2050_all,0
CA_SCE_CEN,296,2050_all,0
CA_SCE_CEN,297,2050_all,0
CA_SCE_CEN,298,2050_all,0
CA_SCE_CEN,299,2050_all,0
CA_SCE_CEN,300,2050_all,0
CA_SCE_CEN,301,2050_all,0
CA_SCE_CEN,302,2050_all,0
CA_SCE_CEN,303,2050_all,0
CA_SCE_CEN,304,2050_all,0
CA_SCE_CEN,305,2050_all,0
CA_SCE_CEN,306,2050_all,0
CA_SCE_CEN,307,2050_all,0
CA_SCE_CEN,308,2050_all,0
CA_SCE_CEN,309,2050_all,0
CA_SCE_CEN,310,2050_all,0
CA_SCE_CEN,311,2050_all,0
CA_SCE_CEN,312,2050_all,0
CA_SCE_CEN,313,2050_all,0
CA_SCE_CEN,314,2050_all,0
CA_SCE_CEN,315,2050_all,0
CA_SCE_CEN,316,2050_all,0
CA_SCE_CEN,317,2050_all,0
CA_SCE_CEN,318,2050_all,0
CA_SCE_CEN,319,2050_all,0
CA_SCE_CEN,320,2050_all,0
CA_SCE_CEN,321,2050_all,0
CA_SCE_CEN,322,2050_all,0
CA_SCE_CEN,323,2050_all,0
CA_SCE_CEN,324,2050_all,0
CA_SCE_CEN,325,2050_all,0
CA_SCE_CEN,326,2050_all,0
CA_SCE_CEN,327,2050_all,0
CA_SCE_CEN,328,2050_all,0
CA_SCE_CEN,329,2050_all,0
CA_SCE_CEN,330,2050_all,0
CA_SCE_CEN,331,2050_all,0
CA_SCE_CEN,332,2050_all,0
CA_SCE_CEN,333,2050_all,0
CA_SCE_CEN,334,2050_all,0
CA_SCE_CEN,335,2050_all,0
CA_SCE_CEN,336,2050_all,0
CA_SCE_CEN,337,2050_all,0
CA_SCE_CEN,338,2050_all,0
CA_SCE_CEN,339,2050_all,0
CA_SCE_CEN,340,2050_all,0
CA_SCE_CEN,341,2050_all,0
CA_SCE_CEN,342,2050_all,0
CA_SCE_CEN,343,2050_all,0
CA_SCE_CEN,344,2050_all,0
CA_SCE_CEN,345,2050_all,0
CA_SCE_CEN,346,2050_all,0
CA_SCE_CEN,347,2050_all,0
CA_SCE_CEN,348,2050_all,0
CA_SCE_CEN,349,2050_all,0
CA_SCE_CEN,350,2050_all,0
CA_SCE_CEN,351,2050_all,0
CA_SCE_CEN,352,2050_all,0
CA_SCE_CEN,353,2050_all,0
CA_SCE_CEN,354,2050_all,0
CA_SCE_CEN,355,2050_all,0
CA_SCE_CEN,356,2050_all,0
CA_SCE_CEN,357,2050_all,0
CA_SCE_CEN,358,2050_all,0
CA_SCE_CEN,359,2050_all,0
CA_SCE_CEN,360,2050_all,0
CA_SCE_CEN,361,2050_all,0
CA_SCE_CEN,362,2050_all,0
CA_SCE_CEN,363,2050_all,0
CA_SCE_CEN,364,2050_all,0
CA_SCE_CEN,365,2050_all,0
CA_SCE_S,1,2050_all,0
CA_SCE_S,2,2050_all,0
CA_SCE_S,3,2050_all,0
CA_SCE_S,4,2050_all,0
CA_SCE_S,5,2050_all,0
CA_SCE_S,6,2050_all,0
CA_SCE_S,7,2050_all,0
CA_SCE_S,8,2050_all,0
CA_SCE_S,9,2050_all,0
CA_SCE_S,10,2050_all,0
CA_SCE_S,11,2050_all,0
CA_SCE_S,12,2050_all,0
CA_SCE_S,13,2050_all,0
CA_SCE_S,14,2050_all,0
CA_SCE_S,15,2050_all,0
CA_SCE_S,16,2050_all,0
CA_SCE_S,17,2050_all,0
CA_SCE_S,18,2050_all,0
CA_SCE_S,19,2050_all,0
CA_SCE_S,20,2050_all,0
CA_SCE_S,21,2050_all,0
CA_SCE_S,22,2050_all,0
CA_SCE_S,23,2050_all,0
CA_SCE_S,24,2050_all,0
CA_SCE_S,25,2050_all,0
CA_SCE_S,26,2050_all,0
CA_SCE_S,27,2050_all,0
CA_SCE_S,28,2050_all,0
CA_SCE_S,29,2050_all,0
CA_SCE_S,30,2050_all,0
CA_SCE_S,31,2050_all,0
CA_SCE_S,32,2050_all,0
CA_SCE_S,33,2050_all,0
CA_SCE_S,34,2050_all,0
CA_SCE_S,35,2050_all,0
CA_SCE_S,36,2050_all,0
CA_SCE_S,37,2050_all,0
CA_SCE_S,38,2050_all,0
CA_SCE_S,39,2050_all,0
CA_SCE_S,40,2050_all,0
CA_SCE_S,41,2050_all,0
CA_SCE_S,42,2050_all,0
CA_SCE_S,43,2050_all,0
CA_SCE_S,44,2050_all,0
CA_SCE_S,45,2050_all,0
CA_SCE_S,46,2050_all,0
CA_SCE_S,47,2050_all,0
CA_SCE_S,48,2050_all,0
CA_SCE_S,49,2050_all,0
CA_SCE_S,50,2050_all,0
CA_SCE_S,51,2050_all,0
CA_SCE_S,52,2050_all,0
CA_SCE_S,53,2050_all,0
CA_SCE_S,54,2050_all,0
CA_SCE_S,55,2050_all,0
CA_SCE_S,56,2050_all,0
CA_SCE_S,57,2050_all,0
CA_SCE_S,58,2050_all,0
CA_SCE_S,59,2050_all,0
CA_SCE_S,60,2050_all,0
CA_SCE_S,61,2050_all,0
CA_SCE_S,62,2050_all,0
CA_SCE_S,63,2050_all,0
CA_SCE_S,64,2050_all,0
CA_SCE_S,65,2050_all,0
CA_SCE_S,66,2050_all,0
CA_SCE_S,67,2050_all,0
CA_SCE_S,68,2050_all,0
CA_SCE_S,69,2050_all,0
CA_SCE_S,70,2050_all,0
CA_SCE_S,71,2050_all,0
CA_SCE_S,72,2050_all,0
CA_SCE_S,73,2050_all,0
CA_SCE_S,74,2050_all,0
CA_SCE_S,75,2050_all,0
CA_SCE_S,76,2050_all,0
CA_SCE_S,77,2050_all,0
CA_SCE_S,78,2050_all,0
CA_SCE_S,79,2050_all,0
CA_SCE_S,80,2050_all,0
CA_SCE_S,81,2050_all,0
CA_SCE_S,82,2050_all,0
CA_SCE_S,83,2050_all,0
CA_SCE_S,84,2050_all,0
CA_SCE_S,85,2050_all,0
CA_SCE_S,86,2050_all,0
CA_SCE_S,87,2050_all,0
CA_SCE_S,88,2050_all,0
CA_SCE_S,89,2050_all,0
CA_SCE_S,90,2050_all,0
CA_SCE_S,91,2050_all,0
CA_SCE_S,92,2050_all,0
CA_SCE_S,93,2050_all,0
CA_SCE_S,94,2050_all,0
CA_SCE_S,95,2050_all,0
CA_SCE_S,96,2050_all,0
CA_SCE_S,97,2050_all,0
CA_SCE_S,98,2050_all,0
CA_SCE_S,99,2050_all,0
CA_SCE_S,100,2050_all,0
CA_SCE_S,101,2050_all,0
CA_SCE_S,102,2050_all,0
CA_SCE_S,103,2050_all,0
CA_SCE_S,104,2050_all,0
CA_SCE_S,105,2050_all,0
CA_SCE_S,106,2050_all,0
CA_SCE_S,107,2050_all,0
CA_SCE_S,108,2050_all,0
CA_SCE_S,109,2050_all,0
CA_SCE_S,110,2050_all,0
CA_SCE_S,111,2050_all,0
CA_SCE_S,112,2050_all,0
CA_SCE_S,113,2050_all,0
CA_SCE_S,114,2050_all,0
CA_SCE_S,115,2050_all,0
CA_SCE_S,116,2050_all,0
CA_SCE_S,117,2050_all,0
CA_SCE_S,118,2050_all,0
CA_SCE_S,119,2050_all,0
CA_SCE_S,120,2050_all,0
CA_SCE_S,121,2050_all,0
CA_SCE_S,122,2050_all,0
CA_SCE_S,123,2050_all,0
CA_SCE_S,124,2050_all,0
CA_SCE_S,125,2050_all,0
CA_SCE_S,126,2050_all,0
CA_SCE_S,127,2050_all,0
CA_SCE_S,128,2050_all,0
CA_SCE_S,129,2050_all,0
CA_SCE_S,130,2050_all,0
CA_SCE_S,131,2050_all,0
CA_SCE_S,132,2050_all,0
CA_SCE_S,133,2050_all,0
CA_SCE_S,134,2050_all,0
CA_SCE_S,135,2050_all,0
CA_SCE_S,136,2050_all,0
CA_SCE_S,137,2050_all,0
CA_SCE_S,138,2050_all,0
CA_SCE_S,139,2050_all,0
CA_SCE_S,140,2050_all,0
CA_SCE_S,141,2050_all,0
CA_SCE_S,142,2050_all,0
CA_SCE_S,143,2050_all,0
CA_SCE_S,144,2050_all,0
CA_SCE_S,145,2050_all,0
CA_SCE_S,146,2050_all,0
CA_SCE_S,147,2050_all,0
CA_SCE_S,148,2050_all,0
CA_SCE_S,149,2050_all,0
CA_SCE_S,150,2050_all,0
CA_SCE_S,151,2050_all,0
CA_SCE_S,152,2050_all,0
CA_SCE_S,153,2050_all,0
CA_SCE_S,154,2050_all,0
CA_SCE_S,155,2050_all,0
CA_SCE_S,156,2050_all,0
CA_SCE_S,157,2050_all,0
CA_SCE_S,158,2050_all,0
CA_SCE_S,159,2050_all,0
CA_SCE_S,160,2050_all,0
CA_SCE_S,161,2050_all,0
CA_SCE_S,162,2050_all,0
CA_SCE_S,163,2050_all,0
CA_SCE_S,164,2050_all,0
CA_SCE_S,165,2050_all,0
CA_SCE_S,166,2050_all,0
CA_SCE_S,167,2050_all,0
CA_SCE_S,168,2050_all,0
CA_SCE_S,169,2050_all,0
CA_SCE_S,170,2050_all,0
CA_SCE_S,171,2050_all,0
CA_SCE_S,172,2050_all,0
CA_SCE_S,173,2050_all,0
CA_SCE_S,174,2050_all,0
CA_SCE_S,175,2050_all,0
CA_SCE_S,176,2050_all,0
CA_SCE_S,177,2050_all,0
CA_SCE_S,178,2050_all,0
CA_SCE_S,179,2050_all,0
CA_SCE_S,180,2050_all,0
CA_SCE_S,181,2050_all,0
CA_SCE_S,182,2050_all,0
CA_SCE_S,183,2050_all,0
CA_SCE_S,184,2050_all,0
CA_SCE_S,185,2050_all,0
CA_SCE_S,186,2050_all,0
CA_SCE_S,187,2050_all,0
CA_SCE_S,188,2050_all,0
CA_SCE_S,189,2050_all,0
CA_SCE_S,190,2050_all,0
CA_SCE_S,191,2050_all,0
CA_SCE_S,192,2050_all,0
CA_SCE_S,193,2050_all,0
CA_SCE_S,194,2050_all,0
CA_SCE_S,195,2050_all,0
CA_SCE_S,196,2050_all,0
CA_SCE_S,197,2050_all,0
CA_SCE_S,198,2050_all,0
CA_SCE_S,199,2050_all,0
CA_SCE_S,200,2050_all,0
CA_SCE_S,201,2050_all,0
CA_SCE_S,202,2050_all,0
CA_SCE_S,203,2050_all,0
CA_SCE_S,204,2050_all,0
CA_SCE_S,205,2050_all,0
CA_SCE_S,206,2050_all,0
CA_SCE_S,207,2050_all,0
CA_SCE_S,208,2050_all,0
CA_SCE_S,209,2050_all,0
CA_SCE_S,210,2050_all,0
CA_SCE_S,211,2050_all,0
CA_SCE_S,212,2050_all,0
CA_SCE_S,213,2050_all,0
CA_SCE_S,214,2050_all,0
CA_SCE_S,215,2050_all,0
CA_SCE_S,216,2050_all,0
CA_SCE_S,217,2050_all,0
CA_SCE_S,218,2050_all,0
CA_SCE_S,219,2050_all,0
CA_SCE_S,220,2050_all,0
CA_SCE_S,221,2050_all,0
CA_SCE_S,222,2050_all,0
CA_SCE_S,223,2050_all,0
CA_SCE_S,224,2050_all,0
CA_SCE_S,225,2050_all,0
CA_SCE_S,226,2050_all,0
CA_SCE_S,227,2050_all,0
CA_SCE_S,228,2050_all,0
CA_SCE_S,229,2050_all,0
CA_SCE_S,230,2050_all,0
CA_SCE_S,231,2050_all,0
CA_SCE_S,232,2050_all,0
CA_SCE_S,233,2050_all,0
CA_SCE_S,234,2050_all,0
CA_SCE_S,235,2050_all,0
CA_SCE_S,236,2050_all,0
CA_SCE_S,237,2050_all,0
CA_SCE_S,238,2050_all,0
CA_SCE_S,239,2050_all,0
CA_SCE_S,240,2050_all,0
CA_SCE_S,241,2050_all,0
CA_SCE_S,242,2050_all,0
CA_SCE_S,243,2050_all,0
CA_SCE_S,244,2050_all,0
CA_SCE_S,245,2050_all,0
CA_SCE_S,246,2050_all,0
CA_SCE_S,247,2050_all,0
CA_SCE_S,248,2050_all,0
CA_SCE_S,249,2050_all,0
CA_SCE_S,250,2050_all,0
CA_SCE_S,251,2050_all,0
CA_SCE_S,252,2050_all,0
CA_SCE_S,253,2050_all,0
CA_SCE_S,254,2050_all,0
CA_SCE_S,255,2050_all,0
CA_SCE_S,256,2050_all,0
CA_SCE_S,257,2050_all,0
CA_SCE_S,258,2050_all,0
CA_SCE_S,259,2050_all,0
CA_SCE_S,260,2050_all,0
CA_SCE_S,261,2050_all,0
CA_SCE_S,262,2050_all,0
CA_SCE_S,263,2050_all,0
CA_SCE_S,264,2050_all,0
CA_SCE_S,265,2050_all,0
CA_SCE_S,266,2050_all,0
CA_SCE_S,267,2050_all,0
CA_SCE_S,268,2050_all,0
CA_SCE_S,269,2050_all,0
CA_SCE_S,270,2050_all,0
CA_SCE_S,271,2050_all,0
CA_SCE_S,272,2050_all,0
CA_SCE_S,273,2050_all,0
CA_SCE_S,274,2050_all,0
CA_SCE_S,275,2050_all,0
CA_SCE_S,276,2050_all,0
CA_SCE_S,277,2050_all,0
CA_SCE_S,278,2050_all,0
CA_SCE_S,279,2050_all,0
CA_SCE_S,280,2050_all,0
CA_SCE_S,281,2050_all,0
CA_SCE_S,282,2050_all,0
CA_SCE_S,283,2050_all,0
CA_SCE_S,284,2050_all,0
CA_SCE_S,285,2050_all,0
CA_SCE_S,286,2050_all,0
CA_SCE_S,287,2050_all,0
CA_SCE_S,288,2050_all,0
CA_SCE_S,289,2050_all,0
CA_SCE_S,290,2050_all,0
CA_SCE_S,291,2050_all,0
CA_SCE_S,292,2050_all,0
CA_SCE_S,293,2050_all,0
CA_SCE_S,294,2050_all,0
CA_SCE_S,295,2050_all,0
CA_SCE_S,296,2050_all,0
CA_SCE_S,297,2050_all,0
CA_SCE_S,298,2050_all,0
CA_SCE_S,299,2050_all,0
CA_SCE_S,300,2050_all,0
CA_SCE_S,301,2050_all,0
CA_SCE_S,302,2050_all,0
CA_SCE_S,303,2050_all,0
CA_SCE_S,304,2050_all,0
CA_SCE_S,305,2050_all,0
CA_SCE_S,306,2050_all,0
CA_SCE_S,307,2050_all,0
CA_SCE_S,308,2050_all,0
CA_SCE_S,309,2050_all,0
CA_SCE_S,310,2050_all,0
CA_SCE_S,311,2050_all,0
CA_SCE_S,312,2050_all,0
CA_SCE_S,313,2050_all,0
CA_SCE_S,314,2050_all,0
CA_SCE_S,315,2050_all,0
CA_SCE_S,316,2050_all,0
CA_SCE_S,317,2050_all,0
CA_SCE_S,318,2050_all,0
CA_SCE_S,319,2050_all,0
CA_SCE_S,320,2050_all,0
CA_SCE_S,321,2050_all,0
CA_SCE_S,322,2050_all,0
CA_SCE_S,323,2050_all,0
CA_SCE_S,324,2050_all,0
CA_SCE_S,325,2050_all,0
CA_SCE_S,326,2050_all,0
CA_SCE_S,327,2050_all,0
CA_SCE_S,328,2050_all,0
CA_SCE_S,329,2050_all,0
CA_SCE_S,330,2050_all,0
CA_SCE_S,331,2050_all,0
CA_SCE_S,332,2050_all,0
CA_SCE_S,333,2050_all,0
CA_SCE_S,334,2050_all,0
CA_SCE_S,335,2050_all,0
CA_SCE_S,336,2050_all,0
CA_SCE_S,337,2050_all,0
CA_SCE_S,338,2050_all,0
CA_SCE_S,339,2050_all,0
CA_SCE_S,340,2050_all,0
CA_SCE_S,341,2050_all,0
CA_SCE_S,342,2050_all,0
CA_SCE_S,343,2050_all,0
CA_SCE_S,344,2050_all,0
CA_SCE_S,345,2050_all,0
CA_SCE_S,346,2050_all,0
CA_SCE_S,347,2050_all,0
CA_SCE_S,348,2050_all,0
CA_SCE_S,349,2050_all,0
CA_SCE_S,350,2050_all,0
CA_SCE_S,351,2050_all,0
CA_SCE_S,352,2050_all,0
CA_SCE_S,353,2050_all,0
CA_SCE_S,354,2050_all,0
CA_SCE_S,355,2050_all,0
CA_SCE_S,356,2050_all,0
CA_SCE_S,357,2050_all,0
CA_SCE_S,358,2050_all,0
CA_SCE_S,359,2050_all,0
CA_SCE_S,360,2050_all,0
CA_SCE_S,361,2050_all,0
CA_SCE_S,362,2050_all,0
CA_SCE_S,363,2050_all,0
CA_SCE_S,364,2050_all,0
CA_SCE_S,365,2050_all,0
CA_SCE_SE,1,2050_all,0
CA_SCE_SE,2,2050_all,0
CA_SCE_SE,3,2050_all,0
CA_SCE_SE,4,2050_all,0
CA_SCE_SE,5,2050_all,0
CA_SCE_SE,6,2050_all,0
CA_SCE_SE,7,2050_all,0
CA_SCE_SE,8,2050_all,0
CA_SCE_SE,9,2050_all,0
CA_SCE_SE,10,2050_all,0
CA_SCE_SE,11,2050_all,0
CA_SCE_SE,12,2050_all,0
CA_SCE_SE,13,2050_all,0
CA_SCE_SE,14,2050_all,0
CA_SCE_SE,15,2050_all,0
CA_SCE_SE,16,2050_all,0
CA_SCE_SE,17,2050_all,0
CA_SCE_SE,18,2050_all,0
CA_SCE_SE,19,2050_all,0
CA_SCE_SE,20,2050_all,0
CA_SCE_SE,21,2050_all,0
CA_SCE_SE,22,2050_all,0
CA_SCE_SE,23,2050_all,0
CA_SCE_SE,24,2050_all,0
CA_SCE_SE,25,2050_all,0
CA_SCE_SE,26,2050_all,0
CA_SCE_SE,27,2050_all,0
CA_SCE_SE,28,2050_all,0
CA_SCE_SE,29,2050_all,0
CA_SCE_SE,30,2050_all,0
CA_SCE_SE,31,2050_all,0
CA_SCE_SE,32,2050_all,0
CA_SCE_SE,33,2050_all,0
CA_SCE_SE,34,2050_all,0
CA_SCE_SE,35,2050_all,0
CA_SCE_SE,36,2050_all,0
CA_SCE_SE,37,2050_all,0
CA_SCE_SE,38,2050_all,0
CA_SCE_SE,39,2050_all,0
CA_SCE_SE,40,2050_all,0
CA_SCE_SE,41,2050_all,0
CA_SCE_SE,42,2050_all,0
CA_SCE_SE,43,2050_all,0
CA_SCE_SE,44,2050_all,0
CA_SCE_SE,45,2050_all,0
CA_SCE_SE,46,2050_all,0
CA_SCE_SE,47,2050_all,0
CA_SCE_SE,48,2050_all,0
CA_SCE_SE,49,2050_all,0
CA_SCE_SE,50,2050_all,0
CA_SCE_SE,51,2050_all,0
CA_SCE_SE,52,2050_all,0
CA_SCE_SE,53,2050_all,0
CA_SCE_SE,54,2050_all,0
CA_SCE_SE,55,2050_all,0
CA_SCE_SE,56,2050_all,0
CA_SCE_SE,57,2050_all,0
CA_SCE_SE,58,2050_all,0
CA_SCE_SE,59,2050_all,0
CA_SCE_SE,60,2050_all,0
CA_SCE_SE,61,2050_all,0
CA_SCE_SE,62,2050_all,0
CA_SCE_SE,63,2050_all,0
CA_SCE_SE,64,2050_all,0
CA_SCE_SE,65,2050_all,0
CA_SCE_SE,66,2050_all,0
CA_SCE_SE,67,2050_all,0
CA_SCE_SE,68,2050_all,0
CA_SCE_SE,69,2050_all,0
CA_SCE_SE,70,2050_all,0
CA_SCE_SE,71,2050_all,0
CA_SCE_SE,72,2050_all,0
CA_SCE_SE,73,2050_all,0
CA_SCE_SE,74,2050_all,0
CA_SCE_SE,75,2050_all,0
CA_SCE_SE,76,2050_all,0
CA_SCE_SE,77,2050_all,0
CA_SCE_SE,78,2050_all,0
CA_SCE_SE,79,2050_all,0
CA_SCE_SE,80,2050_all,0
CA_SCE_SE,81,2050_all,0
CA_SCE_SE,82,2050_all,0
CA_SCE_SE,83,2050_all,0
CA_SCE_SE,84,2050_all,0
CA_SCE_SE,85,2050_all,0
CA_SCE_SE,86,2050_all,0
CA_SCE_SE,87,2050_all,0
CA_SCE_SE,88,2050_all,0
CA_SCE_SE,89,2050_all,0
CA_SCE_SE,90,2050_all,0
CA_SCE_SE,91,2050_all,0
CA_SCE_SE,92,2050_all,0
CA_SCE_SE,93,2050_all,0
CA_SCE_SE,94,2050_all,0
CA_SCE_SE,95,2050_all,0
CA_SCE_SE,96,2050_all,0
CA_SCE_SE,97,2050_all,0
CA_SCE_SE,98,2050_all,0
CA_SCE_SE,99,2050_all,0
CA_SCE_SE,100,2050_all,0
CA_SCE_SE,101,2050_all,0
CA_SCE_SE,102,2050_all,0
CA_SCE_SE,103,2050_all,0
CA_SCE_SE,104,2050_all,0
CA_SCE_SE,105,2050_all,0
CA_SCE_SE,106,2050_all,0
CA_SCE_SE,107,2050_all,0
CA_SCE_SE,108,2050_all,0
CA_SCE_SE,109,2050_all,0
CA_SCE_SE,110,2050_all,0
CA_SCE_SE,111,2050_all,0
CA_SCE_SE,112,2050_all,0
CA_SCE_SE,113,2050_all,0
CA_SCE_SE,114,2050_all,0
CA_SCE_SE,115,2050_all,0
CA_SCE_SE,116,2050_all,0
CA_SCE_SE,117,2050_all,0
CA_SCE_SE,118,2050_all,0
CA_SCE_SE,119,2050_all,0
CA_SCE_SE,120,2050_all,0
CA_SCE_SE,121,2050_all,0
CA_SCE_SE,122,2050_all,0
CA_SCE_SE,123,2050_all,0
CA_SCE_SE,124,2050_all,0
CA_SCE_SE,125,2050_all,0
CA_SCE_SE,126,2050_all,0
CA_SCE_SE,127,2050_all,0
CA_SCE_SE,128,2050_all,0
CA_SCE_SE,129,2050_all,0
CA_SCE_SE,130,2050_all,0
CA_SCE_SE,131,2050_all,0
CA_SCE_SE,132,2050_all,0
CA_SCE_SE,133,2050_all,0
CA_SCE_SE,134,2050_all,0
CA_SCE_SE,135,2050_all,0
CA_SCE_SE,136,2050_all,0
CA_SCE_SE,137,2050_all,0
CA_SCE_SE,138,2050_all,0
CA_SCE_SE,139,2050_all,0
CA_SCE_SE,140,2050_all,0
CA_SCE_SE,141,2050_all,0
CA_SCE_SE,142,2050_all,0
CA_SCE_SE,143,2050_all,0
CA_SCE_SE,144,2050_all,0
CA_SCE_SE,145,2050_all,0
CA_SCE_SE,146,2050_all,0
CA_SCE_SE,147,2050_all,0
CA_SCE_SE,148,2050_all,0
CA_SCE_SE,149,2050_all,0
CA_SCE_SE,150,2050_all,0
CA_SCE_SE,151,2050_all,0
CA_SCE_SE,152,2050_all,0
CA_SCE_SE,153,2050_all,0
CA_SCE_SE,154,2050_all,0
CA_SCE_SE,155,2050_all,0
CA_SCE_SE,156,2050_all,0
CA_SCE_SE,157,2050_all,0
CA_SCE_SE,158,2050_all,0
CA_SCE_SE,159,2050_all,0
CA_SCE_SE,160,2050_all,0
CA_SCE_SE,161,2050_all,0
CA_SCE_SE,162,2050_all,0
CA_SCE_SE,163,2050_all,0
CA_SCE_SE,164,2050_all,0
CA_SCE_SE,165,2050_all,0
CA_SCE_SE,166,2050_all,0
CA_SCE_SE,167,2050_all,0
CA_SCE_SE,168,2050_all,0
CA_SCE_SE,169,2050_all,0
CA_SCE_SE,170,2050_all,0
CA_SCE_SE,171,2050_all,0
CA_SCE_SE,172,2050_all,0
CA_SCE_SE,173,2050_all,0
CA_SCE_SE,174,2050_all,0
CA_SCE_SE,175,2050_all,0
CA_SCE_SE,176,2050_all,0
CA_SCE_SE,177,2050_all,0
CA_SCE_SE,178,2050_all,0
CA_SCE_SE,179,2050_all,0
CA_SCE_SE,180,2050_all,0
CA_SCE_SE,181,2050_all,0
CA_SCE_SE,182,2050_all,0
CA_SCE_SE,183,2050_all,0
CA_SCE_SE,184,2050_all,0
CA_SCE_SE,185,2050_all,0
CA_SCE_SE,186,2050_all,0
CA_SCE_SE,187,2050_all,0
CA_SCE_SE,188,2050_all,0
CA_SCE_SE,189,2050_all,0
CA_SCE_SE,190,2050_all,0
CA_SCE_SE,191,2050_all,0
CA_SCE_SE,192,2050_all,0
CA_SCE_SE,193,2050_all,0
CA_SCE_SE,194,2050_all,0
CA_SCE_SE,195,2050_all,0
CA_SCE_SE,196,2050_all,0
CA_SCE_SE,197,2050_all,0
CA_SCE_SE,198,2050_all,0
CA_SCE_SE,199,2050_all,0
CA_SCE_SE,200,2050_all,0
CA_SCE_SE,201,2050_all,0
CA_SCE_SE,202,2050_all,0
CA_SCE_SE,203,2050_all,0
CA_SCE_SE,204,2050_all,0
CA_SCE_SE,205,2050_all,0
CA_SCE_SE,206,2050_all,0
CA_SCE_SE,207,2050_all,0
CA_SCE_SE,208,2050_all,0
CA_SCE_SE,209,2050_all,0
CA_SCE_SE,210,2050_all,0
CA_SCE_SE,211,2050_all,0
CA_SCE_SE,212,2050_all,0
CA_SCE_SE,213,2050_all,0
CA_SCE_SE,214,2050_all,0
CA_SCE_SE,215,2050_all,0
CA_SCE_SE,216,2050_all,0
CA_SCE_SE,217,2050_all,0
CA_SCE_SE,218,2050_all,0
CA_SCE_SE,219,2050_all,0
CA_SCE_SE,220,2050_all,0
CA_SCE_SE,221,2050_all,0
CA_SCE_SE,222,2050_all,0
CA_SCE_SE,223,2050_all,0
CA_SCE_SE,224,2050_all,0
CA_SCE_SE,225,2050_all,0
CA_SCE_SE,226,2050_all,0
CA_SCE_SE,227,2050_all,0
CA_SCE_SE,228,2050_all,0
CA_SCE_SE,229,2050_all,0
CA_SCE_SE,230,2050_all,0
CA_SCE_SE,231,2050_all,0
CA_SCE_SE,232,2050_all,0
CA_SCE_SE,233,2050_all,0
CA_SCE_SE,234,2050_all,0
CA_SCE_SE,235,2050_all,0
CA_SCE_SE,236,2050_all,0
CA_SCE_SE,237,2050_all,0
CA_SCE_SE,238,2050_all,0
CA_SCE_SE,239,2050_all,0
CA_SCE_SE,240,2050_all,0
CA_SCE_SE,241,2050_all,0
CA_SCE_SE,242,2050_all,0
CA_SCE_SE,243,2050_all,0
CA_SCE_SE,244,2050_all,0
CA_SCE_SE,245,2050_all,0
CA_SCE_SE,246,2050_all,0
CA_SCE_SE,247,2050_all,0
CA_SCE_SE,248,2050_all,0
CA_SCE_SE,249,2050_all,0
CA_SCE_SE,250,2050_all,0
CA_SCE_SE,251,2050_all,0
CA_SCE_SE,252,2050_all,0
CA_SCE_SE,253,2050_all,0
CA_SCE_SE,254,2050_all,0
CA_SCE_SE,255,2050_all,0
CA_SCE_SE,256,2050_all,0
CA_SCE_SE,257,2050_all,0
CA_SCE_SE,258,2050_all,0
CA_SCE_SE,259,2050_all,0
CA_SCE_SE,260,2050_all,0
CA_SCE_SE,261,2050_all,0
CA_SCE_SE,262,2050_all,0
CA_SCE_SE,263,2050_all,0
CA_SCE_SE,264,2050_all,0
CA_SCE_SE,265,2050_all,0
CA_SCE_SE,266,2050_all,0
CA_SCE_SE,267,2050_all,0
CA_SCE_SE,268,2050_all,0
CA_SCE_SE,269,2050_all,0
CA_SCE_SE,270,2050_all,0
CA_SCE_SE,271,2050_all,0
CA_SCE_SE,272,2050_all,0
CA_SCE_SE,273,2050_all,0
CA_SCE_SE,274,2050_all,0
CA_SCE_SE,275,2050_all,0
CA_SCE_SE,276,2050_all,0
CA_SCE_SE,277,2050_all,0
CA_SCE_SE,278,2050_all,0
CA_SCE_SE,279,2050_all,0
CA_SCE_SE,280,2050_all,0
CA_SCE_SE,281,2050_all,0
CA_SCE_SE,282,2050_all,0
CA_SCE_SE,283,2050_all,0
CA_SCE_SE,284,2050_all,0
CA_SCE_SE,285,2050_all,0
CA_SCE_SE,286,2050_all,0
CA_SCE_SE,287,2050_all,0
CA_SCE_SE,288,2050_all,0
CA_SCE_SE,289,2050_all,0
CA_SCE_SE,290,2050_all,0
CA_SCE_SE,291,2050_all,0
CA_SCE_SE,292,2050_all,0
CA_SCE_SE,293,2050_all,0
CA_SCE_SE,294,2050_all,0
CA_SCE_SE,295,2050_all,0
CA_SCE_SE,296,2050_all,0
CA_SCE_SE,297,2050_all,0
CA_SCE_SE,298,2050_all,0
CA_SCE_SE,299,2050_all,0
CA_SCE_SE,300,2050_all,0
CA_SCE_SE,301,2050_all,0
CA_SCE_SE,302,2050_all,0
CA_SCE_SE,303,2050_all,0
CA_SCE_SE,304,2050_all,0
CA_SCE_SE,305,2050_all,0
CA_SCE_SE,306,2050_all,0
CA_SCE_SE,307,2050_all,0
CA_SCE_SE,308,2050_all,0
CA_SCE_SE,309,2050_all,0
CA_SCE_SE,310,2050_all,0
CA_SCE_SE,311,2050_all,0
CA_SCE_SE,312,2050_all,0
CA_SCE_SE,313,2050_all,0
CA_SCE_SE,314,2050_all,0
CA_SCE_SE,315,2050_all,0
CA_SCE_SE,316,2050_all,0
CA_SCE_SE,317,2050_all,0
CA_SCE_SE,318,2050_all,0
CA_SCE_SE,319,2050_all,0
CA_SCE_SE,320,2050_all,0
CA_SCE_SE,321,2050_all,0
CA_SCE_SE,322,2050_all,0
CA_SCE_SE,323,2050_all,0
CA_SCE_SE,324,2050_all,0
CA_SCE_SE,325,2050_all,0
CA_SCE_SE,326,2050_all,0
CA_SCE_SE,327,2050_all,0
CA_SCE_SE,328,2050_all,0
CA_SCE_SE,329,2050_all,0
CA_SCE_SE,330,2050_all,0
CA_SCE_SE,331,2050_all,0
CA_SCE_SE,332,2050_all,0
CA_SCE_SE,333,2050_all,0
CA_SCE_SE,334,2050_all,0
CA_SCE_SE,335,2050_all,0
CA_SCE_SE,336,2050_all,0
CA_SCE_SE,337,2050_all,0
CA_SCE_SE,338,2050_all,0
CA_SCE_SE,339,2050_all,0
CA_SCE_SE,340,2050_all,0
CA_SCE_SE,341,2050_all,0
CA_SCE_SE,342,2050_all,0
CA_SCE_SE,343,2050_all,0
CA_SCE_SE,344,2050_all,0
CA_SCE_SE,345,2050_all,0
CA_SCE_SE,346,2050_all,0
CA_SCE_SE,347,2050_all,0
CA_SCE_SE,348,2050_all,0
CA_SCE_SE,349,2050_all,0
CA_SCE_SE,350,2050_all,0
CA_SCE_SE,351,2050_all,0
CA_SCE_SE,352,2050_all,0
CA_SCE_SE,353,2050_all,0
CA_SCE_SE,354,2050_all,0
CA_SCE_SE,355,2050_all,0
CA_SCE_SE,356,2050_all,0
CA_SCE_SE,357,2050_all,0
CA_SCE_SE,358,2050_all,0
CA_SCE_SE,359,2050_all,0
CA_SCE_SE,360,2050_all,0
CA_SCE_SE,361,2050_all,0
CA_SCE_SE,362,2050_all,0
CA_SCE_SE,363,2050_all,0
CA_SCE_SE,364,2050_all,0
CA_SCE_SE,365,2050_all,0
CA_SCE_VLY,1,2050_all,0
CA_SCE_VLY,2,2050_all,0
CA_SCE_VLY,3,2050_all,0
CA_SCE_VLY,4,2050_all,0
CA_SCE_VLY,5,2050_all,0
CA_SCE_VLY,6,2050_all,0
CA_SCE_VLY,7,2050_all,0
CA_SCE_VLY,8,2050_all,0
CA_SCE_VLY,9,2050_all,0
CA_SCE_VLY,10,2050_all,0
CA_SCE_VLY,11,2050_all,0
CA_SCE_VLY,12,2050_all,0
CA_SCE_VLY,13,2050_all,0
CA_SCE_VLY,14,2050_all,0
CA_SCE_VLY,15,2050_all,0
CA_SCE_VLY,16,2050_all,0
CA_SCE_VLY,17,2050_all,0
CA_SCE_VLY,18,2050_all,0
CA_SCE_VLY,19,2050_all,0
CA_SCE_VLY,20,2050_all,0
CA_SCE_VLY,21,2050_all,0
CA_SCE_VLY,22,2050_all,0
CA_SCE_VLY,23,2050_all,0
CA_SCE_VLY,24,2050_all,0
CA_SCE_VLY,25,2050_all,0
CA_SCE_VLY,26,2050_all,0
CA_SCE_VLY,27,2050_all,0
CA_SCE_VLY,28,2050_all,0
CA_SCE_VLY,29,2050_all,0
CA_SCE_VLY,30,2050_all,0
CA_SCE_VLY,31,2050_all,0
CA_SCE_VLY,32,2050_all,0
CA_SCE_VLY,33,2050_all,0
CA_SCE_VLY,34,2050_all,0
CA_SCE_VLY,35,2050_all,0
CA_SCE_VLY,36,2050_all,0
CA_SCE_VLY,37,2050_all,0
CA_SCE_VLY,38,2050_all,0
CA_SCE_VLY,39,2050_all,0
CA_SCE_VLY,40,2050_all,0
CA_SCE_VLY,41,2050_all,0
CA_SCE_VLY,42,2050_all,0
CA_SCE_VLY,43,2050_all,0
CA_SCE_VLY,44,2050_all,0
CA_SCE_VLY,45,2050_all,0
CA_SCE_VLY,46,2050_all,0
CA_SCE_VLY,47,2050_all,0
CA_SCE_VLY,48,2050_all,0
CA_SCE_VLY,49,2050_all,0
CA_SCE_VLY,50,2050_all,0
CA_SCE_VLY,51,2050_all,0
CA_SCE_VLY,52,2050_all,0
CA_SCE_VLY,53,2050_all,0
CA_SCE_VLY,54,2050_all,0
CA_SCE_VLY,55,2050_all,0
CA_SCE_VLY,56,2050_all,0
CA_SCE_VLY,57,2050_all,0
CA_SCE_VLY,58,2050_all,0
CA_SCE_VLY,59,2050_all,0
CA_SCE_VLY,60,2050_all,0
CA_SCE_VLY,61,2050_all,0
CA_SCE_VLY,62,2050_all,0
CA_SCE_VLY,63,2050_all,0
CA_SCE_VLY,64,2050_all,0
CA_SCE_VLY,65,2050_all,0
CA_SCE_VLY,66,2050_all,0
CA_SCE_VLY,67,2050_all,0
CA_SCE_VLY,68,2050_all,0
CA_SCE_VLY,69,2050_all,0
CA_SCE_VLY,70,2050_all,0
CA_SCE_VLY,71,2050_all,0
CA_SCE_VLY,72,2050_all,0
CA_SCE_VLY,73,2050_all,0
CA_SCE_VLY,74,2050_all,0
CA_SCE_VLY,75,2050_all,0
CA_SCE_VLY,76,2050_all,0
CA_SCE_VLY,77,2050_all,0
CA_SCE_VLY,78,2050_all,0
CA_SCE_VLY,79,2050_all,0
CA_SCE_VLY,80,2050_all,0
CA_SCE_VLY,81,2050_all,0
CA_SCE_VLY,82,2050_all,0
CA_SCE_VLY,83,2050_all,0
CA_SCE_VLY,84,2050_all,0
CA_SCE_VLY,85,2050_all,0
CA_SCE_VLY,86,2050_all,0
CA_SCE_VLY,87,2050_all,0
CA_SCE_VLY,88,2050_all,0
CA_SCE_VLY,89,2050_all,0
CA_SCE_VLY,90,2050_all,0
CA_SCE_VLY,91,2050_all,0
CA_SCE_VLY,92,2050_all,0
CA_SCE_VLY,93,2050_all,0
CA_SCE_VLY,94,2050_all,0
CA_SCE_VLY,95,2050_all,0
CA_SCE_VLY,96,2050_all,0
CA_SCE_VLY,97,2050_all,0
CA_SCE_VLY,98,2050_all,0
CA_SCE_VLY,99,2050_all,0
CA_SCE_VLY,100,2050_all,0
CA_SCE_VLY,101,2050_all,0
CA_SCE_VLY,102,2050_all,0
CA_SCE_VLY,103,2050_all,0
CA_SCE_VLY,104,2050_all,0
CA_SCE_VLY,105,2050_all,0
CA_SCE_VLY,106,2050_all,0
CA_SCE_VLY,107,2050_all,0
CA_SCE_VLY,108,2050_all,0
CA_SCE_VLY,109,2050_all,0
CA_SCE_VLY,110,2050_all,0
CA_SCE_VLY,111,2050_all,0
CA_SCE_VLY,112,2050_all,0
CA_SCE_VLY,113,2050_all,0
CA_SCE_VLY,114,2050_all,0
CA_SCE_VLY,115,2050_all,0
CA_SCE_VLY,116,2050_all,0
CA_SCE_VLY,117,2050_all,0
CA_SCE_VLY,118,2050_all,0
CA_SCE_VLY,119,2050_all,0
CA_SCE_VLY,120,2050_all,0
CA_SCE_VLY,121,2050_all,0
CA_SCE_VLY,122,2050_all,0
CA_SCE_VLY,123,2050_all,0
CA_SCE_VLY,124,2050_all,0
CA_SCE_VLY,125,2050_all,0
CA_SCE_VLY,126,2050_all,0
CA_SCE_VLY,127,2050_all,0
CA_SCE_VLY,128,2050_all,0
CA_SCE_VLY,129,2050_all,0
CA_SCE_VLY,130,2050_all,0
CA_SCE_VLY,131,2050_all,0
CA_SCE_VLY,132,2050_all,0
CA_SCE_VLY,133,2050_all,0
CA_SCE_VLY,134,2050_all,0
CA_SCE_VLY,135,2050_all,0
CA_SCE_VLY,136,2050_all,0
CA_SCE_VLY,137,2050_all,0
CA_SCE_VLY,138,2050_all,0
CA_SCE_VLY,139,2050_all,0
CA_SCE_VLY,140,2050_all,0
CA_SCE_VLY,141,2050_all,0
CA_SCE_VLY,142,2050_all,0
CA_SCE_VLY,143,2050_all,0
CA_SCE_VLY,144,2050_all,0
CA_SCE_VLY,145,2050_all,0
CA_SCE_VLY,146,2050_all,0
CA_SCE_VLY,147,2050_all,0
CA_SCE_VLY,148,2050_all,0
CA_SCE_VLY,149,2050_all,0
CA_SCE_VLY,150,2050_all,0
CA_SCE_VLY,151,2050_all,0
CA_SCE_VLY,152,2050_all,0
CA_SCE_VLY,153,2050_all,0
CA_SCE_VLY,154,2050_all,0
CA_SCE_VLY,155,2050_all,0
CA_SCE_VLY,156,2050_all,0
CA_SCE_VLY,157,2050_all,0
CA_SCE_VLY,158,2050_all,0
CA_SCE_VLY,159,2050_all,0
CA_SCE_VLY,160,2050_all,0
CA_SCE_VLY,161,2050_all,0
CA_SCE_VLY,162,2050_all,0
CA_SCE_VLY,163,2050_all,0
CA_SCE_VLY,164,2050_all,0
CA_SCE_VLY,165,2050_all,0
CA_SCE_VLY,166,2050_all,0
CA_SCE_VLY,167,2050_all,0
CA_SCE_VLY,168,2050_all,0
CA_SCE_VLY,169,2050_all,0
CA_SCE_VLY,170,2050_all,0
CA_SCE_VLY,171,2050_all,0
CA_SCE_VLY,172,2050_all,0
CA_SCE_VLY,173,2050_all,0
CA_SCE_VLY,174,2050_all,0
CA_SCE_VLY,175,2050_all,0
CA_SCE_VLY,176,2050_all,0
CA_SCE_VLY,177,2050_all,0
CA_SCE_VLY,178,2050_all,0
CA_SCE_VLY,179,2050_all,0
CA_SCE_VLY,180,2050_all,0
CA_SCE_VLY,181,2050_all,0
CA_SCE_VLY,182,2050_all,0
CA_SCE_VLY,183,2050_all,0
CA_SCE_VLY,184,2050_all,0
CA_SCE_VLY,185,2050_all,0
CA_SCE_VLY,186,2050_all,0
CA_SCE_VLY,187,2050_all,0
CA_SCE_VLY,188,2050_all,0
CA_SCE_VLY,189,2050_all,0
CA_SCE_VLY,190,2050_all,0
CA_SCE_VLY,191,2050_all,0
CA_SCE_VLY,192,2050_all,0
CA_SCE_VLY,193,2050_all,0
CA_SCE_VLY,194,2050_all,0
CA_SCE_VLY,195,2050_all,0
CA_SCE_VLY,196,2050_all,0
CA_SCE_VLY,197,2050_all,0
CA_SCE_VLY,198,2050_all,0
CA_SCE_VLY,199,2050_all,0
CA_SCE_VLY,200,2050_all,0
CA_SCE_VLY,201,2050_all,0
CA_SCE_VLY,202,2050_all,0
CA_SCE_VLY,203,2050_all,0
CA_SCE_VLY,204,2050_all,0
CA_SCE_VLY,205,2050_all,0
CA_SCE_VLY,206,2050_all,0
CA_SCE_VLY,207,2050_all,0
CA_SCE_VLY,208,2050_all,0
CA_SCE_VLY,209,2050_all,0
CA_SCE_VLY,210,2050_all,0
CA_SCE_VLY,211,2050_all,0
CA_SCE_VLY,212,2050_all,0
CA_SCE_VLY,213,2050_all,0
CA_SCE_VLY,214,2050_all,0
CA_SCE_VLY,215,2050_all,0
CA_SCE_VLY,216,2050_all,0
CA_SCE_VLY,217,2050_all,0
CA_SCE_VLY,218,2050_all,0
CA_SCE_VLY,219,2050_all,0
CA_SCE_VLY,220,2050_all,0
CA_SCE_VLY,221,2050_all,0
CA_SCE_VLY,222,2050_all,0
CA_SCE_VLY,223,2050_all,0
CA_SCE_VLY,224,2050_all,0
CA_SCE_VLY,225,2050_all,0
CA_SCE_VLY,226,2050_all,0
CA_SCE_VLY,227,2050_all,0
CA_SCE_VLY,228,2050_all,0
CA_SCE_VLY,229,2050_all,0
CA_SCE_VLY,230,2050_all,0
CA_SCE_VLY,231,2050_all,0
CA_SCE_VLY,232,2050_all,0
CA_SCE_VLY,233,2050_all,0
CA_SCE_VLY,234,2050_all,0
CA_SCE_VLY,235,2050_all,0
CA_SCE_VLY,236,2050_all,0
CA_SCE_VLY,237,2050_all,0
CA_SCE_VLY,238,2050_all,0
CA_SCE_VLY,239,2050_all,0
CA_SCE_VLY,240,2050_all,0
CA_SCE_VLY,241,2050_all,0
CA_SCE_VLY,242,2050_all,0
CA_SCE_VLY,243,2050_all,0
CA_SCE_VLY,244,2050_all,0
CA_SCE_VLY,245,2050_all,0
CA_SCE_VLY,246,2050_all,0
CA_SCE_VLY,247,2050_all,0
CA_SCE_VLY,248,2050_all,0
CA_SCE_VLY,249,2050_all,0
CA_SCE_VLY,250,2050_all,0
CA_SCE_VLY,251,2050_all,0
CA_SCE_VLY,252,2050_all,0
CA_SCE_VLY,253,2050_all,0
CA_SCE_VLY,254,2050_all,0
CA_SCE_VLY,255,2050_all,0
CA_SCE_VLY,256,2050_all,0
CA_SCE_VLY,257,2050_all,0
CA_SCE_VLY,258,2050_all,0
CA_SCE_VLY,259,2050_all,0
CA_SCE_VLY,260,2050_all,0
CA_SCE_VLY,261,2050_all,0
CA_SCE_VLY,262,2050_all,0
CA_SCE_VLY,263,2050_all,0
CA_SCE_VLY,264,2050_all,0
CA_SCE_VLY,265,2050_all,0
CA_SCE_VLY,266,2050_all,0
CA_SCE_VLY,267,2050_all,0
CA_SCE_VLY,268,2050_all,0
CA_SCE_VLY,269,2050_all,0
CA_SCE_VLY,270,2050_all,0
CA_SCE_VLY,271,2050_all,0
CA_SCE_VLY,272,2050_all,0
CA_SCE_VLY,273,2050_all,0
CA_SCE_VLY,274,2050_all,0
CA_SCE_VLY,275,2050_all,0
CA_SCE_VLY,276,2050_all,0
CA_SCE_VLY,277,2050_all,0
CA_SCE_VLY,278,2050_all,0
CA_SCE_VLY,279,2050_all,0
CA_SCE_VLY,280,2050_all,0
CA_SCE_VLY,281,2050_all,0
CA_SCE_VLY,282,2050_all,0
CA_SCE_VLY,283,2050_all,0
CA_SCE_VLY,284,2050_all,0
CA_SCE_VLY,285,2050_all,0
CA_SCE_VLY,286,2050_all,0
CA_SCE_VLY,287,2050_all,0
CA_SCE_VLY,288,2050_all,0
CA_SCE_VLY,289,2050_all,0
CA_SCE_VLY,290,2050_all,0
CA_SCE_VLY,291,2050_all,0
CA_SCE_VLY,292,2050_all,0
CA_SCE_VLY,293,2050_all,0
CA_SCE_VLY,294,2050_all,0
CA_SCE_VLY,295,2050_all,0
CA_SCE_VLY,296,2050_all,0
CA_SCE_VLY,297,2050_all,0
CA_SCE_VLY,298,2050_all,0
CA_SCE_VLY,299,2050_all,0
CA_SCE_VLY,300,2050_all,0
CA_SCE_VLY,301,2050_all,0
CA_SCE_VLY,302,2050_all,0
CA_SCE_VLY,303,2050_all,0
CA_SCE_VLY,304,2050_all,0
CA_SCE_VLY,305,2050_all,0
CA_SCE_VLY,306,2050_all,0
CA_SCE_VLY,307,2050_all,0
CA_SCE_VLY,308,2050_all,0
CA_SCE_VLY,309,2050_all,0
CA_SCE_VLY,310,2050_all,0
CA_SCE_VLY,311,2050_all,0
CA_SCE_VLY,312,2050_all,0
CA_SCE_VLY,313,2050_all,0
CA_SCE_VLY,314,2050_all,0
CA_SCE_VLY,315,2050_all,0
CA_SCE_VLY,316,2050_all,0
CA_SCE_VLY,317,2050_all,0
CA_SCE_VLY,318,2050_all,0
CA_SCE_VLY,319,2050_all,0
CA_SCE_VLY,320,2050_all,0
CA_SCE_VLY,321,2050_all,0
CA_SCE_VLY,322,2050_all,0
CA_SCE_VLY,323,2050_all,0
CA_SCE_VLY,324,2050_all,0
CA_SCE_VLY,325,2050_all,0
CA_SCE_VLY,326,2050_all,0
CA_SCE_VLY,327,2050_all,0
CA_SCE_VLY,328,2050_all,0
CA_SCE_VLY,329,2050_all,0
CA_SCE_VLY,330,2050_all,0
CA_SCE_VLY,331,2050_all,0
CA_SCE_VLY,332,2050_all,0
CA_SCE_VLY,333,2050_all,0
CA_SCE_VLY,334,2050_all,0
CA_SCE_VLY,335,2050_all,0
CA_SCE_VLY,336,2050_all,0
CA_SCE_VLY,337,2050_all,0
CA_SCE_VLY,338,2050_all,0
CA_SCE_VLY,339,2050_all,0
CA_SCE_VLY,340,2050_all,0
CA_SCE_VLY,341,2050_all,0
CA_SCE_VLY,342,2050_all,0
CA_SCE_VLY,343,2050_all,0
CA_SCE_VLY,344,2050_all,0
CA_SCE_VLY,345,2050_all,0
CA_SCE_VLY,346,2050_all,0
CA_SCE_VLY,347,2050_all,0
CA_SCE_VLY,348,2050_all,0
CA_SCE_VLY,349,2050_all,0
CA_SCE_VLY,350,2050_all,0
CA_SCE_VLY,351,2050_all,0
CA_SCE_VLY,352,2050_all,0
CA_SCE_VLY,353,2050_all,0
CA_SCE_VLY,354,2050_all,0
CA_SCE_VLY,355,2050_all,0
CA_SCE_VLY,356,2050_all,0
CA_SCE_VLY,357,2050_all,0
CA_SCE_VLY,358,2050_all,0
CA_SCE_VLY,359,2050_all,0
CA_SCE_VLY,360,2050_all,0
CA_SCE_VLY,361,2050_all,0
CA_SCE_VLY,362,2050_all,0
CA_SCE_VLY,363,2050_all,0
CA_SCE_VLY,364,2050_all,0
CA_SCE_VLY,365,2050_all,0
CA_SDGE,1,2050_all,0
CA_SDGE,2,2050_all,0
CA_SDGE,3,2050_all,0
CA_SDGE,4,2050_all,0
CA_SDGE,5,2050_all,0
CA_SDGE,6,2050_all,0
CA_SDGE,7,2050_all,0
CA_SDGE,8,2050_all,0
CA_SDGE,9,2050_all,0
CA_SDGE,10,2050_all,0
CA_SDGE,11,2050_all,0
CA_SDGE,12,2050_all,0
CA_SDGE,13,2050_all,0
CA_SDGE,14,2050_all,0
CA_SDGE,15,2050_all,0
CA_SDGE,16,2050_all,0
CA_SDGE,17,2050_all,0
CA_SDGE,18,2050_all,0
CA_SDGE,19,2050_all,0
CA_SDGE,20,2050_all,0
CA_SDGE,21,2050_all,0
CA_SDGE,22,2050_all,0
CA_SDGE,23,2050_all,0
CA_SDGE,24,2050_all,0
CA_SDGE,25,2050_all,0
CA_SDGE,26,2050_all,0
CA_SDGE,27,2050_all,0
CA_SDGE,28,2050_all,0
CA_SDGE,29,2050_all,0
CA_SDGE,30,2050_all,0
CA_SDGE,31,2050_all,0
CA_SDGE,32,2050_all,0
CA_SDGE,33,2050_all,0
CA_SDGE,34,2050_all,0
CA_SDGE,35,2050_all,0
CA_SDGE,36,2050_all,0
CA_SDGE,37,2050_all,0
CA_SDGE,38,2050_all,0
CA_SDGE,39,2050_all,0
CA_SDGE,40,2050_all,0
CA_SDGE,41,2050_all,0
CA_SDGE,42,2050_all,0
CA_SDGE,43,2050_all,0
CA_SDGE,44,2050_all,0
CA_SDGE,45,2050_all,0
CA_SDGE,46,2050_all,0
CA_SDGE,47,2050_all,0
CA_SDGE,48,2050_all,0
CA_SDGE,49,2050_all,0
CA_SDGE,50,2050_all,0
CA_SDGE,51,2050_all,0
CA_SDGE,52,2050_all,0
CA_SDGE,53,2050_all,0
CA_SDGE,54,2050_all,0
CA_SDGE,55,2050_all,0
CA_SDGE,56,2050_all,0
CA_SDGE,57,2050_all,0
CA_SDGE,58,2050_all,0
CA_SDGE,59,2050_all,0
CA_SDGE,60,2050_all,0
CA_SDGE,61,2050_all,0
CA_SDGE,62,2050_all,0
CA_SDGE,63,2050_all,0
CA_SDGE,64,2050_all,0
CA_SDGE,65,2050_all,0
CA_SDGE,66,2050_all,0
CA_SDGE,67,2050_all,0
CA_SDGE,68,2050_all,0
CA_SDGE,69,2050_all,0
CA_SDGE,70,2050_all,0
CA_SDGE,71,2050_all,0
CA_SDGE,72,2050_all,0
CA_SDGE,73,2050_all,0
CA_SDGE,74,2050_all,0
CA_SDGE,75,2050_all,0
CA_SDGE,76,2050_all,0
CA_SDGE,77,2050_all,0
CA_SDGE,78,2050_all,0
CA_SDGE,79,2050_all,0
CA_SDGE,80,2050_all,0
CA_SDGE,81,2050_all,0
CA_SDGE,82,2050_all,0
CA_SDGE,83,2050_all,0
CA_SDGE,84,2050_all,0
CA_SDGE,85,2050_all,0
CA_SDGE,86,2050_all,0
CA_SDGE,87,2050_all,0
CA_SDGE,88,2050_all,0
CA_SDGE,89,2050_all,0
CA_SDGE,90,2050_all,0
CA_SDGE,91,2050_all,0
CA_SDGE,92,2050_all,0
CA_SDGE,93,2050_all,0
CA_SDGE,94,2050_all,0
CA_SDGE,95,2050_all,0
CA_SDGE,96,2050_all,0
CA_SDGE,97,2050_all,0
CA_SDGE,98,2050_all,0
CA_SDGE,99,2050_all,0
CA_SDGE,100,2050_all,0
CA_SDGE,101,2050_all,0
CA_SDGE,102,2050_all,0
CA_SDGE,103,2050_all,0
CA_SDGE,104,2050_all,0
CA_SDGE,105,2050_all,0
CA_SDGE,106,2050_all,0
CA_SDGE,107,2050_all,0
CA_SDGE,108,2050_all,0
CA_SDGE,109,2050_all,0
CA_SDGE,110,2050_all,0
CA_SDGE,111,2050_all,0
CA_SDGE,112,2050_all,0
CA_SDGE,113,2050_all,0
CA_SDGE,114,2050_all,0
CA_SDGE,115,2050_all,0
CA_SDGE,116,2050_all,0
CA_SDGE,117,2050_all,0
CA_SDGE,118,2050_all,0
CA_SDGE,119,2050_all,0
CA_SDGE,120,2050_all,0
CA_SDGE,121,2050_all,0
CA_SDGE,122,2050_all,0
CA_SDGE,123,2050_all,0
CA_SDGE,124,2050_all,0
CA_SDGE,125,2050_all,0
CA_SDGE,126,2050_all,0
CA_SDGE,127,2050_all,0
CA_SDGE,128,2050_all,0
CA_SDGE,129,2050_all,0
CA_SDGE,130,2050_all,0
CA_SDGE,131,2050_all,0
CA_SDGE,132,2050_all,0
CA_SDGE,133,2050_all,0
CA_SDGE,134,2050_all,0
CA_SDGE,135,2050_all,0
CA_SDGE,136,2050_all,0
CA_SDGE,137,2050_all,0
CA_SDGE,138,2050_all,0
CA_SDGE,139,2050_all,0
CA_SDGE,140,2050_all,0
CA_SDGE,141,2050_all,0
CA_SDGE,142,2050_all,0
CA_SDGE,143,2050_all,0
CA_SDGE,144,2050_all,0
CA_SDGE,145,2050_all,0
CA_SDGE,146,2050_all,0
CA_SDGE,147,2050_all,0
CA_SDGE,148,2050_all,0
CA_SDGE,149,2050_all,0
CA_SDGE,150,2050_all,0
CA_SDGE,151,2050_all,0
CA_SDGE,152,2050_all,0
CA_SDGE,153,2050_all,0
CA_SDGE,154,2050_all,0
CA_SDGE,155,2050_all,0
CA_SDGE,156,2050_all,0
CA_SDGE,157,2050_all,0
CA_SDGE,158,2050_all,0
CA_SDGE,159,2050_all,0
CA_SDGE,160,2050_all,0
CA_SDGE,161,2050_all,0
CA_SDGE,162,2050_all,0
CA_SDGE,163,2050_all,0
CA_SDGE,164,2050_all,0
CA_SDGE,165,2050_all,0
CA_SDGE,166,2050_all,0
CA_SDGE,167,2050_all,0
CA_SDGE,168,2050_all,0
CA_SDGE,169,2050_all,0
CA_SDGE,170,2050_all,0
CA_SDGE,171,2050_all,0
CA_SDGE,172,2050_all,0
CA_SDGE,173,2050_all,0
CA_SDGE,174,2050_all,0
CA_SDGE,175,2050_all,0
CA_SDGE,176,2050_all,0
CA_SDGE,177,2050_all,0
CA_SDGE,178,2050_all,0
CA_SDGE,179,2050_all,0
CA_SDGE,180,2050_all,0
CA_SDGE,181,2050_all,0
CA_SDGE,182,2050_all,0
CA_SDGE,183,2050_all,0
CA_SDGE,184,2050_all,0
CA_SDGE,185,2050_all,0
CA_SDGE,186,2050_all,0
CA_SDGE,187,2050_all,0
CA_SDGE,188,2050_all,0
CA_SDGE,189,2050_all,0
CA_SDGE,190,2050_all,0
CA_SDGE,191,2050_all,0
CA_SDGE,192,2050_all,0
CA_SDGE,193,2050_all,0
CA_SDGE,194,2050_all,0
CA_SDGE,195,2050_all,0
CA_SDGE,196,2050_all,0
CA_SDGE,197,2050_all,0
CA_SDGE,198,2050_all,0
CA_SDGE,199,2050_all,0
CA_SDGE,200,2050_all,0
CA_SDGE,201,2050_all,0
CA_SDGE,202,2050_all,0
CA_SDGE,203,2050_all,0
CA_SDGE,204,2050_all,0
CA_SDGE,205,2050_all,0
CA_SDGE,206,2050_all,0
CA_SDGE,207,2050_all,0
CA_SDGE,208,2050_all,0
CA_SDGE,209,2050_all,0
CA_SDGE,210,2050_all,0
CA_SDGE,211,2050_all,0
CA_SDGE,212,2050_all,0
CA_SDGE,213,2050_all,0
CA_SDGE,214,2050_all,0
CA_SDGE,215,2050_all,0
CA_SDGE,216,2050_all,0
CA_SDGE,217,2050_all,0
CA_SDGE,218,2050_all,0
CA_SDGE,219,2050_all,0
CA_SDGE,220,2050_all,0
CA_SDGE,221,2050_all,0
CA_SDGE,222,2050_all,0
CA_SDGE,223,2050_all,0
CA_SDGE,224,2050_all,0
CA_SDGE,225,2050_all,0
CA_SDGE,226,2050_all,0
CA_SDGE,227,2050_all,0
CA_SDGE,228,2050_all,0
CA_SDGE,229,2050_all,0
CA_SDGE,230,2050_all,0
CA_SDGE,231,2050_all,0
CA_SDGE,232,2050_all,0
CA_SDGE,233,2050_all,0
CA_SDGE,234,2050_all,0
CA_SDGE,235,2050_all,0
CA_SDGE,236,2050_all,0
CA_SDGE,237,2050_all,0
CA_SDGE,238,2050_all,0
CA_SDGE,239,2050_all,0
CA_SDGE,240,2050_all,0
CA_SDGE,241,2050_all,0
CA_SDGE,242,2050_all,0
CA_SDGE,243,2050_all,0
CA_SDGE,244,2050_all,0
CA_SDGE,245,2050_all,0
CA_SDGE,246,2050_all,0
CA_SDGE,247,2050_all,0
CA_SDGE,248,2050_all,0
CA_SDGE,249,2050_all,0
CA_SDGE,250,2050_all,0
CA_SDGE,251,2050_all,0
CA_SDGE,252,2050_all,0
CA_SDGE,253,2050_all,0
CA_SDGE,254,2050_all,0
CA_SDGE,255,2050_all,0
CA_SDGE,256,2050_all,0
CA_SDGE,257,2050_all,0
CA_SDGE,258,2050_all,0
CA_SDGE,259,2050_all,0
CA_SDGE,260,2050_all,0
CA_SDGE,261,2050_all,0
CA_SDGE,262,2050_all,0
CA_SDGE,263,2050_all,0
CA_SDGE,264,2050_all,0
CA_SDGE,265,2050_all,0
CA_SDGE,266,2050_all,0
CA_SDGE,267,2050_all,0
CA_SDGE,268,2050_all,0
CA_SDGE,269,2050_all,0
CA_SDGE,270,2050_all,0
CA_SDGE,271,2050_all,0
CA_SDGE,272,2050_all,0
CA_SDGE,273,2050_all,0
CA_SDGE,274,2050_all,0
CA_SDGE,275,2050_all,0
CA_SDGE,276,2050_all,0
CA_SDGE,277,2050_all,0
CA_SDGE,278,2050_all,0
CA_SDGE,279,2050_all,0
CA_SDGE,280,2050_all,0
CA_SDGE,281,2050_all,0
CA_SDGE,282,2050_all,0
CA_SDGE,283,2050_all,0
CA_SDGE,284,2050_all,0
CA_SDGE,285,2050_all,0
CA_SDGE,286,2050_all,0
CA_SDGE,287,2050_all,0
CA_SDGE,288,2050_all,0
CA_SDGE,289,2050_all,0
CA_SDGE,290,2050_all,0
CA_SDGE,291,2050_all,0
CA_SDGE,292,2050_all,0
CA_SDGE,293,2050_all,0
CA_SDGE,294,2050_all,0
CA_SDGE,295,2050_all,0
CA_SDGE,296,2050_all,0
CA_SDGE,297,2050_all,0
CA_SDGE,298,2050_all,0
CA_SDGE,299,2050_all,0
CA_SDGE,300,2050_all,0
CA_SDGE,301,2050_all,0
CA_SDGE,302,2050_all,0
CA_SDGE,303,2050_all,0
CA_SDGE,304,2050_all,0
CA_SDGE,305,2050_all,0
CA_SDGE,306,2050_all,0
CA_SDGE,307,2050_all,0
CA_SDGE,308,2050_all,0
CA_SDGE,309,2050_all,0
CA_SDGE,310,2050_all,0
CA_SDGE,311,2050_all,0
CA_SDGE,312,2050_all,0
CA_SDGE,313,2050_all,0
CA_SDGE,314,2050_all,0
CA_SDGE,315,2050_all,0
CA_SDGE,316,2050_all,0
CA_SDGE,317,2050_all,0
CA_SDGE,318,2050_all,0
CA_SDGE,319,2050_all,0
CA_SDGE,320,2050_all,0
CA_SDGE,321,2050_all,0
CA_SDGE,322,2050_all,0
CA_SDGE,323,2050_all,0
CA_SDGE,324,2050_all,0
CA_SDGE,325,2050_all,0
CA_SDGE,326,2050_all,0
CA_SDGE,327,2050_all,0
CA_SDGE,328,2050_all,0
CA_SDGE,329,2050_all,0
CA_SDGE,330,2050_all,0
CA_SDGE,331,2050_all,0
CA_SDGE,332,2050_all,0
CA_SDGE,333,2050_all,0
CA_SDGE,334,2050_all,0
CA_SDGE,335,2050_all,0
CA_SDGE,336,2050_all,0
CA_SDGE,337,2050_all,0
CA_SDGE,338,2050_all,0
CA_SDGE,339,2050_all,0
CA_SDGE,340,2050_all,0
CA_SDGE,341,2050_all,0
CA_SDGE,342,2050_all,0
CA_SDGE,343,2050_all,0
CA_SDGE,344,2050_all,0
CA_SDGE,345,2050_all,0
CA_SDGE,346,2050_all,0
CA_SDGE,347,2050_all,0
CA_SDGE,348,2050_all,0
CA_SDGE,349,2050_all,0
CA_SDGE,350,2050_all,0
CA_SDGE,351,2050_all,0
CA_SDGE,352,2050_all,0
CA_SDGE,353,2050_all,0
CA_SDGE,354,2050_all,0
CA_SDGE,355,2050_all,0
CA_SDGE,356,2050_all,0
CA_SDGE,357,2050_all,0
CA_SDGE,358,2050_all,0
CA_SDGE,359,2050_all,0
CA_SDGE,360,2050_all,0
CA_SDGE,361,2050_all,0
CA_SDGE,362,2050_all,0
CA_SDGE,363,2050_all,0
CA_SDGE,364,2050_all,0
CA_SDGE,365,2050_all,0
CA_SMUD,1,2050_all,0
CA_SMUD,2,2050_all,0
CA_SMUD,3,2050_all,0
CA_SMUD,4,2050_all,0
CA_SMUD,5,2050_all,0
CA_SMUD,6,2050_all,0
CA_SMUD,7,2050_all,0
CA_SMUD,8,2050_all,0
CA_SMUD,9,2050_all,0
CA_SMUD,10,2050_all,0
CA_SMUD,11,2050_all,0
CA_SMUD,12,2050_all,0
CA_SMUD,13,2050_all,0
CA_SMUD,14,2050_all,0
CA_SMUD,15,2050_all,0
CA_SMUD,16,2050_all,0
CA_SMUD,17,2050_all,0
CA_SMUD,18,2050_all,0
CA_SMUD,19,2050_all,0
CA_SMUD,20,2050_all,0
CA_SMUD,21,2050_all,0
CA_SMUD,22,2050_all,0
CA_SMUD,23,2050_all,0
CA_SMUD,24,2050_all,0
CA_SMUD,25,2050_all,0
CA_SMUD,26,2050_all,0
CA_SMUD,27,2050_all,0
CA_SMUD,28,2050_all,0
CA_SMUD,29,2050_all,0
CA_SMUD,30,2050_all,0
CA_SMUD,31,2050_all,0
CA_SMUD,32,2050_all,0
CA_SMUD,33,2050_all,0
CA_SMUD,34,2050_all,0
CA_SMUD,35,2050_all,0
CA_SMUD,36,2050_all,0
CA_SMUD,37,2050_all,0
CA_SMUD,38,2050_all,0
CA_SMUD,39,2050_all,0
CA_SMUD,40,2050_all,0
CA_SMUD,41,2050_all,0
CA_SMUD,42,2050_all,0
CA_SMUD,43,2050_all,0
CA_SMUD,44,2050_all,0
CA_SMUD,45,2050_all,0
CA_SMUD,46,2050_all,0
CA_SMUD,47,2050_all,0
CA_SMUD,48,2050_all,0
CA_SMUD,49,2050_all,0
CA_SMUD,50,2050_all,0
CA_SMUD,51,2050_all,0
CA_SMUD,52,2050_all,0
CA_SMUD,53,2050_all,0
CA_SMUD,54,2050_all,0
CA_SMUD,55,2050_all,0
CA_SMUD,56,2050_all,0
CA_SMUD,57,2050_all,0
CA_SMUD,58,2050_all,0
CA_SMUD,59,2050_all,0
CA_SMUD,60,2050_all,0
CA_SMUD,61,2050_all,0
CA_SMUD,62,2050_all,0
CA_SMUD,63,2050_all,0
CA_SMUD,64,2050_all,0
CA_SMUD,65,2050_all,0
CA_SMUD,66,2050_all,0
CA_SMUD,67,2050_all,0
CA_SMUD,68,2050_all,0
CA_SMUD,69,2050_all,0
CA_SMUD,70,2050_all,0
CA_SMUD,71,2050_all,0
CA_SMUD,72,2050_all,0
CA_SMUD,73,2050_all,0
CA_SMUD,74,2050_all,0
CA_SMUD,75,2050_all,0
CA_SMUD,76,2050_all,0
CA_SMUD,77,2050_all,0
CA_SMUD,78,2050_all,0
CA_SMUD,79,2050_all,0
CA_SMUD,80,2050_all,0
CA_SMUD,81,2050_all,0
CA_SMUD,82,2050_all,0
CA_SMUD,83,2050_all,0
CA_SMUD,84,2050_all,0
CA_SMUD,85,2050_all,0
CA_SMUD,86,2050_all,0
CA_SMUD,87,2050_all,0
CA_SMUD,88,2050_all,0
CA_SMUD,89,2050_all,0
CA_SMUD,90,2050_all,0
CA_SMUD,91,2050_all,0
CA_SMUD,92,2050_all,0
CA_SMUD,93,2050_all,0
CA_SMUD,94,2050_all,0
CA_SMUD,95,2050_all,0
CA_SMUD,96,2050_all,0
CA_SMUD,97,2050_all,0
CA_SMUD,98,2050_all,0
CA_SMUD,99,2050_all,0
CA_SMUD,100,2050_all,0
CA_SMUD,101,2050_all,0
CA_SMUD,102,2050_all,0
CA_SMUD,103,2050_all,0
CA_SMUD,104,2050_all,0
CA_SMUD,105,2050_all,0
CA_SMUD,106,2050_all,0
CA_SMUD,107,2050_all,0
CA_SMUD,108,2050_all,0
CA_SMUD,109,2050_all,0
CA_SMUD,110,2050_all,0
CA_SMUD,111,2050_all,0
CA_SMUD,112,2050_all,0
CA_SMUD,113,2050_all,0
CA_SMUD,114,2050_all,0
CA_SMUD,115,2050_all,0
CA_SMUD,116,2050_all,0
CA_SMUD,117,2050_all,0
CA_SMUD,118,2050_all,0
CA_SMUD,119,2050_all,0
CA_SMUD,120,2050_all,0
CA_SMUD,121,2050_all,0
CA_SMUD,122,2050_all,0
CA_SMUD,123,2050_all,0
CA_SMUD,124,2050_all,0
CA_SMUD,125,2050_all,0
CA_SMUD,126,2050_all,0
CA_SMUD,127,2050_all,0
CA_SMUD,128,2050_all,0
CA_SMUD,129,2050_all,0
CA_SMUD,130,2050_all,0
CA_SMUD,131,2050_all,0
CA_SMUD,132,2050_all,0
CA_SMUD,133,2050_all,0
CA_SMUD,134,2050_all,0
CA_SMUD,135,2050_all,0
CA_SMUD,136,2050_all,0
CA_SMUD,137,2050_all,0
CA_SMUD,138,2050_all,0
CA_SMUD,139,2050_all,0
CA_SMUD,140,2050_all,0
CA_SMUD,141,2050_all,0
CA_SMUD,142,2050_all,0
CA_SMUD,143,2050_all,0
CA_SMUD,144,2050_all,0
CA_SMUD,145,2050_all,0
CA_SMUD,146,2050_all,0
CA_SMUD,147,2050_all,0
CA_SMUD,148,2050_all,0
CA_SMUD,149,2050_all,0
CA_SMUD,150,2050_all,0
CA_SMUD,151,2050_all,0
CA_SMUD,152,2050_all,0
CA_SMUD,153,2050_all,0
CA_SMUD,154,2050_all,0
CA_SMUD,155,2050_all,0
CA_SMUD,156,2050_all,0
CA_SMUD,157,2050_all,0
CA_SMUD,158,2050_all,0
CA_SMUD,159,2050_all,0
CA_SMUD,160,2050_all,0
CA_SMUD,161,2050_all,0
CA_SMUD,162,2050_all,0
CA_SMUD,163,2050_all,0
CA_SMUD,164,2050_all,0
CA_SMUD,165,2050_all,0
CA_SMUD,166,2050_all,0
CA_SMUD,167,2050_all,0
CA_SMUD,168,2050_all,0
CA_SMUD,169,2050_all,0
CA_SMUD,170,2050_all,0
CA_SMUD,171,2050_all,0
CA_SMUD,172,2050_all,0
CA_SMUD,173,2050_all,0
CA_SMUD,174,2050_all,0
CA_SMUD,175,2050_all,0
CA_SMUD,176,2050_all,0
CA_SMUD,177,2050_all,0
CA_SMUD,178,2050_all,0
CA_SMUD,179,2050_all,0
CA_SMUD,180,2050_all,0
CA_SMUD,181,2050_all,0
CA_SMUD,182,2050_all,0
CA_SMUD,183,2050_all,0
CA_SMUD,184,2050_all,0
CA_SMUD,185,2050_all,0
CA_SMUD,186,2050_all,0
CA_SMUD,187,2050_all,0
CA_SMUD,188,2050_all,0
CA_SMUD,189,2050_all,0
CA_SMUD,190,2050_all,0
CA_SMUD,191,2050_all,0
CA_SMUD,192,2050_all,0
CA_SMUD,193,2050_all,0
CA_SMUD,194,2050_all,0
CA_SMUD,195,2050_all,0
CA_SMUD,196,2050_all,0
CA_SMUD,197,2050_all,0
CA_SMUD,198,2050_all,0
CA_SMUD,199,2050_all,0
CA_SMUD,200,2050_all,0
CA_SMUD,201,2050_all,0
CA_SMUD,202,2050_all,0
CA_SMUD,203,2050_all,0
CA_SMUD,204,2050_all,0
CA_SMUD,205,2050_all,0
CA_SMUD,206,2050_all,0
CA_SMUD,207,2050_all,0
CA_SMUD,208,2050_all,0
CA_SMUD,209,2050_all,0
CA_SMUD,210,2050_all,0
CA_SMUD,211,2050_all,0
CA_SMUD,212,2050_all,0
CA_SMUD,213,2050_all,0
CA_SMUD,214,2050_all,0
CA_SMUD,215,2050_all,0
CA_SMUD,216,2050_all,0
CA_SMUD,217,2050_all,0
CA_SMUD,218,2050_all,0
CA_SMUD,219,2050_all,0
CA_SMUD,220,2050_all,0
CA_SMUD,221,2050_all,0
CA_SMUD,222,2050_all,0
CA_SMUD,223,2050_all,0
CA_SMUD,224,2050_all,0
CA_SMUD,225,2050_all,0
CA_SMUD,226,2050_all,0
CA_SMUD,227,2050_all,0
CA_SMUD,228,2050_all,0
CA_SMUD,229,2050_all,0
CA_SMUD,230,2050_all,0
CA_SMUD,231,2050_all,0
CA_SMUD,232,2050_all,0
CA_SMUD,233,2050_all,0
CA_SMUD,234,2050_all,0
CA_SMUD,235,2050_all,0
CA_SMUD,236,2050_all,0
CA_SMUD,237,2050_all,0
CA_SMUD,238,2050_all,0
CA_SMUD,239,2050_all,0
CA_SMUD,240,2050_all,0
CA_SMUD,241,2050_all,0
CA_SMUD,242,2050_all,0
CA_SMUD,243,2050_all,0
CA_SMUD,244,2050_all,0
CA_SMUD,245,2050_all,0
CA_SMUD,246,2050_all,0
CA_SMUD,247,2050_all,0
CA_SMUD,248,2050_all,0
CA_SMUD,249,2050_all,0
CA_SMUD,250,2050_all,0
CA_SMUD,251,2050_all,0
CA_SMUD,252,2050_all,0
CA_SMUD,253,2050_all,0
CA_SMUD,254,2050_all,0
CA_SMUD,255,2050_all,0
CA_SMUD,256,2050_all,0
CA_SMUD,257,2050_all,0
CA_SMUD,258,2050_all,0
CA_SMUD,259,2050_all,0
CA_SMUD,260,2050_all,0
CA_SMUD,261,2050_all,0
CA_SMUD,262,2050_all,0
CA_SMUD,263,2050_all,0
CA_SMUD,264,2050_all,0
CA_SMUD,265,2050_all,0
CA_SMUD,266,2050_all,0
CA_SMUD,267,2050_all,0
CA_SMUD,268,2050_all,0
CA_SMUD,269,2050_all,0
CA_SMUD,270,2050_all,0
CA_SMUD,271,2050_all,0
CA_SMUD,272,2050_all,0
CA_SMUD,273,2050_all,0
CA_SMUD,274,2050_all,0
CA_SMUD,275,2050_all,0
CA_SMUD,276,2050_all,0
CA_SMUD,277,2050_all,0
CA_SMUD,278,2050_all,0
CA_SMUD,279,2050_all,0
CA_SMUD,280,2050_all,0
CA_SMUD,281,2050_all,0
CA_SMUD,282,2050_all,0
CA_SMUD,283,2050_all,0
CA_SMUD,284,2050_all,0
CA_SMUD,285,2050_all,0
CA_SMUD,286,2050_all,0
CA_SMUD,287,2050_all,0
CA_SMUD,288,2050_all,0
CA_SMUD,289,2050_all,0
CA_SMUD,290,2050_all,0
CA_SMUD,291,2050_all,0
CA_SMUD,292,2050_all,0
CA_SMUD,293,2050_all,0
CA_SMUD,294,2050_all,0
CA_SMUD,295,2050_all,0
CA_SMUD,296,2050_all,0
CA_SMUD,297,2050_all,0
CA_SMUD,298,2050_all,0
CA_SMUD,299,2050_all,0
CA_SMUD,300,2050_all,0
CA_SMUD,301,2050_all,0
CA_SMUD,302,2050_all,0
CA_SMUD,303,2050_all,0
CA_SMUD,304,2050_all,0
CA_SMUD,305,2050_all,0
CA_SMUD,306,2050_all,0
CA_SMUD,307,2050_all,0
CA_SMUD,308,2050_all,0
CA_SMUD,309,2050_all,0
CA_SMUD,310,2050_all,0
CA_SMUD,311,2050_all,0
CA_SMUD,312,2050_all,0
CA_SMUD,313,2050_all,0
CA_SMUD,314,2050_all,0
CA_SMUD,315,2050_all,0
CA_SMUD,316,2050_all,0
CA_SMUD,317,2050_all,0
CA_SMUD,318,2050_all,0
CA_SMUD,319,2050_all,0
CA_SMUD,320,2050_all,0
CA_SMUD,321,2050_all,0
CA_SMUD,322,2050_all,0
CA_SMUD,323,2050_all,0
CA_SMUD,324,2050_all,0
CA_SMUD,325,2050_all,0
CA_SMUD,326,2050_all,0
CA_SMUD,327,2050_all,0
CA_SMUD,328,2050_all,0
CA_SMUD,329,2050_all,0
CA_SMUD,330,2050_all,0
CA_SMUD,331,2050_all,0
CA_SMUD,332,2050_all,0
CA_SMUD,333,2050_all,0
CA_SMUD,334,2050_all,0
CA_SMUD,335,2050_all,0
CA_SMUD,336,2050_all,0
CA_SMUD,337,2050_all,0
CA_SMUD,338,2050_all,0
CA_SMUD,339,2050_all,0
CA_SMUD,340,2050_all,0
CA_SMUD,341,2050_all,0
CA_SMUD,342,2050_all,0
CA_SMUD,343,2050_all,0
CA_SMUD,344,2050_all,0
CA_SMUD,345,2050_all,0
CA_SMUD,346,2050_all,0
CA_SMUD,347,2050_all,0
CA_SMUD,348,2050_all,0
CA_SMUD,349,2050_all,0
CA_SMUD,350,2050_all,0
CA_SMUD,351,2050_all,0
CA_SMUD,352,2050_all,0
CA_SMUD,353,2050_all,0
CA_SMUD,354,2050_all,0
CA_SMUD,355,2050_all,0
CA_SMUD,356,2050_all,0
CA_SMUD,357,2050_all,0
CA_SMUD,358,2050_all,0
CA_SMUD,359,2050_all,0
CA_SMUD,360,2050_all,0
CA_SMUD,361,2050_all,0
CA_SMUD,362,2050_all,0
CA_SMUD,363,2050_all,0
CA_SMUD,364,2050_all,0
CA_SMUD,365,2050_all,0
CO_DEN,1,2050_all,0
CO_DEN,2,2050_all,0
CO_DEN,3,2050_all,0
CO_DEN,4,2050_all,0
CO_DEN,5,2050_all,0
CO_DEN,6,2050_all,0
CO_DEN,7,2050_all,0
CO_DEN,8,2050_all,0
CO_DEN,9,2050_all,0
CO_DEN,10,2050_all,0
CO_DEN,11,2050_all,0
CO_DEN,12,2050_all,0
CO_DEN,13,2050_all,0
CO_DEN,14,2050_all,0
CO_DEN,15,2050_all,0
CO_DEN,16,2050_all,0
CO_DEN,17,2050_all,0
CO_DEN,18,2050_all,0
CO_DEN,19,2050_all,0
CO_DEN,20,2050_all,0
CO_DEN,21,2050_all,0
CO_DEN,22,2050_all,0
CO_DEN,23,2050_all,0
CO_DEN,24,2050_all,0
CO_DEN,25,2050_all,0
CO_DEN,26,2050_all,0
CO_DEN,27,2050_all,0
CO_DEN,28,2050_all,0
CO_DEN,29,2050_all,0
CO_DEN,30,2050_all,0
CO_DEN,31,2050_all,0
CO_DEN,32,2050_all,0
CO_DEN,33,2050_all,0
CO_DEN,34,2050_all,0
CO_DEN,35,2050_all,0
CO_DEN,36,2050_all,0
CO_DEN,37,2050_all,0
CO_DEN,38,2050_all,0
CO_DEN,39,2050_all,0
CO_DEN,40,2050_all,0
CO_DEN,41,2050_all,0
CO_DEN,42,2050_all,0
CO_DEN,43,2050_all,0
CO_DEN,44,2050_all,0
CO_DEN,45,2050_all,0
CO_DEN,46,2050_all,0
CO_DEN,47,2050_all,0
CO_DEN,48,2050_all,0
CO_DEN,49,2050_all,0
CO_DEN,50,2050_all,0
CO_DEN,51,2050_all,0
CO_DEN,52,2050_all,0
CO_DEN,53,2050_all,0
CO_DEN,54,2050_all,0
CO_DEN,55,2050_all,0
CO_DEN,56,2050_all,0
CO_DEN,57,2050_all,0
CO_DEN,58,2050_all,0
CO_DEN,59,2050_all,0
CO_DEN,60,2050_all,0
CO_DEN,61,2050_all,0
CO_DEN,62,2050_all,0
CO_DEN,63,2050_all,0
CO_DEN,64,2050_all,0
CO_DEN,65,2050_all,0
CO_DEN,66,2050_all,0
CO_DEN,67,2050_all,0
CO_DEN,68,2050_all,0
CO_DEN,69,2050_all,0
CO_DEN,70,2050_all,0
CO_DEN,71,2050_all,0
CO_DEN,72,2050_all,0
CO_DEN,73,2050_all,0
CO_DEN,74,2050_all,0
CO_DEN,75,2050_all,0
CO_DEN,76,2050_all,0
CO_DEN,77,2050_all,0
CO_DEN,78,2050_all,0
CO_DEN,79,2050_all,0
CO_DEN,80,2050_all,0
CO_DEN,81,2050_all,0
CO_DEN,82,2050_all,0
CO_DEN,83,2050_all,0
CO_DEN,84,2050_all,0
CO_DEN,85,2050_all,0
CO_DEN,86,2050_all,0
CO_DEN,87,2050_all,0
CO_DEN,88,2050_all,0
CO_DEN,89,2050_all,0
CO_DEN,90,2050_all,0
CO_DEN,91,2050_all,0
CO_DEN,92,2050_all,0
CO_DEN,93,2050_all,0
CO_DEN,94,2050_all,0
CO_DEN,95,2050_all,0
CO_DEN,96,2050_all,0
CO_DEN,97,2050_all,0
CO_DEN,98,2050_all,0
CO_DEN,99,2050_all,0
CO_DEN,100,2050_all,0
CO_DEN,101,2050_all,0
CO_DEN,102,2050_all,0
CO_DEN,103,2050_all,0
CO_DEN,104,2050_all,0
CO_DEN,105,2050_all,0
CO_DEN,106,2050_all,0
CO_DEN,107,2050_all,0
CO_DEN,108,2050_all,0
CO_DEN,109,2050_all,0
CO_DEN,110,2050_all,0
CO_DEN,111,2050_all,0
CO_DEN,112,2050_all,0
CO_DEN,113,2050_all,0
CO_DEN,114,2050_all,0
CO_DEN,115,2050_all,0
CO_DEN,116,2050_all,0
CO_DEN,117,2050_all,0
CO_DEN,118,2050_all,0
CO_DEN,119,2050_all,0
CO_DEN,120,2050_all,0
CO_DEN,121,2050_all,0
CO_DEN,122,2050_all,0
CO_DEN,123,2050_all,0
CO_DEN,124,2050_all,0
CO_DEN,125,2050_all,0
CO_DEN,126,2050_all,0
CO_DEN,127,2050_all,0
CO_DEN,128,2050_all,0
CO_DEN,129,2050_all,0
CO_DEN,130,2050_all,0
CO_DEN,131,2050_all,0
CO_DEN,132,2050_all,0
CO_DEN,133,2050_all,0
CO_DEN,134,2050_all,0
CO_DEN,135,2050_all,0
CO_DEN,136,2050_all,0
CO_DEN,137,2050_all,0
CO_DEN,138,2050_all,0
CO_DEN,139,2050_all,0
CO_DEN,140,2050_all,0
CO_DEN,141,2050_all,0
CO_DEN,142,2050_all,0
CO_DEN,143,2050_all,0
CO_DEN,144,2050_all,0
CO_DEN,145,2050_all,0
CO_DEN,146,2050_all,0
CO_DEN,147,2050_all,0
CO_DEN,148,2050_all,0
CO_DEN,149,2050_all,0
CO_DEN,150,2050_all,0
CO_DEN,151,2050_all,0
CO_DEN,152,2050_all,0
CO_DEN,153,2050_all,0
CO_DEN,154,2050_all,0
CO_DEN,155,2050_all,0
CO_DEN,156,2050_all,0
CO_DEN,157,2050_all,0
CO_DEN,158,2050_all,0
CO_DEN,159,2050_all,0
CO_DEN,160,2050_all,0
CO_DEN,161,2050_all,0
CO_DEN,162,2050_all,0
CO_DEN,163,2050_all,0
CO_DEN,164,2050_all,0
CO_DEN,165,2050_all,0
CO_DEN,166,2050_all,0
CO_DEN,167,2050_all,0
CO_DEN,168,2050_all,0
CO_DEN,169,2050_all,0
CO_DEN,170,2050_all,0
CO_DEN,171,2050_all,0
CO_DEN,172,2050_all,0
CO_DEN,173,2050_all,0
CO_DEN,174,2050_all,0
CO_DEN,175,2050_all,0
CO_DEN,176,2050_all,0
CO_DEN,177,2050_all,0
CO_DEN,178,2050_all,0
CO_DEN,179,2050_all,0
CO_DEN,180,2050_all,0
CO_DEN,181,2050_all,0
CO_DEN,182,2050_all,0
CO_DEN,183,2050_all,0
CO_DEN,184,2050_all,0
CO_DEN,185,2050_all,0
CO_DEN,186,2050_all,0
CO_DEN,187,2050_all,0
CO_DEN,188,2050_all,0
CO_DEN,189,2050_all,0
CO_DEN,190,2050_all,0
CO_DEN,191,2050_all,0
CO_DEN,192,2050_all,0
CO_DEN,193,2050_all,0
CO_DEN,194,2050_all,0
CO_DEN,195,2050_all,0
CO_DEN,196,2050_all,0
CO_DEN,197,2050_all,0
CO_DEN,198,2050_all,0
CO_DEN,199,2050_all,0
CO_DEN,200,2050_all,0
CO_DEN,201,2050_all,0
CO_DEN,202,2050_all,0
CO_DEN,203,2050_all,0
CO_DEN,204,2050_all,0
CO_DEN,205,2050_all,0
CO_DEN,206,2050_all,0
CO_DEN,207,2050_all,0
CO_DEN,208,2050_all,0
CO_DEN,209,2050_all,0
CO_DEN,210,2050_all,0
CO_DEN,211,2050_all,0
CO_DEN,212,2050_all,0
CO_DEN,213,2050_all,0
CO_DEN,214,2050_all,0
CO_DEN,215,2050_all,0
CO_DEN,216,2050_all,0
CO_DEN,217,2050_all,0
CO_DEN,218,2050_all,0
CO_DEN,219,2050_all,0
CO_DEN,220,2050_all,0
CO_DEN,221,2050_all,0
CO_DEN,222,2050_all,0
CO_DEN,223,2050_all,0
CO_DEN,224,2050_all,0
CO_DEN,225,2050_all,0
CO_DEN,226,2050_all,0
CO_DEN,227,2050_all,0
CO_DEN,228,2050_all,0
CO_DEN,229,2050_all,0
CO_DEN,230,2050_all,0
CO_DEN,231,2050_all,0
CO_DEN,232,2050_all,0
CO_DEN,233,2050_all,0
CO_DEN,234,2050_all,0
CO_DEN,235,2050_all,0
CO_DEN,236,2050_all,0
CO_DEN,237,2050_all,0
CO_DEN,238,2050_all,0
CO_DEN,239,2050_all,0
CO_DEN,240,2050_all,0
CO_DEN,241,2050_all,0
CO_DEN,242,2050_all,0
CO_DEN,243,2050_all,0
CO_DEN,244,2050_all,0
CO_DEN,245,2050_all,0
CO_DEN,246,2050_all,0
CO_DEN,247,2050_all,0
CO_DEN,248,2050_all,0
CO_DEN,249,2050_all,0
CO_DEN,250,2050_all,0
CO_DEN,251,2050_all,0
CO_DEN,252,2050_all,0
CO_DEN,253,2050_all,0
CO_DEN,254,2050_all,0
CO_DEN,255,2050_all,0
CO_DEN,256,2050_all,0
CO_DEN,257,2050_all,0
CO_DEN,258,2050_all,0
CO_DEN,259,2050_all,0
CO_DEN,260,2050_all,0
CO_DEN,261,2050_all,0
CO_DEN,262,2050_all,0
CO_DEN,263,2050_all,0
CO_DEN,264,2050_all,0
CO_DEN,265,2050_all,0
CO_DEN,266,2050_all,0
CO_DEN,267,2050_all,0
CO_DEN,268,2050_all,0
CO_DEN,269,2050_all,0
CO_DEN,270,2050_all,0
CO_DEN,271,2050_all,0
CO_DEN,272,2050_all,0
CO_DEN,273,2050_all,0
CO_DEN,274,2050_all,0
CO_DEN,275,2050_all,0
CO_DEN,276,2050_all,0
CO_DEN,277,2050_all,0
CO_DEN,278,2050_all,0
CO_DEN,279,2050_all,0
CO_DEN,280,2050_all,0
CO_DEN,281,2050_all,0
CO_DEN,282,2050_all,0
CO_DEN,283,2050_all,0
CO_DEN,284,2050_all,0
CO_DEN,285,2050_all,0
CO_DEN,286,2050_all,0
CO_DEN,287,2050_all,0
CO_DEN,288,2050_all,0
CO_DEN,289,2050_all,0
CO_DEN,290,2050_all,0
CO_DEN,291,2050_all,0
CO_DEN,292,2050_all,0
CO_DEN,293,2050_all,0
CO_DEN,294,2050_all,0
CO_DEN,295,2050_all,0
CO_DEN,296,2050_all,0
CO_DEN,297,2050_all,0
CO_DEN,298,2050_all,0
CO_DEN,299,2050_all,0
CO_DEN,300,2050_all,0
CO_DEN,301,2050_all,0
CO_DEN,302,2050_all,0
CO_DEN,303,2050_all,0
CO_DEN,304,2050_all,0
CO_DEN,305,2050_all,0
CO_DEN,306,2050_all,0
CO_DEN,307,2050_all,0
CO_DEN,308,2050_all,0
CO_DEN,309,2050_all,0
CO_DEN,310,2050_all,0
CO_DEN,311,2050_all,0
CO_DEN,312,2050_all,0
CO_DEN,313,2050_all,0
CO_DEN,314,2050_all,0
CO_DEN,315,2050_all,0
CO_DEN,316,2050_all,0
CO_DEN,317,2050_all,0
CO_DEN,318,2050_all,0
CO_DEN,319,2050_all,0
CO_DEN,320,2050_all,0
CO_DEN,321,2050_all,0
CO_DEN,322,2050_all,0
CO_DEN,323,2050_all,0
CO_DEN,324,2050_all,0
CO_DEN,325,2050_all,0
CO_DEN,326,2050_all,0
CO_DEN,327,2050_all,0
CO_DEN,328,2050_all,0
CO_DEN,329,2050_all,0
CO_DEN,330,2050_all,0
CO_DEN,331,2050_all,0
CO_DEN,332,2050_all,0
CO_DEN,333,2050_all,0
CO_DEN,334,2050_all,0
CO_DEN,335,2050_all,0
CO_DEN,336,2050_all,0
CO_DEN,337,2050_all,0
CO_DEN,338,2050_all,0
CO_DEN,339,2050_all,0
CO_DEN,340,2050_all,0
CO_DEN,341,2050_all,0
CO_DEN,342,2050_all,0
CO_DEN,343,2050_all,0
CO_DEN,344,2050_all,0
CO_DEN,345,2050_all,0
CO_DEN,346,2050_all,0
CO_DEN,347,2050_all,0
CO_DEN,348,2050_all,0
CO_DEN,349,2050_all,0
CO_DEN,350,2050_all,0
CO_DEN,351,2050_all,0
CO_DEN,352,2050_all,0
CO_DEN,353,2050_all,0
CO_DEN,354,2050_all,0
CO_DEN,355,2050_all,0
CO_DEN,356,2050_all,0
CO_DEN,357,2050_all,0
CO_DEN,358,2050_all,0
CO_DEN,359,2050_all,0
CO_DEN,360,2050_all,0
CO_DEN,361,2050_all,0
CO_DEN,362,2050_all,0
CO_DEN,363,2050_all,0
CO_DEN,364,2050_all,0
CO_DEN,365,2050_all,0
CO_E,1,2050_all,0
CO_E,2,2050_all,0
CO_E,3,2050_all,0
CO_E,4,2050_all,0
CO_E,5,2050_all,0
CO_E,6,2050_all,0
CO_E,7,2050_all,0
CO_E,8,2050_all,0
CO_E,9,2050_all,0
CO_E,10,2050_all,0
CO_E,11,2050_all,0
CO_E,12,2050_all,0
CO_E,13,2050_all,0
CO_E,14,2050_all,0
CO_E,15,2050_all,0
CO_E,16,2050_all,0
CO_E,17,2050_all,0
CO_E,18,2050_all,0
CO_E,19,2050_all,0
CO_E,20,2050_all,0
CO_E,21,2050_all,0
CO_E,22,2050_all,0
CO_E,23,2050_all,0
CO_E,24,2050_all,0
CO_E,25,2050_all,0
CO_E,26,2050_all,0
CO_E,27,2050_all,0
CO_E,28,2050_all,0
CO_E,29,2050_all,0
CO_E,30,2050_all,0
CO_E,31,2050_all,0
CO_E,32,2050_all,0
CO_E,33,2050_all,0
CO_E,34,2050_all,0
CO_E,35,2050_all,0
CO_E,36,2050_all,0
CO_E,37,2050_all,0
CO_E,38,2050_all,0
CO_E,39,2050_all,0
CO_E,40,2050_all,0
CO_E,41,2050_all,0
CO_E,42,2050_all,0
CO_E,43,2050_all,0
CO_E,44,2050_all,0
CO_E,45,2050_all,0
CO_E,46,2050_all,0
CO_E,47,2050_all,0
CO_E,48,2050_all,0
CO_E,49,2050_all,0
CO_E,50,2050_all,0
CO_E,51,2050_all,0
CO_E,52,2050_all,0
CO_E,53,2050_all,0
CO_E,54,2050_all,0
CO_E,55,2050_all,0
CO_E,56,2050_all,0
CO_E,57,2050_all,0
CO_E,58,2050_all,0
CO_E,59,2050_all,0
CO_E,60,2050_all,0
CO_E,61,2050_all,0
CO_E,62,2050_all,0
CO_E,63,2050_all,0
CO_E,64,2050_all,0
CO_E,65,2050_all,0
CO_E,66,2050_all,0
CO_E,67,2050_all,0
CO_E,68,2050_all,0
CO_E,69,2050_all,0
CO_E,70,2050_all,0
CO_E,71,2050_all,0
CO_E,72,2050_all,0
CO_E,73,2050_all,0
CO_E,74,2050_all,0
CO_E,75,2050_all,0
CO_E,76,2050_all,0
CO_E,77,2050_all,0
CO_E,78,2050_all,0
CO_E,79,2050_all,0
CO_E,80,2050_all,0
CO_E,81,2050_all,0
CO_E,82,2050_all,0
CO_E,83,2050_all,0
CO_E,84,2050_all,0
CO_E,85,2050_all,0
CO_E,86,2050_all,0
CO_E,87,2050_all,0
CO_E,88,2050_all,0
CO_E,89,2050_all,0
CO_E,90,2050_all,0
CO_E,91,2050_all,0
CO_E,92,2050_all,0
CO_E,93,2050_all,0
CO_E,94,2050_all,0
CO_E,95,2050_all,0
CO_E,96,2050_all,0
CO_E,97,2050_all,0
CO_E,98,2050_all,0
CO_E,99,2050_all,0
CO_E,100,2050_all,0
CO_E,101,2050_all,0
CO_E,102,2050_all,0
CO_E,103,2050_all,0
CO_E,104,2050_all,0
CO_E,105,2050_all,0
CO_E,106,2050_all,0
CO_E,107,2050_all,0
CO_E,108,2050_all,0
CO_E,109,2050_all,0
CO_E,110,2050_all,0
CO_E,111,2050_all,0
CO_E,112,2050_all,0
CO_E,113,2050_all,0
CO_E,114,2050_all,0
CO_E,115,2050_all,0
CO_E,116,2050_all,0
CO_E,117,2050_all,0
CO_E,118,2050_all,0
CO_E,119,2050_all,0
CO_E,120,2050_all,0
CO_E,121,2050_all,0
CO_E,122,2050_all,0
CO_E,123,2050_all,0
CO_E,124,2050_all,0
CO_E,125,2050_all,0
CO_E,126,2050_all,0
CO_E,127,2050_all,0
CO_E,128,2050_all,0
CO_E,129,2050_all,0
CO_E,130,2050_all,0
CO_E,131,2050_all,0
CO_E,132,2050_all,0
CO_E,133,2050_all,0
CO_E,134,2050_all,0
CO_E,135,2050_all,0
CO_E,136,2050_all,0
CO_E,137,2050_all,0
CO_E,138,2050_all,0
CO_E,139,2050_all,0
CO_E,140,2050_all,0
CO_E,141,2050_all,0
CO_E,142,2050_all,0
CO_E,143,2050_all,0
CO_E,144,2050_all,0
CO_E,145,2050_all,0
CO_E,146,2050_all,0
CO_E,147,2050_all,0
CO_E,148,2050_all,0
CO_E,149,2050_all,0
CO_E,150,2050_all,0
CO_E,151,2050_all,0
CO_E,152,2050_all,0
CO_E,153,2050_all,0
CO_E,154,2050_all,0
CO_E,155,2050_all,0
CO_E,156,2050_all,0
CO_E,157,2050_all,0
CO_E,158,2050_all,0
CO_E,159,2050_all,0
CO_E,160,2050_all,0
CO_E,161,2050_all,0
CO_E,162,2050_all,0
CO_E,163,2050_all,0
CO_E,164,2050_all,0
CO_E,165,2050_all,0
CO_E,166,2050_all,0
CO_E,167,2050_all,0
CO_E,168,2050_all,0
CO_E,169,2050_all,0
CO_E,170,2050_all,0
CO_E,171,2050_all,0
CO_E,172,2050_all,0
CO_E,173,2050_all,0
CO_E,174,2050_all,0
CO_E,175,2050_all,0
CO_E,176,2050_all,0
CO_E,177,2050_all,0
CO_E,178,2050_all,0
CO_E,179,2050_all,0
CO_E,180,2050_all,0
CO_E,181,2050_all,0
CO_E,182,2050_all,0
CO_E,183,2050_all,0
CO_E,184,2050_all,0
CO_E,185,2050_all,0
CO_E,186,2050_all,0
CO_E,187,2050_all,0
CO_E,188,2050_all,0
CO_E,189,2050_all,0
CO_E,190,2050_all,0
CO_E,191,2050_all,0
CO_E,192,2050_all,0
CO_E,193,2050_all,0
CO_E,194,2050_all,0
CO_E,195,2050_all,0
CO_E,196,2050_all,0
CO_E,197,2050_all,0
CO_E,198,2050_all,0
CO_E,199,2050_all,0
CO_E,200,2050_all,0
CO_E,201,2050_all,0
CO_E,202,2050_all,0
CO_E,203,2050_all,0
CO_E,204,2050_all,0
CO_E,205,2050_all,0
CO_E,206,2050_all,0
CO_E,207,2050_all,0
CO_E,208,2050_all,0
CO_E,209,2050_all,0
CO_E,210,2050_all,0
CO_E,211,2050_all,0
CO_E,212,2050_all,0
CO_E,213,2050_all,0
CO_E,214,2050_all,0
CO_E,215,2050_all,0
CO_E,216,2050_all,0
CO_E,217,2050_all,0
CO_E,218,2050_all,0
CO_E,219,2050_all,0
CO_E,220,2050_all,0
CO_E,221,2050_all,0
CO_E,222,2050_all,0
CO_E,223,2050_all,0
CO_E,224,2050_all,0
CO_E,225,2050_all,0
CO_E,226,2050_all,0
CO_E,227,2050_all,0
CO_E,228,2050_all,0
CO_E,229,2050_all,0
CO_E,230,2050_all,0
CO_E,231,2050_all,0
CO_E,232,2050_all,0
CO_E,233,2050_all,0
CO_E,234,2050_all,0
CO_E,235,2050_all,0
CO_E,236,2050_all,0
CO_E,237,2050_all,0
CO_E,238,2050_all,0
CO_E,239,2050_all,0
CO_E,240,2050_all,0
CO_E,241,2050_all,0
CO_E,242,2050_all,0
CO_E,243,2050_all,0
CO_E,244,2050_all,0
CO_E,245,2050_all,0
CO_E,246,2050_all,0
CO_E,247,2050_all,0
CO_E,248,2050_all,0
CO_E,249,2050_all,0
CO_E,250,2050_all,0
CO_E,251,2050_all,0
CO_E,252,2050_all,0
CO_E,253,2050_all,0
CO_E,254,2050_all,0
CO_E,255,2050_all,0
CO_E,256,2050_all,0
CO_E,257,2050_all,0
CO_E,258,2050_all,0
CO_E,259,2050_all,0
CO_E,260,2050_all,0
CO_E,261,2050_all,0
CO_E,262,2050_all,0
CO_E,263,2050_all,0
CO_E,264,2050_all,0
CO_E,265,2050_all,0
CO_E,266,2050_all,0
CO_E,267,2050_all,0
CO_E,268,2050_all,0
CO_E,269,2050_all,0
CO_E,270,2050_all,0
CO_E,271,2050_all,0
CO_E,272,2050_all,0
CO_E,273,2050_all,0
CO_E,274,2050_all,0
CO_E,275,2050_all,0
CO_E,276,2050_all,0
CO_E,277,2050_all,0
CO_E,278,2050_all,0
CO_E,279,2050_all,0
CO_E,280,2050_all,0
CO_E,281,2050_all,0
CO_E,282,2050_all,0
CO_E,283,2050_all,0
CO_E,284,2050_all,0
CO_E,285,2050_all,0
CO_E,286,2050_all,0
CO_E,287,2050_all,0
CO_E,288,2050_all,0
CO_E,289,2050_all,0
CO_E,290,2050_all,0
CO_E,291,2050_all,0
CO_E,292,2050_all,0
CO_E,293,2050_all,0
CO_E,294,2050_all,0
CO_E,295,2050_all,0
CO_E,296,2050_all,0
CO_E,297,2050_all,0
CO_E,298,2050_all,0
CO_E,299,2050_all,0
CO_E,300,2050_all,0
CO_E,301,2050_all,0
CO_E,302,2050_all,0
CO_E,303,2050_all,0
CO_E,304,2050_all,0
CO_E,305,2050_all,0
CO_E,306,2050_all,0
CO_E,307,2050_all,0
CO_E,308,2050_all,0
CO_E,309,2050_all,0
CO_E,310,2050_all,0
CO_E,311,2050_all,0
CO_E,312,2050_all,0
CO_E,313,2050_all,0
CO_E,314,2050_all,0
CO_E,315,2050_all,0
CO_E,316,2050_all,0
CO_E,317,2050_all,0
CO_E,318,2050_all,0
CO_E,319,2050_all,0
CO_E,320,2050_all,0
CO_E,321,2050_all,0
CO_E,322,2050_all,0
CO_E,323,2050_all,0
CO_E,324,2050_all,0
CO_E,325,2050_all,0
CO_E,326,2050_all,0
CO_E,327,2050_all,0
CO_E,328,2050_all,0
CO_E,329,2050_all,0
CO_E,330,2050_all,0
CO_E,331,2050_all,0
CO_E,332,2050_all,0
CO_E,333,2050_all,0
CO_E,334,2050_all,0
CO_E,335,2050_all,0
CO_E,336,2050_all,0
CO_E,337,2050_all,0
CO_E,338,2050_all,0
CO_E,339,2050_all,0
CO_E,340,2050_all,0
CO_E,341,2050_all,0
CO_E,342,2050_all,0
CO_E,343,2050_all,0
CO_E,344,2050_all,0
CO_E,345,2050_all,0
CO_E,346,2050_all,0
CO_E,347,2050_all,0
CO_E,348,2050_all,0
CO_E,349,2050_all,0
CO_E,350,2050_all,0
CO_E,351,2050_all,0
CO_E,352,2050_all,0
CO_E,353,2050_all,0
CO_E,354,2050_all,0
CO_E,355,2050_all,0
CO_E,356,2050_all,0
CO_E,357,2050_all,0
CO_E,358,2050_all,0
CO_E,359,2050_all,0
CO_E,360,2050_all,0
CO_E,361,2050_all,0
CO_E,362,2050_all,0
CO_E,363,2050_all,0
CO_E,364,2050_all,0
CO_E,365,2050_all,0
CO_NW,1,2050_all,0
CO_NW,2,2050_all,0
CO_NW,3,2050_all,0
CO_NW,4,2050_all,0
CO_NW,5,2050_all,0
CO_NW,6,2050_all,0
CO_NW,7,2050_all,0
CO_NW,8,2050_all,0
CO_NW,9,2050_all,0
CO_NW,10,2050_all,0
CO_NW,11,2050_all,0
CO_NW,12,2050_all,0
CO_NW,13,2050_all,0
CO_NW,14,2050_all,0
CO_NW,15,2050_all,0
CO_NW,16,2050_all,0
CO_NW,17,2050_all,0
CO_NW,18,2050_all,0
CO_NW,19,2050_all,0
CO_NW,20,2050_all,0
CO_NW,21,2050_all,0
CO_NW,22,2050_all,0
CO_NW,23,2050_all,0
CO_NW,24,2050_all,0
CO_NW,25,2050_all,0
CO_NW,26,2050_all,0
CO_NW,27,2050_all,0
CO_NW,28,2050_all,0
CO_NW,29,2050_all,0
CO_NW,30,2050_all,0
CO_NW,31,2050_all,0
CO_NW,32,2050_all,0
CO_NW,33,2050_all,0
CO_NW,34,2050_all,0
CO_NW,35,2050_all,0
CO_NW,36,2050_all,0
CO_NW,37,2050_all,0
CO_NW,38,2050_all,0
CO_NW,39,2050_all,0
CO_NW,40,2050_all,0
CO_NW,41,2050_all,0
CO_NW,42,2050_all,0
CO_NW,43,2050_all,0
CO_NW,44,2050_all,0
CO_NW,45,2050_all,0
CO_NW,46,2050_all,0
CO_NW,47,2050_all,0
CO_NW,48,2050_all,0
CO_NW,49,2050_all,0
CO_NW,50,2050_all,0
CO_NW,51,2050_all,0
CO_NW,52,2050_all,0
CO_NW,53,2050_all,0
CO_NW,54,2050_all,0
CO_NW,55,2050_all,0
CO_NW,56,2050_all,0
CO_NW,57,2050_all,0
CO_NW,58,2050_all,0
CO_NW,59,2050_all,0
CO_NW,60,2050_all,0
CO_NW,61,2050_all,0
CO_NW,62,2050_all,0
CO_NW,63,2050_all,0
CO_NW,64,2050_all,0
CO_NW,65,2050_all,0
CO_NW,66,2050_all,0
CO_NW,67,2050_all,0
CO_NW,68,2050_all,0
CO_NW,69,2050_all,0
CO_NW,70,2050_all,0
CO_NW,71,2050_all,0
CO_NW,72,2050_all,0
CO_NW,73,2050_all,0
CO_NW,74,2050_all,0
CO_NW,75,2050_all,0
CO_NW,76,2050_all,0
CO_NW,77,2050_all,0
CO_NW,78,2050_all,0
CO_NW,79,2050_all,0
CO_NW,80,2050_all,0
CO_NW,81,2050_all,0
CO_NW,82,2050_all,0
CO_NW,83,2050_all,0
CO_NW,84,2050_all,0
CO_NW,85,2050_all,0
CO_NW,86,2050_all,0
CO_NW,87,2050_all,0
CO_NW,88,2050_all,0
CO_NW,89,2050_all,0
CO_NW,90,2050_all,0
CO_NW,91,2050_all,0
CO_NW,92,2050_all,0
CO_NW,93,2050_all,0
CO_NW,94,2050_all,0
CO_NW,95,2050_all,0
CO_NW,96,2050_all,0
CO_NW,97,2050_all,0
CO_NW,98,2050_all,0
CO_NW,99,2050_all,0
CO_NW,100,2050_all,0
CO_NW,101,2050_all,0
CO_NW,102,2050_all,0
CO_NW,103,2050_all,0
CO_NW,104,2050_all,0
CO_NW,105,2050_all,0
CO_NW,106,2050_all,0
CO_NW,107,2050_all,0
CO_NW,108,2050_all,0
CO_NW,109,2050_all,0
CO_NW,110,2050_all,0
CO_NW,111,2050_all,0
CO_NW,112,2050_all,0
CO_NW,113,2050_all,0
CO_NW,114,2050_all,0
CO_NW,115,2050_all,0
CO_NW,116,2050_all,0
CO_NW,117,2050_all,0
CO_NW,118,2050_all,0
CO_NW,119,2050_all,0
CO_NW,120,2050_all,0
CO_NW,121,2050_all,0
CO_NW,122,2050_all,0
CO_NW,123,2050_all,0
CO_NW,124,2050_all,0
CO_NW,125,2050_all,0
CO_NW,126,2050_all,0
CO_NW,127,2050_all,0
CO_NW,128,2050_all,0
CO_NW,129,2050_all,0
CO_NW,130,2050_all,0
CO_NW,131,2050_all,0
CO_NW,132,2050_all,0
CO_NW,133,2050_all,0
CO_NW,134,2050_all,0
CO_NW,135,2050_all,0
CO_NW,136,2050_all,0
CO_NW,137,2050_all,0
CO_NW,138,2050_all,0
CO_NW,139,2050_all,0
CO_NW,140,2050_all,0
CO_NW,141,2050_all,0
CO_NW,142,2050_all,0
CO_NW,143,2050_all,0
CO_NW,144,2050_all,0
CO_NW,145,2050_all,0
CO_NW,146,2050_all,0
CO_NW,147,2050_all,0
CO_NW,148,2050_all,0
CO_NW,149,2050_all,0
CO_NW,150,2050_all,0
CO_NW,151,2050_all,0
CO_NW,152,2050_all,0
CO_NW,153,2050_all,0
CO_NW,154,2050_all,0
CO_NW,155,2050_all,0
CO_NW,156,2050_all,0
CO_NW,157,2050_all,0
CO_NW,158,2050_all,0
CO_NW,159,2050_all,0
CO_NW,160,2050_all,0
CO_NW,161,2050_all,0
CO_NW,162,2050_all,0
CO_NW,163,2050_all,0
CO_NW,164,2050_all,0
CO_NW,165,2050_all,0
CO_NW,166,2050_all,0
CO_NW,167,2050_all,0
CO_NW,168,2050_all,0
CO_NW,169,2050_all,0
CO_NW,170,2050_all,0
CO_NW,171,2050_all,0
CO_NW,172,2050_all,0
CO_NW,173,2050_all,0
CO_NW,174,2050_all,0
CO_NW,175,2050_all,0
CO_NW,176,2050_all,0
CO_NW,177,2050_all,0
CO_NW,178,2050_all,0
CO_NW,179,2050_all,0
CO_NW,180,2050_all,0
CO_NW,181,2050_all,0
CO_NW,182,2050_all,0
CO_NW,183,2050_all,0
CO_NW,184,2050_all,0
CO_NW,185,2050_all,0
CO_NW,186,2050_all,0
CO_NW,187,2050_all,0
CO_NW,188,2050_all,0
CO_NW,189,2050_all,0
CO_NW,190,2050_all,0
CO_NW,191,2050_all,0
CO_NW,192,2050_all,0
CO_NW,193,2050_all,0
CO_NW,194,2050_all,0
CO_NW,195,2050_all,0
CO_NW,196,2050_all,0
CO_NW,197,2050_all,0
CO_NW,198,2050_all,0
CO_NW,199,2050_all,0
CO_NW,200,2050_all,0
CO_NW,201,2050_all,0
CO_NW,202,2050_all,0
CO_NW,203,2050_all,0
CO_NW,204,2050_all,0
CO_NW,205,2050_all,0
CO_NW,206,2050_all,0
CO_NW,207,2050_all,0
CO_NW,208,2050_all,0
CO_NW,209,2050_all,0
CO_NW,210,2050_all,0
CO_NW,211,2050_all,0
CO_NW,212,2050_all,0
CO_NW,213,2050_all,0
CO_NW,214,2050_all,0
CO_NW,215,2050_all,0
CO_NW,216,2050_all,0
CO_NW,217,2050_all,0
CO_NW,218,2050_all,0
CO_NW,219,2050_all,0
CO_NW,220,2050_all,0
CO_NW,221,2050_all,0
CO_NW,222,2050_all,0
CO_NW,223,2050_all,0
CO_NW,224,2050_all,0
CO_NW,225,2050_all,0
CO_NW,226,2050_all,0
CO_NW,227,2050_all,0
CO_NW,228,2050_all,0
CO_NW,229,2050_all,0
CO_NW,230,2050_all,0
CO_NW,231,2050_all,0
CO_NW,232,2050_all,0
CO_NW,233,2050_all,0
CO_NW,234,2050_all,0
CO_NW,235,2050_all,0
CO_NW,236,2050_all,0
CO_NW,237,2050_all,0
CO_NW,238,2050_all,0
CO_NW,239,2050_all,0
CO_NW,240,2050_all,0
CO_NW,241,2050_all,0
CO_NW,242,2050_all,0
CO_NW,243,2050_all,0
CO_NW,244,2050_all,0
CO_NW,245,2050_all,0
CO_NW,246,2050_all,0
CO_NW,247,2050_all,0
CO_NW,248,2050_all,0
CO_NW,249,2050_all,0
CO_NW,250,2050_all,0
CO_NW,251,2050_all,0
CO_NW,252,2050_all,0
CO_NW,253,2050_all,0
CO_NW,254,2050_all,0
CO_NW,255,2050_all,0
CO_NW,256,2050_all,0
CO_NW,257,2050_all,0
CO_NW,258,2050_all,0
CO_NW,259,2050_all,0
CO_NW,260,2050_all,0
CO_NW,261,2050_all,0
CO_NW,262,2050_all,0
CO_NW,263,2050_all,0
CO_NW,264,2050_all,0
CO_NW,265,2050_all,0
CO_NW,266,2050_all,0
CO_NW,267,2050_all,0
CO_NW,268,2050_all,0
CO_NW,269,2050_all,0
CO_NW,270,2050_all,0
CO_NW,271,2050_all,0
CO_NW,272,2050_all,0
CO_NW,273,2050_all,0
CO_NW,274,2050_all,0
CO_NW,275,2050_all,0
CO_NW,276,2050_all,0
CO_NW,277,2050_all,0
CO_NW,278,2050_all,0
CO_NW,279,2050_all,0
CO_NW,280,2050_all,0
CO_NW,281,2050_all,0
CO_NW,282,2050_all,0
CO_NW,283,2050_all,0
CO_NW,284,2050_all,0
CO_NW,285,2050_all,0
CO_NW,286,2050_all,0
CO_NW,287,2050_all,0
CO_NW,288,2050_all,0
CO_NW,289,2050_all,0
CO_NW,290,2050_all,0
CO_NW,291,2050_all,0
CO_NW,292,2050_all,0
CO_NW,293,2050_all,0
CO_NW,294,2050_all,0
CO_NW,295,2050_all,0
CO_NW,296,2050_all,0
CO_NW,297,2050_all,0
CO_NW,298,2050_all,0
CO_NW,299,2050_all,0
CO_NW,300,2050_all,0
CO_NW,301,2050_all,0
CO_NW,302,2050_all,0
CO_NW,303,2050_all,0
CO_NW,304,2050_all,0
CO_NW,305,2050_all,0
CO_NW,306,2050_all,0
CO_NW,307,2050_all,0
CO_NW,308,2050_all,0
CO_NW,309,2050_all,0
CO_NW,310,2050_all,0
CO_NW,311,2050_all,0
CO_NW,312,2050_all,0
CO_NW,313,2050_all,0
CO_NW,314,2050_all,0
CO_NW,315,2050_all,0
CO_NW,316,2050_all,0
CO_NW,317,2050_all,0
CO_NW,318,2050_all,0
CO_NW,319,2050_all,0
CO_NW,320,2050_all,0
CO_NW,321,2050_all,0
CO_NW,322,2050_all,0
CO_NW,323,2050_all,0
CO_NW,324,2050_all,0
CO_NW,325,2050_all,0
CO_NW,326,2050_all,0
CO_NW,327,2050_all,0
CO_NW,328,2050_all,0
CO_NW,329,2050_all,0
CO_NW,330,2050_all,0
CO_NW,331,2050_all,0
CO_NW,332,2050_all,0
CO_NW,333,2050_all,0
CO_NW,334,2050_all,0
CO_NW,335,2050_all,0
CO_NW,336,2050_all,0
CO_NW,337,2050_all,0
CO_NW,338,2050_all,0
CO_NW,339,2050_all,0
CO_NW,340,2050_all,0
CO_NW,341,2050_all,0
CO_NW,342,2050_all,0
CO_NW,343,2050_all,0
CO_NW,344,2050_all,0
CO_NW,345,2050_all,0
CO_NW,346,2050_all,0
CO_NW,347,2050_all,0
CO_NW,348,2050_all,0
CO_NW,349,2050_all,0
CO_NW,350,2050_all,0
CO_NW,351,2050_all,0
CO_NW,352,2050_all,0
CO_NW,353,2050_all,0
CO_NW,354,2050_all,0
CO_NW,355,2050_all,0
CO_NW,356,2050_all,0
CO_NW,357,2050_all,0
CO_NW,358,2050_all,0
CO_NW,359,2050_all,0
CO_NW,360,2050_all,0
CO_NW,361,2050_all,0
CO_NW,362,2050_all,0
CO_NW,363,2050_all,0
CO_NW,364,2050_all,0
CO_NW,365,2050_all,0
CO_SW,1,2050_all,0
CO_SW,2,2050_all,0
CO_SW,3,2050_all,0
CO_SW,4,2050_all,0
CO_SW,5,2050_all,0
CO_SW,6,2050_all,0
CO_SW,7,2050_all,0
CO_SW,8,2050_all,0
CO_SW,9,2050_all,0
CO_SW,10,2050_all,0
CO_SW,11,2050_all,0
CO_SW,12,2050_all,0
CO_SW,13,2050_all,0
CO_SW,14,2050_all,0
CO_SW,15,2050_all,0
CO_SW,16,2050_all,0
CO_SW,17,2050_all,0
CO_SW,18,2050_all,0
CO_SW,19,2050_all,0
CO_SW,20,2050_all,0
CO_SW,21,2050_all,0
CO_SW,22,2050_all,0
CO_SW,23,2050_all,0
CO_SW,24,2050_all,0
CO_SW,25,2050_all,0
CO_SW,26,2050_all,0
CO_SW,27,2050_all,0
CO_SW,28,2050_all,0
CO_SW,29,2050_all,0
CO_SW,30,2050_all,0
CO_SW,31,2050_all,0
CO_SW,32,2050_all,0
CO_SW,33,2050_all,0
CO_SW,34,2050_all,0
CO_SW,35,2050_all,0
CO_SW,36,2050_all,0
CO_SW,37,2050_all,0
CO_SW,38,2050_all,0
CO_SW,39,2050_all,0
CO_SW,40,2050_all,0
CO_SW,41,2050_all,0
CO_SW,42,2050_all,0
CO_SW,43,2050_all,0
CO_SW,44,2050_all,0
CO_SW,45,2050_all,0
CO_SW,46,2050_all,0
CO_SW,47,2050_all,0
CO_SW,48,2050_all,0
CO_SW,49,2050_all,0
CO_SW,50,2050_all,0
CO_SW,51,2050_all,0
CO_SW,52,2050_all,0
CO_SW,53,2050_all,0
CO_SW,54,2050_all,0
CO_SW,55,2050_all,0
CO_SW,56,2050_all,0
CO_SW,57,2050_all,0
CO_SW,58,2050_all,0
CO_SW,59,2050_all,0
CO_SW,60,2050_all,0
CO_SW,61,2050_all,0
CO_SW,62,2050_all,0
CO_SW,63,2050_all,0
CO_SW,64,2050_all,0
CO_SW,65,2050_all,0
CO_SW,66,2050_all,0
CO_SW,67,2050_all,0
CO_SW,68,2050_all,0
CO_SW,69,2050_all,0
CO_SW,70,2050_all,0
CO_SW,71,2050_all,0
CO_SW,72,2050_all,0
CO_SW,73,2050_all,0
CO_SW,74,2050_all,0
CO_SW,75,2050_all,0
CO_SW,76,2050_all,0
CO_SW,77,2050_all,0
CO_SW,78,2050_all,0
CO_SW,79,2050_all,0
CO_SW,80,2050_all,0
CO_SW,81,2050_all,0
CO_SW,82,2050_all,0
CO_SW,83,2050_all,0
CO_SW,84,2050_all,0
CO_SW,85,2050_all,0
CO_SW,86,2050_all,0
CO_SW,87,2050_all,0
CO_SW,88,2050_all,0
CO_SW,89,2050_all,0
CO_SW,90,2050_all,0
CO_SW,91,2050_all,0
CO_SW,92,2050_all,0
CO_SW,93,2050_all,0
CO_SW,94,2050_all,0
CO_SW,95,2050_all,0
CO_SW,96,2050_all,0
CO_SW,97,2050_all,0
CO_SW,98,2050_all,0
CO_SW,99,2050_all,0
CO_SW,100,2050_all,0
CO_SW,101,2050_all,0
CO_SW,102,2050_all,0
CO_SW,103,2050_all,0
CO_SW,104,2050_all,0
CO_SW,105,2050_all,0
CO_SW,106,2050_all,0
CO_SW,107,2050_all,0
CO_SW,108,2050_all,0
CO_SW,109,2050_all,0
CO_SW,110,2050_all,0
CO_SW,111,2050_all,0
CO_SW,112,2050_all,0
CO_SW,113,2050_all,0
CO_SW,114,2050_all,0
CO_SW,115,2050_all,0
CO_SW,116,2050_all,0
CO_SW,117,2050_all,0
CO_SW,118,2050_all,0
CO_SW,119,2050_all,0
CO_SW,120,2050_all,0
CO_SW,121,2050_all,0
CO_SW,122,2050_all,0
CO_SW,123,2050_all,0
CO_SW,124,2050_all,0
CO_SW,125,2050_all,0
CO_SW,126,2050_all,0
CO_SW,127,2050_all,0
CO_SW,128,2050_all,0
CO_SW,129,2050_all,0
CO_SW,130,2050_all,0
CO_SW,131,2050_all,0
CO_SW,132,2050_all,0
CO_SW,133,2050_all,0
CO_SW,134,2050_all,0
CO_SW,135,2050_all,0
CO_SW,136,2050_all,0
CO_SW,137,2050_all,0
CO_SW,138,2050_all,0
CO_SW,139,2050_all,0
CO_SW,140,2050_all,0
CO_SW,141,2050_all,0
CO_SW,142,2050_all,0
CO_SW,143,2050_all,0
CO_SW,144,2050_all,0
CO_SW,145,2050_all,0
CO_SW,146,2050_all,0
CO_SW,147,2050_all,0
CO_SW,148,2050_all,0
CO_SW,149,2050_all,0
CO_SW,150,2050_all,0
CO_SW,151,2050_all,0
CO_SW,152,2050_all,0
CO_SW,153,2050_all,0
CO_SW,154,2050_all,0
CO_SW,155,2050_all,0
CO_SW,156,2050_all,0
CO_SW,157,2050_all,0
CO_SW,158,2050_all,0
CO_SW,159,2050_all,0
CO_SW,160,2050_all,0
CO_SW,161,2050_all,0
CO_SW,162,2050_all,0
CO_SW,163,2050_all,0
CO_SW,164,2050_all,0
CO_SW,165,2050_all,0
CO_SW,166,2050_all,0
CO_SW,167,2050_all,0
CO_SW,168,2050_all,0
CO_SW,169,2050_all,0
CO_SW,170,2050_all,0
CO_SW,171,2050_all,0
CO_SW,172,2050_all,0
CO_SW,173,2050_all,0
CO_SW,174,2050_all,0
CO_SW,175,2050_all,0
CO_SW,176,2050_all,0
CO_SW,177,2050_all,0
CO_SW,178,2050_all,0
CO_SW,179,2050_all,0
CO_SW,180,2050_all,0
CO_SW,181,2050_all,0
CO_SW,182,2050_all,0
CO_SW,183,2050_all,0
CO_SW,184,2050_all,0
CO_SW,185,2050_all,0
CO_SW,186,2050_all,0
CO_SW,187,2050_all,0
CO_SW,188,2050_all,0
CO_SW,189,2050_all,0
CO_SW,190,2050_all,0
CO_SW,191,2050_all,0
CO_SW,192,2050_all,0
CO_SW,193,2050_all,0
CO_SW,194,2050_all,0
CO_SW,195,2050_all,0
CO_SW,196,2050_all,0
CO_SW,197,2050_all,0
CO_SW,198,2050_all,0
CO_SW,199,2050_all,0
CO_SW,200,2050_all,0
CO_SW,201,2050_all,0
CO_SW,202,2050_all,0
CO_SW,203,2050_all,0
CO_SW,204,2050_all,0
CO_SW,205,2050_all,0
CO_SW,206,2050_all,0
CO_SW,207,2050_all,0
CO_SW,208,2050_all,0
CO_SW,209,2050_all,0
CO_SW,210,2050_all,0
CO_SW,211,2050_all,0
CO_SW,212,2050_all,0
CO_SW,213,2050_all,0
CO_SW,214,2050_all,0
CO_SW,215,2050_all,0
CO_SW,216,2050_all,0
CO_SW,217,2050_all,0
CO_SW,218,2050_all,0
CO_SW,219,2050_all,0
CO_SW,220,2050_all,0
CO_SW,221,2050_all,0
CO_SW,222,2050_all,0
CO_SW,223,2050_all,0
CO_SW,224,2050_all,0
CO_SW,225,2050_all,0
CO_SW,226,2050_all,0
CO_SW,227,2050_all,0
CO_SW,228,2050_all,0
CO_SW,229,2050_all,0
CO_SW,230,2050_all,0
CO_SW,231,2050_all,0
CO_SW,232,2050_all,0
CO_SW,233,2050_all,0
CO_SW,234,2050_all,0
CO_SW,235,2050_all,0
CO_SW,236,2050_all,0
CO_SW,237,2050_all,0
CO_SW,238,2050_all,0
CO_SW,239,2050_all,0
CO_SW,240,2050_all,0
CO_SW,241,2050_all,0
CO_SW,242,2050_all,0
CO_SW,243,2050_all,0
CO_SW,244,2050_all,0
CO_SW,245,2050_all,0
CO_SW,246,2050_all,0
CO_SW,247,2050_all,0
CO_SW,248,2050_all,0
CO_SW,249,2050_all,0
CO_SW,250,2050_all,0
CO_SW,251,2050_all,0
CO_SW,252,2050_all,0
CO_SW,253,2050_all,0
CO_SW,254,2050_all,0
CO_SW,255,2050_all,0
CO_SW,256,2050_all,0
CO_SW,257,2050_all,0
CO_SW,258,2050_all,0
CO_SW,259,2050_all,0
CO_SW,260,2050_all,0
CO_SW,261,2050_all,0
CO_SW,262,2050_all,0
CO_SW,263,2050_all,0
CO_SW,264,2050_all,0
CO_SW,265,2050_all,0
CO_SW,266,2050_all,0
CO_SW,267,2050_all,0
CO_SW,268,2050_all,0
CO_SW,269,2050_all,0
CO_SW,270,2050_all,0
CO_SW,271,2050_all,0
CO_SW,272,2050_all,0
CO_SW,273,2050_all,0
CO_SW,274,2050_all,0
CO_SW,275,2050_all,0
CO_SW,276,2050_all,0
CO_SW,277,2050_all,0
CO_SW,278,2050_all,0
CO_SW,279,2050_all,0
CO_SW,280,2050_all,0
CO_SW,281,2050_all,0
CO_SW,282,2050_all,0
CO_SW,283,2050_all,0
CO_SW,284,2050_all,0
CO_SW,285,2050_all,0
CO_SW,286,2050_all,0
CO_SW,287,2050_all,0
CO_SW,288,2050_all,0
CO_SW,289,2050_all,0
CO_SW,290,2050_all,0
CO_SW,291,2050_all,0
CO_SW,292,2050_all,0
CO_SW,293,2050_all,0
CO_SW,294,2050_all,0
CO_SW,295,2050_all,0
CO_SW,296,2050_all,0
CO_SW,297,2050_all,0
CO_SW,298,2050_all,0
CO_SW,299,2050_all,0
CO_SW,300,2050_all,0
CO_SW,301,2050_all,0
CO_SW,302,2050_all,0
CO_SW,303,2050_all,0
CO_SW,304,2050_all,0
CO_SW,305,2050_all,0
CO_SW,306,2050_all,0
CO_SW,307,2050_all,0
CO_SW,308,2050_all,0
CO_SW,309,2050_all,0
CO_SW,310,2050_all,0
CO_SW,311,2050_all,0
CO_SW,312,2050_all,0
CO_SW,313,2050_all,0
CO_SW,314,2050_all,0
CO_SW,315,2050_all,0
CO_SW,316,2050_all,0
CO_SW,317,2050_all,0
CO_SW,318,2050_all,0
CO_SW,319,2050_all,0
CO_SW,320,2050_all,0
CO_SW,321,2050_all,0
CO_SW,322,2050_all,0
CO_SW,323,2050_all,0
CO_SW,324,2050_all,0
CO_SW,325,2050_all,0
CO_SW,326,2050_all,0
CO_SW,327,2050_all,0
CO_SW,328,2050_all,0
CO_SW,329,2050_all,0
CO_SW,330,2050_all,0
CO_SW,331,2050_all,0
CO_SW,332,2050_all,0
CO_SW,333,2050_all,0
CO_SW,334,2050_all,0
CO_SW,335,2050_all,0
CO_SW,336,2050_all,0
CO_SW,337,2050_all,0
CO_SW,338,2050_all,0
CO_SW,339,2050_all,0
CO_SW,340,2050_all,0
CO_SW,341,2050_all,0
CO_SW,342,2050_all,0
CO_SW,343,2050_all,0
CO_SW,344,2050_all,0
CO_SW,345,2050_all,0
CO_SW,346,2050_all,0
CO_SW,347,2050_all,0
CO_SW,348,2050_all,0
CO_SW,349,2050_all,0
CO_SW,350,2050_all,0
CO_SW,351,2050_all,0
CO_SW,352,2050_all,0
CO_SW,353,2050_all,0
CO_SW,354,2050_all,0
CO_SW,355,2050_all,0
CO_SW,356,2050_all,0
CO_SW,357,2050_all,0
CO_SW,358,2050_all,0
CO_SW,359,2050_all,0
CO_SW,360,2050_all,0
CO_SW,361,2050_all,0
CO_SW,362,2050_all,0
CO_SW,363,2050_all,0
CO_SW,364,2050_all,0
CO_SW,365,2050_all,0
ID_E,1,2050_all,0
ID_E,2,2050_all,0
ID_E,3,2050_all,0
ID_E,4,2050_all,0
ID_E,5,2050_all,0
ID_E,6,2050_all,0
ID_E,7,2050_all,0
ID_E,8,2050_all,0
ID_E,9,2050_all,0
ID_E,10,2050_all,0
ID_E,11,2050_all,0
ID_E,12,2050_all,0
ID_E,13,2050_all,0
ID_E,14,2050_all,0
ID_E,15,2050_all,0
ID_E,16,2050_all,0
ID_E,17,2050_all,0
ID_E,18,2050_all,0
ID_E,19,2050_all,0
ID_E,20,2050_all,0
ID_E,21,2050_all,0
ID_E,22,2050_all,0
ID_E,23,2050_all,0
ID_E,24,2050_all,0
ID_E,25,2050_all,0
ID_E,26,2050_all,0
ID_E,27,2050_all,0
ID_E,28,2050_all,0
ID_E,29,2050_all,0
ID_E,30,2050_all,0
ID_E,31,2050_all,0
ID_E,32,2050_all,0
ID_E,33,2050_all,0
ID_E,34,2050_all,0
ID_E,35,2050_all,0
ID_E,36,2050_all,0
ID_E,37,2050_all,0
ID_E,38,2050_all,0
ID_E,39,2050_all,0
ID_E,40,2050_all,0
ID_E,41,2050_all,0
ID_E,42,2050_all,0
ID_E,43,2050_all,0
ID_E,44,2050_all,0
ID_E,45,2050_all,0
ID_E,46,2050_all,0
ID_E,47,2050_all,0
ID_E,48,2050_all,0
ID_E,49,2050_all,0
ID_E,50,2050_all,0
ID_E,51,2050_all,0
ID_E,52,2050_all,0
ID_E,53,2050_all,0
ID_E,54,2050_all,0
ID_E,55,2050_all,0
ID_E,56,2050_all,0
ID_E,57,2050_all,0
ID_E,58,2050_all,0
ID_E,59,2050_all,0
ID_E,60,2050_all,0
ID_E,61,2050_all,0
ID_E,62,2050_all,0
ID_E,63,2050_all,0
ID_E,64,2050_all,0
ID_E,65,2050_all,0
ID_E,66,2050_all,0
ID_E,67,2050_all,0
ID_E,68,2050_all,0
ID_E,69,2050_all,0
ID_E,70,2050_all,0
ID_E,71,2050_all,0
ID_E,72,2050_all,0
ID_E,73,2050_all,0
ID_E,74,2050_all,0
ID_E,75,2050_all,0
ID_E,76,2050_all,0
ID_E,77,2050_all,0
ID_E,78,2050_all,0
ID_E,79,2050_all,0
ID_E,80,2050_all,0
ID_E,81,2050_all,0
ID_E,82,2050_all,0
ID_E,83,2050_all,0
ID_E,84,2050_all,0
ID_E,85,2050_all,0
ID_E,86,2050_all,0
ID_E,87,2050_all,0
ID_E,88,2050_all,0
ID_E,89,2050_all,0
ID_E,90,2050_all,0
ID_E,91,2050_all,0
ID_E,92,2050_all,0
ID_E,93,2050_all,0
ID_E,94,2050_all,0
ID_E,95,2050_all,0
ID_E,96,2050_all,0
ID_E,97,2050_all,0
ID_E,98,2050_all,0
ID_E,99,2050_all,0
ID_E,100,2050_all,0
ID_E,101,2050_all,0
ID_E,102,2050_all,0
ID_E,103,2050_all,0
ID_E,104,2050_all,0
ID_E,105,2050_all,0
ID_E,106,2050_all,0
ID_E,107,2050_all,0
ID_E,108,2050_all,0
ID_E,109,2050_all,0
ID_E,110,2050_all,0
ID_E,111,2050_all,0
ID_E,112,2050_all,0
ID_E,113,2050_all,0
ID_E,114,2050_all,0
ID_E,115,2050_all,0
ID_E,116,2050_all,0
ID_E,117,2050_all,0
ID_E,118,2050_all,0
ID_E,119,2050_all,0
ID_E,120,2050_all,0
ID_E,121,2050_all,0
ID_E,122,2050_all,0
ID_E,123,2050_all,0
ID_E,124,2050_all,0
ID_E,125,2050_all,0
ID_E,126,2050_all,0
ID_E,127,2050_all,0
ID_E,128,2050_all,0
ID_E,129,2050_all,0
ID_E,130,2050_all,0
ID_E,131,2050_all,0
ID_E,132,2050_all,0
ID_E,133,2050_all,0
ID_E,134,2050_all,0
ID_E,135,2050_all,0
ID_E,136,2050_all,0
ID_E,137,2050_all,0
ID_E,138,2050_all,0
ID_E,139,2050_all,0
ID_E,140,2050_all,0
ID_E,141,2050_all,0
ID_E,142,2050_all,0
ID_E,143,2050_all,0
ID_E,144,2050_all,0
ID_E,145,2050_all,0
ID_E,146,2050_all,0
ID_E,147,2050_all,0
ID_E,148,2050_all,0
ID_E,149,2050_all,0
ID_E,150,2050_all,0
ID_E,151,2050_all,0
ID_E,152,2050_all,0
ID_E,153,2050_all,0
ID_E,154,2050_all,0
ID_E,155,2050_all,0
ID_E,156,2050_all,0
ID_E,157,2050_all,0
ID_E,158,2050_all,0
ID_E,159,2050_all,0
ID_E,160,2050_all,0
ID_E,161,2050_all,0
ID_E,162,2050_all,0
ID_E,163,2050_all,0
ID_E,164,2050_all,0
ID_E,165,2050_all,0
ID_E,166,2050_all,0
ID_E,167,2050_all,0
ID_E,168,2050_all,0
ID_E,169,2050_all,0
ID_E,170,2050_all,0
ID_E,171,2050_all,0
ID_E,172,2050_all,0
ID_E,173,2050_all,0
ID_E,174,2050_all,0
ID_E,175,2050_all,0
ID_E,176,2050_all,0
ID_E,177,2050_all,0
ID_E,178,2050_all,0
ID_E,179,2050_all,0
ID_E,180,2050_all,0
ID_E,181,2050_all,0
ID_E,182,2050_all,0
ID_E,183,2050_all,0
ID_E,184,2050_all,0
ID_E,185,2050_all,0
ID_E,186,2050_all,0
ID_E,187,2050_all,0
ID_E,188,2050_all,0
ID_E,189,2050_all,0
ID_E,190,2050_all,0
ID_E,191,2050_all,0
ID_E,192,2050_all,0
ID_E,193,2050_all,0
ID_E,194,2050_all,0
ID_E,195,2050_all,0
ID_E,196,2050_all,0
ID_E,197,2050_all,0
ID_E,198,2050_all,0
ID_E,199,2050_all,0
ID_E,200,2050_all,0
ID_E,201,2050_all,0
ID_E,202,2050_all,0
ID_E,203,2050_all,0
ID_E,204,2050_all,0
ID_E,205,2050_all,0
ID_E,206,2050_all,0
ID_E,207,2050_all,0
ID_E,208,2050_all,0
ID_E,209,2050_all,0
ID_E,210,2050_all,0
ID_E,211,2050_all,0
ID_E,212,2050_all,0
ID_E,213,2050_all,0
ID_E,214,2050_all,0
ID_E,215,2050_all,0
ID_E,216,2050_all,0
ID_E,217,2050_all,0
ID_E,218,2050_all,0
ID_E,219,2050_all,0
ID_E,220,2050_all,0
ID_E,221,2050_all,0
ID_E,222,2050_all,0
ID_E,223,2050_all,0
ID_E,224,2050_all,0
ID_E,225,2050_all,0
ID_E,226,2050_all,0
ID_E,227,2050_all,0
ID_E,228,2050_all,0
ID_E,229,2050_all,0
ID_E,230,2050_all,0
ID_E,231,2050_all,0
ID_E,232,2050_all,0
ID_E,233,2050_all,0
ID_E,234,2050_all,0
ID_E,235,2050_all,0
ID_E,236,2050_all,0
ID_E,237,2050_all,0
ID_E,238,2050_all,0
ID_E,239,2050_all,0
ID_E,240,2050_all,0
ID_E,241,2050_all,0
ID_E,242,2050_all,0
ID_E,243,2050_all,0
ID_E,244,2050_all,0
ID_E,245,2050_all,0
ID_E,246,2050_all,0
ID_E,247,2050_all,0
ID_E,248,2050_all,0
ID_E,249,2050_all,0
ID_E,250,2050_all,0
ID_E,251,2050_all,0
ID_E,252,2050_all,0
ID_E,253,2050_all,0
ID_E,254,2050_all,0
ID_E,255,2050_all,0
ID_E,256,2050_all,0
ID_E,257,2050_all,0
ID_E,258,2050_all,0
ID_E,259,2050_all,0
ID_E,260,2050_all,0
ID_E,261,2050_all,0
ID_E,262,2050_all,0
ID_E,263,2050_all,0
ID_E,264,2050_all,0
ID_E,265,2050_all,0
ID_E,266,2050_all,0
ID_E,267,2050_all,0
ID_E,268,2050_all,0
ID_E,269,2050_all,0
ID_E,270,2050_all,0
ID_E,271,2050_all,0
ID_E,272,2050_all,0
ID_E,273,2050_all,0
ID_E,274,2050_all,0
ID_E,275,2050_all,0
ID_E,276,2050_all,0
ID_E,277,2050_all,0
ID_E,278,2050_all,0
ID_E,279,2050_all,0
ID_E,280,2050_all,0
ID_E,281,2050_all,0
ID_E,282,2050_all,0
ID_E,283,2050_all,0
ID_E,284,2050_all,0
ID_E,285,2050_all,0
ID_E,286,2050_all,0
ID_E,287,2050_all,0
ID_E,288,2050_all,0
ID_E,289,2050_all,0
ID_E,290,2050_all,0
ID_E,291,2050_all,0
ID_E,292,2050_all,0
ID_E,293,2050_all,0
ID_E,294,2050_all,0
ID_E,295,2050_all,0
ID_E,296,2050_all,0
ID_E,297,2050_all,0
ID_E,298,2050_all,0
ID_E,299,2050_all,0
ID_E,300,2050_all,0
ID_E,301,2050_all,0
ID_E,302,2050_all,0
ID_E,303,2050_all,0
ID_E,304,2050_all,0
ID_E,305,2050_all,0
ID_E,306,2050_all,0
ID_E,307,2050_all,0
ID_E,308,2050_all,0
ID_E,309,2050_all,0
ID_E,310,2050_all,0
ID_E,311,2050_all,0
ID_E,312,2050_all,0
ID_E,313,2050_all,0
ID_E,314,2050_all,0
ID_E,315,2050_all,0
ID_E,316,2050_all,0
ID_E,317,2050_all,0
ID_E,318,2050_all,0
ID_E,319,2050_all,0
ID_E,320,2050_all,0
ID_E,321,2050_all,0
ID_E,322,2050_all,0
ID_E,323,2050_all,0
ID_E,324,2050_all,0
ID_E,325,2050_all,0
ID_E,326,2050_all,0
ID_E,327,2050_all,0
ID_E,328,2050_all,0
ID_E,329,2050_all,0
ID_E,330,2050_all,0
ID_E,331,2050_all,0
ID_E,332,2050_all,0
ID_E,333,2050_all,0
ID_E,334,2050_all,0
ID_E,335,2050_all,0
ID_E,336,2050_all,0
ID_E,337,2050_all,0
ID_E,338,2050_all,0
ID_E,339,2050_all,0
ID_E,340,2050_all,0
ID_E,341,2050_all,0
ID_E,342,2050_all,0
ID_E,343,2050_all,0
ID_E,344,2050_all,0
ID_E,345,2050_all,0
ID_E,346,2050_all,0
ID_E,347,2050_all,0
ID_E,348,2050_all,0
ID_E,349,2050_all,0
ID_E,350,2050_all,0
ID_E,351,2050_all,0
ID_E,352,2050_all,0
ID_E,353,2050_all,0
ID_E,354,2050_all,0
ID_E,355,2050_all,0
ID_E,356,2050_all,0
ID_E,357,2050_all,0
ID_E,358,2050_all,0
ID_E,359,2050_all,0
ID_E,360,2050_all,0
ID_E,361,2050_all,0
ID_E,362,2050_all,0
ID_E,363,2050_all,0
ID_E,364,2050_all,0
ID_E,365,2050_all,0
ID_S_OR_E,1,2050_all,0
ID_S_OR_E,2,2050_all,0
ID_S_OR_E,3,2050_all,0
ID_S_OR_E,4,2050_all,0
ID_S_OR_E,5,2050_all,0
ID_S_OR_E,6,2050_all,0
ID_S_OR_E,7,2050_all,0
ID_S_OR_E,8,2050_all,0
ID_S_OR_E,9,2050_all,0
ID_S_OR_E,10,2050_all,0
ID_S_OR_E,11,2050_all,0
ID_S_OR_E,12,2050_all,0
ID_S_OR_E,13,2050_all,0
ID_S_OR_E,14,2050_all,0
ID_S_OR_E,15,2050_all,0
ID_S_OR_E,16,2050_all,0
ID_S_OR_E,17,2050_all,0
ID_S_OR_E,18,2050_all,0
ID_S_OR_E,19,2050_all,0
ID_S_OR_E,20,2050_all,0
ID_S_OR_E,21,2050_all,0
ID_S_OR_E,22,2050_all,0
ID_S_OR_E,23,2050_all,0
ID_S_OR_E,24,2050_all,0
ID_S_OR_E,25,2050_all,0
ID_S_OR_E,26,2050_all,0
ID_S_OR_E,27,2050_all,0
ID_S_OR_E,28,2050_all,0
ID_S_OR_E,29,2050_all,0
ID_S_OR_E,30,2050_all,0
ID_S_OR_E,31,2050_all,0
ID_S_OR_E,32,2050_all,0
ID_S_OR_E,33,2050_all,0
ID_S_OR_E,34,2050_all,0
ID_S_OR_E,35,2050_all,0
ID_S_OR_E,36,2050_all,0
ID_S_OR_E,37,2050_all,0
ID_S_OR_E,38,2050_all,0
ID_S_OR_E,39,2050_all,0
ID_S_OR_E,40,2050_all,0
ID_S_OR_E,41,2050_all,0
ID_S_OR_E,42,2050_all,0
ID_S_OR_E,43,2050_all,0
ID_S_OR_E,44,2050_all,0
ID_S_OR_E,45,2050_all,0
ID_S_OR_E,46,2050_all,0
ID_S_OR_E,47,2050_all,0
ID_S_OR_E,48,2050_all,0
ID_S_OR_E,49,2050_all,0
ID_S_OR_E,50,2050_all,0
ID_S_OR_E,51,2050_all,0
ID_S_OR_E,52,2050_all,0
ID_S_OR_E,53,2050_all,0
ID_S_OR_E,54,2050_all,0
ID_S_OR_E,55,2050_all,0
ID_S_OR_E,56,2050_all,0
ID_S_OR_E,57,2050_all,0
ID_S_OR_E,58,2050_all,0
ID_S_OR_E,59,2050_all,0
ID_S_OR_E,60,2050_all,0
ID_S_OR_E,61,2050_all,0
ID_S_OR_E,62,2050_all,0
ID_S_OR_E,63,2050_all,0
ID_S_OR_E,64,2050_all,0
ID_S_OR_E,65,2050_all,0
ID_S_OR_E,66,2050_all,0
ID_S_OR_E,67,2050_all,0
ID_S_OR_E,68,2050_all,0
ID_S_OR_E,69,2050_all,0
ID_S_OR_E,70,2050_all,0
ID_S_OR_E,71,2050_all,0
ID_S_OR_E,72,2050_all,0
ID_S_OR_E,73,2050_all,0
ID_S_OR_E,74,2050_all,0
ID_S_OR_E,75,2050_all,0
ID_S_OR_E,76,2050_all,0
ID_S_OR_E,77,2050_all,0
ID_S_OR_E,78,2050_all,0
ID_S_OR_E,79,2050_all,0
ID_S_OR_E,80,2050_all,0
ID_S_OR_E,81,2050_all,0
ID_S_OR_E,82,2050_all,0
ID_S_OR_E,83,2050_all,0
ID_S_OR_E,84,2050_all,0
ID_S_OR_E,85,2050_all,0
ID_S_OR_E,86,2050_all,0
ID_S_OR_E,87,2050_all,0
ID_S_OR_E,88,2050_all,0
ID_S_OR_E,89,2050_all,0
ID_S_OR_E,90,2050_all,0
ID_S_OR_E,91,2050_all,0
ID_S_OR_E,92,2050_all,0
ID_S_OR_E,93,2050_all,0
ID_S_OR_E,94,2050_all,0
ID_S_OR_E,95,2050_all,0
ID_S_OR_E,96,2050_all,0
ID_S_OR_E,97,2050_all,0
ID_S_OR_E,98,2050_all,0
ID_S_OR_E,99,2050_all,0
ID_S_OR_E,100,2050_all,0
ID_S_OR_E,101,2050_all,0
ID_S_OR_E,102,2050_all,0
ID_S_OR_E,103,2050_all,0
ID_S_OR_E,104,2050_all,0
ID_S_OR_E,105,2050_all,0
ID_S_OR_E,106,2050_all,0
ID_S_OR_E,107,2050_all,0
ID_S_OR_E,108,2050_all,0
ID_S_OR_E,109,2050_all,0
ID_S_OR_E,110,2050_all,0
ID_S_OR_E,111,2050_all,0
ID_S_OR_E,112,2050_all,0
ID_S_OR_E,113,2050_all,0
ID_S_OR_E,114,2050_all,0
ID_S_OR_E,115,2050_all,0
ID_S_OR_E,116,2050_all,0
ID_S_OR_E,117,2050_all,0
ID_S_OR_E,118,2050_all,0
ID_S_OR_E,119,2050_all,0
ID_S_OR_E,120,2050_all,0
ID_S_OR_E,121,2050_all,0
ID_S_OR_E,122,2050_all,0
ID_S_OR_E,123,2050_all,0
ID_S_OR_E,124,2050_all,0
ID_S_OR_E,125,2050_all,0
ID_S_OR_E,126,2050_all,0
ID_S_OR_E,127,2050_all,0
ID_S_OR_E,128,2050_all,0
ID_S_OR_E,129,2050_all,0
ID_S_OR_E,130,2050_all,0
ID_S_OR_E,131,2050_all,0
ID_S_OR_E,132,2050_all,0
ID_S_OR_E,133,2050_all,0
ID_S_OR_E,134,2050_all,0
ID_S_OR_E,135,2050_all,0
ID_S_OR_E,136,2050_all,0
ID_S_OR_E,137,2050_all,0
ID_S_OR_E,138,2050_all,0
ID_S_OR_E,139,2050_all,0
ID_S_OR_E,140,2050_all,0
ID_S_OR_E,141,2050_all,0
ID_S_OR_E,142,2050_all,0
ID_S_OR_E,143,2050_all,0
ID_S_OR_E,144,2050_all,0
ID_S_OR_E,145,2050_all,0
ID_S_OR_E,146,2050_all,0
ID_S_OR_E,147,2050_all,0
ID_S_OR_E,148,2050_all,0
ID_S_OR_E,149,2050_all,0
ID_S_OR_E,150,2050_all,0
ID_S_OR_E,151,2050_all,0
ID_S_OR_E,152,2050_all,0
ID_S_OR_E,153,2050_all,0
ID_S_OR_E,154,2050_all,0
ID_S_OR_E,155,2050_all,0
ID_S_OR_E,156,2050_all,0
ID_S_OR_E,157,2050_all,0
ID_S_OR_E,158,2050_all,0
ID_S_OR_E,159,2050_all,0
ID_S_OR_E,160,2050_all,0
ID_S_OR_E,161,2050_all,0
ID_S_OR_E,162,2050_all,0
ID_S_OR_E,163,2050_all,0
ID_S_OR_E,164,2050_all,0
ID_S_OR_E,165,2050_all,0
ID_S_OR_E,166,2050_all,0
ID_S_OR_E,167,2050_all,0
ID_S_OR_E,168,2050_all,0
ID_S_OR_E,169,2050_all,0
ID_S_OR_E,170,2050_all,0
ID_S_OR_E,171,2050_all,0
ID_S_OR_E,172,2050_all,0
ID_S_OR_E,173,2050_all,0
ID_S_OR_E,174,2050_all,0
ID_S_OR_E,175,2050_all,0
ID_S_OR_E,176,2050_all,0
ID_S_OR_E,177,2050_all,0
ID_S_OR_E,178,2050_all,0
ID_S_OR_E,179,2050_all,0
ID_S_OR_E,180,2050_all,0
ID_S_OR_E,181,2050_all,0
ID_S_OR_E,182,2050_all,0
ID_S_OR_E,183,2050_all,0
ID_S_OR_E,184,2050_all,0
ID_S_OR_E,185,2050_all,0
ID_S_OR_E,186,2050_all,0
ID_S_OR_E,187,2050_all,0
ID_S_OR_E,188,2050_all,0
ID_S_OR_E,189,2050_all,0
ID_S_OR_E,190,2050_all,0
ID_S_OR_E,191,2050_all,0
ID_S_OR_E,192,2050_all,0
ID_S_OR_E,193,2050_all,0
ID_S_OR_E,194,2050_all,0
ID_S_OR_E,195,2050_all,0
ID_S_OR_E,196,2050_all,0
ID_S_OR_E,197,2050_all,0
ID_S_OR_E,198,2050_all,0
ID_S_OR_E,199,2050_all,0
ID_S_OR_E,200,2050_all,0
ID_S_OR_E,201,2050_all,0
ID_S_OR_E,202,2050_all,0
ID_S_OR_E,203,2050_all,0
ID_S_OR_E,204,2050_all,0
ID_S_OR_E,205,2050_all,0
ID_S_OR_E,206,2050_all,0
ID_S_OR_E,207,2050_all,0
ID_S_OR_E,208,2050_all,0
ID_S_OR_E,209,2050_all,0
ID_S_OR_E,210,2050_all,0
ID_S_OR_E,211,2050_all,0
ID_S_OR_E,212,2050_all,0
ID_S_OR_E,213,2050_all,0
ID_S_OR_E,214,2050_all,0
ID_S_OR_E,215,2050_all,0
ID_S_OR_E,216,2050_all,0
ID_S_OR_E,217,2050_all,0
ID_S_OR_E,218,2050_all,0
ID_S_OR_E,219,2050_all,0
ID_S_OR_E,220,2050_all,0
ID_S_OR_E,221,2050_all,0
ID_S_OR_E,222,2050_all,0
ID_S_OR_E,223,2050_all,0
ID_S_OR_E,224,2050_all,0
ID_S_OR_E,225,2050_all,0
ID_S_OR_E,226,2050_all,0
ID_S_OR_E,227,2050_all,0
ID_S_OR_E,228,2050_all,0
ID_S_OR_E,229,2050_all,0
ID_S_OR_E,230,2050_all,0
ID_S_OR_E,231,2050_all,0
ID_S_OR_E,232,2050_all,0
ID_S_OR_E,233,2050_all,0
ID_S_OR_E,234,2050_all,0
ID_S_OR_E,235,2050_all,0
ID_S_OR_E,236,2050_all,0
ID_S_OR_E,237,2050_all,0
ID_S_OR_E,238,2050_all,0
ID_S_OR_E,239,2050_all,0
ID_S_OR_E,240,2050_all,0
ID_S_OR_E,241,2050_all,0
ID_S_OR_E,242,2050_all,0
ID_S_OR_E,243,2050_all,0
ID_S_OR_E,244,2050_all,0
ID_S_OR_E,245,2050_all,0
ID_S_OR_E,246,2050_all,0
ID_S_OR_E,247,2050_all,0
ID_S_OR_E,248,2050_all,0
ID_S_OR_E,249,2050_all,0
ID_S_OR_E,250,2050_all,0
ID_S_OR_E,251,2050_all,0
ID_S_OR_E,252,2050_all,0
ID_S_OR_E,253,2050_all,0
ID_S_OR_E,254,2050_all,0
ID_S_OR_E,255,2050_all,0
ID_S_OR_E,256,2050_all,0
ID_S_OR_E,257,2050_all,0
ID_S_OR_E,258,2050_all,0
ID_S_OR_E,259,2050_all,0
ID_S_OR_E,260,2050_all,0
ID_S_OR_E,261,2050_all,0
ID_S_OR_E,262,2050_all,0
ID_S_OR_E,263,2050_all,0
ID_S_OR_E,264,2050_all,0
ID_S_OR_E,265,2050_all,0
ID_S_OR_E,266,2050_all,0
ID_S_OR_E,267,2050_all,0
ID_S_OR_E,268,2050_all,0
ID_S_OR_E,269,2050_all,0
ID_S_OR_E,270,2050_all,0
ID_S_OR_E,271,2050_all,0
ID_S_OR_E,272,2050_all,0
ID_S_OR_E,273,2050_all,0
ID_S_OR_E,274,2050_all,0
ID_S_OR_E,275,2050_all,0
ID_S_OR_E,276,2050_all,0
ID_S_OR_E,277,2050_all,0
ID_S_OR_E,278,2050_all,0
ID_S_OR_E,279,2050_all,0
ID_S_OR_E,280,2050_all,0
ID_S_OR_E,281,2050_all,0
ID_S_OR_E,282,2050_all,0
ID_S_OR_E,283,2050_all,0
ID_S_OR_E,284,2050_all,0
ID_S_OR_E,285,2050_all,0
ID_S_OR_E,286,2050_all,0
ID_S_OR_E,287,2050_all,0
ID_S_OR_E,288,2050_all,0
ID_S_OR_E,289,2050_all,0
ID_S_OR_E,290,2050_all,0
ID_S_OR_E,291,2050_all,0
ID_S_OR_E,292,2050_all,0
ID_S_OR_E,293,2050_all,0
ID_S_OR_E,294,2050_all,0
ID_S_OR_E,295,2050_all,0
ID_S_OR_E,296,2050_all,0
ID_S_OR_E,297,2050_all,0
ID_S_OR_E,298,2050_all,0
ID_S_OR_E,299,2050_all,0
ID_S_OR_E,300,2050_all,0
ID_S_OR_E,301,2050_all,0
ID_S_OR_E,302,2050_all,0
ID_S_OR_E,303,2050_all,0
ID_S_OR_E,304,2050_all,0
ID_S_OR_E,305,2050_all,0
ID_S_OR_E,306,2050_all,0
ID_S_OR_E,307,2050_all,0
ID_S_OR_E,308,2050_all,0
ID_S_OR_E,309,2050_all,0
ID_S_OR_E,310,2050_all,0
ID_S_OR_E,311,2050_all,0
ID_S_OR_E,312,2050_all,0
ID_S_OR_E,313,2050_all,0
ID_S_OR_E,314,2050_all,0
ID_S_OR_E,315,2050_all,0
ID_S_OR_E,316,2050_all,0
ID_S_OR_E,317,2050_all,0
ID_S_OR_E,318,2050_all,0
ID_S_OR_E,319,2050_all,0
ID_S_OR_E,320,2050_all,0
ID_S_OR_E,321,2050_all,0
ID_S_OR_E,322,2050_all,0
ID_S_OR_E,323,2050_all,0
ID_S_OR_E,324,2050_all,0
ID_S_OR_E,325,2050_all,0
ID_S_OR_E,326,2050_all,0
ID_S_OR_E,327,2050_all,0
ID_S_OR_E,328,2050_all,0
ID_S_OR_E,329,2050_all,0
ID_S_OR_E,330,2050_all,0
ID_S_OR_E,331,2050_all,0
ID_S_OR_E,332,2050_all,0
ID_S_OR_E,333,2050_all,0
ID_S_OR_E,334,2050_all,0
ID_S_OR_E,335,2050_all,0
ID_S_OR_E,336,2050_all,0
ID_S_OR_E,337,2050_all,0
ID_S_OR_E,338,2050_all,0
ID_S_OR_E,339,2050_all,0
ID_S_OR_E,340,2050_all,0
ID_S_OR_E,341,2050_all,0
ID_S_OR_E,342,2050_all,0
ID_S_OR_E,343,2050_all,0
ID_S_OR_E,344,2050_all,0
ID_S_OR_E,345,2050_all,0
ID_S_OR_E,346,2050_all,0
ID_S_OR_E,347,2050_all,0
ID_S_OR_E,348,2050_all,0
ID_S_OR_E,349,2050_all,0
ID_S_OR_E,350,2050_all,0
ID_S_OR_E,351,2050_all,0
ID_S_OR_E,352,2050_all,0
ID_S_OR_E,353,2050_all,0
ID_S_OR_E,354,2050_all,0
ID_S_OR_E,355,2050_all,0
ID_S_OR_E,356,2050_all,0
ID_S_OR_E,357,2050_all,0
ID_S_OR_E,358,2050_all,0
ID_S_OR_E,359,2050_all,0
ID_S_OR_E,360,2050_all,0
ID_S_OR_E,361,2050_all,0
ID_S_OR_E,362,2050_all,0
ID_S_OR_E,363,2050_all,0
ID_S_OR_E,364,2050_all,0
ID_S_OR_E,365,2050_all,0
MT_NE,1,2050_all,0
MT_NE,2,2050_all,0
MT_NE,3,2050_all,0
MT_NE,4,2050_all,0
MT_NE,5,2050_all,0
MT_NE,6,2050_all,0
MT_NE,7,2050_all,0
MT_NE,8,2050_all,0
MT_NE,9,2050_all,0
MT_NE,10,2050_all,0
MT_NE,11,2050_all,0
MT_NE,12,2050_all,0
MT_NE,13,2050_all,0
MT_NE,14,2050_all,0
MT_NE,15,2050_all,0
MT_NE,16,2050_all,0
MT_NE,17,2050_all,0
MT_NE,18,2050_all,0
MT_NE,19,2050_all,0
MT_NE,20,2050_all,0
MT_NE,21,2050_all,0
MT_NE,22,2050_all,0
MT_NE,23,2050_all,0
MT_NE,24,2050_all,0
MT_NE,25,2050_all,0
MT_NE,26,2050_all,0
MT_NE,27,2050_all,0
MT_NE,28,2050_all,0
MT_NE,29,2050_all,0
MT_NE,30,2050_all,0
MT_NE,31,2050_all,0
MT_NE,32,2050_all,0
MT_NE,33,2050_all,0
MT_NE,34,2050_all,0
MT_NE,35,2050_all,0
MT_NE,36,2050_all,0
MT_NE,37,2050_all,0
MT_NE,38,2050_all,0
MT_NE,39,2050_all,0
MT_NE,40,2050_all,0
MT_NE,41,2050_all,0
MT_NE,42,2050_all,0
MT_NE,43,2050_all,0
MT_NE,44,2050_all,0
MT_NE,45,2050_all,0
MT_NE,46,2050_all,0
MT_NE,47,2050_all,0
MT_NE,48,2050_all,0
MT_NE,49,2050_all,0
MT_NE,50,2050_all,0
MT_NE,51,2050_all,0
MT_NE,52,2050_all,0
MT_NE,53,2050_all,0
MT_NE,54,2050_all,0
MT_NE,55,2050_all,0
MT_NE,56,2050_all,0
MT_NE,57,2050_all,0
MT_NE,58,2050_all,0
MT_NE,59,2050_all,0
MT_NE,60,2050_all,0
MT_NE,61,2050_all,0
MT_NE,62,2050_all,0
MT_NE,63,2050_all,0
MT_NE,64,2050_all,0
MT_NE,65,2050_all,0
MT_NE,66,2050_all,0
MT_NE,67,2050_all,0
MT_NE,68,2050_all,0
MT_NE,69,2050_all,0
MT_NE,70,2050_all,0
MT_NE,71,2050_all,0
MT_NE,72,2050_all,0
MT_NE,73,2050_all,0
MT_NE,74,2050_all,0
MT_NE,75,2050_all,0
MT_NE,76,2050_all,0
MT_NE,77,2050_all,0
MT_NE,78,2050_all,0
MT_NE,79,2050_all,0
MT_NE,80,2050_all,0
MT_NE,81,2050_all,0
MT_NE,82,2050_all,0
MT_NE,83,2050_all,0
MT_NE,84,2050_all,0
MT_NE,85,2050_all,0
MT_NE,86,2050_all,0
MT_NE,87,2050_all,0
MT_NE,88,2050_all,0
MT_NE,89,2050_all,0
MT_NE,90,2050_all,0
MT_NE,91,2050_all,0
MT_NE,92,2050_all,0
MT_NE,93,2050_all,0
MT_NE,94,2050_all,0
MT_NE,95,2050_all,0
MT_NE,96,2050_all,0
MT_NE,97,2050_all,0
MT_NE,98,2050_all,0
MT_NE,99,2050_all,0
MT_NE,100,2050_all,0
MT_NE,101,2050_all,0
MT_NE,102,2050_all,0
MT_NE,103,2050_all,0
MT_NE,104,2050_all,0
MT_NE,105,2050_all,0
MT_NE,106,2050_all,0
MT_NE,107,2050_all,0
MT_NE,108,2050_all,0
MT_NE,109,2050_all,0
MT_NE,110,2050_all,0
MT_NE,111,2050_all,0
MT_NE,112,2050_all,0
MT_NE,113,2050_all,0
MT_NE,114,2050_all,0
MT_NE,115,2050_all,0
MT_NE,116,2050_all,0
MT_NE,117,2050_all,0
MT_NE,118,2050_all,0
MT_NE,119,2050_all,0
MT_NE,120,2050_all,0
MT_NE,121,2050_all,0
MT_NE,122,2050_all,0
MT_NE,123,2050_all,0
MT_NE,124,2050_all,0
MT_NE,125,2050_all,0
MT_NE,126,2050_all,0
MT_NE,127,2050_all,0
MT_NE,128,2050_all,0
MT_NE,129,2050_all,0
MT_NE,130,2050_all,0
MT_NE,131,2050_all,0
MT_NE,132,2050_all,0
MT_NE,133,2050_all,0
MT_NE,134,2050_all,0
MT_NE,135,2050_all,0
MT_NE,136,2050_all,0
MT_NE,137,2050_all,0
MT_NE,138,2050_all,0
MT_NE,139,2050_all,0
MT_NE,140,2050_all,0
MT_NE,141,2050_all,0
MT_NE,142,2050_all,0
MT_NE,143,2050_all,0
MT_NE,144,2050_all,0
MT_NE,145,2050_all,0
MT_NE,146,2050_all,0
MT_NE,147,2050_all,0
MT_NE,148,2050_all,0
MT_NE,149,2050_all,0
MT_NE,150,2050_all,0
MT_NE,151,2050_all,0
MT_NE,152,2050_all,0
MT_NE,153,2050_all,0
MT_NE,154,2050_all,0
MT_NE,155,2050_all,0
MT_NE,156,2050_all,0
MT_NE,157,2050_all,0
MT_NE,158,2050_all,0
MT_NE,159,2050_all,0
MT_NE,160,2050_all,0
MT_NE,161,2050_all,0
MT_NE,162,2050_all,0
MT_NE,163,2050_all,0
MT_NE,164,2050_all,0
MT_NE,165,2050_all,0
MT_NE,166,2050_all,0
MT_NE,167,2050_all,0
MT_NE,168,2050_all,0
MT_NE,169,2050_all,0
MT_NE,170,2050_all,0
MT_NE,171,2050_all,0
MT_NE,172,2050_all,0
MT_NE,173,2050_all,0
MT_NE,174,2050_all,0
MT_NE,175,2050_all,0
MT_NE,176,2050_all,0
MT_NE,177,2050_all,0
MT_NE,178,2050_all,0
MT_NE,179,2050_all,0
MT_NE,180,2050_all,0
MT_NE,181,2050_all,0
MT_NE,182,2050_all,0
MT_NE,183,2050_all,0
MT_NE,184,2050_all,0
MT_NE,185,2050_all,0
MT_NE,186,2050_all,0
MT_NE,187,2050_all,0
MT_NE,188,2050_all,0
MT_NE,189,2050_all,0
MT_NE,190,2050_all,0
MT_NE,191,2050_all,0
MT_NE,192,2050_all,0
MT_NE,193,2050_all,0
MT_NE,194,2050_all,0
MT_NE,195,2050_all,0
MT_NE,196,2050_all,0
MT_NE,197,2050_all,0
MT_NE,198,2050_all,0
MT_NE,199,2050_all,0
MT_NE,200,2050_all,0
MT_NE,201,2050_all,0
MT_NE,202,2050_all,0
MT_NE,203,2050_all,0
MT_NE,204,2050_all,0
MT_NE,205,2050_all,0
MT_NE,206,2050_all,0
MT_NE,207,2050_all,0
MT_NE,208,2050_all,0
MT_NE,209,2050_all,0
MT_NE,210,2050_all,0
MT_NE,211,2050_all,0
MT_NE,212,2050_all,0
MT_NE,213,2050_all,0
MT_NE,214,2050_all,0
MT_NE,215,2050_all,0
MT_NE,216,2050_all,0
MT_NE,217,2050_all,0
MT_NE,218,2050_all,0
MT_NE,219,2050_all,0
MT_NE,220,2050_all,0
MT_NE,221,2050_all,0
MT_NE,222,2050_all,0
MT_NE,223,2050_all,0
MT_NE,224,2050_all,0
MT_NE,225,2050_all,0
MT_NE,226,2050_all,0
MT_NE,227,2050_all,0
MT_NE,228,2050_all,0
MT_NE,229,2050_all,0
MT_NE,230,2050_all,0
MT_NE,231,2050_all,0
MT_NE,232,2050_all,0
MT_NE,233,2050_all,0
MT_NE,234,2050_all,0
MT_NE,235,2050_all,0
MT_NE,236,2050_all,0
MT_NE,237,2050_all,0
MT_NE,238,2050_all,0
MT_NE,239,2050_all,0
MT_NE,240,2050_all,0
MT_NE,241,2050_all,0
MT_NE,242,2050_all,0
MT_NE,243,2050_all,0
MT_NE,244,2050_all,0
MT_NE,245,2050_all,0
MT_NE,246,2050_all,0
MT_NE,247,2050_all,0
MT_NE,248,2050_all,0
MT_NE,249,2050_all,0
MT_NE,250,2050_all,0
MT_NE,251,2050_all,0
MT_NE,252,2050_all,0
MT_NE,253,2050_all,0
MT_NE,254,2050_all,0
MT_NE,255,2050_all,0
MT_NE,256,2050_all,0
MT_NE,257,2050_all,0
MT_NE,258,2050_all,0
MT_NE,259,2050_all,0
MT_NE,260,2050_all,0
MT_NE,261,2050_all,0
MT_NE,262,2050_all,0
MT_NE,263,2050_all,0
MT_NE,264,2050_all,0
MT_NE,265,2050_all,0
MT_NE,266,2050_all,0
MT_NE,267,2050_all,0
MT_NE,268,2050_all,0
MT_NE,269,2050_all,0
MT_NE,270,2050_all,0
MT_NE,271,2050_all,0
MT_NE,272,2050_all,0
MT_NE,273,2050_all,0
MT_NE,274,2050_all,0
MT_NE,275,2050_all,0
MT_NE,276,2050_all,0
MT_NE,277,2050_all,0
MT_NE,278,2050_all,0
MT_NE,279,2050_all,0
MT_NE,280,2050_all,0
MT_NE,281,2050_all,0
MT_NE,282,2050_all,0
MT_NE,283,2050_all,0
MT_NE,284,2050_all,0
MT_NE,285,2050_all,0
MT_NE,286,2050_all,0
MT_NE,287,2050_all,0
MT_NE,288,2050_all,0
MT_NE,289,2050_all,0
MT_NE,290,2050_all,0
MT_NE,291,2050_all,0
MT_NE,292,2050_all,0
MT_NE,293,2050_all,0
MT_NE,294,2050_all,0
MT_NE,295,2050_all,0
MT_NE,296,2050_all,0
MT_NE,297,2050_all,0
MT_NE,298,2050_all,0
MT_NE,299,2050_all,0
MT_NE,300,2050_all,0
MT_NE,301,2050_all,0
MT_NE,302,2050_all,0
MT_NE,303,2050_all,0
MT_NE,304,2050_all,0
MT_NE,305,2050_all,0
MT_NE,306,2050_all,0
MT_NE,307,2050_all,0
MT_NE,308,2050_all,0
MT_NE,309,2050_all,0
MT_NE,310,2050_all,0
MT_NE,311,2050_all,0
MT_NE,312,2050_all,0
MT_NE,313,2050_all,0
MT_NE,314,2050_all,0
MT_NE,315,2050_all,0
MT_NE,316,2050_all,0
MT_NE,317,2050_all,0
MT_NE,318,2050_all,0
MT_NE,319,2050_all,0
MT_NE,320,2050_all,0
MT_NE,321,2050_all,0
MT_NE,322,2050_all,0
MT_NE,323,2050_all,0
MT_NE,324,2050_all,0
MT_NE,325,2050_all,0
MT_NE,326,2050_all,0
MT_NE,327,2050_all,0
MT_NE,328,2050_all,0
MT_NE,329,2050_all,0
MT_NE,330,2050_all,0
MT_NE,331,2050_all,0
MT_NE,332,2050_all,0
MT_NE,333,2050_all,0
MT_NE,334,2050_all,0
MT_NE,335,2050_all,0
MT_NE,336,2050_all,0
MT_NE,337,2050_all,0
MT_NE,338,2050_all,0
MT_NE,339,2050_all,0
MT_NE,340,2050_all,0
MT_NE,341,2050_all,0
MT_NE,342,2050_all,0
MT_NE,343,2050_all,0
MT_NE,344,2050_all,0
MT_NE,345,2050_all,0
MT_NE,346,2050_all,0
MT_NE,347,2050_all,0
MT_NE,348,2050_all,0
MT_NE,349,2050_all,0
MT_NE,350,2050_all,0
MT_NE,351,2050_all,0
MT_NE,352,2050_all,0
MT_NE,353,2050_all,0
MT_NE,354,2050_all,0
MT_NE,355,2050_all,0
MT_NE,356,2050_all,0
MT_NE,357,2050_all,0
MT_NE,358,2050_all,0
MT_NE,359,2050_all,0
MT_NE,360,2050_all,0
MT_NE,361,2050_all,0
MT_NE,362,2050_all,0
MT_NE,363,2050_all,0
MT_NE,364,2050_all,0
MT_NE,365,2050_all,0
MT_NW,1,2050_all,0
MT_NW,2,2050_all,0
MT_NW,3,2050_all,0
MT_NW,4,2050_all,0
MT_NW,5,2050_all,0
MT_NW,6,2050_all,0
MT_NW,7,2050_all,0
MT_NW,8,2050_all,0
MT_NW,9,2050_all,0
MT_NW,10,2050_all,0
MT_NW,11,2050_all,0
MT_NW,12,2050_all,0
MT_NW,13,2050_all,0
MT_NW,14,2050_all,0
MT_NW,15,2050_all,0
MT_NW,16,2050_all,0
MT_NW,17,2050_all,0
MT_NW,18,2050_all,0
MT_NW,19,2050_all,0
MT_NW,20,2050_all,0
MT_NW,21,2050_all,0
MT_NW,22,2050_all,0
MT_NW,23,2050_all,0
MT_NW,24,2050_all,0
MT_NW,25,2050_all,0
MT_NW,26,2050_all,0
MT_NW,27,2050_all,0
MT_NW,28,2050_all,0
MT_NW,29,2050_all,0
MT_NW,30,2050_all,0
MT_NW,31,2050_all,0
MT_NW,32,2050_all,0
MT_NW,33,2050_all,0
MT_NW,34,2050_all,0
MT_NW,35,2050_all,0
MT_NW,36,2050_all,0
MT_NW,37,2050_all,0
MT_NW,38,2050_all,0
MT_NW,39,2050_all,0
MT_NW,40,2050_all,0
MT_NW,41,2050_all,0
MT_NW,42,2050_all,0
MT_NW,43,2050_all,0
MT_NW,44,2050_all,0
MT_NW,45,2050_all,0
MT_NW,46,2050_all,0
MT_NW,47,2050_all,0
MT_NW,48,2050_all,0
MT_NW,49,2050_all,0
MT_NW,50,2050_all,0
MT_NW,51,2050_all,0
MT_NW,52,2050_all,0
MT_NW,53,2050_all,0
MT_NW,54,2050_all,0
MT_NW,55,2050_all,0
MT_NW,56,2050_all,0
MT_NW,57,2050_all,0
MT_NW,58,2050_all,0
MT_NW,59,2050_all,0
MT_NW,60,2050_all,0
MT_NW,61,2050_all,0
MT_NW,62,2050_all,0
MT_NW,63,2050_all,0
MT_NW,64,2050_all,0
MT_NW,65,2050_all,0
MT_NW,66,2050_all,0
MT_NW,67,2050_all,0
MT_NW,68,2050_all,0
MT_NW,69,2050_all,0
MT_NW,70,2050_all,0
MT_NW,71,2050_all,0
MT_NW,72,2050_all,0
MT_NW,73,2050_all,0
MT_NW,74,2050_all,0
MT_NW,75,2050_all,0
MT_NW,76,2050_all,0
MT_NW,77,2050_all,0
MT_NW,78,2050_all,0
MT_NW,79,2050_all,0
MT_NW,80,2050_all,0
MT_NW,81,2050_all,0
MT_NW,82,2050_all,0
MT_NW,83,2050_all,0
MT_NW,84,2050_all,0
MT_NW,85,2050_all,0
MT_NW,86,2050_all,0
MT_NW,87,2050_all,0
MT_NW,88,2050_all,0
MT_NW,89,2050_all,0
MT_NW,90,2050_all,0
MT_NW,91,2050_all,0
MT_NW,92,2050_all,0
MT_NW,93,2050_all,0
MT_NW,94,2050_all,0
MT_NW,95,2050_all,0
MT_NW,96,2050_all,0
MT_NW,97,2050_all,0
MT_NW,98,2050_all,0
MT_NW,99,2050_all,0
MT_NW,100,2050_all,0
MT_NW,101,2050_all,0
MT_NW,102,2050_all,0
MT_NW,103,2050_all,0
MT_NW,104,2050_all,0
MT_NW,105,2050_all,0
MT_NW,106,2050_all,0
MT_NW,107,2050_all,0
MT_NW,108,2050_all,0
MT_NW,109,2050_all,0
MT_NW,110,2050_all,0
MT_NW,111,2050_all,0
MT_NW,112,2050_all,0
MT_NW,113,2050_all,0
MT_NW,114,2050_all,0
MT_NW,115,2050_all,0
MT_NW,116,2050_all,0
MT_NW,117,2050_all,0
MT_NW,118,2050_all,0
MT_NW,119,2050_all,0
MT_NW,120,2050_all,0
MT_NW,121,2050_all,0
MT_NW,122,2050_all,0
MT_NW,123,2050_all,0
MT_NW,124,2050_all,0
MT_NW,125,2050_all,0
MT_NW,126,2050_all,0
MT_NW,127,2050_all,0
MT_NW,128,2050_all,0
MT_NW,129,2050_all,0
MT_NW,130,2050_all,0
MT_NW,131,2050_all,0
MT_NW,132,2050_all,0
MT_NW,133,2050_all,0
MT_NW,134,2050_all,0
MT_NW,135,2050_all,0
MT_NW,136,2050_all,0
MT_NW,137,2050_all,0
MT_NW,138,2050_all,0
MT_NW,139,2050_all,0
MT_NW,140,2050_all,0
MT_NW,141,2050_all,0
MT_NW,142,2050_all,0
MT_NW,143,2050_all,0
MT_NW,144,2050_all,0
MT_NW,145,2050_all,0
MT_NW,146,2050_all,0
MT_NW,147,2050_all,0
MT_NW,148,2050_all,0
MT_NW,149,2050_all,0
MT_NW,150,2050_all,0
MT_NW,151,2050_all,0
MT_NW,152,2050_all,0
MT_NW,153,2050_all,0
MT_NW,154,2050_all,0
MT_NW,155,2050_all,0
MT_NW,156,2050_all,0
MT_NW,157,2050_all,0
MT_NW,158,2050_all,0
MT_NW,159,2050_all,0
MT_NW,160,2050_all,0
MT_NW,161,2050_all,0
MT_NW,162,2050_all,0
MT_NW,163,2050_all,0
MT_NW,164,2050_all,0
MT_NW,165,2050_all,0
MT_NW,166,2050_all,0
MT_NW,167,2050_all,0
MT_NW,168,2050_all,0
MT_NW,169,2050_all,0
MT_NW,170,2050_all,0
MT_NW,171,2050_all,0
MT_NW,172,2050_all,0
MT_NW,173,2050_all,0
MT_NW,174,2050_all,0
MT_NW,175,2050_all,0
MT_NW,176,2050_all,0
MT_NW,177,2050_all,0
MT_NW,178,2050_all,0
MT_NW,179,2050_all,0
MT_NW,180,2050_all,0
MT_NW,181,2050_all,0
MT_NW,182,2050_all,0
MT_NW,183,2050_all,0
MT_NW,184,2050_all,0
MT_NW,185,2050_all,0
MT_NW,186,2050_all,0
MT_NW,187,2050_all,0
MT_NW,188,2050_all,0
MT_NW,189,2050_all,0
MT_NW,190,2050_all,0
MT_NW,191,2050_all,0
MT_NW,192,2050_all,0
MT_NW,193,2050_all,0
MT_NW,194,2050_all,0
MT_NW,195,2050_all,0
MT_NW,196,2050_all,0
MT_NW,197,2050_all,0
MT_NW,198,2050_all,0
MT_NW,199,2050_all,0
MT_NW,200,2050_all,0
MT_NW,201,2050_all,0
MT_NW,202,2050_all,0
MT_NW,203,2050_all,0
MT_NW,204,2050_all,0
MT_NW,205,2050_all,0
MT_NW,206,2050_all,0
MT_NW,207,2050_all,0
MT_NW,208,2050_all,0
MT_NW,209,2050_all,0
MT_NW,210,2050_all,0
MT_NW,211,2050_all,0
MT_NW,212,2050_all,0
MT_NW,213,2050_all,0
MT_NW,214,2050_all,0
MT_NW,215,2050_all,0
MT_NW,216,2050_all,0
MT_NW,217,2050_all,0
MT_NW,218,2050_all,0
MT_NW,219,2050_all,0
MT_NW,220,2050_all,0
MT_NW,221,2050_all,0
MT_NW,222,2050_all,0
MT_NW,223,2050_all,0
MT_NW,224,2050_all,0
MT_NW,225,2050_all,0
MT_NW,226,2050_all,0
MT_NW,227,2050_all,0
MT_NW,228,2050_all,0
MT_NW,229,2050_all,0
MT_NW,230,2050_all,0
MT_NW,231,2050_all,0
MT_NW,232,2050_all,0
MT_NW,233,2050_all,0
MT_NW,234,2050_all,0
MT_NW,235,2050_all,0
MT_NW,236,2050_all,0
MT_NW,237,2050_all,0
MT_NW,238,2050_all,0
MT_NW,239,2050_all,0
MT_NW,240,2050_all,0
MT_NW,241,2050_all,0
MT_NW,242,2050_all,0
MT_NW,243,2050_all,0
MT_NW,244,2050_all,0
MT_NW,245,2050_all,0
MT_NW,246,2050_all,0
MT_NW,247,2050_all,0
MT_NW,248,2050_all,0
MT_NW,249,2050_all,0
MT_NW,250,2050_all,0
MT_NW,251,2050_all,0
MT_NW,252,2050_all,0
MT_NW,253,2050_all,0
MT_NW,254,2050_all,0
MT_NW,255,2050_all,0
MT_NW,256,2050_all,0
MT_NW,257,2050_all,0
MT_NW,258,2050_all,0
MT_NW,259,2050_all,0
MT_NW,260,2050_all,0
MT_NW,261,2050_all,0
MT_NW,262,2050_all,0
MT_NW,263,2050_all,0
MT_NW,264,2050_all,0
MT_NW,265,2050_all,0
MT_NW,266,2050_all,0
MT_NW,267,2050_all,0
MT_NW,268,2050_all,0
MT_NW,269,2050_all,0
MT_NW,270,2050_all,0
MT_NW,271,2050_all,0
MT_NW,272,2050_all,0
MT_NW,273,2050_all,0
MT_NW,274,2050_all,0
MT_NW,275,2050_all,0
MT_NW,276,2050_all,0
MT_NW,277,2050_all,0
MT_NW,278,2050_all,0
MT_NW,279,2050_all,0
MT_NW,280,2050_all,0
MT_NW,281,2050_all,0
MT_NW,282,2050_all,0
MT_NW,283,2050_all,0
MT_NW,284,2050_all,0
MT_NW,285,2050_all,0
MT_NW,286,2050_all,0
MT_NW,287,2050_all,0
MT_NW,288,2050_all,0
MT_NW,289,2050_all,0
MT_NW,290,2050_all,0
MT_NW,291,2050_all,0
MT_NW,292,2050_all,0
MT_NW,293,2050_all,0
MT_NW,294,2050_all,0
MT_NW,295,2050_all,0
MT_NW,296,2050_all,0
MT_NW,297,2050_all,0
MT_NW,298,2050_all,0
MT_NW,299,2050_all,0
MT_NW,300,2050_all,0
MT_NW,301,2050_all,0
MT_NW,302,2050_all,0
MT_NW,303,2050_all,0
MT_NW,304,2050_all,0
MT_NW,305,2050_all,0
MT_NW,306,2050_all,0
MT_NW,307,2050_all,0
MT_NW,308,2050_all,0
MT_NW,309,2050_all,0
MT_NW,310,2050_all,0
MT_NW,311,2050_all,0
MT_NW,312,2050_all,0
MT_NW,313,2050_all,0
MT_NW,314,2050_all,0
MT_NW,315,2050_all,0
MT_NW,316,2050_all,0
MT_NW,317,2050_all,0
MT_NW,318,2050_all,0
MT_NW,319,2050_all,0
MT_NW,320,2050_all,0
MT_NW,321,2050_all,0
MT_NW,322,2050_all,0
MT_NW,323,2050_all,0
MT_NW,324,2050_all,0
MT_NW,325,2050_all,0
MT_NW,326,2050_all,0
MT_NW,327,2050_all,0
MT_NW,328,2050_all,0
MT_NW,329,2050_all,0
MT_NW,330,2050_all,0
MT_NW,331,2050_all,0
MT_NW,332,2050_all,0
MT_NW,333,2050_all,0
MT_NW,334,2050_all,0
MT_NW,335,2050_all,0
MT_NW,336,2050_all,0
MT_NW,337,2050_all,0
MT_NW,338,2050_all,0
MT_NW,339,2050_all,0
MT_NW,340,2050_all,0
MT_NW,341,2050_all,0
MT_NW,342,2050_all,0
MT_NW,343,2050_all,0
MT_NW,344,2050_all,0
MT_NW,345,2050_all,0
MT_NW,346,2050_all,0
MT_NW,347,2050_all,0
MT_NW,348,2050_all,0
MT_NW,349,2050_all,0
MT_NW,350,2050_all,0
MT_NW,351,2050_all,0
MT_NW,352,2050_all,0
MT_NW,353,2050_all,0
MT_NW,354,2050_all,0
MT_NW,355,2050_all,0
MT_NW,356,2050_all,0
MT_NW,357,2050_all,0
MT_NW,358,2050_all,0
MT_NW,359,2050_all,0
MT_NW,360,2050_all,0
MT_NW,361,2050_all,0
MT_NW,362,2050_all,0
MT_NW,363,2050_all,0
MT_NW,364,2050_all,0
MT_NW,365,2050_all,0
MT_SE,1,2050_all,0
MT_SE,2,2050_all,0
MT_SE,3,2050_all,0
MT_SE,4,2050_all,0
MT_SE,5,2050_all,0
MT_SE,6,2050_all,0
MT_SE,7,2050_all,0
MT_SE,8,2050_all,0
MT_SE,9,2050_all,0
MT_SE,10,2050_all,0
MT_SE,11,2050_all,0
MT_SE,12,2050_all,0
MT_SE,13,2050_all,0
MT_SE,14,2050_all,0
MT_SE,15,2050_all,0
MT_SE,16,2050_all,0
MT_SE,17,2050_all,0
MT_SE,18,2050_all,0
MT_SE,19,2050_all,0
MT_SE,20,2050_all,0
MT_SE,21,2050_all,0
MT_SE,22,2050_all,0
MT_SE,23,2050_all,0
MT_SE,24,2050_all,0
MT_SE,25,2050_all,0
MT_SE,26,2050_all,0
MT_SE,27,2050_all,0
MT_SE,28,2050_all,0
MT_SE,29,2050_all,0
MT_SE,30,2050_all,0
MT_SE,31,2050_all,0
MT_SE,32,2050_all,0
MT_SE,33,2050_all,0
MT_SE,34,2050_all,0
MT_SE,35,2050_all,0
MT_SE,36,2050_all,0
MT_SE,37,2050_all,0
MT_SE,38,2050_all,0
MT_SE,39,2050_all,0
MT_SE,40,2050_all,0
MT_SE,41,2050_all,0
MT_SE,42,2050_all,0
MT_SE,43,2050_all,0
MT_SE,44,2050_all,0
MT_SE,45,2050_all,0
MT_SE,46,2050_all,0
MT_SE,47,2050_all,0
MT_SE,48,2050_all,0
MT_SE,49,2050_all,0
MT_SE,50,2050_all,0
MT_SE,51,2050_all,0
MT_SE,52,2050_all,0
MT_SE,53,2050_all,0
MT_SE,54,2050_all,0
MT_SE,55,2050_all,0
MT_SE,56,2050_all,0
MT_SE,57,2050_all,0
MT_SE,58,2050_all,0
MT_SE,59,2050_all,0
MT_SE,60,2050_all,0
MT_SE,61,2050_all,0
MT_SE,62,2050_all,0
MT_SE,63,2050_all,0
MT_SE,64,2050_all,0
MT_SE,65,2050_all,0
MT_SE,66,2050_all,0
MT_SE,67,2050_all,0
MT_SE,68,2050_all,0
MT_SE,69,2050_all,0
MT_SE,70,2050_all,0
MT_SE,71,2050_all,0
MT_SE,72,2050_all,0
MT_SE,73,2050_all,0
MT_SE,74,2050_all,0
MT_SE,75,2050_all,0
MT_SE,76,2050_all,0
MT_SE,77,2050_all,0
MT_SE,78,2050_all,0
MT_SE,79,2050_all,0
MT_SE,80,2050_all,0
MT_SE,81,2050_all,0
MT_SE,82,2050_all,0
MT_SE,83,2050_all,0
MT_SE,84,2050_all,0
MT_SE,85,2050_all,0
MT_SE,86,2050_all,0
MT_SE,87,2050_all,0
MT_SE,88,2050_all,0
MT_SE,89,2050_all,0
MT_SE,90,2050_all,0
MT_SE,91,2050_all,0
MT_SE,92,2050_all,0
MT_SE,93,2050_all,0
MT_SE,94,2050_all,0
MT_SE,95,2050_all,0
MT_SE,96,2050_all,0
MT_SE,97,2050_all,0
MT_SE,98,2050_all,0
MT_SE,99,2050_all,0
MT_SE,100,2050_all,0
MT_SE,101,2050_all,0
MT_SE,102,2050_all,0
MT_SE,103,2050_all,0
MT_SE,104,2050_all,0
MT_SE,105,2050_all,0
MT_SE,106,2050_all,0
MT_SE,107,2050_all,0
MT_SE,108,2050_all,0
MT_SE,109,2050_all,0
MT_SE,110,2050_all,0
MT_SE,111,2050_all,0
MT_SE,112,2050_all,0
MT_SE,113,2050_all,0
MT_SE,114,2050_all,0
MT_SE,115,2050_all,0
MT_SE,116,2050_all,0
MT_SE,117,2050_all,0
MT_SE,118,2050_all,0
MT_SE,119,2050_all,0
MT_SE,120,2050_all,0
MT_SE,121,2050_all,0
MT_SE,122,2050_all,0
MT_SE,123,2050_all,0
MT_SE,124,2050_all,0
MT_SE,125,2050_all,0
MT_SE,126,2050_all,0
MT_SE,127,2050_all,0
MT_SE,128,2050_all,0
MT_SE,129,2050_all,0
MT_SE,130,2050_all,0
MT_SE,131,2050_all,0
MT_SE,132,2050_all,0
MT_SE,133,2050_all,0
MT_SE,134,2050_all,0
MT_SE,135,2050_all,0
MT_SE,136,2050_all,0
MT_SE,137,2050_all,0
MT_SE,138,2050_all,0
MT_SE,139,2050_all,0
MT_SE,140,2050_all,0
MT_SE,141,2050_all,0
MT_SE,142,2050_all,0
MT_SE,143,2050_all,0
MT_SE,144,2050_all,0
MT_SE,145,2050_all,0
MT_SE,146,2050_all,0
MT_SE,147,2050_all,0
MT_SE,148,2050_all,0
MT_SE,149,2050_all,0
MT_SE,150,2050_all,0
MT_SE,151,2050_all,0
MT_SE,152,2050_all,0
MT_SE,153,2050_all,0
MT_SE,154,2050_all,0
MT_SE,155,2050_all,0
MT_SE,156,2050_all,0
MT_SE,157,2050_all,0
MT_SE,158,2050_all,0
MT_SE,159,2050_all,0
MT_SE,160,2050_all,0
MT_SE,161,2050_all,0
MT_SE,162,2050_all,0
MT_SE,163,2050_all,0
MT_SE,164,2050_all,0
MT_SE,165,2050_all,0
MT_SE,166,2050_all,0
MT_SE,167,2050_all,0
MT_SE,168,2050_all,0
MT_SE,169,2050_all,0
MT_SE,170,2050_all,0
MT_SE,171,2050_all,0
MT_SE,172,2050_all,0
MT_SE,173,2050_all,0
MT_SE,174,2050_all,0
MT_SE,175,2050_all,0
MT_SE,176,2050_all,0
MT_SE,177,2050_all,0
MT_SE,178,2050_all,0
MT_SE,179,2050_all,0
MT_SE,180,2050_all,0
MT_SE,181,2050_all,0
MT_SE,182,2050_all,0
MT_SE,183,2050_all,0
MT_SE,184,2050_all,0
MT_SE,185,2050_all,0
MT_SE,186,2050_all,0
MT_SE,187,2050_all,0
MT_SE,188,2050_all,0
MT_SE,189,2050_all,0
MT_SE,190,2050_all,0
MT_SE,191,2050_all,0
MT_SE,192,2050_all,0
MT_SE,193,2050_all,0
MT_SE,194,2050_all,0
MT_SE,195,2050_all,0
MT_SE,196,2050_all,0
MT_SE,197,2050_all,0
MT_SE,198,2050_all,0
MT_SE,199,2050_all,0
MT_SE,200,2050_all,0
MT_SE,201,2050_all,0
MT_SE,202,2050_all,0
MT_SE,203,2050_all,0
MT_SE,204,2050_all,0
MT_SE,205,2050_all,0
MT_SE,206,2050_all,0
MT_SE,207,2050_all,0
MT_SE,208,2050_all,0
MT_SE,209,2050_all,0
MT_SE,210,2050_all,0
MT_SE,211,2050_all,0
MT_SE,212,2050_all,0
MT_SE,213,2050_all,0
MT_SE,214,2050_all,0
MT_SE,215,2050_all,0
MT_SE,216,2050_all,0
MT_SE,217,2050_all,0
MT_SE,218,2050_all,0
MT_SE,219,2050_all,0
MT_SE,220,2050_all,0
MT_SE,221,2050_all,0
MT_SE,222,2050_all,0
MT_SE,223,2050_all,0
MT_SE,224,2050_all,0
MT_SE,225,2050_all,0
MT_SE,226,2050_all,0
MT_SE,227,2050_all,0
MT_SE,228,2050_all,0
MT_SE,229,2050_all,0
MT_SE,230,2050_all,0
MT_SE,231,2050_all,0
MT_SE,232,2050_all,0
MT_SE,233,2050_all,0
MT_SE,234,2050_all,0
MT_SE,235,2050_all,0
MT_SE,236,2050_all,0
MT_SE,237,2050_all,0
MT_SE,238,2050_all,0
MT_SE,239,2050_all,0
MT_SE,240,2050_all,0
MT_SE,241,2050_all,0
MT_SE,242,2050_all,0
MT_SE,243,2050_all,0
MT_SE,244,2050_all,0
MT_SE,245,2050_all,0
MT_SE,246,2050_all,0
MT_SE,247,2050_all,0
MT_SE,248,2050_all,0
MT_SE,249,2050_all,0
MT_SE,250,2050_all,0
MT_SE,251,2050_all,0
MT_SE,252,2050_all,0
MT_SE,253,2050_all,0
MT_SE,254,2050_all,0
MT_SE,255,2050_all,0
MT_SE,256,2050_all,0
MT_SE,257,2050_all,0
MT_SE,258,2050_all,0
MT_SE,259,2050_all,0
MT_SE,260,2050_all,0
MT_SE,261,2050_all,0
MT_SE,262,2050_all,0
MT_SE,263,2050_all,0
MT_SE,264,2050_all,0
MT_SE,265,2050_all,0
MT_SE,266,2050_all,0
MT_SE,267,2050_all,0
MT_SE,268,2050_all,0
MT_SE,269,2050_all,0
MT_SE,270,2050_all,0
MT_SE,271,2050_all,0
MT_SE,272,2050_all,0
MT_SE,273,2050_all,0
MT_SE,274,2050_all,0
MT_SE,275,2050_all,0
MT_SE,276,2050_all,0
MT_SE,277,2050_all,0
MT_SE,278,2050_all,0
MT_SE,279,2050_all,0
MT_SE,280,2050_all,0
MT_SE,281,2050_all,0
MT_SE,282,2050_all,0
MT_SE,283,2050_all,0
MT_SE,284,2050_all,0
MT_SE,285,2050_all,0
MT_SE,286,2050_all,0
MT_SE,287,2050_all,0
MT_SE,288,2050_all,0
MT_SE,289,2050_all,0
MT_SE,290,2050_all,0
MT_SE,291,2050_all,0
MT_SE,292,2050_all,0
MT_SE,293,2050_all,0
MT_SE,294,2050_all,0
MT_SE,295,2050_all,0
MT_SE,296,2050_all,0
MT_SE,297,2050_all,0
MT_SE,298,2050_all,0
MT_SE,299,2050_all,0
MT_SE,300,2050_all,0
MT_SE,301,2050_all,0
MT_SE,302,2050_all,0
MT_SE,303,2050_all,0
MT_SE,304,2050_all,0
MT_SE,305,2050_all,0
MT_SE,306,2050_all,0
MT_SE,307,2050_all,0
MT_SE,308,2050_all,0
MT_SE,309,2050_all,0
MT_SE,310,2050_all,0
MT_SE,311,2050_all,0
MT_SE,312,2050_all,0
MT_SE,313,2050_all,0
MT_SE,314,2050_all,0
MT_SE,315,2050_all,0
MT_SE,316,2050_all,0
MT_SE,317,2050_all,0
MT_SE,318,2050_all,0
MT_SE,319,2050_all,0
MT_SE,320,2050_all,0
MT_SE,321,2050_all,0
MT_SE,322,2050_all,0
MT_SE,323,2050_all,0
MT_SE,324,2050_all,0
MT_SE,325,2050_all,0
MT_SE,326,2050_all,0
MT_SE,327,2050_all,0
MT_SE,328,2050_all,0
MT_SE,329,2050_all,0
MT_SE,330,2050_all,0
MT_SE,331,2050_all,0
MT_SE,332,2050_all,0
MT_SE,333,2050_all,0
MT_SE,334,2050_all,0
MT_SE,335,2050_all,0
MT_SE,336,2050_all,0
MT_SE,337,2050_all,0
MT_SE,338,2050_all,0
MT_SE,339,2050_all,0
MT_SE,340,2050_all,0
MT_SE,341,2050_all,0
MT_SE,342,2050_all,0
MT_SE,343,2050_all,0
MT_SE,344,2050_all,0
MT_SE,345,2050_all,0
MT_SE,346,2050_all,0
MT_SE,347,2050_all,0
MT_SE,348,2050_all,0
MT_SE,349,2050_all,0
MT_SE,350,2050_all,0
MT_SE,351,2050_all,0
MT_SE,352,2050_all,0
MT_SE,353,2050_all,0
MT_SE,354,2050_all,0
MT_SE,355,2050_all,0
MT_SE,356,2050_all,0
MT_SE,357,2050_all,0
MT_SE,358,2050_all,0
MT_SE,359,2050_all,0
MT_SE,360,2050_all,0
MT_SE,361,2050_all,0
MT_SE,362,2050_all,0
MT_SE,363,2050_all,0
MT_SE,364,2050_all,0
MT_SE,365,2050_all,0
MT_SW,1,2050_all,0
MT_SW,2,2050_all,0
MT_SW,3,2050_all,0
MT_SW,4,2050_all,0
MT_SW,5,2050_all,0
MT_SW,6,2050_all,0
MT_SW,7,2050_all,0
MT_SW,8,2050_all,0
MT_SW,9,2050_all,0
MT_SW,10,2050_all,0
MT_SW,11,2050_all,0
MT_SW,12,2050_all,0
MT_SW,13,2050_all,0
MT_SW,14,2050_all,0
MT_SW,15,2050_all,0
MT_SW,16,2050_all,0
MT_SW,17,2050_all,0
MT_SW,18,2050_all,0
MT_SW,19,2050_all,0
MT_SW,20,2050_all,0
MT_SW,21,2050_all,0
MT_SW,22,2050_all,0
MT_SW,23,2050_all,0
MT_SW,24,2050_all,0
MT_SW,25,2050_all,0
MT_SW,26,2050_all,0
MT_SW,27,2050_all,0
MT_SW,28,2050_all,0
MT_SW,29,2050_all,0
MT_SW,30,2050_all,0
MT_SW,31,2050_all,0
MT_SW,32,2050_all,0
MT_SW,33,2050_all,0
MT_SW,34,2050_all,0
MT_SW,35,2050_all,0
MT_SW,36,2050_all,0
MT_SW,37,2050_all,0
MT_SW,38,2050_all,0
MT_SW,39,2050_all,0
MT_SW,40,2050_all,0
MT_SW,41,2050_all,0
MT_SW,42,2050_all,0
MT_SW,43,2050_all,0
MT_SW,44,2050_all,0
MT_SW,45,2050_all,0
MT_SW,46,2050_all,0
MT_SW,47,2050_all,0
MT_SW,48,2050_all,0
MT_SW,49,2050_all,0
MT_SW,50,2050_all,0
MT_SW,51,2050_all,0
MT_SW,52,2050_all,0
MT_SW,53,2050_all,0
MT_SW,54,2050_all,0
MT_SW,55,2050_all,0
MT_SW,56,2050_all,0
MT_SW,57,2050_all,0
MT_SW,58,2050_all,0
MT_SW,59,2050_all,0
MT_SW,60,2050_all,0
MT_SW,61,2050_all,0
MT_SW,62,2050_all,0
MT_SW,63,2050_all,0
MT_SW,64,2050_all,0
MT_SW,65,2050_all,0
MT_SW,66,2050_all,0
MT_SW,67,2050_all,0
MT_SW,68,2050_all,0
MT_SW,69,2050_all,0
MT_SW,70,2050_all,0
MT_SW,71,2050_all,0
MT_SW,72,2050_all,0
MT_SW,73,2050_all,0
MT_SW,74,2050_all,0
MT_SW,75,2050_all,0
MT_SW,76,2050_all,0
MT_SW,77,2050_all,0
MT_SW,78,2050_all,0
MT_SW,79,2050_all,0
MT_SW,80,2050_all,0
MT_SW,81,2050_all,0
MT_SW,82,2050_all,0
MT_SW,83,2050_all,0
MT_SW,84,2050_all,0
MT_SW,85,2050_all,0
MT_SW,86,2050_all,0
MT_SW,87,2050_all,0
MT_SW,88,2050_all,0
MT_SW,89,2050_all,0
MT_SW,90,2050_all,0
MT_SW,91,2050_all,0
MT_SW,92,2050_all,0
MT_SW,93,2050_all,0
MT_SW,94,2050_all,0
MT_SW,95,2050_all,0
MT_SW,96,2050_all,0
MT_SW,97,2050_all,0
MT_SW,98,2050_all,0
MT_SW,99,2050_all,0
MT_SW,100,2050_all,0
MT_SW,101,2050_all,0
MT_SW,102,2050_all,0
MT_SW,103,2050_all,0
MT_SW,104,2050_all,0
MT_SW,105,2050_all,0
MT_SW,106,2050_all,0
MT_SW,107,2050_all,0
MT_SW,108,2050_all,0
MT_SW,109,2050_all,0
MT_SW,110,2050_all,0
MT_SW,111,2050_all,0
MT_SW,112,2050_all,0
MT_SW,113,2050_all,0
MT_SW,114,2050_all,0
MT_SW,115,2050_all,0
MT_SW,116,2050_all,0
MT_SW,117,2050_all,0
MT_SW,118,2050_all,0
MT_SW,119,2050_all,0
MT_SW,120,2050_all,0
MT_SW,121,2050_all,0
MT_SW,122,2050_all,0
MT_SW,123,2050_all,0
MT_SW,124,2050_all,0
MT_SW,125,2050_all,0
MT_SW,126,2050_all,0
MT_SW,127,2050_all,0
MT_SW,128,2050_all,0
MT_SW,129,2050_all,0
MT_SW,130,2050_all,0
MT_SW,131,2050_all,0
MT_SW,132,2050_all,0
MT_SW,133,2050_all,0
MT_SW,134,2050_all,0
MT_SW,135,2050_all,0
MT_SW,136,2050_all,0
MT_SW,137,2050_all,0
MT_SW,138,2050_all,0
MT_SW,139,2050_all,0
MT_SW,140,2050_all,0
MT_SW,141,2050_all,0
MT_SW,142,2050_all,0
MT_SW,143,2050_all,0
MT_SW,144,2050_all,0
MT_SW,145,2050_all,0
MT_SW,146,2050_all,0
MT_SW,147,2050_all,0
MT_SW,148,2050_all,0
MT_SW,149,2050_all,0
MT_SW,150,2050_all,0
MT_SW,151,2050_all,0
MT_SW,152,2050_all,0
MT_SW,153,2050_all,0
MT_SW,154,2050_all,0
MT_SW,155,2050_all,0
MT_SW,156,2050_all,0
MT_SW,157,2050_all,0
MT_SW,158,2050_all,0
MT_SW,159,2050_all,0
MT_SW,160,2050_all,0
MT_SW,161,2050_all,0
MT_SW,162,2050_all,0
MT_SW,163,2050_all,0
MT_SW,164,2050_all,0
MT_SW,165,2050_all,0
MT_SW,166,2050_all,0
MT_SW,167,2050_all,0
MT_SW,168,2050_all,0
MT_SW,169,2050_all,0
MT_SW,170,2050_all,0
MT_SW,171,2050_all,0
MT_SW,172,2050_all,0
MT_SW,173,2050_all,0
MT_SW,174,2050_all,0
MT_SW,175,2050_all,0
MT_SW,176,2050_all,0
MT_SW,177,2050_all,0
MT_SW,178,2050_all,0
MT_SW,179,2050_all,0
MT_SW,180,2050_all,0
MT_SW,181,2050_all,0
MT_SW,182,2050_all,0
MT_SW,183,2050_all,0
MT_SW,184,2050_all,0
MT_SW,185,2050_all,0
MT_SW,186,2050_all,0
MT_SW,187,2050_all,0
MT_SW,188,2050_all,0
MT_SW,189,2050_all,0
MT_SW,190,2050_all,0
MT_SW,191,2050_all,0
MT_SW,192,2050_all,0
MT_SW,193,2050_all,0
MT_SW,194,2050_all,0
MT_SW,195,2050_all,0
MT_SW,196,2050_all,0
MT_SW,197,2050_all,0
MT_SW,198,2050_all,0
MT_SW,199,2050_all,0
MT_SW,200,2050_all,0
MT_SW,201,2050_all,0
MT_SW,202,2050_all,0
MT_SW,203,2050_all,0
MT_SW,204,2050_all,0
MT_SW,205,2050_all,0
MT_SW,206,2050_all,0
MT_SW,207,2050_all,0
MT_SW,208,2050_all,0
MT_SW,209,2050_all,0
MT_SW,210,2050_all,0
MT_SW,211,2050_all,0
MT_SW,212,2050_all,0
MT_SW,213,2050_all,0
MT_SW,214,2050_all,0
MT_SW,215,2050_all,0
MT_SW,216,2050_all,0
MT_SW,217,2050_all,0
MT_SW,218,2050_all,0
MT_SW,219,2050_all,0
MT_SW,220,2050_all,0
MT_SW,221,2050_all,0
MT_SW,222,2050_all,0
MT_SW,223,2050_all,0
MT_SW,224,2050_all,0
MT_SW,225,2050_all,0
MT_SW,226,2050_all,0
MT_SW,227,2050_all,0
MT_SW,228,2050_all,0
MT_SW,229,2050_all,0
MT_SW,230,2050_all,0
MT_SW,231,2050_all,0
MT_SW,232,2050_all,0
MT_SW,233,2050_all,0
MT_SW,234,2050_all,0
MT_SW,235,2050_all,0
MT_SW,236,2050_all,0
MT_SW,237,2050_all,0
MT_SW,238,2050_all,0
MT_SW,239,2050_all,0
MT_SW,240,2050_all,0
MT_SW,241,2050_all,0
MT_SW,242,2050_all,0
MT_SW,243,2050_all,0
MT_SW,244,2050_all,0
MT_SW,245,2050_all,0
MT_SW,246,2050_all,0
MT_SW,247,2050_all,0
MT_SW,248,2050_all,0
MT_SW,249,2050_all,0
MT_SW,250,2050_all,0
MT_SW,251,2050_all,0
MT_SW,252,2050_all,0
MT_SW,253,2050_all,0
MT_SW,254,2050_all,0
MT_SW,255,2050_all,0
MT_SW,256,2050_all,0
MT_SW,257,2050_all,0
MT_SW,258,2050_all,0
MT_SW,259,2050_all,0
MT_SW,260,2050_all,0
MT_SW,261,2050_all,0
MT_SW,262,2050_all,0
MT_SW,263,2050_all,0
MT_SW,264,2050_all,0
MT_SW,265,2050_all,0
MT_SW,266,2050_all,0
MT_SW,267,2050_all,0
MT_SW,268,2050_all,0
MT_SW,269,2050_all,0
MT_SW,270,2050_all,0
MT_SW,271,2050_all,0
MT_SW,272,2050_all,0
MT_SW,273,2050_all,0
MT_SW,274,2050_all,0
MT_SW,275,2050_all,0
MT_SW,276,2050_all,0
MT_SW,277,2050_all,0
MT_SW,278,2050_all,0
MT_SW,279,2050_all,0
MT_SW,280,2050_all,0
MT_SW,281,2050_all,0
MT_SW,282,2050_all,0
MT_SW,283,2050_all,0
MT_SW,284,2050_all,0
MT_SW,285,2050_all,0
MT_SW,286,2050_all,0
MT_SW,287,2050_all,0
MT_SW,288,2050_all,0
MT_SW,289,2050_all,0
MT_SW,290,2050_all,0
MT_SW,291,2050_all,0
MT_SW,292,2050_all,0
MT_SW,293,2050_all,0
MT_SW,294,2050_all,0
MT_SW,295,2050_all,0
MT_SW,296,2050_all,0
MT_SW,297,2050_all,0
MT_SW,298,2050_all,0
MT_SW,299,2050_all,0
MT_SW,300,2050_all,0
MT_SW,301,2050_all,0
MT_SW,302,2050_all,0
MT_SW,303,2050_all,0
MT_SW,304,2050_all,0
MT_SW,305,2050_all,0
MT_SW,306,2050_all,0
MT_SW,307,2050_all,0
MT_SW,308,2050_all,0
MT_SW,309,2050_all,0
MT_SW,310,2050_all,0
MT_SW,311,2050_all,0
MT_SW,312,2050_all,0
MT_SW,313,2050_all,0
MT_SW,314,2050_all,0
MT_SW,315,2050_all,0
MT_SW,316,2050_all,0
MT_SW,317,2050_all,0
MT_SW,318,2050_all,0
MT_SW,319,2050_all,0
MT_SW,320,2050_all,0
MT_SW,321,2050_all,0
MT_SW,322,2050_all,0
MT_SW,323,2050_all,0
MT_SW,324,2050_all,0
MT_SW,325,2050_all,0
MT_SW,326,2050_all,0
MT_SW,327,2050_all,0
MT_SW,328,2050_all,0
MT_SW,329,2050_all,0
MT_SW,330,2050_all,0
MT_SW,331,2050_all,0
MT_SW,332,2050_all,0
MT_SW,333,2050_all,0
MT_SW,334,2050_all,0
MT_SW,335,2050_all,0
MT_SW,336,2050_all,0
MT_SW,337,2050_all,0
MT_SW,338,2050_all,0
MT_SW,339,2050_all,0
MT_SW,340,2050_all,0
MT_SW,341,2050_all,0
MT_SW,342,2050_all,0
MT_SW,343,2050_all,0
MT_SW,344,2050_all,0
MT_SW,345,2050_all,0
MT_SW,346,2050_all,0
MT_SW,347,2050_all,0
MT_SW,348,2050_all,0
MT_SW,349,2050_all,0
MT_SW,350,2050_all,0
MT_SW,351,2050_all,0
MT_SW,352,2050_all,0
MT_SW,353,2050_all,0
MT_SW,354,2050_all,0
MT_SW,355,2050_all,0
MT_SW,356,2050_all,0
MT_SW,357,2050_all,0
MT_SW,358,2050_all,0
MT_SW,359,2050_all,0
MT_SW,360,2050_all,0
MT_SW,361,2050_all,0
MT_SW,362,2050_all,0
MT_SW,363,2050_all,0
MT_SW,364,2050_all,0
MT_SW,365,2050_all,0
NM_N,1,2050_all,0
NM_N,2,2050_all,0
NM_N,3,2050_all,0
NM_N,4,2050_all,0
NM_N,5,2050_all,0
NM_N,6,2050_all,0
NM_N,7,2050_all,0
NM_N,8,2050_all,0
NM_N,9,2050_all,0
NM_N,10,2050_all,0
NM_N,11,2050_all,0
NM_N,12,2050_all,0
NM_N,13,2050_all,0
NM_N,14,2050_all,0
NM_N,15,2050_all,0
NM_N,16,2050_all,0
NM_N,17,2050_all,0
NM_N,18,2050_all,0
NM_N,19,2050_all,0
NM_N,20,2050_all,0
NM_N,21,2050_all,0
NM_N,22,2050_all,0
NM_N,23,2050_all,0
NM_N,24,2050_all,0
NM_N,25,2050_all,0
NM_N,26,2050_all,0
NM_N,27,2050_all,0
NM_N,28,2050_all,0
NM_N,29,2050_all,0
NM_N,30,2050_all,0
NM_N,31,2050_all,0
NM_N,32,2050_all,0
NM_N,33,2050_all,0
NM_N,34,2050_all,0
NM_N,35,2050_all,0
NM_N,36,2050_all,0
NM_N,37,2050_all,0
NM_N,38,2050_all,0
NM_N,39,2050_all,0
NM_N,40,2050_all,0
NM_N,41,2050_all,0
NM_N,42,2050_all,0
NM_N,43,2050_all,0
NM_N,44,2050_all,0
NM_N,45,2050_all,0
NM_N,46,2050_all,0
NM_N,47,2050_all,0
NM_N,48,2050_all,0
NM_N,49,2050_all,0
NM_N,50,2050_all,0
NM_N,51,2050_all,0
NM_N,52,2050_all,0
NM_N,53,2050_all,0
NM_N,54,2050_all,0
NM_N,55,2050_all,0
NM_N,56,2050_all,0
NM_N,57,2050_all,0
NM_N,58,2050_all,0
NM_N,59,2050_all,0
NM_N,60,2050_all,0
NM_N,61,2050_all,0
NM_N,62,2050_all,0
NM_N,63,2050_all,0
NM_N,64,2050_all,0
NM_N,65,2050_all,0
NM_N,66,2050_all,0
NM_N,67,2050_all,0
NM_N,68,2050_all,0
NM_N,69,2050_all,0
NM_N,70,2050_all,0
NM_N,71,2050_all,0
NM_N,72,2050_all,0
NM_N,73,2050_all,0
NM_N,74,2050_all,0
NM_N,75,2050_all,0
NM_N,76,2050_all,0
NM_N,77,2050_all,0
NM_N,78,2050_all,0
NM_N,79,2050_all,0
NM_N,80,2050_all,0
NM_N,81,2050_all,0
NM_N,82,2050_all,0
NM_N,83,2050_all,0
NM_N,84,2050_all,0
NM_N,85,2050_all,0
NM_N,86,2050_all,0
NM_N,87,2050_all,0
NM_N,88,2050_all,0
NM_N,89,2050_all,0
NM_N,90,2050_all,0
NM_N,91,2050_all,0
NM_N,92,2050_all,0
NM_N,93,2050_all,0
NM_N,94,2050_all,0
NM_N,95,2050_all,0
NM_N,96,2050_all,0
NM_N,97,2050_all,0
NM_N,98,2050_all,0
NM_N,99,2050_all,0
NM_N,100,2050_all,0
NM_N,101,2050_all,0
NM_N,102,2050_all,0
NM_N,103,2050_all,0
NM_N,104,2050_all,0
NM_N,105,2050_all,0
NM_N,106,2050_all,0
NM_N,107,2050_all,0
NM_N,108,2050_all,0
NM_N,109,2050_all,0
NM_N,110,2050_all,0
NM_N,111,2050_all,0
NM_N,112,2050_all,0
NM_N,113,2050_all,0
NM_N,114,2050_all,0
NM_N,115,2050_all,0
NM_N,116,2050_all,0
NM_N,117,2050_all,0
NM_N,118,2050_all,0
NM_N,119,2050_all,0
NM_N,120,2050_all,0
NM_N,121,2050_all,0
NM_N,122,2050_all,0
NM_N,123,2050_all,0
NM_N,124,2050_all,0
NM_N,125,2050_all,0
NM_N,126,2050_all,0
NM_N,127,2050_all,0
NM_N,128,2050_all,0
NM_N,129,2050_all,0
NM_N,130,2050_all,0
NM_N,131,2050_all,0
NM_N,132,2050_all,0
NM_N,133,2050_all,0
NM_N,134,2050_all,0
NM_N,135,2050_all,0
NM_N,136,2050_all,0
NM_N,137,2050_all,0
NM_N,138,2050_all,0
NM_N,139,2050_all,0
NM_N,140,2050_all,0
NM_N,141,2050_all,0
NM_N,142,2050_all,0
NM_N,143,2050_all,0
NM_N,144,2050_all,0
NM_N,145,2050_all,0
NM_N,146,2050_all,0
NM_N,147,2050_all,0
NM_N,148,2050_all,0
NM_N,149,2050_all,0
NM_N,150,2050_all,0
NM_N,151,2050_all,0
NM_N,152,2050_all,0
NM_N,153,2050_all,0
NM_N,154,2050_all,0
NM_N,155,2050_all,0
NM_N,156,2050_all,0
NM_N,157,2050_all,0
NM_N,158,2050_all,0
NM_N,159,2050_all,0
NM_N,160,2050_all,0
NM_N,161,2050_all,0
NM_N,162,2050_all,0
NM_N,163,2050_all,0
NM_N,164,2050_all,0
NM_N,165,2050_all,0
NM_N,166,2050_all,0
NM_N,167,2050_all,0
NM_N,168,2050_all,0
NM_N,169,2050_all,0
NM_N,170,2050_all,0
NM_N,171,2050_all,0
NM_N,172,2050_all,0
NM_N,173,2050_all,0
NM_N,174,2050_all,0
NM_N,175,2050_all,0
NM_N,176,2050_all,0
NM_N,177,2050_all,0
NM_N,178,2050_all,0
NM_N,179,2050_all,0
NM_N,180,2050_all,0
NM_N,181,2050_all,0
NM_N,182,2050_all,0
NM_N,183,2050_all,0
NM_N,184,2050_all,0
NM_N,185,2050_all,0
NM_N,186,2050_all,0
NM_N,187,2050_all,0
NM_N,188,2050_all,0
NM_N,189,2050_all,0
NM_N,190,2050_all,0
NM_N,191,2050_all,0
NM_N,192,2050_all,0
NM_N,193,2050_all,0
NM_N,194,2050_all,0
NM_N,195,2050_all,0
NM_N,196,2050_all,0
NM_N,197,2050_all,0
NM_N,198,2050_all,0
NM_N,199,2050_all,0
NM_N,200,2050_all,0
NM_N,201,2050_all,0
NM_N,202,2050_all,0
NM_N,203,2050_all,0
NM_N,204,2050_all,0
NM_N,205,2050_all,0
NM_N,206,2050_all,0
NM_N,207,2050_all,0
NM_N,208,2050_all,0
NM_N,209,2050_all,0
NM_N,210,2050_all,0
NM_N,211,2050_all,0
NM_N,212,2050_all,0
NM_N,213,2050_all,0
NM_N,214,2050_all,0
NM_N,215,2050_all,0
NM_N,216,2050_all,0
NM_N,217,2050_all,0
NM_N,218,2050_all,0
NM_N,219,2050_all,0
NM_N,220,2050_all,0
NM_N,221,2050_all,0
NM_N,222,2050_all,0
NM_N,223,2050_all,0
NM_N,224,2050_all,0
NM_N,225,2050_all,0
NM_N,226,2050_all,0
NM_N,227,2050_all,0
NM_N,228,2050_all,0
NM_N,229,2050_all,0
NM_N,230,2050_all,0
NM_N,231,2050_all,0
NM_N,232,2050_all,0
NM_N,233,2050_all,0
NM_N,234,2050_all,0
NM_N,235,2050_all,0
NM_N,236,2050_all,0
NM_N,237,2050_all,0
NM_N,238,2050_all,0
NM_N,239,2050_all,0
NM_N,240,2050_all,0
NM_N,241,2050_all,0
NM_N,242,2050_all,0
NM_N,243,2050_all,0
NM_N,244,2050_all,0
NM_N,245,2050_all,0
NM_N,246,2050_all,0
NM_N,247,2050_all,0
NM_N,248,2050_all,0
NM_N,249,2050_all,0
NM_N,250,2050_all,0
NM_N,251,2050_all,0
NM_N,252,2050_all,0
NM_N,253,2050_all,0
NM_N,254,2050_all,0
NM_N,255,2050_all,0
NM_N,256,2050_all,0
NM_N,257,2050_all,0
NM_N,258,2050_all,0
NM_N,259,2050_all,0
NM_N,260,2050_all,0
NM_N,261,2050_all,0
NM_N,262,2050_all,0
NM_N,263,2050_all,0
NM_N,264,2050_all,0
NM_N,265,2050_all,0
NM_N,266,2050_all,0
NM_N,267,2050_all,0
NM_N,268,2050_all,0
NM_N,269,2050_all,0
NM_N,270,2050_all,0
NM_N,271,2050_all,0
NM_N,272,2050_all,0
NM_N,273,2050_all,0
NM_N,274,2050_all,0
NM_N,275,2050_all,0
NM_N,276,2050_all,0
NM_N,277,2050_all,0
NM_N,278,2050_all,0
NM_N,279,2050_all,0
NM_N,280,2050_all,0
NM_N,281,2050_all,0
NM_N,282,2050_all,0
NM_N,283,2050_all,0
NM_N,284,2050_all,0
NM_N,285,2050_all,0
NM_N,286,2050_all,0
NM_N,287,2050_all,0
NM_N,288,2050_all,0
NM_N,289,2050_all,0
NM_N,290,2050_all,0
NM_N,291,2050_all,0
NM_N,292,2050_all,0
NM_N,293,2050_all,0
NM_N,294,2050_all,0
NM_N,295,2050_all,0
NM_N,296,2050_all,0
NM_N,297,2050_all,0
NM_N,298,2050_all,0
NM_N,299,2050_all,0
NM_N,300,2050_all,0
NM_N,301,2050_all,0
NM_N,302,2050_all,0
NM_N,303,2050_all,0
NM_N,304,2050_all,0
NM_N,305,2050_all,0
NM_N,306,2050_all,0
NM_N,307,2050_all,0
NM_N,308,2050_all,0
NM_N,309,2050_all,0
NM_N,310,2050_all,0
NM_N,311,2050_all,0
NM_N,312,2050_all,0
NM_N,313,2050_all,0
NM_N,314,2050_all,0
NM_N,315,2050_all,0
NM_N,316,2050_all,0
NM_N,317,2050_all,0
NM_N,318,2050_all,0
NM_N,319,2050_all,0
NM_N,320,2050_all,0
NM_N,321,2050_all,0
NM_N,322,2050_all,0
NM_N,323,2050_all,0
NM_N,324,2050_all,0
NM_N,325,2050_all,0
NM_N,326,2050_all,0
NM_N,327,2050_all,0
NM_N,328,2050_all,0
NM_N,329,2050_all,0
NM_N,330,2050_all,0
NM_N,331,2050_all,0
NM_N,332,2050_all,0
NM_N,333,2050_all,0
NM_N,334,2050_all,0
NM_N,335,2050_all,0
NM_N,336,2050_all,0
NM_N,337,2050_all,0
NM_N,338,2050_all,0
NM_N,339,2050_all,0
NM_N,340,2050_all,0
NM_N,341,2050_all,0
NM_N,342,2050_all,0
NM_N,343,2050_all,0
NM_N,344,2050_all,0
NM_N,345,2050_all,0
NM_N,346,2050_all,0
NM_N,347,2050_all,0
NM_N,348,2050_all,0
NM_N,349,2050_all,0
NM_N,350,2050_all,0
NM_N,351,2050_all,0
NM_N,352,2050_all,0
NM_N,353,2050_all,0
NM_N,354,2050_all,0
NM_N,355,2050_all,0
NM_N,356,2050_all,0
NM_N,357,2050_all,0
NM_N,358,2050_all,0
NM_N,359,2050_all,0
NM_N,360,2050_all,0
NM_N,361,2050_all,0
NM_N,362,2050_all,0
NM_N,363,2050_all,0
NM_N,364,2050_all,0
NM_N,365,2050_all,0
NM_S_TX_EPE,1,2050_all,0
NM_S_TX_EPE,2,2050_all,0
NM_S_TX_EPE,3,2050_all,0
NM_S_TX_EPE,4,2050_all,0
NM_S_TX_EPE,5,2050_all,0
NM_S_TX_EPE,6,2050_all,0
NM_S_TX_EPE,7,2050_all,0
NM_S_TX_EPE,8,2050_all,0
NM_S_TX_EPE,9,2050_all,0
NM_S_TX_EPE,10,2050_all,0
NM_S_TX_EPE,11,2050_all,0
NM_S_TX_EPE,12,2050_all,0
NM_S_TX_EPE,13,2050_all,0
NM_S_TX_EPE,14,2050_all,0
NM_S_TX_EPE,15,2050_all,0
NM_S_TX_EPE,16,2050_all,0
NM_S_TX_EPE,17,2050_all,0
NM_S_TX_EPE,18,2050_all,0
NM_S_TX_EPE,19,2050_all,0
NM_S_TX_EPE,20,2050_all,0
NM_S_TX_EPE,21,2050_all,0
NM_S_TX_EPE,22,2050_all,0
NM_S_TX_EPE,23,2050_all,0
NM_S_TX_EPE,24,2050_all,0
NM_S_TX_EPE,25,2050_all,0
NM_S_TX_EPE,26,2050_all,0
NM_S_TX_EPE,27,2050_all,0
NM_S_TX_EPE,28,2050_all,0
NM_S_TX_EPE,29,2050_all,0
NM_S_TX_EPE,30,2050_all,0
NM_S_TX_EPE,31,2050_all,0
NM_S_TX_EPE,32,2050_all,0
NM_S_TX_EPE,33,2050_all,0
NM_S_TX_EPE,34,2050_all,0
NM_S_TX_EPE,35,2050_all,0
NM_S_TX_EPE,36,2050_all,0
NM_S_TX_EPE,37,2050_all,0
NM_S_TX_EPE,38,2050_all,0
NM_S_TX_EPE,39,2050_all,0
NM_S_TX_EPE,40,2050_all,0
NM_S_TX_EPE,41,2050_all,0
NM_S_TX_EPE,42,2050_all,0
NM_S_TX_EPE,43,2050_all,0
NM_S_TX_EPE,44,2050_all,0
NM_S_TX_EPE,45,2050_all,0
NM_S_TX_EPE,46,2050_all,0
NM_S_TX_EPE,47,2050_all,0
NM_S_TX_EPE,48,2050_all,0
NM_S_TX_EPE,49,2050_all,0
NM_S_TX_EPE,50,2050_all,0
NM_S_TX_EPE,51,2050_all,0
NM_S_TX_EPE,52,2050_all,0
NM_S_TX_EPE,53,2050_all,0
NM_S_TX_EPE,54,2050_all,0
NM_S_TX_EPE,55,2050_all,0
NM_S_TX_EPE,56,2050_all,0
NM_S_TX_EPE,57,2050_all,0
NM_S_TX_EPE,58,2050_all,0
NM_S_TX_EPE,59,2050_all,0
NM_S_TX_EPE,60,2050_all,0
NM_S_TX_EPE,61,2050_all,0
NM_S_TX_EPE,62,2050_all,0
NM_S_TX_EPE,63,2050_all,0
NM_S_TX_EPE,64,2050_all,0
NM_S_TX_EPE,65,2050_all,0
NM_S_TX_EPE,66,2050_all,0
NM_S_TX_EPE,67,2050_all,0
NM_S_TX_EPE,68,2050_all,0
NM_S_TX_EPE,69,2050_all,0
NM_S_TX_EPE,70,2050_all,0
NM_S_TX_EPE,71,2050_all,0
NM_S_TX_EPE,72,2050_all,0
NM_S_TX_EPE,73,2050_all,0
NM_S_TX_EPE,74,2050_all,0
NM_S_TX_EPE,75,2050_all,0
NM_S_TX_EPE,76,2050_all,0
NM_S_TX_EPE,77,2050_all,0
NM_S_TX_EPE,78,2050_all,0
NM_S_TX_EPE,79,2050_all,0
NM_S_TX_EPE,80,2050_all,0
NM_S_TX_EPE,81,2050_all,0
NM_S_TX_EPE,82,2050_all,0
NM_S_TX_EPE,83,2050_all,0
NM_S_TX_EPE,84,2050_all,0
NM_S_TX_EPE,85,2050_all,0
NM_S_TX_EPE,86,2050_all,0
NM_S_TX_EPE,87,2050_all,0
NM_S_TX_EPE,88,2050_all,0
NM_S_TX_EPE,89,2050_all,0
NM_S_TX_EPE,90,2050_all,0
NM_S_TX_EPE,91,2050_all,0
NM_S_TX_EPE,92,2050_all,0
NM_S_TX_EPE,93,2050_all,0
NM_S_TX_EPE,94,2050_all,0
NM_S_TX_EPE,95,2050_all,0
NM_S_TX_EPE,96,2050_all,0
NM_S_TX_EPE,97,2050_all,0
NM_S_TX_EPE,98,2050_all,0
NM_S_TX_EPE,99,2050_all,0
NM_S_TX_EPE,100,2050_all,0
NM_S_TX_EPE,101,2050_all,0
NM_S_TX_EPE,102,2050_all,0
NM_S_TX_EPE,103,2050_all,0
NM_S_TX_EPE,104,2050_all,0
NM_S_TX_EPE,105,2050_all,0
NM_S_TX_EPE,106,2050_all,0
NM_S_TX_EPE,107,2050_all,0
NM_S_TX_EPE,108,2050_all,0
NM_S_TX_EPE,109,2050_all,0
NM_S_TX_EPE,110,2050_all,0
NM_S_TX_EPE,111,2050_all,0
NM_S_TX_EPE,112,2050_all,0
NM_S_TX_EPE,113,2050_all,0
NM_S_TX_EPE,114,2050_all,0
NM_S_TX_EPE,115,2050_all,0
NM_S_TX_EPE,116,2050_all,0
NM_S_TX_EPE,117,2050_all,0
NM_S_TX_EPE,118,2050_all,0
NM_S_TX_EPE,119,2050_all,0
NM_S_TX_EPE,120,2050_all,0
NM_S_TX_EPE,121,2050_all,0
NM_S_TX_EPE,122,2050_all,0
NM_S_TX_EPE,123,2050_all,0
NM_S_TX_EPE,124,2050_all,0
NM_S_TX_EPE,125,2050_all,0
NM_S_TX_EPE,126,2050_all,0
NM_S_TX_EPE,127,2050_all,0
NM_S_TX_EPE,128,2050_all,0
NM_S_TX_EPE,129,2050_all,0
NM_S_TX_EPE,130,2050_all,0
NM_S_TX_EPE,131,2050_all,0
NM_S_TX_EPE,132,2050_all,0
NM_S_TX_EPE,133,2050_all,0
NM_S_TX_EPE,134,2050_all,0
NM_S_TX_EPE,135,2050_all,0
NM_S_TX_EPE,136,2050_all,0
NM_S_TX_EPE,137,2050_all,0
NM_S_TX_EPE,138,2050_all,0
NM_S_TX_EPE,139,2050_all,0
NM_S_TX_EPE,140,2050_all,0
NM_S_TX_EPE,141,2050_all,0
NM_S_TX_EPE,142,2050_all,0
NM_S_TX_EPE,143,2050_all,0
NM_S_TX_EPE,144,2050_all,0
NM_S_TX_EPE,145,2050_all,0
NM_S_TX_EPE,146,2050_all,0
NM_S_TX_EPE,147,2050_all,0
NM_S_TX_EPE,148,2050_all,0
NM_S_TX_EPE,149,2050_all,0
NM_S_TX_EPE,150,2050_all,0
NM_S_TX_EPE,151,2050_all,0
NM_S_TX_EPE,152,2050_all,0
NM_S_TX_EPE,153,2050_all,0
NM_S_TX_EPE,154,2050_all,0
NM_S_TX_EPE,155,2050_all,0
NM_S_TX_EPE,156,2050_all,0
NM_S_TX_EPE,157,2050_all,0
NM_S_TX_EPE,158,2050_all,0
NM_S_TX_EPE,159,2050_all,0
NM_S_TX_EPE,160,2050_all,0
NM_S_TX_EPE,161,2050_all,0
NM_S_TX_EPE,162,2050_all,0
NM_S_TX_EPE,163,2050_all,0
NM_S_TX_EPE,164,2050_all,0
NM_S_TX_EPE,165,2050_all,0
NM_S_TX_EPE,166,2050_all,0
NM_S_TX_EPE,167,2050_all,0
NM_S_TX_EPE,168,2050_all,0
NM_S_TX_EPE,169,2050_all,0
NM_S_TX_EPE,170,2050_all,0
NM_S_TX_EPE,171,2050_all,0
NM_S_TX_EPE,172,2050_all,0
NM_S_TX_EPE,173,2050_all,0
NM_S_TX_EPE,174,2050_all,0
NM_S_TX_EPE,175,2050_all,0
NM_S_TX_EPE,176,2050_all,0
NM_S_TX_EPE,177,2050_all,0
NM_S_TX_EPE,178,2050_all,0
NM_S_TX_EPE,179,2050_all,0
NM_S_TX_EPE,180,2050_all,0
NM_S_TX_EPE,181,2050_all,0
NM_S_TX_EPE,182,2050_all,0
NM_S_TX_EPE,183,2050_all,0
NM_S_TX_EPE,184,2050_all,0
NM_S_TX_EPE,185,2050_all,0
NM_S_TX_EPE,186,2050_all,0
NM_S_TX_EPE,187,2050_all,0
NM_S_TX_EPE,188,2050_all,0
NM_S_TX_EPE,189,2050_all,0
NM_S_TX_EPE,190,2050_all,0
NM_S_TX_EPE,191,2050_all,0
NM_S_TX_EPE,192,2050_all,0
NM_S_TX_EPE,193,2050_all,0
NM_S_TX_EPE,194,2050_all,0
NM_S_TX_EPE,195,2050_all,0
NM_S_TX_EPE,196,2050_all,0
NM_S_TX_EPE,197,2050_all,0
NM_S_TX_EPE,198,2050_all,0
NM_S_TX_EPE,199,2050_all,0
NM_S_TX_EPE,200,2050_all,0
NM_S_TX_EPE,201,2050_all,0
NM_S_TX_EPE,202,2050_all,0
NM_S_TX_EPE,203,2050_all,0
NM_S_TX_EPE,204,2050_all,0
NM_S_TX_EPE,205,2050_all,0
NM_S_TX_EPE,206,2050_all,0
NM_S_TX_EPE,207,2050_all,0
NM_S_TX_EPE,208,2050_all,0
NM_S_TX_EPE,209,2050_all,0
NM_S_TX_EPE,210,2050_all,0
NM_S_TX_EPE,211,2050_all,0
NM_S_TX_EPE,212,2050_all,0
NM_S_TX_EPE,213,2050_all,0
NM_S_TX_EPE,214,2050_all,0
NM_S_TX_EPE,215,2050_all,0
NM_S_TX_EPE,216,2050_all,0
NM_S_TX_EPE,217,2050_all,0
NM_S_TX_EPE,218,2050_all,0
NM_S_TX_EPE,219,2050_all,0
NM_S_TX_EPE,220,2050_all,0
NM_S_TX_EPE,221,2050_all,0
NM_S_TX_EPE,222,2050_all,0
NM_S_TX_EPE,223,2050_all,0
NM_S_TX_EPE,224,2050_all,0
NM_S_TX_EPE,225,2050_all,0
NM_S_TX_EPE,226,2050_all,0
NM_S_TX_EPE,227,2050_all,0
NM_S_TX_EPE,228,2050_all,0
NM_S_TX_EPE,229,2050_all,0
NM_S_TX_EPE,230,2050_all,0
NM_S_TX_EPE,231,2050_all,0
NM_S_TX_EPE,232,2050_all,0
NM_S_TX_EPE,233,2050_all,0
NM_S_TX_EPE,234,2050_all,0
NM_S_TX_EPE,235,2050_all,0
NM_S_TX_EPE,236,2050_all,0
NM_S_TX_EPE,237,2050_all,0
NM_S_TX_EPE,238,2050_all,0
NM_S_TX_EPE,239,2050_all,0
NM_S_TX_EPE,240,2050_all,0
NM_S_TX_EPE,241,2050_all,0
NM_S_TX_EPE,242,2050_all,0
NM_S_TX_EPE,243,2050_all,0
NM_S_TX_EPE,244,2050_all,0
NM_S_TX_EPE,245,2050_all,0
NM_S_TX_EPE,246,2050_all,0
NM_S_TX_EPE,247,2050_all,0
NM_S_TX_EPE,248,2050_all,0
NM_S_TX_EPE,249,2050_all,0
NM_S_TX_EPE,250,2050_all,0
NM_S_TX_EPE,251,2050_all,0
NM_S_TX_EPE,252,2050_all,0
NM_S_TX_EPE,253,2050_all,0
NM_S_TX_EPE,254,2050_all,0
NM_S_TX_EPE,255,2050_all,0
NM_S_TX_EPE,256,2050_all,0
NM_S_TX_EPE,257,2050_all,0
NM_S_TX_EPE,258,2050_all,0
NM_S_TX_EPE,259,2050_all,0
NM_S_TX_EPE,260,2050_all,0
NM_S_TX_EPE,261,2050_all,0
NM_S_TX_EPE,262,2050_all,0
NM_S_TX_EPE,263,2050_all,0
NM_S_TX_EPE,264,2050_all,0
NM_S_TX_EPE,265,2050_all,0
NM_S_TX_EPE,266,2050_all,0
NM_S_TX_EPE,267,2050_all,0
NM_S_TX_EPE,268,2050_all,0
NM_S_TX_EPE,269,2050_all,0
NM_S_TX_EPE,270,2050_all,0
NM_S_TX_EPE,271,2050_all,0
NM_S_TX_EPE,272,2050_all,0
NM_S_TX_EPE,273,2050_all,0
NM_S_TX_EPE,274,2050_all,0
NM_S_TX_EPE,275,2050_all,0
NM_S_TX_EPE,276,2050_all,0
NM_S_TX_EPE,277,2050_all,0
NM_S_TX_EPE,278,2050_all,0
NM_S_TX_EPE,279,2050_all,0
NM_S_TX_EPE,280,2050_all,0
NM_S_TX_EPE,281,2050_all,0
NM_S_TX_EPE,282,2050_all,0
NM_S_TX_EPE,283,2050_all,0
NM_S_TX_EPE,284,2050_all,0
NM_S_TX_EPE,285,2050_all,0
NM_S_TX_EPE,286,2050_all,0
NM_S_TX_EPE,287,2050_all,0
NM_S_TX_EPE,288,2050_all,0
NM_S_TX_EPE,289,2050_all,0
NM_S_TX_EPE,290,2050_all,0
NM_S_TX_EPE,291,2050_all,0
NM_S_TX_EPE,292,2050_all,0
NM_S_TX_EPE,293,2050_all,0
NM_S_TX_EPE,294,2050_all,0
NM_S_TX_EPE,295,2050_all,0
NM_S_TX_EPE,296,2050_all,0
NM_S_TX_EPE,297,2050_all,0
NM_S_TX_EPE,298,2050_all,0
NM_S_TX_EPE,299,2050_all,0
NM_S_TX_EPE,300,2050_all,0
NM_S_TX_EPE,301,2050_all,0
NM_S_TX_EPE,302,2050_all,0
NM_S_TX_EPE,303,2050_all,0
NM_S_TX_EPE,304,2050_all,0
NM_S_TX_EPE,305,2050_all,0
NM_S_TX_EPE,306,2050_all,0
NM_S_TX_EPE,307,2050_all,0
NM_S_TX_EPE,308,2050_all,0
NM_S_TX_EPE,309,2050_all,0
NM_S_TX_EPE,310,2050_all,0
NM_S_TX_EPE,311,2050_all,0
NM_S_TX_EPE,312,2050_all,0
NM_S_TX_EPE,313,2050_all,0
NM_S_TX_EPE,314,2050_all,0
NM_S_TX_EPE,315,2050_all,0
NM_S_TX_EPE,316,2050_all,0
NM_S_TX_EPE,317,2050_all,0
NM_S_TX_EPE,318,2050_all,0
NM_S_TX_EPE,319,2050_all,0
NM_S_TX_EPE,320,2050_all,0
NM_S_TX_EPE,321,2050_all,0
NM_S_TX_EPE,322,2050_all,0
NM_S_TX_EPE,323,2050_all,0
NM_S_TX_EPE,324,2050_all,0
NM_S_TX_EPE,325,2050_all,0
NM_S_TX_EPE,326,2050_all,0
NM_S_TX_EPE,327,2050_all,0
NM_S_TX_EPE,328,2050_all,0
NM_S_TX_EPE,329,2050_all,0
NM_S_TX_EPE,330,2050_all,0
NM_S_TX_EPE,331,2050_all,0
NM_S_TX_EPE,332,2050_all,0
NM_S_TX_EPE,333,2050_all,0
NM_S_TX_EPE,334,2050_all,0
NM_S_TX_EPE,335,2050_all,0
NM_S_TX_EPE,336,2050_all,0
NM_S_TX_EPE,337,2050_all,0
NM_S_TX_EPE,338,2050_all,0
NM_S_TX_EPE,339,2050_all,0
NM_S_TX_EPE,340,2050_all,0
NM_S_TX_EPE,341,2050_all,0
NM_S_TX_EPE,342,2050_all,0
NM_S_TX_EPE,343,2050_all,0
NM_S_TX_EPE,344,2050_all,0
NM_S_TX_EPE,345,2050_all,0
NM_S_TX_EPE,346,2050_all,0
NM_S_TX_EPE,347,2050_all,0
NM_S_TX_EPE,348,2050_all,0
NM_S_TX_EPE,349,2050_all,0
NM_S_TX_EPE,350,2050_all,0
NM_S_TX_EPE,351,2050_all,0
NM_S_TX_EPE,352,2050_all,0
NM_S_TX_EPE,353,2050_all,0
NM_S_TX_EPE,354,2050_all,0
NM_S_TX_EPE,355,2050_all,0
NM_S_TX_EPE,356,2050_all,0
NM_S_TX_EPE,357,2050_all,0
NM_S_TX_EPE,358,2050_all,0
NM_S_TX_EPE,359,2050_all,0
NM_S_TX_EPE,360,2050_all,0
NM_S_TX_EPE,361,2050_all,0
NM_S_TX_EPE,362,2050_all,0
NM_S_TX_EPE,363,2050_all,0
NM_S_TX_EPE,364,2050_all,0
NM_S_TX_EPE,365,2050_all,0
NV_N,1,2050_all,0
NV_N,2,2050_all,0
NV_N,3,2050_all,0
NV_N,4,2050_all,0
NV_N,5,2050_all,0
NV_N,6,2050_all,0
NV_N,7,2050_all,0
NV_N,8,2050_all,0
NV_N,9,2050_all,0
NV_N,10,2050_all,0
NV_N,11,2050_all,0
NV_N,12,2050_all,0
NV_N,13,2050_all,0
NV_N,14,2050_all,0
NV_N,15,2050_all,0
NV_N,16,2050_all,0
NV_N,17,2050_all,0
NV_N,18,2050_all,0
NV_N,19,2050_all,0
NV_N,20,2050_all,0
NV_N,21,2050_all,0
NV_N,22,2050_all,0
NV_N,23,2050_all,0
NV_N,24,2050_all,0
NV_N,25,2050_all,0
NV_N,26,2050_all,0
NV_N,27,2050_all,0
NV_N,28,2050_all,0
NV_N,29,2050_all,0
NV_N,30,2050_all,0
NV_N,31,2050_all,0
NV_N,32,2050_all,0
NV_N,33,2050_all,0
NV_N,34,2050_all,0
NV_N,35,2050_all,0
NV_N,36,2050_all,0
NV_N,37,2050_all,0
NV_N,38,2050_all,0
NV_N,39,2050_all,0
NV_N,40,2050_all,0
NV_N,41,2050_all,0
NV_N,42,2050_all,0
NV_N,43,2050_all,0
NV_N,44,2050_all,0
NV_N,45,2050_all,0
NV_N,46,2050_all,0
NV_N,47,2050_all,0
NV_N,48,2050_all,0
NV_N,49,2050_all,0
NV_N,50,2050_all,0
NV_N,51,2050_all,0
NV_N,52,2050_all,0
NV_N,53,2050_all,0
NV_N,54,2050_all,0
NV_N,55,2050_all,0
NV_N,56,2050_all,0
NV_N,57,2050_all,0
NV_N,58,2050_all,0
NV_N,59,2050_all,0
NV_N,60,2050_all,0
NV_N,61,2050_all,0
NV_N,62,2050_all,0
NV_N,63,2050_all,0
NV_N,64,2050_all,0
NV_N,65,2050_all,0
NV_N,66,2050_all,0
NV_N,67,2050_all,0
NV_N,68,2050_all,0
NV_N,69,2050_all,0
NV_N,70,2050_all,0
NV_N,71,2050_all,0
NV_N,72,2050_all,0
NV_N,73,2050_all,0
NV_N,74,2050_all,0
NV_N,75,2050_all,0
NV_N,76,2050_all,0
NV_N,77,2050_all,0
NV_N,78,2050_all,0
NV_N,79,2050_all,0
NV_N,80,2050_all,0
NV_N,81,2050_all,0
NV_N,82,2050_all,0
NV_N,83,2050_all,0
NV_N,84,2050_all,0
NV_N,85,2050_all,0
NV_N,86,2050_all,0
NV_N,87,2050_all,0
NV_N,88,2050_all,0
NV_N,89,2050_all,0
NV_N,90,2050_all,0
NV_N,91,2050_all,0
NV_N,92,2050_all,0
NV_N,93,2050_all,0
NV_N,94,2050_all,0
NV_N,95,2050_all,0
NV_N,96,2050_all,0
NV_N,97,2050_all,0
NV_N,98,2050_all,0
NV_N,99,2050_all,0
NV_N,100,2050_all,0
NV_N,101,2050_all,0
NV_N,102,2050_all,0
NV_N,103,2050_all,0
NV_N,104,2050_all,0
NV_N,105,2050_all,0
NV_N,106,2050_all,0
NV_N,107,2050_all,0
NV_N,108,2050_all,0
NV_N,109,2050_all,0
NV_N,110,2050_all,0
NV_N,111,2050_all,0
NV_N,112,2050_all,0
NV_N,113,2050_all,0
NV_N,114,2050_all,0
NV_N,115,2050_all,0
NV_N,116,2050_all,0
NV_N,117,2050_all,0
NV_N,118,2050_all,0
NV_N,119,2050_all,0
NV_N,120,2050_all,0
NV_N,121,2050_all,0
NV_N,122,2050_all,0
NV_N,123,2050_all,0
NV_N,124,2050_all,0
NV_N,125,2050_all,0
NV_N,126,2050_all,0
NV_N,127,2050_all,0
NV_N,128,2050_all,0
NV_N,129,2050_all,0
NV_N,130,2050_all,0
NV_N,131,2050_all,0
NV_N,132,2050_all,0
NV_N,133,2050_all,0
NV_N,134,2050_all,0
NV_N,135,2050_all,0
NV_N,136,2050_all,0
NV_N,137,2050_all,0
NV_N,138,2050_all,0
NV_N,139,2050_all,0
NV_N,140,2050_all,0
NV_N,141,2050_all,0
NV_N,142,2050_all,0
NV_N,143,2050_all,0
NV_N,144,2050_all,0
NV_N,145,2050_all,0
NV_N,146,2050_all,0
NV_N,147,2050_all,0
NV_N,148,2050_all,0
NV_N,149,2050_all,0
NV_N,150,2050_all,0
NV_N,151,2050_all,0
NV_N,152,2050_all,0
NV_N,153,2050_all,0
NV_N,154,2050_all,0
NV_N,155,2050_all,0
NV_N,156,2050_all,0
NV_N,157,2050_all,0
NV_N,158,2050_all,0
NV_N,159,2050_all,0
NV_N,160,2050_all,0
NV_N,161,2050_all,0
NV_N,162,2050_all,0
NV_N,163,2050_all,0
NV_N,164,2050_all,0
NV_N,165,2050_all,0
NV_N,166,2050_all,0
NV_N,167,2050_all,0
NV_N,168,2050_all,0
NV_N,169,2050_all,0
NV_N,170,2050_all,0
NV_N,171,2050_all,0
NV_N,172,2050_all,0
NV_N,173,2050_all,0
NV_N,174,2050_all,0
NV_N,175,2050_all,0
NV_N,176,2050_all,0
NV_N,177,2050_all,0
NV_N,178,2050_all,0
NV_N,179,2050_all,0
NV_N,180,2050_all,0
NV_N,181,2050_all,0
NV_N,182,2050_all,0
NV_N,183,2050_all,0
NV_N,184,2050_all,0
NV_N,185,2050_all,0
NV_N,186,2050_all,0
NV_N,187,2050_all,0
NV_N,188,2050_all,0
NV_N,189,2050_all,0
NV_N,190,2050_all,0
NV_N,191,2050_all,0
NV_N,192,2050_all,0
NV_N,193,2050_all,0
NV_N,194,2050_all,0
NV_N,195,2050_all,0
NV_N,196,2050_all,0
NV_N,197,2050_all,0
NV_N,198,2050_all,0
NV_N,199,2050_all,0
NV_N,200,2050_all,0
NV_N,201,2050_all,0
NV_N,202,2050_all,0
NV_N,203,2050_all,0
NV_N,204,2050_all,0
NV_N,205,2050_all,0
NV_N,206,2050_all,0
NV_N,207,2050_all,0
NV_N,208,2050_all,0
NV_N,209,2050_all,0
NV_N,210,2050_all,0
NV_N,211,2050_all,0
NV_N,212,2050_all,0
NV_N,213,2050_all,0
NV_N,214,2050_all,0
NV_N,215,2050_all,0
NV_N,216,2050_all,0
NV_N,217,2050_all,0
NV_N,218,2050_all,0
NV_N,219,2050_all,0
NV_N,220,2050_all,0
NV_N,221,2050_all,0
NV_N,222,2050_all,0
NV_N,223,2050_all,0
NV_N,224,2050_all,0
NV_N,225,2050_all,0
NV_N,226,2050_all,0
NV_N,227,2050_all,0
NV_N,228,2050_all,0
NV_N,229,2050_all,0
NV_N,230,2050_all,0
NV_N,231,2050_all,0
NV_N,232,2050_all,0
NV_N,233,2050_all,0
NV_N,234,2050_all,0
NV_N,235,2050_all,0
NV_N,236,2050_all,0
NV_N,237,2050_all,0
NV_N,238,2050_all,0
NV_N,239,2050_all,0
NV_N,240,2050_all,0
NV_N,241,2050_all,0
NV_N,242,2050_all,0
NV_N,243,2050_all,0
NV_N,244,2050_all,0
NV_N,245,2050_all,0
NV_N,246,2050_all,0
NV_N,247,2050_all,0
NV_N,248,2050_all,0
NV_N,249,2050_all,0
NV_N,250,2050_all,0
NV_N,251,2050_all,0
NV_N,252,2050_all,0
NV_N,253,2050_all,0
NV_N,254,2050_all,0
NV_N,255,2050_all,0
NV_N,256,2050_all,0
NV_N,257,2050_all,0
NV_N,258,2050_all,0
NV_N,259,2050_all,0
NV_N,260,2050_all,0
NV_N,261,2050_all,0
NV_N,262,2050_all,0
NV_N,263,2050_all,0
NV_N,264,2050_all,0
NV_N,265,2050_all,0
NV_N,266,2050_all,0
NV_N,267,2050_all,0
NV_N,268,2050_all,0
NV_N,269,2050_all,0
NV_N,270,2050_all,0
NV_N,271,2050_all,0
NV_N,272,2050_all,0
NV_N,273,2050_all,0
NV_N,274,2050_all,0
NV_N,275,2050_all,0
NV_N,276,2050_all,0
NV_N,277,2050_all,0
NV_N,278,2050_all,0
NV_N,279,2050_all,0
NV_N,280,2050_all,0
NV_N,281,2050_all,0
NV_N,282,2050_all,0
NV_N,283,2050_all,0
NV_N,284,2050_all,0
NV_N,285,2050_all,0
NV_N,286,2050_all,0
NV_N,287,2050_all,0
NV_N,288,2050_all,0
NV_N,289,2050_all,0
NV_N,290,2050_all,0
NV_N,291,2050_all,0
NV_N,292,2050_all,0
NV_N,293,2050_all,0
NV_N,294,2050_all,0
NV_N,295,2050_all,0
NV_N,296,2050_all,0
NV_N,297,2050_all,0
NV_N,298,2050_all,0
NV_N,299,2050_all,0
NV_N,300,2050_all,0
NV_N,301,2050_all,0
NV_N,302,2050_all,0
NV_N,303,2050_all,0
NV_N,304,2050_all,0
NV_N,305,2050_all,0
NV_N,306,2050_all,0
NV_N,307,2050_all,0
NV_N,308,2050_all,0
NV_N,309,2050_all,0
NV_N,310,2050_all,0
NV_N,311,2050_all,0
NV_N,312,2050_all,0
NV_N,313,2050_all,0
NV_N,314,2050_all,0
NV_N,315,2050_all,0
NV_N,316,2050_all,0
NV_N,317,2050_all,0
NV_N,318,2050_all,0
NV_N,319,2050_all,0
NV_N,320,2050_all,0
NV_N,321,2050_all,0
NV_N,322,2050_all,0
NV_N,323,2050_all,0
NV_N,324,2050_all,0
NV_N,325,2050_all,0
NV_N,326,2050_all,0
NV_N,327,2050_all,0
NV_N,328,2050_all,0
NV_N,329,2050_all,0
NV_N,330,2050_all,0
NV_N,331,2050_all,0
NV_N,332,2050_all,0
NV_N,333,2050_all,0
NV_N,334,2050_all,0
NV_N,335,2050_all,0
NV_N,336,2050_all,0
NV_N,337,2050_all,0
NV_N,338,2050_all,0
NV_N,339,2050_all,0
NV_N,340,2050_all,0
NV_N,341,2050_all,0
NV_N,342,2050_all,0
NV_N,343,2050_all,0
NV_N,344,2050_all,0
NV_N,345,2050_all,0
NV_N,346,2050_all,0
NV_N,347,2050_all,0
NV_N,348,2050_all,0
NV_N,349,2050_all,0
NV_N,350,2050_all,0
NV_N,351,2050_all,0
NV_N,352,2050_all,0
NV_N,353,2050_all,0
NV_N,354,2050_all,0
NV_N,355,2050_all,0
NV_N,356,2050_all,0
NV_N,357,2050_all,0
NV_N,358,2050_all,0
NV_N,359,2050_all,0
NV_N,360,2050_all,0
NV_N,361,2050_all,0
NV_N,362,2050_all,0
NV_N,363,2050_all,0
NV_N,364,2050_all,0
NV_N,365,2050_all,0
NV_S,1,2050_all,0
NV_S,2,2050_all,0
NV_S,3,2050_all,0
NV_S,4,2050_all,0
NV_S,5,2050_all,0
NV_S,6,2050_all,0
NV_S,7,2050_all,0
NV_S,8,2050_all,0
NV_S,9,2050_all,0
NV_S,10,2050_all,0
NV_S,11,2050_all,0
NV_S,12,2050_all,0
NV_S,13,2050_all,0
NV_S,14,2050_all,0
NV_S,15,2050_all,0
NV_S,16,2050_all,0
NV_S,17,2050_all,0
NV_S,18,2050_all,0
NV_S,19,2050_all,0
NV_S,20,2050_all,0
NV_S,21,2050_all,0
NV_S,22,2050_all,0
NV_S,23,2050_all,0
NV_S,24,2050_all,0
NV_S,25,2050_all,0
NV_S,26,2050_all,0
NV_S,27,2050_all,0
NV_S,28,2050_all,0
NV_S,29,2050_all,0
NV_S,30,2050_all,0
NV_S,31,2050_all,0
NV_S,32,2050_all,0
NV_S,33,2050_all,0
NV_S,34,2050_all,0
NV_S,35,2050_all,0
NV_S,36,2050_all,0
NV_S,37,2050_all,0
NV_S,38,2050_all,0
NV_S,39,2050_all,0
NV_S,40,2050_all,0
NV_S,41,2050_all,0
NV_S,42,2050_all,0
NV_S,43,2050_all,0
NV_S,44,2050_all,0
NV_S,45,2050_all,0
NV_S,46,2050_all,0
NV_S,47,2050_all,0
NV_S,48,2050_all,0
NV_S,49,2050_all,0
NV_S,50,2050_all,0
NV_S,51,2050_all,0
NV_S,52,2050_all,0
NV_S,53,2050_all,0
NV_S,54,2050_all,0
NV_S,55,2050_all,0
NV_S,56,2050_all,0
NV_S,57,2050_all,0
NV_S,58,2050_all,0
NV_S,59,2050_all,0
NV_S,60,2050_all,0
NV_S,61,2050_all,0
NV_S,62,2050_all,0
NV_S,63,2050_all,0
NV_S,64,2050_all,0
NV_S,65,2050_all,0
NV_S,66,2050_all,0
NV_S,67,2050_all,0
NV_S,68,2050_all,0
NV_S,69,2050_all,0
NV_S,70,2050_all,0
NV_S,71,2050_all,0
NV_S,72,2050_all,0
NV_S,73,2050_all,0
NV_S,74,2050_all,0
NV_S,75,2050_all,0
NV_S,76,2050_all,0
NV_S,77,2050_all,0
NV_S,78,2050_all,0
NV_S,79,2050_all,0
NV_S,80,2050_all,0
NV_S,81,2050_all,0
NV_S,82,2050_all,0
NV_S,83,2050_all,0
NV_S,84,2050_all,0
NV_S,85,2050_all,0
NV_S,86,2050_all,0
NV_S,87,2050_all,0
NV_S,88,2050_all,0
NV_S,89,2050_all,0
NV_S,90,2050_all,0
NV_S,91,2050_all,0
NV_S,92,2050_all,0
NV_S,93,2050_all,0
NV_S,94,2050_all,0
NV_S,95,2050_all,0
NV_S,96,2050_all,0
NV_S,97,2050_all,0
NV_S,98,2050_all,0
NV_S,99,2050_all,0
NV_S,100,2050_all,0
NV_S,101,2050_all,0
NV_S,102,2050_all,0
NV_S,103,2050_all,0
NV_S,104,2050_all,0
NV_S,105,2050_all,0
NV_S,106,2050_all,0
NV_S,107,2050_all,0
NV_S,108,2050_all,0
NV_S,109,2050_all,0
NV_S,110,2050_all,0
NV_S,111,2050_all,0
NV_S,112,2050_all,0
NV_S,113,2050_all,0
NV_S,114,2050_all,0
NV_S,115,2050_all,0
NV_S,116,2050_all,0
NV_S,117,2050_all,0
NV_S,118,2050_all,0
NV_S,119,2050_all,0
NV_S,120,2050_all,0
NV_S,121,2050_all,0
NV_S,122,2050_all,0
NV_S,123,2050_all,0
NV_S,124,2050_all,0
NV_S,125,2050_all,0
NV_S,126,2050_all,0
NV_S,127,2050_all,0
NV_S,128,2050_all,0
NV_S,129,2050_all,0
NV_S,130,2050_all,0
NV_S,131,2050_all,0
NV_S,132,2050_all,0
NV_S,133,2050_all,0
NV_S,134,2050_all,0
NV_S,135,2050_all,0
NV_S,136,2050_all,0
NV_S,137,2050_all,0
NV_S,138,2050_all,0
NV_S,139,2050_all,0
NV_S,140,2050_all,0
NV_S,141,2050_all,0
NV_S,142,2050_all,0
NV_S,143,2050_all,0
NV_S,144,2050_all,0
NV_S,145,2050_all,0
NV_S,146,2050_all,0
NV_S,147,2050_all,0
NV_S,148,2050_all,0
NV_S,149,2050_all,0
NV_S,150,2050_all,0
NV_S,151,2050_all,0
NV_S,152,2050_all,0
NV_S,153,2050_all,0
NV_S,154,2050_all,0
NV_S,155,2050_all,0
NV_S,156,2050_all,0
NV_S,157,2050_all,0
NV_S,158,2050_all,0
NV_S,159,2050_all,0
NV_S,160,2050_all,0
NV_S,161,2050_all,0
NV_S,162,2050_all,0
NV_S,163,2050_all,0
NV_S,164,2050_all,0
NV_S,165,2050_all,0
NV_S,166,2050_all,0
NV_S,167,2050_all,0
NV_S,168,2050_all,0
NV_S,169,2050_all,0
NV_S,170,2050_all,0
NV_S,171,2050_all,0
NV_S,172,2050_all,0
NV_S,173,2050_all,0
NV_S,174,2050_all,0
NV_S,175,2050_all,0
NV_S,176,2050_all,0
NV_S,177,2050_all,0
NV_S,178,2050_all,0
NV_S,179,2050_all,0
NV_S,180,2050_all,0
NV_S,181,2050_all,0
NV_S,182,2050_all,0
NV_S,183,2050_all,0
NV_S,184,2050_all,0
NV_S,185,2050_all,0
NV_S,186,2050_all,0
NV_S,187,2050_all,0
NV_S,188,2050_all,0
NV_S,189,2050_all,0
NV_S,190,2050_all,0
NV_S,191,2050_all,0
NV_S,192,2050_all,0
NV_S,193,2050_all,0
NV_S,194,2050_all,0
NV_S,195,2050_all,0
NV_S,196,2050_all,0
NV_S,197,2050_all,0
NV_S,198,2050_all,0
NV_S,199,2050_all,0
NV_S,200,2050_all,0
NV_S,201,2050_all,0
NV_S,202,2050_all,0
NV_S,203,2050_all,0
NV_S,204,2050_all,0
NV_S,205,2050_all,0
NV_S,206,2050_all,0
NV_S,207,2050_all,0
NV_S,208,2050_all,0
NV_S,209,2050_all,0
NV_S,210,2050_all,0
NV_S,211,2050_all,0
NV_S,212,2050_all,0
NV_S,213,2050_all,0
NV_S,214,2050_all,0
NV_S,215,2050_all,0
NV_S,216,2050_all,0
NV_S,217,2050_all,0
NV_S,218,2050_all,0
NV_S,219,2050_all,0
NV_S,220,2050_all,0
NV_S,221,2050_all,0
NV_S,222,2050_all,0
NV_S,223,2050_all,0
NV_S,224,2050_all,0
NV_S,225,2050_all,0
NV_S,226,2050_all,0
NV_S,227,2050_all,0
NV_S,228,2050_all,0
NV_S,229,2050_all,0
NV_S,230,2050_all,0
NV_S,231,2050_all,0
NV_S,232,2050_all,0
NV_S,233,2050_all,0
NV_S,234,2050_all,0
NV_S,235,2050_all,0
NV_S,236,2050_all,0
NV_S,237,2050_all,0
NV_S,238,2050_all,0
NV_S,239,2050_all,0
NV_S,240,2050_all,0
NV_S,241,2050_all,0
NV_S,242,2050_all,0
NV_S,243,2050_all,0
NV_S,244,2050_all,0
NV_S,245,2050_all,0
NV_S,246,2050_all,0
NV_S,247,2050_all,0
NV_S,248,2050_all,0
NV_S,249,2050_all,0
NV_S,250,2050_all,0
NV_S,251,2050_all,0
NV_S,252,2050_all,0
NV_S,253,2050_all,0
NV_S,254,2050_all,0
NV_S,255,2050_all,0
NV_S,256,2050_all,0
NV_S,257,2050_all,0
NV_S,258,2050_all,0
NV_S,259,2050_all,0
NV_S,260,2050_all,0
NV_S,261,2050_all,0
NV_S,262,2050_all,0
NV_S,263,2050_all,0
NV_S,264,2050_all,0
NV_S,265,2050_all,0
NV_S,266,2050_all,0
NV_S,267,2050_all,0
NV_S,268,2050_all,0
NV_S,269,2050_all,0
NV_S,270,2050_all,0
NV_S,271,2050_all,0
NV_S,272,2050_all,0
NV_S,273,2050_all,0
NV_S,274,2050_all,0
NV_S,275,2050_all,0
NV_S,276,2050_all,0
NV_S,277,2050_all,0
NV_S,278,2050_all,0
NV_S,279,2050_all,0
NV_S,280,2050_all,0
NV_S,281,2050_all,0
NV_S,282,2050_all,0
NV_S,283,2050_all,0
NV_S,284,2050_all,0
NV_S,285,2050_all,0
NV_S,286,2050_all,0
NV_S,287,2050_all,0
NV_S,288,2050_all,0
NV_S,289,2050_all,0
NV_S,290,2050_all,0
NV_S,291,2050_all,0
NV_S,292,2050_all,0
NV_S,293,2050_all,0
NV_S,294,2050_all,0
NV_S,295,2050_all,0
NV_S,296,2050_all,0
NV_S,297,2050_all,0
NV_S,298,2050_all,0
NV_S,299,2050_all,0
NV_S,300,2050_all,0
NV_S,301,2050_all,0
NV_S,302,2050_all,0
NV_S,303,2050_all,0
NV_S,304,2050_all,0
NV_S,305,2050_all,0
NV_S,306,2050_all,0
NV_S,307,2050_all,0
NV_S,308,2050_all,0
NV_S,309,2050_all,0
NV_S,310,2050_all,0
NV_S,311,2050_all,0
NV_S,312,2050_all,0
NV_S,313,2050_all,0
NV_S,314,2050_all,0
NV_S,315,2050_all,0
NV_S,316,2050_all,0
NV_S,317,2050_all,0
NV_S,318,2050_all,0
NV_S,319,2050_all,0
NV_S,320,2050_all,0
NV_S,321,2050_all,0
NV_S,322,2050_all,0
NV_S,323,2050_all,0
NV_S,324,2050_all,0
NV_S,325,2050_all,0
NV_S,326,2050_all,0
NV_S,327,2050_all,0
NV_S,328,2050_all,0
NV_S,329,2050_all,0
NV_S,330,2050_all,0
NV_S,331,2050_all,0
NV_S,332,2050_all,0
NV_S,333,2050_all,0
NV_S,334,2050_all,0
NV_S,335,2050_all,0
NV_S,336,2050_all,0
NV_S,337,2050_all,0
NV_S,338,2050_all,0
NV_S,339,2050_all,0
NV_S,340,2050_all,0
NV_S,341,2050_all,0
NV_S,342,2050_all,0
NV_S,343,2050_all,0
NV_S,344,2050_all,0
NV_S,345,2050_all,0
NV_S,346,2050_all,0
NV_S,347,2050_all,0
NV_S,348,2050_all,0
NV_S,349,2050_all,0
NV_S,350,2050_all,0
NV_S,351,2050_all,0
NV_S,352,2050_all,0
NV_S,353,2050_all,0
NV_S,354,2050_all,0
NV_S,355,2050_all,0
NV_S,356,2050_all,0
NV_S,357,2050_all,0
NV_S,358,2050_all,0
NV_S,359,2050_all,0
NV_S,360,2050_all,0
NV_S,361,2050_all,0
NV_S,362,2050_all,0
NV_S,363,2050_all,0
NV_S,364,2050_all,0
NV_S,365,2050_all,0
OR_E,1,2050_all,0
OR_E,2,2050_all,0
OR_E,3,2050_all,0
OR_E,4,2050_all,0
OR_E,5,2050_all,0
OR_E,6,2050_all,0
OR_E,7,2050_all,0
OR_E,8,2050_all,0
OR_E,9,2050_all,0
OR_E,10,2050_all,0
OR_E,11,2050_all,0
OR_E,12,2050_all,0
OR_E,13,2050_all,0
OR_E,14,2050_all,0
OR_E,15,2050_all,0
OR_E,16,2050_all,0
OR_E,17,2050_all,0
OR_E,18,2050_all,0
OR_E,19,2050_all,0
OR_E,20,2050_all,0
OR_E,21,2050_all,0
OR_E,22,2050_all,0
OR_E,23,2050_all,0
OR_E,24,2050_all,0
OR_E,25,2050_all,0
OR_E,26,2050_all,0
OR_E,27,2050_all,0
OR_E,28,2050_all,0
OR_E,29,2050_all,0
OR_E,30,2050_all,0
OR_E,31,2050_all,0
OR_E,32,2050_all,0
OR_E,33,2050_all,0
OR_E,34,2050_all,0
OR_E,35,2050_all,0
OR_E,36,2050_all,0
OR_E,37,2050_all,0
OR_E,38,2050_all,0
OR_E,39,2050_all,0
OR_E,40,2050_all,0
OR_E,41,2050_all,0
OR_E,42,2050_all,0
OR_E,43,2050_all,0
OR_E,44,2050_all,0
OR_E,45,2050_all,0
OR_E,46,2050_all,0
OR_E,47,2050_all,0
OR_E,48,2050_all,0
OR_E,49,2050_all,0
OR_E,50,2050_all,0
OR_E,51,2050_all,0
OR_E,52,2050_all,0
OR_E,53,2050_all,0
OR_E,54,2050_all,0
OR_E,55,2050_all,0
OR_E,56,2050_all,0
OR_E,57,2050_all,0
OR_E,58,2050_all,0
OR_E,59,2050_all,0
OR_E,60,2050_all,0
OR_E,61,2050_all,0
OR_E,62,2050_all,0
OR_E,63,2050_all,0
OR_E,64,2050_all,0
OR_E,65,2050_all,0
OR_E,66,2050_all,0
OR_E,67,2050_all,0
OR_E,68,2050_all,0
OR_E,69,2050_all,0
OR_E,70,2050_all,0
OR_E,71,2050_all,0
OR_E,72,2050_all,0
OR_E,73,2050_all,0
OR_E,74,2050_all,0
OR_E,75,2050_all,0
OR_E,76,2050_all,0
OR_E,77,2050_all,0
OR_E,78,2050_all,0
OR_E,79,2050_all,0
OR_E,80,2050_all,0
OR_E,81,2050_all,0
OR_E,82,2050_all,0
OR_E,83,2050_all,0
OR_E,84,2050_all,0
OR_E,85,2050_all,0
OR_E,86,2050_all,0
OR_E,87,2050_all,0
OR_E,88,2050_all,0
OR_E,89,2050_all,0
OR_E,90,2050_all,0
OR_E,91,2050_all,0
OR_E,92,2050_all,0
OR_E,93,2050_all,0
OR_E,94,2050_all,0
OR_E,95,2050_all,0
OR_E,96,2050_all,0
OR_E,97,2050_all,0
OR_E,98,2050_all,0
OR_E,99,2050_all,0
OR_E,100,2050_all,0
OR_E,101,2050_all,0
OR_E,102,2050_all,0
OR_E,103,2050_all,0
OR_E,104,2050_all,0
OR_E,105,2050_all,0
OR_E,106,2050_all,0
OR_E,107,2050_all,0
OR_E,108,2050_all,0
OR_E,109,2050_all,0
OR_E,110,2050_all,0
OR_E,111,2050_all,0
OR_E,112,2050_all,0
OR_E,113,2050_all,0
OR_E,114,2050_all,0
OR_E,115,2050_all,0
OR_E,116,2050_all,0
OR_E,117,2050_all,0
OR_E,118,2050_all,0
OR_E,119,2050_all,0
OR_E,120,2050_all,0
OR_E,121,2050_all,0
OR_E,122,2050_all,0
OR_E,123,2050_all,0
OR_E,124,2050_all,0
OR_E,125,2050_all,0
OR_E,126,2050_all,0
OR_E,127,2050_all,0
OR_E,128,2050_all,0
OR_E,129,2050_all,0
OR_E,130,2050_all,0
OR_E,131,2050_all,0
OR_E,132,2050_all,0
OR_E,133,2050_all,0
OR_E,134,2050_all,0
OR_E,135,2050_all,0
OR_E,136,2050_all,0
OR_E,137,2050_all,0
OR_E,138,2050_all,0
OR_E,139,2050_all,0
OR_E,140,2050_all,0
OR_E,141,2050_all,0
OR_E,142,2050_all,0
OR_E,143,2050_all,0
OR_E,144,2050_all,0
OR_E,145,2050_all,0
OR_E,146,2050_all,0
OR_E,147,2050_all,0
OR_E,148,2050_all,0
OR_E,149,2050_all,0
OR_E,150,2050_all,0
OR_E,151,2050_all,0
OR_E,152,2050_all,0
OR_E,153,2050_all,0
OR_E,154,2050_all,0
OR_E,155,2050_all,0
OR_E,156,2050_all,0
OR_E,157,2050_all,0
OR_E,158,2050_all,0
OR_E,159,2050_all,0
OR_E,160,2050_all,0
OR_E,161,2050_all,0
OR_E,162,2050_all,0
OR_E,163,2050_all,0
OR_E,164,2050_all,0
OR_E,165,2050_all,0
OR_E,166,2050_all,0
OR_E,167,2050_all,0
OR_E,168,2050_all,0
OR_E,169,2050_all,0
OR_E,170,2050_all,0
OR_E,171,2050_all,0
OR_E,172,2050_all,0
OR_E,173,2050_all,0
OR_E,174,2050_all,0
OR_E,175,2050_all,0
OR_E,176,2050_all,0
OR_E,177,2050_all,0
OR_E,178,2050_all,0
OR_E,179,2050_all,0
OR_E,180,2050_all,0
OR_E,181,2050_all,0
OR_E,182,2050_all,0
OR_E,183,2050_all,0
OR_E,184,2050_all,0
OR_E,185,2050_all,0
OR_E,186,2050_all,0
OR_E,187,2050_all,0
OR_E,188,2050_all,0
OR_E,189,2050_all,0
OR_E,190,2050_all,0
OR_E,191,2050_all,0
OR_E,192,2050_all,0
OR_E,193,2050_all,0
OR_E,194,2050_all,0
OR_E,195,2050_all,0
OR_E,196,2050_all,0
OR_E,197,2050_all,0
OR_E,198,2050_all,0
OR_E,199,2050_all,0
OR_E,200,2050_all,0
OR_E,201,2050_all,0
OR_E,202,2050_all,0
OR_E,203,2050_all,0
OR_E,204,2050_all,0
OR_E,205,2050_all,0
OR_E,206,2050_all,0
OR_E,207,2050_all,0
OR_E,208,2050_all,0
OR_E,209,2050_all,0
OR_E,210,2050_all,0
OR_E,211,2050_all,0
OR_E,212,2050_all,0
OR_E,213,2050_all,0
OR_E,214,2050_all,0
OR_E,215,2050_all,0
OR_E,216,2050_all,0
OR_E,217,2050_all,0
OR_E,218,2050_all,0
OR_E,219,2050_all,0
OR_E,220,2050_all,0
OR_E,221,2050_all,0
OR_E,222,2050_all,0
OR_E,223,2050_all,0
OR_E,224,2050_all,0
OR_E,225,2050_all,0
OR_E,226,2050_all,0
OR_E,227,2050_all,0
OR_E,228,2050_all,0
OR_E,229,2050_all,0
OR_E,230,2050_all,0
OR_E,231,2050_all,0
OR_E,232,2050_all,0
OR_E,233,2050_all,0
OR_E,234,2050_all,0
OR_E,235,2050_all,0
OR_E,236,2050_all,0
OR_E,237,2050_all,0
OR_E,238,2050_all,0
OR_E,239,2050_all,0
OR_E,240,2050_all,0
OR_E,241,2050_all,0
OR_E,242,2050_all,0
OR_E,243,2050_all,0
OR_E,244,2050_all,0
OR_E,245,2050_all,0
OR_E,246,2050_all,0
OR_E,247,2050_all,0
OR_E,248,2050_all,0
OR_E,249,2050_all,0
OR_E,250,2050_all,0
OR_E,251,2050_all,0
OR_E,252,2050_all,0
OR_E,253,2050_all,0
OR_E,254,2050_all,0
OR_E,255,2050_all,0
OR_E,256,2050_all,0
OR_E,257,2050_all,0
OR_E,258,2050_all,0
OR_E,259,2050_all,0
OR_E,260,2050_all,0
OR_E,261,2050_all,0
OR_E,262,2050_all,0
OR_E,263,2050_all,0
OR_E,264,2050_all,0
OR_E,265,2050_all,0
OR_E,266,2050_all,0
OR_E,267,2050_all,0
OR_E,268,2050_all,0
OR_E,269,2050_all,0
OR_E,270,2050_all,0
OR_E,271,2050_all,0
OR_E,272,2050_all,0
OR_E,273,2050_all,0
OR_E,274,2050_all,0
OR_E,275,2050_all,0
OR_E,276,2050_all,0
OR_E,277,2050_all,0
OR_E,278,2050_all,0
OR_E,279,2050_all,0
OR_E,280,2050_all,0
OR_E,281,2050_all,0
OR_E,282,2050_all,0
OR_E,283,2050_all,0
OR_E,284,2050_all,0
OR_E,285,2050_all,0
OR_E,286,2050_all,0
OR_E,287,2050_all,0
OR_E,288,2050_all,0
OR_E,289,2050_all,0
OR_E,290,2050_all,0
OR_E,291,2050_all,0
OR_E,292,2050_all,0
OR_E,293,2050_all,0
OR_E,294,2050_all,0
OR_E,295,2050_all,0
OR_E,296,2050_all,0
OR_E,297,2050_all,0
OR_E,298,2050_all,0
OR_E,299,2050_all,0
OR_E,300,2050_all,0
OR_E,301,2050_all,0
OR_E,302,2050_all,0
OR_E,303,2050_all,0
OR_E,304,2050_all,0
OR_E,305,2050_all,0
OR_E,306,2050_all,0
OR_E,307,2050_all,0
OR_E,308,2050_all,0
OR_E,309,2050_all,0
OR_E,310,2050_all,0
OR_E,311,2050_all,0
OR_E,312,2050_all,0
OR_E,313,2050_all,0
OR_E,314,2050_all,0
OR_E,315,2050_all,0
OR_E,316,2050_all,0
OR_E,317,2050_all,0
OR_E,318,2050_all,0
OR_E,319,2050_all,0
OR_E,320,2050_all,0
OR_E,321,2050_all,0
OR_E,322,2050_all,0
OR_E,323,2050_all,0
OR_E,324,2050_all,0
OR_E,325,2050_all,0
OR_E,326,2050_all,0
OR_E,327,2050_all,0
OR_E,328,2050_all,0
OR_E,329,2050_all,0
OR_E,330,2050_all,0
OR_E,331,2050_all,0
OR_E,332,2050_all,0
OR_E,333,2050_all,0
OR_E,334,2050_all,0
OR_E,335,2050_all,0
OR_E,336,2050_all,0
OR_E,337,2050_all,0
OR_E,338,2050_all,0
OR_E,339,2050_all,0
OR_E,340,2050_all,0
OR_E,341,2050_all,0
OR_E,342,2050_all,0
OR_E,343,2050_all,0
OR_E,344,2050_all,0
OR_E,345,2050_all,0
OR_E,346,2050_all,0
OR_E,347,2050_all,0
OR_E,348,2050_all,0
OR_E,349,2050_all,0
OR_E,350,2050_all,0
OR_E,351,2050_all,0
OR_E,352,2050_all,0
OR_E,353,2050_all,0
OR_E,354,2050_all,0
OR_E,355,2050_all,0
OR_E,356,2050_all,0
OR_E,357,2050_all,0
OR_E,358,2050_all,0
OR_E,359,2050_all,0
OR_E,360,2050_all,0
OR_E,361,2050_all,0
OR_E,362,2050_all,0
OR_E,363,2050_all,0
OR_E,364,2050_all,0
OR_E,365,2050_all,0
OR_PDX,1,2050_all,0
OR_PDX,2,2050_all,0
OR_PDX,3,2050_all,0
OR_PDX,4,2050_all,0
OR_PDX,5,2050_all,0
OR_PDX,6,2050_all,0
OR_PDX,7,2050_all,0
OR_PDX,8,2050_all,0
OR_PDX,9,2050_all,0
OR_PDX,10,2050_all,0
OR_PDX,11,2050_all,0
OR_PDX,12,2050_all,0
OR_PDX,13,2050_all,0
OR_PDX,14,2050_all,0
OR_PDX,15,2050_all,0
OR_PDX,16,2050_all,0
OR_PDX,17,2050_all,0
OR_PDX,18,2050_all,0
OR_PDX,19,2050_all,0
OR_PDX,20,2050_all,0
OR_PDX,21,2050_all,0
OR_PDX,22,2050_all,0
OR_PDX,23,2050_all,0
OR_PDX,24,2050_all,0
OR_PDX,25,2050_all,0
OR_PDX,26,2050_all,0
OR_PDX,27,2050_all,0
OR_PDX,28,2050_all,0
OR_PDX,29,2050_all,0
OR_PDX,30,2050_all,0
OR_PDX,31,2050_all,0
OR_PDX,32,2050_all,0
OR_PDX,33,2050_all,0
OR_PDX,34,2050_all,0
OR_PDX,35,2050_all,0
OR_PDX,36,2050_all,0
OR_PDX,37,2050_all,0
OR_PDX,38,2050_all,0
OR_PDX,39,2050_all,0
OR_PDX,40,2050_all,0
OR_PDX,41,2050_all,0
OR_PDX,42,2050_all,0
OR_PDX,43,2050_all,0
OR_PDX,44,2050_all,0
OR_PDX,45,2050_all,0
OR_PDX,46,2050_all,0
OR_PDX,47,2050_all,0
OR_PDX,48,2050_all,0
OR_PDX,49,2050_all,0
OR_PDX,50,2050_all,0
OR_PDX,51,2050_all,0
OR_PDX,52,2050_all,0
OR_PDX,53,2050_all,0
OR_PDX,54,2050_all,0
OR_PDX,55,2050_all,0
OR_PDX,56,2050_all,0
OR_PDX,57,2050_all,0
OR_PDX,58,2050_all,0
OR_PDX,59,2050_all,0
OR_PDX,60,2050_all,0
OR_PDX,61,2050_all,0
OR_PDX,62,2050_all,0
OR_PDX,63,2050_all,0
OR_PDX,64,2050_all,0
OR_PDX,65,2050_all,0
OR_PDX,66,2050_all,0
OR_PDX,67,2050_all,0
OR_PDX,68,2050_all,0
OR_PDX,69,2050_all,0
OR_PDX,70,2050_all,0
OR_PDX,71,2050_all,0
OR_PDX,72,2050_all,0
OR_PDX,73,2050_all,0
OR_PDX,74,2050_all,0
OR_PDX,75,2050_all,0
OR_PDX,76,2050_all,0
OR_PDX,77,2050_all,0
OR_PDX,78,2050_all,0
OR_PDX,79,2050_all,0
OR_PDX,80,2050_all,0
OR_PDX,81,2050_all,0
OR_PDX,82,2050_all,0
OR_PDX,83,2050_all,0
OR_PDX,84,2050_all,0
OR_PDX,85,2050_all,0
OR_PDX,86,2050_all,0
OR_PDX,87,2050_all,0
OR_PDX,88,2050_all,0
OR_PDX,89,2050_all,0
OR_PDX,90,2050_all,0
OR_PDX,91,2050_all,0
OR_PDX,92,2050_all,0
OR_PDX,93,2050_all,0
OR_PDX,94,2050_all,0
OR_PDX,95,2050_all,0
OR_PDX,96,2050_all,0
OR_PDX,97,2050_all,0
OR_PDX,98,2050_all,0
OR_PDX,99,2050_all,0
OR_PDX,100,2050_all,0
OR_PDX,101,2050_all,0
OR_PDX,102,2050_all,0
OR_PDX,103,2050_all,0
OR_PDX,104,2050_all,0
OR_PDX,105,2050_all,0
OR_PDX,106,2050_all,0
OR_PDX,107,2050_all,0
OR_PDX,108,2050_all,0
OR_PDX,109,2050_all,0
OR_PDX,110,2050_all,0
OR_PDX,111,2050_all,0
OR_PDX,112,2050_all,0
OR_PDX,113,2050_all,0
OR_PDX,114,2050_all,0
OR_PDX,115,2050_all,0
OR_PDX,116,2050_all,0
OR_PDX,117,2050_all,0
OR_PDX,118,2050_all,0
OR_PDX,119,2050_all,0
OR_PDX,120,2050_all,0
OR_PDX,121,2050_all,0
OR_PDX,122,2050_all,0
OR_PDX,123,2050_all,0
OR_PDX,124,2050_all,0
OR_PDX,125,2050_all,0
OR_PDX,126,2050_all,0
OR_PDX,127,2050_all,0
OR_PDX,128,2050_all,0
OR_PDX,129,2050_all,0
OR_PDX,130,2050_all,0
OR_PDX,131,2050_all,0
OR_PDX,132,2050_all,0
OR_PDX,133,2050_all,0
OR_PDX,134,2050_all,0
OR_PDX,135,2050_all,0
OR_PDX,136,2050_all,0
OR_PDX,137,2050_all,0
OR_PDX,138,2050_all,0
OR_PDX,139,2050_all,0
OR_PDX,140,2050_all,0
OR_PDX,141,2050_all,0
OR_PDX,142,2050_all,0
OR_PDX,143,2050_all,0
OR_PDX,144,2050_all,0
OR_PDX,145,2050_all,0
OR_PDX,146,2050_all,0
OR_PDX,147,2050_all,0
OR_PDX,148,2050_all,0
OR_PDX,149,2050_all,0
OR_PDX,150,2050_all,0
OR_PDX,151,2050_all,0
OR_PDX,152,2050_all,0
OR_PDX,153,2050_all,0
OR_PDX,154,2050_all,0
OR_PDX,155,2050_all,0
OR_PDX,156,2050_all,0
OR_PDX,157,2050_all,0
OR_PDX,158,2050_all,0
OR_PDX,159,2050_all,0
OR_PDX,160,2050_all,0
OR_PDX,161,2050_all,0
OR_PDX,162,2050_all,0
OR_PDX,163,2050_all,0
OR_PDX,164,2050_all,0
OR_PDX,165,2050_all,0
OR_PDX,166,2050_all,0
OR_PDX,167,2050_all,0
OR_PDX,168,2050_all,0
OR_PDX,169,2050_all,0
OR_PDX,170,2050_all,0
OR_PDX,171,2050_all,0
OR_PDX,172,2050_all,0
OR_PDX,173,2050_all,0
OR_PDX,174,2050_all,0
OR_PDX,175,2050_all,0
OR_PDX,176,2050_all,0
OR_PDX,177,2050_all,0
OR_PDX,178,2050_all,0
OR_PDX,179,2050_all,0
OR_PDX,180,2050_all,0
OR_PDX,181,2050_all,0
OR_PDX,182,2050_all,0
OR_PDX,183,2050_all,0
OR_PDX,184,2050_all,0
OR_PDX,185,2050_all,0
OR_PDX,186,2050_all,0
OR_PDX,187,2050_all,0
OR_PDX,188,2050_all,0
OR_PDX,189,2050_all,0
OR_PDX,190,2050_all,0
OR_PDX,191,2050_all,0
OR_PDX,192,2050_all,0
OR_PDX,193,2050_all,0
OR_PDX,194,2050_all,0
OR_PDX,195,2050_all,0
OR_PDX,196,2050_all,0
OR_PDX,197,2050_all,0
OR_PDX,198,2050_all,0
OR_PDX,199,2050_all,0
OR_PDX,200,2050_all,0
OR_PDX,201,2050_all,0
OR_PDX,202,2050_all,0
OR_PDX,203,2050_all,0
OR_PDX,204,2050_all,0
OR_PDX,205,2050_all,0
OR_PDX,206,2050_all,0
OR_PDX,207,2050_all,0
OR_PDX,208,2050_all,0
OR_PDX,209,2050_all,0
OR_PDX,210,2050_all,0
OR_PDX,211,2050_all,0
OR_PDX,212,2050_all,0
OR_PDX,213,2050_all,0
OR_PDX,214,2050_all,0
OR_PDX,215,2050_all,0
OR_PDX,216,2050_all,0
OR_PDX,217,2050_all,0
OR_PDX,218,2050_all,0
OR_PDX,219,2050_all,0
OR_PDX,220,2050_all,0
OR_PDX,221,2050_all,0
OR_PDX,222,2050_all,0
OR_PDX,223,2050_all,0
OR_PDX,224,2050_all,0
OR_PDX,225,2050_all,0
OR_PDX,226,2050_all,0
OR_PDX,227,2050_all,0
OR_PDX,228,2050_all,0
OR_PDX,229,2050_all,0
OR_PDX,230,2050_all,0
OR_PDX,231,2050_all,0
OR_PDX,232,2050_all,0
OR_PDX,233,2050_all,0
OR_PDX,234,2050_all,0
OR_PDX,235,2050_all,0
OR_PDX,236,2050_all,0
OR_PDX,237,2050_all,0
OR_PDX,238,2050_all,0
OR_PDX,239,2050_all,0
OR_PDX,240,2050_all,0
OR_PDX,241,2050_all,0
OR_PDX,242,2050_all,0
OR_PDX,243,2050_all,0
OR_PDX,244,2050_all,0
OR_PDX,245,2050_all,0
OR_PDX,246,2050_all,0
OR_PDX,247,2050_all,0
OR_PDX,248,2050_all,0
OR_PDX,249,2050_all,0
OR_PDX,250,2050_all,0
OR_PDX,251,2050_all,0
OR_PDX,252,2050_all,0
OR_PDX,253,2050_all,0
OR_PDX,254,2050_all,0
OR_PDX,255,2050_all,0
OR_PDX,256,2050_all,0
OR_PDX,257,2050_all,0
OR_PDX,258,2050_all,0
OR_PDX,259,2050_all,0
OR_PDX,260,2050_all,0
OR_PDX,261,2050_all,0
OR_PDX,262,2050_all,0
OR_PDX,263,2050_all,0
OR_PDX,264,2050_all,0
OR_PDX,265,2050_all,0
OR_PDX,266,2050_all,0
OR_PDX,267,2050_all,0
OR_PDX,268,2050_all,0
OR_PDX,269,2050_all,0
OR_PDX,270,2050_all,0
OR_PDX,271,2050_all,0
OR_PDX,272,2050_all,0
OR_PDX,273,2050_all,0
OR_PDX,274,2050_all,0
OR_PDX,275,2050_all,0
OR_PDX,276,2050_all,0
OR_PDX,277,2050_all,0
OR_PDX,278,2050_all,0
OR_PDX,279,2050_all,0
OR_PDX,280,2050_all,0
OR_PDX,281,2050_all,0
OR_PDX,282,2050_all,0
OR_PDX,283,2050_all,0
OR_PDX,284,2050_all,0
OR_PDX,285,2050_all,0
OR_PDX,286,2050_all,0
OR_PDX,287,2050_all,0
OR_PDX,288,2050_all,0
OR_PDX,289,2050_all,0
OR_PDX,290,2050_all,0
OR_PDX,291,2050_all,0
OR_PDX,292,2050_all,0
OR_PDX,293,2050_all,0
OR_PDX,294,2050_all,0
OR_PDX,295,2050_all,0
OR_PDX,296,2050_all,0
OR_PDX,297,2050_all,0
OR_PDX,298,2050_all,0
OR_PDX,299,2050_all,0
OR_PDX,300,2050_all,0
OR_PDX,301,2050_all,0
OR_PDX,302,2050_all,0
OR_PDX,303,2050_all,0
OR_PDX,304,2050_all,0
OR_PDX,305,2050_all,0
OR_PDX,306,2050_all,0
OR_PDX,307,2050_all,0
OR_PDX,308,2050_all,0
OR_PDX,309,2050_all,0
OR_PDX,310,2050_all,0
OR_PDX,311,2050_all,0
OR_PDX,312,2050_all,0
OR_PDX,313,2050_all,0
OR_PDX,314,2050_all,0
OR_PDX,315,2050_all,0
OR_PDX,316,2050_all,0
OR_PDX,317,2050_all,0
OR_PDX,318,2050_all,0
OR_PDX,319,2050_all,0
OR_PDX,320,2050_all,0
OR_PDX,321,2050_all,0
OR_PDX,322,2050_all,0
OR_PDX,323,2050_all,0
OR_PDX,324,2050_all,0
OR_PDX,325,2050_all,0
OR_PDX,326,2050_all,0
OR_PDX,327,2050_all,0
OR_PDX,328,2050_all,0
OR_PDX,329,2050_all,0
OR_PDX,330,2050_all,0
OR_PDX,331,2050_all,0
OR_PDX,332,2050_all,0
OR_PDX,333,2050_all,0
OR_PDX,334,2050_all,0
OR_PDX,335,2050_all,0
OR_PDX,336,2050_all,0
OR_PDX,337,2050_all,0
OR_PDX,338,2050_all,0
OR_PDX,339,2050_all,0
OR_PDX,340,2050_all,0
OR_PDX,341,2050_all,0
OR_PDX,342,2050_all,0
OR_PDX,343,2050_all,0
OR_PDX,344,2050_all,0
OR_PDX,345,2050_all,0
OR_PDX,346,2050_all,0
OR_PDX,347,2050_all,0
OR_PDX,348,2050_all,0
OR_PDX,349,2050_all,0
OR_PDX,350,2050_all,0
OR_PDX,351,2050_all,0
OR_PDX,352,2050_all,0
OR_PDX,353,2050_all,0
OR_PDX,354,2050_all,0
OR_PDX,355,2050_all,0
OR_PDX,356,2050_all,0
OR_PDX,357,2050_all,0
OR_PDX,358,2050_all,0
OR_PDX,359,2050_all,0
OR_PDX,360,2050_all,0
OR_PDX,361,2050_all,0
OR_PDX,362,2050_all,0
OR_PDX,363,2050_all,0
OR_PDX,364,2050_all,0
OR_PDX,365,2050_all,0
OR_W,1,2050_all,0
OR_W,2,2050_all,0
OR_W,3,2050_all,0
OR_W,4,2050_all,0
OR_W,5,2050_all,0
OR_W,6,2050_all,0
OR_W,7,2050_all,0
OR_W,8,2050_all,0
OR_W,9,2050_all,0
OR_W,10,2050_all,0
OR_W,11,2050_all,0
OR_W,12,2050_all,0
OR_W,13,2050_all,0
OR_W,14,2050_all,0
OR_W,15,2050_all,0
OR_W,16,2050_all,0
OR_W,17,2050_all,0
OR_W,18,2050_all,0
OR_W,19,2050_all,0
OR_W,20,2050_all,0
OR_W,21,2050_all,0
OR_W,22,2050_all,0
OR_W,23,2050_all,0
OR_W,24,2050_all,0
OR_W,25,2050_all,0
OR_W,26,2050_all,0
OR_W,27,2050_all,0
OR_W,28,2050_all,0
OR_W,29,2050_all,0
OR_W,30,2050_all,0
OR_W,31,2050_all,0
OR_W,32,2050_all,0
OR_W,33,2050_all,0
OR_W,34,2050_all,0
OR_W,35,2050_all,0
OR_W,36,2050_all,0
OR_W,37,2050_all,0
OR_W,38,2050_all,0
OR_W,39,2050_all,0
OR_W,40,2050_all,0
OR_W,41,2050_all,0
OR_W,42,2050_all,0
OR_W,43,2050_all,0
OR_W,44,2050_all,0
OR_W,45,2050_all,0
OR_W,46,2050_all,0
OR_W,47,2050_all,0
OR_W,48,2050_all,0
OR_W,49,2050_all,0
OR_W,50,2050_all,0
OR_W,51,2050_all,0
OR_W,52,2050_all,0
OR_W,53,2050_all,0
OR_W,54,2050_all,0
OR_W,55,2050_all,0
OR_W,56,2050_all,0
OR_W,57,2050_all,0
OR_W,58,2050_all,0
OR_W,59,2050_all,0
OR_W,60,2050_all,0
OR_W,61,2050_all,0
OR_W,62,2050_all,0
OR_W,63,2050_all,0
OR_W,64,2050_all,0
OR_W,65,2050_all,0
OR_W,66,2050_all,0
OR_W,67,2050_all,0
OR_W,68,2050_all,0
OR_W,69,2050_all,0
OR_W,70,2050_all,0
OR_W,71,2050_all,0
OR_W,72,2050_all,0
OR_W,73,2050_all,0
OR_W,74,2050_all,0
OR_W,75,2050_all,0
OR_W,76,2050_all,0
OR_W,77,2050_all,0
OR_W,78,2050_all,0
OR_W,79,2050_all,0
OR_W,80,2050_all,0
OR_W,81,2050_all,0
OR_W,82,2050_all,0
OR_W,83,2050_all,0
OR_W,84,2050_all,0
OR_W,85,2050_all,0
OR_W,86,2050_all,0
OR_W,87,2050_all,0
OR_W,88,2050_all,0
OR_W,89,2050_all,0
OR_W,90,2050_all,0
OR_W,91,2050_all,0
OR_W,92,2050_all,0
OR_W,93,2050_all,0
OR_W,94,2050_all,0
OR_W,95,2050_all,0
OR_W,96,2050_all,0
OR_W,97,2050_all,0
OR_W,98,2050_all,0
OR_W,99,2050_all,0
OR_W,100,2050_all,0
OR_W,101,2050_all,0
OR_W,102,2050_all,0
OR_W,103,2050_all,0
OR_W,104,2050_all,0
OR_W,105,2050_all,0
OR_W,106,2050_all,0
OR_W,107,2050_all,0
OR_W,108,2050_all,0
OR_W,109,2050_all,0
OR_W,110,2050_all,0
OR_W,111,2050_all,0
OR_W,112,2050_all,0
OR_W,113,2050_all,0
OR_W,114,2050_all,0
OR_W,115,2050_all,0
OR_W,116,2050_all,0
OR_W,117,2050_all,0
OR_W,118,2050_all,0
OR_W,119,2050_all,0
OR_W,120,2050_all,0
OR_W,121,2050_all,0
OR_W,122,2050_all,0
OR_W,123,2050_all,0
OR_W,124,2050_all,0
OR_W,125,2050_all,0
OR_W,126,2050_all,0
OR_W,127,2050_all,0
OR_W,128,2050_all,0
OR_W,129,2050_all,0
OR_W,130,2050_all,0
OR_W,131,2050_all,0
OR_W,132,2050_all,0
OR_W,133,2050_all,0
OR_W,134,2050_all,0
OR_W,135,2050_all,0
OR_W,136,2050_all,0
OR_W,137,2050_all,0
OR_W,138,2050_all,0
OR_W,139,2050_all,0
OR_W,140,2050_all,0
OR_W,141,2050_all,0
OR_W,142,2050_all,0
OR_W,143,2050_all,0
OR_W,144,2050_all,0
OR_W,145,2050_all,0
OR_W,146,2050_all,0
OR_W,147,2050_all,0
OR_W,148,2050_all,0
OR_W,149,2050_all,0
OR_W,150,2050_all,0
OR_W,151,2050_all,0
OR_W,152,2050_all,0
OR_W,153,2050_all,0
OR_W,154,2050_all,0
OR_W,155,2050_all,0
OR_W,156,2050_all,0
OR_W,157,2050_all,0
OR_W,158,2050_all,0
OR_W,159,2050_all,0
OR_W,160,2050_all,0
OR_W,161,2050_all,0
OR_W,162,2050_all,0
OR_W,163,2050_all,0
OR_W,164,2050_all,0
OR_W,165,2050_all,0
OR_W,166,2050_all,0
OR_W,167,2050_all,0
OR_W,168,2050_all,0
OR_W,169,2050_all,0
OR_W,170,2050_all,0
OR_W,171,2050_all,0
OR_W,172,2050_all,0
OR_W,173,2050_all,0
OR_W,174,2050_all,0
OR_W,175,2050_all,0
OR_W,176,2050_all,0
OR_W,177,2050_all,0
OR_W,178,2050_all,0
OR_W,179,2050_all,0
OR_W,180,2050_all,0
OR_W,181,2050_all,0
OR_W,182,2050_all,0
OR_W,183,2050_all,0
OR_W,184,2050_all,0
OR_W,185,2050_all,0
OR_W,186,2050_all,0
OR_W,187,2050_all,0
OR_W,188,2050_all,0
OR_W,189,2050_all,0
OR_W,190,2050_all,0
OR_W,191,2050_all,0
OR_W,192,2050_all,0
OR_W,193,2050_all,0
OR_W,194,2050_all,0
OR_W,195,2050_all,0
OR_W,196,2050_all,0
OR_W,197,2050_all,0
OR_W,198,2050_all,0
OR_W,199,2050_all,0
OR_W,200,2050_all,0
OR_W,201,2050_all,0
OR_W,202,2050_all,0
OR_W,203,2050_all,0
OR_W,204,2050_all,0
OR_W,205,2050_all,0
OR_W,206,2050_all,0
OR_W,207,2050_all,0
OR_W,208,2050_all,0
OR_W,209,2050_all,0
OR_W,210,2050_all,0
OR_W,211,2050_all,0
OR_W,212,2050_all,0
OR_W,213,2050_all,0
OR_W,214,2050_all,0
OR_W,215,2050_all,0
OR_W,216,2050_all,0
OR_W,217,2050_all,0
OR_W,218,2050_all,0
OR_W,219,2050_all,0
OR_W,220,2050_all,0
OR_W,221,2050_all,0
OR_W,222,2050_all,0
OR_W,223,2050_all,0
OR_W,224,2050_all,0
OR_W,225,2050_all,0
OR_W,226,2050_all,0
OR_W,227,2050_all,0
OR_W,228,2050_all,0
OR_W,229,2050_all,0
OR_W,230,2050_all,0
OR_W,231,2050_all,0
OR_W,232,2050_all,0
OR_W,233,2050_all,0
OR_W,234,2050_all,0
OR_W,235,2050_all,0
OR_W,236,2050_all,0
OR_W,237,2050_all,0
OR_W,238,2050_all,0
OR_W,239,2050_all,0
OR_W,240,2050_all,0
OR_W,241,2050_all,0
OR_W,242,2050_all,0
OR_W,243,2050_all,0
OR_W,244,2050_all,0
OR_W,245,2050_all,0
OR_W,246,2050_all,0
OR_W,247,2050_all,0
OR_W,248,2050_all,0
OR_W,249,2050_all,0
OR_W,250,2050_all,0
OR_W,251,2050_all,0
OR_W,252,2050_all,0
OR_W,253,2050_all,0
OR_W,254,2050_all,0
OR_W,255,2050_all,0
OR_W,256,2050_all,0
OR_W,257,2050_all,0
OR_W,258,2050_all,0
OR_W,259,2050_all,0
OR_W,260,2050_all,0
OR_W,261,2050_all,0
OR_W,262,2050_all,0
OR_W,263,2050_all,0
OR_W,264,2050_all,0
OR_W,265,2050_all,0
OR_W,266,2050_all,0
OR_W,267,2050_all,0
OR_W,268,2050_all,0
OR_W,269,2050_all,0
OR_W,270,2050_all,0
OR_W,271,2050_all,0
OR_W,272,2050_all,0
OR_W,273,2050_all,0
OR_W,274,2050_all,0
OR_W,275,2050_all,0
OR_W,276,2050_all,0
OR_W,277,2050_all,0
OR_W,278,2050_all,0
OR_W,279,2050_all,0
OR_W,280,2050_all,0
OR_W,281,2050_all,0
OR_W,282,2050_all,0
OR_W,283,2050_all,0
OR_W,284,2050_all,0
OR_W,285,2050_all,0
OR_W,286,2050_all,0
OR_W,287,2050_all,0
OR_W,288,2050_all,0
OR_W,289,2050_all,0
OR_W,290,2050_all,0
OR_W,291,2050_all,0
OR_W,292,2050_all,0
OR_W,293,2050_all,0
OR_W,294,2050_all,0
OR_W,295,2050_all,0
OR_W,296,2050_all,0
OR_W,297,2050_all,0
OR_W,298,2050_all,0
OR_W,299,2050_all,0
OR_W,300,2050_all,0
OR_W,301,2050_all,0
OR_W,302,2050_all,0
OR_W,303,2050_all,0
OR_W,304,2050_all,0
OR_W,305,2050_all,0
OR_W,306,2050_all,0
OR_W,307,2050_all,0
OR_W,308,2050_all,0
OR_W,309,2050_all,0
OR_W,310,2050_all,0
OR_W,311,2050_all,0
OR_W,312,2050_all,0
OR_W,313,2050_all,0
OR_W,314,2050_all,0
OR_W,315,2050_all,0
OR_W,316,2050_all,0
OR_W,317,2050_all,0
OR_W,318,2050_all,0
OR_W,319,2050_all,0
OR_W,320,2050_all,0
OR_W,321,2050_all,0
OR_W,322,2050_all,0
OR_W,323,2050_all,0
OR_W,324,2050_all,0
OR_W,325,2050_all,0
OR_W,326,2050_all,0
OR_W,327,2050_all,0
OR_W,328,2050_all,0
OR_W,329,2050_all,0
OR_W,330,2050_all,0
OR_W,331,2050_all,0
OR_W,332,2050_all,0
OR_W,333,2050_all,0
OR_W,334,2050_all,0
OR_W,335,2050_all,0
OR_W,336,2050_all,0
OR_W,337,2050_all,0
OR_W,338,2050_all,0
OR_W,339,2050_all,0
OR_W,340,2050_all,0
OR_W,341,2050_all,0
OR_W,342,2050_all,0
OR_W,343,2050_all,0
OR_W,344,2050_all,0
OR_W,345,2050_all,0
OR_W,346,2050_all,0
OR_W,347,2050_all,0
OR_W,348,2050_all,0
OR_W,349,2050_all,0
OR_W,350,2050_all,0
OR_W,351,2050_all,0
OR_W,352,2050_all,0
OR_W,353,2050_all,0
OR_W,354,2050_all,0
OR_W,355,2050_all,0
OR_W,356,2050_all,0
OR_W,357,2050_all,0
OR_W,358,2050_all,0
OR_W,359,2050_all,0
OR_W,360,2050_all,0
OR_W,361,2050_all,0
OR_W,362,2050_all,0
OR_W,363,2050_all,0
OR_W,364,2050_all,0
OR_W,365,2050_all,0
OR_WA_BPA,1,2050_all,0
OR_WA_BPA,2,2050_all,0
OR_WA_BPA,3,2050_all,0
OR_WA_BPA,4,2050_all,0
OR_WA_BPA,5,2050_all,0
OR_WA_BPA,6,2050_all,0
OR_WA_BPA,7,2050_all,0
OR_WA_BPA,8,2050_all,0
OR_WA_BPA,9,2050_all,0
OR_WA_BPA,10,2050_all,0
OR_WA_BPA,11,2050_all,0
OR_WA_BPA,12,2050_all,0
OR_WA_BPA,13,2050_all,0
OR_WA_BPA,14,2050_all,0
OR_WA_BPA,15,2050_all,0
OR_WA_BPA,16,2050_all,0
OR_WA_BPA,17,2050_all,0
OR_WA_BPA,18,2050_all,0
OR_WA_BPA,19,2050_all,0
OR_WA_BPA,20,2050_all,0
OR_WA_BPA,21,2050_all,0
OR_WA_BPA,22,2050_all,0
OR_WA_BPA,23,2050_all,0
OR_WA_BPA,24,2050_all,0
OR_WA_BPA,25,2050_all,0
OR_WA_BPA,26,2050_all,0
OR_WA_BPA,27,2050_all,0
OR_WA_BPA,28,2050_all,0
OR_WA_BPA,29,2050_all,0
OR_WA_BPA,30,2050_all,0
OR_WA_BPA,31,2050_all,0
OR_WA_BPA,32,2050_all,0
OR_WA_BPA,33,2050_all,0
OR_WA_BPA,34,2050_all,0
OR_WA_BPA,35,2050_all,0
OR_WA_BPA,36,2050_all,0
OR_WA_BPA,37,2050_all,0
OR_WA_BPA,38,2050_all,0
OR_WA_BPA,39,2050_all,0
OR_WA_BPA,40,2050_all,0
OR_WA_BPA,41,2050_all,0
OR_WA_BPA,42,2050_all,0
OR_WA_BPA,43,2050_all,0
OR_WA_BPA,44,2050_all,0
OR_WA_BPA,45,2050_all,0
OR_WA_BPA,46,2050_all,0
OR_WA_BPA,47,2050_all,0
OR_WA_BPA,48,2050_all,0
OR_WA_BPA,49,2050_all,0
OR_WA_BPA,50,2050_all,0
OR_WA_BPA,51,2050_all,0
OR_WA_BPA,52,2050_all,0
OR_WA_BPA,53,2050_all,0
OR_WA_BPA,54,2050_all,0
OR_WA_BPA,55,2050_all,0
OR_WA_BPA,56,2050_all,0
OR_WA_BPA,57,2050_all,0
OR_WA_BPA,58,2050_all,0
OR_WA_BPA,59,2050_all,0
OR_WA_BPA,60,2050_all,0
OR_WA_BPA,61,2050_all,0
OR_WA_BPA,62,2050_all,0
OR_WA_BPA,63,2050_all,0
OR_WA_BPA,64,2050_all,0
OR_WA_BPA,65,2050_all,0
OR_WA_BPA,66,2050_all,0
OR_WA_BPA,67,2050_all,0
OR_WA_BPA,68,2050_all,0
OR_WA_BPA,69,2050_all,0
OR_WA_BPA,70,2050_all,0
OR_WA_BPA,71,2050_all,0
OR_WA_BPA,72,2050_all,0
OR_WA_BPA,73,2050_all,0
OR_WA_BPA,74,2050_all,0
OR_WA_BPA,75,2050_all,0
OR_WA_BPA,76,2050_all,0
OR_WA_BPA,77,2050_all,0
OR_WA_BPA,78,2050_all,0
OR_WA_BPA,79,2050_all,0
OR_WA_BPA,80,2050_all,0
OR_WA_BPA,81,2050_all,0
OR_WA_BPA,82,2050_all,0
OR_WA_BPA,83,2050_all,0
OR_WA_BPA,84,2050_all,0
OR_WA_BPA,85,2050_all,0
OR_WA_BPA,86,2050_all,0
OR_WA_BPA,87,2050_all,0
OR_WA_BPA,88,2050_all,0
OR_WA_BPA,89,2050_all,0
OR_WA_BPA,90,2050_all,0
OR_WA_BPA,91,2050_all,0
OR_WA_BPA,92,2050_all,0
OR_WA_BPA,93,2050_all,0
OR_WA_BPA,94,2050_all,0
OR_WA_BPA,95,2050_all,0
OR_WA_BPA,96,2050_all,0
OR_WA_BPA,97,2050_all,0
OR_WA_BPA,98,2050_all,0
OR_WA_BPA,99,2050_all,0
OR_WA_BPA,100,2050_all,0
OR_WA_BPA,101,2050_all,0
OR_WA_BPA,102,2050_all,0
OR_WA_BPA,103,2050_all,0
OR_WA_BPA,104,2050_all,0
OR_WA_BPA,105,2050_all,0
OR_WA_BPA,106,2050_all,0
OR_WA_BPA,107,2050_all,0
OR_WA_BPA,108,2050_all,0
OR_WA_BPA,109,2050_all,0
OR_WA_BPA,110,2050_all,0
OR_WA_BPA,111,2050_all,0
OR_WA_BPA,112,2050_all,0
OR_WA_BPA,113,2050_all,0
OR_WA_BPA,114,2050_all,0
OR_WA_BPA,115,2050_all,0
OR_WA_BPA,116,2050_all,0
OR_WA_BPA,117,2050_all,0
OR_WA_BPA,118,2050_all,0
OR_WA_BPA,119,2050_all,0
OR_WA_BPA,120,2050_all,0
OR_WA_BPA,121,2050_all,0
OR_WA_BPA,122,2050_all,0
OR_WA_BPA,123,2050_all,0
OR_WA_BPA,124,2050_all,0
OR_WA_BPA,125,2050_all,0
OR_WA_BPA,126,2050_all,0
OR_WA_BPA,127,2050_all,0
OR_WA_BPA,128,2050_all,0
OR_WA_BPA,129,2050_all,0
OR_WA_BPA,130,2050_all,0
OR_WA_BPA,131,2050_all,0
OR_WA_BPA,132,2050_all,0
OR_WA_BPA,133,2050_all,0
OR_WA_BPA,134,2050_all,0
OR_WA_BPA,135,2050_all,0
OR_WA_BPA,136,2050_all,0
OR_WA_BPA,137,2050_all,0
OR_WA_BPA,138,2050_all,0
OR_WA_BPA,139,2050_all,0
OR_WA_BPA,140,2050_all,0
OR_WA_BPA,141,2050_all,0
OR_WA_BPA,142,2050_all,0
OR_WA_BPA,143,2050_all,0
OR_WA_BPA,144,2050_all,0
OR_WA_BPA,145,2050_all,0
OR_WA_BPA,146,2050_all,0
OR_WA_BPA,147,2050_all,0
OR_WA_BPA,148,2050_all,0
OR_WA_BPA,149,2050_all,0
OR_WA_BPA,150,2050_all,0
OR_WA_BPA,151,2050_all,0
OR_WA_BPA,152,2050_all,0
OR_WA_BPA,153,2050_all,0
OR_WA_BPA,154,2050_all,0
OR_WA_BPA,155,2050_all,0
OR_WA_BPA,156,2050_all,0
OR_WA_BPA,157,2050_all,0
OR_WA_BPA,158,2050_all,0
OR_WA_BPA,159,2050_all,0
OR_WA_BPA,160,2050_all,0
OR_WA_BPA,161,2050_all,0
OR_WA_BPA,162,2050_all,0
OR_WA_BPA,163,2050_all,0
OR_WA_BPA,164,2050_all,0
OR_WA_BPA,165,2050_all,0
OR_WA_BPA,166,2050_all,0
OR_WA_BPA,167,2050_all,0
OR_WA_BPA,168,2050_all,0
OR_WA_BPA,169,2050_all,0
OR_WA_BPA,170,2050_all,0
OR_WA_BPA,171,2050_all,0
OR_WA_BPA,172,2050_all,0
OR_WA_BPA,173,2050_all,0
OR_WA_BPA,174,2050_all,0
OR_WA_BPA,175,2050_all,0
OR_WA_BPA,176,2050_all,0
OR_WA_BPA,177,2050_all,0
OR_WA_BPA,178,2050_all,0
OR_WA_BPA,179,2050_all,0
OR_WA_BPA,180,2050_all,0
OR_WA_BPA,181,2050_all,0
OR_WA_BPA,182,2050_all,0
OR_WA_BPA,183,2050_all,0
OR_WA_BPA,184,2050_all,0
OR_WA_BPA,185,2050_all,0
OR_WA_BPA,186,2050_all,0
OR_WA_BPA,187,2050_all,0
OR_WA_BPA,188,2050_all,0
OR_WA_BPA,189,2050_all,0
OR_WA_BPA,190,2050_all,0
OR_WA_BPA,191,2050_all,0
OR_WA_BPA,192,2050_all,0
OR_WA_BPA,193,2050_all,0
OR_WA_BPA,194,2050_all,0
OR_WA_BPA,195,2050_all,0
OR_WA_BPA,196,2050_all,0
OR_WA_BPA,197,2050_all,0
OR_WA_BPA,198,2050_all,0
OR_WA_BPA,199,2050_all,0
OR_WA_BPA,200,2050_all,0
OR_WA_BPA,201,2050_all,0
OR_WA_BPA,202,2050_all,0
OR_WA_BPA,203,2050_all,0
OR_WA_BPA,204,2050_all,0
OR_WA_BPA,205,2050_all,0
OR_WA_BPA,206,2050_all,0
OR_WA_BPA,207,2050_all,0
OR_WA_BPA,208,2050_all,0
OR_WA_BPA,209,2050_all,0
OR_WA_BPA,210,2050_all,0
OR_WA_BPA,211,2050_all,0
OR_WA_BPA,212,2050_all,0
OR_WA_BPA,213,2050_all,0
OR_WA_BPA,214,2050_all,0
OR_WA_BPA,215,2050_all,0
OR_WA_BPA,216,2050_all,0
OR_WA_BPA,217,2050_all,0
OR_WA_BPA,218,2050_all,0
OR_WA_BPA,219,2050_all,0
OR_WA_BPA,220,2050_all,0
OR_WA_BPA,221,2050_all,0
OR_WA_BPA,222,2050_all,0
OR_WA_BPA,223,2050_all,0
OR_WA_BPA,224,2050_all,0
OR_WA_BPA,225,2050_all,0
OR_WA_BPA,226,2050_all,0
OR_WA_BPA,227,2050_all,0
OR_WA_BPA,228,2050_all,0
OR_WA_BPA,229,2050_all,0
OR_WA_BPA,230,2050_all,0
OR_WA_BPA,231,2050_all,0
OR_WA_BPA,232,2050_all,0
OR_WA_BPA,233,2050_all,0
OR_WA_BPA,234,2050_all,0
OR_WA_BPA,235,2050_all,0
OR_WA_BPA,236,2050_all,0
OR_WA_BPA,237,2050_all,0
OR_WA_BPA,238,2050_all,0
OR_WA_BPA,239,2050_all,0
OR_WA_BPA,240,2050_all,0
OR_WA_BPA,241,2050_all,0
OR_WA_BPA,242,2050_all,0
OR_WA_BPA,243,2050_all,0
OR_WA_BPA,244,2050_all,0
OR_WA_BPA,245,2050_all,0
OR_WA_BPA,246,2050_all,0
OR_WA_BPA,247,2050_all,0
OR_WA_BPA,248,2050_all,0
OR_WA_BPA,249,2050_all,0
OR_WA_BPA,250,2050_all,0
OR_WA_BPA,251,2050_all,0
OR_WA_BPA,252,2050_all,0
OR_WA_BPA,253,2050_all,0
OR_WA_BPA,254,2050_all,0
OR_WA_BPA,255,2050_all,0
OR_WA_BPA,256,2050_all,0
OR_WA_BPA,257,2050_all,0
OR_WA_BPA,258,2050_all,0
OR_WA_BPA,259,2050_all,0
OR_WA_BPA,260,2050_all,0
OR_WA_BPA,261,2050_all,0
OR_WA_BPA,262,2050_all,0
OR_WA_BPA,263,2050_all,0
OR_WA_BPA,264,2050_all,0
OR_WA_BPA,265,2050_all,0
OR_WA_BPA,266,2050_all,0
OR_WA_BPA,267,2050_all,0
OR_WA_BPA,268,2050_all,0
OR_WA_BPA,269,2050_all,0
OR_WA_BPA,270,2050_all,0
OR_WA_BPA,271,2050_all,0
OR_WA_BPA,272,2050_all,0
OR_WA_BPA,273,2050_all,0
OR_WA_BPA,274,2050_all,0
OR_WA_BPA,275,2050_all,0
OR_WA_BPA,276,2050_all,0
OR_WA_BPA,277,2050_all,0
OR_WA_BPA,278,2050_all,0
OR_WA_BPA,279,2050_all,0
OR_WA_BPA,280,2050_all,0
OR_WA_BPA,281,2050_all,0
OR_WA_BPA,282,2050_all,0
OR_WA_BPA,283,2050_all,0
OR_WA_BPA,284,2050_all,0
OR_WA_BPA,285,2050_all,0
OR_WA_BPA,286,2050_all,0
OR_WA_BPA,287,2050_all,0
OR_WA_BPA,288,2050_all,0
OR_WA_BPA,289,2050_all,0
OR_WA_BPA,290,2050_all,0
OR_WA_BPA,291,2050_all,0
OR_WA_BPA,292,2050_all,0
OR_WA_BPA,293,2050_all,0
OR_WA_BPA,294,2050_all,0
OR_WA_BPA,295,2050_all,0
OR_WA_BPA,296,2050_all,0
OR_WA_BPA,297,2050_all,0
OR_WA_BPA,298,2050_all,0
OR_WA_BPA,299,2050_all,0
OR_WA_BPA,300,2050_all,0
OR_WA_BPA,301,2050_all,0
OR_WA_BPA,302,2050_all,0
OR_WA_BPA,303,2050_all,0
OR_WA_BPA,304,2050_all,0
OR_WA_BPA,305,2050_all,0
OR_WA_BPA,306,2050_all,0
OR_WA_BPA,307,2050_all,0
OR_WA_BPA,308,2050_all,0
OR_WA_BPA,309,2050_all,0
OR_WA_BPA,310,2050_all,0
OR_WA_BPA,311,2050_all,0
OR_WA_BPA,312,2050_all,0
OR_WA_BPA,313,2050_all,0
OR_WA_BPA,314,2050_all,0
OR_WA_BPA,315,2050_all,0
OR_WA_BPA,316,2050_all,0
OR_WA_BPA,317,2050_all,0
OR_WA_BPA,318,2050_all,0
OR_WA_BPA,319,2050_all,0
OR_WA_BPA,320,2050_all,0
OR_WA_BPA,321,2050_all,0
OR_WA_BPA,322,2050_all,0
OR_WA_BPA,323,2050_all,0
OR_WA_BPA,324,2050_all,0
OR_WA_BPA,325,2050_all,0
OR_WA_BPA,326,2050_all,0
OR_WA_BPA,327,2050_all,0
OR_WA_BPA,328,2050_all,0
OR_WA_BPA,329,2050_all,0
OR_WA_BPA,330,2050_all,0
OR_WA_BPA,331,2050_all,0
OR_WA_BPA,332,2050_all,0
OR_WA_BPA,333,2050_all,0
OR_WA_BPA,334,2050_all,0
OR_WA_BPA,335,2050_all,0
OR_WA_BPA,336,2050_all,0
OR_WA_BPA,337,2050_all,0
OR_WA_BPA,338,2050_all,0
OR_WA_BPA,339,2050_all,0
OR_WA_BPA,340,2050_all,0
OR_WA_BPA,341,2050_all,0
OR_WA_BPA,342,2050_all,0
OR_WA_BPA,343,2050_all,0
OR_WA_BPA,344,2050_all,0
OR_WA_BPA,345,2050_all,0
OR_WA_BPA,346,2050_all,0
OR_WA_BPA,347,2050_all,0
OR_WA_BPA,348,2050_all,0
OR_WA_BPA,349,2050_all,0
OR_WA_BPA,350,2050_all,0
OR_WA_BPA,351,2050_all,0
OR_WA_BPA,352,2050_all,0
OR_WA_BPA,353,2050_all,0
OR_WA_BPA,354,2050_all,0
OR_WA_BPA,355,2050_all,0
OR_WA_BPA,356,2050_all,0
OR_WA_BPA,357,2050_all,0
OR_WA_BPA,358,2050_all,0
OR_WA_BPA,359,2050_all,0
OR_WA_BPA,360,2050_all,0
OR_WA_BPA,361,2050_all,0
OR_WA_BPA,362,2050_all,0
OR_WA_BPA,363,2050_all,0
OR_WA_BPA,364,2050_all,0
OR_WA_BPA,365,2050_all,0
UT_N,1,2050_all,0
UT_N,2,2050_all,0
UT_N,3,2050_all,0
UT_N,4,2050_all,0
UT_N,5,2050_all,0
UT_N,6,2050_all,0
UT_N,7,2050_all,0
UT_N,8,2050_all,0
UT_N,9,2050_all,0
UT_N,10,2050_all,0
UT_N,11,2050_all,0
UT_N,12,2050_all,0
UT_N,13,2050_all,0
UT_N,14,2050_all,0
UT_N,15,2050_all,0
UT_N,16,2050_all,0
UT_N,17,2050_all,0
UT_N,18,2050_all,0
UT_N,19,2050_all,0
UT_N,20,2050_all,0
UT_N,21,2050_all,0
UT_N,22,2050_all,0
UT_N,23,2050_all,0
UT_N,24,2050_all,0
UT_N,25,2050_all,0
UT_N,26,2050_all,0
UT_N,27,2050_all,0
UT_N,28,2050_all,0
UT_N,29,2050_all,0
UT_N,30,2050_all,0
UT_N,31,2050_all,0
UT_N,32,2050_all,0
UT_N,33,2050_all,0
UT_N,34,2050_all,0
UT_N,35,2050_all,0
UT_N,36,2050_all,0
UT_N,37,2050_all,0
UT_N,38,2050_all,0
UT_N,39,2050_all,0
UT_N,40,2050_all,0
UT_N,41,2050_all,0
UT_N,42,2050_all,0
UT_N,43,2050_all,0
UT_N,44,2050_all,0
UT_N,45,2050_all,0
UT_N,46,2050_all,0
UT_N,47,2050_all,0
UT_N,48,2050_all,0
UT_N,49,2050_all,0
UT_N,50,2050_all,0
UT_N,51,2050_all,0
UT_N,52,2050_all,0
UT_N,53,2050_all,0
UT_N,54,2050_all,0
UT_N,55,2050_all,0
UT_N,56,2050_all,0
UT_N,57,2050_all,0
UT_N,58,2050_all,0
UT_N,59,2050_all,0
UT_N,60,2050_all,0
UT_N,61,2050_all,0
UT_N,62,2050_all,0
UT_N,63,2050_all,0
UT_N,64,2050_all,0
UT_N,65,2050_all,0
UT_N,66,2050_all,0
UT_N,67,2050_all,0
UT_N,68,2050_all,0
UT_N,69,2050_all,0
UT_N,70,2050_all,0
UT_N,71,2050_all,0
UT_N,72,2050_all,0
UT_N,73,2050_all,0
UT_N,74,2050_all,0
UT_N,75,2050_all,0
UT_N,76,2050_all,0
UT_N,77,2050_all,0
UT_N,78,2050_all,0
UT_N,79,2050_all,0
UT_N,80,2050_all,0
UT_N,81,2050_all,0
UT_N,82,2050_all,0
UT_N,83,2050_all,0
UT_N,84,2050_all,0
UT_N,85,2050_all,0
UT_N,86,2050_all,0
UT_N,87,2050_all,0
UT_N,88,2050_all,0
UT_N,89,2050_all,0
UT_N,90,2050_all,0
UT_N,91,2050_all,0
UT_N,92,2050_all,0
UT_N,93,2050_all,0
UT_N,94,2050_all,0
UT_N,95,2050_all,0
UT_N,96,2050_all,0
UT_N,97,2050_all,0
UT_N,98,2050_all,0
UT_N,99,2050_all,0
UT_N,100,2050_all,0
UT_N,101,2050_all,0
UT_N,102,2050_all,0
UT_N,103,2050_all,0
UT_N,104,2050_all,0
UT_N,105,2050_all,0
UT_N,106,2050_all,0
UT_N,107,2050_all,0
UT_N,108,2050_all,0
UT_N,109,2050_all,0
UT_N,110,2050_all,0
UT_N,111,2050_all,0
UT_N,112,2050_all,0
UT_N,113,2050_all,0
UT_N,114,2050_all,0
UT_N,115,2050_all,0
UT_N,116,2050_all,0
UT_N,117,2050_all,0
UT_N,118,2050_all,0
UT_N,119,2050_all,0
UT_N,120,2050_all,0
UT_N,121,2050_all,0
UT_N,122,2050_all,0
UT_N,123,2050_all,0
UT_N,124,2050_all,0
UT_N,125,2050_all,0
UT_N,126,2050_all,0
UT_N,127,2050_all,0
UT_N,128,2050_all,0
UT_N,129,2050_all,0
UT_N,130,2050_all,0
UT_N,131,2050_all,0
UT_N,132,2050_all,0
UT_N,133,2050_all,0
UT_N,134,2050_all,0
UT_N,135,2050_all,0
UT_N,136,2050_all,0
UT_N,137,2050_all,0
UT_N,138,2050_all,0
UT_N,139,2050_all,0
UT_N,140,2050_all,0
UT_N,141,2050_all,0
UT_N,142,2050_all,0
UT_N,143,2050_all,0
UT_N,144,2050_all,0
UT_N,145,2050_all,0
UT_N,146,2050_all,0
UT_N,147,2050_all,0
UT_N,148,2050_all,0
UT_N,149,2050_all,0
UT_N,150,2050_all,0
UT_N,151,2050_all,0
UT_N,152,2050_all,0
UT_N,153,2050_all,0
UT_N,154,2050_all,0
UT_N,155,2050_all,0
UT_N,156,2050_all,0
UT_N,157,2050_all,0
UT_N,158,2050_all,0
UT_N,159,2050_all,0
UT_N,160,2050_all,0
UT_N,161,2050_all,0
UT_N,162,2050_all,0
UT_N,163,2050_all,0
UT_N,164,2050_all,0
UT_N,165,2050_all,0
UT_N,166,2050_all,0
UT_N,167,2050_all,0
UT_N,168,2050_all,0
UT_N,169,2050_all,0
UT_N,170,2050_all,0
UT_N,171,2050_all,0
UT_N,172,2050_all,0
UT_N,173,2050_all,0
UT_N,174,2050_all,0
UT_N,175,2050_all,0
UT_N,176,2050_all,0
UT_N,177,2050_all,0
UT_N,178,2050_all,0
UT_N,179,2050_all,0
UT_N,180,2050_all,0
UT_N,181,2050_all,0
UT_N,182,2050_all,0
UT_N,183,2050_all,0
UT_N,184,2050_all,0
UT_N,185,2050_all,0
UT_N,186,2050_all,0
UT_N,187,2050_all,0
UT_N,188,2050_all,0
UT_N,189,2050_all,0
UT_N,190,2050_all,0
UT_N,191,2050_all,0
UT_N,192,2050_all,0
UT_N,193,2050_all,0
UT_N,194,2050_all,0
UT_N,195,2050_all,0
UT_N,196,2050_all,0
UT_N,197,2050_all,0
UT_N,198,2050_all,0
UT_N,199,2050_all,0
UT_N,200,2050_all,0
UT_N,201,2050_all,0
UT_N,202,2050_all,0
UT_N,203,2050_all,0
UT_N,204,2050_all,0
UT_N,205,2050_all,0
UT_N,206,2050_all,0
UT_N,207,2050_all,0
UT_N,208,2050_all,0
UT_N,209,2050_all,0
UT_N,210,2050_all,0
UT_N,211,2050_all,0
UT_N,212,2050_all,0
UT_N,213,2050_all,0
UT_N,214,2050_all,0
UT_N,215,2050_all,0
UT_N,216,2050_all,0
UT_N,217,2050_all,0
UT_N,218,2050_all,0
UT_N,219,2050_all,0
UT_N,220,2050_all,0
UT_N,221,2050_all,0
UT_N,222,2050_all,0
UT_N,223,2050_all,0
UT_N,224,2050_all,0
UT_N,225,2050_all,0
UT_N,226,2050_all,0
UT_N,227,2050_all,0
UT_N,228,2050_all,0
UT_N,229,2050_all,0
UT_N,230,2050_all,0
UT_N,231,2050_all,0
UT_N,232,2050_all,0
UT_N,233,2050_all,0
UT_N,234,2050_all,0
UT_N,235,2050_all,0
UT_N,236,2050_all,0
UT_N,237,2050_all,0
UT_N,238,2050_all,0
UT_N,239,2050_all,0
UT_N,240,2050_all,0
UT_N,241,2050_all,0
UT_N,242,2050_all,0
UT_N,243,2050_all,0
UT_N,244,2050_all,0
UT_N,245,2050_all,0
UT_N,246,2050_all,0
UT_N,247,2050_all,0
UT_N,248,2050_all,0
UT_N,249,2050_all,0
UT_N,250,2050_all,0
UT_N,251,2050_all,0
UT_N,252,2050_all,0
UT_N,253,2050_all,0
UT_N,254,2050_all,0
UT_N,255,2050_all,0
UT_N,256,2050_all,0
UT_N,257,2050_all,0
UT_N,258,2050_all,0
UT_N,259,2050_all,0
UT_N,260,2050_all,0
UT_N,261,2050_all,0
UT_N,262,2050_all,0
UT_N,263,2050_all,0
UT_N,264,2050_all,0
UT_N,265,2050_all,0
UT_N,266,2050_all,0
UT_N,267,2050_all,0
UT_N,268,2050_all,0
UT_N,269,2050_all,0
UT_N,270,2050_all,0
UT_N,271,2050_all,0
UT_N,272,2050_all,0
UT_N,273,2050_all,0
UT_N,274,2050_all,0
UT_N,275,2050_all,0
UT_N,276,2050_all,0
UT_N,277,2050_all,0
UT_N,278,2050_all,0
UT_N,279,2050_all,0
UT_N,280,2050_all,0
UT_N,281,2050_all,0
UT_N,282,2050_all,0
UT_N,283,2050_all,0
UT_N,284,2050_all,0
UT_N,285,2050_all,0
UT_N,286,2050_all,0
UT_N,287,2050_all,0
UT_N,288,2050_all,0
UT_N,289,2050_all,0
UT_N,290,2050_all,0
UT_N,291,2050_all,0
UT_N,292,2050_all,0
UT_N,293,2050_all,0
UT_N,294,2050_all,0
UT_N,295,2050_all,0
UT_N,296,2050_all,0
UT_N,297,2050_all,0
UT_N,298,2050_all,0
UT_N,299,2050_all,0
UT_N,300,2050_all,0
UT_N,301,2050_all,0
UT_N,302,2050_all,0
UT_N,303,2050_all,0
UT_N,304,2050_all,0
UT_N,305,2050_all,0
UT_N,306,2050_all,0
UT_N,307,2050_all,0
UT_N,308,2050_all,0
UT_N,309,2050_all,0
UT_N,310,2050_all,0
UT_N,311,2050_all,0
UT_N,312,2050_all,0
UT_N,313,2050_all,0
UT_N,314,2050_all,0
UT_N,315,2050_all,0
UT_N,316,2050_all,0
UT_N,317,2050_all,0
UT_N,318,2050_all,0
UT_N,319,2050_all,0
UT_N,320,2050_all,0
UT_N,321,2050_all,0
UT_N,322,2050_all,0
UT_N,323,2050_all,0
UT_N,324,2050_all,0
UT_N,325,2050_all,0
UT_N,326,2050_all,0
UT_N,327,2050_all,0
UT_N,328,2050_all,0
UT_N,329,2050_all,0
UT_N,330,2050_all,0
UT_N,331,2050_all,0
UT_N,332,2050_all,0
UT_N,333,2050_all,0
UT_N,334,2050_all,0
UT_N,335,2050_all,0
UT_N,336,2050_all,0
UT_N,337,2050_all,0
UT_N,338,2050_all,0
UT_N,339,2050_all,0
UT_N,340,2050_all,0
UT_N,341,2050_all,0
UT_N,342,2050_all,0
UT_N,343,2050_all,0
UT_N,344,2050_all,0
UT_N,345,2050_all,0
UT_N,346,2050_all,0
UT_N,347,2050_all,0
UT_N,348,2050_all,0
UT_N,349,2050_all,0
UT_N,350,2050_all,0
UT_N,351,2050_all,0
UT_N,352,2050_all,0
UT_N,353,2050_all,0
UT_N,354,2050_all,0
UT_N,355,2050_all,0
UT_N,356,2050_all,0
UT_N,357,2050_all,0
UT_N,358,2050_all,0
UT_N,359,2050_all,0
UT_N,360,2050_all,0
UT_N,361,2050_all,0
UT_N,362,2050_all,0
UT_N,363,2050_all,0
UT_N,364,2050_all,0
UT_N,365,2050_all,0
UT_S,1,2050_all,0
UT_S,2,2050_all,0
UT_S,3,2050_all,0
UT_S,4,2050_all,0
UT_S,5,2050_all,0
UT_S,6,2050_all,0
UT_S,7,2050_all,0
UT_S,8,2050_all,0
UT_S,9,2050_all,0
UT_S,10,2050_all,0
UT_S,11,2050_all,0
UT_S,12,2050_all,0
UT_S,13,2050_all,0
UT_S,14,2050_all,0
UT_S,15,2050_all,0
UT_S,16,2050_all,0
UT_S,17,2050_all,0
UT_S,18,2050_all,0
UT_S,19,2050_all,0
UT_S,20,2050_all,0
UT_S,21,2050_all,0
UT_S,22,2050_all,0
UT_S,23,2050_all,0
UT_S,24,2050_all,0
UT_S,25,2050_all,0
UT_S,26,2050_all,0
UT_S,27,2050_all,0
UT_S,28,2050_all,0
UT_S,29,2050_all,0
UT_S,30,2050_all,0
UT_S,31,2050_all,0
UT_S,32,2050_all,0
UT_S,33,2050_all,0
UT_S,34,2050_all,0
UT_S,35,2050_all,0
UT_S,36,2050_all,0
UT_S,37,2050_all,0
UT_S,38,2050_all,0
UT_S,39,2050_all,0
UT_S,40,2050_all,0
UT_S,41,2050_all,0
UT_S,42,2050_all,0
UT_S,43,2050_all,0
UT_S,44,2050_all,0
UT_S,45,2050_all,0
UT_S,46,2050_all,0
UT_S,47,2050_all,0
UT_S,48,2050_all,0
UT_S,49,2050_all,0
UT_S,50,2050_all,0
UT_S,51,2050_all,0
UT_S,52,2050_all,0
UT_S,53,2050_all,0
UT_S,54,2050_all,0
UT_S,55,2050_all,0
UT_S,56,2050_all,0
UT_S,57,2050_all,0
UT_S,58,2050_all,0
UT_S,59,2050_all,0
UT_S,60,2050_all,0
UT_S,61,2050_all,0
UT_S,62,2050_all,0
UT_S,63,2050_all,0
UT_S,64,2050_all,0
UT_S,65,2050_all,0
UT_S,66,2050_all,0
UT_S,67,2050_all,0
UT_S,68,2050_all,0
UT_S,69,2050_all,0
UT_S,70,2050_all,0
UT_S,71,2050_all,0
UT_S,72,2050_all,0
UT_S,73,2050_all,0
UT_S,74,2050_all,0
UT_S,75,2050_all,0
UT_S,76,2050_all,0
UT_S,77,2050_all,0
UT_S,78,2050_all,0
UT_S,79,2050_all,0
UT_S,80,2050_all,0
UT_S,81,2050_all,0
UT_S,82,2050_all,0
UT_S,83,2050_all,0
UT_S,84,2050_all,0
UT_S,85,2050_all,0
UT_S,86,2050_all,0
UT_S,87,2050_all,0
UT_S,88,2050_all,0
UT_S,89,2050_all,0
UT_S,90,2050_all,0
UT_S,91,2050_all,0
UT_S,92,2050_all,0
UT_S,93,2050_all,0
UT_S,94,2050_all,0
UT_S,95,2050_all,0
UT_S,96,2050_all,0
UT_S,97,2050_all,0
UT_S,98,2050_all,0
UT_S,99,2050_all,0
UT_S,100,2050_all,0
UT_S,101,2050_all,0
UT_S,102,2050_all,0
UT_S,103,2050_all,0
UT_S,104,2050_all,0
UT_S,105,2050_all,0
UT_S,106,2050_all,0
UT_S,107,2050_all,0
UT_S,108,2050_all,0
UT_S,109,2050_all,0
UT_S,110,2050_all,0
UT_S,111,2050_all,0
UT_S,112,2050_all,0
UT_S,113,2050_all,0
UT_S,114,2050_all,0
UT_S,115,2050_all,0
UT_S,116,2050_all,0
UT_S,117,2050_all,0
UT_S,118,2050_all,0
UT_S,119,2050_all,0
UT_S,120,2050_all,0
UT_S,121,2050_all,0
UT_S,122,2050_all,0
UT_S,123,2050_all,0
UT_S,124,2050_all,0
UT_S,125,2050_all,0
UT_S,126,2050_all,0
UT_S,127,2050_all,0
UT_S,128,2050_all,0
UT_S,129,2050_all,0
UT_S,130,2050_all,0
UT_S,131,2050_all,0
UT_S,132,2050_all,0
UT_S,133,2050_all,0
UT_S,134,2050_all,0
UT_S,135,2050_all,0
UT_S,136,2050_all,0
UT_S,137,2050_all,0
UT_S,138,2050_all,0
UT_S,139,2050_all,0
UT_S,140,2050_all,0
UT_S,141,2050_all,0
UT_S,142,2050_all,0
UT_S,143,2050_all,0
UT_S,144,2050_all,0
UT_S,145,2050_all,0
UT_S,146,2050_all,0
UT_S,147,2050_all,0
UT_S,148,2050_all,0
UT_S,149,2050_all,0
UT_S,150,2050_all,0
UT_S,151,2050_all,0
UT_S,152,2050_all,0
UT_S,153,2050_all,0
UT_S,154,2050_all,0
UT_S,155,2050_all,0
UT_S,156,2050_all,0
UT_S,157,2050_all,0
UT_S,158,2050_all,0
UT_S,159,2050_all,0
UT_S,160,2050_all,0
UT_S,161,2050_all,0
UT_S,162,2050_all,0
UT_S,163,2050_all,0
UT_S,164,2050_all,0
UT_S,165,2050_all,0
UT_S,166,2050_all,0
UT_S,167,2050_all,0
UT_S,168,2050_all,0
UT_S,169,2050_all,0
UT_S,170,2050_all,0
UT_S,171,2050_all,0
UT_S,172,2050_all,0
UT_S,173,2050_all,0
UT_S,174,2050_all,0
UT_S,175,2050_all,0
UT_S,176,2050_all,0
UT_S,177,2050_all,0
UT_S,178,2050_all,0
UT_S,179,2050_all,0
UT_S,180,2050_all,0
UT_S,181,2050_all,0
UT_S,182,2050_all,0
UT_S,183,2050_all,0
UT_S,184,2050_all,0
UT_S,185,2050_all,0
UT_S,186,2050_all,0
UT_S,187,2050_all,0
UT_S,188,2050_all,0
UT_S,189,2050_all,0
UT_S,190,2050_all,0
UT_S,191,2050_all,0
UT_S,192,2050_all,0
UT_S,193,2050_all,0
UT_S,194,2050_all,0
UT_S,195,2050_all,0
UT_S,196,2050_all,0
UT_S,197,2050_all,0
UT_S,198,2050_all,0
UT_S,199,2050_all,0
UT_S,200,2050_all,0
UT_S,201,2050_all,0
UT_S,202,2050_all,0
UT_S,203,2050_all,0
UT_S,204,2050_all,0
UT_S,205,2050_all,0
UT_S,206,2050_all,0
UT_S,207,2050_all,0
UT_S,208,2050_all,0
UT_S,209,2050_all,0
UT_S,210,2050_all,0
UT_S,211,2050_all,0
UT_S,212,2050_all,0
UT_S,213,2050_all,0
UT_S,214,2050_all,0
UT_S,215,2050_all,0
UT_S,216,2050_all,0
UT_S,217,2050_all,0
UT_S,218,2050_all,0
UT_S,219,2050_all,0
UT_S,220,2050_all,0
UT_S,221,2050_all,0
UT_S,222,2050_all,0
UT_S,223,2050_all,0
UT_S,224,2050_all,0
UT_S,225,2050_all,0
UT_S,226,2050_all,0
UT_S,227,2050_all,0
UT_S,228,2050_all,0
UT_S,229,2050_all,0
UT_S,230,2050_all,0
UT_S,231,2050_all,0
UT_S,232,2050_all,0
UT_S,233,2050_all,0
UT_S,234,2050_all,0
UT_S,235,2050_all,0
UT_S,236,2050_all,0
UT_S,237,2050_all,0
UT_S,238,2050_all,0
UT_S,239,2050_all,0
UT_S,240,2050_all,0
UT_S,241,2050_all,0
UT_S,242,2050_all,0
UT_S,243,2050_all,0
UT_S,244,2050_all,0
UT_S,245,2050_all,0
UT_S,246,2050_all,0
UT_S,247,2050_all,0
UT_S,248,2050_all,0
UT_S,249,2050_all,0
UT_S,250,2050_all,0
UT_S,251,2050_all,0
UT_S,252,2050_all,0
UT_S,253,2050_all,0
UT_S,254,2050_all,0
UT_S,255,2050_all,0
UT_S,256,2050_all,0
UT_S,257,2050_all,0
UT_S,258,2050_all,0
UT_S,259,2050_all,0
UT_S,260,2050_all,0
UT_S,261,2050_all,0
UT_S,262,2050_all,0
UT_S,263,2050_all,0
UT_S,264,2050_all,0
UT_S,265,2050_all,0
UT_S,266,2050_all,0
UT_S,267,2050_all,0
UT_S,268,2050_all,0
UT_S,269,2050_all,0
UT_S,270,2050_all,0
UT_S,271,2050_all,0
UT_S,272,2050_all,0
UT_S,273,2050_all,0
UT_S,274,2050_all,0
UT_S,275,2050_all,0
UT_S,276,2050_all,0
UT_S,277,2050_all,0
UT_S,278,2050_all,0
UT_S,279,2050_all,0
UT_S,280,2050_all,0
UT_S,281,2050_all,0
UT_S,282,2050_all,0
UT_S,283,2050_all,0
UT_S,284,2050_all,0
UT_S,285,2050_all,0
UT_S,286,2050_all,0
UT_S,287,2050_all,0
UT_S,288,2050_all,0
UT_S,289,2050_all,0
UT_S,290,2050_all,0
UT_S,291,2050_all,0
UT_S,292,2050_all,0
UT_S,293,2050_all,0
UT_S,294,2050_all,0
UT_S,295,2050_all,0
UT_S,296,2050_all,0
UT_S,297,2050_all,0
UT_S,298,2050_all,0
UT_S,299,2050_all,0
UT_S,300,2050_all,0
UT_S,301,2050_all,0
UT_S,302,2050_all,0
UT_S,303,2050_all,0
UT_S,304,2050_all,0
UT_S,305,2050_all,0
UT_S,306,2050_all,0
UT_S,307,2050_all,0
UT_S,308,2050_all,0
UT_S,309,2050_all,0
UT_S,310,2050_all,0
UT_S,311,2050_all,0
UT_S,312,2050_all,0
UT_S,313,2050_all,0
UT_S,314,2050_all,0
UT_S,315,2050_all,0
UT_S,316,2050_all,0
UT_S,317,2050_all,0
UT_S,318,2050_all,0
UT_S,319,2050_all,0
UT_S,320,2050_all,0
UT_S,321,2050_all,0
UT_S,322,2050_all,0
UT_S,323,2050_all,0
UT_S,324,2050_all,0
UT_S,325,2050_all,0
UT_S,326,2050_all,0
UT_S,327,2050_all,0
UT_S,328,2050_all,0
UT_S,329,2050_all,0
UT_S,330,2050_all,0
UT_S,331,2050_all,0
UT_S,332,2050_all,0
UT_S,333,2050_all,0
UT_S,334,2050_all,0
UT_S,335,2050_all,0
UT_S,336,2050_all,0
UT_S,337,2050_all,0
UT_S,338,2050_all,0
UT_S,339,2050_all,0
UT_S,340,2050_all,0
UT_S,341,2050_all,0
UT_S,342,2050_all,0
UT_S,343,2050_all,0
UT_S,344,2050_all,0
UT_S,345,2050_all,0
UT_S,346,2050_all,0
UT_S,347,2050_all,0
UT_S,348,2050_all,0
UT_S,349,2050_all,0
UT_S,350,2050_all,0
UT_S,351,2050_all,0
UT_S,352,2050_all,0
UT_S,353,2050_all,0
UT_S,354,2050_all,0
UT_S,355,2050_all,0
UT_S,356,2050_all,0
UT_S,357,2050_all,0
UT_S,358,2050_all,0
UT_S,359,2050_all,0
UT_S,360,2050_all,0
UT_S,361,2050_all,0
UT_S,362,2050_all,0
UT_S,363,2050_all,0
UT_S,364,2050_all,0
UT_S,365,2050_all,0
WA_ID_AVA,1,2050_all,0
WA_ID_AVA,2,2050_all,0
WA_ID_AVA,3,2050_all,0
WA_ID_AVA,4,2050_all,0
WA_ID_AVA,5,2050_all,0
WA_ID_AVA,6,2050_all,0
WA_ID_AVA,7,2050_all,0
WA_ID_AVA,8,2050_all,0
WA_ID_AVA,9,2050_all,0
WA_ID_AVA,10,2050_all,0
WA_ID_AVA,11,2050_all,0
WA_ID_AVA,12,2050_all,0
WA_ID_AVA,13,2050_all,0
WA_ID_AVA,14,2050_all,0
WA_ID_AVA,15,2050_all,0
WA_ID_AVA,16,2050_all,0
WA_ID_AVA,17,2050_all,0
WA_ID_AVA,18,2050_all,0
WA_ID_AVA,19,2050_all,0
WA_ID_AVA,20,2050_all,0
WA_ID_AVA,21,2050_all,0
WA_ID_AVA,22,2050_all,0
WA_ID_AVA,23,2050_all,0
WA_ID_AVA,24,2050_all,0
WA_ID_AVA,25,2050_all,0
WA_ID_AVA,26,2050_all,0
WA_ID_AVA,27,2050_all,0
WA_ID_AVA,28,2050_all,0
WA_ID_AVA,29,2050_all,0
WA_ID_AVA,30,2050_all,0
WA_ID_AVA,31,2050_all,0
WA_ID_AVA,32,2050_all,0
WA_ID_AVA,33,2050_all,0
WA_ID_AVA,34,2050_all,0
WA_ID_AVA,35,2050_all,0
WA_ID_AVA,36,2050_all,0
WA_ID_AVA,37,2050_all,0
WA_ID_AVA,38,2050_all,0
WA_ID_AVA,39,2050_all,0
WA_ID_AVA,40,2050_all,0
WA_ID_AVA,41,2050_all,0
WA_ID_AVA,42,2050_all,0
WA_ID_AVA,43,2050_all,0
WA_ID_AVA,44,2050_all,0
WA_ID_AVA,45,2050_all,0
WA_ID_AVA,46,2050_all,0
WA_ID_AVA,47,2050_all,0
WA_ID_AVA,48,2050_all,0
WA_ID_AVA,49,2050_all,0
WA_ID_AVA,50,2050_all,0
WA_ID_AVA,51,2050_all,0
WA_ID_AVA,52,2050_all,0
WA_ID_AVA,53,2050_all,0
WA_ID_AVA,54,2050_all,0
WA_ID_AVA,55,2050_all,0
WA_ID_AVA,56,2050_all,0
WA_ID_AVA,57,2050_all,0
WA_ID_AVA,58,2050_all,0
WA_ID_AVA,59,2050_all,0
WA_ID_AVA,60,2050_all,0
WA_ID_AVA,61,2050_all,0
WA_ID_AVA,62,2050_all,0
WA_ID_AVA,63,2050_all,0
WA_ID_AVA,64,2050_all,0
WA_ID_AVA,65,2050_all,0
WA_ID_AVA,66,2050_all,0
WA_ID_AVA,67,2050_all,0
WA_ID_AVA,68,2050_all,0
WA_ID_AVA,69,2050_all,0
WA_ID_AVA,70,2050_all,0
WA_ID_AVA,71,2050_all,0
WA_ID_AVA,72,2050_all,0
WA_ID_AVA,73,2050_all,0
WA_ID_AVA,74,2050_all,0
WA_ID_AVA,75,2050_all,0
WA_ID_AVA,76,2050_all,0
WA_ID_AVA,77,2050_all,0
WA_ID_AVA,78,2050_all,0
WA_ID_AVA,79,2050_all,0
WA_ID_AVA,80,2050_all,0
WA_ID_AVA,81,2050_all,0
WA_ID_AVA,82,2050_all,0
WA_ID_AVA,83,2050_all,0
WA_ID_AVA,84,2050_all,0
WA_ID_AVA,85,2050_all,0
WA_ID_AVA,86,2050_all,0
WA_ID_AVA,87,2050_all,0
WA_ID_AVA,88,2050_all,0
WA_ID_AVA,89,2050_all,0
WA_ID_AVA,90,2050_all,0
WA_ID_AVA,91,2050_all,0
WA_ID_AVA,92,2050_all,0
WA_ID_AVA,93,2050_all,0
WA_ID_AVA,94,2050_all,0
WA_ID_AVA,95,2050_all,0
WA_ID_AVA,96,2050_all,0
WA_ID_AVA,97,2050_all,0
WA_ID_AVA,98,2050_all,0
WA_ID_AVA,99,2050_all,0
WA_ID_AVA,100,2050_all,0
WA_ID_AVA,101,2050_all,0
WA_ID_AVA,102,2050_all,0
WA_ID_AVA,103,2050_all,0
WA_ID_AVA,104,2050_all,0
WA_ID_AVA,105,2050_all,0
WA_ID_AVA,106,2050_all,0
WA_ID_AVA,107,2050_all,0
WA_ID_AVA,108,2050_all,0
WA_ID_AVA,109,2050_all,0
WA_ID_AVA,110,2050_all,0
WA_ID_AVA,111,2050_all,0
WA_ID_AVA,112,2050_all,0
WA_ID_AVA,113,2050_all,0
WA_ID_AVA,114,2050_all,0
WA_ID_AVA,115,2050_all,0
WA_ID_AVA,116,2050_all,0
WA_ID_AVA,117,2050_all,0
WA_ID_AVA,118,2050_all,0
WA_ID_AVA,119,2050_all,0
WA_ID_AVA,120,2050_all,0
WA_ID_AVA,121,2050_all,0
WA_ID_AVA,122,2050_all,0
WA_ID_AVA,123,2050_all,0
WA_ID_AVA,124,2050_all,0
WA_ID_AVA,125,2050_all,0
WA_ID_AVA,126,2050_all,0
WA_ID_AVA,127,2050_all,0
WA_ID_AVA,128,2050_all,0
WA_ID_AVA,129,2050_all,0
WA_ID_AVA,130,2050_all,0
WA_ID_AVA,131,2050_all,0
WA_ID_AVA,132,2050_all,0
WA_ID_AVA,133,2050_all,0
WA_ID_AVA,134,2050_all,0
WA_ID_AVA,135,2050_all,0
WA_ID_AVA,136,2050_all,0
WA_ID_AVA,137,2050_all,0
WA_ID_AVA,138,2050_all,0
WA_ID_AVA,139,2050_all,0
WA_ID_AVA,140,2050_all,0
WA_ID_AVA,141,2050_all,0
WA_ID_AVA,142,2050_all,0
WA_ID_AVA,143,2050_all,0
WA_ID_AVA,144,2050_all,0
WA_ID_AVA,145,2050_all,0
WA_ID_AVA,146,2050_all,0
WA_ID_AVA,147,2050_all,0
WA_ID_AVA,148,2050_all,0
WA_ID_AVA,149,2050_all,0
WA_ID_AVA,150,2050_all,0
WA_ID_AVA,151,2050_all,0
WA_ID_AVA,152,2050_all,0
WA_ID_AVA,153,2050_all,0
WA_ID_AVA,154,2050_all,0
WA_ID_AVA,155,2050_all,0
WA_ID_AVA,156,2050_all,0
WA_ID_AVA,157,2050_all,0
WA_ID_AVA,158,2050_all,0
WA_ID_AVA,159,2050_all,0
WA_ID_AVA,160,2050_all,0
WA_ID_AVA,161,2050_all,0
WA_ID_AVA,162,2050_all,0
WA_ID_AVA,163,2050_all,0
WA_ID_AVA,164,2050_all,0
WA_ID_AVA,165,2050_all,0
WA_ID_AVA,166,2050_all,0
WA_ID_AVA,167,2050_all,0
WA_ID_AVA,168,2050_all,0
WA_ID_AVA,169,2050_all,0
WA_ID_AVA,170,2050_all,0
WA_ID_AVA,171,2050_all,0
WA_ID_AVA,172,2050_all,0
WA_ID_AVA,173,2050_all,0
WA_ID_AVA,174,2050_all,0
WA_ID_AVA,175,2050_all,0
WA_ID_AVA,176,2050_all,0
WA_ID_AVA,177,2050_all,0
WA_ID_AVA,178,2050_all,0
WA_ID_AVA,179,2050_all,0
WA_ID_AVA,180,2050_all,0
WA_ID_AVA,181,2050_all,0
WA_ID_AVA,182,2050_all,0
WA_ID_AVA,183,2050_all,0
WA_ID_AVA,184,2050_all,0
WA_ID_AVA,185,2050_all,0
WA_ID_AVA,186,2050_all,0
WA_ID_AVA,187,2050_all,0
WA_ID_AVA,188,2050_all,0
WA_ID_AVA,189,2050_all,0
WA_ID_AVA,190,2050_all,0
WA_ID_AVA,191,2050_all,0
WA_ID_AVA,192,2050_all,0
WA_ID_AVA,193,2050_all,0
WA_ID_AVA,194,2050_all,0
WA_ID_AVA,195,2050_all,0
WA_ID_AVA,196,2050_all,0
WA_ID_AVA,197,2050_all,0
WA_ID_AVA,198,2050_all,0
WA_ID_AVA,199,2050_all,0
WA_ID_AVA,200,2050_all,0
WA_ID_AVA,201,2050_all,0
WA_ID_AVA,202,2050_all,0
WA_ID_AVA,203,2050_all,0
WA_ID_AVA,204,2050_all,0
WA_ID_AVA,205,2050_all,0
WA_ID_AVA,206,2050_all,0
WA_ID_AVA,207,2050_all,0
WA_ID_AVA,208,2050_all,0
WA_ID_AVA,209,2050_all,0
WA_ID_AVA,210,2050_all,0
WA_ID_AVA,211,2050_all,0
WA_ID_AVA,212,2050_all,0
WA_ID_AVA,213,2050_all,0
WA_ID_AVA,214,2050_all,0
WA_ID_AVA,215,2050_all,0
WA_ID_AVA,216,2050_all,0
WA_ID_AVA,217,2050_all,0
WA_ID_AVA,218,2050_all,0
WA_ID_AVA,219,2050_all,0
WA_ID_AVA,220,2050_all,0
WA_ID_AVA,221,2050_all,0
WA_ID_AVA,222,2050_all,0
WA_ID_AVA,223,2050_all,0
WA_ID_AVA,224,2050_all,0
WA_ID_AVA,225,2050_all,0
WA_ID_AVA,226,2050_all,0
WA_ID_AVA,227,2050_all,0
WA_ID_AVA,228,2050_all,0
WA_ID_AVA,229,2050_all,0
WA_ID_AVA,230,2050_all,0
WA_ID_AVA,231,2050_all,0
WA_ID_AVA,232,2050_all,0
WA_ID_AVA,233,2050_all,0
WA_ID_AVA,234,2050_all,0
WA_ID_AVA,235,2050_all,0
WA_ID_AVA,236,2050_all,0
WA_ID_AVA,237,2050_all,0
WA_ID_AVA,238,2050_all,0
WA_ID_AVA,239,2050_all,0
WA_ID_AVA,240,2050_all,0
WA_ID_AVA,241,2050_all,0
WA_ID_AVA,242,2050_all,0
WA_ID_AVA,243,2050_all,0
WA_ID_AVA,244,2050_all,0
WA_ID_AVA,245,2050_all,0
WA_ID_AVA,246,2050_all,0
WA_ID_AVA,247,2050_all,0
WA_ID_AVA,248,2050_all,0
WA_ID_AVA,249,2050_all,0
WA_ID_AVA,250,2050_all,0
WA_ID_AVA,251,2050_all,0
WA_ID_AVA,252,2050_all,0
WA_ID_AVA,253,2050_all,0
WA_ID_AVA,254,2050_all,0
WA_ID_AVA,255,2050_all,0
WA_ID_AVA,256,2050_all,0
WA_ID_AVA,257,2050_all,0
WA_ID_AVA,258,2050_all,0
WA_ID_AVA,259,2050_all,0
WA_ID_AVA,260,2050_all,0
WA_ID_AVA,261,2050_all,0
WA_ID_AVA,262,2050_all,0
WA_ID_AVA,263,2050_all,0
WA_ID_AVA,264,2050_all,0
WA_ID_AVA,265,2050_all,0
WA_ID_AVA,266,2050_all,0
WA_ID_AVA,267,2050_all,0
WA_ID_AVA,268,2050_all,0
WA_ID_AVA,269,2050_all,0
WA_ID_AVA,270,2050_all,0
WA_ID_AVA,271,2050_all,0
WA_ID_AVA,272,2050_all,0
WA_ID_AVA,273,2050_all,0
WA_ID_AVA,274,2050_all,0
WA_ID_AVA,275,2050_all,0
WA_ID_AVA,276,2050_all,0
WA_ID_AVA,277,2050_all,0
WA_ID_AVA,278,2050_all,0
WA_ID_AVA,279,2050_all,0
WA_ID_AVA,280,2050_all,0
WA_ID_AVA,281,2050_all,0
WA_ID_AVA,282,2050_all,0
WA_ID_AVA,283,2050_all,0
WA_ID_AVA,284,2050_all,0
WA_ID_AVA,285,2050_all,0
WA_ID_AVA,286,2050_all,0
WA_ID_AVA,287,2050_all,0
WA_ID_AVA,288,2050_all,0
WA_ID_AVA,289,2050_all,0
WA_ID_AVA,290,2050_all,0
WA_ID_AVA,291,2050_all,0
WA_ID_AVA,292,2050_all,0
WA_ID_AVA,293,2050_all,0
WA_ID_AVA,294,2050_all,0
WA_ID_AVA,295,2050_all,0
WA_ID_AVA,296,2050_all,0
WA_ID_AVA,297,2050_all,0
WA_ID_AVA,298,2050_all,0
WA_ID_AVA,299,2050_all,0
WA_ID_AVA,300,2050_all,0
WA_ID_AVA,301,2050_all,0
WA_ID_AVA,302,2050_all,0
WA_ID_AVA,303,2050_all,0
WA_ID_AVA,304,2050_all,0
WA_ID_AVA,305,2050_all,0
WA_ID_AVA,306,2050_all,0
WA_ID_AVA,307,2050_all,0
WA_ID_AVA,308,2050_all,0
WA_ID_AVA,309,2050_all,0
WA_ID_AVA,310,2050_all,0
WA_ID_AVA,311,2050_all,0
WA_ID_AVA,312,2050_all,0
WA_ID_AVA,313,2050_all,0
WA_ID_AVA,314,2050_all,0
WA_ID_AVA,315,2050_all,0
WA_ID_AVA,316,2050_all,0
WA_ID_AVA,317,2050_all,0
WA_ID_AVA,318,2050_all,0
WA_ID_AVA,319,2050_all,0
WA_ID_AVA,320,2050_all,0
WA_ID_AVA,321,2050_all,0
WA_ID_AVA,322,2050_all,0
WA_ID_AVA,323,2050_all,0
WA_ID_AVA,324,2050_all,0
WA_ID_AVA,325,2050_all,0
WA_ID_AVA,326,2050_all,0
WA_ID_AVA,327,2050_all,0
WA_ID_AVA,328,2050_all,0
WA_ID_AVA,329,2050_all,0
WA_ID_AVA,330,2050_all,0
WA_ID_AVA,331,2050_all,0
WA_ID_AVA,332,2050_all,0
WA_ID_AVA,333,2050_all,0
WA_ID_AVA,334,2050_all,0
WA_ID_AVA,335,2050_all,0
WA_ID_AVA,336,2050_all,0
WA_ID_AVA,337,2050_all,0
WA_ID_AVA,338,2050_all,0
WA_ID_AVA,339,2050_all,0
WA_ID_AVA,340,2050_all,0
WA_ID_AVA,341,2050_all,0
WA_ID_AVA,342,2050_all,0
WA_ID_AVA,343,2050_all,0
WA_ID_AVA,344,2050_all,0
WA_ID_AVA,345,2050_all,0
WA_ID_AVA,346,2050_all,0
WA_ID_AVA,347,2050_all,0
WA_ID_AVA,348,2050_all,0
WA_ID_AVA,349,2050_all,0
WA_ID_AVA,350,2050_all,0
WA_ID_AVA,351,2050_all,0
WA_ID_AVA,352,2050_all,0
WA_ID_AVA,353,2050_all,0
WA_ID_AVA,354,2050_all,0
WA_ID_AVA,355,2050_all,0
WA_ID_AVA,356,2050_all,0
WA_ID_AVA,357,2050_all,0
WA_ID_AVA,358,2050_all,0
WA_ID_AVA,359,2050_all,0
WA_ID_AVA,360,2050_all,0
WA_ID_AVA,361,2050_all,0
WA_ID_AVA,362,2050_all,0
WA_ID_AVA,363,2050_all,0
WA_ID_AVA,364,2050_all,0
WA_ID_AVA,365,2050_all,0
WA_N_CEN,1,2050_all,0
WA_N_CEN,2,2050_all,0
WA_N_CEN,3,2050_all,0
WA_N_CEN,4,2050_all,0
WA_N_CEN,5,2050_all,0
WA_N_CEN,6,2050_all,0
WA_N_CEN,7,2050_all,0
WA_N_CEN,8,2050_all,0
WA_N_CEN,9,2050_all,0
WA_N_CEN,10,2050_all,0
WA_N_CEN,11,2050_all,0
WA_N_CEN,12,2050_all,0
WA_N_CEN,13,2050_all,0
WA_N_CEN,14,2050_all,0
WA_N_CEN,15,2050_all,0
WA_N_CEN,16,2050_all,0
WA_N_CEN,17,2050_all,0
WA_N_CEN,18,2050_all,0
WA_N_CEN,19,2050_all,0
WA_N_CEN,20,2050_all,0
WA_N_CEN,21,2050_all,0
WA_N_CEN,22,2050_all,0
WA_N_CEN,23,2050_all,0
WA_N_CEN,24,2050_all,0
WA_N_CEN,25,2050_all,0
WA_N_CEN,26,2050_all,0
WA_N_CEN,27,2050_all,0
WA_N_CEN,28,2050_all,0
WA_N_CEN,29,2050_all,0
WA_N_CEN,30,2050_all,0
WA_N_CEN,31,2050_all,0
WA_N_CEN,32,2050_all,0
WA_N_CEN,33,2050_all,0
WA_N_CEN,34,2050_all,0
WA_N_CEN,35,2050_all,0
WA_N_CEN,36,2050_all,0
WA_N_CEN,37,2050_all,0
WA_N_CEN,38,2050_all,0
WA_N_CEN,39,2050_all,0
WA_N_CEN,40,2050_all,0
WA_N_CEN,41,2050_all,0
WA_N_CEN,42,2050_all,0
WA_N_CEN,43,2050_all,0
WA_N_CEN,44,2050_all,0
WA_N_CEN,45,2050_all,0
WA_N_CEN,46,2050_all,0
WA_N_CEN,47,2050_all,0
WA_N_CEN,48,2050_all,0
WA_N_CEN,49,2050_all,0
WA_N_CEN,50,2050_all,0
WA_N_CEN,51,2050_all,0
WA_N_CEN,52,2050_all,0
WA_N_CEN,53,2050_all,0
WA_N_CEN,54,2050_all,0
WA_N_CEN,55,2050_all,0
WA_N_CEN,56,2050_all,0
WA_N_CEN,57,2050_all,0
WA_N_CEN,58,2050_all,0
WA_N_CEN,59,2050_all,0
WA_N_CEN,60,2050_all,0
WA_N_CEN,61,2050_all,0
WA_N_CEN,62,2050_all,0
WA_N_CEN,63,2050_all,0
WA_N_CEN,64,2050_all,0
WA_N_CEN,65,2050_all,0
WA_N_CEN,66,2050_all,0
WA_N_CEN,67,2050_all,0
WA_N_CEN,68,2050_all,0
WA_N_CEN,69,2050_all,0
WA_N_CEN,70,2050_all,0
WA_N_CEN,71,2050_all,0
WA_N_CEN,72,2050_all,0
WA_N_CEN,73,2050_all,0
WA_N_CEN,74,2050_all,0
WA_N_CEN,75,2050_all,0
WA_N_CEN,76,2050_all,0
WA_N_CEN,77,2050_all,0
WA_N_CEN,78,2050_all,0
WA_N_CEN,79,2050_all,0
WA_N_CEN,80,2050_all,0
WA_N_CEN,81,2050_all,0
WA_N_CEN,82,2050_all,0
WA_N_CEN,83,2050_all,0
WA_N_CEN,84,2050_all,0
WA_N_CEN,85,2050_all,0
WA_N_CEN,86,2050_all,0
WA_N_CEN,87,2050_all,0
WA_N_CEN,88,2050_all,0
WA_N_CEN,89,2050_all,0
WA_N_CEN,90,2050_all,0
WA_N_CEN,91,2050_all,0
WA_N_CEN,92,2050_all,0
WA_N_CEN,93,2050_all,0
WA_N_CEN,94,2050_all,0
WA_N_CEN,95,2050_all,0
WA_N_CEN,96,2050_all,0
WA_N_CEN,97,2050_all,0
WA_N_CEN,98,2050_all,0
WA_N_CEN,99,2050_all,0
WA_N_CEN,100,2050_all,0
WA_N_CEN,101,2050_all,0
WA_N_CEN,102,2050_all,0
WA_N_CEN,103,2050_all,0
WA_N_CEN,104,2050_all,0
WA_N_CEN,105,2050_all,0
WA_N_CEN,106,2050_all,0
WA_N_CEN,107,2050_all,0
WA_N_CEN,108,2050_all,0
WA_N_CEN,109,2050_all,0
WA_N_CEN,110,2050_all,0
WA_N_CEN,111,2050_all,0
WA_N_CEN,112,2050_all,0
WA_N_CEN,113,2050_all,0
WA_N_CEN,114,2050_all,0
WA_N_CEN,115,2050_all,0
WA_N_CEN,116,2050_all,0
WA_N_CEN,117,2050_all,0
WA_N_CEN,118,2050_all,0
WA_N_CEN,119,2050_all,0
WA_N_CEN,120,2050_all,0
WA_N_CEN,121,2050_all,0
WA_N_CEN,122,2050_all,0
WA_N_CEN,123,2050_all,0
WA_N_CEN,124,2050_all,0
WA_N_CEN,125,2050_all,0
WA_N_CEN,126,2050_all,0
WA_N_CEN,127,2050_all,0
WA_N_CEN,128,2050_all,0
WA_N_CEN,129,2050_all,0
WA_N_CEN,130,2050_all,0
WA_N_CEN,131,2050_all,0
WA_N_CEN,132,2050_all,0
WA_N_CEN,133,2050_all,0
WA_N_CEN,134,2050_all,0
WA_N_CEN,135,2050_all,0
WA_N_CEN,136,2050_all,0
WA_N_CEN,137,2050_all,0
WA_N_CEN,138,2050_all,0
WA_N_CEN,139,2050_all,0
WA_N_CEN,140,2050_all,0
WA_N_CEN,141,2050_all,0
WA_N_CEN,142,2050_all,0
WA_N_CEN,143,2050_all,0
WA_N_CEN,144,2050_all,0
WA_N_CEN,145,2050_all,0
WA_N_CEN,146,2050_all,0
WA_N_CEN,147,2050_all,0
WA_N_CEN,148,2050_all,0
WA_N_CEN,149,2050_all,0
WA_N_CEN,150,2050_all,0
WA_N_CEN,151,2050_all,0
WA_N_CEN,152,2050_all,0
WA_N_CEN,153,2050_all,0
WA_N_CEN,154,2050_all,0
WA_N_CEN,155,2050_all,0
WA_N_CEN,156,2050_all,0
WA_N_CEN,157,2050_all,0
WA_N_CEN,158,2050_all,0
WA_N_CEN,159,2050_all,0
WA_N_CEN,160,2050_all,0
WA_N_CEN,161,2050_all,0
WA_N_CEN,162,2050_all,0
WA_N_CEN,163,2050_all,0
WA_N_CEN,164,2050_all,0
WA_N_CEN,165,2050_all,0
WA_N_CEN,166,2050_all,0
WA_N_CEN,167,2050_all,0
WA_N_CEN,168,2050_all,0
WA_N_CEN,169,2050_all,0
WA_N_CEN,170,2050_all,0
WA_N_CEN,171,2050_all,0
WA_N_CEN,172,2050_all,0
WA_N_CEN,173,2050_all,0
WA_N_CEN,174,2050_all,0
WA_N_CEN,175,2050_all,0
WA_N_CEN,176,2050_all,0
WA_N_CEN,177,2050_all,0
WA_N_CEN,178,2050_all,0
WA_N_CEN,179,2050_all,0
WA_N_CEN,180,2050_all,0
WA_N_CEN,181,2050_all,0
WA_N_CEN,182,2050_all,0
WA_N_CEN,183,2050_all,0
WA_N_CEN,184,2050_all,0
WA_N_CEN,185,2050_all,0
WA_N_CEN,186,2050_all,0
WA_N_CEN,187,2050_all,0
WA_N_CEN,188,2050_all,0
WA_N_CEN,189,2050_all,0
WA_N_CEN,190,2050_all,0
WA_N_CEN,191,2050_all,0
WA_N_CEN,192,2050_all,0
WA_N_CEN,193,2050_all,0
WA_N_CEN,194,2050_all,0
WA_N_CEN,195,2050_all,0
WA_N_CEN,196,2050_all,0
WA_N_CEN,197,2050_all,0
WA_N_CEN,198,2050_all,0
WA_N_CEN,199,2050_all,0
WA_N_CEN,200,2050_all,0
WA_N_CEN,201,2050_all,0
WA_N_CEN,202,2050_all,0
WA_N_CEN,203,2050_all,0
WA_N_CEN,204,2050_all,0
WA_N_CEN,205,2050_all,0
WA_N_CEN,206,2050_all,0
WA_N_CEN,207,2050_all,0
WA_N_CEN,208,2050_all,0
WA_N_CEN,209,2050_all,0
WA_N_CEN,210,2050_all,0
WA_N_CEN,211,2050_all,0
WA_N_CEN,212,2050_all,0
WA_N_CEN,213,2050_all,0
WA_N_CEN,214,2050_all,0
WA_N_CEN,215,2050_all,0
WA_N_CEN,216,2050_all,0
WA_N_CEN,217,2050_all,0
WA_N_CEN,218,2050_all,0
WA_N_CEN,219,2050_all,0
WA_N_CEN,220,2050_all,0
WA_N_CEN,221,2050_all,0
WA_N_CEN,222,2050_all,0
WA_N_CEN,223,2050_all,0
WA_N_CEN,224,2050_all,0
WA_N_CEN,225,2050_all,0
WA_N_CEN,226,2050_all,0
WA_N_CEN,227,2050_all,0
WA_N_CEN,228,2050_all,0
WA_N_CEN,229,2050_all,0
WA_N_CEN,230,2050_all,0
WA_N_CEN,231,2050_all,0
WA_N_CEN,232,2050_all,0
WA_N_CEN,233,2050_all,0
WA_N_CEN,234,2050_all,0
WA_N_CEN,235,2050_all,0
WA_N_CEN,236,2050_all,0
WA_N_CEN,237,2050_all,0
WA_N_CEN,238,2050_all,0
WA_N_CEN,239,2050_all,0
WA_N_CEN,240,2050_all,0
WA_N_CEN,241,2050_all,0
WA_N_CEN,242,2050_all,0
WA_N_CEN,243,2050_all,0
WA_N_CEN,244,2050_all,0
WA_N_CEN,245,2050_all,0
WA_N_CEN,246,2050_all,0
WA_N_CEN,247,2050_all,0
WA_N_CEN,248,2050_all,0
WA_N_CEN,249,2050_all,0
WA_N_CEN,250,2050_all,0
WA_N_CEN,251,2050_all,0
WA_N_CEN,252,2050_all,0
WA_N_CEN,253,2050_all,0
WA_N_CEN,254,2050_all,0
WA_N_CEN,255,2050_all,0
WA_N_CEN,256,2050_all,0
WA_N_CEN,257,2050_all,0
WA_N_CEN,258,2050_all,0
WA_N_CEN,259,2050_all,0
WA_N_CEN,260,2050_all,0
WA_N_CEN,261,2050_all,0
WA_N_CEN,262,2050_all,0
WA_N_CEN,263,2050_all,0
WA_N_CEN,264,2050_all,0
WA_N_CEN,265,2050_all,0
WA_N_CEN,266,2050_all,0
WA_N_CEN,267,2050_all,0
WA_N_CEN,268,2050_all,0
WA_N_CEN,269,2050_all,0
WA_N_CEN,270,2050_all,0
WA_N_CEN,271,2050_all,0
WA_N_CEN,272,2050_all,0
WA_N_CEN,273,2050_all,0
WA_N_CEN,274,2050_all,0
WA_N_CEN,275,2050_all,0
WA_N_CEN,276,2050_all,0
WA_N_CEN,277,2050_all,0
WA_N_CEN,278,2050_all,0
WA_N_CEN,279,2050_all,0
WA_N_CEN,280,2050_all,0
WA_N_CEN,281,2050_all,0
WA_N_CEN,282,2050_all,0
WA_N_CEN,283,2050_all,0
WA_N_CEN,284,2050_all,0
WA_N_CEN,285,2050_all,0
WA_N_CEN,286,2050_all,0
WA_N_CEN,287,2050_all,0
WA_N_CEN,288,2050_all,0
WA_N_CEN,289,2050_all,0
WA_N_CEN,290,2050_all,0
WA_N_CEN,291,2050_all,0
WA_N_CEN,292,2050_all,0
WA_N_CEN,293,2050_all,0
WA_N_CEN,294,2050_all,0
WA_N_CEN,295,2050_all,0
WA_N_CEN,296,2050_all,0
WA_N_CEN,297,2050_all,0
WA_N_CEN,298,2050_all,0
WA_N_CEN,299,2050_all,0
WA_N_CEN,300,2050_all,0
WA_N_CEN,301,2050_all,0
WA_N_CEN,302,2050_all,0
WA_N_CEN,303,2050_all,0
WA_N_CEN,304,2050_all,0
WA_N_CEN,305,2050_all,0
WA_N_CEN,306,2050_all,0
WA_N_CEN,307,2050_all,0
WA_N_CEN,308,2050_all,0
WA_N_CEN,309,2050_all,0
WA_N_CEN,310,2050_all,0
WA_N_CEN,311,2050_all,0
WA_N_CEN,312,2050_all,0
WA_N_CEN,313,2050_all,0
WA_N_CEN,314,2050_all,0
WA_N_CEN,315,2050_all,0
WA_N_CEN,316,2050_all,0
WA_N_CEN,317,2050_all,0
WA_N_CEN,318,2050_all,0
WA_N_CEN,319,2050_all,0
WA_N_CEN,320,2050_all,0
WA_N_CEN,321,2050_all,0
WA_N_CEN,322,2050_all,0
WA_N_CEN,323,2050_all,0
WA_N_CEN,324,2050_all,0
WA_N_CEN,325,2050_all,0
WA_N_CEN,326,2050_all,0
WA_N_CEN,327,2050_all,0
WA_N_CEN,328,2050_all,0
WA_N_CEN,329,2050_all,0
WA_N_CEN,330,2050_all,0
WA_N_CEN,331,2050_all,0
WA_N_CEN,332,2050_all,0
WA_N_CEN,333,2050_all,0
WA_N_CEN,334,2050_all,0
WA_N_CEN,335,2050_all,0
WA_N_CEN,336,2050_all,0
WA_N_CEN,337,2050_all,0
WA_N_CEN,338,2050_all,0
WA_N_CEN,339,2050_all,0
WA_N_CEN,340,2050_all,0
WA_N_CEN,341,2050_all,0
WA_N_CEN,342,2050_all,0
WA_N_CEN,343,2050_all,0
WA_N_CEN,344,2050_all,0
WA_N_CEN,345,2050_all,0
WA_N_CEN,346,2050_all,0
WA_N_CEN,347,2050_all,0
WA_N_CEN,348,2050_all,0
WA_N_CEN,349,2050_all,0
WA_N_CEN,350,2050_all,0
WA_N_CEN,351,2050_all,0
WA_N_CEN,352,2050_all,0
WA_N_CEN,353,2050_all,0
WA_N_CEN,354,2050_all,0
WA_N_CEN,355,2050_all,0
WA_N_CEN,356,2050_all,0
WA_N_CEN,357,2050_all,0
WA_N_CEN,358,2050_all,0
WA_N_CEN,359,2050_all,0
WA_N_CEN,360,2050_all,0
WA_N_CEN,361,2050_all,0
WA_N_CEN,362,2050_all,0
WA_N_CEN,363,2050_all,0
WA_N_CEN,364,2050_all,0
WA_N_CEN,365,2050_all,0
WA_SEATAC,1,2050_all,0
WA_SEATAC,2,2050_all,0
WA_SEATAC,3,2050_all,0
WA_SEATAC,4,2050_all,0
WA_SEATAC,5,2050_all,0
WA_SEATAC,6,2050_all,0
WA_SEATAC,7,2050_all,0
WA_SEATAC,8,2050_all,0
WA_SEATAC,9,2050_all,0
WA_SEATAC,10,2050_all,0
WA_SEATAC,11,2050_all,0
WA_SEATAC,12,2050_all,0
WA_SEATAC,13,2050_all,0
WA_SEATAC,14,2050_all,0
WA_SEATAC,15,2050_all,0
WA_SEATAC,16,2050_all,0
WA_SEATAC,17,2050_all,0
WA_SEATAC,18,2050_all,0
WA_SEATAC,19,2050_all,0
WA_SEATAC,20,2050_all,0
WA_SEATAC,21,2050_all,0
WA_SEATAC,22,2050_all,0
WA_SEATAC,23,2050_all,0
WA_SEATAC,24,2050_all,0
WA_SEATAC,25,2050_all,0
WA_SEATAC,26,2050_all,0
WA_SEATAC,27,2050_all,0
WA_SEATAC,28,2050_all,0
WA_SEATAC,29,2050_all,0
WA_SEATAC,30,2050_all,0
WA_SEATAC,31,2050_all,0
WA_SEATAC,32,2050_all,0
WA_SEATAC,33,2050_all,0
WA_SEATAC,34,2050_all,0
WA_SEATAC,35,2050_all,0
WA_SEATAC,36,2050_all,0
WA_SEATAC,37,2050_all,0
WA_SEATAC,38,2050_all,0
WA_SEATAC,39,2050_all,0
WA_SEATAC,40,2050_all,0
WA_SEATAC,41,2050_all,0
WA_SEATAC,42,2050_all,0
WA_SEATAC,43,2050_all,0
WA_SEATAC,44,2050_all,0
WA_SEATAC,45,2050_all,0
WA_SEATAC,46,2050_all,0
WA_SEATAC,47,2050_all,0
WA_SEATAC,48,2050_all,0
WA_SEATAC,49,2050_all,0
WA_SEATAC,50,2050_all,0
WA_SEATAC,51,2050_all,0
WA_SEATAC,52,2050_all,0
WA_SEATAC,53,2050_all,0
WA_SEATAC,54,2050_all,0
WA_SEATAC,55,2050_all,0
WA_SEATAC,56,2050_all,0
WA_SEATAC,57,2050_all,0
WA_SEATAC,58,2050_all,0
WA_SEATAC,59,2050_all,0
WA_SEATAC,60,2050_all,0
WA_SEATAC,61,2050_all,0
WA_SEATAC,62,2050_all,0
WA_SEATAC,63,2050_all,0
WA_SEATAC,64,2050_all,0
WA_SEATAC,65,2050_all,0
WA_SEATAC,66,2050_all,0
WA_SEATAC,67,2050_all,0
WA_SEATAC,68,2050_all,0
WA_SEATAC,69,2050_all,0
WA_SEATAC,70,2050_all,0
WA_SEATAC,71,2050_all,0
WA_SEATAC,72,2050_all,0
WA_SEATAC,73,2050_all,0
WA_SEATAC,74,2050_all,0
WA_SEATAC,75,2050_all,0
WA_SEATAC,76,2050_all,0
WA_SEATAC,77,2050_all,0
WA_SEATAC,78,2050_all,0
WA_SEATAC,79,2050_all,0
WA_SEATAC,80,2050_all,0
WA_SEATAC,81,2050_all,0
WA_SEATAC,82,2050_all,0
WA_SEATAC,83,2050_all,0
WA_SEATAC,84,2050_all,0
WA_SEATAC,85,2050_all,0
WA_SEATAC,86,2050_all,0
WA_SEATAC,87,2050_all,0
WA_SEATAC,88,2050_all,0
WA_SEATAC,89,2050_all,0
WA_SEATAC,90,2050_all,0
WA_SEATAC,91,2050_all,0
WA_SEATAC,92,2050_all,0
WA_SEATAC,93,2050_all,0
WA_SEATAC,94,2050_all,0
WA_SEATAC,95,2050_all,0
WA_SEATAC,96,2050_all,0
WA_SEATAC,97,2050_all,0
WA_SEATAC,98,2050_all,0
WA_SEATAC,99,2050_all,0
WA_SEATAC,100,2050_all,0
WA_SEATAC,101,2050_all,0
WA_SEATAC,102,2050_all,0
WA_SEATAC,103,2050_all,0
WA_SEATAC,104,2050_all,0
WA_SEATAC,105,2050_all,0
WA_SEATAC,106,2050_all,0
WA_SEATAC,107,2050_all,0
WA_SEATAC,108,2050_all,0
WA_SEATAC,109,2050_all,0
WA_SEATAC,110,2050_all,0
WA_SEATAC,111,2050_all,0
WA_SEATAC,112,2050_all,0
WA_SEATAC,113,2050_all,0
WA_SEATAC,114,2050_all,0
WA_SEATAC,115,2050_all,0
WA_SEATAC,116,2050_all,0
WA_SEATAC,117,2050_all,0
WA_SEATAC,118,2050_all,0
WA_SEATAC,119,2050_all,0
WA_SEATAC,120,2050_all,0
WA_SEATAC,121,2050_all,0
WA_SEATAC,122,2050_all,0
WA_SEATAC,123,2050_all,0
WA_SEATAC,124,2050_all,0
WA_SEATAC,125,2050_all,0
WA_SEATAC,126,2050_all,0
WA_SEATAC,127,2050_all,0
WA_SEATAC,128,2050_all,0
WA_SEATAC,129,2050_all,0
WA_SEATAC,130,2050_all,0
WA_SEATAC,131,2050_all,0
WA_SEATAC,132,2050_all,0
WA_SEATAC,133,2050_all,0
WA_SEATAC,134,2050_all,0
WA_SEATAC,135,2050_all,0
WA_SEATAC,136,2050_all,0
WA_SEATAC,137,2050_all,0
WA_SEATAC,138,2050_all,0
WA_SEATAC,139,2050_all,0
WA_SEATAC,140,2050_all,0
WA_SEATAC,141,2050_all,0
WA_SEATAC,142,2050_all,0
WA_SEATAC,143,2050_all,0
WA_SEATAC,144,2050_all,0
WA_SEATAC,145,2050_all,0
WA_SEATAC,146,2050_all,0
WA_SEATAC,147,2050_all,0
WA_SEATAC,148,2050_all,0
WA_SEATAC,149,2050_all,0
WA_SEATAC,150,2050_all,0
WA_SEATAC,151,2050_all,0
WA_SEATAC,152,2050_all,0
WA_SEATAC,153,2050_all,0
WA_SEATAC,154,2050_all,0
WA_SEATAC,155,2050_all,0
WA_SEATAC,156,2050_all,0
WA_SEATAC,157,2050_all,0
WA_SEATAC,158,2050_all,0
WA_SEATAC,159,2050_all,0
WA_SEATAC,160,2050_all,0
WA_SEATAC,161,2050_all,0
WA_SEATAC,162,2050_all,0
WA_SEATAC,163,2050_all,0
WA_SEATAC,164,2050_all,0
WA_SEATAC,165,2050_all,0
WA_SEATAC,166,2050_all,0
WA_SEATAC,167,2050_all,0
WA_SEATAC,168,2050_all,0
WA_SEATAC,169,2050_all,0
WA_SEATAC,170,2050_all,0
WA_SEATAC,171,2050_all,0
WA_SEATAC,172,2050_all,0
WA_SEATAC,173,2050_all,0
WA_SEATAC,174,2050_all,0
WA_SEATAC,175,2050_all,0
WA_SEATAC,176,2050_all,0
WA_SEATAC,177,2050_all,0
WA_SEATAC,178,2050_all,0
WA_SEATAC,179,2050_all,0
WA_SEATAC,180,2050_all,0
WA_SEATAC,181,2050_all,0
WA_SEATAC,182,2050_all,0
WA_SEATAC,183,2050_all,0
WA_SEATAC,184,2050_all,0
WA_SEATAC,185,2050_all,0
WA_SEATAC,186,2050_all,0
WA_SEATAC,187,2050_all,0
WA_SEATAC,188,2050_all,0
WA_SEATAC,189,2050_all,0
WA_SEATAC,190,2050_all,0
WA_SEATAC,191,2050_all,0
WA_SEATAC,192,2050_all,0
WA_SEATAC,193,2050_all,0
WA_SEATAC,194,2050_all,0
WA_SEATAC,195,2050_all,0
WA_SEATAC,196,2050_all,0
WA_SEATAC,197,2050_all,0
WA_SEATAC,198,2050_all,0
WA_SEATAC,199,2050_all,0
WA_SEATAC,200,2050_all,0
WA_SEATAC,201,2050_all,0
WA_SEATAC,202,2050_all,0
WA_SEATAC,203,2050_all,0
WA_SEATAC,204,2050_all,0
WA_SEATAC,205,2050_all,0
WA_SEATAC,206,2050_all,0
WA_SEATAC,207,2050_all,0
WA_SEATAC,208,2050_all,0
WA_SEATAC,209,2050_all,0
WA_SEATAC,210,2050_all,0
WA_SEATAC,211,2050_all,0
WA_SEATAC,212,2050_all,0
WA_SEATAC,213,2050_all,0
WA_SEATAC,214,2050_all,0
WA_SEATAC,215,2050_all,0
WA_SEATAC,216,2050_all,0
WA_SEATAC,217,2050_all,0
WA_SEATAC,218,2050_all,0
WA_SEATAC,219,2050_all,0
WA_SEATAC,220,2050_all,0
WA_SEATAC,221,2050_all,0
WA_SEATAC,222,2050_all,0
WA_SEATAC,223,2050_all,0
WA_SEATAC,224,2050_all,0
WA_SEATAC,225,2050_all,0
WA_SEATAC,226,2050_all,0
WA_SEATAC,227,2050_all,0
WA_SEATAC,228,2050_all,0
WA_SEATAC,229,2050_all,0
WA_SEATAC,230,2050_all,0
WA_SEATAC,231,2050_all,0
WA_SEATAC,232,2050_all,0
WA_SEATAC,233,2050_all,0
WA_SEATAC,234,2050_all,0
WA_SEATAC,235,2050_all,0
WA_SEATAC,236,2050_all,0
WA_SEATAC,237,2050_all,0
WA_SEATAC,238,2050_all,0
WA_SEATAC,239,2050_all,0
WA_SEATAC,240,2050_all,0
WA_SEATAC,241,2050_all,0
WA_SEATAC,242,2050_all,0
WA_SEATAC,243,2050_all,0
WA_SEATAC,244,2050_all,0
WA_SEATAC,245,2050_all,0
WA_SEATAC,246,2050_all,0
WA_SEATAC,247,2050_all,0
WA_SEATAC,248,2050_all,0
WA_SEATAC,249,2050_all,0
WA_SEATAC,250,2050_all,0
WA_SEATAC,251,2050_all,0
WA_SEATAC,252,2050_all,0
WA_SEATAC,253,2050_all,0
WA_SEATAC,254,2050_all,0
WA_SEATAC,255,2050_all,0
WA_SEATAC,256,2050_all,0
WA_SEATAC,257,2050_all,0
WA_SEATAC,258,2050_all,0
WA_SEATAC,259,2050_all,0
WA_SEATAC,260,2050_all,0
WA_SEATAC,261,2050_all,0
WA_SEATAC,262,2050_all,0
WA_SEATAC,263,2050_all,0
WA_SEATAC,264,2050_all,0
WA_SEATAC,265,2050_all,0
WA_SEATAC,266,2050_all,0
WA_SEATAC,267,2050_all,0
WA_SEATAC,268,2050_all,0
WA_SEATAC,269,2050_all,0
WA_SEATAC,270,2050_all,0
WA_SEATAC,271,2050_all,0
WA_SEATAC,272,2050_all,0
WA_SEATAC,273,2050_all,0
WA_SEATAC,274,2050_all,0
WA_SEATAC,275,2050_all,0
WA_SEATAC,276,2050_all,0
WA_SEATAC,277,2050_all,0
WA_SEATAC,278,2050_all,0
WA_SEATAC,279,2050_all,0
WA_SEATAC,280,2050_all,0
WA_SEATAC,281,2050_all,0
WA_SEATAC,282,2050_all,0
WA_SEATAC,283,2050_all,0
WA_SEATAC,284,2050_all,0
WA_SEATAC,285,2050_all,0
WA_SEATAC,286,2050_all,0
WA_SEATAC,287,2050_all,0
WA_SEATAC,288,2050_all,0
WA_SEATAC,289,2050_all,0
WA_SEATAC,290,2050_all,0
WA_SEATAC,291,2050_all,0
WA_SEATAC,292,2050_all,0
WA_SEATAC,293,2050_all,0
WA_SEATAC,294,2050_all,0
WA_SEATAC,295,2050_all,0
WA_SEATAC,296,2050_all,0
WA_SEATAC,297,2050_all,0
WA_SEATAC,298,2050_all,0
WA_SEATAC,299,2050_all,0
WA_SEATAC,300,2050_all,0
WA_SEATAC,301,2050_all,0
WA_SEATAC,302,2050_all,0
WA_SEATAC,303,2050_all,0
WA_SEATAC,304,2050_all,0
WA_SEATAC,305,2050_all,0
WA_SEATAC,306,2050_all,0
WA_SEATAC,307,2050_all,0
WA_SEATAC,308,2050_all,0
WA_SEATAC,309,2050_all,0
WA_SEATAC,310,2050_all,0
WA_SEATAC,311,2050_all,0
WA_SEATAC,312,2050_all,0
WA_SEATAC,313,2050_all,0
WA_SEATAC,314,2050_all,0
WA_SEATAC,315,2050_all,0
WA_SEATAC,316,2050_all,0
WA_SEATAC,317,2050_all,0
WA_SEATAC,318,2050_all,0
WA_SEATAC,319,2050_all,0
WA_SEATAC,320,2050_all,0
WA_SEATAC,321,2050_all,0
WA_SEATAC,322,2050_all,0
WA_SEATAC,323,2050_all,0
WA_SEATAC,324,2050_all,0
WA_SEATAC,325,2050_all,0
WA_SEATAC,326,2050_all,0
WA_SEATAC,327,2050_all,0
WA_SEATAC,328,2050_all,0
WA_SEATAC,329,2050_all,0
WA_SEATAC,330,2050_all,0
WA_SEATAC,331,2050_all,0
WA_SEATAC,332,2050_all,0
WA_SEATAC,333,2050_all,0
WA_SEATAC,334,2050_all,0
WA_SEATAC,335,2050_all,0
WA_SEATAC,336,2050_all,0
WA_SEATAC,337,2050_all,0
WA_SEATAC,338,2050_all,0
WA_SEATAC,339,2050_all,0
WA_SEATAC,340,2050_all,0
WA_SEATAC,341,2050_all,0
WA_SEATAC,342,2050_all,0
WA_SEATAC,343,2050_all,0
WA_SEATAC,344,2050_all,0
WA_SEATAC,345,2050_all,0
WA_SEATAC,346,2050_all,0
WA_SEATAC,347,2050_all,0
WA_SEATAC,348,2050_all,0
WA_SEATAC,349,2050_all,0
WA_SEATAC,350,2050_all,0
WA_SEATAC,351,2050_all,0
WA_SEATAC,352,2050_all,0
WA_SEATAC,353,2050_all,0
WA_SEATAC,354,2050_all,0
WA_SEATAC,355,2050_all,0
WA_SEATAC,356,2050_all,0
WA_SEATAC,357,2050_all,0
WA_SEATAC,358,2050_all,0
WA_SEATAC,359,2050_all,0
WA_SEATAC,360,2050_all,0
WA_SEATAC,361,2050_all,0
WA_SEATAC,362,2050_all,0
WA_SEATAC,363,2050_all,0
WA_SEATAC,364,2050_all,0
WA_SEATAC,365,2050_all,0
WA_W,1,2050_all,0
WA_W,2,2050_all,0
WA_W,3,2050_all,0
WA_W,4,2050_all,0
WA_W,5,2050_all,0
WA_W,6,2050_all,0
WA_W,7,2050_all,0
WA_W,8,2050_all,0
WA_W,9,2050_all,0
WA_W,10,2050_all,0
WA_W,11,2050_all,0
WA_W,12,2050_all,0
WA_W,13,2050_all,0
WA_W,14,2050_all,0
WA_W,15,2050_all,0
WA_W,16,2050_all,0
WA_W,17,2050_all,0
WA_W,18,2050_all,0
WA_W,19,2050_all,0
WA_W,20,2050_all,0
WA_W,21,2050_all,0
WA_W,22,2050_all,0
WA_W,23,2050_all,0
WA_W,24,2050_all,0
WA_W,25,2050_all,0
WA_W,26,2050_all,0
WA_W,27,2050_all,0
WA_W,28,2050_all,0
WA_W,29,2050_all,0
WA_W,30,2050_all,0
WA_W,31,2050_all,0
WA_W,32,2050_all,0
WA_W,33,2050_all,0
WA_W,34,2050_all,0
WA_W,35,2050_all,0
WA_W,36,2050_all,0
WA_W,37,2050_all,0
WA_W,38,2050_all,0
WA_W,39,2050_all,0
WA_W,40,2050_all,0
WA_W,41,2050_all,0
WA_W,42,2050_all,0
WA_W,43,2050_all,0
WA_W,44,2050_all,0
WA_W,45,2050_all,0
WA_W,46,2050_all,0
WA_W,47,2050_all,0
WA_W,48,2050_all,0
WA_W,49,2050_all,0
WA_W,50,2050_all,0
WA_W,51,2050_all,0
WA_W,52,2050_all,0
WA_W,53,2050_all,0
WA_W,54,2050_all,0
WA_W,55,2050_all,0
WA_W,56,2050_all,0
WA_W,57,2050_all,0
WA_W,58,2050_all,0
WA_W,59,2050_all,0
WA_W,60,2050_all,0
WA_W,61,2050_all,0
WA_W,62,2050_all,0
WA_W,63,2050_all,0
WA_W,64,2050_all,0
WA_W,65,2050_all,0
WA_W,66,2050_all,0
WA_W,67,2050_all,0
WA_W,68,2050_all,0
WA_W,69,2050_all,0
WA_W,70,2050_all,0
WA_W,71,2050_all,0
WA_W,72,2050_all,0
WA_W,73,2050_all,0
WA_W,74,2050_all,0
WA_W,75,2050_all,0
WA_W,76,2050_all,0
WA_W,77,2050_all,0
WA_W,78,2050_all,0
WA_W,79,2050_all,0
WA_W,80,2050_all,0
WA_W,81,2050_all,0
WA_W,82,2050_all,0
WA_W,83,2050_all,0
WA_W,84,2050_all,0
WA_W,85,2050_all,0
WA_W,86,2050_all,0
WA_W,87,2050_all,0
WA_W,88,2050_all,0
WA_W,89,2050_all,0
WA_W,90,2050_all,0
WA_W,91,2050_all,0
WA_W,92,2050_all,0
WA_W,93,2050_all,0
WA_W,94,2050_all,0
WA_W,95,2050_all,0
WA_W,96,2050_all,0
WA_W,97,2050_all,0
WA_W,98,2050_all,0
WA_W,99,2050_all,0
WA_W,100,2050_all,0
WA_W,101,2050_all,0
WA_W,102,2050_all,0
WA_W,103,2050_all,0
WA_W,104,2050_all,0
WA_W,105,2050_all,0
WA_W,106,2050_all,0
WA_W,107,2050_all,0
WA_W,108,2050_all,0
WA_W,109,2050_all,0
WA_W,110,2050_all,0
WA_W,111,2050_all,0
WA_W,112,2050_all,0
WA_W,113,2050_all,0
WA_W,114,2050_all,0
WA_W,115,2050_all,0
WA_W,116,2050_all,0
WA_W,117,2050_all,0
WA_W,118,2050_all,0
WA_W,119,2050_all,0
WA_W,120,2050_all,0
WA_W,121,2050_all,0
WA_W,122,2050_all,0
WA_W,123,2050_all,0
WA_W,124,2050_all,0
WA_W,125,2050_all,0
WA_W,126,2050_all,0
WA_W,127,2050_all,0
WA_W,128,2050_all,0
WA_W,129,2050_all,0
WA_W,130,2050_all,0
WA_W,131,2050_all,0
WA_W,132,2050_all,0
WA_W,133,2050_all,0
WA_W,134,2050_all,0
WA_W,135,2050_all,0
WA_W,136,2050_all,0
WA_W,137,2050_all,0
WA_W,138,2050_all,0
WA_W,139,2050_all,0
WA_W,140,2050_all,0
WA_W,141,2050_all,0
WA_W,142,2050_all,0
WA_W,143,2050_all,0
WA_W,144,2050_all,0
WA_W,145,2050_all,0
WA_W,146,2050_all,0
WA_W,147,2050_all,0
WA_W,148,2050_all,0
WA_W,149,2050_all,0
WA_W,150,2050_all,0
WA_W,151,2050_all,0
WA_W,152,2050_all,0
WA_W,153,2050_all,0
WA_W,154,2050_all,0
WA_W,155,2050_all,0
WA_W,156,2050_all,0
WA_W,157,2050_all,0
WA_W,158,2050_all,0
WA_W,159,2050_all,0
WA_W,160,2050_all,0
WA_W,161,2050_all,0
WA_W,162,2050_all,0
WA_W,163,2050_all,0
WA_W,164,2050_all,0
WA_W,165,2050_all,0
WA_W,166,2050_all,0
WA_W,167,2050_all,0
WA_W,168,2050_all,0
WA_W,169,2050_all,0
WA_W,170,2050_all,0
WA_W,171,2050_all,0
WA_W,172,2050_all,0
WA_W,173,2050_all,0
WA_W,174,2050_all,0
WA_W,175,2050_all,0
WA_W,176,2050_all,0
WA_W,177,2050_all,0
WA_W,178,2050_all,0
WA_W,179,2050_all,0
WA_W,180,2050_all,0
WA_W,181,2050_all,0
WA_W,182,2050_all,0
WA_W,183,2050_all,0
WA_W,184,2050_all,0
WA_W,185,2050_all,0
WA_W,186,2050_all,0
WA_W,187,2050_all,0
WA_W,188,2050_all,0
WA_W,189,2050_all,0
WA_W,190,2050_all,0
WA_W,191,2050_all,0
WA_W,192,2050_all,0
WA_W,193,2050_all,0
WA_W,194,2050_all,0
WA_W,195,2050_all,0
WA_W,196,2050_all,0
WA_W,197,2050_all,0
WA_W,198,2050_all,0
WA_W,199,2050_all,0
WA_W,200,2050_all,0
WA_W,201,2050_all,0
WA_W,202,2050_all,0
WA_W,203,2050_all,0
WA_W,204,2050_all,0
WA_W,205,2050_all,0
WA_W,206,2050_all,0
WA_W,207,2050_all,0
WA_W,208,2050_all,0
WA_W,209,2050_all,0
WA_W,210,2050_all,0
WA_W,211,2050_all,0
WA_W,212,2050_all,0
WA_W,213,2050_all,0
WA_W,214,2050_all,0
WA_W,215,2050_all,0
WA_W,216,2050_all,0
WA_W,217,2050_all,0
WA_W,218,2050_all,0
WA_W,219,2050_all,0
WA_W,220,2050_all,0
WA_W,221,2050_all,0
WA_W,222,2050_all,0
WA_W,223,2050_all,0
WA_W,224,2050_all,0
WA_W,225,2050_all,0
WA_W,226,2050_all,0
WA_W,227,2050_all,0
WA_W,228,2050_all,0
WA_W,229,2050_all,0
WA_W,230,2050_all,0
WA_W,231,2050_all,0
WA_W,232,2050_all,0
WA_W,233,2050_all,0
WA_W,234,2050_all,0
WA_W,235,2050_all,0
WA_W,236,2050_all,0
WA_W,237,2050_all,0
WA_W,238,2050_all,0
WA_W,239,2050_all,0
WA_W,240,2050_all,0
WA_W,241,2050_all,0
WA_W,242,2050_all,0
WA_W,243,2050_all,0
WA_W,244,2050_all,0
WA_W,245,2050_all,0
WA_W,246,2050_all,0
WA_W,247,2050_all,0
WA_W,248,2050_all,0
WA_W,249,2050_all,0
WA_W,250,2050_all,0
WA_W,251,2050_all,0
WA_W,252,2050_all,0
WA_W,253,2050_all,0
WA_W,254,2050_all,0
WA_W,255,2050_all,0
WA_W,256,2050_all,0
WA_W,257,2050_all,0
WA_W,258,2050_all,0
WA_W,259,2050_all,0
WA_W,260,2050_all,0
WA_W,261,2050_all,0
WA_W,262,2050_all,0
WA_W,263,2050_all,0
WA_W,264,2050_all,0
WA_W,265,2050_all,0
WA_W,266,2050_all,0
WA_W,267,2050_all,0
WA_W,268,2050_all,0
WA_W,269,2050_all,0
WA_W,270,2050_all,0
WA_W,271,2050_all,0
WA_W,272,2050_all,0
WA_W,273,2050_all,0
WA_W,274,2050_all,0
WA_W,275,2050_all,0
WA_W,276,2050_all,0
WA_W,277,2050_all,0
WA_W,278,2050_all,0
WA_W,279,2050_all,0
WA_W,280,2050_all,0
WA_W,281,2050_all,0
WA_W,282,2050_all,0
WA_W,283,2050_all,0
WA_W,284,2050_all,0
WA_W,285,2050_all,0
WA_W,286,2050_all,0
WA_W,287,2050_all,0
WA_W,288,2050_all,0
WA_W,289,2050_all,0
WA_W,290,2050_all,0
WA_W,291,2050_all,0
WA_W,292,2050_all,0
WA_W,293,2050_all,0
WA_W,294,2050_all,0
WA_W,295,2050_all,0
WA_W,296,2050_all,0
WA_W,297,2050_all,0
WA_W,298,2050_all,0
WA_W,299,2050_all,0
WA_W,300,2050_all,0
WA_W,301,2050_all,0
WA_W,302,2050_all,0
WA_W,303,2050_all,0
WA_W,304,2050_all,0
WA_W,305,2050_all,0
WA_W,306,2050_all,0
WA_W,307,2050_all,0
WA_W,308,2050_all,0
WA_W,309,2050_all,0
WA_W,310,2050_all,0
WA_W,311,2050_all,0
WA_W,312,2050_all,0
WA_W,313,2050_all,0
WA_W,314,2050_all,0
WA_W,315,2050_all,0
WA_W,316,2050_all,0
WA_W,317,2050_all,0
WA_W,318,2050_all,0
WA_W,319,2050_all,0
WA_W,320,2050_all,0
WA_W,321,2050_all,0
WA_W,322,2050_all,0
WA_W,323,2050_all,0
WA_W,324,2050_all,0
WA_W,325,2050_all,0
WA_W,326,2050_all,0
WA_W,327,2050_all,0
WA_W,328,2050_all,0
WA_W,329,2050_all,0
WA_W,330,2050_all,0
WA_W,331,2050_all,0
WA_W,332,2050_all,0
WA_W,333,2050_all,0
WA_W,334,2050_all,0
WA_W,335,2050_all,0
WA_W,336,2050_all,0
WA_W,337,2050_all,0
WA_W,338,2050_all,0
WA_W,339,2050_all,0
WA_W,340,2050_all,0
WA_W,341,2050_all,0
WA_W,342,2050_all,0
WA_W,343,2050_all,0
WA_W,344,2050_all,0
WA_W,345,2050_all,0
WA_W,346,2050_all,0
WA_W,347,2050_all,0
WA_W,348,2050_all,0
WA_W,349,2050_all,0
WA_W,350,2050_all,0
WA_W,351,2050_all,0
WA_W,352,2050_all,0
WA_W,353,2050_all,0
WA_W,354,2050_all,0
WA_W,355,2050_all,0
WA_W,356,2050_all,0
WA_W,357,2050_all,0
WA_W,358,2050_all,0
WA_W,359,2050_all,0
WA_W,360,2050_all,0
WA_W,361,2050_all,0
WA_W,362,2050_all,0
WA_W,363,2050_all,0
WA_W,364,2050_all,0
WA_W,365,2050_all,0
WY_NE,1,2050_all,0
WY_NE,2,2050_all,0
WY_NE,3,2050_all,0
WY_NE,4,2050_all,0
WY_NE,5,2050_all,0
WY_NE,6,2050_all,0
WY_NE,7,2050_all,0
WY_NE,8,2050_all,0
WY_NE,9,2050_all,0
WY_NE,10,2050_all,0
WY_NE,11,2050_all,0
WY_NE,12,2050_all,0
WY_NE,13,2050_all,0
WY_NE,14,2050_all,0
WY_NE,15,2050_all,0
WY_NE,16,2050_all,0
WY_NE,17,2050_all,0
WY_NE,18,2050_all,0
WY_NE,19,2050_all,0
WY_NE,20,2050_all,0
WY_NE,21,2050_all,0
WY_NE,22,2050_all,0
WY_NE,23,2050_all,0
WY_NE,24,2050_all,0
WY_NE,25,2050_all,0
WY_NE,26,2050_all,0
WY_NE,27,2050_all,0
WY_NE,28,2050_all,0
WY_NE,29,2050_all,0
WY_NE,30,2050_all,0
WY_NE,31,2050_all,0
WY_NE,32,2050_all,0
WY_NE,33,2050_all,0
WY_NE,34,2050_all,0
WY_NE,35,2050_all,0
WY_NE,36,2050_all,0
WY_NE,37,2050_all,0
WY_NE,38,2050_all,0
WY_NE,39,2050_all,0
WY_NE,40,2050_all,0
WY_NE,41,2050_all,0
WY_NE,42,2050_all,0
WY_NE,43,2050_all,0
WY_NE,44,2050_all,0
WY_NE,45,2050_all,0
WY_NE,46,2050_all,0
WY_NE,47,2050_all,0
WY_NE,48,2050_all,0
WY_NE,49,2050_all,0
WY_NE,50,2050_all,0
WY_NE,51,2050_all,0
WY_NE,52,2050_all,0
WY_NE,53,2050_all,0
WY_NE,54,2050_all,0
WY_NE,55,2050_all,0
WY_NE,56,2050_all,0
WY_NE,57,2050_all,0
WY_NE,58,2050_all,0
WY_NE,59,2050_all,0
WY_NE,60,2050_all,0
WY_NE,61,2050_all,0
WY_NE,62,2050_all,0
WY_NE,63,2050_all,0
WY_NE,64,2050_all,0
WY_NE,65,2050_all,0
WY_NE,66,2050_all,0
WY_NE,67,2050_all,0
WY_NE,68,2050_all,0
WY_NE,69,2050_all,0
WY_NE,70,2050_all,0
WY_NE,71,2050_all,0
WY_NE,72,2050_all,0
WY_NE,73,2050_all,0
WY_NE,74,2050_all,0
WY_NE,75,2050_all,0
WY_NE,76,2050_all,0
WY_NE,77,2050_all,0
WY_NE,78,2050_all,0
WY_NE,79,2050_all,0
WY_NE,80,2050_all,0
WY_NE,81,2050_all,0
WY_NE,82,2050_all,0
WY_NE,83,2050_all,0
WY_NE,84,2050_all,0
WY_NE,85,2050_all,0
WY_NE,86,2050_all,0
WY_NE,87,2050_all,0
WY_NE,88,2050_all,0
WY_NE,89,2050_all,0
WY_NE,90,2050_all,0
WY_NE,91,2050_all,0
WY_NE,92,2050_all,0
WY_NE,93,2050_all,0
WY_NE,94,2050_all,0
WY_NE,95,2050_all,0
WY_NE,96,2050_all,0
WY_NE,97,2050_all,0
WY_NE,98,2050_all,0
WY_NE,99,2050_all,0
WY_NE,100,2050_all,0
WY_NE,101,2050_all,0
WY_NE,102,2050_all,0
WY_NE,103,2050_all,0
WY_NE,104,2050_all,0
WY_NE,105,2050_all,0
WY_NE,106,2050_all,0
WY_NE,107,2050_all,0
WY_NE,108,2050_all,0
WY_NE,109,2050_all,0
WY_NE,110,2050_all,0
WY_NE,111,2050_all,0
WY_NE,112,2050_all,0
WY_NE,113,2050_all,0
WY_NE,114,2050_all,0
WY_NE,115,2050_all,0
WY_NE,116,2050_all,0
WY_NE,117,2050_all,0
WY_NE,118,2050_all,0
WY_NE,119,2050_all,0
WY_NE,120,2050_all,0
WY_NE,121,2050_all,0
WY_NE,122,2050_all,0
WY_NE,123,2050_all,0
WY_NE,124,2050_all,0
WY_NE,125,2050_all,0
WY_NE,126,2050_all,0
WY_NE,127,2050_all,0
WY_NE,128,2050_all,0
WY_NE,129,2050_all,0
WY_NE,130,2050_all,0
WY_NE,131,2050_all,0
WY_NE,132,2050_all,0
WY_NE,133,2050_all,0
WY_NE,134,2050_all,0
WY_NE,135,2050_all,0
WY_NE,136,2050_all,0
WY_NE,137,2050_all,0
WY_NE,138,2050_all,0
WY_NE,139,2050_all,0
WY_NE,140,2050_all,0
WY_NE,141,2050_all,0
WY_NE,142,2050_all,0
WY_NE,143,2050_all,0
WY_NE,144,2050_all,0
WY_NE,145,2050_all,0
WY_NE,146,2050_all,0
WY_NE,147,2050_all,0
WY_NE,148,2050_all,0
WY_NE,149,2050_all,0
WY_NE,150,2050_all,0
WY_NE,151,2050_all,0
WY_NE,152,2050_all,0
WY_NE,153,2050_all,0
WY_NE,154,2050_all,0
WY_NE,155,2050_all,0
WY_NE,156,2050_all,0
WY_NE,157,2050_all,0
WY_NE,158,2050_all,0
WY_NE,159,2050_all,0
WY_NE,160,2050_all,0
WY_NE,161,2050_all,0
WY_NE,162,2050_all,0
WY_NE,163,2050_all,0
WY_NE,164,2050_all,0
WY_NE,165,2050_all,0
WY_NE,166,2050_all,0
WY_NE,167,2050_all,0
WY_NE,168,2050_all,0
WY_NE,169,2050_all,0
WY_NE,170,2050_all,0
WY_NE,171,2050_all,0
WY_NE,172,2050_all,0
WY_NE,173,2050_all,0
WY_NE,174,2050_all,0
WY_NE,175,2050_all,0
WY_NE,176,2050_all,0
WY_NE,177,2050_all,0
WY_NE,178,2050_all,0
WY_NE,179,2050_all,0
WY_NE,180,2050_all,0
WY_NE,181,2050_all,0
WY_NE,182,2050_all,0
WY_NE,183,2050_all,0
WY_NE,184,2050_all,0
WY_NE,185,2050_all,0
WY_NE,186,2050_all,0
WY_NE,187,2050_all,0
WY_NE,188,2050_all,0
WY_NE,189,2050_all,0
WY_NE,190,2050_all,0
WY_NE,191,2050_all,0
WY_NE,192,2050_all,0
WY_NE,193,2050_all,0
WY_NE,194,2050_all,0
WY_NE,195,2050_all,0
WY_NE,196,2050_all,0
WY_NE,197,2050_all,0
WY_NE,198,2050_all,0
WY_NE,199,2050_all,0
WY_NE,200,2050_all,0
WY_NE,201,2050_all,0
WY_NE,202,2050_all,0
WY_NE,203,2050_all,0
WY_NE,204,2050_all,0
WY_NE,205,2050_all,0
WY_NE,206,2050_all,0
WY_NE,207,2050_all,0
WY_NE,208,2050_all,0
WY_NE,209,2050_all,0
WY_NE,210,2050_all,0
WY_NE,211,2050_all,0
WY_NE,212,2050_all,0
WY_NE,213,2050_all,0
WY_NE,214,2050_all,0
WY_NE,215,2050_all,0
WY_NE,216,2050_all,0
WY_NE,217,2050_all,0
WY_NE,218,2050_all,0
WY_NE,219,2050_all,0
WY_NE,220,2050_all,0
WY_NE,221,2050_all,0
WY_NE,222,2050_all,0
WY_NE,223,2050_all,0
WY_NE,224,2050_all,0
WY_NE,225,2050_all,0
WY_NE,226,2050_all,0
WY_NE,227,2050_all,0
WY_NE,228,2050_all,0
WY_NE,229,2050_all,0
WY_NE,230,2050_all,0
WY_NE,231,2050_all,0
WY_NE,232,2050_all,0
WY_NE,233,2050_all,0
WY_NE,234,2050_all,0
WY_NE,235,2050_all,0
WY_NE,236,2050_all,0
WY_NE,237,2050_all,0
WY_NE,238,2050_all,0
WY_NE,239,2050_all,0
WY_NE,240,2050_all,0
WY_NE,241,2050_all,0
WY_NE,242,2050_all,0
WY_NE,243,2050_all,0
WY_NE,244,2050_all,0
WY_NE,245,2050_all,0
WY_NE,246,2050_all,0
WY_NE,247,2050_all,0
WY_NE,248,2050_all,0
WY_NE,249,2050_all,0
WY_NE,250,2050_all,0
WY_NE,251,2050_all,0
WY_NE,252,2050_all,0
WY_NE,253,2050_all,0
WY_NE,254,2050_all,0
WY_NE,255,2050_all,0
WY_NE,256,2050_all,0
WY_NE,257,2050_all,0
WY_NE,258,2050_all,0
WY_NE,259,2050_all,0
WY_NE,260,2050_all,0
WY_NE,261,2050_all,0
WY_NE,262,2050_all,0
WY_NE,263,2050_all,0
WY_NE,264,2050_all,0
WY_NE,265,2050_all,0
WY_NE,266,2050_all,0
WY_NE,267,2050_all,0
WY_NE,268,2050_all,0
WY_NE,269,2050_all,0
WY_NE,270,2050_all,0
WY_NE,271,2050_all,0
WY_NE,272,2050_all,0
WY_NE,273,2050_all,0
WY_NE,274,2050_all,0
WY_NE,275,2050_all,0
WY_NE,276,2050_all,0
WY_NE,277,2050_all,0
WY_NE,278,2050_all,0
WY_NE,279,2050_all,0
WY_NE,280,2050_all,0
WY_NE,281,2050_all,0
WY_NE,282,2050_all,0
WY_NE,283,2050_all,0
WY_NE,284,2050_all,0
WY_NE,285,2050_all,0
WY_NE,286,2050_all,0
WY_NE,287,2050_all,0
WY_NE,288,2050_all,0
WY_NE,289,2050_all,0
WY_NE,290,2050_all,0
WY_NE,291,2050_all,0
WY_NE,292,2050_all,0
WY_NE,293,2050_all,0
WY_NE,294,2050_all,0
WY_NE,295,2050_all,0
WY_NE,296,2050_all,0
WY_NE,297,2050_all,0
WY_NE,298,2050_all,0
WY_NE,299,2050_all,0
WY_NE,300,2050_all,0
WY_NE,301,2050_all,0
WY_NE,302,2050_all,0
WY_NE,303,2050_all,0
WY_NE,304,2050_all,0
WY_NE,305,2050_all,0
WY_NE,306,2050_all,0
WY_NE,307,2050_all,0
WY_NE,308,2050_all,0
WY_NE,309,2050_all,0
WY_NE,310,2050_all,0
WY_NE,311,2050_all,0
WY_NE,312,2050_all,0
WY_NE,313,2050_all,0
WY_NE,314,2050_all,0
WY_NE,315,2050_all,0
WY_NE,316,2050_all,0
WY_NE,317,2050_all,0
WY_NE,318,2050_all,0
WY_NE,319,2050_all,0
WY_NE,320,2050_all,0
WY_NE,321,2050_all,0
WY_NE,322,2050_all,0
WY_NE,323,2050_all,0
WY_NE,324,2050_all,0
WY_NE,325,2050_all,0
WY_NE,326,2050_all,0
WY_NE,327,2050_all,0
WY_NE,328,2050_all,0
WY_NE,329,2050_all,0
WY_NE,330,2050_all,0
WY_NE,331,2050_all,0
WY_NE,332,2050_all,0
WY_NE,333,2050_all,0
WY_NE,334,2050_all,0
WY_NE,335,2050_all,0
WY_NE,336,2050_all,0
WY_NE,337,2050_all,0
WY_NE,338,2050_all,0
WY_NE,339,2050_all,0
WY_NE,340,2050_all,0
WY_NE,341,2050_all,0
WY_NE,342,2050_all,0
WY_NE,343,2050_all,0
WY_NE,344,2050_all,0
WY_NE,345,2050_all,0
WY_NE,346,2050_all,0
WY_NE,347,2050_all,0
WY_NE,348,2050_all,0
WY_NE,349,2050_all,0
WY_NE,350,2050_all,0
WY_NE,351,2050_all,0
WY_NE,352,2050_all,0
WY_NE,353,2050_all,0
WY_NE,354,2050_all,0
WY_NE,355,2050_all,0
WY_NE,356,2050_all,0
WY_NE,357,2050_all,0
WY_NE,358,2050_all,0
WY_NE,359,2050_all,0
WY_NE,360,2050_all,0
WY_NE,361,2050_all,0
WY_NE,362,2050_all,0
WY_NE,363,2050_all,0
WY_NE,364,2050_all,0
WY_NE,365,2050_all,0
WY_NW,1,2050_all,0
WY_NW,2,2050_all,0
WY_NW,3,2050_all,0
WY_NW,4,2050_all,0
WY_NW,5,2050_all,0
WY_NW,6,2050_all,0
WY_NW,7,2050_all,0
WY_NW,8,2050_all,0
WY_NW,9,2050_all,0
WY_NW,10,2050_all,0
WY_NW,11,2050_all,0
WY_NW,12,2050_all,0
WY_NW,13,2050_all,0
WY_NW,14,2050_all,0
WY_NW,15,2050_all,0
WY_NW,16,2050_all,0
WY_NW,17,2050_all,0
WY_NW,18,2050_all,0
WY_NW,19,2050_all,0
WY_NW,20,2050_all,0
WY_NW,21,2050_all,0
WY_NW,22,2050_all,0
WY_NW,23,2050_all,0
WY_NW,24,2050_all,0
WY_NW,25,2050_all,0
WY_NW,26,2050_all,0
WY_NW,27,2050_all,0
WY_NW,28,2050_all,0
WY_NW,29,2050_all,0
WY_NW,30,2050_all,0
WY_NW,31,2050_all,0
WY_NW,32,2050_all,0
WY_NW,33,2050_all,0
WY_NW,34,2050_all,0
WY_NW,35,2050_all,0
WY_NW,36,2050_all,0
WY_NW,37,2050_all,0
WY_NW,38,2050_all,0
WY_NW,39,2050_all,0
WY_NW,40,2050_all,0
WY_NW,41,2050_all,0
WY_NW,42,2050_all,0
WY_NW,43,2050_all,0
WY_NW,44,2050_all,0
WY_NW,45,2050_all,0
WY_NW,46,2050_all,0
WY_NW,47,2050_all,0
WY_NW,48,2050_all,0
WY_NW,49,2050_all,0
WY_NW,50,2050_all,0
WY_NW,51,2050_all,0
WY_NW,52,2050_all,0
WY_NW,53,2050_all,0
WY_NW,54,2050_all,0
WY_NW,55,2050_all,0
WY_NW,56,2050_all,0
WY_NW,57,2050_all,0
WY_NW,58,2050_all,0
WY_NW,59,2050_all,0
WY_NW,60,2050_all,0
WY_NW,61,2050_all,0
WY_NW,62,2050_all,0
WY_NW,63,2050_all,0
WY_NW,64,2050_all,0
WY_NW,65,2050_all,0
WY_NW,66,2050_all,0
WY_NW,67,2050_all,0
WY_NW,68,2050_all,0
WY_NW,69,2050_all,0
WY_NW,70,2050_all,0
WY_NW,71,2050_all,0
WY_NW,72,2050_all,0
WY_NW,73,2050_all,0
WY_NW,74,2050_all,0
WY_NW,75,2050_all,0
WY_NW,76,2050_all,0
WY_NW,77,2050_all,0
WY_NW,78,2050_all,0
WY_NW,79,2050_all,0
WY_NW,80,2050_all,0
WY_NW,81,2050_all,0
WY_NW,82,2050_all,0
WY_NW,83,2050_all,0
WY_NW,84,2050_all,0
WY_NW,85,2050_all,0
WY_NW,86,2050_all,0
WY_NW,87,2050_all,0
WY_NW,88,2050_all,0
WY_NW,89,2050_all,0
WY_NW,90,2050_all,0
WY_NW,91,2050_all,0
WY_NW,92,2050_all,0
WY_NW,93,2050_all,0
WY_NW,94,2050_all,0
WY_NW,95,2050_all,0
WY_NW,96,2050_all,0
WY_NW,97,2050_all,0
WY_NW,98,2050_all,0
WY_NW,99,2050_all,0
WY_NW,100,2050_all,0
WY_NW,101,2050_all,0
WY_NW,102,2050_all,0
WY_NW,103,2050_all,0
WY_NW,104,2050_all,0
WY_NW,105,2050_all,0
WY_NW,106,2050_all,0
WY_NW,107,2050_all,0
WY_NW,108,2050_all,0
WY_NW,109,2050_all,0
WY_NW,110,2050_all,0
WY_NW,111,2050_all,0
WY_NW,112,2050_all,0
WY_NW,113,2050_all,0
WY_NW,114,2050_all,0
WY_NW,115,2050_all,0
WY_NW,116,2050_all,0
WY_NW,117,2050_all,0
WY_NW,118,2050_all,0
WY_NW,119,2050_all,0
WY_NW,120,2050_all,0
WY_NW,121,2050_all,0
WY_NW,122,2050_all,0
WY_NW,123,2050_all,0
WY_NW,124,2050_all,0
WY_NW,125,2050_all,0
WY_NW,126,2050_all,0
WY_NW,127,2050_all,0
WY_NW,128,2050_all,0
WY_NW,129,2050_all,0
WY_NW,130,2050_all,0
WY_NW,131,2050_all,0
WY_NW,132,2050_all,0
WY_NW,133,2050_all,0
WY_NW,134,2050_all,0
WY_NW,135,2050_all,0
WY_NW,136,2050_all,0
WY_NW,137,2050_all,0
WY_NW,138,2050_all,0
WY_NW,139,2050_all,0
WY_NW,140,2050_all,0
WY_NW,141,2050_all,0
WY_NW,142,2050_all,0
WY_NW,143,2050_all,0
WY_NW,144,2050_all,0
WY_NW,145,2050_all,0
WY_NW,146,2050_all,0
WY_NW,147,2050_all,0
WY_NW,148,2050_all,0
WY_NW,149,2050_all,0
WY_NW,150,2050_all,0
WY_NW,151,2050_all,0
WY_NW,152,2050_all,0
WY_NW,153,2050_all,0
WY_NW,154,2050_all,0
WY_NW,155,2050_all,0
WY_NW,156,2050_all,0
WY_NW,157,2050_all,0
WY_NW,158,2050_all,0
WY_NW,159,2050_all,0
WY_NW,160,2050_all,0
WY_NW,161,2050_all,0
WY_NW,162,2050_all,0
WY_NW,163,2050_all,0
WY_NW,164,2050_all,0
WY_NW,165,2050_all,0
WY_NW,166,2050_all,0
WY_NW,167,2050_all,0
WY_NW,168,2050_all,0
WY_NW,169,2050_all,0
WY_NW,170,2050_all,0
WY_NW,171,2050_all,0
WY_NW,172,2050_all,0
WY_NW,173,2050_all,0
WY_NW,174,2050_all,0
WY_NW,175,2050_all,0
WY_NW,176,2050_all,0
WY_NW,177,2050_all,0
WY_NW,178,2050_all,0
WY_NW,179,2050_all,0
WY_NW,180,2050_all,0
WY_NW,181,2050_all,0
WY_NW,182,2050_all,0
WY_NW,183,2050_all,0
WY_NW,184,2050_all,0
WY_NW,185,2050_all,0
WY_NW,186,2050_all,0
WY_NW,187,2050_all,0
WY_NW,188,2050_all,0
WY_NW,189,2050_all,0
WY_NW,190,2050_all,0
WY_NW,191,2050_all,0
WY_NW,192,2050_all,0
WY_NW,193,2050_all,0
WY_NW,194,2050_all,0
WY_NW,195,2050_all,0
WY_NW,196,2050_all,0
WY_NW,197,2050_all,0
WY_NW,198,2050_all,0
WY_NW,199,2050_all,0
WY_NW,200,2050_all,0
WY_NW,201,2050_all,0
WY_NW,202,2050_all,0
WY_NW,203,2050_all,0
WY_NW,204,2050_all,0
WY_NW,205,2050_all,0
WY_NW,206,2050_all,0
WY_NW,207,2050_all,0
WY_NW,208,2050_all,0
WY_NW,209,2050_all,0
WY_NW,210,2050_all,0
WY_NW,211,2050_all,0
WY_NW,212,2050_all,0
WY_NW,213,2050_all,0
WY_NW,214,2050_all,0
WY_NW,215,2050_all,0
WY_NW,216,2050_all,0
WY_NW,217,2050_all,0
WY_NW,218,2050_all,0
WY_NW,219,2050_all,0
WY_NW,220,2050_all,0
WY_NW,221,2050_all,0
WY_NW,222,2050_all,0
WY_NW,223,2050_all,0
WY_NW,224,2050_all,0
WY_NW,225,2050_all,0
WY_NW,226,2050_all,0
WY_NW,227,2050_all,0
WY_NW,228,2050_all,0
WY_NW,229,2050_all,0
WY_NW,230,2050_all,0
WY_NW,231,2050_all,0
WY_NW,232,2050_all,0
WY_NW,233,2050_all,0
WY_NW,234,2050_all,0
WY_NW,235,2050_all,0
WY_NW,236,2050_all,0
WY_NW,237,2050_all,0
WY_NW,238,2050_all,0
WY_NW,239,2050_all,0
WY_NW,240,2050_all,0
WY_NW,241,2050_all,0
WY_NW,242,2050_all,0
WY_NW,243,2050_all,0
WY_NW,244,2050_all,0
WY_NW,245,2050_all,0
WY_NW,246,2050_all,0
WY_NW,247,2050_all,0
WY_NW,248,2050_all,0
WY_NW,249,2050_all,0
WY_NW,250,2050_all,0
WY_NW,251,2050_all,0
WY_NW,252,2050_all,0
WY_NW,253,2050_all,0
WY_NW,254,2050_all,0
WY_NW,255,2050_all,0
WY_NW,256,2050_all,0
WY_NW,257,2050_all,0
WY_NW,258,2050_all,0
WY_NW,259,2050_all,0
WY_NW,260,2050_all,0
WY_NW,261,2050_all,0
WY_NW,262,2050_all,0
WY_NW,263,2050_all,0
WY_NW,264,2050_all,0
WY_NW,265,2050_all,0
WY_NW,266,2050_all,0
WY_NW,267,2050_all,0
WY_NW,268,2050_all,0
WY_NW,269,2050_all,0
WY_NW,270,2050_all,0
WY_NW,271,2050_all,0
WY_NW,272,2050_all,0
WY_NW,273,2050_all,0
WY_NW,274,2050_all,0
WY_NW,275,2050_all,0
WY_NW,276,2050_all,0
WY_NW,277,2050_all,0
WY_NW,278,2050_all,0
WY_NW,279,2050_all,0
WY_NW,280,2050_all,0
WY_NW,281,2050_all,0
WY_NW,282,2050_all,0
WY_NW,283,2050_all,0
WY_NW,284,2050_all,0
WY_NW,285,2050_all,0
WY_NW,286,2050_all,0
WY_NW,287,2050_all,0
WY_NW,288,2050_all,0
WY_NW,289,2050_all,0
WY_NW,290,2050_all,0
WY_NW,291,2050_all,0
WY_NW,292,2050_all,0
WY_NW,293,2050_all,0
WY_NW,294,2050_all,0
WY_NW,295,2050_all,0
WY_NW,296,2050_all,0
WY_NW,297,2050_all,0
WY_NW,298,2050_all,0
WY_NW,299,2050_all,0
WY_NW,300,2050_all,0
WY_NW,301,2050_all,0
WY_NW,302,2050_all,0
WY_NW,303,2050_all,0
WY_NW,304,2050_all,0
WY_NW,305,2050_all,0
WY_NW,306,2050_all,0
WY_NW,307,2050_all,0
WY_NW,308,2050_all,0
WY_NW,309,2050_all,0
WY_NW,310,2050_all,0
WY_NW,311,2050_all,0
WY_NW,312,2050_all,0
WY_NW,313,2050_all,0
WY_NW,314,2050_all,0
WY_NW,315,2050_all,0
WY_NW,316,2050_all,0
WY_NW,317,2050_all,0
WY_NW,318,2050_all,0
WY_NW,319,2050_all,0
WY_NW,320,2050_all,0
WY_NW,321,2050_all,0
WY_NW,322,2050_all,0
WY_NW,323,2050_all,0
WY_NW,324,2050_all,0
WY_NW,325,2050_all,0
WY_NW,326,2050_all,0
WY_NW,327,2050_all,0
WY_NW,328,2050_all,0
WY_NW,329,2050_all,0
WY_NW,330,2050_all,0
WY_NW,331,2050_all,0
WY_NW,332,2050_all,0
WY_NW,333,2050_all,0
WY_NW,334,2050_all,0
WY_NW,335,2050_all,0
WY_NW,336,2050_all,0
WY_NW,337,2050_all,0
WY_NW,338,2050_all,0
WY_NW,339,2050_all,0
WY_NW,340,2050_all,0
WY_NW,341,2050_all,0
WY_NW,342,2050_all,0
WY_NW,343,2050_all,0
WY_NW,344,2050_all,0
WY_NW,345,2050_all,0
WY_NW,346,2050_all,0
WY_NW,347,2050_all,0
WY_NW,348,2050_all,0
WY_NW,349,2050_all,0
WY_NW,350,2050_all,0
WY_NW,351,2050_all,0
WY_NW,352,2050_all,0
WY_NW,353,2050_all,0
WY_NW,354,2050_all,0
WY_NW,355,2050_all,0
WY_NW,356,2050_all,0
WY_NW,357,2050_all,0
WY_NW,358,2050_all,0
WY_NW,359,2050_all,0
WY_NW,360,2050_all,0
WY_NW,361,2050_all,0
WY_NW,362,2050_all,0
WY_NW,363,2050_all,0
WY_NW,364,2050_all,0
WY_NW,365,2050_all,0
WY_SE,1,2050_all,0
WY_SE,2,2050_all,0
WY_SE,3,2050_all,0
WY_SE,4,2050_all,0
WY_SE,5,2050_all,0
WY_SE,6,2050_all,0
WY_SE,7,2050_all,0
WY_SE,8,2050_all,0
WY_SE,9,2050_all,0
WY_SE,10,2050_all,0
WY_SE,11,2050_all,0
WY_SE,12,2050_all,0
WY_SE,13,2050_all,0
WY_SE,14,2050_all,0
WY_SE,15,2050_all,0
WY_SE,16,2050_all,0
WY_SE,17,2050_all,0
WY_SE,18,2050_all,0
WY_SE,19,2050_all,0
WY_SE,20,2050_all,0
WY_SE,21,2050_all,0
WY_SE,22,2050_all,0
WY_SE,23,2050_all,0
WY_SE,24,2050_all,0
WY_SE,25,2050_all,0
WY_SE,26,2050_all,0
WY_SE,27,2050_all,0
WY_SE,28,2050_all,0
WY_SE,29,2050_all,0
WY_SE,30,2050_all,0
WY_SE,31,2050_all,0
WY_SE,32,2050_all,0
WY_SE,33,2050_all,0
WY_SE,34,2050_all,0
WY_SE,35,2050_all,0
WY_SE,36,2050_all,0
WY_SE,37,2050_all,0
WY_SE,38,2050_all,0
WY_SE,39,2050_all,0
WY_SE,40,2050_all,0
WY_SE,41,2050_all,0
WY_SE,42,2050_all,0
WY_SE,43,2050_all,0
WY_SE,44,2050_all,0
WY_SE,45,2050_all,0
WY_SE,46,2050_all,0
WY_SE,47,2050_all,0
WY_SE,48,2050_all,0
WY_SE,49,2050_all,0
WY_SE,50,2050_all,0
WY_SE,51,2050_all,0
WY_SE,52,2050_all,0
WY_SE,53,2050_all,0
WY_SE,54,2050_all,0
WY_SE,55,2050_all,0
WY_SE,56,2050_all,0
WY_SE,57,2050_all,0
WY_SE,58,2050_all,0
WY_SE,59,2050_all,0
WY_SE,60,2050_all,0
WY_SE,61,2050_all,0
WY_SE,62,2050_all,0
WY_SE,63,2050_all,0
WY_SE,64,2050_all,0
WY_SE,65,2050_all,0
WY_SE,66,2050_all,0
WY_SE,67,2050_all,0
WY_SE,68,2050_all,0
WY_SE,69,2050_all,0
WY_SE,70,2050_all,0
WY_SE,71,2050_all,0
WY_SE,72,2050_all,0
WY_SE,73,2050_all,0
WY_SE,74,2050_all,0
WY_SE,75,2050_all,0
WY_SE,76,2050_all,0
WY_SE,77,2050_all,0
WY_SE,78,2050_all,0
WY_SE,79,2050_all,0
WY_SE,80,2050_all,0
WY_SE,81,2050_all,0
WY_SE,82,2050_all,0
WY_SE,83,2050_all,0
WY_SE,84,2050_all,0
WY_SE,85,2050_all,0
WY_SE,86,2050_all,0
WY_SE,87,2050_all,0
WY_SE,88,2050_all,0
WY_SE,89,2050_all,0
WY_SE,90,2050_all,0
WY_SE,91,2050_all,0
WY_SE,92,2050_all,0
WY_SE,93,2050_all,0
WY_SE,94,2050_all,0
WY_SE,95,2050_all,0
WY_SE,96,2050_all,0
WY_SE,97,2050_all,0
WY_SE,98,2050_all,0
WY_SE,99,2050_all,0
WY_SE,100,2050_all,0
WY_SE,101,2050_all,0
WY_SE,102,2050_all,0
WY_SE,103,2050_all,0
WY_SE,104,2050_all,0
WY_SE,105,2050_all,0
WY_SE,106,2050_all,0
WY_SE,107,2050_all,0
WY_SE,108,2050_all,0
WY_SE,109,2050_all,0
WY_SE,110,2050_all,0
WY_SE,111,2050_all,0
WY_SE,112,2050_all,0
WY_SE,113,2050_all,0
WY_SE,114,2050_all,0
WY_SE,115,2050_all,0
WY_SE,116,2050_all,0
WY_SE,117,2050_all,0
WY_SE,118,2050_all,0
WY_SE,119,2050_all,0
WY_SE,120,2050_all,0
WY_SE,121,2050_all,0
WY_SE,122,2050_all,0
WY_SE,123,2050_all,0
WY_SE,124,2050_all,0
WY_SE,125,2050_all,0
WY_SE,126,2050_all,0
WY_SE,127,2050_all,0
WY_SE,128,2050_all,0
WY_SE,129,2050_all,0
WY_SE,130,2050_all,0
WY_SE,131,2050_all,0
WY_SE,132,2050_all,0
WY_SE,133,2050_all,0
WY_SE,134,2050_all,0
WY_SE,135,2050_all,0
WY_SE,136,2050_all,0
WY_SE,137,2050_all,0
WY_SE,138,2050_all,0
WY_SE,139,2050_all,0
WY_SE,140,2050_all,0
WY_SE,141,2050_all,0
WY_SE,142,2050_all,0
WY_SE,143,2050_all,0
WY_SE,144,2050_all,0
WY_SE,145,2050_all,0
WY_SE,146,2050_all,0
WY_SE,147,2050_all,0
WY_SE,148,2050_all,0
WY_SE,149,2050_all,0
WY_SE,150,2050_all,0
WY_SE,151,2050_all,0
WY_SE,152,2050_all,0
WY_SE,153,2050_all,0
WY_SE,154,2050_all,0
WY_SE,155,2050_all,0
WY_SE,156,2050_all,0
WY_SE,157,2050_all,0
WY_SE,158,2050_all,0
WY_SE,159,2050_all,0
WY_SE,160,2050_all,0
WY_SE,161,2050_all,0
WY_SE,162,2050_all,0
WY_SE,163,2050_all,0
WY_SE,164,2050_all,0
WY_SE,165,2050_all,0
WY_SE,166,2050_all,0
WY_SE,167,2050_all,0
WY_SE,168,2050_all,0
WY_SE,169,2050_all,0
WY_SE,170,2050_all,0
WY_SE,171,2050_all,0
WY_SE,172,2050_all,0
WY_SE,173,2050_all,0
WY_SE,174,2050_all,0
WY_SE,175,2050_all,0
WY_SE,176,2050_all,0
WY_SE,177,2050_all,0
WY_SE,178,2050_all,0
WY_SE,179,2050_all,0
WY_SE,180,2050_all,0
WY_SE,181,2050_all,0
WY_SE,182,2050_all,0
WY_SE,183,2050_all,0
WY_SE,184,2050_all,0
WY_SE,185,2050_all,0
WY_SE,186,2050_all,0
WY_SE,187,2050_all,0
WY_SE,188,2050_all,0
WY_SE,189,2050_all,0
WY_SE,190,2050_all,0
WY_SE,191,2050_all,0
WY_SE,192,2050_all,0
WY_SE,193,2050_all,0
WY_SE,194,2050_all,0
WY_SE,195,2050_all,0
WY_SE,196,2050_all,0
WY_SE,197,2050_all,0
WY_SE,198,2050_all,0
WY_SE,199,2050_all,0
WY_SE,200,2050_all,0
WY_SE,201,2050_all,0
WY_SE,202,2050_all,0
WY_SE,203,2050_all,0
WY_SE,204,2050_all,0
WY_SE,205,2050_all,0
WY_SE,206,2050_all,0
WY_SE,207,2050_all,0
WY_SE,208,2050_all,0
WY_SE,209,2050_all,0
WY_SE,210,2050_all,0
WY_SE,211,2050_all,0
WY_SE,212,2050_all,0
WY_SE,213,2050_all,0
WY_SE,214,2050_all,0
WY_SE,215,2050_all,0
WY_SE,216,2050_all,0
WY_SE,217,2050_all,0
WY_SE,218,2050_all,0
WY_SE,219,2050_all,0
WY_SE,220,2050_all,0
WY_SE,221,2050_all,0
WY_SE,222,2050_all,0
WY_SE,223,2050_all,0
WY_SE,224,2050_all,0
WY_SE,225,2050_all,0
WY_SE,226,2050_all,0
WY_SE,227,2050_all,0
WY_SE,228,2050_all,0
WY_SE,229,2050_all,0
WY_SE,230,2050_all,0
WY_SE,231,2050_all,0
WY_SE,232,2050_all,0
WY_SE,233,2050_all,0
WY_SE,234,2050_all,0
WY_SE,235,2050_all,0
WY_SE,236,2050_all,0
WY_SE,237,2050_all,0
WY_SE,238,2050_all,0
WY_SE,239,2050_all,0
WY_SE,240,2050_all,0
WY_SE,241,2050_all,0
WY_SE,242,2050_all,0
WY_SE,243,2050_all,0
WY_SE,244,2050_all,0
WY_SE,245,2050_all,0
WY_SE,246,2050_all,0
WY_SE,247,2050_all,0
WY_SE,248,2050_all,0
WY_SE,249,2050_all,0
WY_SE,250,2050_all,0
WY_SE,251,2050_all,0
WY_SE,252,2050_all,0
WY_SE,253,2050_all,0
WY_SE,254,2050_all,0
WY_SE,255,2050_all,0
WY_SE,256,2050_all,0
WY_SE,257,2050_all,0
WY_SE,258,2050_all,0
WY_SE,259,2050_all,0
WY_SE,260,2050_all,0
WY_SE,261,2050_all,0
WY_SE,262,2050_all,0
WY_SE,263,2050_all,0
WY_SE,264,2050_all,0
WY_SE,265,2050_all,0
WY_SE,266,2050_all,0
WY_SE,267,2050_all,0
WY_SE,268,2050_all,0
WY_SE,269,2050_all,0
WY_SE,270,2050_all,0
WY_SE,271,2050_all,0
WY_SE,272,2050_all,0
WY_SE,273,2050_all,0
WY_SE,274,2050_all,0
WY_SE,275,2050_all,0
WY_SE,276,2050_all,0
WY_SE,277,2050_all,0
WY_SE,278,2050_all,0
WY_SE,279,2050_all,0
WY_SE,280,2050_all,0
WY_SE,281,2050_all,0
WY_SE,282,2050_all,0
WY_SE,283,2050_all,0
WY_SE,284,2050_all,0
WY_SE,285,2050_all,0
WY_SE,286,2050_all,0
WY_SE,287,2050_all,0
WY_SE,288,2050_all,0
WY_SE,289,2050_all,0
WY_SE,290,2050_all,0
WY_SE,291,2050_all,0
WY_SE,292,2050_all,0
WY_SE,293,2050_all,0
WY_SE,294,2050_all,0
WY_SE,295,2050_all,0
WY_SE,296,2050_all,0
WY_SE,297,2050_all,0
WY_SE,298,2050_all,0
WY_SE,299,2050_all,0
WY_SE,300,2050_all,0
WY_SE,301,2050_all,0
WY_SE,302,2050_all,0
WY_SE,303,2050_all,0
WY_SE,304,2050_all,0
WY_SE,305,2050_all,0
WY_SE,306,2050_all,0
WY_SE,307,2050_all,0
WY_SE,308,2050_all,0
WY_SE,309,2050_all,0
WY_SE,310,2050_all,0
WY_SE,311,2050_all,0
WY_SE,312,2050_all,0
WY_SE,313,2050_all,0
WY_SE,314,2050_all,0
WY_SE,315,2050_all,0
WY_SE,316,2050_all,0
WY_SE,317,2050_all,0
WY_SE,318,2050_all,0
WY_SE,319,2050_all,0
WY_SE,320,2050_all,0
WY_SE,321,2050_all,0
WY_SE,322,2050_all,0
WY_SE,323,2050_all,0
WY_SE,324,2050_all,0
WY_SE,325,2050_all,0
WY_SE,326,2050_all,0
WY_SE,327,2050_all,0
WY_SE,328,2050_all,0
WY_SE,329,2050_all,0
WY_SE,330,2050_all,0
WY_SE,331,2050_all,0
WY_SE,332,2050_all,0
WY_SE,333,2050_all,0
WY_SE,334,2050_all,0
WY_SE,335,2050_all,0
WY_SE,336,2050_all,0
WY_SE,337,2050_all,0
WY_SE,338,2050_all,0
WY_SE,339,2050_all,0
WY_SE,340,2050_all,0
WY_SE,341,2050_all,0
WY_SE,342,2050_all,0
WY_SE,343,2050_all,0
WY_SE,344,2050_all,0
WY_SE,345,2050_all,0
WY_SE,346,2050_all,0
WY_SE,347,2050_all,0
WY_SE,348,2050_all,0
WY_SE,349,2050_all,0
WY_SE,350,2050_all,0
WY_SE,351,2050_all,0
WY_SE,352,2050_all,0
WY_SE,353,2050_all,0
WY_SE,354,2050_all,0
WY_SE,355,2050_all,0
WY_SE,356,2050_all,0
WY_SE,357,2050_all,0
WY_SE,358,2050_all,0
WY_SE,359,2050_all,0
WY_SE,360,2050_all,0
WY_SE,361,2050_all,0
WY_SE,362,2050_all,0
WY_SE,363,2050_all,0
WY_SE,364,2050_all,0
WY_SE,365,2050_all,0
WY_SW,1,2050_all,0
WY_SW,2,2050_all,0
WY_SW,3,2050_all,0
WY_SW,4,2050_all,0
WY_SW,5,2050_all,0
WY_SW,6,2050_all,0
WY_SW,7,2050_all,0
WY_SW,8,2050_all,0
WY_SW,9,2050_all,0
WY_SW,10,2050_all,0
WY_SW,11,2050_all,0
WY_SW,12,2050_all,0
WY_SW,13,2050_all,0
WY_SW,14,2050_all,0
WY_SW,15,2050_all,0
WY_SW,16,2050_all,0
WY_SW,17,2050_all,0
WY_SW,18,2050_all,0
WY_SW,19,2050_all,0
WY_SW,20,2050_all,0
WY_SW,21,2050_all,0
WY_SW,22,2050_all,0
WY_SW,23,2050_all,0
WY_SW,24,2050_all,0
WY_SW,25,2050_all,0
WY_SW,26,2050_all,0
WY_SW,27,2050_all,0
WY_SW,28,2050_all,0
WY_SW,29,2050_all,0
WY_SW,30,2050_all,0
WY_SW,31,2050_all,0
WY_SW,32,2050_all,0
WY_SW,33,2050_all,0
WY_SW,34,2050_all,0
WY_SW,35,2050_all,0
WY_SW,36,2050_all,0
WY_SW,37,2050_all,0
WY_SW,38,2050_all,0
WY_SW,39,2050_all,0
WY_SW,40,2050_all,0
WY_SW,41,2050_all,0
WY_SW,42,2050_all,0
WY_SW,43,2050_all,0
WY_SW,44,2050_all,0
WY_SW,45,2050_all,0
WY_SW,46,2050_all,0
WY_SW,47,2050_all,0
WY_SW,48,2050_all,0
WY_SW,49,2050_all,0
WY_SW,50,2050_all,0
WY_SW,51,2050_all,0
WY_SW,52,2050_all,0
WY_SW,53,2050_all,0
WY_SW,54,2050_all,0
WY_SW,55,2050_all,0
WY_SW,56,2050_all,0
WY_SW,57,2050_all,0
WY_SW,58,2050_all,0
WY_SW,59,2050_all,0
WY_SW,60,2050_all,0
WY_SW,61,2050_all,0
WY_SW,62,2050_all,0
WY_SW,63,2050_all,0
WY_SW,64,2050_all,0
WY_SW,65,2050_all,0
WY_SW,66,2050_all,0
WY_SW,67,2050_all,0
WY_SW,68,2050_all,0
WY_SW,69,2050_all,0
WY_SW,70,2050_all,0
WY_SW,71,2050_all,0
WY_SW,72,2050_all,0
WY_SW,73,2050_all,0
WY_SW,74,2050_all,0
WY_SW,75,2050_all,0
WY_SW,76,2050_all,0
WY_SW,77,2050_all,0
WY_SW,78,2050_all,0
WY_SW,79,2050_all,0
WY_SW,80,2050_all,0
WY_SW,81,2050_all,0
WY_SW,82,2050_all,0
WY_SW,83,2050_all,0
WY_SW,84,2050_all,0
WY_SW,85,2050_all,0
WY_SW,86,2050_all,0
WY_SW,87,2050_all,0
WY_SW,88,2050_all,0
WY_SW,89,2050_all,0
WY_SW,90,2050_all,0
WY_SW,91,2050_all,0
WY_SW,92,2050_all,0
WY_SW,93,2050_all,0
WY_SW,94,2050_all,0
WY_SW,95,2050_all,0
WY_SW,96,2050_all,0
WY_SW,97,2050_all,0
WY_SW,98,2050_all,0
WY_SW,99,2050_all,0
WY_SW,100,2050_all,0
WY_SW,101,2050_all,0
WY_SW,102,2050_all,0
WY_SW,103,2050_all,0
WY_SW,104,2050_all,0
WY_SW,105,2050_all,0
WY_SW,106,2050_all,0
WY_SW,107,2050_all,0
WY_SW,108,2050_all,0
WY_SW,109,2050_all,0
WY_SW,110,2050_all,0
WY_SW,111,2050_all,0
WY_SW,112,2050_all,0
WY_SW,113,2050_all,0
WY_SW,114,2050_all,0
WY_SW,115,2050_all,0
WY_SW,116,2050_all,0
WY_SW,117,2050_all,0
WY_SW,118,2050_all,0
WY_SW,119,2050_all,0
WY_SW,120,2050_all,0
WY_SW,121,2050_all,0
WY_SW,122,2050_all,0
WY_SW,123,2050_all,0
WY_SW,124,2050_all,0
WY_SW,125,2050_all,0
WY_SW,126,2050_all,0
WY_SW,127,2050_all,0
WY_SW,128,2050_all,0
WY_SW,129,2050_all,0
WY_SW,130,2050_all,0
WY_SW,131,2050_all,0
WY_SW,132,2050_all,0
WY_SW,133,2050_all,0
WY_SW,134,2050_all,0
WY_SW,135,2050_all,0
WY_SW,136,2050_all,0
WY_SW,137,2050_all,0
WY_SW,138,2050_all,0
WY_SW,139,2050_all,0
WY_SW,140,2050_all,0
WY_SW,141,2050_all,0
WY_SW,142,2050_all,0
WY_SW,143,2050_all,0
WY_SW,144,2050_all,0
WY_SW,145,2050_all,0
WY_SW,146,2050_all,0
WY_SW,147,2050_all,0
WY_SW,148,2050_all,0
WY_SW,149,2050_all,0
WY_SW,150,2050_all,0
WY_SW,151,2050_all,0
WY_SW,152,2050_all,0
WY_SW,153,2050_all,0
WY_SW,154,2050_all,0
WY_SW,155,2050_all,0
WY_SW,156,2050_all,0
WY_SW,157,2050_all,0
WY_SW,158,2050_all,0
WY_SW,159,2050_all,0
WY_SW,160,2050_all,0
WY_SW,161,2050_all,0
WY_SW,162,2050_all,0
WY_SW,163,2050_all,0
WY_SW,164,2050_all,0
WY_SW,165,2050_all,0
WY_SW,166,2050_all,0
WY_SW,167,2050_all,0
WY_SW,168,2050_all,0
WY_SW,169,2050_all,0
WY_SW,170,2050_all,0
WY_SW,171,2050_all,0
WY_SW,172,2050_all,0
WY_SW,173,2050_all,0
WY_SW,174,2050_all,0
WY_SW,175,2050_all,0
WY_SW,176,2050_all,0
WY_SW,177,2050_all,0
WY_SW,178,2050_all,0
WY_SW,179,2050_all,0
WY_SW,180,2050_all,0
WY_SW,181,2050_all,0
WY_SW,182,2050_all,0
WY_SW,183,2050_all,0
WY_SW,184,2050_all,0
WY_SW,185,2050_all,0
WY_SW,186,2050_all,0
WY_SW,187,2050_all,0
WY_SW,188,2050_all,0
WY_SW,189,2050_all,0
WY_SW,190,2050_all,0
WY_SW,191,2050_all,0
WY_SW,192,2050_all,0
WY_SW,193,2050_all,0
WY_SW,194,2050_all,0
WY_SW,195,2050_all,0
WY_SW,196,2050_all,0
WY_SW,197,2050_all,0
WY_SW,198,2050_all,0
WY_SW,199,2050_all,0
WY_SW,200,2050_all,0
WY_SW,201,2050_all,0
WY_SW,202,2050_all,0
WY_SW,203,2050_all,0
WY_SW,204,2050_all,0
WY_SW,205,2050_all,0
WY_SW,206,2050_all,0
WY_SW,207,2050_all,0
WY_SW,208,2050_all,0
WY_SW,209,2050_all,0
WY_SW,210,2050_all,0
WY_SW,211,2050_all,0
WY_SW,212,2050_all,0
WY_SW,213,2050_all,0
WY_SW,214,2050_all,0
WY_SW,215,2050_all,0
WY_SW,216,2050_all,0
WY_SW,217,2050_all,0
WY_SW,218,2050_all,0
WY_SW,219,2050_all,0
WY_SW,220,2050_all,0
WY_SW,221,2050_all,0
WY_SW,222,2050_all,0
WY_SW,223,2050_all,0
WY_SW,224,2050_all,0
WY_SW,225,2050_all,0
WY_SW,226,2050_all,0
WY_SW,227,2050_all,0
WY_SW,228,2050_all,0
WY_SW,229,2050_all,0
WY_SW,230,2050_all,0
WY_SW,231,2050_all,0
WY_SW,232,2050_all,0
WY_SW,233,2050_all,0
WY_SW,234,2050_all,0
WY_SW,235,2050_all,0
WY_SW,236,2050_all,0
WY_SW,237,2050_all,0
WY_SW,238,2050_all,0
WY_SW,239,2050_all,0
WY_SW,240,2050_all,0
WY_SW,241,2050_all,0
WY_SW,242,2050_all,0
WY_SW,243,2050_all,0
WY_SW,244,2050_all,0
WY_SW,245,2050_all,0
WY_SW,246,2050_all,0
WY_SW,247,2050_all,0
WY_SW,248,2050_all,0
WY_SW,249,2050_all,0
WY_SW,250,2050_all,0
WY_SW,251,2050_all,0
WY_SW,252,2050_all,0
WY_SW,253,2050_all,0
WY_SW,254,2050_all,0
WY_SW,255,2050_all,0
WY_SW,256,2050_all,0
WY_SW,257,2050_all,0
WY_SW,258,2050_all,0
WY_SW,259,2050_all,0
WY_SW,260,2050_all,0
WY_SW,261,2050_all,0
WY_SW,262,2050_all,0
WY_SW,263,2050_all,0
WY_SW,264,2050_all,0
WY_SW,265,2050_all,0
WY_SW,266,2050_all,0
WY_SW,267,2050_all,0
WY_SW,268,2050_all,0
WY_SW,269,2050_all,0
WY_SW,270,2050_all,0
WY_SW,271,2050_all,0
WY_SW,272,2050_all,0
WY_SW,273,2050_all,0
WY_SW,274,2050_all,0
WY_SW,275,2050_all,0
WY_SW,276,2050_all,0
WY_SW,277,2050_all,0
WY_SW,278,2050_all,0
WY_SW,279,2050_all,0
WY_SW,280,2050_all,0
WY_SW,281,2050_all,0
WY_SW,282,2050_all,0
WY_SW,283,2050_all,0
WY_SW,284,2050_all,0
WY_SW,285,2050_all,0
WY_SW,286,2050_all,0
WY_SW,287,2050_all,0
WY_SW,288,2050_all,0
WY_SW,289,2050_all,0
WY_SW,290,2050_all,0
WY_SW,291,2050_all,0
WY_SW,292,2050_all,0
WY_SW,293,2050_all,0
WY_SW,294,2050_all,0
WY_SW,295,2050_all,0
WY_SW,296,2050_all,0
WY_SW,297,2050_all,0
WY_SW,298,2050_all,0
WY_SW,299,2050_all,0
WY_SW,300,2050_all,0
WY_SW,301,2050_all,0
WY_SW,302,2050_all,0
WY_SW,303,2050_all,0
WY_SW,304,2050_all,0
WY_SW,305,2050_all,0
WY_SW,306,2050_all,0
WY_SW,307,2050_all,0
WY_SW,308,2050_all,0
WY_SW,309,2050_all,0
WY_SW,310,2050_all,0
WY_SW,311,2050_all,0
WY_SW,312,2050_all,0
WY_SW,313,2050_all,0
WY_SW,314,2050_all,0
WY_SW,315,2050_all,0
WY_SW,316,2050_all,0
WY_SW,317,2050_all,0
WY_SW,318,2050_all,0
WY_SW,319,2050_all,0
WY_SW,320,2050_all,0
WY_SW,321,2050_all,0
WY_SW,322,2050_all,0
WY_SW,323,2050_all,0
WY_SW,324,2050_all,0
WY_SW,325,2050_all,0
WY_SW,326,2050_all,0
WY_SW,327,2050_all,0
WY_SW,328,2050_all,0
WY_SW,329,2050_all,0
WY_SW,330,2050_all,0
WY_SW,331,2050_all,0
WY_SW,332,2050_all,0
WY_SW,333,2050_all,0
WY_SW,334,2050_all,0
WY_SW,335,2050_all,0
WY_SW,336,2050_all,0
WY_SW,337,2050_all,0
WY_SW,338,2050_all,0
WY_SW,339,2050_all,0
WY_SW,340,2050_all,0
WY_SW,341,2050_all,0
WY_SW,342,2050_all,0
WY_SW,343,2050_all,0
WY_SW,344,2050_all,0
WY_SW,345,2050_all,0
WY_SW,346,2050_all,0
WY_SW,347,2050_all,0
WY_SW,348,2050_all,0
WY_SW,349,2050_all,0
WY_SW,350,2050_all,0
WY_SW,351,2050_all,0
WY_SW,352,2050_all,0
WY_SW,353,2050_all,0
WY_SW,354,2050_all,0
WY_SW,355,2050_all,0
WY_SW,356,2050_all,0
WY_SW,357,2050_all,0
WY_SW,358,2050_all,0
WY_SW,359,2050_all,0
WY_SW,360,2050_all,0
WY_SW,361,2050_all,0
WY_SW,362,2050_all,0
WY_SW,363,2050_all,0
WY_SW,364,2050_all,0
WY_SW,365,2050_all,0
