datetime,hour_of_year,demand,normalized_demand
2050-01-01 00:00:00,1,22288.289526789857,0.501
2050-01-01 01:00:00,2,22288.289526789857,0.501
2050-01-01 02:00:00,3,20615.555622184467,0.4634
2050-01-01 03:00:00,4,19796.983711420133,0.44500000000000006
2050-01-01 04:00:00,5,19592.34073372905,0.44040000000000007
2050-01-01 05:00:00,6,19739.149826420475,0.4437
2050-01-01 06:00:00,7,19983.83164757286,0.44920000000000004
2050-01-01 07:00:00,8,20152.884542187236,0.453
2050-01-01 08:00:00,9,20210.718427186886,0.4543
2050-01-01 09:00:00,10,20215.167187571482,0.4544000000000001
2050-01-01 10:00:00,11,20224.064708340655,0.4546
2050-01-01 11:00:00,12,20246.3085102636,0.4551
2050-01-01 12:00:00,13,20255.206031032772,0.4552999999999999
2050-01-01 13:00:00,14,20192.923385648537,0.4539000000000001
2050-01-01 14:00:00,15,19992.72916834204,0.4494000000000001
2050-01-01 15:00:00,16,19667.969660267056,0.4421
2050-01-01 16:00:00,17,19338.761391807482,0.4346999999999999
2050-01-01 17:00:00,18,19120.772132962637,0.42980000000000007
2050-01-01 18:00:00,19,19009.553123347912,0.42729999999999996
2050-01-01 19:00:00,20,18951.719238348258,0.42599999999999993
2050-01-01 20:00:00,21,18965.06551950203,0.42630000000000007
2050-01-01 21:00:00,22,19200.849819885232,0.4316
2050-01-01 22:00:00,23,19881.510158727317,0.44689999999999996
2050-01-01 23:00:00,24,21282.86967987279,0.47840000000000005
2050-01-02 00:00:00,25,22288.289526789857,0.501
2050-01-02 01:00:00,26,22288.289526789857,0.501
2050-01-02 02:00:00,27,20615.555622184467,0.4634
2050-01-02 03:00:00,28,19796.983711420133,0.44500000000000006
2050-01-02 04:00:00,29,19592.34073372905,0.44040000000000007
2050-01-02 05:00:00,30,19739.149826420475,0.4437
2050-01-02 06:00:00,31,19983.83164757286,0.44920000000000004
2050-01-02 07:00:00,32,20152.884542187236,0.453
2050-01-02 08:00:00,33,20210.718427186886,0.4543
2050-01-02 09:00:00,34,20215.167187571482,0.4544000000000001
2050-01-02 10:00:00,35,20224.064708340655,0.4546
2050-01-02 11:00:00,36,20246.3085102636,0.4551
2050-01-02 12:00:00,37,20255.206031032772,0.4552999999999999
2050-01-02 13:00:00,38,20192.923385648537,0.4539000000000001
2050-01-02 14:00:00,39,19992.72916834204,0.4494000000000001
2050-01-02 15:00:00,40,19667.969660267056,0.4421
2050-01-02 16:00:00,41,19338.761391807482,0.4346999999999999
2050-01-02 17:00:00,42,19120.772132962637,0.42980000000000007
2050-01-02 18:00:00,43,19009.553123347912,0.42729999999999996
2050-01-02 19:00:00,44,18951.719238348258,0.42599999999999993
2050-01-02 20:00:00,45,18965.06551950203,0.42630000000000007
2050-01-02 21:00:00,46,19200.849819885232,0.4316
2050-01-02 22:00:00,47,19881.510158727317,0.44689999999999996
2050-01-02 23:00:00,48,21282.86967987279,0.47840000000000005
2050-01-03 00:00:00,49,33049.840897110145,0.7429
2050-01-03 01:00:00,50,33049.840897110145,0.7429
2050-01-03 02:00:00,51,33494.71693556903,0.7529
2050-01-03 03:00:00,52,33147.7136255711,0.7451
2050-01-03 04:00:00,53,33209.996270955344,0.7465
2050-01-03 05:00:00,54,34562.419427870336,0.7769
2050-01-03 06:00:00,55,37351.79218900751,0.8396
2050-01-03 07:00:00,56,40732.850081294986,0.9155999999999999
2050-01-03 08:00:00,57,43277.54102127979,0.9728000000000001
2050-01-03 09:00:00,58,44265.16582665849,0.995
2050-01-03 10:00:00,59,44291.85838896603,0.9956
2050-01-03 11:00:00,60,44314.102190888974,0.9961000000000001
2050-01-03 12:00:00,61,44487.603845887934,1.0
2050-01-03 13:00:00,62,44487.603845887934,1.0
2050-01-03 14:00:00,63,43909.2649958914,0.9870000000000001
2050-01-03 15:00:00,64,42819.318701667136,0.9625
2050-01-03 16:00:00,65,41444.6517428292,0.9316
2050-01-03 17:00:00,66,40096.6773462988,0.9013000000000001
2050-01-03 18:00:00,67,39126.84758245844,0.8795000000000001
2050-01-03 19:00:00,68,38681.971543999556,0.8694999999999999
2050-01-03 20:00:00,69,38548.508732461894,0.8665
2050-01-03 21:00:00,70,38286.031869771155,0.8606
2050-01-03 22:00:00,71,37400.72855323799,0.8407000000000001
2050-01-03 23:00:00,72,35487.7615878648,0.7976999999999999
2050-01-04 00:00:00,73,33049.840897110145,0.7429
2050-01-04 01:00:00,74,33049.840897110145,0.7429
2050-01-04 02:00:00,75,33494.71693556903,0.7529
2050-01-04 03:00:00,76,33147.7136255711,0.7451
2050-01-04 04:00:00,77,33209.996270955344,0.7465
2050-01-04 05:00:00,78,34562.419427870336,0.7769
2050-01-04 06:00:00,79,37351.79218900751,0.8396
2050-01-04 07:00:00,80,40732.850081294986,0.9155999999999999
2050-01-04 08:00:00,81,43277.54102127979,0.9728000000000001
2050-01-04 09:00:00,82,44265.16582665849,0.995
2050-01-04 10:00:00,83,44291.85838896603,0.9956
2050-01-04 11:00:00,84,44314.102190888974,0.9961000000000001
2050-01-04 12:00:00,85,44487.603845887934,1.0
2050-01-04 13:00:00,86,44487.603845887934,1.0
2050-01-04 14:00:00,87,43909.2649958914,0.9870000000000001
2050-01-04 15:00:00,88,42819.318701667136,0.9625
2050-01-04 16:00:00,89,41444.6517428292,0.9316
2050-01-04 17:00:00,90,40096.6773462988,0.9013000000000001
2050-01-04 18:00:00,91,39126.84758245844,0.8795000000000001
2050-01-04 19:00:00,92,38681.971543999556,0.8694999999999999
2050-01-04 20:00:00,93,38548.508732461894,0.8665
2050-01-04 21:00:00,94,38286.031869771155,0.8606
2050-01-04 22:00:00,95,37400.72855323799,0.8407000000000001
2050-01-04 23:00:00,96,35487.7615878648,0.7976999999999999
2050-01-05 00:00:00,97,33049.840897110145,0.7429
2050-01-05 01:00:00,98,33049.840897110145,0.7429
2050-01-05 02:00:00,99,33494.71693556903,0.7529
2050-01-05 03:00:00,100,33147.7136255711,0.7451
2050-01-05 04:00:00,101,33209.996270955344,0.7465
2050-01-05 05:00:00,102,34562.419427870336,0.7769
2050-01-05 06:00:00,103,37351.79218900751,0.8396
2050-01-05 07:00:00,104,40732.850081294986,0.9155999999999999
2050-01-05 08:00:00,105,43277.54102127979,0.9728000000000001
2050-01-05 09:00:00,106,44265.16582665849,0.995
2050-01-05 10:00:00,107,44291.85838896603,0.9956
2050-01-05 11:00:00,108,44314.102190888974,0.9961000000000001
2050-01-05 12:00:00,109,44487.603845887934,1.0
2050-01-05 13:00:00,110,44487.603845887934,1.0
2050-01-05 14:00:00,111,43909.2649958914,0.9870000000000001
2050-01-05 15:00:00,112,42819.318701667136,0.9625
2050-01-05 16:00:00,113,41444.6517428292,0.9316
2050-01-05 17:00:00,114,40096.6773462988,0.9013000000000001
2050-01-05 18:00:00,115,39126.84758245844,0.8795000000000001
2050-01-05 19:00:00,116,38681.971543999556,0.8694999999999999
2050-01-05 20:00:00,117,38548.508732461894,0.8665
2050-01-05 21:00:00,118,38286.031869771155,0.8606
2050-01-05 22:00:00,119,37400.72855323799,0.8407000000000001
2050-01-05 23:00:00,120,35487.7615878648,0.7976999999999999
2050-01-06 00:00:00,121,33049.840897110145,0.7429
2050-01-06 01:00:00,122,33049.840897110145,0.7429
2050-01-06 02:00:00,123,33494.71693556903,0.7529
2050-01-06 03:00:00,124,33147.7136255711,0.7451
2050-01-06 04:00:00,125,33209.996270955344,0.7465
2050-01-06 05:00:00,126,34562.419427870336,0.7769
2050-01-06 06:00:00,127,37351.79218900751,0.8396
2050-01-06 07:00:00,128,40732.850081294986,0.9155999999999999
2050-01-06 08:00:00,129,43277.54102127979,0.9728000000000001
2050-01-06 09:00:00,130,44265.16582665849,0.995
2050-01-06 10:00:00,131,44291.85838896603,0.9956
2050-01-06 11:00:00,132,44314.102190888974,0.9961000000000001
2050-01-06 12:00:00,133,44487.603845887934,1.0
2050-01-06 13:00:00,134,44487.603845887934,1.0
2050-01-06 14:00:00,135,43909.2649958914,0.9870000000000001
2050-01-06 15:00:00,136,42819.318701667136,0.9625
2050-01-06 16:00:00,137,41444.6517428292,0.9316
2050-01-06 17:00:00,138,40096.6773462988,0.9013000000000001
2050-01-06 18:00:00,139,39126.84758245844,0.8795000000000001
2050-01-06 19:00:00,140,38681.971543999556,0.8694999999999999
2050-01-06 20:00:00,141,38548.508732461894,0.8665
2050-01-06 21:00:00,142,38286.031869771155,0.8606
2050-01-06 22:00:00,143,37400.72855323799,0.8407000000000001
2050-01-06 23:00:00,144,35487.7615878648,0.7976999999999999
2050-01-07 00:00:00,145,33049.840897110145,0.7429
2050-01-07 01:00:00,146,33049.840897110145,0.7429
2050-01-07 02:00:00,147,33494.71693556903,0.7529
2050-01-07 03:00:00,148,33147.7136255711,0.7451
2050-01-07 04:00:00,149,33209.996270955344,0.7465
2050-01-07 05:00:00,150,34562.419427870336,0.7769
2050-01-07 06:00:00,151,37351.79218900751,0.8396
2050-01-07 07:00:00,152,40732.850081294986,0.9155999999999999
2050-01-07 08:00:00,153,43277.54102127979,0.9728000000000001
2050-01-07 09:00:00,154,44265.16582665849,0.995
2050-01-07 10:00:00,155,44291.85838896603,0.9956
2050-01-07 11:00:00,156,44314.102190888974,0.9961000000000001
2050-01-07 12:00:00,157,44487.603845887934,1.0
2050-01-07 13:00:00,158,44487.603845887934,1.0
2050-01-07 14:00:00,159,43909.2649958914,0.9870000000000001
2050-01-07 15:00:00,160,42819.318701667136,0.9625
2050-01-07 16:00:00,161,41444.6517428292,0.9316
2050-01-07 17:00:00,162,40096.6773462988,0.9013000000000001
2050-01-07 18:00:00,163,39126.84758245844,0.8795000000000001
2050-01-07 19:00:00,164,38681.971543999556,0.8694999999999999
2050-01-07 20:00:00,165,38548.508732461894,0.8665
2050-01-07 21:00:00,166,38286.031869771155,0.8606
2050-01-07 22:00:00,167,37400.72855323799,0.8407000000000001
2050-01-07 23:00:00,168,35487.7615878648,0.7976999999999999
2050-01-08 00:00:00,169,22288.289526789857,0.501
2050-01-08 01:00:00,170,22288.289526789857,0.501
2050-01-08 02:00:00,171,20615.555622184467,0.4634
2050-01-08 03:00:00,172,19796.983711420133,0.44500000000000006
2050-01-08 04:00:00,173,19592.34073372905,0.44040000000000007
2050-01-08 05:00:00,174,19739.149826420475,0.4437
2050-01-08 06:00:00,175,19983.83164757286,0.44920000000000004
2050-01-08 07:00:00,176,20152.884542187236,0.453
2050-01-08 08:00:00,177,20210.718427186886,0.4543
2050-01-08 09:00:00,178,20215.167187571482,0.4544000000000001
2050-01-08 10:00:00,179,20224.064708340655,0.4546
2050-01-08 11:00:00,180,20246.3085102636,0.4551
2050-01-08 12:00:00,181,20255.206031032772,0.4552999999999999
2050-01-08 13:00:00,182,20192.923385648537,0.4539000000000001
2050-01-08 14:00:00,183,19992.72916834204,0.4494000000000001
2050-01-08 15:00:00,184,19667.969660267056,0.4421
2050-01-08 16:00:00,185,19338.761391807482,0.4346999999999999
2050-01-08 17:00:00,186,19120.772132962637,0.42980000000000007
2050-01-08 18:00:00,187,19009.553123347912,0.42729999999999996
2050-01-08 19:00:00,188,18951.719238348258,0.42599999999999993
2050-01-08 20:00:00,189,18965.06551950203,0.42630000000000007
2050-01-08 21:00:00,190,19200.849819885232,0.4316
2050-01-08 22:00:00,191,19881.510158727317,0.44689999999999996
2050-01-08 23:00:00,192,21282.86967987279,0.47840000000000005
2050-01-09 00:00:00,193,22288.289526789857,0.501
2050-01-09 01:00:00,194,22288.289526789857,0.501
2050-01-09 02:00:00,195,20615.555622184467,0.4634
2050-01-09 03:00:00,196,19796.983711420133,0.44500000000000006
2050-01-09 04:00:00,197,19592.34073372905,0.44040000000000007
2050-01-09 05:00:00,198,19739.149826420475,0.4437
2050-01-09 06:00:00,199,19983.83164757286,0.44920000000000004
2050-01-09 07:00:00,200,20152.884542187236,0.453
2050-01-09 08:00:00,201,20210.718427186886,0.4543
2050-01-09 09:00:00,202,20215.167187571482,0.4544000000000001
2050-01-09 10:00:00,203,20224.064708340655,0.4546
2050-01-09 11:00:00,204,20246.3085102636,0.4551
2050-01-09 12:00:00,205,20255.206031032772,0.4552999999999999
2050-01-09 13:00:00,206,20192.923385648537,0.4539000000000001
2050-01-09 14:00:00,207,19992.72916834204,0.4494000000000001
2050-01-09 15:00:00,208,19667.969660267056,0.4421
2050-01-09 16:00:00,209,19338.761391807482,0.4346999999999999
2050-01-09 17:00:00,210,19120.772132962637,0.42980000000000007
2050-01-09 18:00:00,211,19009.553123347912,0.42729999999999996
2050-01-09 19:00:00,212,18951.719238348258,0.42599999999999993
2050-01-09 20:00:00,213,18965.06551950203,0.42630000000000007
2050-01-09 21:00:00,214,19200.849819885232,0.4316
2050-01-09 22:00:00,215,19881.510158727317,0.44689999999999996
2050-01-09 23:00:00,216,21282.86967987279,0.47840000000000005
2050-01-10 00:00:00,217,33049.840897110145,0.7429
2050-01-10 01:00:00,218,33049.840897110145,0.7429
2050-01-10 02:00:00,219,33494.71693556903,0.7529
2050-01-10 03:00:00,220,33147.7136255711,0.7451
2050-01-10 04:00:00,221,33209.996270955344,0.7465
2050-01-10 05:00:00,222,34562.419427870336,0.7769
2050-01-10 06:00:00,223,37351.79218900751,0.8396
2050-01-10 07:00:00,224,40732.850081294986,0.9155999999999999
2050-01-10 08:00:00,225,43277.54102127979,0.9728000000000001
2050-01-10 09:00:00,226,44265.16582665849,0.995
2050-01-10 10:00:00,227,44291.85838896603,0.9956
2050-01-10 11:00:00,228,44314.102190888974,0.9961000000000001
2050-01-10 12:00:00,229,44487.603845887934,1.0
2050-01-10 13:00:00,230,44487.603845887934,1.0
2050-01-10 14:00:00,231,43909.2649958914,0.9870000000000001
2050-01-10 15:00:00,232,42819.318701667136,0.9625
2050-01-10 16:00:00,233,41444.6517428292,0.9316
2050-01-10 17:00:00,234,40096.6773462988,0.9013000000000001
2050-01-10 18:00:00,235,39126.84758245844,0.8795000000000001
2050-01-10 19:00:00,236,38681.971543999556,0.8694999999999999
2050-01-10 20:00:00,237,38548.508732461894,0.8665
2050-01-10 21:00:00,238,38286.031869771155,0.8606
2050-01-10 22:00:00,239,37400.72855323799,0.8407000000000001
2050-01-10 23:00:00,240,35487.7615878648,0.7976999999999999
2050-01-11 00:00:00,241,33049.840897110145,0.7429
2050-01-11 01:00:00,242,33049.840897110145,0.7429
2050-01-11 02:00:00,243,33494.71693556903,0.7529
2050-01-11 03:00:00,244,33147.7136255711,0.7451
2050-01-11 04:00:00,245,33209.996270955344,0.7465
2050-01-11 05:00:00,246,34562.419427870336,0.7769
2050-01-11 06:00:00,247,37351.79218900751,0.8396
2050-01-11 07:00:00,248,40732.850081294986,0.9155999999999999
2050-01-11 08:00:00,249,43277.54102127979,0.9728000000000001
2050-01-11 09:00:00,250,44265.16582665849,0.995
2050-01-11 10:00:00,251,44291.85838896603,0.9956
2050-01-11 11:00:00,252,44314.102190888974,0.9961000000000001
2050-01-11 12:00:00,253,44487.603845887934,1.0
2050-01-11 13:00:00,254,44487.603845887934,1.0
2050-01-11 14:00:00,255,43909.2649958914,0.9870000000000001
2050-01-11 15:00:00,256,42819.318701667136,0.9625
2050-01-11 16:00:00,257,41444.6517428292,0.9316
2050-01-11 17:00:00,258,40096.6773462988,0.9013000000000001
2050-01-11 18:00:00,259,39126.84758245844,0.8795000000000001
2050-01-11 19:00:00,260,38681.971543999556,0.8694999999999999
2050-01-11 20:00:00,261,38548.508732461894,0.8665
2050-01-11 21:00:00,262,38286.031869771155,0.8606
2050-01-11 22:00:00,263,37400.72855323799,0.8407000000000001
2050-01-11 23:00:00,264,35487.7615878648,0.7976999999999999
2050-01-12 00:00:00,265,33049.840897110145,0.7429
2050-01-12 01:00:00,266,33049.840897110145,0.7429
2050-01-12 02:00:00,267,33494.71693556903,0.7529
2050-01-12 03:00:00,268,33147.7136255711,0.7451
2050-01-12 04:00:00,269,33209.996270955344,0.7465
2050-01-12 05:00:00,270,34562.419427870336,0.7769
2050-01-12 06:00:00,271,37351.79218900751,0.8396
2050-01-12 07:00:00,272,40732.850081294986,0.9155999999999999
2050-01-12 08:00:00,273,43277.54102127979,0.9728000000000001
2050-01-12 09:00:00,274,44265.16582665849,0.995
2050-01-12 10:00:00,275,44291.85838896603,0.9956
2050-01-12 11:00:00,276,44314.102190888974,0.9961000000000001
2050-01-12 12:00:00,277,44487.603845887934,1.0
2050-01-12 13:00:00,278,44487.603845887934,1.0
2050-01-12 14:00:00,279,43909.2649958914,0.9870000000000001
2050-01-12 15:00:00,280,42819.318701667136,0.9625
2050-01-12 16:00:00,281,41444.6517428292,0.9316
2050-01-12 17:00:00,282,40096.6773462988,0.9013000000000001
2050-01-12 18:00:00,283,39126.84758245844,0.8795000000000001
2050-01-12 19:00:00,284,38681.971543999556,0.8694999999999999
2050-01-12 20:00:00,285,38548.508732461894,0.8665
2050-01-12 21:00:00,286,38286.031869771155,0.8606
2050-01-12 22:00:00,287,37400.72855323799,0.8407000000000001
2050-01-12 23:00:00,288,35487.7615878648,0.7976999999999999
2050-01-13 00:00:00,289,33049.840897110145,0.7429
2050-01-13 01:00:00,290,33049.840897110145,0.7429
2050-01-13 02:00:00,291,33494.71693556903,0.7529
2050-01-13 03:00:00,292,33147.7136255711,0.7451
2050-01-13 04:00:00,293,33209.996270955344,0.7465
2050-01-13 05:00:00,294,34562.419427870336,0.7769
2050-01-13 06:00:00,295,37351.79218900751,0.8396
2050-01-13 07:00:00,296,40732.850081294986,0.9155999999999999
2050-01-13 08:00:00,297,43277.54102127979,0.9728000000000001
2050-01-13 09:00:00,298,44265.16582665849,0.995
2050-01-13 10:00:00,299,44291.85838896603,0.9956
2050-01-13 11:00:00,300,44314.102190888974,0.9961000000000001
2050-01-13 12:00:00,301,44487.603845887934,1.0
2050-01-13 13:00:00,302,44487.603845887934,1.0
2050-01-13 14:00:00,303,43909.2649958914,0.9870000000000001
2050-01-13 15:00:00,304,42819.318701667136,0.9625
2050-01-13 16:00:00,305,41444.6517428292,0.9316
2050-01-13 17:00:00,306,40096.6773462988,0.9013000000000001
2050-01-13 18:00:00,307,39126.84758245844,0.8795000000000001
2050-01-13 19:00:00,308,38681.971543999556,0.8694999999999999
2050-01-13 20:00:00,309,38548.508732461894,0.8665
2050-01-13 21:00:00,310,38286.031869771155,0.8606
2050-01-13 22:00:00,311,37400.72855323799,0.8407000000000001
2050-01-13 23:00:00,312,35487.7615878648,0.7976999999999999
2050-01-14 00:00:00,313,33049.840897110145,0.7429
2050-01-14 01:00:00,314,33049.840897110145,0.7429
2050-01-14 02:00:00,315,33494.71693556903,0.7529
2050-01-14 03:00:00,316,33147.7136255711,0.7451
2050-01-14 04:00:00,317,33209.996270955344,0.7465
2050-01-14 05:00:00,318,34562.419427870336,0.7769
2050-01-14 06:00:00,319,37351.79218900751,0.8396
2050-01-14 07:00:00,320,40732.850081294986,0.9155999999999999
2050-01-14 08:00:00,321,43277.54102127979,0.9728000000000001
2050-01-14 09:00:00,322,44265.16582665849,0.995
2050-01-14 10:00:00,323,44291.85838896603,0.9956
2050-01-14 11:00:00,324,44314.102190888974,0.9961000000000001
2050-01-14 12:00:00,325,44487.603845887934,1.0
2050-01-14 13:00:00,326,44487.603845887934,1.0
2050-01-14 14:00:00,327,43909.2649958914,0.9870000000000001
2050-01-14 15:00:00,328,42819.318701667136,0.9625
2050-01-14 16:00:00,329,41444.6517428292,0.9316
2050-01-14 17:00:00,330,40096.6773462988,0.9013000000000001
2050-01-14 18:00:00,331,39126.84758245844,0.8795000000000001
2050-01-14 19:00:00,332,38681.971543999556,0.8694999999999999
2050-01-14 20:00:00,333,38548.508732461894,0.8665
2050-01-14 21:00:00,334,38286.031869771155,0.8606
2050-01-14 22:00:00,335,37400.72855323799,0.8407000000000001
2050-01-14 23:00:00,336,35487.7615878648,0.7976999999999999
2050-01-15 00:00:00,337,22288.289526789857,0.501
2050-01-15 01:00:00,338,22288.289526789857,0.501
2050-01-15 02:00:00,339,20615.555622184467,0.4634
2050-01-15 03:00:00,340,19796.983711420133,0.44500000000000006
2050-01-15 04:00:00,341,19592.34073372905,0.44040000000000007
2050-01-15 05:00:00,342,19739.149826420475,0.4437
2050-01-15 06:00:00,343,19983.83164757286,0.44920000000000004
2050-01-15 07:00:00,344,20152.884542187236,0.453
2050-01-15 08:00:00,345,20210.718427186886,0.4543
2050-01-15 09:00:00,346,20215.167187571482,0.4544000000000001
2050-01-15 10:00:00,347,20224.064708340655,0.4546
2050-01-15 11:00:00,348,20246.3085102636,0.4551
2050-01-15 12:00:00,349,20255.206031032772,0.4552999999999999
2050-01-15 13:00:00,350,20192.923385648537,0.4539000000000001
2050-01-15 14:00:00,351,19992.72916834204,0.4494000000000001
2050-01-15 15:00:00,352,19667.969660267056,0.4421
2050-01-15 16:00:00,353,19338.761391807482,0.4346999999999999
2050-01-15 17:00:00,354,19120.772132962637,0.42980000000000007
2050-01-15 18:00:00,355,19009.553123347912,0.42729999999999996
2050-01-15 19:00:00,356,18951.719238348258,0.42599999999999993
2050-01-15 20:00:00,357,18965.06551950203,0.42630000000000007
2050-01-15 21:00:00,358,19200.849819885232,0.4316
2050-01-15 22:00:00,359,19881.510158727317,0.44689999999999996
2050-01-15 23:00:00,360,21282.86967987279,0.47840000000000005
2050-01-16 00:00:00,361,22288.289526789857,0.501
2050-01-16 01:00:00,362,22288.289526789857,0.501
2050-01-16 02:00:00,363,20615.555622184467,0.4634
2050-01-16 03:00:00,364,19796.983711420133,0.44500000000000006
2050-01-16 04:00:00,365,19592.34073372905,0.44040000000000007
2050-01-16 05:00:00,366,19739.149826420475,0.4437
2050-01-16 06:00:00,367,19983.83164757286,0.44920000000000004
2050-01-16 07:00:00,368,20152.884542187236,0.453
2050-01-16 08:00:00,369,20210.718427186886,0.4543
2050-01-16 09:00:00,370,20215.167187571482,0.4544000000000001
2050-01-16 10:00:00,371,20224.064708340655,0.4546
2050-01-16 11:00:00,372,20246.3085102636,0.4551
2050-01-16 12:00:00,373,20255.206031032772,0.4552999999999999
2050-01-16 13:00:00,374,20192.923385648537,0.4539000000000001
2050-01-16 14:00:00,375,19992.72916834204,0.4494000000000001
2050-01-16 15:00:00,376,19667.969660267056,0.4421
2050-01-16 16:00:00,377,19338.761391807482,0.4346999999999999
2050-01-16 17:00:00,378,19120.772132962637,0.42980000000000007
2050-01-16 18:00:00,379,19009.553123347912,0.42729999999999996
2050-01-16 19:00:00,380,18951.719238348258,0.42599999999999993
2050-01-16 20:00:00,381,18965.06551950203,0.42630000000000007
2050-01-16 21:00:00,382,19200.849819885232,0.4316
2050-01-16 22:00:00,383,19881.510158727317,0.44689999999999996
2050-01-16 23:00:00,384,21282.86967987279,0.47840000000000005
2050-01-17 00:00:00,385,33049.840897110145,0.7429
2050-01-17 01:00:00,386,33049.840897110145,0.7429
2050-01-17 02:00:00,387,33494.71693556903,0.7529
2050-01-17 03:00:00,388,33147.7136255711,0.7451
2050-01-17 04:00:00,389,33209.996270955344,0.7465
2050-01-17 05:00:00,390,34562.419427870336,0.7769
2050-01-17 06:00:00,391,37351.79218900751,0.8396
2050-01-17 07:00:00,392,40732.850081294986,0.9155999999999999
2050-01-17 08:00:00,393,43277.54102127979,0.9728000000000001
2050-01-17 09:00:00,394,44265.16582665849,0.995
2050-01-17 10:00:00,395,44291.85838896603,0.9956
2050-01-17 11:00:00,396,44314.102190888974,0.9961000000000001
2050-01-17 12:00:00,397,44487.603845887934,1.0
2050-01-17 13:00:00,398,44487.603845887934,1.0
2050-01-17 14:00:00,399,43909.2649958914,0.9870000000000001
2050-01-17 15:00:00,400,42819.318701667136,0.9625
2050-01-17 16:00:00,401,41444.6517428292,0.9316
2050-01-17 17:00:00,402,40096.6773462988,0.9013000000000001
2050-01-17 18:00:00,403,39126.84758245844,0.8795000000000001
2050-01-17 19:00:00,404,38681.971543999556,0.8694999999999999
2050-01-17 20:00:00,405,38548.508732461894,0.8665
2050-01-17 21:00:00,406,38286.031869771155,0.8606
2050-01-17 22:00:00,407,37400.72855323799,0.8407000000000001
2050-01-17 23:00:00,408,35487.7615878648,0.7976999999999999
2050-01-18 00:00:00,409,33049.840897110145,0.7429
2050-01-18 01:00:00,410,33049.840897110145,0.7429
2050-01-18 02:00:00,411,33494.71693556903,0.7529
2050-01-18 03:00:00,412,33147.7136255711,0.7451
2050-01-18 04:00:00,413,33209.996270955344,0.7465
2050-01-18 05:00:00,414,34562.419427870336,0.7769
2050-01-18 06:00:00,415,37351.79218900751,0.8396
2050-01-18 07:00:00,416,40732.850081294986,0.9155999999999999
2050-01-18 08:00:00,417,43277.54102127979,0.9728000000000001
2050-01-18 09:00:00,418,44265.16582665849,0.995
2050-01-18 10:00:00,419,44291.85838896603,0.9956
2050-01-18 11:00:00,420,44314.102190888974,0.9961000000000001
2050-01-18 12:00:00,421,44487.603845887934,1.0
2050-01-18 13:00:00,422,44487.603845887934,1.0
2050-01-18 14:00:00,423,43909.2649958914,0.9870000000000001
2050-01-18 15:00:00,424,42819.318701667136,0.9625
2050-01-18 16:00:00,425,41444.6517428292,0.9316
2050-01-18 17:00:00,426,40096.6773462988,0.9013000000000001
2050-01-18 18:00:00,427,39126.84758245844,0.8795000000000001
2050-01-18 19:00:00,428,38681.971543999556,0.8694999999999999
2050-01-18 20:00:00,429,38548.508732461894,0.8665
2050-01-18 21:00:00,430,38286.031869771155,0.8606
2050-01-18 22:00:00,431,37400.72855323799,0.8407000000000001
2050-01-18 23:00:00,432,35487.7615878648,0.7976999999999999
2050-01-19 00:00:00,433,33049.840897110145,0.7429
2050-01-19 01:00:00,434,33049.840897110145,0.7429
2050-01-19 02:00:00,435,33494.71693556903,0.7529
2050-01-19 03:00:00,436,33147.7136255711,0.7451
2050-01-19 04:00:00,437,33209.996270955344,0.7465
2050-01-19 05:00:00,438,34562.419427870336,0.7769
2050-01-19 06:00:00,439,37351.79218900751,0.8396
2050-01-19 07:00:00,440,40732.850081294986,0.9155999999999999
2050-01-19 08:00:00,441,43277.54102127979,0.9728000000000001
2050-01-19 09:00:00,442,44265.16582665849,0.995
2050-01-19 10:00:00,443,44291.85838896603,0.9956
2050-01-19 11:00:00,444,44314.102190888974,0.9961000000000001
2050-01-19 12:00:00,445,44487.603845887934,1.0
2050-01-19 13:00:00,446,44487.603845887934,1.0
2050-01-19 14:00:00,447,43909.2649958914,0.9870000000000001
2050-01-19 15:00:00,448,42819.318701667136,0.9625
2050-01-19 16:00:00,449,41444.6517428292,0.9316
2050-01-19 17:00:00,450,40096.6773462988,0.9013000000000001
2050-01-19 18:00:00,451,39126.84758245844,0.8795000000000001
2050-01-19 19:00:00,452,38681.971543999556,0.8694999999999999
2050-01-19 20:00:00,453,38548.508732461894,0.8665
2050-01-19 21:00:00,454,38286.031869771155,0.8606
2050-01-19 22:00:00,455,37400.72855323799,0.8407000000000001
2050-01-19 23:00:00,456,35487.7615878648,0.7976999999999999
2050-01-20 00:00:00,457,33049.840897110145,0.7429
2050-01-20 01:00:00,458,33049.840897110145,0.7429
2050-01-20 02:00:00,459,33494.71693556903,0.7529
2050-01-20 03:00:00,460,33147.7136255711,0.7451
2050-01-20 04:00:00,461,33209.996270955344,0.7465
2050-01-20 05:00:00,462,34562.419427870336,0.7769
2050-01-20 06:00:00,463,37351.79218900751,0.8396
2050-01-20 07:00:00,464,40732.850081294986,0.9155999999999999
2050-01-20 08:00:00,465,43277.54102127979,0.9728000000000001
2050-01-20 09:00:00,466,44265.16582665849,0.995
2050-01-20 10:00:00,467,44291.85838896603,0.9956
2050-01-20 11:00:00,468,44314.102190888974,0.9961000000000001
2050-01-20 12:00:00,469,44487.603845887934,1.0
2050-01-20 13:00:00,470,44487.603845887934,1.0
2050-01-20 14:00:00,471,43909.2649958914,0.9870000000000001
2050-01-20 15:00:00,472,42819.318701667136,0.9625
2050-01-20 16:00:00,473,41444.6517428292,0.9316
2050-01-20 17:00:00,474,40096.6773462988,0.9013000000000001
2050-01-20 18:00:00,475,39126.84758245844,0.8795000000000001
2050-01-20 19:00:00,476,38681.971543999556,0.8694999999999999
2050-01-20 20:00:00,477,38548.508732461894,0.8665
2050-01-20 21:00:00,478,38286.031869771155,0.8606
2050-01-20 22:00:00,479,37400.72855323799,0.8407000000000001
2050-01-20 23:00:00,480,35487.7615878648,0.7976999999999999
2050-01-21 00:00:00,481,33049.840897110145,0.7429
2050-01-21 01:00:00,482,33049.840897110145,0.7429
2050-01-21 02:00:00,483,33494.71693556903,0.7529
2050-01-21 03:00:00,484,33147.7136255711,0.7451
2050-01-21 04:00:00,485,33209.996270955344,0.7465
2050-01-21 05:00:00,486,34562.419427870336,0.7769
2050-01-21 06:00:00,487,37351.79218900751,0.8396
2050-01-21 07:00:00,488,40732.850081294986,0.9155999999999999
2050-01-21 08:00:00,489,43277.54102127979,0.9728000000000001
2050-01-21 09:00:00,490,44265.16582665849,0.995
2050-01-21 10:00:00,491,44291.85838896603,0.9956
2050-01-21 11:00:00,492,44314.102190888974,0.9961000000000001
2050-01-21 12:00:00,493,44487.603845887934,1.0
2050-01-21 13:00:00,494,44487.603845887934,1.0
2050-01-21 14:00:00,495,43909.2649958914,0.9870000000000001
2050-01-21 15:00:00,496,42819.318701667136,0.9625
2050-01-21 16:00:00,497,41444.6517428292,0.9316
2050-01-21 17:00:00,498,40096.6773462988,0.9013000000000001
2050-01-21 18:00:00,499,39126.84758245844,0.8795000000000001
2050-01-21 19:00:00,500,38681.971543999556,0.8694999999999999
2050-01-21 20:00:00,501,38548.508732461894,0.8665
2050-01-21 21:00:00,502,38286.031869771155,0.8606
2050-01-21 22:00:00,503,37400.72855323799,0.8407000000000001
2050-01-21 23:00:00,504,35487.7615878648,0.7976999999999999
2050-01-22 00:00:00,505,22288.289526789857,0.501
2050-01-22 01:00:00,506,22288.289526789857,0.501
2050-01-22 02:00:00,507,20615.555622184467,0.4634
2050-01-22 03:00:00,508,19796.983711420133,0.44500000000000006
2050-01-22 04:00:00,509,19592.34073372905,0.44040000000000007
2050-01-22 05:00:00,510,19739.149826420475,0.4437
2050-01-22 06:00:00,511,19983.83164757286,0.44920000000000004
2050-01-22 07:00:00,512,20152.884542187236,0.453
2050-01-22 08:00:00,513,20210.718427186886,0.4543
2050-01-22 09:00:00,514,20215.167187571482,0.4544000000000001
2050-01-22 10:00:00,515,20224.064708340655,0.4546
2050-01-22 11:00:00,516,20246.3085102636,0.4551
2050-01-22 12:00:00,517,20255.206031032772,0.4552999999999999
2050-01-22 13:00:00,518,20192.923385648537,0.4539000000000001
2050-01-22 14:00:00,519,19992.72916834204,0.4494000000000001
2050-01-22 15:00:00,520,19667.969660267056,0.4421
2050-01-22 16:00:00,521,19338.761391807482,0.4346999999999999
2050-01-22 17:00:00,522,19120.772132962637,0.42980000000000007
2050-01-22 18:00:00,523,19009.553123347912,0.42729999999999996
2050-01-22 19:00:00,524,18951.719238348258,0.42599999999999993
2050-01-22 20:00:00,525,18965.06551950203,0.42630000000000007
2050-01-22 21:00:00,526,19200.849819885232,0.4316
2050-01-22 22:00:00,527,19881.510158727317,0.44689999999999996
2050-01-22 23:00:00,528,21282.86967987279,0.47840000000000005
2050-01-23 00:00:00,529,22288.289526789857,0.501
2050-01-23 01:00:00,530,22288.289526789857,0.501
2050-01-23 02:00:00,531,20615.555622184467,0.4634
2050-01-23 03:00:00,532,19796.983711420133,0.44500000000000006
2050-01-23 04:00:00,533,19592.34073372905,0.44040000000000007
2050-01-23 05:00:00,534,19739.149826420475,0.4437
2050-01-23 06:00:00,535,19983.83164757286,0.44920000000000004
2050-01-23 07:00:00,536,20152.884542187236,0.453
2050-01-23 08:00:00,537,20210.718427186886,0.4543
2050-01-23 09:00:00,538,20215.167187571482,0.4544000000000001
2050-01-23 10:00:00,539,20224.064708340655,0.4546
2050-01-23 11:00:00,540,20246.3085102636,0.4551
2050-01-23 12:00:00,541,20255.206031032772,0.4552999999999999
2050-01-23 13:00:00,542,20192.923385648537,0.4539000000000001
2050-01-23 14:00:00,543,19992.72916834204,0.4494000000000001
2050-01-23 15:00:00,544,19667.969660267056,0.4421
2050-01-23 16:00:00,545,19338.761391807482,0.4346999999999999
2050-01-23 17:00:00,546,19120.772132962637,0.42980000000000007
2050-01-23 18:00:00,547,19009.553123347912,0.42729999999999996
2050-01-23 19:00:00,548,18951.719238348258,0.42599999999999993
2050-01-23 20:00:00,549,18965.06551950203,0.42630000000000007
2050-01-23 21:00:00,550,19200.849819885232,0.4316
2050-01-23 22:00:00,551,19881.510158727317,0.44689999999999996
2050-01-23 23:00:00,552,21282.86967987279,0.47840000000000005
2050-01-24 00:00:00,553,33049.840897110145,0.7429
2050-01-24 01:00:00,554,33049.840897110145,0.7429
2050-01-24 02:00:00,555,33494.71693556903,0.7529
2050-01-24 03:00:00,556,33147.7136255711,0.7451
2050-01-24 04:00:00,557,33209.996270955344,0.7465
2050-01-24 05:00:00,558,34562.419427870336,0.7769
2050-01-24 06:00:00,559,37351.79218900751,0.8396
2050-01-24 07:00:00,560,40732.850081294986,0.9155999999999999
2050-01-24 08:00:00,561,43277.54102127979,0.9728000000000001
2050-01-24 09:00:00,562,44265.16582665849,0.995
2050-01-24 10:00:00,563,44291.85838896603,0.9956
2050-01-24 11:00:00,564,44314.102190888974,0.9961000000000001
2050-01-24 12:00:00,565,44487.603845887934,1.0
2050-01-24 13:00:00,566,44487.603845887934,1.0
2050-01-24 14:00:00,567,43909.2649958914,0.9870000000000001
2050-01-24 15:00:00,568,42819.318701667136,0.9625
2050-01-24 16:00:00,569,41444.6517428292,0.9316
2050-01-24 17:00:00,570,40096.6773462988,0.9013000000000001
2050-01-24 18:00:00,571,39126.84758245844,0.8795000000000001
2050-01-24 19:00:00,572,38681.971543999556,0.8694999999999999
2050-01-24 20:00:00,573,38548.508732461894,0.8665
2050-01-24 21:00:00,574,38286.031869771155,0.8606
2050-01-24 22:00:00,575,37400.72855323799,0.8407000000000001
2050-01-24 23:00:00,576,35487.7615878648,0.7976999999999999
2050-01-25 00:00:00,577,33049.840897110145,0.7429
2050-01-25 01:00:00,578,33049.840897110145,0.7429
2050-01-25 02:00:00,579,33494.71693556903,0.7529
2050-01-25 03:00:00,580,33147.7136255711,0.7451
2050-01-25 04:00:00,581,33209.996270955344,0.7465
2050-01-25 05:00:00,582,34562.419427870336,0.7769
2050-01-25 06:00:00,583,37351.79218900751,0.8396
2050-01-25 07:00:00,584,40732.850081294986,0.9155999999999999
2050-01-25 08:00:00,585,43277.54102127979,0.9728000000000001
2050-01-25 09:00:00,586,44265.16582665849,0.995
2050-01-25 10:00:00,587,44291.85838896603,0.9956
2050-01-25 11:00:00,588,44314.102190888974,0.9961000000000001
2050-01-25 12:00:00,589,44487.603845887934,1.0
2050-01-25 13:00:00,590,44487.603845887934,1.0
2050-01-25 14:00:00,591,43909.2649958914,0.9870000000000001
2050-01-25 15:00:00,592,42819.318701667136,0.9625
2050-01-25 16:00:00,593,41444.6517428292,0.9316
2050-01-25 17:00:00,594,40096.6773462988,0.9013000000000001
2050-01-25 18:00:00,595,39126.84758245844,0.8795000000000001
2050-01-25 19:00:00,596,38681.971543999556,0.8694999999999999
2050-01-25 20:00:00,597,38548.508732461894,0.8665
2050-01-25 21:00:00,598,38286.031869771155,0.8606
2050-01-25 22:00:00,599,37400.72855323799,0.8407000000000001
2050-01-25 23:00:00,600,35487.7615878648,0.7976999999999999
2050-01-26 00:00:00,601,33049.840897110145,0.7429
2050-01-26 01:00:00,602,33049.840897110145,0.7429
2050-01-26 02:00:00,603,33494.71693556903,0.7529
2050-01-26 03:00:00,604,33147.7136255711,0.7451
2050-01-26 04:00:00,605,33209.996270955344,0.7465
2050-01-26 05:00:00,606,34562.419427870336,0.7769
2050-01-26 06:00:00,607,37351.79218900751,0.8396
2050-01-26 07:00:00,608,40732.850081294986,0.9155999999999999
2050-01-26 08:00:00,609,43277.54102127979,0.9728000000000001
2050-01-26 09:00:00,610,44265.16582665849,0.995
2050-01-26 10:00:00,611,44291.85838896603,0.9956
2050-01-26 11:00:00,612,44314.102190888974,0.9961000000000001
2050-01-26 12:00:00,613,44487.603845887934,1.0
2050-01-26 13:00:00,614,44487.603845887934,1.0
2050-01-26 14:00:00,615,43909.2649958914,0.9870000000000001
2050-01-26 15:00:00,616,42819.318701667136,0.9625
2050-01-26 16:00:00,617,41444.6517428292,0.9316
2050-01-26 17:00:00,618,40096.6773462988,0.9013000000000001
2050-01-26 18:00:00,619,39126.84758245844,0.8795000000000001
2050-01-26 19:00:00,620,38681.971543999556,0.8694999999999999
2050-01-26 20:00:00,621,38548.508732461894,0.8665
2050-01-26 21:00:00,622,38286.031869771155,0.8606
2050-01-26 22:00:00,623,37400.72855323799,0.8407000000000001
2050-01-26 23:00:00,624,35487.7615878648,0.7976999999999999
2050-01-27 00:00:00,625,33049.840897110145,0.7429
2050-01-27 01:00:00,626,33049.840897110145,0.7429
2050-01-27 02:00:00,627,33494.71693556903,0.7529
2050-01-27 03:00:00,628,33147.7136255711,0.7451
2050-01-27 04:00:00,629,33209.996270955344,0.7465
2050-01-27 05:00:00,630,34562.419427870336,0.7769
2050-01-27 06:00:00,631,37351.79218900751,0.8396
2050-01-27 07:00:00,632,40732.850081294986,0.9155999999999999
2050-01-27 08:00:00,633,43277.54102127979,0.9728000000000001
2050-01-27 09:00:00,634,44265.16582665849,0.995
2050-01-27 10:00:00,635,44291.85838896603,0.9956
2050-01-27 11:00:00,636,44314.102190888974,0.9961000000000001
2050-01-27 12:00:00,637,44487.603845887934,1.0
2050-01-27 13:00:00,638,44487.603845887934,1.0
2050-01-27 14:00:00,639,43909.2649958914,0.9870000000000001
2050-01-27 15:00:00,640,42819.318701667136,0.9625
2050-01-27 16:00:00,641,41444.6517428292,0.9316
2050-01-27 17:00:00,642,40096.6773462988,0.9013000000000001
2050-01-27 18:00:00,643,39126.84758245844,0.8795000000000001
2050-01-27 19:00:00,644,38681.971543999556,0.8694999999999999
2050-01-27 20:00:00,645,38548.508732461894,0.8665
2050-01-27 21:00:00,646,38286.031869771155,0.8606
2050-01-27 22:00:00,647,37400.72855323799,0.8407000000000001
2050-01-27 23:00:00,648,35487.7615878648,0.7976999999999999
2050-01-28 00:00:00,649,33049.840897110145,0.7429
2050-01-28 01:00:00,650,33049.840897110145,0.7429
2050-01-28 02:00:00,651,33494.71693556903,0.7529
2050-01-28 03:00:00,652,33147.7136255711,0.7451
2050-01-28 04:00:00,653,33209.996270955344,0.7465
2050-01-28 05:00:00,654,34562.419427870336,0.7769
2050-01-28 06:00:00,655,37351.79218900751,0.8396
2050-01-28 07:00:00,656,40732.850081294986,0.9155999999999999
2050-01-28 08:00:00,657,43277.54102127979,0.9728000000000001
2050-01-28 09:00:00,658,44265.16582665849,0.995
2050-01-28 10:00:00,659,44291.85838896603,0.9956
2050-01-28 11:00:00,660,44314.102190888974,0.9961000000000001
2050-01-28 12:00:00,661,44487.603845887934,1.0
2050-01-28 13:00:00,662,44487.603845887934,1.0
2050-01-28 14:00:00,663,43909.2649958914,0.9870000000000001
2050-01-28 15:00:00,664,42819.318701667136,0.9625
2050-01-28 16:00:00,665,41444.6517428292,0.9316
2050-01-28 17:00:00,666,40096.6773462988,0.9013000000000001
2050-01-28 18:00:00,667,39126.84758245844,0.8795000000000001
2050-01-28 19:00:00,668,38681.971543999556,0.8694999999999999
2050-01-28 20:00:00,669,38548.508732461894,0.8665
2050-01-28 21:00:00,670,38286.031869771155,0.8606
2050-01-28 22:00:00,671,37400.72855323799,0.8407000000000001
2050-01-28 23:00:00,672,35487.7615878648,0.7976999999999999
2050-01-29 00:00:00,673,22288.289526789857,0.501
2050-01-29 01:00:00,674,22288.289526789857,0.501
2050-01-29 02:00:00,675,20615.555622184467,0.4634
2050-01-29 03:00:00,676,19796.983711420133,0.44500000000000006
2050-01-29 04:00:00,677,19592.34073372905,0.44040000000000007
2050-01-29 05:00:00,678,19739.149826420475,0.4437
2050-01-29 06:00:00,679,19983.83164757286,0.44920000000000004
2050-01-29 07:00:00,680,20152.884542187236,0.453
2050-01-29 08:00:00,681,20210.718427186886,0.4543
2050-01-29 09:00:00,682,20215.167187571482,0.4544000000000001
2050-01-29 10:00:00,683,20224.064708340655,0.4546
2050-01-29 11:00:00,684,20246.3085102636,0.4551
2050-01-29 12:00:00,685,20255.206031032772,0.4552999999999999
2050-01-29 13:00:00,686,20192.923385648537,0.4539000000000001
2050-01-29 14:00:00,687,19992.72916834204,0.4494000000000001
2050-01-29 15:00:00,688,19667.969660267056,0.4421
2050-01-29 16:00:00,689,19338.761391807482,0.4346999999999999
2050-01-29 17:00:00,690,19120.772132962637,0.42980000000000007
2050-01-29 18:00:00,691,19009.553123347912,0.42729999999999996
2050-01-29 19:00:00,692,18951.719238348258,0.42599999999999993
2050-01-29 20:00:00,693,18965.06551950203,0.42630000000000007
2050-01-29 21:00:00,694,19200.849819885232,0.4316
2050-01-29 22:00:00,695,19881.510158727317,0.44689999999999996
2050-01-29 23:00:00,696,21282.86967987279,0.47840000000000005
2050-01-30 00:00:00,697,22288.289526789857,0.501
2050-01-30 01:00:00,698,22288.289526789857,0.501
2050-01-30 02:00:00,699,20615.555622184467,0.4634
2050-01-30 03:00:00,700,19796.983711420133,0.44500000000000006
2050-01-30 04:00:00,701,19592.34073372905,0.44040000000000007
2050-01-30 05:00:00,702,19739.149826420475,0.4437
2050-01-30 06:00:00,703,19983.83164757286,0.44920000000000004
2050-01-30 07:00:00,704,20152.884542187236,0.453
2050-01-30 08:00:00,705,20210.718427186886,0.4543
2050-01-30 09:00:00,706,20215.167187571482,0.4544000000000001
2050-01-30 10:00:00,707,20224.064708340655,0.4546
2050-01-30 11:00:00,708,20246.3085102636,0.4551
2050-01-30 12:00:00,709,20255.206031032772,0.4552999999999999
2050-01-30 13:00:00,710,20192.923385648537,0.4539000000000001
2050-01-30 14:00:00,711,19992.72916834204,0.4494000000000001
2050-01-30 15:00:00,712,19667.969660267056,0.4421
2050-01-30 16:00:00,713,19338.761391807482,0.4346999999999999
2050-01-30 17:00:00,714,19120.772132962637,0.42980000000000007
2050-01-30 18:00:00,715,19009.553123347912,0.42729999999999996
2050-01-30 19:00:00,716,18951.719238348258,0.42599999999999993
2050-01-30 20:00:00,717,18965.06551950203,0.42630000000000007
2050-01-30 21:00:00,718,19200.849819885232,0.4316
2050-01-30 22:00:00,719,19881.510158727317,0.44689999999999996
2050-01-30 23:00:00,720,21282.86967987279,0.47840000000000005
2050-01-31 00:00:00,721,33049.840897110145,0.7429
2050-01-31 01:00:00,722,33049.840897110145,0.7429
2050-01-31 02:00:00,723,33494.71693556903,0.7529
2050-01-31 03:00:00,724,33147.7136255711,0.7451
2050-01-31 04:00:00,725,33209.996270955344,0.7465
2050-01-31 05:00:00,726,34562.419427870336,0.7769
2050-01-31 06:00:00,727,37351.79218900751,0.8396
2050-01-31 07:00:00,728,40732.850081294986,0.9155999999999999
2050-01-31 08:00:00,729,43277.54102127979,0.9728000000000001
2050-01-31 09:00:00,730,44265.16582665849,0.995
2050-01-31 10:00:00,731,44291.85838896603,0.9956
2050-01-31 11:00:00,732,44314.102190888974,0.9961000000000001
2050-01-31 12:00:00,733,44487.603845887934,1.0
2050-01-31 13:00:00,734,44487.603845887934,1.0
2050-01-31 14:00:00,735,43909.2649958914,0.9870000000000001
2050-01-31 15:00:00,736,42819.318701667136,0.9625
2050-01-31 16:00:00,737,41444.6517428292,0.9316
2050-01-31 17:00:00,738,40096.6773462988,0.9013000000000001
2050-01-31 18:00:00,739,39126.84758245844,0.8795000000000001
2050-01-31 19:00:00,740,38681.971543999556,0.8694999999999999
2050-01-31 20:00:00,741,38548.508732461894,0.8665
2050-01-31 21:00:00,742,38286.031869771155,0.8606
2050-01-31 22:00:00,743,37400.72855323799,0.8407000000000001
2050-01-31 23:00:00,744,35487.7615878648,0.7976999999999999
2050-02-01 00:00:00,745,33049.840897110145,0.7429
2050-02-01 01:00:00,746,33049.840897110145,0.7429
2050-02-01 02:00:00,747,33494.71693556903,0.7529
2050-02-01 03:00:00,748,33147.7136255711,0.7451
2050-02-01 04:00:00,749,33209.996270955344,0.7465
2050-02-01 05:00:00,750,34562.419427870336,0.7769
2050-02-01 06:00:00,751,37351.79218900751,0.8396
2050-02-01 07:00:00,752,40732.850081294986,0.9155999999999999
2050-02-01 08:00:00,753,43277.54102127979,0.9728000000000001
2050-02-01 09:00:00,754,44265.16582665849,0.995
2050-02-01 10:00:00,755,44291.85838896603,0.9956
2050-02-01 11:00:00,756,44314.102190888974,0.9961000000000001
2050-02-01 12:00:00,757,44487.603845887934,1.0
2050-02-01 13:00:00,758,44487.603845887934,1.0
2050-02-01 14:00:00,759,43909.2649958914,0.9870000000000001
2050-02-01 15:00:00,760,42819.318701667136,0.9625
2050-02-01 16:00:00,761,41444.6517428292,0.9316
2050-02-01 17:00:00,762,40096.6773462988,0.9013000000000001
2050-02-01 18:00:00,763,39126.84758245844,0.8795000000000001
2050-02-01 19:00:00,764,38681.971543999556,0.8694999999999999
2050-02-01 20:00:00,765,38548.508732461894,0.8665
2050-02-01 21:00:00,766,38286.031869771155,0.8606
2050-02-01 22:00:00,767,37400.72855323799,0.8407000000000001
2050-02-01 23:00:00,768,35487.7615878648,0.7976999999999999
2050-02-02 00:00:00,769,33049.840897110145,0.7429
2050-02-02 01:00:00,770,33049.840897110145,0.7429
2050-02-02 02:00:00,771,33494.71693556903,0.7529
2050-02-02 03:00:00,772,33147.7136255711,0.7451
2050-02-02 04:00:00,773,33209.996270955344,0.7465
2050-02-02 05:00:00,774,34562.419427870336,0.7769
2050-02-02 06:00:00,775,37351.79218900751,0.8396
2050-02-02 07:00:00,776,40732.850081294986,0.9155999999999999
2050-02-02 08:00:00,777,43277.54102127979,0.9728000000000001
2050-02-02 09:00:00,778,44265.16582665849,0.995
2050-02-02 10:00:00,779,44291.85838896603,0.9956
2050-02-02 11:00:00,780,44314.102190888974,0.9961000000000001
2050-02-02 12:00:00,781,44487.603845887934,1.0
2050-02-02 13:00:00,782,44487.603845887934,1.0
2050-02-02 14:00:00,783,43909.2649958914,0.9870000000000001
2050-02-02 15:00:00,784,42819.318701667136,0.9625
2050-02-02 16:00:00,785,41444.6517428292,0.9316
2050-02-02 17:00:00,786,40096.6773462988,0.9013000000000001
2050-02-02 18:00:00,787,39126.84758245844,0.8795000000000001
2050-02-02 19:00:00,788,38681.971543999556,0.8694999999999999
2050-02-02 20:00:00,789,38548.508732461894,0.8665
2050-02-02 21:00:00,790,38286.031869771155,0.8606
2050-02-02 22:00:00,791,37400.72855323799,0.8407000000000001
2050-02-02 23:00:00,792,35487.7615878648,0.7976999999999999
2050-02-03 00:00:00,793,33049.840897110145,0.7429
2050-02-03 01:00:00,794,33049.840897110145,0.7429
2050-02-03 02:00:00,795,33494.71693556903,0.7529
2050-02-03 03:00:00,796,33147.7136255711,0.7451
2050-02-03 04:00:00,797,33209.996270955344,0.7465
2050-02-03 05:00:00,798,34562.419427870336,0.7769
2050-02-03 06:00:00,799,37351.79218900751,0.8396
2050-02-03 07:00:00,800,40732.850081294986,0.9155999999999999
2050-02-03 08:00:00,801,43277.54102127979,0.9728000000000001
2050-02-03 09:00:00,802,44265.16582665849,0.995
2050-02-03 10:00:00,803,44291.85838896603,0.9956
2050-02-03 11:00:00,804,44314.102190888974,0.9961000000000001
2050-02-03 12:00:00,805,44487.603845887934,1.0
2050-02-03 13:00:00,806,44487.603845887934,1.0
2050-02-03 14:00:00,807,43909.2649958914,0.9870000000000001
2050-02-03 15:00:00,808,42819.318701667136,0.9625
2050-02-03 16:00:00,809,41444.6517428292,0.9316
2050-02-03 17:00:00,810,40096.6773462988,0.9013000000000001
2050-02-03 18:00:00,811,39126.84758245844,0.8795000000000001
2050-02-03 19:00:00,812,38681.971543999556,0.8694999999999999
2050-02-03 20:00:00,813,38548.508732461894,0.8665
2050-02-03 21:00:00,814,38286.031869771155,0.8606
2050-02-03 22:00:00,815,37400.72855323799,0.8407000000000001
2050-02-03 23:00:00,816,35487.7615878648,0.7976999999999999
2050-02-04 00:00:00,817,33049.840897110145,0.7429
2050-02-04 01:00:00,818,33049.840897110145,0.7429
2050-02-04 02:00:00,819,33494.71693556903,0.7529
2050-02-04 03:00:00,820,33147.7136255711,0.7451
2050-02-04 04:00:00,821,33209.996270955344,0.7465
2050-02-04 05:00:00,822,34562.419427870336,0.7769
2050-02-04 06:00:00,823,37351.79218900751,0.8396
2050-02-04 07:00:00,824,40732.850081294986,0.9155999999999999
2050-02-04 08:00:00,825,43277.54102127979,0.9728000000000001
2050-02-04 09:00:00,826,44265.16582665849,0.995
2050-02-04 10:00:00,827,44291.85838896603,0.9956
2050-02-04 11:00:00,828,44314.102190888974,0.9961000000000001
2050-02-04 12:00:00,829,44487.603845887934,1.0
2050-02-04 13:00:00,830,44487.603845887934,1.0
2050-02-04 14:00:00,831,43909.2649958914,0.9870000000000001
2050-02-04 15:00:00,832,42819.318701667136,0.9625
2050-02-04 16:00:00,833,41444.6517428292,0.9316
2050-02-04 17:00:00,834,40096.6773462988,0.9013000000000001
2050-02-04 18:00:00,835,39126.84758245844,0.8795000000000001
2050-02-04 19:00:00,836,38681.971543999556,0.8694999999999999
2050-02-04 20:00:00,837,38548.508732461894,0.8665
2050-02-04 21:00:00,838,38286.031869771155,0.8606
2050-02-04 22:00:00,839,37400.72855323799,0.8407000000000001
2050-02-04 23:00:00,840,35487.7615878648,0.7976999999999999
2050-02-05 00:00:00,841,22288.289526789857,0.501
2050-02-05 01:00:00,842,22288.289526789857,0.501
2050-02-05 02:00:00,843,20615.555622184467,0.4634
2050-02-05 03:00:00,844,19796.983711420133,0.44500000000000006
2050-02-05 04:00:00,845,19592.34073372905,0.44040000000000007
2050-02-05 05:00:00,846,19739.149826420475,0.4437
2050-02-05 06:00:00,847,19983.83164757286,0.44920000000000004
2050-02-05 07:00:00,848,20152.884542187236,0.453
2050-02-05 08:00:00,849,20210.718427186886,0.4543
2050-02-05 09:00:00,850,20215.167187571482,0.4544000000000001
2050-02-05 10:00:00,851,20224.064708340655,0.4546
2050-02-05 11:00:00,852,20246.3085102636,0.4551
2050-02-05 12:00:00,853,20255.206031032772,0.4552999999999999
2050-02-05 13:00:00,854,20192.923385648537,0.4539000000000001
2050-02-05 14:00:00,855,19992.72916834204,0.4494000000000001
2050-02-05 15:00:00,856,19667.969660267056,0.4421
2050-02-05 16:00:00,857,19338.761391807482,0.4346999999999999
2050-02-05 17:00:00,858,19120.772132962637,0.42980000000000007
2050-02-05 18:00:00,859,19009.553123347912,0.42729999999999996
2050-02-05 19:00:00,860,18951.719238348258,0.42599999999999993
2050-02-05 20:00:00,861,18965.06551950203,0.42630000000000007
2050-02-05 21:00:00,862,19200.849819885232,0.4316
2050-02-05 22:00:00,863,19881.510158727317,0.44689999999999996
2050-02-05 23:00:00,864,21282.86967987279,0.47840000000000005
2050-02-06 00:00:00,865,22288.289526789857,0.501
2050-02-06 01:00:00,866,22288.289526789857,0.501
2050-02-06 02:00:00,867,20615.555622184467,0.4634
2050-02-06 03:00:00,868,19796.983711420133,0.44500000000000006
2050-02-06 04:00:00,869,19592.34073372905,0.44040000000000007
2050-02-06 05:00:00,870,19739.149826420475,0.4437
2050-02-06 06:00:00,871,19983.83164757286,0.44920000000000004
2050-02-06 07:00:00,872,20152.884542187236,0.453
2050-02-06 08:00:00,873,20210.718427186886,0.4543
2050-02-06 09:00:00,874,20215.167187571482,0.4544000000000001
2050-02-06 10:00:00,875,20224.064708340655,0.4546
2050-02-06 11:00:00,876,20246.3085102636,0.4551
2050-02-06 12:00:00,877,20255.206031032772,0.4552999999999999
2050-02-06 13:00:00,878,20192.923385648537,0.4539000000000001
2050-02-06 14:00:00,879,19992.72916834204,0.4494000000000001
2050-02-06 15:00:00,880,19667.969660267056,0.4421
2050-02-06 16:00:00,881,19338.761391807482,0.4346999999999999
2050-02-06 17:00:00,882,19120.772132962637,0.42980000000000007
2050-02-06 18:00:00,883,19009.553123347912,0.42729999999999996
2050-02-06 19:00:00,884,18951.719238348258,0.42599999999999993
2050-02-06 20:00:00,885,18965.06551950203,0.42630000000000007
2050-02-06 21:00:00,886,19200.849819885232,0.4316
2050-02-06 22:00:00,887,19881.510158727317,0.44689999999999996
2050-02-06 23:00:00,888,21282.86967987279,0.47840000000000005
2050-02-07 00:00:00,889,33049.840897110145,0.7429
2050-02-07 01:00:00,890,33049.840897110145,0.7429
2050-02-07 02:00:00,891,33494.71693556903,0.7529
2050-02-07 03:00:00,892,33147.7136255711,0.7451
2050-02-07 04:00:00,893,33209.996270955344,0.7465
2050-02-07 05:00:00,894,34562.419427870336,0.7769
2050-02-07 06:00:00,895,37351.79218900751,0.8396
2050-02-07 07:00:00,896,40732.850081294986,0.9155999999999999
2050-02-07 08:00:00,897,43277.54102127979,0.9728000000000001
2050-02-07 09:00:00,898,44265.16582665849,0.995
2050-02-07 10:00:00,899,44291.85838896603,0.9956
2050-02-07 11:00:00,900,44314.102190888974,0.9961000000000001
2050-02-07 12:00:00,901,44487.603845887934,1.0
2050-02-07 13:00:00,902,44487.603845887934,1.0
2050-02-07 14:00:00,903,43909.2649958914,0.9870000000000001
2050-02-07 15:00:00,904,42819.318701667136,0.9625
2050-02-07 16:00:00,905,41444.6517428292,0.9316
2050-02-07 17:00:00,906,40096.6773462988,0.9013000000000001
2050-02-07 18:00:00,907,39126.84758245844,0.8795000000000001
2050-02-07 19:00:00,908,38681.971543999556,0.8694999999999999
2050-02-07 20:00:00,909,38548.508732461894,0.8665
2050-02-07 21:00:00,910,38286.031869771155,0.8606
2050-02-07 22:00:00,911,37400.72855323799,0.8407000000000001
2050-02-07 23:00:00,912,35487.7615878648,0.7976999999999999
2050-02-08 00:00:00,913,33049.840897110145,0.7429
2050-02-08 01:00:00,914,33049.840897110145,0.7429
2050-02-08 02:00:00,915,33494.71693556903,0.7529
2050-02-08 03:00:00,916,33147.7136255711,0.7451
2050-02-08 04:00:00,917,33209.996270955344,0.7465
2050-02-08 05:00:00,918,34562.419427870336,0.7769
2050-02-08 06:00:00,919,37351.79218900751,0.8396
2050-02-08 07:00:00,920,40732.850081294986,0.9155999999999999
2050-02-08 08:00:00,921,43277.54102127979,0.9728000000000001
2050-02-08 09:00:00,922,44265.16582665849,0.995
2050-02-08 10:00:00,923,44291.85838896603,0.9956
2050-02-08 11:00:00,924,44314.102190888974,0.9961000000000001
2050-02-08 12:00:00,925,44487.603845887934,1.0
2050-02-08 13:00:00,926,44487.603845887934,1.0
2050-02-08 14:00:00,927,43909.2649958914,0.9870000000000001
2050-02-08 15:00:00,928,42819.318701667136,0.9625
2050-02-08 16:00:00,929,41444.6517428292,0.9316
2050-02-08 17:00:00,930,40096.6773462988,0.9013000000000001
2050-02-08 18:00:00,931,39126.84758245844,0.8795000000000001
2050-02-08 19:00:00,932,38681.971543999556,0.8694999999999999
2050-02-08 20:00:00,933,38548.508732461894,0.8665
2050-02-08 21:00:00,934,38286.031869771155,0.8606
2050-02-08 22:00:00,935,37400.72855323799,0.8407000000000001
2050-02-08 23:00:00,936,35487.7615878648,0.7976999999999999
2050-02-09 00:00:00,937,33049.840897110145,0.7429
2050-02-09 01:00:00,938,33049.840897110145,0.7429
2050-02-09 02:00:00,939,33494.71693556903,0.7529
2050-02-09 03:00:00,940,33147.7136255711,0.7451
2050-02-09 04:00:00,941,33209.996270955344,0.7465
2050-02-09 05:00:00,942,34562.419427870336,0.7769
2050-02-09 06:00:00,943,37351.79218900751,0.8396
2050-02-09 07:00:00,944,40732.850081294986,0.9155999999999999
2050-02-09 08:00:00,945,43277.54102127979,0.9728000000000001
2050-02-09 09:00:00,946,44265.16582665849,0.995
2050-02-09 10:00:00,947,44291.85838896603,0.9956
2050-02-09 11:00:00,948,44314.102190888974,0.9961000000000001
2050-02-09 12:00:00,949,44487.603845887934,1.0
2050-02-09 13:00:00,950,44487.603845887934,1.0
2050-02-09 14:00:00,951,43909.2649958914,0.9870000000000001
2050-02-09 15:00:00,952,42819.318701667136,0.9625
2050-02-09 16:00:00,953,41444.6517428292,0.9316
2050-02-09 17:00:00,954,40096.6773462988,0.9013000000000001
2050-02-09 18:00:00,955,39126.84758245844,0.8795000000000001
2050-02-09 19:00:00,956,38681.971543999556,0.8694999999999999
2050-02-09 20:00:00,957,38548.508732461894,0.8665
2050-02-09 21:00:00,958,38286.031869771155,0.8606
2050-02-09 22:00:00,959,37400.72855323799,0.8407000000000001
2050-02-09 23:00:00,960,35487.7615878648,0.7976999999999999
2050-02-10 00:00:00,961,33049.840897110145,0.7429
2050-02-10 01:00:00,962,33049.840897110145,0.7429
2050-02-10 02:00:00,963,33494.71693556903,0.7529
2050-02-10 03:00:00,964,33147.7136255711,0.7451
2050-02-10 04:00:00,965,33209.996270955344,0.7465
2050-02-10 05:00:00,966,34562.419427870336,0.7769
2050-02-10 06:00:00,967,37351.79218900751,0.8396
2050-02-10 07:00:00,968,40732.850081294986,0.9155999999999999
2050-02-10 08:00:00,969,43277.54102127979,0.9728000000000001
2050-02-10 09:00:00,970,44265.16582665849,0.995
2050-02-10 10:00:00,971,44291.85838896603,0.9956
2050-02-10 11:00:00,972,44314.102190888974,0.9961000000000001
2050-02-10 12:00:00,973,44487.603845887934,1.0
2050-02-10 13:00:00,974,44487.603845887934,1.0
2050-02-10 14:00:00,975,43909.2649958914,0.9870000000000001
2050-02-10 15:00:00,976,42819.318701667136,0.9625
2050-02-10 16:00:00,977,41444.6517428292,0.9316
2050-02-10 17:00:00,978,40096.6773462988,0.9013000000000001
2050-02-10 18:00:00,979,39126.84758245844,0.8795000000000001
2050-02-10 19:00:00,980,38681.971543999556,0.8694999999999999
2050-02-10 20:00:00,981,38548.508732461894,0.8665
2050-02-10 21:00:00,982,38286.031869771155,0.8606
2050-02-10 22:00:00,983,37400.72855323799,0.8407000000000001
2050-02-10 23:00:00,984,35487.7615878648,0.7976999999999999
2050-02-11 00:00:00,985,33049.840897110145,0.7429
2050-02-11 01:00:00,986,33049.840897110145,0.7429
2050-02-11 02:00:00,987,33494.71693556903,0.7529
2050-02-11 03:00:00,988,33147.7136255711,0.7451
2050-02-11 04:00:00,989,33209.996270955344,0.7465
2050-02-11 05:00:00,990,34562.419427870336,0.7769
2050-02-11 06:00:00,991,37351.79218900751,0.8396
2050-02-11 07:00:00,992,40732.850081294986,0.9155999999999999
2050-02-11 08:00:00,993,43277.54102127979,0.9728000000000001
2050-02-11 09:00:00,994,44265.16582665849,0.995
2050-02-11 10:00:00,995,44291.85838896603,0.9956
2050-02-11 11:00:00,996,44314.102190888974,0.9961000000000001
2050-02-11 12:00:00,997,44487.603845887934,1.0
2050-02-11 13:00:00,998,44487.603845887934,1.0
2050-02-11 14:00:00,999,43909.2649958914,0.9870000000000001
2050-02-11 15:00:00,1000,42819.318701667136,0.9625
2050-02-11 16:00:00,1001,41444.6517428292,0.9316
2050-02-11 17:00:00,1002,40096.6773462988,0.9013000000000001
2050-02-11 18:00:00,1003,39126.84758245844,0.8795000000000001
2050-02-11 19:00:00,1004,38681.971543999556,0.8694999999999999
2050-02-11 20:00:00,1005,38548.508732461894,0.8665
2050-02-11 21:00:00,1006,38286.031869771155,0.8606
2050-02-11 22:00:00,1007,37400.72855323799,0.8407000000000001
2050-02-11 23:00:00,1008,35487.7615878648,0.7976999999999999
2050-02-12 00:00:00,1009,22288.289526789857,0.501
2050-02-12 01:00:00,1010,22288.289526789857,0.501
2050-02-12 02:00:00,1011,20615.555622184467,0.4634
2050-02-12 03:00:00,1012,19796.983711420133,0.44500000000000006
2050-02-12 04:00:00,1013,19592.34073372905,0.44040000000000007
2050-02-12 05:00:00,1014,19739.149826420475,0.4437
2050-02-12 06:00:00,1015,19983.83164757286,0.44920000000000004
2050-02-12 07:00:00,1016,20152.884542187236,0.453
2050-02-12 08:00:00,1017,20210.718427186886,0.4543
2050-02-12 09:00:00,1018,20215.167187571482,0.4544000000000001
2050-02-12 10:00:00,1019,20224.064708340655,0.4546
2050-02-12 11:00:00,1020,20246.3085102636,0.4551
2050-02-12 12:00:00,1021,20255.206031032772,0.4552999999999999
2050-02-12 13:00:00,1022,20192.923385648537,0.4539000000000001
2050-02-12 14:00:00,1023,19992.72916834204,0.4494000000000001
2050-02-12 15:00:00,1024,19667.969660267056,0.4421
2050-02-12 16:00:00,1025,19338.761391807482,0.4346999999999999
2050-02-12 17:00:00,1026,19120.772132962637,0.42980000000000007
2050-02-12 18:00:00,1027,19009.553123347912,0.42729999999999996
2050-02-12 19:00:00,1028,18951.719238348258,0.42599999999999993
2050-02-12 20:00:00,1029,18965.06551950203,0.42630000000000007
2050-02-12 21:00:00,1030,19200.849819885232,0.4316
2050-02-12 22:00:00,1031,19881.510158727317,0.44689999999999996
2050-02-12 23:00:00,1032,21282.86967987279,0.47840000000000005
2050-02-13 00:00:00,1033,22288.289526789857,0.501
2050-02-13 01:00:00,1034,22288.289526789857,0.501
2050-02-13 02:00:00,1035,20615.555622184467,0.4634
2050-02-13 03:00:00,1036,19796.983711420133,0.44500000000000006
2050-02-13 04:00:00,1037,19592.34073372905,0.44040000000000007
2050-02-13 05:00:00,1038,19739.149826420475,0.4437
2050-02-13 06:00:00,1039,19983.83164757286,0.44920000000000004
2050-02-13 07:00:00,1040,20152.884542187236,0.453
2050-02-13 08:00:00,1041,20210.718427186886,0.4543
2050-02-13 09:00:00,1042,20215.167187571482,0.4544000000000001
2050-02-13 10:00:00,1043,20224.064708340655,0.4546
2050-02-13 11:00:00,1044,20246.3085102636,0.4551
2050-02-13 12:00:00,1045,20255.206031032772,0.4552999999999999
2050-02-13 13:00:00,1046,20192.923385648537,0.4539000000000001
2050-02-13 14:00:00,1047,19992.72916834204,0.4494000000000001
2050-02-13 15:00:00,1048,19667.969660267056,0.4421
2050-02-13 16:00:00,1049,19338.761391807482,0.4346999999999999
2050-02-13 17:00:00,1050,19120.772132962637,0.42980000000000007
2050-02-13 18:00:00,1051,19009.553123347912,0.42729999999999996
2050-02-13 19:00:00,1052,18951.719238348258,0.42599999999999993
2050-02-13 20:00:00,1053,18965.06551950203,0.42630000000000007
2050-02-13 21:00:00,1054,19200.849819885232,0.4316
2050-02-13 22:00:00,1055,19881.510158727317,0.44689999999999996
2050-02-13 23:00:00,1056,21282.86967987279,0.47840000000000005
2050-02-14 00:00:00,1057,33049.840897110145,0.7429
2050-02-14 01:00:00,1058,33049.840897110145,0.7429
2050-02-14 02:00:00,1059,33494.71693556903,0.7529
2050-02-14 03:00:00,1060,33147.7136255711,0.7451
2050-02-14 04:00:00,1061,33209.996270955344,0.7465
2050-02-14 05:00:00,1062,34562.419427870336,0.7769
2050-02-14 06:00:00,1063,37351.79218900751,0.8396
2050-02-14 07:00:00,1064,40732.850081294986,0.9155999999999999
2050-02-14 08:00:00,1065,43277.54102127979,0.9728000000000001
2050-02-14 09:00:00,1066,44265.16582665849,0.995
2050-02-14 10:00:00,1067,44291.85838896603,0.9956
2050-02-14 11:00:00,1068,44314.102190888974,0.9961000000000001
2050-02-14 12:00:00,1069,44487.603845887934,1.0
2050-02-14 13:00:00,1070,44487.603845887934,1.0
2050-02-14 14:00:00,1071,43909.2649958914,0.9870000000000001
2050-02-14 15:00:00,1072,42819.318701667136,0.9625
2050-02-14 16:00:00,1073,41444.6517428292,0.9316
2050-02-14 17:00:00,1074,40096.6773462988,0.9013000000000001
2050-02-14 18:00:00,1075,39126.84758245844,0.8795000000000001
2050-02-14 19:00:00,1076,38681.971543999556,0.8694999999999999
2050-02-14 20:00:00,1077,38548.508732461894,0.8665
2050-02-14 21:00:00,1078,38286.031869771155,0.8606
2050-02-14 22:00:00,1079,37400.72855323799,0.8407000000000001
2050-02-14 23:00:00,1080,35487.7615878648,0.7976999999999999
2050-02-15 00:00:00,1081,33049.840897110145,0.7429
2050-02-15 01:00:00,1082,33049.840897110145,0.7429
2050-02-15 02:00:00,1083,33494.71693556903,0.7529
2050-02-15 03:00:00,1084,33147.7136255711,0.7451
2050-02-15 04:00:00,1085,33209.996270955344,0.7465
2050-02-15 05:00:00,1086,34562.419427870336,0.7769
2050-02-15 06:00:00,1087,37351.79218900751,0.8396
2050-02-15 07:00:00,1088,40732.850081294986,0.9155999999999999
2050-02-15 08:00:00,1089,43277.54102127979,0.9728000000000001
2050-02-15 09:00:00,1090,44265.16582665849,0.995
2050-02-15 10:00:00,1091,44291.85838896603,0.9956
2050-02-15 11:00:00,1092,44314.102190888974,0.9961000000000001
2050-02-15 12:00:00,1093,44487.603845887934,1.0
2050-02-15 13:00:00,1094,44487.603845887934,1.0
2050-02-15 14:00:00,1095,43909.2649958914,0.9870000000000001
2050-02-15 15:00:00,1096,42819.318701667136,0.9625
2050-02-15 16:00:00,1097,41444.6517428292,0.9316
2050-02-15 17:00:00,1098,40096.6773462988,0.9013000000000001
2050-02-15 18:00:00,1099,39126.84758245844,0.8795000000000001
2050-02-15 19:00:00,1100,38681.971543999556,0.8694999999999999
2050-02-15 20:00:00,1101,38548.508732461894,0.8665
2050-02-15 21:00:00,1102,38286.031869771155,0.8606
2050-02-15 22:00:00,1103,37400.72855323799,0.8407000000000001
2050-02-15 23:00:00,1104,35487.7615878648,0.7976999999999999
2050-02-16 00:00:00,1105,33049.840897110145,0.7429
2050-02-16 01:00:00,1106,33049.840897110145,0.7429
2050-02-16 02:00:00,1107,33494.71693556903,0.7529
2050-02-16 03:00:00,1108,33147.7136255711,0.7451
2050-02-16 04:00:00,1109,33209.996270955344,0.7465
2050-02-16 05:00:00,1110,34562.419427870336,0.7769
2050-02-16 06:00:00,1111,37351.79218900751,0.8396
2050-02-16 07:00:00,1112,40732.850081294986,0.9155999999999999
2050-02-16 08:00:00,1113,43277.54102127979,0.9728000000000001
2050-02-16 09:00:00,1114,44265.16582665849,0.995
2050-02-16 10:00:00,1115,44291.85838896603,0.9956
2050-02-16 11:00:00,1116,44314.102190888974,0.9961000000000001
2050-02-16 12:00:00,1117,44487.603845887934,1.0
2050-02-16 13:00:00,1118,44487.603845887934,1.0
2050-02-16 14:00:00,1119,43909.2649958914,0.9870000000000001
2050-02-16 15:00:00,1120,42819.318701667136,0.9625
2050-02-16 16:00:00,1121,41444.6517428292,0.9316
2050-02-16 17:00:00,1122,40096.6773462988,0.9013000000000001
2050-02-16 18:00:00,1123,39126.84758245844,0.8795000000000001
2050-02-16 19:00:00,1124,38681.971543999556,0.8694999999999999
2050-02-16 20:00:00,1125,38548.508732461894,0.8665
2050-02-16 21:00:00,1126,38286.031869771155,0.8606
2050-02-16 22:00:00,1127,37400.72855323799,0.8407000000000001
2050-02-16 23:00:00,1128,35487.7615878648,0.7976999999999999
2050-02-17 00:00:00,1129,33049.840897110145,0.7429
2050-02-17 01:00:00,1130,33049.840897110145,0.7429
2050-02-17 02:00:00,1131,33494.71693556903,0.7529
2050-02-17 03:00:00,1132,33147.7136255711,0.7451
2050-02-17 04:00:00,1133,33209.996270955344,0.7465
2050-02-17 05:00:00,1134,34562.419427870336,0.7769
2050-02-17 06:00:00,1135,37351.79218900751,0.8396
2050-02-17 07:00:00,1136,40732.850081294986,0.9155999999999999
2050-02-17 08:00:00,1137,43277.54102127979,0.9728000000000001
2050-02-17 09:00:00,1138,44265.16582665849,0.995
2050-02-17 10:00:00,1139,44291.85838896603,0.9956
2050-02-17 11:00:00,1140,44314.102190888974,0.9961000000000001
2050-02-17 12:00:00,1141,44487.603845887934,1.0
2050-02-17 13:00:00,1142,44487.603845887934,1.0
2050-02-17 14:00:00,1143,43909.2649958914,0.9870000000000001
2050-02-17 15:00:00,1144,42819.318701667136,0.9625
2050-02-17 16:00:00,1145,41444.6517428292,0.9316
2050-02-17 17:00:00,1146,40096.6773462988,0.9013000000000001
2050-02-17 18:00:00,1147,39126.84758245844,0.8795000000000001
2050-02-17 19:00:00,1148,38681.971543999556,0.8694999999999999
2050-02-17 20:00:00,1149,38548.508732461894,0.8665
2050-02-17 21:00:00,1150,38286.031869771155,0.8606
2050-02-17 22:00:00,1151,37400.72855323799,0.8407000000000001
2050-02-17 23:00:00,1152,35487.7615878648,0.7976999999999999
2050-02-18 00:00:00,1153,33049.840897110145,0.7429
2050-02-18 01:00:00,1154,33049.840897110145,0.7429
2050-02-18 02:00:00,1155,33494.71693556903,0.7529
2050-02-18 03:00:00,1156,33147.7136255711,0.7451
2050-02-18 04:00:00,1157,33209.996270955344,0.7465
2050-02-18 05:00:00,1158,34562.419427870336,0.7769
2050-02-18 06:00:00,1159,37351.79218900751,0.8396
2050-02-18 07:00:00,1160,40732.850081294986,0.9155999999999999
2050-02-18 08:00:00,1161,43277.54102127979,0.9728000000000001
2050-02-18 09:00:00,1162,44265.16582665849,0.995
2050-02-18 10:00:00,1163,44291.85838896603,0.9956
2050-02-18 11:00:00,1164,44314.102190888974,0.9961000000000001
2050-02-18 12:00:00,1165,44487.603845887934,1.0
2050-02-18 13:00:00,1166,44487.603845887934,1.0
2050-02-18 14:00:00,1167,43909.2649958914,0.9870000000000001
2050-02-18 15:00:00,1168,42819.318701667136,0.9625
2050-02-18 16:00:00,1169,41444.6517428292,0.9316
2050-02-18 17:00:00,1170,40096.6773462988,0.9013000000000001
2050-02-18 18:00:00,1171,39126.84758245844,0.8795000000000001
2050-02-18 19:00:00,1172,38681.971543999556,0.8694999999999999
2050-02-18 20:00:00,1173,38548.508732461894,0.8665
2050-02-18 21:00:00,1174,38286.031869771155,0.8606
2050-02-18 22:00:00,1175,37400.72855323799,0.8407000000000001
2050-02-18 23:00:00,1176,35487.7615878648,0.7976999999999999
2050-02-19 00:00:00,1177,22288.289526789857,0.501
2050-02-19 01:00:00,1178,22288.289526789857,0.501
2050-02-19 02:00:00,1179,20615.555622184467,0.4634
2050-02-19 03:00:00,1180,19796.983711420133,0.44500000000000006
2050-02-19 04:00:00,1181,19592.34073372905,0.44040000000000007
2050-02-19 05:00:00,1182,19739.149826420475,0.4437
2050-02-19 06:00:00,1183,19983.83164757286,0.44920000000000004
2050-02-19 07:00:00,1184,20152.884542187236,0.453
2050-02-19 08:00:00,1185,20210.718427186886,0.4543
2050-02-19 09:00:00,1186,20215.167187571482,0.4544000000000001
2050-02-19 10:00:00,1187,20224.064708340655,0.4546
2050-02-19 11:00:00,1188,20246.3085102636,0.4551
2050-02-19 12:00:00,1189,20255.206031032772,0.4552999999999999
2050-02-19 13:00:00,1190,20192.923385648537,0.4539000000000001
2050-02-19 14:00:00,1191,19992.72916834204,0.4494000000000001
2050-02-19 15:00:00,1192,19667.969660267056,0.4421
2050-02-19 16:00:00,1193,19338.761391807482,0.4346999999999999
2050-02-19 17:00:00,1194,19120.772132962637,0.42980000000000007
2050-02-19 18:00:00,1195,19009.553123347912,0.42729999999999996
2050-02-19 19:00:00,1196,18951.719238348258,0.42599999999999993
2050-02-19 20:00:00,1197,18965.06551950203,0.42630000000000007
2050-02-19 21:00:00,1198,19200.849819885232,0.4316
2050-02-19 22:00:00,1199,19881.510158727317,0.44689999999999996
2050-02-19 23:00:00,1200,21282.86967987279,0.47840000000000005
2050-02-20 00:00:00,1201,22288.289526789857,0.501
2050-02-20 01:00:00,1202,22288.289526789857,0.501
2050-02-20 02:00:00,1203,20615.555622184467,0.4634
2050-02-20 03:00:00,1204,19796.983711420133,0.44500000000000006
2050-02-20 04:00:00,1205,19592.34073372905,0.44040000000000007
2050-02-20 05:00:00,1206,19739.149826420475,0.4437
2050-02-20 06:00:00,1207,19983.83164757286,0.44920000000000004
2050-02-20 07:00:00,1208,20152.884542187236,0.453
2050-02-20 08:00:00,1209,20210.718427186886,0.4543
2050-02-20 09:00:00,1210,20215.167187571482,0.4544000000000001
2050-02-20 10:00:00,1211,20224.064708340655,0.4546
2050-02-20 11:00:00,1212,20246.3085102636,0.4551
2050-02-20 12:00:00,1213,20255.206031032772,0.4552999999999999
2050-02-20 13:00:00,1214,20192.923385648537,0.4539000000000001
2050-02-20 14:00:00,1215,19992.72916834204,0.4494000000000001
2050-02-20 15:00:00,1216,19667.969660267056,0.4421
2050-02-20 16:00:00,1217,19338.761391807482,0.4346999999999999
2050-02-20 17:00:00,1218,19120.772132962637,0.42980000000000007
2050-02-20 18:00:00,1219,19009.553123347912,0.42729999999999996
2050-02-20 19:00:00,1220,18951.719238348258,0.42599999999999993
2050-02-20 20:00:00,1221,18965.06551950203,0.42630000000000007
2050-02-20 21:00:00,1222,19200.849819885232,0.4316
2050-02-20 22:00:00,1223,19881.510158727317,0.44689999999999996
2050-02-20 23:00:00,1224,21282.86967987279,0.47840000000000005
2050-02-21 00:00:00,1225,33049.840897110145,0.7429
2050-02-21 01:00:00,1226,33049.840897110145,0.7429
2050-02-21 02:00:00,1227,33494.71693556903,0.7529
2050-02-21 03:00:00,1228,33147.7136255711,0.7451
2050-02-21 04:00:00,1229,33209.996270955344,0.7465
2050-02-21 05:00:00,1230,34562.419427870336,0.7769
2050-02-21 06:00:00,1231,37351.79218900751,0.8396
2050-02-21 07:00:00,1232,40732.850081294986,0.9155999999999999
2050-02-21 08:00:00,1233,43277.54102127979,0.9728000000000001
2050-02-21 09:00:00,1234,44265.16582665849,0.995
2050-02-21 10:00:00,1235,44291.85838896603,0.9956
2050-02-21 11:00:00,1236,44314.102190888974,0.9961000000000001
2050-02-21 12:00:00,1237,44487.603845887934,1.0
2050-02-21 13:00:00,1238,44487.603845887934,1.0
2050-02-21 14:00:00,1239,43909.2649958914,0.9870000000000001
2050-02-21 15:00:00,1240,42819.318701667136,0.9625
2050-02-21 16:00:00,1241,41444.6517428292,0.9316
2050-02-21 17:00:00,1242,40096.6773462988,0.9013000000000001
2050-02-21 18:00:00,1243,39126.84758245844,0.8795000000000001
2050-02-21 19:00:00,1244,38681.971543999556,0.8694999999999999
2050-02-21 20:00:00,1245,38548.508732461894,0.8665
2050-02-21 21:00:00,1246,38286.031869771155,0.8606
2050-02-21 22:00:00,1247,37400.72855323799,0.8407000000000001
2050-02-21 23:00:00,1248,35487.7615878648,0.7976999999999999
2050-02-22 00:00:00,1249,33049.840897110145,0.7429
2050-02-22 01:00:00,1250,33049.840897110145,0.7429
2050-02-22 02:00:00,1251,33494.71693556903,0.7529
2050-02-22 03:00:00,1252,33147.7136255711,0.7451
2050-02-22 04:00:00,1253,33209.996270955344,0.7465
2050-02-22 05:00:00,1254,34562.419427870336,0.7769
2050-02-22 06:00:00,1255,37351.79218900751,0.8396
2050-02-22 07:00:00,1256,40732.850081294986,0.9155999999999999
2050-02-22 08:00:00,1257,43277.54102127979,0.9728000000000001
2050-02-22 09:00:00,1258,44265.16582665849,0.995
2050-02-22 10:00:00,1259,44291.85838896603,0.9956
2050-02-22 11:00:00,1260,44314.102190888974,0.9961000000000001
2050-02-22 12:00:00,1261,44487.603845887934,1.0
2050-02-22 13:00:00,1262,44487.603845887934,1.0
2050-02-22 14:00:00,1263,43909.2649958914,0.9870000000000001
2050-02-22 15:00:00,1264,42819.318701667136,0.9625
2050-02-22 16:00:00,1265,41444.6517428292,0.9316
2050-02-22 17:00:00,1266,40096.6773462988,0.9013000000000001
2050-02-22 18:00:00,1267,39126.84758245844,0.8795000000000001
2050-02-22 19:00:00,1268,38681.971543999556,0.8694999999999999
2050-02-22 20:00:00,1269,38548.508732461894,0.8665
2050-02-22 21:00:00,1270,38286.031869771155,0.8606
2050-02-22 22:00:00,1271,37400.72855323799,0.8407000000000001
2050-02-22 23:00:00,1272,35487.7615878648,0.7976999999999999
2050-02-23 00:00:00,1273,33049.840897110145,0.7429
2050-02-23 01:00:00,1274,33049.840897110145,0.7429
2050-02-23 02:00:00,1275,33494.71693556903,0.7529
2050-02-23 03:00:00,1276,33147.7136255711,0.7451
2050-02-23 04:00:00,1277,33209.996270955344,0.7465
2050-02-23 05:00:00,1278,34562.419427870336,0.7769
2050-02-23 06:00:00,1279,37351.79218900751,0.8396
2050-02-23 07:00:00,1280,40732.850081294986,0.9155999999999999
2050-02-23 08:00:00,1281,43277.54102127979,0.9728000000000001
2050-02-23 09:00:00,1282,44265.16582665849,0.995
2050-02-23 10:00:00,1283,44291.85838896603,0.9956
2050-02-23 11:00:00,1284,44314.102190888974,0.9961000000000001
2050-02-23 12:00:00,1285,44487.603845887934,1.0
2050-02-23 13:00:00,1286,44487.603845887934,1.0
2050-02-23 14:00:00,1287,43909.2649958914,0.9870000000000001
2050-02-23 15:00:00,1288,42819.318701667136,0.9625
2050-02-23 16:00:00,1289,41444.6517428292,0.9316
2050-02-23 17:00:00,1290,40096.6773462988,0.9013000000000001
2050-02-23 18:00:00,1291,39126.84758245844,0.8795000000000001
2050-02-23 19:00:00,1292,38681.971543999556,0.8694999999999999
2050-02-23 20:00:00,1293,38548.508732461894,0.8665
2050-02-23 21:00:00,1294,38286.031869771155,0.8606
2050-02-23 22:00:00,1295,37400.72855323799,0.8407000000000001
2050-02-23 23:00:00,1296,35487.7615878648,0.7976999999999999
2050-02-24 00:00:00,1297,33049.840897110145,0.7429
2050-02-24 01:00:00,1298,33049.840897110145,0.7429
2050-02-24 02:00:00,1299,33494.71693556903,0.7529
2050-02-24 03:00:00,1300,33147.7136255711,0.7451
2050-02-24 04:00:00,1301,33209.996270955344,0.7465
2050-02-24 05:00:00,1302,34562.419427870336,0.7769
2050-02-24 06:00:00,1303,37351.79218900751,0.8396
2050-02-24 07:00:00,1304,40732.850081294986,0.9155999999999999
2050-02-24 08:00:00,1305,43277.54102127979,0.9728000000000001
2050-02-24 09:00:00,1306,44265.16582665849,0.995
2050-02-24 10:00:00,1307,44291.85838896603,0.9956
2050-02-24 11:00:00,1308,44314.102190888974,0.9961000000000001
2050-02-24 12:00:00,1309,44487.603845887934,1.0
2050-02-24 13:00:00,1310,44487.603845887934,1.0
2050-02-24 14:00:00,1311,43909.2649958914,0.9870000000000001
2050-02-24 15:00:00,1312,42819.318701667136,0.9625
2050-02-24 16:00:00,1313,41444.6517428292,0.9316
2050-02-24 17:00:00,1314,40096.6773462988,0.9013000000000001
2050-02-24 18:00:00,1315,39126.84758245844,0.8795000000000001
2050-02-24 19:00:00,1316,38681.971543999556,0.8694999999999999
2050-02-24 20:00:00,1317,38548.508732461894,0.8665
2050-02-24 21:00:00,1318,38286.031869771155,0.8606
2050-02-24 22:00:00,1319,37400.72855323799,0.8407000000000001
2050-02-24 23:00:00,1320,35487.7615878648,0.7976999999999999
2050-02-25 00:00:00,1321,33049.840897110145,0.7429
2050-02-25 01:00:00,1322,33049.840897110145,0.7429
2050-02-25 02:00:00,1323,33494.71693556903,0.7529
2050-02-25 03:00:00,1324,33147.7136255711,0.7451
2050-02-25 04:00:00,1325,33209.996270955344,0.7465
2050-02-25 05:00:00,1326,34562.419427870336,0.7769
2050-02-25 06:00:00,1327,37351.79218900751,0.8396
2050-02-25 07:00:00,1328,40732.850081294986,0.9155999999999999
2050-02-25 08:00:00,1329,43277.54102127979,0.9728000000000001
2050-02-25 09:00:00,1330,44265.16582665849,0.995
2050-02-25 10:00:00,1331,44291.85838896603,0.9956
2050-02-25 11:00:00,1332,44314.102190888974,0.9961000000000001
2050-02-25 12:00:00,1333,44487.603845887934,1.0
2050-02-25 13:00:00,1334,44487.603845887934,1.0
2050-02-25 14:00:00,1335,43909.2649958914,0.9870000000000001
2050-02-25 15:00:00,1336,42819.318701667136,0.9625
2050-02-25 16:00:00,1337,41444.6517428292,0.9316
2050-02-25 17:00:00,1338,40096.6773462988,0.9013000000000001
2050-02-25 18:00:00,1339,39126.84758245844,0.8795000000000001
2050-02-25 19:00:00,1340,38681.971543999556,0.8694999999999999
2050-02-25 20:00:00,1341,38548.508732461894,0.8665
2050-02-25 21:00:00,1342,38286.031869771155,0.8606
2050-02-25 22:00:00,1343,37400.72855323799,0.8407000000000001
2050-02-25 23:00:00,1344,35487.7615878648,0.7976999999999999
2050-02-26 00:00:00,1345,22288.289526789857,0.501
2050-02-26 01:00:00,1346,22288.289526789857,0.501
2050-02-26 02:00:00,1347,20615.555622184467,0.4634
2050-02-26 03:00:00,1348,19796.983711420133,0.44500000000000006
2050-02-26 04:00:00,1349,19592.34073372905,0.44040000000000007
2050-02-26 05:00:00,1350,19739.149826420475,0.4437
2050-02-26 06:00:00,1351,19983.83164757286,0.44920000000000004
2050-02-26 07:00:00,1352,20152.884542187236,0.453
2050-02-26 08:00:00,1353,20210.718427186886,0.4543
2050-02-26 09:00:00,1354,20215.167187571482,0.4544000000000001
2050-02-26 10:00:00,1355,20224.064708340655,0.4546
2050-02-26 11:00:00,1356,20246.3085102636,0.4551
2050-02-26 12:00:00,1357,20255.206031032772,0.4552999999999999
2050-02-26 13:00:00,1358,20192.923385648537,0.4539000000000001
2050-02-26 14:00:00,1359,19992.72916834204,0.4494000000000001
2050-02-26 15:00:00,1360,19667.969660267056,0.4421
2050-02-26 16:00:00,1361,19338.761391807482,0.4346999999999999
2050-02-26 17:00:00,1362,19120.772132962637,0.42980000000000007
2050-02-26 18:00:00,1363,19009.553123347912,0.42729999999999996
2050-02-26 19:00:00,1364,18951.719238348258,0.42599999999999993
2050-02-26 20:00:00,1365,18965.06551950203,0.42630000000000007
2050-02-26 21:00:00,1366,19200.849819885232,0.4316
2050-02-26 22:00:00,1367,19881.510158727317,0.44689999999999996
2050-02-26 23:00:00,1368,21282.86967987279,0.47840000000000005
2050-02-27 00:00:00,1369,22288.289526789857,0.501
2050-02-27 01:00:00,1370,22288.289526789857,0.501
2050-02-27 02:00:00,1371,20615.555622184467,0.4634
2050-02-27 03:00:00,1372,19796.983711420133,0.44500000000000006
2050-02-27 04:00:00,1373,19592.34073372905,0.44040000000000007
2050-02-27 05:00:00,1374,19739.149826420475,0.4437
2050-02-27 06:00:00,1375,19983.83164757286,0.44920000000000004
2050-02-27 07:00:00,1376,20152.884542187236,0.453
2050-02-27 08:00:00,1377,20210.718427186886,0.4543
2050-02-27 09:00:00,1378,20215.167187571482,0.4544000000000001
2050-02-27 10:00:00,1379,20224.064708340655,0.4546
2050-02-27 11:00:00,1380,20246.3085102636,0.4551
2050-02-27 12:00:00,1381,20255.206031032772,0.4552999999999999
2050-02-27 13:00:00,1382,20192.923385648537,0.4539000000000001
2050-02-27 14:00:00,1383,19992.72916834204,0.4494000000000001
2050-02-27 15:00:00,1384,19667.969660267056,0.4421
2050-02-27 16:00:00,1385,19338.761391807482,0.4346999999999999
2050-02-27 17:00:00,1386,19120.772132962637,0.42980000000000007
2050-02-27 18:00:00,1387,19009.553123347912,0.42729999999999996
2050-02-27 19:00:00,1388,18951.719238348258,0.42599999999999993
2050-02-27 20:00:00,1389,18965.06551950203,0.42630000000000007
2050-02-27 21:00:00,1390,19200.849819885232,0.4316
2050-02-27 22:00:00,1391,19881.510158727317,0.44689999999999996
2050-02-27 23:00:00,1392,21282.86967987279,0.47840000000000005
2050-02-28 00:00:00,1393,33049.840897110145,0.7429
2050-02-28 01:00:00,1394,33049.840897110145,0.7429
2050-02-28 02:00:00,1395,33494.71693556903,0.7529
2050-02-28 03:00:00,1396,33147.7136255711,0.7451
2050-02-28 04:00:00,1397,33209.996270955344,0.7465
2050-02-28 05:00:00,1398,34562.419427870336,0.7769
2050-02-28 06:00:00,1399,37351.79218900751,0.8396
2050-02-28 07:00:00,1400,40732.850081294986,0.9155999999999999
2050-02-28 08:00:00,1401,43277.54102127979,0.9728000000000001
2050-02-28 09:00:00,1402,44265.16582665849,0.995
2050-02-28 10:00:00,1403,44291.85838896603,0.9956
2050-02-28 11:00:00,1404,44314.102190888974,0.9961000000000001
2050-02-28 12:00:00,1405,44487.603845887934,1.0
2050-02-28 13:00:00,1406,44487.603845887934,1.0
2050-02-28 14:00:00,1407,43909.2649958914,0.9870000000000001
2050-02-28 15:00:00,1408,42819.318701667136,0.9625
2050-02-28 16:00:00,1409,41444.6517428292,0.9316
2050-02-28 17:00:00,1410,40096.6773462988,0.9013000000000001
2050-02-28 18:00:00,1411,39126.84758245844,0.8795000000000001
2050-02-28 19:00:00,1412,38681.971543999556,0.8694999999999999
2050-02-28 20:00:00,1413,38548.508732461894,0.8665
2050-02-28 21:00:00,1414,38286.031869771155,0.8606
2050-02-28 22:00:00,1415,37400.72855323799,0.8407000000000001
2050-02-28 23:00:00,1416,35487.7615878648,0.7976999999999999
2050-03-01 00:00:00,1417,33049.840897110145,0.7429
2050-03-01 01:00:00,1418,33049.840897110145,0.7429
2050-03-01 02:00:00,1419,33494.71693556903,0.7529
2050-03-01 03:00:00,1420,33147.7136255711,0.7451
2050-03-01 04:00:00,1421,33209.996270955344,0.7465
2050-03-01 05:00:00,1422,34562.419427870336,0.7769
2050-03-01 06:00:00,1423,37351.79218900751,0.8396
2050-03-01 07:00:00,1424,40732.850081294986,0.9155999999999999
2050-03-01 08:00:00,1425,43277.54102127979,0.9728000000000001
2050-03-01 09:00:00,1426,44265.16582665849,0.995
2050-03-01 10:00:00,1427,44291.85838896603,0.9956
2050-03-01 11:00:00,1428,44314.102190888974,0.9961000000000001
2050-03-01 12:00:00,1429,44487.603845887934,1.0
2050-03-01 13:00:00,1430,44487.603845887934,1.0
2050-03-01 14:00:00,1431,43909.2649958914,0.9870000000000001
2050-03-01 15:00:00,1432,42819.318701667136,0.9625
2050-03-01 16:00:00,1433,41444.6517428292,0.9316
2050-03-01 17:00:00,1434,40096.6773462988,0.9013000000000001
2050-03-01 18:00:00,1435,39126.84758245844,0.8795000000000001
2050-03-01 19:00:00,1436,38681.971543999556,0.8694999999999999
2050-03-01 20:00:00,1437,38548.508732461894,0.8665
2050-03-01 21:00:00,1438,38286.031869771155,0.8606
2050-03-01 22:00:00,1439,37400.72855323799,0.8407000000000001
2050-03-01 23:00:00,1440,35487.7615878648,0.7976999999999999
2050-03-02 00:00:00,1441,33049.840897110145,0.7429
2050-03-02 01:00:00,1442,33049.840897110145,0.7429
2050-03-02 02:00:00,1443,33494.71693556903,0.7529
2050-03-02 03:00:00,1444,33147.7136255711,0.7451
2050-03-02 04:00:00,1445,33209.996270955344,0.7465
2050-03-02 05:00:00,1446,34562.419427870336,0.7769
2050-03-02 06:00:00,1447,37351.79218900751,0.8396
2050-03-02 07:00:00,1448,40732.850081294986,0.9155999999999999
2050-03-02 08:00:00,1449,43277.54102127979,0.9728000000000001
2050-03-02 09:00:00,1450,44265.16582665849,0.995
2050-03-02 10:00:00,1451,44291.85838896603,0.9956
2050-03-02 11:00:00,1452,44314.102190888974,0.9961000000000001
2050-03-02 12:00:00,1453,44487.603845887934,1.0
2050-03-02 13:00:00,1454,44487.603845887934,1.0
2050-03-02 14:00:00,1455,43909.2649958914,0.9870000000000001
2050-03-02 15:00:00,1456,42819.318701667136,0.9625
2050-03-02 16:00:00,1457,41444.6517428292,0.9316
2050-03-02 17:00:00,1458,40096.6773462988,0.9013000000000001
2050-03-02 18:00:00,1459,39126.84758245844,0.8795000000000001
2050-03-02 19:00:00,1460,38681.971543999556,0.8694999999999999
2050-03-02 20:00:00,1461,38548.508732461894,0.8665
2050-03-02 21:00:00,1462,38286.031869771155,0.8606
2050-03-02 22:00:00,1463,37400.72855323799,0.8407000000000001
2050-03-02 23:00:00,1464,35487.7615878648,0.7976999999999999
2050-03-03 00:00:00,1465,33049.840897110145,0.7429
2050-03-03 01:00:00,1466,33049.840897110145,0.7429
2050-03-03 02:00:00,1467,33494.71693556903,0.7529
2050-03-03 03:00:00,1468,33147.7136255711,0.7451
2050-03-03 04:00:00,1469,33209.996270955344,0.7465
2050-03-03 05:00:00,1470,34562.419427870336,0.7769
2050-03-03 06:00:00,1471,37351.79218900751,0.8396
2050-03-03 07:00:00,1472,40732.850081294986,0.9155999999999999
2050-03-03 08:00:00,1473,43277.54102127979,0.9728000000000001
2050-03-03 09:00:00,1474,44265.16582665849,0.995
2050-03-03 10:00:00,1475,44291.85838896603,0.9956
2050-03-03 11:00:00,1476,44314.102190888974,0.9961000000000001
2050-03-03 12:00:00,1477,44487.603845887934,1.0
2050-03-03 13:00:00,1478,44487.603845887934,1.0
2050-03-03 14:00:00,1479,43909.2649958914,0.9870000000000001
2050-03-03 15:00:00,1480,42819.318701667136,0.9625
2050-03-03 16:00:00,1481,41444.6517428292,0.9316
2050-03-03 17:00:00,1482,40096.6773462988,0.9013000000000001
2050-03-03 18:00:00,1483,39126.84758245844,0.8795000000000001
2050-03-03 19:00:00,1484,38681.971543999556,0.8694999999999999
2050-03-03 20:00:00,1485,38548.508732461894,0.8665
2050-03-03 21:00:00,1486,38286.031869771155,0.8606
2050-03-03 22:00:00,1487,37400.72855323799,0.8407000000000001
2050-03-03 23:00:00,1488,35487.7615878648,0.7976999999999999
2050-03-04 00:00:00,1489,33049.840897110145,0.7429
2050-03-04 01:00:00,1490,33049.840897110145,0.7429
2050-03-04 02:00:00,1491,33494.71693556903,0.7529
2050-03-04 03:00:00,1492,33147.7136255711,0.7451
2050-03-04 04:00:00,1493,33209.996270955344,0.7465
2050-03-04 05:00:00,1494,34562.419427870336,0.7769
2050-03-04 06:00:00,1495,37351.79218900751,0.8396
2050-03-04 07:00:00,1496,40732.850081294986,0.9155999999999999
2050-03-04 08:00:00,1497,43277.54102127979,0.9728000000000001
2050-03-04 09:00:00,1498,44265.16582665849,0.995
2050-03-04 10:00:00,1499,44291.85838896603,0.9956
2050-03-04 11:00:00,1500,44314.102190888974,0.9961000000000001
2050-03-04 12:00:00,1501,44487.603845887934,1.0
2050-03-04 13:00:00,1502,44487.603845887934,1.0
2050-03-04 14:00:00,1503,43909.2649958914,0.9870000000000001
2050-03-04 15:00:00,1504,42819.318701667136,0.9625
2050-03-04 16:00:00,1505,41444.6517428292,0.9316
2050-03-04 17:00:00,1506,40096.6773462988,0.9013000000000001
2050-03-04 18:00:00,1507,39126.84758245844,0.8795000000000001
2050-03-04 19:00:00,1508,38681.971543999556,0.8694999999999999
2050-03-04 20:00:00,1509,38548.508732461894,0.8665
2050-03-04 21:00:00,1510,38286.031869771155,0.8606
2050-03-04 22:00:00,1511,37400.72855323799,0.8407000000000001
2050-03-04 23:00:00,1512,35487.7615878648,0.7976999999999999
2050-03-05 00:00:00,1513,22288.289526789857,0.501
2050-03-05 01:00:00,1514,22288.289526789857,0.501
2050-03-05 02:00:00,1515,20615.555622184467,0.4634
2050-03-05 03:00:00,1516,19796.983711420133,0.44500000000000006
2050-03-05 04:00:00,1517,19592.34073372905,0.44040000000000007
2050-03-05 05:00:00,1518,19739.149826420475,0.4437
2050-03-05 06:00:00,1519,19983.83164757286,0.44920000000000004
2050-03-05 07:00:00,1520,20152.884542187236,0.453
2050-03-05 08:00:00,1521,20210.718427186886,0.4543
2050-03-05 09:00:00,1522,20215.167187571482,0.4544000000000001
2050-03-05 10:00:00,1523,20224.064708340655,0.4546
2050-03-05 11:00:00,1524,20246.3085102636,0.4551
2050-03-05 12:00:00,1525,20255.206031032772,0.4552999999999999
2050-03-05 13:00:00,1526,20192.923385648537,0.4539000000000001
2050-03-05 14:00:00,1527,19992.72916834204,0.4494000000000001
2050-03-05 15:00:00,1528,19667.969660267056,0.4421
2050-03-05 16:00:00,1529,19338.761391807482,0.4346999999999999
2050-03-05 17:00:00,1530,19120.772132962637,0.42980000000000007
2050-03-05 18:00:00,1531,19009.553123347912,0.42729999999999996
2050-03-05 19:00:00,1532,18951.719238348258,0.42599999999999993
2050-03-05 20:00:00,1533,18965.06551950203,0.42630000000000007
2050-03-05 21:00:00,1534,19200.849819885232,0.4316
2050-03-05 22:00:00,1535,19881.510158727317,0.44689999999999996
2050-03-05 23:00:00,1536,21282.86967987279,0.47840000000000005
2050-03-06 00:00:00,1537,22288.289526789857,0.501
2050-03-06 01:00:00,1538,22288.289526789857,0.501
2050-03-06 02:00:00,1539,20615.555622184467,0.4634
2050-03-06 03:00:00,1540,19796.983711420133,0.44500000000000006
2050-03-06 04:00:00,1541,19592.34073372905,0.44040000000000007
2050-03-06 05:00:00,1542,19739.149826420475,0.4437
2050-03-06 06:00:00,1543,19983.83164757286,0.44920000000000004
2050-03-06 07:00:00,1544,20152.884542187236,0.453
2050-03-06 08:00:00,1545,20210.718427186886,0.4543
2050-03-06 09:00:00,1546,20215.167187571482,0.4544000000000001
2050-03-06 10:00:00,1547,20224.064708340655,0.4546
2050-03-06 11:00:00,1548,20246.3085102636,0.4551
2050-03-06 12:00:00,1549,20255.206031032772,0.4552999999999999
2050-03-06 13:00:00,1550,20192.923385648537,0.4539000000000001
2050-03-06 14:00:00,1551,19992.72916834204,0.4494000000000001
2050-03-06 15:00:00,1552,19667.969660267056,0.4421
2050-03-06 16:00:00,1553,19338.761391807482,0.4346999999999999
2050-03-06 17:00:00,1554,19120.772132962637,0.42980000000000007
2050-03-06 18:00:00,1555,19009.553123347912,0.42729999999999996
2050-03-06 19:00:00,1556,18951.719238348258,0.42599999999999993
2050-03-06 20:00:00,1557,18965.06551950203,0.42630000000000007
2050-03-06 21:00:00,1558,19200.849819885232,0.4316
2050-03-06 22:00:00,1559,19881.510158727317,0.44689999999999996
2050-03-06 23:00:00,1560,21282.86967987279,0.47840000000000005
2050-03-07 00:00:00,1561,33049.840897110145,0.7429
2050-03-07 01:00:00,1562,33049.840897110145,0.7429
2050-03-07 02:00:00,1563,33494.71693556903,0.7529
2050-03-07 03:00:00,1564,33147.7136255711,0.7451
2050-03-07 04:00:00,1565,33209.996270955344,0.7465
2050-03-07 05:00:00,1566,34562.419427870336,0.7769
2050-03-07 06:00:00,1567,37351.79218900751,0.8396
2050-03-07 07:00:00,1568,40732.850081294986,0.9155999999999999
2050-03-07 08:00:00,1569,43277.54102127979,0.9728000000000001
2050-03-07 09:00:00,1570,44265.16582665849,0.995
2050-03-07 10:00:00,1571,44291.85838896603,0.9956
2050-03-07 11:00:00,1572,44314.102190888974,0.9961000000000001
2050-03-07 12:00:00,1573,44487.603845887934,1.0
2050-03-07 13:00:00,1574,44487.603845887934,1.0
2050-03-07 14:00:00,1575,43909.2649958914,0.9870000000000001
2050-03-07 15:00:00,1576,42819.318701667136,0.9625
2050-03-07 16:00:00,1577,41444.6517428292,0.9316
2050-03-07 17:00:00,1578,40096.6773462988,0.9013000000000001
2050-03-07 18:00:00,1579,39126.84758245844,0.8795000000000001
2050-03-07 19:00:00,1580,38681.971543999556,0.8694999999999999
2050-03-07 20:00:00,1581,38548.508732461894,0.8665
2050-03-07 21:00:00,1582,38286.031869771155,0.8606
2050-03-07 22:00:00,1583,37400.72855323799,0.8407000000000001
2050-03-07 23:00:00,1584,35487.7615878648,0.7976999999999999
2050-03-08 00:00:00,1585,33049.840897110145,0.7429
2050-03-08 01:00:00,1586,33049.840897110145,0.7429
2050-03-08 02:00:00,1587,33494.71693556903,0.7529
2050-03-08 03:00:00,1588,33147.7136255711,0.7451
2050-03-08 04:00:00,1589,33209.996270955344,0.7465
2050-03-08 05:00:00,1590,34562.419427870336,0.7769
2050-03-08 06:00:00,1591,37351.79218900751,0.8396
2050-03-08 07:00:00,1592,40732.850081294986,0.9155999999999999
2050-03-08 08:00:00,1593,43277.54102127979,0.9728000000000001
2050-03-08 09:00:00,1594,44265.16582665849,0.995
2050-03-08 10:00:00,1595,44291.85838896603,0.9956
2050-03-08 11:00:00,1596,44314.102190888974,0.9961000000000001
2050-03-08 12:00:00,1597,44487.603845887934,1.0
2050-03-08 13:00:00,1598,44487.603845887934,1.0
2050-03-08 14:00:00,1599,43909.2649958914,0.9870000000000001
2050-03-08 15:00:00,1600,42819.318701667136,0.9625
2050-03-08 16:00:00,1601,41444.6517428292,0.9316
2050-03-08 17:00:00,1602,40096.6773462988,0.9013000000000001
2050-03-08 18:00:00,1603,39126.84758245844,0.8795000000000001
2050-03-08 19:00:00,1604,38681.971543999556,0.8694999999999999
2050-03-08 20:00:00,1605,38548.508732461894,0.8665
2050-03-08 21:00:00,1606,38286.031869771155,0.8606
2050-03-08 22:00:00,1607,37400.72855323799,0.8407000000000001
2050-03-08 23:00:00,1608,35487.7615878648,0.7976999999999999
2050-03-09 00:00:00,1609,33049.840897110145,0.7429
2050-03-09 01:00:00,1610,33049.840897110145,0.7429
2050-03-09 02:00:00,1611,33494.71693556903,0.7529
2050-03-09 03:00:00,1612,33147.7136255711,0.7451
2050-03-09 04:00:00,1613,33209.996270955344,0.7465
2050-03-09 05:00:00,1614,34562.419427870336,0.7769
2050-03-09 06:00:00,1615,37351.79218900751,0.8396
2050-03-09 07:00:00,1616,40732.850081294986,0.9155999999999999
2050-03-09 08:00:00,1617,43277.54102127979,0.9728000000000001
2050-03-09 09:00:00,1618,44265.16582665849,0.995
2050-03-09 10:00:00,1619,44291.85838896603,0.9956
2050-03-09 11:00:00,1620,44314.102190888974,0.9961000000000001
2050-03-09 12:00:00,1621,44487.603845887934,1.0
2050-03-09 13:00:00,1622,44487.603845887934,1.0
2050-03-09 14:00:00,1623,43909.2649958914,0.9870000000000001
2050-03-09 15:00:00,1624,42819.318701667136,0.9625
2050-03-09 16:00:00,1625,41444.6517428292,0.9316
2050-03-09 17:00:00,1626,40096.6773462988,0.9013000000000001
2050-03-09 18:00:00,1627,39126.84758245844,0.8795000000000001
2050-03-09 19:00:00,1628,38681.971543999556,0.8694999999999999
2050-03-09 20:00:00,1629,38548.508732461894,0.8665
2050-03-09 21:00:00,1630,38286.031869771155,0.8606
2050-03-09 22:00:00,1631,37400.72855323799,0.8407000000000001
2050-03-09 23:00:00,1632,35487.7615878648,0.7976999999999999
2050-03-10 00:00:00,1633,33049.840897110145,0.7429
2050-03-10 01:00:00,1634,33049.840897110145,0.7429
2050-03-10 02:00:00,1635,33494.71693556903,0.7529
2050-03-10 03:00:00,1636,33147.7136255711,0.7451
2050-03-10 04:00:00,1637,33209.996270955344,0.7465
2050-03-10 05:00:00,1638,34562.419427870336,0.7769
2050-03-10 06:00:00,1639,37351.79218900751,0.8396
2050-03-10 07:00:00,1640,40732.850081294986,0.9155999999999999
2050-03-10 08:00:00,1641,43277.54102127979,0.9728000000000001
2050-03-10 09:00:00,1642,44265.16582665849,0.995
2050-03-10 10:00:00,1643,44291.85838896603,0.9956
2050-03-10 11:00:00,1644,44314.102190888974,0.9961000000000001
2050-03-10 12:00:00,1645,44487.603845887934,1.0
2050-03-10 13:00:00,1646,44487.603845887934,1.0
2050-03-10 14:00:00,1647,43909.2649958914,0.9870000000000001
2050-03-10 15:00:00,1648,42819.318701667136,0.9625
2050-03-10 16:00:00,1649,41444.6517428292,0.9316
2050-03-10 17:00:00,1650,40096.6773462988,0.9013000000000001
2050-03-10 18:00:00,1651,39126.84758245844,0.8795000000000001
2050-03-10 19:00:00,1652,38681.971543999556,0.8694999999999999
2050-03-10 20:00:00,1653,38548.508732461894,0.8665
2050-03-10 21:00:00,1654,38286.031869771155,0.8606
2050-03-10 22:00:00,1655,37400.72855323799,0.8407000000000001
2050-03-10 23:00:00,1656,35487.7615878648,0.7976999999999999
2050-03-11 00:00:00,1657,33049.840897110145,0.7429
2050-03-11 01:00:00,1658,33049.840897110145,0.7429
2050-03-11 02:00:00,1659,33494.71693556903,0.7529
2050-03-11 03:00:00,1660,33147.7136255711,0.7451
2050-03-11 04:00:00,1661,33209.996270955344,0.7465
2050-03-11 05:00:00,1662,34562.419427870336,0.7769
2050-03-11 06:00:00,1663,37351.79218900751,0.8396
2050-03-11 07:00:00,1664,40732.850081294986,0.9155999999999999
2050-03-11 08:00:00,1665,43277.54102127979,0.9728000000000001
2050-03-11 09:00:00,1666,44265.16582665849,0.995
2050-03-11 10:00:00,1667,44291.85838896603,0.9956
2050-03-11 11:00:00,1668,44314.102190888974,0.9961000000000001
2050-03-11 12:00:00,1669,44487.603845887934,1.0
2050-03-11 13:00:00,1670,44487.603845887934,1.0
2050-03-11 14:00:00,1671,43909.2649958914,0.9870000000000001
2050-03-11 15:00:00,1672,42819.318701667136,0.9625
2050-03-11 16:00:00,1673,41444.6517428292,0.9316
2050-03-11 17:00:00,1674,40096.6773462988,0.9013000000000001
2050-03-11 18:00:00,1675,39126.84758245844,0.8795000000000001
2050-03-11 19:00:00,1676,38681.971543999556,0.8694999999999999
2050-03-11 20:00:00,1677,38548.508732461894,0.8665
2050-03-11 21:00:00,1678,38286.031869771155,0.8606
2050-03-11 22:00:00,1679,37400.72855323799,0.8407000000000001
2050-03-11 23:00:00,1680,35487.7615878648,0.7976999999999999
2050-03-12 00:00:00,1681,22288.289526789857,0.501
2050-03-12 01:00:00,1682,22288.289526789857,0.501
2050-03-12 02:00:00,1683,20615.555622184467,0.4634
2050-03-12 03:00:00,1684,19796.983711420133,0.44500000000000006
2050-03-12 04:00:00,1685,19592.34073372905,0.44040000000000007
2050-03-12 05:00:00,1686,19739.149826420475,0.4437
2050-03-12 06:00:00,1687,19983.83164757286,0.44920000000000004
2050-03-12 07:00:00,1688,20152.884542187236,0.453
2050-03-12 08:00:00,1689,20210.718427186886,0.4543
2050-03-12 09:00:00,1690,20215.167187571482,0.4544000000000001
2050-03-12 10:00:00,1691,20224.064708340655,0.4546
2050-03-12 11:00:00,1692,20246.3085102636,0.4551
2050-03-12 12:00:00,1693,20255.206031032772,0.4552999999999999
2050-03-12 13:00:00,1694,20192.923385648537,0.4539000000000001
2050-03-12 14:00:00,1695,19992.72916834204,0.4494000000000001
2050-03-12 15:00:00,1696,19667.969660267056,0.4421
2050-03-12 16:00:00,1697,19338.761391807482,0.4346999999999999
2050-03-12 17:00:00,1698,19120.772132962637,0.42980000000000007
2050-03-12 18:00:00,1699,19009.553123347912,0.42729999999999996
2050-03-12 19:00:00,1700,18951.719238348258,0.42599999999999993
2050-03-12 20:00:00,1701,18965.06551950203,0.42630000000000007
2050-03-12 21:00:00,1702,19200.849819885232,0.4316
2050-03-12 22:00:00,1703,19881.510158727317,0.44689999999999996
2050-03-12 23:00:00,1704,21282.86967987279,0.47840000000000005
2050-03-13 00:00:00,1705,22288.289526789857,0.501
2050-03-13 01:00:00,1706,22288.289526789857,0.501
2050-03-13 02:00:00,1707,20615.555622184467,0.4634
2050-03-13 03:00:00,1708,19796.983711420133,0.44500000000000006
2050-03-13 04:00:00,1709,19592.34073372905,0.44040000000000007
2050-03-13 05:00:00,1710,19739.149826420475,0.4437
2050-03-13 06:00:00,1711,19983.83164757286,0.44920000000000004
2050-03-13 07:00:00,1712,20152.884542187236,0.453
2050-03-13 08:00:00,1713,20210.718427186886,0.4543
2050-03-13 09:00:00,1714,20215.167187571482,0.4544000000000001
2050-03-13 10:00:00,1715,20224.064708340655,0.4546
2050-03-13 11:00:00,1716,20246.3085102636,0.4551
2050-03-13 12:00:00,1717,20255.206031032772,0.4552999999999999
2050-03-13 13:00:00,1718,20192.923385648537,0.4539000000000001
2050-03-13 14:00:00,1719,19992.72916834204,0.4494000000000001
2050-03-13 15:00:00,1720,19667.969660267056,0.4421
2050-03-13 16:00:00,1721,19338.761391807482,0.4346999999999999
2050-03-13 17:00:00,1722,19120.772132962637,0.42980000000000007
2050-03-13 18:00:00,1723,19009.553123347912,0.42729999999999996
2050-03-13 19:00:00,1724,18951.719238348258,0.42599999999999993
2050-03-13 20:00:00,1725,18965.06551950203,0.42630000000000007
2050-03-13 21:00:00,1726,19200.849819885232,0.4316
2050-03-13 22:00:00,1727,19881.510158727317,0.44689999999999996
2050-03-13 23:00:00,1728,21282.86967987279,0.47840000000000005
2050-03-14 00:00:00,1729,33049.840897110145,0.7429
2050-03-14 01:00:00,1730,33049.840897110145,0.7429
2050-03-14 02:00:00,1731,33494.71693556903,0.7529
2050-03-14 03:00:00,1732,33147.7136255711,0.7451
2050-03-14 04:00:00,1733,33209.996270955344,0.7465
2050-03-14 05:00:00,1734,34562.419427870336,0.7769
2050-03-14 06:00:00,1735,37351.79218900751,0.8396
2050-03-14 07:00:00,1736,40732.850081294986,0.9155999999999999
2050-03-14 08:00:00,1737,43277.54102127979,0.9728000000000001
2050-03-14 09:00:00,1738,44265.16582665849,0.995
2050-03-14 10:00:00,1739,44291.85838896603,0.9956
2050-03-14 11:00:00,1740,44314.102190888974,0.9961000000000001
2050-03-14 12:00:00,1741,44487.603845887934,1.0
2050-03-14 13:00:00,1742,44487.603845887934,1.0
2050-03-14 14:00:00,1743,43909.2649958914,0.9870000000000001
2050-03-14 15:00:00,1744,42819.318701667136,0.9625
2050-03-14 16:00:00,1745,41444.6517428292,0.9316
2050-03-14 17:00:00,1746,40096.6773462988,0.9013000000000001
2050-03-14 18:00:00,1747,39126.84758245844,0.8795000000000001
2050-03-14 19:00:00,1748,38681.971543999556,0.8694999999999999
2050-03-14 20:00:00,1749,38548.508732461894,0.8665
2050-03-14 21:00:00,1750,38286.031869771155,0.8606
2050-03-14 22:00:00,1751,37400.72855323799,0.8407000000000001
2050-03-14 23:00:00,1752,35487.7615878648,0.7976999999999999
2050-03-15 00:00:00,1753,33049.840897110145,0.7429
2050-03-15 01:00:00,1754,33049.840897110145,0.7429
2050-03-15 02:00:00,1755,33494.71693556903,0.7529
2050-03-15 03:00:00,1756,33147.7136255711,0.7451
2050-03-15 04:00:00,1757,33209.996270955344,0.7465
2050-03-15 05:00:00,1758,34562.419427870336,0.7769
2050-03-15 06:00:00,1759,37351.79218900751,0.8396
2050-03-15 07:00:00,1760,40732.850081294986,0.9155999999999999
2050-03-15 08:00:00,1761,43277.54102127979,0.9728000000000001
2050-03-15 09:00:00,1762,44265.16582665849,0.995
2050-03-15 10:00:00,1763,44291.85838896603,0.9956
2050-03-15 11:00:00,1764,44314.102190888974,0.9961000000000001
2050-03-15 12:00:00,1765,44487.603845887934,1.0
2050-03-15 13:00:00,1766,44487.603845887934,1.0
2050-03-15 14:00:00,1767,43909.2649958914,0.9870000000000001
2050-03-15 15:00:00,1768,42819.318701667136,0.9625
2050-03-15 16:00:00,1769,41444.6517428292,0.9316
2050-03-15 17:00:00,1770,40096.6773462988,0.9013000000000001
2050-03-15 18:00:00,1771,39126.84758245844,0.8795000000000001
2050-03-15 19:00:00,1772,38681.971543999556,0.8694999999999999
2050-03-15 20:00:00,1773,38548.508732461894,0.8665
2050-03-15 21:00:00,1774,38286.031869771155,0.8606
2050-03-15 22:00:00,1775,37400.72855323799,0.8407000000000001
2050-03-15 23:00:00,1776,35487.7615878648,0.7976999999999999
2050-03-16 00:00:00,1777,33049.840897110145,0.7429
2050-03-16 01:00:00,1778,33049.840897110145,0.7429
2050-03-16 02:00:00,1779,33494.71693556903,0.7529
2050-03-16 03:00:00,1780,33147.7136255711,0.7451
2050-03-16 04:00:00,1781,33209.996270955344,0.7465
2050-03-16 05:00:00,1782,34562.419427870336,0.7769
2050-03-16 06:00:00,1783,37351.79218900751,0.8396
2050-03-16 07:00:00,1784,40732.850081294986,0.9155999999999999
2050-03-16 08:00:00,1785,43277.54102127979,0.9728000000000001
2050-03-16 09:00:00,1786,44265.16582665849,0.995
2050-03-16 10:00:00,1787,44291.85838896603,0.9956
2050-03-16 11:00:00,1788,44314.102190888974,0.9961000000000001
2050-03-16 12:00:00,1789,44487.603845887934,1.0
2050-03-16 13:00:00,1790,44487.603845887934,1.0
2050-03-16 14:00:00,1791,43909.2649958914,0.9870000000000001
2050-03-16 15:00:00,1792,42819.318701667136,0.9625
2050-03-16 16:00:00,1793,41444.6517428292,0.9316
2050-03-16 17:00:00,1794,40096.6773462988,0.9013000000000001
2050-03-16 18:00:00,1795,39126.84758245844,0.8795000000000001
2050-03-16 19:00:00,1796,38681.971543999556,0.8694999999999999
2050-03-16 20:00:00,1797,38548.508732461894,0.8665
2050-03-16 21:00:00,1798,38286.031869771155,0.8606
2050-03-16 22:00:00,1799,37400.72855323799,0.8407000000000001
2050-03-16 23:00:00,1800,35487.7615878648,0.7976999999999999
2050-03-17 00:00:00,1801,33049.840897110145,0.7429
2050-03-17 01:00:00,1802,33049.840897110145,0.7429
2050-03-17 02:00:00,1803,33494.71693556903,0.7529
2050-03-17 03:00:00,1804,33147.7136255711,0.7451
2050-03-17 04:00:00,1805,33209.996270955344,0.7465
2050-03-17 05:00:00,1806,34562.419427870336,0.7769
2050-03-17 06:00:00,1807,37351.79218900751,0.8396
2050-03-17 07:00:00,1808,40732.850081294986,0.9155999999999999
2050-03-17 08:00:00,1809,43277.54102127979,0.9728000000000001
2050-03-17 09:00:00,1810,44265.16582665849,0.995
2050-03-17 10:00:00,1811,44291.85838896603,0.9956
2050-03-17 11:00:00,1812,44314.102190888974,0.9961000000000001
2050-03-17 12:00:00,1813,44487.603845887934,1.0
2050-03-17 13:00:00,1814,44487.603845887934,1.0
2050-03-17 14:00:00,1815,43909.2649958914,0.9870000000000001
2050-03-17 15:00:00,1816,42819.318701667136,0.9625
2050-03-17 16:00:00,1817,41444.6517428292,0.9316
2050-03-17 17:00:00,1818,40096.6773462988,0.9013000000000001
2050-03-17 18:00:00,1819,39126.84758245844,0.8795000000000001
2050-03-17 19:00:00,1820,38681.971543999556,0.8694999999999999
2050-03-17 20:00:00,1821,38548.508732461894,0.8665
2050-03-17 21:00:00,1822,38286.031869771155,0.8606
2050-03-17 22:00:00,1823,37400.72855323799,0.8407000000000001
2050-03-17 23:00:00,1824,35487.7615878648,0.7976999999999999
2050-03-18 00:00:00,1825,33049.840897110145,0.7429
2050-03-18 01:00:00,1826,33049.840897110145,0.7429
2050-03-18 02:00:00,1827,33494.71693556903,0.7529
2050-03-18 03:00:00,1828,33147.7136255711,0.7451
2050-03-18 04:00:00,1829,33209.996270955344,0.7465
2050-03-18 05:00:00,1830,34562.419427870336,0.7769
2050-03-18 06:00:00,1831,37351.79218900751,0.8396
2050-03-18 07:00:00,1832,40732.850081294986,0.9155999999999999
2050-03-18 08:00:00,1833,43277.54102127979,0.9728000000000001
2050-03-18 09:00:00,1834,44265.16582665849,0.995
2050-03-18 10:00:00,1835,44291.85838896603,0.9956
2050-03-18 11:00:00,1836,44314.102190888974,0.9961000000000001
2050-03-18 12:00:00,1837,44487.603845887934,1.0
2050-03-18 13:00:00,1838,44487.603845887934,1.0
2050-03-18 14:00:00,1839,43909.2649958914,0.9870000000000001
2050-03-18 15:00:00,1840,42819.318701667136,0.9625
2050-03-18 16:00:00,1841,41444.6517428292,0.9316
2050-03-18 17:00:00,1842,40096.6773462988,0.9013000000000001
2050-03-18 18:00:00,1843,39126.84758245844,0.8795000000000001
2050-03-18 19:00:00,1844,38681.971543999556,0.8694999999999999
2050-03-18 20:00:00,1845,38548.508732461894,0.8665
2050-03-18 21:00:00,1846,38286.031869771155,0.8606
2050-03-18 22:00:00,1847,37400.72855323799,0.8407000000000001
2050-03-18 23:00:00,1848,35487.7615878648,0.7976999999999999
2050-03-19 00:00:00,1849,22288.289526789857,0.501
2050-03-19 01:00:00,1850,22288.289526789857,0.501
2050-03-19 02:00:00,1851,20615.555622184467,0.4634
2050-03-19 03:00:00,1852,19796.983711420133,0.44500000000000006
2050-03-19 04:00:00,1853,19592.34073372905,0.44040000000000007
2050-03-19 05:00:00,1854,19739.149826420475,0.4437
2050-03-19 06:00:00,1855,19983.83164757286,0.44920000000000004
2050-03-19 07:00:00,1856,20152.884542187236,0.453
2050-03-19 08:00:00,1857,20210.718427186886,0.4543
2050-03-19 09:00:00,1858,20215.167187571482,0.4544000000000001
2050-03-19 10:00:00,1859,20224.064708340655,0.4546
2050-03-19 11:00:00,1860,20246.3085102636,0.4551
2050-03-19 12:00:00,1861,20255.206031032772,0.4552999999999999
2050-03-19 13:00:00,1862,20192.923385648537,0.4539000000000001
2050-03-19 14:00:00,1863,19992.72916834204,0.4494000000000001
2050-03-19 15:00:00,1864,19667.969660267056,0.4421
2050-03-19 16:00:00,1865,19338.761391807482,0.4346999999999999
2050-03-19 17:00:00,1866,19120.772132962637,0.42980000000000007
2050-03-19 18:00:00,1867,19009.553123347912,0.42729999999999996
2050-03-19 19:00:00,1868,18951.719238348258,0.42599999999999993
2050-03-19 20:00:00,1869,18965.06551950203,0.42630000000000007
2050-03-19 21:00:00,1870,19200.849819885232,0.4316
2050-03-19 22:00:00,1871,19881.510158727317,0.44689999999999996
2050-03-19 23:00:00,1872,21282.86967987279,0.47840000000000005
2050-03-20 00:00:00,1873,22288.289526789857,0.501
2050-03-20 01:00:00,1874,22288.289526789857,0.501
2050-03-20 02:00:00,1875,20615.555622184467,0.4634
2050-03-20 03:00:00,1876,19796.983711420133,0.44500000000000006
2050-03-20 04:00:00,1877,19592.34073372905,0.44040000000000007
2050-03-20 05:00:00,1878,19739.149826420475,0.4437
2050-03-20 06:00:00,1879,19983.83164757286,0.44920000000000004
2050-03-20 07:00:00,1880,20152.884542187236,0.453
2050-03-20 08:00:00,1881,20210.718427186886,0.4543
2050-03-20 09:00:00,1882,20215.167187571482,0.4544000000000001
2050-03-20 10:00:00,1883,20224.064708340655,0.4546
2050-03-20 11:00:00,1884,20246.3085102636,0.4551
2050-03-20 12:00:00,1885,20255.206031032772,0.4552999999999999
2050-03-20 13:00:00,1886,20192.923385648537,0.4539000000000001
2050-03-20 14:00:00,1887,19992.72916834204,0.4494000000000001
2050-03-20 15:00:00,1888,19667.969660267056,0.4421
2050-03-20 16:00:00,1889,19338.761391807482,0.4346999999999999
2050-03-20 17:00:00,1890,19120.772132962637,0.42980000000000007
2050-03-20 18:00:00,1891,19009.553123347912,0.42729999999999996
2050-03-20 19:00:00,1892,18951.719238348258,0.42599999999999993
2050-03-20 20:00:00,1893,18965.06551950203,0.42630000000000007
2050-03-20 21:00:00,1894,19200.849819885232,0.4316
2050-03-20 22:00:00,1895,19881.510158727317,0.44689999999999996
2050-03-20 23:00:00,1896,21282.86967987279,0.47840000000000005
2050-03-21 00:00:00,1897,33049.840897110145,0.7429
2050-03-21 01:00:00,1898,33049.840897110145,0.7429
2050-03-21 02:00:00,1899,33494.71693556903,0.7529
2050-03-21 03:00:00,1900,33147.7136255711,0.7451
2050-03-21 04:00:00,1901,33209.996270955344,0.7465
2050-03-21 05:00:00,1902,34562.419427870336,0.7769
2050-03-21 06:00:00,1903,37351.79218900751,0.8396
2050-03-21 07:00:00,1904,40732.850081294986,0.9155999999999999
2050-03-21 08:00:00,1905,43277.54102127979,0.9728000000000001
2050-03-21 09:00:00,1906,44265.16582665849,0.995
2050-03-21 10:00:00,1907,44291.85838896603,0.9956
2050-03-21 11:00:00,1908,44314.102190888974,0.9961000000000001
2050-03-21 12:00:00,1909,44487.603845887934,1.0
2050-03-21 13:00:00,1910,44487.603845887934,1.0
2050-03-21 14:00:00,1911,43909.2649958914,0.9870000000000001
2050-03-21 15:00:00,1912,42819.318701667136,0.9625
2050-03-21 16:00:00,1913,41444.6517428292,0.9316
2050-03-21 17:00:00,1914,40096.6773462988,0.9013000000000001
2050-03-21 18:00:00,1915,39126.84758245844,0.8795000000000001
2050-03-21 19:00:00,1916,38681.971543999556,0.8694999999999999
2050-03-21 20:00:00,1917,38548.508732461894,0.8665
2050-03-21 21:00:00,1918,38286.031869771155,0.8606
2050-03-21 22:00:00,1919,37400.72855323799,0.8407000000000001
2050-03-21 23:00:00,1920,35487.7615878648,0.7976999999999999
2050-03-22 00:00:00,1921,33049.840897110145,0.7429
2050-03-22 01:00:00,1922,33049.840897110145,0.7429
2050-03-22 02:00:00,1923,33494.71693556903,0.7529
2050-03-22 03:00:00,1924,33147.7136255711,0.7451
2050-03-22 04:00:00,1925,33209.996270955344,0.7465
2050-03-22 05:00:00,1926,34562.419427870336,0.7769
2050-03-22 06:00:00,1927,37351.79218900751,0.8396
2050-03-22 07:00:00,1928,40732.850081294986,0.9155999999999999
2050-03-22 08:00:00,1929,43277.54102127979,0.9728000000000001
2050-03-22 09:00:00,1930,44265.16582665849,0.995
2050-03-22 10:00:00,1931,44291.85838896603,0.9956
2050-03-22 11:00:00,1932,44314.102190888974,0.9961000000000001
2050-03-22 12:00:00,1933,44487.603845887934,1.0
2050-03-22 13:00:00,1934,44487.603845887934,1.0
2050-03-22 14:00:00,1935,43909.2649958914,0.9870000000000001
2050-03-22 15:00:00,1936,42819.318701667136,0.9625
2050-03-22 16:00:00,1937,41444.6517428292,0.9316
2050-03-22 17:00:00,1938,40096.6773462988,0.9013000000000001
2050-03-22 18:00:00,1939,39126.84758245844,0.8795000000000001
2050-03-22 19:00:00,1940,38681.971543999556,0.8694999999999999
2050-03-22 20:00:00,1941,38548.508732461894,0.8665
2050-03-22 21:00:00,1942,38286.031869771155,0.8606
2050-03-22 22:00:00,1943,37400.72855323799,0.8407000000000001
2050-03-22 23:00:00,1944,35487.7615878648,0.7976999999999999
2050-03-23 00:00:00,1945,33049.840897110145,0.7429
2050-03-23 01:00:00,1946,33049.840897110145,0.7429
2050-03-23 02:00:00,1947,33494.71693556903,0.7529
2050-03-23 03:00:00,1948,33147.7136255711,0.7451
2050-03-23 04:00:00,1949,33209.996270955344,0.7465
2050-03-23 05:00:00,1950,34562.419427870336,0.7769
2050-03-23 06:00:00,1951,37351.79218900751,0.8396
2050-03-23 07:00:00,1952,40732.850081294986,0.9155999999999999
2050-03-23 08:00:00,1953,43277.54102127979,0.9728000000000001
2050-03-23 09:00:00,1954,44265.16582665849,0.995
2050-03-23 10:00:00,1955,44291.85838896603,0.9956
2050-03-23 11:00:00,1956,44314.102190888974,0.9961000000000001
2050-03-23 12:00:00,1957,44487.603845887934,1.0
2050-03-23 13:00:00,1958,44487.603845887934,1.0
2050-03-23 14:00:00,1959,43909.2649958914,0.9870000000000001
2050-03-23 15:00:00,1960,42819.318701667136,0.9625
2050-03-23 16:00:00,1961,41444.6517428292,0.9316
2050-03-23 17:00:00,1962,40096.6773462988,0.9013000000000001
2050-03-23 18:00:00,1963,39126.84758245844,0.8795000000000001
2050-03-23 19:00:00,1964,38681.971543999556,0.8694999999999999
2050-03-23 20:00:00,1965,38548.508732461894,0.8665
2050-03-23 21:00:00,1966,38286.031869771155,0.8606
2050-03-23 22:00:00,1967,37400.72855323799,0.8407000000000001
2050-03-23 23:00:00,1968,35487.7615878648,0.7976999999999999
2050-03-24 00:00:00,1969,33049.840897110145,0.7429
2050-03-24 01:00:00,1970,33049.840897110145,0.7429
2050-03-24 02:00:00,1971,33494.71693556903,0.7529
2050-03-24 03:00:00,1972,33147.7136255711,0.7451
2050-03-24 04:00:00,1973,33209.996270955344,0.7465
2050-03-24 05:00:00,1974,34562.419427870336,0.7769
2050-03-24 06:00:00,1975,37351.79218900751,0.8396
2050-03-24 07:00:00,1976,40732.850081294986,0.9155999999999999
2050-03-24 08:00:00,1977,43277.54102127979,0.9728000000000001
2050-03-24 09:00:00,1978,44265.16582665849,0.995
2050-03-24 10:00:00,1979,44291.85838896603,0.9956
2050-03-24 11:00:00,1980,44314.102190888974,0.9961000000000001
2050-03-24 12:00:00,1981,44487.603845887934,1.0
2050-03-24 13:00:00,1982,44487.603845887934,1.0
2050-03-24 14:00:00,1983,43909.2649958914,0.9870000000000001
2050-03-24 15:00:00,1984,42819.318701667136,0.9625
2050-03-24 16:00:00,1985,41444.6517428292,0.9316
2050-03-24 17:00:00,1986,40096.6773462988,0.9013000000000001
2050-03-24 18:00:00,1987,39126.84758245844,0.8795000000000001
2050-03-24 19:00:00,1988,38681.971543999556,0.8694999999999999
2050-03-24 20:00:00,1989,38548.508732461894,0.8665
2050-03-24 21:00:00,1990,38286.031869771155,0.8606
2050-03-24 22:00:00,1991,37400.72855323799,0.8407000000000001
2050-03-24 23:00:00,1992,35487.7615878648,0.7976999999999999
2050-03-25 00:00:00,1993,33049.840897110145,0.7429
2050-03-25 01:00:00,1994,33049.840897110145,0.7429
2050-03-25 02:00:00,1995,33494.71693556903,0.7529
2050-03-25 03:00:00,1996,33147.7136255711,0.7451
2050-03-25 04:00:00,1997,33209.996270955344,0.7465
2050-03-25 05:00:00,1998,34562.419427870336,0.7769
2050-03-25 06:00:00,1999,37351.79218900751,0.8396
2050-03-25 07:00:00,2000,40732.850081294986,0.9155999999999999
2050-03-25 08:00:00,2001,43277.54102127979,0.9728000000000001
2050-03-25 09:00:00,2002,44265.16582665849,0.995
2050-03-25 10:00:00,2003,44291.85838896603,0.9956
2050-03-25 11:00:00,2004,44314.102190888974,0.9961000000000001
2050-03-25 12:00:00,2005,44487.603845887934,1.0
2050-03-25 13:00:00,2006,44487.603845887934,1.0
2050-03-25 14:00:00,2007,43909.2649958914,0.9870000000000001
2050-03-25 15:00:00,2008,42819.318701667136,0.9625
2050-03-25 16:00:00,2009,41444.6517428292,0.9316
2050-03-25 17:00:00,2010,40096.6773462988,0.9013000000000001
2050-03-25 18:00:00,2011,39126.84758245844,0.8795000000000001
2050-03-25 19:00:00,2012,38681.971543999556,0.8694999999999999
2050-03-25 20:00:00,2013,38548.508732461894,0.8665
2050-03-25 21:00:00,2014,38286.031869771155,0.8606
2050-03-25 22:00:00,2015,37400.72855323799,0.8407000000000001
2050-03-25 23:00:00,2016,35487.7615878648,0.7976999999999999
2050-03-26 00:00:00,2017,22288.289526789857,0.501
2050-03-26 01:00:00,2018,22288.289526789857,0.501
2050-03-26 02:00:00,2019,20615.555622184467,0.4634
2050-03-26 03:00:00,2020,19796.983711420133,0.44500000000000006
2050-03-26 04:00:00,2021,19592.34073372905,0.44040000000000007
2050-03-26 05:00:00,2022,19739.149826420475,0.4437
2050-03-26 06:00:00,2023,19983.83164757286,0.44920000000000004
2050-03-26 07:00:00,2024,20152.884542187236,0.453
2050-03-26 08:00:00,2025,20210.718427186886,0.4543
2050-03-26 09:00:00,2026,20215.167187571482,0.4544000000000001
2050-03-26 10:00:00,2027,20224.064708340655,0.4546
2050-03-26 11:00:00,2028,20246.3085102636,0.4551
2050-03-26 12:00:00,2029,20255.206031032772,0.4552999999999999
2050-03-26 13:00:00,2030,20192.923385648537,0.4539000000000001
2050-03-26 14:00:00,2031,19992.72916834204,0.4494000000000001
2050-03-26 15:00:00,2032,19667.969660267056,0.4421
2050-03-26 16:00:00,2033,19338.761391807482,0.4346999999999999
2050-03-26 17:00:00,2034,19120.772132962637,0.42980000000000007
2050-03-26 18:00:00,2035,19009.553123347912,0.42729999999999996
2050-03-26 19:00:00,2036,18951.719238348258,0.42599999999999993
2050-03-26 20:00:00,2037,18965.06551950203,0.42630000000000007
2050-03-26 21:00:00,2038,19200.849819885232,0.4316
2050-03-26 22:00:00,2039,19881.510158727317,0.44689999999999996
2050-03-26 23:00:00,2040,21282.86967987279,0.47840000000000005
2050-03-27 00:00:00,2041,22288.289526789857,0.501
2050-03-27 01:00:00,2042,22288.289526789857,0.501
2050-03-27 02:00:00,2043,20615.555622184467,0.4634
2050-03-27 03:00:00,2044,19796.983711420133,0.44500000000000006
2050-03-27 04:00:00,2045,19592.34073372905,0.44040000000000007
2050-03-27 05:00:00,2046,19739.149826420475,0.4437
2050-03-27 06:00:00,2047,19983.83164757286,0.44920000000000004
2050-03-27 07:00:00,2048,20152.884542187236,0.453
2050-03-27 08:00:00,2049,20210.718427186886,0.4543
2050-03-27 09:00:00,2050,20215.167187571482,0.4544000000000001
2050-03-27 10:00:00,2051,20224.064708340655,0.4546
2050-03-27 11:00:00,2052,20246.3085102636,0.4551
2050-03-27 12:00:00,2053,20255.206031032772,0.4552999999999999
2050-03-27 13:00:00,2054,20192.923385648537,0.4539000000000001
2050-03-27 14:00:00,2055,19992.72916834204,0.4494000000000001
2050-03-27 15:00:00,2056,19667.969660267056,0.4421
2050-03-27 16:00:00,2057,19338.761391807482,0.4346999999999999
2050-03-27 17:00:00,2058,19120.772132962637,0.42980000000000007
2050-03-27 18:00:00,2059,19009.553123347912,0.42729999999999996
2050-03-27 19:00:00,2060,18951.719238348258,0.42599999999999993
2050-03-27 20:00:00,2061,18965.06551950203,0.42630000000000007
2050-03-27 21:00:00,2062,19200.849819885232,0.4316
2050-03-27 22:00:00,2063,19881.510158727317,0.44689999999999996
2050-03-27 23:00:00,2064,21282.86967987279,0.47840000000000005
2050-03-28 00:00:00,2065,33049.840897110145,0.7429
2050-03-28 01:00:00,2066,33049.840897110145,0.7429
2050-03-28 02:00:00,2067,33494.71693556903,0.7529
2050-03-28 03:00:00,2068,33147.7136255711,0.7451
2050-03-28 04:00:00,2069,33209.996270955344,0.7465
2050-03-28 05:00:00,2070,34562.419427870336,0.7769
2050-03-28 06:00:00,2071,37351.79218900751,0.8396
2050-03-28 07:00:00,2072,40732.850081294986,0.9155999999999999
2050-03-28 08:00:00,2073,43277.54102127979,0.9728000000000001
2050-03-28 09:00:00,2074,44265.16582665849,0.995
2050-03-28 10:00:00,2075,44291.85838896603,0.9956
2050-03-28 11:00:00,2076,44314.102190888974,0.9961000000000001
2050-03-28 12:00:00,2077,44487.603845887934,1.0
2050-03-28 13:00:00,2078,44487.603845887934,1.0
2050-03-28 14:00:00,2079,43909.2649958914,0.9870000000000001
2050-03-28 15:00:00,2080,42819.318701667136,0.9625
2050-03-28 16:00:00,2081,41444.6517428292,0.9316
2050-03-28 17:00:00,2082,40096.6773462988,0.9013000000000001
2050-03-28 18:00:00,2083,39126.84758245844,0.8795000000000001
2050-03-28 19:00:00,2084,38681.971543999556,0.8694999999999999
2050-03-28 20:00:00,2085,38548.508732461894,0.8665
2050-03-28 21:00:00,2086,38286.031869771155,0.8606
2050-03-28 22:00:00,2087,37400.72855323799,0.8407000000000001
2050-03-28 23:00:00,2088,35487.7615878648,0.7976999999999999
2050-03-29 00:00:00,2089,33049.840897110145,0.7429
2050-03-29 01:00:00,2090,33049.840897110145,0.7429
2050-03-29 02:00:00,2091,33494.71693556903,0.7529
2050-03-29 03:00:00,2092,33147.7136255711,0.7451
2050-03-29 04:00:00,2093,33209.996270955344,0.7465
2050-03-29 05:00:00,2094,34562.419427870336,0.7769
2050-03-29 06:00:00,2095,37351.79218900751,0.8396
2050-03-29 07:00:00,2096,40732.850081294986,0.9155999999999999
2050-03-29 08:00:00,2097,43277.54102127979,0.9728000000000001
2050-03-29 09:00:00,2098,44265.16582665849,0.995
2050-03-29 10:00:00,2099,44291.85838896603,0.9956
2050-03-29 11:00:00,2100,44314.102190888974,0.9961000000000001
2050-03-29 12:00:00,2101,44487.603845887934,1.0
2050-03-29 13:00:00,2102,44487.603845887934,1.0
2050-03-29 14:00:00,2103,43909.2649958914,0.9870000000000001
2050-03-29 15:00:00,2104,42819.318701667136,0.9625
2050-03-29 16:00:00,2105,41444.6517428292,0.9316
2050-03-29 17:00:00,2106,40096.6773462988,0.9013000000000001
2050-03-29 18:00:00,2107,39126.84758245844,0.8795000000000001
2050-03-29 19:00:00,2108,38681.971543999556,0.8694999999999999
2050-03-29 20:00:00,2109,38548.508732461894,0.8665
2050-03-29 21:00:00,2110,38286.031869771155,0.8606
2050-03-29 22:00:00,2111,37400.72855323799,0.8407000000000001
2050-03-29 23:00:00,2112,35487.7615878648,0.7976999999999999
2050-03-30 00:00:00,2113,33049.840897110145,0.7429
2050-03-30 01:00:00,2114,33049.840897110145,0.7429
2050-03-30 02:00:00,2115,33494.71693556903,0.7529
2050-03-30 03:00:00,2116,33147.7136255711,0.7451
2050-03-30 04:00:00,2117,33209.996270955344,0.7465
2050-03-30 05:00:00,2118,34562.419427870336,0.7769
2050-03-30 06:00:00,2119,37351.79218900751,0.8396
2050-03-30 07:00:00,2120,40732.850081294986,0.9155999999999999
2050-03-30 08:00:00,2121,43277.54102127979,0.9728000000000001
2050-03-30 09:00:00,2122,44265.16582665849,0.995
2050-03-30 10:00:00,2123,44291.85838896603,0.9956
2050-03-30 11:00:00,2124,44314.102190888974,0.9961000000000001
2050-03-30 12:00:00,2125,44487.603845887934,1.0
2050-03-30 13:00:00,2126,44487.603845887934,1.0
2050-03-30 14:00:00,2127,43909.2649958914,0.9870000000000001
2050-03-30 15:00:00,2128,42819.318701667136,0.9625
2050-03-30 16:00:00,2129,41444.6517428292,0.9316
2050-03-30 17:00:00,2130,40096.6773462988,0.9013000000000001
2050-03-30 18:00:00,2131,39126.84758245844,0.8795000000000001
2050-03-30 19:00:00,2132,38681.971543999556,0.8694999999999999
2050-03-30 20:00:00,2133,38548.508732461894,0.8665
2050-03-30 21:00:00,2134,38286.031869771155,0.8606
2050-03-30 22:00:00,2135,37400.72855323799,0.8407000000000001
2050-03-30 23:00:00,2136,35487.7615878648,0.7976999999999999
2050-03-31 00:00:00,2137,33049.840897110145,0.7429
2050-03-31 01:00:00,2138,33049.840897110145,0.7429
2050-03-31 02:00:00,2139,33494.71693556903,0.7529
2050-03-31 03:00:00,2140,33147.7136255711,0.7451
2050-03-31 04:00:00,2141,33209.996270955344,0.7465
2050-03-31 05:00:00,2142,34562.419427870336,0.7769
2050-03-31 06:00:00,2143,37351.79218900751,0.8396
2050-03-31 07:00:00,2144,40732.850081294986,0.9155999999999999
2050-03-31 08:00:00,2145,43277.54102127979,0.9728000000000001
2050-03-31 09:00:00,2146,44265.16582665849,0.995
2050-03-31 10:00:00,2147,44291.85838896603,0.9956
2050-03-31 11:00:00,2148,44314.102190888974,0.9961000000000001
2050-03-31 12:00:00,2149,44487.603845887934,1.0
2050-03-31 13:00:00,2150,44487.603845887934,1.0
2050-03-31 14:00:00,2151,43909.2649958914,0.9870000000000001
2050-03-31 15:00:00,2152,42819.318701667136,0.9625
2050-03-31 16:00:00,2153,41444.6517428292,0.9316
2050-03-31 17:00:00,2154,40096.6773462988,0.9013000000000001
2050-03-31 18:00:00,2155,39126.84758245844,0.8795000000000001
2050-03-31 19:00:00,2156,38681.971543999556,0.8694999999999999
2050-03-31 20:00:00,2157,38548.508732461894,0.8665
2050-03-31 21:00:00,2158,38286.031869771155,0.8606
2050-03-31 22:00:00,2159,37400.72855323799,0.8407000000000001
2050-03-31 23:00:00,2160,35487.7615878648,0.7976999999999999
2050-04-01 00:00:00,2161,33049.840897110145,0.7429
2050-04-01 01:00:00,2162,33049.840897110145,0.7429
2050-04-01 02:00:00,2163,33494.71693556903,0.7529
2050-04-01 03:00:00,2164,33147.7136255711,0.7451
2050-04-01 04:00:00,2165,33209.996270955344,0.7465
2050-04-01 05:00:00,2166,34562.419427870336,0.7769
2050-04-01 06:00:00,2167,37351.79218900751,0.8396
2050-04-01 07:00:00,2168,40732.850081294986,0.9155999999999999
2050-04-01 08:00:00,2169,43277.54102127979,0.9728000000000001
2050-04-01 09:00:00,2170,44265.16582665849,0.995
2050-04-01 10:00:00,2171,44291.85838896603,0.9956
2050-04-01 11:00:00,2172,44314.102190888974,0.9961000000000001
2050-04-01 12:00:00,2173,44487.603845887934,1.0
2050-04-01 13:00:00,2174,44487.603845887934,1.0
2050-04-01 14:00:00,2175,43909.2649958914,0.9870000000000001
2050-04-01 15:00:00,2176,42819.318701667136,0.9625
2050-04-01 16:00:00,2177,41444.6517428292,0.9316
2050-04-01 17:00:00,2178,40096.6773462988,0.9013000000000001
2050-04-01 18:00:00,2179,39126.84758245844,0.8795000000000001
2050-04-01 19:00:00,2180,38681.971543999556,0.8694999999999999
2050-04-01 20:00:00,2181,38548.508732461894,0.8665
2050-04-01 21:00:00,2182,38286.031869771155,0.8606
2050-04-01 22:00:00,2183,37400.72855323799,0.8407000000000001
2050-04-01 23:00:00,2184,35487.7615878648,0.7976999999999999
2050-04-02 00:00:00,2185,22288.289526789857,0.501
2050-04-02 01:00:00,2186,22288.289526789857,0.501
2050-04-02 02:00:00,2187,20615.555622184467,0.4634
2050-04-02 03:00:00,2188,19796.983711420133,0.44500000000000006
2050-04-02 04:00:00,2189,19592.34073372905,0.44040000000000007
2050-04-02 05:00:00,2190,19739.149826420475,0.4437
2050-04-02 06:00:00,2191,19983.83164757286,0.44920000000000004
2050-04-02 07:00:00,2192,20152.884542187236,0.453
2050-04-02 08:00:00,2193,20210.718427186886,0.4543
2050-04-02 09:00:00,2194,20215.167187571482,0.4544000000000001
2050-04-02 10:00:00,2195,20224.064708340655,0.4546
2050-04-02 11:00:00,2196,20246.3085102636,0.4551
2050-04-02 12:00:00,2197,20255.206031032772,0.4552999999999999
2050-04-02 13:00:00,2198,20192.923385648537,0.4539000000000001
2050-04-02 14:00:00,2199,19992.72916834204,0.4494000000000001
2050-04-02 15:00:00,2200,19667.969660267056,0.4421
2050-04-02 16:00:00,2201,19338.761391807482,0.4346999999999999
2050-04-02 17:00:00,2202,19120.772132962637,0.42980000000000007
2050-04-02 18:00:00,2203,19009.553123347912,0.42729999999999996
2050-04-02 19:00:00,2204,18951.719238348258,0.42599999999999993
2050-04-02 20:00:00,2205,18965.06551950203,0.42630000000000007
2050-04-02 21:00:00,2206,19200.849819885232,0.4316
2050-04-02 22:00:00,2207,19881.510158727317,0.44689999999999996
2050-04-02 23:00:00,2208,21282.86967987279,0.47840000000000005
2050-04-03 00:00:00,2209,22288.289526789857,0.501
2050-04-03 01:00:00,2210,22288.289526789857,0.501
2050-04-03 02:00:00,2211,20615.555622184467,0.4634
2050-04-03 03:00:00,2212,19796.983711420133,0.44500000000000006
2050-04-03 04:00:00,2213,19592.34073372905,0.44040000000000007
2050-04-03 05:00:00,2214,19739.149826420475,0.4437
2050-04-03 06:00:00,2215,19983.83164757286,0.44920000000000004
2050-04-03 07:00:00,2216,20152.884542187236,0.453
2050-04-03 08:00:00,2217,20210.718427186886,0.4543
2050-04-03 09:00:00,2218,20215.167187571482,0.4544000000000001
2050-04-03 10:00:00,2219,20224.064708340655,0.4546
2050-04-03 11:00:00,2220,20246.3085102636,0.4551
2050-04-03 12:00:00,2221,20255.206031032772,0.4552999999999999
2050-04-03 13:00:00,2222,20192.923385648537,0.4539000000000001
2050-04-03 14:00:00,2223,19992.72916834204,0.4494000000000001
2050-04-03 15:00:00,2224,19667.969660267056,0.4421
2050-04-03 16:00:00,2225,19338.761391807482,0.4346999999999999
2050-04-03 17:00:00,2226,19120.772132962637,0.42980000000000007
2050-04-03 18:00:00,2227,19009.553123347912,0.42729999999999996
2050-04-03 19:00:00,2228,18951.719238348258,0.42599999999999993
2050-04-03 20:00:00,2229,18965.06551950203,0.42630000000000007
2050-04-03 21:00:00,2230,19200.849819885232,0.4316
2050-04-03 22:00:00,2231,19881.510158727317,0.44689999999999996
2050-04-03 23:00:00,2232,21282.86967987279,0.47840000000000005
2050-04-04 00:00:00,2233,33049.840897110145,0.7429
2050-04-04 01:00:00,2234,33049.840897110145,0.7429
2050-04-04 02:00:00,2235,33494.71693556903,0.7529
2050-04-04 03:00:00,2236,33147.7136255711,0.7451
2050-04-04 04:00:00,2237,33209.996270955344,0.7465
2050-04-04 05:00:00,2238,34562.419427870336,0.7769
2050-04-04 06:00:00,2239,37351.79218900751,0.8396
2050-04-04 07:00:00,2240,40732.850081294986,0.9155999999999999
2050-04-04 08:00:00,2241,43277.54102127979,0.9728000000000001
2050-04-04 09:00:00,2242,44265.16582665849,0.995
2050-04-04 10:00:00,2243,44291.85838896603,0.9956
2050-04-04 11:00:00,2244,44314.102190888974,0.9961000000000001
2050-04-04 12:00:00,2245,44487.603845887934,1.0
2050-04-04 13:00:00,2246,44487.603845887934,1.0
2050-04-04 14:00:00,2247,43909.2649958914,0.9870000000000001
2050-04-04 15:00:00,2248,42819.318701667136,0.9625
2050-04-04 16:00:00,2249,41444.6517428292,0.9316
2050-04-04 17:00:00,2250,40096.6773462988,0.9013000000000001
2050-04-04 18:00:00,2251,39126.84758245844,0.8795000000000001
2050-04-04 19:00:00,2252,38681.971543999556,0.8694999999999999
2050-04-04 20:00:00,2253,38548.508732461894,0.8665
2050-04-04 21:00:00,2254,38286.031869771155,0.8606
2050-04-04 22:00:00,2255,37400.72855323799,0.8407000000000001
2050-04-04 23:00:00,2256,35487.7615878648,0.7976999999999999
2050-04-05 00:00:00,2257,33049.840897110145,0.7429
2050-04-05 01:00:00,2258,33049.840897110145,0.7429
2050-04-05 02:00:00,2259,33494.71693556903,0.7529
2050-04-05 03:00:00,2260,33147.7136255711,0.7451
2050-04-05 04:00:00,2261,33209.996270955344,0.7465
2050-04-05 05:00:00,2262,34562.419427870336,0.7769
2050-04-05 06:00:00,2263,37351.79218900751,0.8396
2050-04-05 07:00:00,2264,40732.850081294986,0.9155999999999999
2050-04-05 08:00:00,2265,43277.54102127979,0.9728000000000001
2050-04-05 09:00:00,2266,44265.16582665849,0.995
2050-04-05 10:00:00,2267,44291.85838896603,0.9956
2050-04-05 11:00:00,2268,44314.102190888974,0.9961000000000001
2050-04-05 12:00:00,2269,44487.603845887934,1.0
2050-04-05 13:00:00,2270,44487.603845887934,1.0
2050-04-05 14:00:00,2271,43909.2649958914,0.9870000000000001
2050-04-05 15:00:00,2272,42819.318701667136,0.9625
2050-04-05 16:00:00,2273,41444.6517428292,0.9316
2050-04-05 17:00:00,2274,40096.6773462988,0.9013000000000001
2050-04-05 18:00:00,2275,39126.84758245844,0.8795000000000001
2050-04-05 19:00:00,2276,38681.971543999556,0.8694999999999999
2050-04-05 20:00:00,2277,38548.508732461894,0.8665
2050-04-05 21:00:00,2278,38286.031869771155,0.8606
2050-04-05 22:00:00,2279,37400.72855323799,0.8407000000000001
2050-04-05 23:00:00,2280,35487.7615878648,0.7976999999999999
2050-04-06 00:00:00,2281,33049.840897110145,0.7429
2050-04-06 01:00:00,2282,33049.840897110145,0.7429
2050-04-06 02:00:00,2283,33494.71693556903,0.7529
2050-04-06 03:00:00,2284,33147.7136255711,0.7451
2050-04-06 04:00:00,2285,33209.996270955344,0.7465
2050-04-06 05:00:00,2286,34562.419427870336,0.7769
2050-04-06 06:00:00,2287,37351.79218900751,0.8396
2050-04-06 07:00:00,2288,40732.850081294986,0.9155999999999999
2050-04-06 08:00:00,2289,43277.54102127979,0.9728000000000001
2050-04-06 09:00:00,2290,44265.16582665849,0.995
2050-04-06 10:00:00,2291,44291.85838896603,0.9956
2050-04-06 11:00:00,2292,44314.102190888974,0.9961000000000001
2050-04-06 12:00:00,2293,44487.603845887934,1.0
2050-04-06 13:00:00,2294,44487.603845887934,1.0
2050-04-06 14:00:00,2295,43909.2649958914,0.9870000000000001
2050-04-06 15:00:00,2296,42819.318701667136,0.9625
2050-04-06 16:00:00,2297,41444.6517428292,0.9316
2050-04-06 17:00:00,2298,40096.6773462988,0.9013000000000001
2050-04-06 18:00:00,2299,39126.84758245844,0.8795000000000001
2050-04-06 19:00:00,2300,38681.971543999556,0.8694999999999999
2050-04-06 20:00:00,2301,38548.508732461894,0.8665
2050-04-06 21:00:00,2302,38286.031869771155,0.8606
2050-04-06 22:00:00,2303,37400.72855323799,0.8407000000000001
2050-04-06 23:00:00,2304,35487.7615878648,0.7976999999999999
2050-04-07 00:00:00,2305,33049.840897110145,0.7429
2050-04-07 01:00:00,2306,33049.840897110145,0.7429
2050-04-07 02:00:00,2307,33494.71693556903,0.7529
2050-04-07 03:00:00,2308,33147.7136255711,0.7451
2050-04-07 04:00:00,2309,33209.996270955344,0.7465
2050-04-07 05:00:00,2310,34562.419427870336,0.7769
2050-04-07 06:00:00,2311,37351.79218900751,0.8396
2050-04-07 07:00:00,2312,40732.850081294986,0.9155999999999999
2050-04-07 08:00:00,2313,43277.54102127979,0.9728000000000001
2050-04-07 09:00:00,2314,44265.16582665849,0.995
2050-04-07 10:00:00,2315,44291.85838896603,0.9956
2050-04-07 11:00:00,2316,44314.102190888974,0.9961000000000001
2050-04-07 12:00:00,2317,44487.603845887934,1.0
2050-04-07 13:00:00,2318,44487.603845887934,1.0
2050-04-07 14:00:00,2319,43909.2649958914,0.9870000000000001
2050-04-07 15:00:00,2320,42819.318701667136,0.9625
2050-04-07 16:00:00,2321,41444.6517428292,0.9316
2050-04-07 17:00:00,2322,40096.6773462988,0.9013000000000001
2050-04-07 18:00:00,2323,39126.84758245844,0.8795000000000001
2050-04-07 19:00:00,2324,38681.971543999556,0.8694999999999999
2050-04-07 20:00:00,2325,38548.508732461894,0.8665
2050-04-07 21:00:00,2326,38286.031869771155,0.8606
2050-04-07 22:00:00,2327,37400.72855323799,0.8407000000000001
2050-04-07 23:00:00,2328,35487.7615878648,0.7976999999999999
2050-04-08 00:00:00,2329,33049.840897110145,0.7429
2050-04-08 01:00:00,2330,33049.840897110145,0.7429
2050-04-08 02:00:00,2331,33494.71693556903,0.7529
2050-04-08 03:00:00,2332,33147.7136255711,0.7451
2050-04-08 04:00:00,2333,33209.996270955344,0.7465
2050-04-08 05:00:00,2334,34562.419427870336,0.7769
2050-04-08 06:00:00,2335,37351.79218900751,0.8396
2050-04-08 07:00:00,2336,40732.850081294986,0.9155999999999999
2050-04-08 08:00:00,2337,43277.54102127979,0.9728000000000001
2050-04-08 09:00:00,2338,44265.16582665849,0.995
2050-04-08 10:00:00,2339,44291.85838896603,0.9956
2050-04-08 11:00:00,2340,44314.102190888974,0.9961000000000001
2050-04-08 12:00:00,2341,44487.603845887934,1.0
2050-04-08 13:00:00,2342,44487.603845887934,1.0
2050-04-08 14:00:00,2343,43909.2649958914,0.9870000000000001
2050-04-08 15:00:00,2344,42819.318701667136,0.9625
2050-04-08 16:00:00,2345,41444.6517428292,0.9316
2050-04-08 17:00:00,2346,40096.6773462988,0.9013000000000001
2050-04-08 18:00:00,2347,39126.84758245844,0.8795000000000001
2050-04-08 19:00:00,2348,38681.971543999556,0.8694999999999999
2050-04-08 20:00:00,2349,38548.508732461894,0.8665
2050-04-08 21:00:00,2350,38286.031869771155,0.8606
2050-04-08 22:00:00,2351,37400.72855323799,0.8407000000000001
2050-04-08 23:00:00,2352,35487.7615878648,0.7976999999999999
2050-04-09 00:00:00,2353,22288.289526789857,0.501
2050-04-09 01:00:00,2354,22288.289526789857,0.501
2050-04-09 02:00:00,2355,20615.555622184467,0.4634
2050-04-09 03:00:00,2356,19796.983711420133,0.44500000000000006
2050-04-09 04:00:00,2357,19592.34073372905,0.44040000000000007
2050-04-09 05:00:00,2358,19739.149826420475,0.4437
2050-04-09 06:00:00,2359,19983.83164757286,0.44920000000000004
2050-04-09 07:00:00,2360,20152.884542187236,0.453
2050-04-09 08:00:00,2361,20210.718427186886,0.4543
2050-04-09 09:00:00,2362,20215.167187571482,0.4544000000000001
2050-04-09 10:00:00,2363,20224.064708340655,0.4546
2050-04-09 11:00:00,2364,20246.3085102636,0.4551
2050-04-09 12:00:00,2365,20255.206031032772,0.4552999999999999
2050-04-09 13:00:00,2366,20192.923385648537,0.4539000000000001
2050-04-09 14:00:00,2367,19992.72916834204,0.4494000000000001
2050-04-09 15:00:00,2368,19667.969660267056,0.4421
2050-04-09 16:00:00,2369,19338.761391807482,0.4346999999999999
2050-04-09 17:00:00,2370,19120.772132962637,0.42980000000000007
2050-04-09 18:00:00,2371,19009.553123347912,0.42729999999999996
2050-04-09 19:00:00,2372,18951.719238348258,0.42599999999999993
2050-04-09 20:00:00,2373,18965.06551950203,0.42630000000000007
2050-04-09 21:00:00,2374,19200.849819885232,0.4316
2050-04-09 22:00:00,2375,19881.510158727317,0.44689999999999996
2050-04-09 23:00:00,2376,21282.86967987279,0.47840000000000005
2050-04-10 00:00:00,2377,22288.289526789857,0.501
2050-04-10 01:00:00,2378,22288.289526789857,0.501
2050-04-10 02:00:00,2379,20615.555622184467,0.4634
2050-04-10 03:00:00,2380,19796.983711420133,0.44500000000000006
2050-04-10 04:00:00,2381,19592.34073372905,0.44040000000000007
2050-04-10 05:00:00,2382,19739.149826420475,0.4437
2050-04-10 06:00:00,2383,19983.83164757286,0.44920000000000004
2050-04-10 07:00:00,2384,20152.884542187236,0.453
2050-04-10 08:00:00,2385,20210.718427186886,0.4543
2050-04-10 09:00:00,2386,20215.167187571482,0.4544000000000001
2050-04-10 10:00:00,2387,20224.064708340655,0.4546
2050-04-10 11:00:00,2388,20246.3085102636,0.4551
2050-04-10 12:00:00,2389,20255.206031032772,0.4552999999999999
2050-04-10 13:00:00,2390,20192.923385648537,0.4539000000000001
2050-04-10 14:00:00,2391,19992.72916834204,0.4494000000000001
2050-04-10 15:00:00,2392,19667.969660267056,0.4421
2050-04-10 16:00:00,2393,19338.761391807482,0.4346999999999999
2050-04-10 17:00:00,2394,19120.772132962637,0.42980000000000007
2050-04-10 18:00:00,2395,19009.553123347912,0.42729999999999996
2050-04-10 19:00:00,2396,18951.719238348258,0.42599999999999993
2050-04-10 20:00:00,2397,18965.06551950203,0.42630000000000007
2050-04-10 21:00:00,2398,19200.849819885232,0.4316
2050-04-10 22:00:00,2399,19881.510158727317,0.44689999999999996
2050-04-10 23:00:00,2400,21282.86967987279,0.47840000000000005
2050-04-11 00:00:00,2401,33049.840897110145,0.7429
2050-04-11 01:00:00,2402,33049.840897110145,0.7429
2050-04-11 02:00:00,2403,33494.71693556903,0.7529
2050-04-11 03:00:00,2404,33147.7136255711,0.7451
2050-04-11 04:00:00,2405,33209.996270955344,0.7465
2050-04-11 05:00:00,2406,34562.419427870336,0.7769
2050-04-11 06:00:00,2407,37351.79218900751,0.8396
2050-04-11 07:00:00,2408,40732.850081294986,0.9155999999999999
2050-04-11 08:00:00,2409,43277.54102127979,0.9728000000000001
2050-04-11 09:00:00,2410,44265.16582665849,0.995
2050-04-11 10:00:00,2411,44291.85838896603,0.9956
2050-04-11 11:00:00,2412,44314.102190888974,0.9961000000000001
2050-04-11 12:00:00,2413,44487.603845887934,1.0
2050-04-11 13:00:00,2414,44487.603845887934,1.0
2050-04-11 14:00:00,2415,43909.2649958914,0.9870000000000001
2050-04-11 15:00:00,2416,42819.318701667136,0.9625
2050-04-11 16:00:00,2417,41444.6517428292,0.9316
2050-04-11 17:00:00,2418,40096.6773462988,0.9013000000000001
2050-04-11 18:00:00,2419,39126.84758245844,0.8795000000000001
2050-04-11 19:00:00,2420,38681.971543999556,0.8694999999999999
2050-04-11 20:00:00,2421,38548.508732461894,0.8665
2050-04-11 21:00:00,2422,38286.031869771155,0.8606
2050-04-11 22:00:00,2423,37400.72855323799,0.8407000000000001
2050-04-11 23:00:00,2424,35487.7615878648,0.7976999999999999
2050-04-12 00:00:00,2425,33049.840897110145,0.7429
2050-04-12 01:00:00,2426,33049.840897110145,0.7429
2050-04-12 02:00:00,2427,33494.71693556903,0.7529
2050-04-12 03:00:00,2428,33147.7136255711,0.7451
2050-04-12 04:00:00,2429,33209.996270955344,0.7465
2050-04-12 05:00:00,2430,34562.419427870336,0.7769
2050-04-12 06:00:00,2431,37351.79218900751,0.8396
2050-04-12 07:00:00,2432,40732.850081294986,0.9155999999999999
2050-04-12 08:00:00,2433,43277.54102127979,0.9728000000000001
2050-04-12 09:00:00,2434,44265.16582665849,0.995
2050-04-12 10:00:00,2435,44291.85838896603,0.9956
2050-04-12 11:00:00,2436,44314.102190888974,0.9961000000000001
2050-04-12 12:00:00,2437,44487.603845887934,1.0
2050-04-12 13:00:00,2438,44487.603845887934,1.0
2050-04-12 14:00:00,2439,43909.2649958914,0.9870000000000001
2050-04-12 15:00:00,2440,42819.318701667136,0.9625
2050-04-12 16:00:00,2441,41444.6517428292,0.9316
2050-04-12 17:00:00,2442,40096.6773462988,0.9013000000000001
2050-04-12 18:00:00,2443,39126.84758245844,0.8795000000000001
2050-04-12 19:00:00,2444,38681.971543999556,0.8694999999999999
2050-04-12 20:00:00,2445,38548.508732461894,0.8665
2050-04-12 21:00:00,2446,38286.031869771155,0.8606
2050-04-12 22:00:00,2447,37400.72855323799,0.8407000000000001
2050-04-12 23:00:00,2448,35487.7615878648,0.7976999999999999
2050-04-13 00:00:00,2449,33049.840897110145,0.7429
2050-04-13 01:00:00,2450,33049.840897110145,0.7429
2050-04-13 02:00:00,2451,33494.71693556903,0.7529
2050-04-13 03:00:00,2452,33147.7136255711,0.7451
2050-04-13 04:00:00,2453,33209.996270955344,0.7465
2050-04-13 05:00:00,2454,34562.419427870336,0.7769
2050-04-13 06:00:00,2455,37351.79218900751,0.8396
2050-04-13 07:00:00,2456,40732.850081294986,0.9155999999999999
2050-04-13 08:00:00,2457,43277.54102127979,0.9728000000000001
2050-04-13 09:00:00,2458,44265.16582665849,0.995
2050-04-13 10:00:00,2459,44291.85838896603,0.9956
2050-04-13 11:00:00,2460,44314.102190888974,0.9961000000000001
2050-04-13 12:00:00,2461,44487.603845887934,1.0
2050-04-13 13:00:00,2462,44487.603845887934,1.0
2050-04-13 14:00:00,2463,43909.2649958914,0.9870000000000001
2050-04-13 15:00:00,2464,42819.318701667136,0.9625
2050-04-13 16:00:00,2465,41444.6517428292,0.9316
2050-04-13 17:00:00,2466,40096.6773462988,0.9013000000000001
2050-04-13 18:00:00,2467,39126.84758245844,0.8795000000000001
2050-04-13 19:00:00,2468,38681.971543999556,0.8694999999999999
2050-04-13 20:00:00,2469,38548.508732461894,0.8665
2050-04-13 21:00:00,2470,38286.031869771155,0.8606
2050-04-13 22:00:00,2471,37400.72855323799,0.8407000000000001
2050-04-13 23:00:00,2472,35487.7615878648,0.7976999999999999
2050-04-14 00:00:00,2473,33049.840897110145,0.7429
2050-04-14 01:00:00,2474,33049.840897110145,0.7429
2050-04-14 02:00:00,2475,33494.71693556903,0.7529
2050-04-14 03:00:00,2476,33147.7136255711,0.7451
2050-04-14 04:00:00,2477,33209.996270955344,0.7465
2050-04-14 05:00:00,2478,34562.419427870336,0.7769
2050-04-14 06:00:00,2479,37351.79218900751,0.8396
2050-04-14 07:00:00,2480,40732.850081294986,0.9155999999999999
2050-04-14 08:00:00,2481,43277.54102127979,0.9728000000000001
2050-04-14 09:00:00,2482,44265.16582665849,0.995
2050-04-14 10:00:00,2483,44291.85838896603,0.9956
2050-04-14 11:00:00,2484,44314.102190888974,0.9961000000000001
2050-04-14 12:00:00,2485,44487.603845887934,1.0
2050-04-14 13:00:00,2486,44487.603845887934,1.0
2050-04-14 14:00:00,2487,43909.2649958914,0.9870000000000001
2050-04-14 15:00:00,2488,42819.318701667136,0.9625
2050-04-14 16:00:00,2489,41444.6517428292,0.9316
2050-04-14 17:00:00,2490,40096.6773462988,0.9013000000000001
2050-04-14 18:00:00,2491,39126.84758245844,0.8795000000000001
2050-04-14 19:00:00,2492,38681.971543999556,0.8694999999999999
2050-04-14 20:00:00,2493,38548.508732461894,0.8665
2050-04-14 21:00:00,2494,38286.031869771155,0.8606
2050-04-14 22:00:00,2495,37400.72855323799,0.8407000000000001
2050-04-14 23:00:00,2496,35487.7615878648,0.7976999999999999
2050-04-15 00:00:00,2497,33049.840897110145,0.7429
2050-04-15 01:00:00,2498,33049.840897110145,0.7429
2050-04-15 02:00:00,2499,33494.71693556903,0.7529
2050-04-15 03:00:00,2500,33147.7136255711,0.7451
2050-04-15 04:00:00,2501,33209.996270955344,0.7465
2050-04-15 05:00:00,2502,34562.419427870336,0.7769
2050-04-15 06:00:00,2503,37351.79218900751,0.8396
2050-04-15 07:00:00,2504,40732.850081294986,0.9155999999999999
2050-04-15 08:00:00,2505,43277.54102127979,0.9728000000000001
2050-04-15 09:00:00,2506,44265.16582665849,0.995
2050-04-15 10:00:00,2507,44291.85838896603,0.9956
2050-04-15 11:00:00,2508,44314.102190888974,0.9961000000000001
2050-04-15 12:00:00,2509,44487.603845887934,1.0
2050-04-15 13:00:00,2510,44487.603845887934,1.0
2050-04-15 14:00:00,2511,43909.2649958914,0.9870000000000001
2050-04-15 15:00:00,2512,42819.318701667136,0.9625
2050-04-15 16:00:00,2513,41444.6517428292,0.9316
2050-04-15 17:00:00,2514,40096.6773462988,0.9013000000000001
2050-04-15 18:00:00,2515,39126.84758245844,0.8795000000000001
2050-04-15 19:00:00,2516,38681.971543999556,0.8694999999999999
2050-04-15 20:00:00,2517,38548.508732461894,0.8665
2050-04-15 21:00:00,2518,38286.031869771155,0.8606
2050-04-15 22:00:00,2519,37400.72855323799,0.8407000000000001
2050-04-15 23:00:00,2520,35487.7615878648,0.7976999999999999
2050-04-16 00:00:00,2521,22288.289526789857,0.501
2050-04-16 01:00:00,2522,22288.289526789857,0.501
2050-04-16 02:00:00,2523,20615.555622184467,0.4634
2050-04-16 03:00:00,2524,19796.983711420133,0.44500000000000006
2050-04-16 04:00:00,2525,19592.34073372905,0.44040000000000007
2050-04-16 05:00:00,2526,19739.149826420475,0.4437
2050-04-16 06:00:00,2527,19983.83164757286,0.44920000000000004
2050-04-16 07:00:00,2528,20152.884542187236,0.453
2050-04-16 08:00:00,2529,20210.718427186886,0.4543
2050-04-16 09:00:00,2530,20215.167187571482,0.4544000000000001
2050-04-16 10:00:00,2531,20224.064708340655,0.4546
2050-04-16 11:00:00,2532,20246.3085102636,0.4551
2050-04-16 12:00:00,2533,20255.206031032772,0.4552999999999999
2050-04-16 13:00:00,2534,20192.923385648537,0.4539000000000001
2050-04-16 14:00:00,2535,19992.72916834204,0.4494000000000001
2050-04-16 15:00:00,2536,19667.969660267056,0.4421
2050-04-16 16:00:00,2537,19338.761391807482,0.4346999999999999
2050-04-16 17:00:00,2538,19120.772132962637,0.42980000000000007
2050-04-16 18:00:00,2539,19009.553123347912,0.42729999999999996
2050-04-16 19:00:00,2540,18951.719238348258,0.42599999999999993
2050-04-16 20:00:00,2541,18965.06551950203,0.42630000000000007
2050-04-16 21:00:00,2542,19200.849819885232,0.4316
2050-04-16 22:00:00,2543,19881.510158727317,0.44689999999999996
2050-04-16 23:00:00,2544,21282.86967987279,0.47840000000000005
2050-04-17 00:00:00,2545,22288.289526789857,0.501
2050-04-17 01:00:00,2546,22288.289526789857,0.501
2050-04-17 02:00:00,2547,20615.555622184467,0.4634
2050-04-17 03:00:00,2548,19796.983711420133,0.44500000000000006
2050-04-17 04:00:00,2549,19592.34073372905,0.44040000000000007
2050-04-17 05:00:00,2550,19739.149826420475,0.4437
2050-04-17 06:00:00,2551,19983.83164757286,0.44920000000000004
2050-04-17 07:00:00,2552,20152.884542187236,0.453
2050-04-17 08:00:00,2553,20210.718427186886,0.4543
2050-04-17 09:00:00,2554,20215.167187571482,0.4544000000000001
2050-04-17 10:00:00,2555,20224.064708340655,0.4546
2050-04-17 11:00:00,2556,20246.3085102636,0.4551
2050-04-17 12:00:00,2557,20255.206031032772,0.4552999999999999
2050-04-17 13:00:00,2558,20192.923385648537,0.4539000000000001
2050-04-17 14:00:00,2559,19992.72916834204,0.4494000000000001
2050-04-17 15:00:00,2560,19667.969660267056,0.4421
2050-04-17 16:00:00,2561,19338.761391807482,0.4346999999999999
2050-04-17 17:00:00,2562,19120.772132962637,0.42980000000000007
2050-04-17 18:00:00,2563,19009.553123347912,0.42729999999999996
2050-04-17 19:00:00,2564,18951.719238348258,0.42599999999999993
2050-04-17 20:00:00,2565,18965.06551950203,0.42630000000000007
2050-04-17 21:00:00,2566,19200.849819885232,0.4316
2050-04-17 22:00:00,2567,19881.510158727317,0.44689999999999996
2050-04-17 23:00:00,2568,21282.86967987279,0.47840000000000005
2050-04-18 00:00:00,2569,33049.840897110145,0.7429
2050-04-18 01:00:00,2570,33049.840897110145,0.7429
2050-04-18 02:00:00,2571,33494.71693556903,0.7529
2050-04-18 03:00:00,2572,33147.7136255711,0.7451
2050-04-18 04:00:00,2573,33209.996270955344,0.7465
2050-04-18 05:00:00,2574,34562.419427870336,0.7769
2050-04-18 06:00:00,2575,37351.79218900751,0.8396
2050-04-18 07:00:00,2576,40732.850081294986,0.9155999999999999
2050-04-18 08:00:00,2577,43277.54102127979,0.9728000000000001
2050-04-18 09:00:00,2578,44265.16582665849,0.995
2050-04-18 10:00:00,2579,44291.85838896603,0.9956
2050-04-18 11:00:00,2580,44314.102190888974,0.9961000000000001
2050-04-18 12:00:00,2581,44487.603845887934,1.0
2050-04-18 13:00:00,2582,44487.603845887934,1.0
2050-04-18 14:00:00,2583,43909.2649958914,0.9870000000000001
2050-04-18 15:00:00,2584,42819.318701667136,0.9625
2050-04-18 16:00:00,2585,41444.6517428292,0.9316
2050-04-18 17:00:00,2586,40096.6773462988,0.9013000000000001
2050-04-18 18:00:00,2587,39126.84758245844,0.8795000000000001
2050-04-18 19:00:00,2588,38681.971543999556,0.8694999999999999
2050-04-18 20:00:00,2589,38548.508732461894,0.8665
2050-04-18 21:00:00,2590,38286.031869771155,0.8606
2050-04-18 22:00:00,2591,37400.72855323799,0.8407000000000001
2050-04-18 23:00:00,2592,35487.7615878648,0.7976999999999999
2050-04-19 00:00:00,2593,33049.840897110145,0.7429
2050-04-19 01:00:00,2594,33049.840897110145,0.7429
2050-04-19 02:00:00,2595,33494.71693556903,0.7529
2050-04-19 03:00:00,2596,33147.7136255711,0.7451
2050-04-19 04:00:00,2597,33209.996270955344,0.7465
2050-04-19 05:00:00,2598,34562.419427870336,0.7769
2050-04-19 06:00:00,2599,37351.79218900751,0.8396
2050-04-19 07:00:00,2600,40732.850081294986,0.9155999999999999
2050-04-19 08:00:00,2601,43277.54102127979,0.9728000000000001
2050-04-19 09:00:00,2602,44265.16582665849,0.995
2050-04-19 10:00:00,2603,44291.85838896603,0.9956
2050-04-19 11:00:00,2604,44314.102190888974,0.9961000000000001
2050-04-19 12:00:00,2605,44487.603845887934,1.0
2050-04-19 13:00:00,2606,44487.603845887934,1.0
2050-04-19 14:00:00,2607,43909.2649958914,0.9870000000000001
2050-04-19 15:00:00,2608,42819.318701667136,0.9625
2050-04-19 16:00:00,2609,41444.6517428292,0.9316
2050-04-19 17:00:00,2610,40096.6773462988,0.9013000000000001
2050-04-19 18:00:00,2611,39126.84758245844,0.8795000000000001
2050-04-19 19:00:00,2612,38681.971543999556,0.8694999999999999
2050-04-19 20:00:00,2613,38548.508732461894,0.8665
2050-04-19 21:00:00,2614,38286.031869771155,0.8606
2050-04-19 22:00:00,2615,37400.72855323799,0.8407000000000001
2050-04-19 23:00:00,2616,35487.7615878648,0.7976999999999999
2050-04-20 00:00:00,2617,33049.840897110145,0.7429
2050-04-20 01:00:00,2618,33049.840897110145,0.7429
2050-04-20 02:00:00,2619,33494.71693556903,0.7529
2050-04-20 03:00:00,2620,33147.7136255711,0.7451
2050-04-20 04:00:00,2621,33209.996270955344,0.7465
2050-04-20 05:00:00,2622,34562.419427870336,0.7769
2050-04-20 06:00:00,2623,37351.79218900751,0.8396
2050-04-20 07:00:00,2624,40732.850081294986,0.9155999999999999
2050-04-20 08:00:00,2625,43277.54102127979,0.9728000000000001
2050-04-20 09:00:00,2626,44265.16582665849,0.995
2050-04-20 10:00:00,2627,44291.85838896603,0.9956
2050-04-20 11:00:00,2628,44314.102190888974,0.9961000000000001
2050-04-20 12:00:00,2629,44487.603845887934,1.0
2050-04-20 13:00:00,2630,44487.603845887934,1.0
2050-04-20 14:00:00,2631,43909.2649958914,0.9870000000000001
2050-04-20 15:00:00,2632,42819.318701667136,0.9625
2050-04-20 16:00:00,2633,41444.6517428292,0.9316
2050-04-20 17:00:00,2634,40096.6773462988,0.9013000000000001
2050-04-20 18:00:00,2635,39126.84758245844,0.8795000000000001
2050-04-20 19:00:00,2636,38681.971543999556,0.8694999999999999
2050-04-20 20:00:00,2637,38548.508732461894,0.8665
2050-04-20 21:00:00,2638,38286.031869771155,0.8606
2050-04-20 22:00:00,2639,37400.72855323799,0.8407000000000001
2050-04-20 23:00:00,2640,35487.7615878648,0.7976999999999999
2050-04-21 00:00:00,2641,33049.840897110145,0.7429
2050-04-21 01:00:00,2642,33049.840897110145,0.7429
2050-04-21 02:00:00,2643,33494.71693556903,0.7529
2050-04-21 03:00:00,2644,33147.7136255711,0.7451
2050-04-21 04:00:00,2645,33209.996270955344,0.7465
2050-04-21 05:00:00,2646,34562.419427870336,0.7769
2050-04-21 06:00:00,2647,37351.79218900751,0.8396
2050-04-21 07:00:00,2648,40732.850081294986,0.9155999999999999
2050-04-21 08:00:00,2649,43277.54102127979,0.9728000000000001
2050-04-21 09:00:00,2650,44265.16582665849,0.995
2050-04-21 10:00:00,2651,44291.85838896603,0.9956
2050-04-21 11:00:00,2652,44314.102190888974,0.9961000000000001
2050-04-21 12:00:00,2653,44487.603845887934,1.0
2050-04-21 13:00:00,2654,44487.603845887934,1.0
2050-04-21 14:00:00,2655,43909.2649958914,0.9870000000000001
2050-04-21 15:00:00,2656,42819.318701667136,0.9625
2050-04-21 16:00:00,2657,41444.6517428292,0.9316
2050-04-21 17:00:00,2658,40096.6773462988,0.9013000000000001
2050-04-21 18:00:00,2659,39126.84758245844,0.8795000000000001
2050-04-21 19:00:00,2660,38681.971543999556,0.8694999999999999
2050-04-21 20:00:00,2661,38548.508732461894,0.8665
2050-04-21 21:00:00,2662,38286.031869771155,0.8606
2050-04-21 22:00:00,2663,37400.72855323799,0.8407000000000001
2050-04-21 23:00:00,2664,35487.7615878648,0.7976999999999999
2050-04-22 00:00:00,2665,33049.840897110145,0.7429
2050-04-22 01:00:00,2666,33049.840897110145,0.7429
2050-04-22 02:00:00,2667,33494.71693556903,0.7529
2050-04-22 03:00:00,2668,33147.7136255711,0.7451
2050-04-22 04:00:00,2669,33209.996270955344,0.7465
2050-04-22 05:00:00,2670,34562.419427870336,0.7769
2050-04-22 06:00:00,2671,37351.79218900751,0.8396
2050-04-22 07:00:00,2672,40732.850081294986,0.9155999999999999
2050-04-22 08:00:00,2673,43277.54102127979,0.9728000000000001
2050-04-22 09:00:00,2674,44265.16582665849,0.995
2050-04-22 10:00:00,2675,44291.85838896603,0.9956
2050-04-22 11:00:00,2676,44314.102190888974,0.9961000000000001
2050-04-22 12:00:00,2677,44487.603845887934,1.0
2050-04-22 13:00:00,2678,44487.603845887934,1.0
2050-04-22 14:00:00,2679,43909.2649958914,0.9870000000000001
2050-04-22 15:00:00,2680,42819.318701667136,0.9625
2050-04-22 16:00:00,2681,41444.6517428292,0.9316
2050-04-22 17:00:00,2682,40096.6773462988,0.9013000000000001
2050-04-22 18:00:00,2683,39126.84758245844,0.8795000000000001
2050-04-22 19:00:00,2684,38681.971543999556,0.8694999999999999
2050-04-22 20:00:00,2685,38548.508732461894,0.8665
2050-04-22 21:00:00,2686,38286.031869771155,0.8606
2050-04-22 22:00:00,2687,37400.72855323799,0.8407000000000001
2050-04-22 23:00:00,2688,35487.7615878648,0.7976999999999999
2050-04-23 00:00:00,2689,22288.289526789857,0.501
2050-04-23 01:00:00,2690,22288.289526789857,0.501
2050-04-23 02:00:00,2691,20615.555622184467,0.4634
2050-04-23 03:00:00,2692,19796.983711420133,0.44500000000000006
2050-04-23 04:00:00,2693,19592.34073372905,0.44040000000000007
2050-04-23 05:00:00,2694,19739.149826420475,0.4437
2050-04-23 06:00:00,2695,19983.83164757286,0.44920000000000004
2050-04-23 07:00:00,2696,20152.884542187236,0.453
2050-04-23 08:00:00,2697,20210.718427186886,0.4543
2050-04-23 09:00:00,2698,20215.167187571482,0.4544000000000001
2050-04-23 10:00:00,2699,20224.064708340655,0.4546
2050-04-23 11:00:00,2700,20246.3085102636,0.4551
2050-04-23 12:00:00,2701,20255.206031032772,0.4552999999999999
2050-04-23 13:00:00,2702,20192.923385648537,0.4539000000000001
2050-04-23 14:00:00,2703,19992.72916834204,0.4494000000000001
2050-04-23 15:00:00,2704,19667.969660267056,0.4421
2050-04-23 16:00:00,2705,19338.761391807482,0.4346999999999999
2050-04-23 17:00:00,2706,19120.772132962637,0.42980000000000007
2050-04-23 18:00:00,2707,19009.553123347912,0.42729999999999996
2050-04-23 19:00:00,2708,18951.719238348258,0.42599999999999993
2050-04-23 20:00:00,2709,18965.06551950203,0.42630000000000007
2050-04-23 21:00:00,2710,19200.849819885232,0.4316
2050-04-23 22:00:00,2711,19881.510158727317,0.44689999999999996
2050-04-23 23:00:00,2712,21282.86967987279,0.47840000000000005
2050-04-24 00:00:00,2713,22288.289526789857,0.501
2050-04-24 01:00:00,2714,22288.289526789857,0.501
2050-04-24 02:00:00,2715,20615.555622184467,0.4634
2050-04-24 03:00:00,2716,19796.983711420133,0.44500000000000006
2050-04-24 04:00:00,2717,19592.34073372905,0.44040000000000007
2050-04-24 05:00:00,2718,19739.149826420475,0.4437
2050-04-24 06:00:00,2719,19983.83164757286,0.44920000000000004
2050-04-24 07:00:00,2720,20152.884542187236,0.453
2050-04-24 08:00:00,2721,20210.718427186886,0.4543
2050-04-24 09:00:00,2722,20215.167187571482,0.4544000000000001
2050-04-24 10:00:00,2723,20224.064708340655,0.4546
2050-04-24 11:00:00,2724,20246.3085102636,0.4551
2050-04-24 12:00:00,2725,20255.206031032772,0.4552999999999999
2050-04-24 13:00:00,2726,20192.923385648537,0.4539000000000001
2050-04-24 14:00:00,2727,19992.72916834204,0.4494000000000001
2050-04-24 15:00:00,2728,19667.969660267056,0.4421
2050-04-24 16:00:00,2729,19338.761391807482,0.4346999999999999
2050-04-24 17:00:00,2730,19120.772132962637,0.42980000000000007
2050-04-24 18:00:00,2731,19009.553123347912,0.42729999999999996
2050-04-24 19:00:00,2732,18951.719238348258,0.42599999999999993
2050-04-24 20:00:00,2733,18965.06551950203,0.42630000000000007
2050-04-24 21:00:00,2734,19200.849819885232,0.4316
2050-04-24 22:00:00,2735,19881.510158727317,0.44689999999999996
2050-04-24 23:00:00,2736,21282.86967987279,0.47840000000000005
2050-04-25 00:00:00,2737,33049.840897110145,0.7429
2050-04-25 01:00:00,2738,33049.840897110145,0.7429
2050-04-25 02:00:00,2739,33494.71693556903,0.7529
2050-04-25 03:00:00,2740,33147.7136255711,0.7451
2050-04-25 04:00:00,2741,33209.996270955344,0.7465
2050-04-25 05:00:00,2742,34562.419427870336,0.7769
2050-04-25 06:00:00,2743,37351.79218900751,0.8396
2050-04-25 07:00:00,2744,40732.850081294986,0.9155999999999999
2050-04-25 08:00:00,2745,43277.54102127979,0.9728000000000001
2050-04-25 09:00:00,2746,44265.16582665849,0.995
2050-04-25 10:00:00,2747,44291.85838896603,0.9956
2050-04-25 11:00:00,2748,44314.102190888974,0.9961000000000001
2050-04-25 12:00:00,2749,44487.603845887934,1.0
2050-04-25 13:00:00,2750,44487.603845887934,1.0
2050-04-25 14:00:00,2751,43909.2649958914,0.9870000000000001
2050-04-25 15:00:00,2752,42819.318701667136,0.9625
2050-04-25 16:00:00,2753,41444.6517428292,0.9316
2050-04-25 17:00:00,2754,40096.6773462988,0.9013000000000001
2050-04-25 18:00:00,2755,39126.84758245844,0.8795000000000001
2050-04-25 19:00:00,2756,38681.971543999556,0.8694999999999999
2050-04-25 20:00:00,2757,38548.508732461894,0.8665
2050-04-25 21:00:00,2758,38286.031869771155,0.8606
2050-04-25 22:00:00,2759,37400.72855323799,0.8407000000000001
2050-04-25 23:00:00,2760,35487.7615878648,0.7976999999999999
2050-04-26 00:00:00,2761,33049.840897110145,0.7429
2050-04-26 01:00:00,2762,33049.840897110145,0.7429
2050-04-26 02:00:00,2763,33494.71693556903,0.7529
2050-04-26 03:00:00,2764,33147.7136255711,0.7451
2050-04-26 04:00:00,2765,33209.996270955344,0.7465
2050-04-26 05:00:00,2766,34562.419427870336,0.7769
2050-04-26 06:00:00,2767,37351.79218900751,0.8396
2050-04-26 07:00:00,2768,40732.850081294986,0.9155999999999999
2050-04-26 08:00:00,2769,43277.54102127979,0.9728000000000001
2050-04-26 09:00:00,2770,44265.16582665849,0.995
2050-04-26 10:00:00,2771,44291.85838896603,0.9956
2050-04-26 11:00:00,2772,44314.102190888974,0.9961000000000001
2050-04-26 12:00:00,2773,44487.603845887934,1.0
2050-04-26 13:00:00,2774,44487.603845887934,1.0
2050-04-26 14:00:00,2775,43909.2649958914,0.9870000000000001
2050-04-26 15:00:00,2776,42819.318701667136,0.9625
2050-04-26 16:00:00,2777,41444.6517428292,0.9316
2050-04-26 17:00:00,2778,40096.6773462988,0.9013000000000001
2050-04-26 18:00:00,2779,39126.84758245844,0.8795000000000001
2050-04-26 19:00:00,2780,38681.971543999556,0.8694999999999999
2050-04-26 20:00:00,2781,38548.508732461894,0.8665
2050-04-26 21:00:00,2782,38286.031869771155,0.8606
2050-04-26 22:00:00,2783,37400.72855323799,0.8407000000000001
2050-04-26 23:00:00,2784,35487.7615878648,0.7976999999999999
2050-04-27 00:00:00,2785,33049.840897110145,0.7429
2050-04-27 01:00:00,2786,33049.840897110145,0.7429
2050-04-27 02:00:00,2787,33494.71693556903,0.7529
2050-04-27 03:00:00,2788,33147.7136255711,0.7451
2050-04-27 04:00:00,2789,33209.996270955344,0.7465
2050-04-27 05:00:00,2790,34562.419427870336,0.7769
2050-04-27 06:00:00,2791,37351.79218900751,0.8396
2050-04-27 07:00:00,2792,40732.850081294986,0.9155999999999999
2050-04-27 08:00:00,2793,43277.54102127979,0.9728000000000001
2050-04-27 09:00:00,2794,44265.16582665849,0.995
2050-04-27 10:00:00,2795,44291.85838896603,0.9956
2050-04-27 11:00:00,2796,44314.102190888974,0.9961000000000001
2050-04-27 12:00:00,2797,44487.603845887934,1.0
2050-04-27 13:00:00,2798,44487.603845887934,1.0
2050-04-27 14:00:00,2799,43909.2649958914,0.9870000000000001
2050-04-27 15:00:00,2800,42819.318701667136,0.9625
2050-04-27 16:00:00,2801,41444.6517428292,0.9316
2050-04-27 17:00:00,2802,40096.6773462988,0.9013000000000001
2050-04-27 18:00:00,2803,39126.84758245844,0.8795000000000001
2050-04-27 19:00:00,2804,38681.971543999556,0.8694999999999999
2050-04-27 20:00:00,2805,38548.508732461894,0.8665
2050-04-27 21:00:00,2806,38286.031869771155,0.8606
2050-04-27 22:00:00,2807,37400.72855323799,0.8407000000000001
2050-04-27 23:00:00,2808,35487.7615878648,0.7976999999999999
2050-04-28 00:00:00,2809,33049.840897110145,0.7429
2050-04-28 01:00:00,2810,33049.840897110145,0.7429
2050-04-28 02:00:00,2811,33494.71693556903,0.7529
2050-04-28 03:00:00,2812,33147.7136255711,0.7451
2050-04-28 04:00:00,2813,33209.996270955344,0.7465
2050-04-28 05:00:00,2814,34562.419427870336,0.7769
2050-04-28 06:00:00,2815,37351.79218900751,0.8396
2050-04-28 07:00:00,2816,40732.850081294986,0.9155999999999999
2050-04-28 08:00:00,2817,43277.54102127979,0.9728000000000001
2050-04-28 09:00:00,2818,44265.16582665849,0.995
2050-04-28 10:00:00,2819,44291.85838896603,0.9956
2050-04-28 11:00:00,2820,44314.102190888974,0.9961000000000001
2050-04-28 12:00:00,2821,44487.603845887934,1.0
2050-04-28 13:00:00,2822,44487.603845887934,1.0
2050-04-28 14:00:00,2823,43909.2649958914,0.9870000000000001
2050-04-28 15:00:00,2824,42819.318701667136,0.9625
2050-04-28 16:00:00,2825,41444.6517428292,0.9316
2050-04-28 17:00:00,2826,40096.6773462988,0.9013000000000001
2050-04-28 18:00:00,2827,39126.84758245844,0.8795000000000001
2050-04-28 19:00:00,2828,38681.971543999556,0.8694999999999999
2050-04-28 20:00:00,2829,38548.508732461894,0.8665
2050-04-28 21:00:00,2830,38286.031869771155,0.8606
2050-04-28 22:00:00,2831,37400.72855323799,0.8407000000000001
2050-04-28 23:00:00,2832,35487.7615878648,0.7976999999999999
2050-04-29 00:00:00,2833,33049.840897110145,0.7429
2050-04-29 01:00:00,2834,33049.840897110145,0.7429
2050-04-29 02:00:00,2835,33494.71693556903,0.7529
2050-04-29 03:00:00,2836,33147.7136255711,0.7451
2050-04-29 04:00:00,2837,33209.996270955344,0.7465
2050-04-29 05:00:00,2838,34562.419427870336,0.7769
2050-04-29 06:00:00,2839,37351.79218900751,0.8396
2050-04-29 07:00:00,2840,40732.850081294986,0.9155999999999999
2050-04-29 08:00:00,2841,43277.54102127979,0.9728000000000001
2050-04-29 09:00:00,2842,44265.16582665849,0.995
2050-04-29 10:00:00,2843,44291.85838896603,0.9956
2050-04-29 11:00:00,2844,44314.102190888974,0.9961000000000001
2050-04-29 12:00:00,2845,44487.603845887934,1.0
2050-04-29 13:00:00,2846,44487.603845887934,1.0
2050-04-29 14:00:00,2847,43909.2649958914,0.9870000000000001
2050-04-29 15:00:00,2848,42819.318701667136,0.9625
2050-04-29 16:00:00,2849,41444.6517428292,0.9316
2050-04-29 17:00:00,2850,40096.6773462988,0.9013000000000001
2050-04-29 18:00:00,2851,39126.84758245844,0.8795000000000001
2050-04-29 19:00:00,2852,38681.971543999556,0.8694999999999999
2050-04-29 20:00:00,2853,38548.508732461894,0.8665
2050-04-29 21:00:00,2854,38286.031869771155,0.8606
2050-04-29 22:00:00,2855,37400.72855323799,0.8407000000000001
2050-04-29 23:00:00,2856,35487.7615878648,0.7976999999999999
2050-04-30 00:00:00,2857,22288.289526789857,0.501
2050-04-30 01:00:00,2858,22288.289526789857,0.501
2050-04-30 02:00:00,2859,20615.555622184467,0.4634
2050-04-30 03:00:00,2860,19796.983711420133,0.44500000000000006
2050-04-30 04:00:00,2861,19592.34073372905,0.44040000000000007
2050-04-30 05:00:00,2862,19739.149826420475,0.4437
2050-04-30 06:00:00,2863,19983.83164757286,0.44920000000000004
2050-04-30 07:00:00,2864,20152.884542187236,0.453
2050-04-30 08:00:00,2865,20210.718427186886,0.4543
2050-04-30 09:00:00,2866,20215.167187571482,0.4544000000000001
2050-04-30 10:00:00,2867,20224.064708340655,0.4546
2050-04-30 11:00:00,2868,20246.3085102636,0.4551
2050-04-30 12:00:00,2869,20255.206031032772,0.4552999999999999
2050-04-30 13:00:00,2870,20192.923385648537,0.4539000000000001
2050-04-30 14:00:00,2871,19992.72916834204,0.4494000000000001
2050-04-30 15:00:00,2872,19667.969660267056,0.4421
2050-04-30 16:00:00,2873,19338.761391807482,0.4346999999999999
2050-04-30 17:00:00,2874,19120.772132962637,0.42980000000000007
2050-04-30 18:00:00,2875,19009.553123347912,0.42729999999999996
2050-04-30 19:00:00,2876,18951.719238348258,0.42599999999999993
2050-04-30 20:00:00,2877,18965.06551950203,0.42630000000000007
2050-04-30 21:00:00,2878,19200.849819885232,0.4316
2050-04-30 22:00:00,2879,19881.510158727317,0.44689999999999996
2050-04-30 23:00:00,2880,21282.86967987279,0.47840000000000005
2050-05-01 00:00:00,2881,22288.289526789857,0.501
2050-05-01 01:00:00,2882,22288.289526789857,0.501
2050-05-01 02:00:00,2883,20615.555622184467,0.4634
2050-05-01 03:00:00,2884,19796.983711420133,0.44500000000000006
2050-05-01 04:00:00,2885,19592.34073372905,0.44040000000000007
2050-05-01 05:00:00,2886,19739.149826420475,0.4437
2050-05-01 06:00:00,2887,19983.83164757286,0.44920000000000004
2050-05-01 07:00:00,2888,20152.884542187236,0.453
2050-05-01 08:00:00,2889,20210.718427186886,0.4543
2050-05-01 09:00:00,2890,20215.167187571482,0.4544000000000001
2050-05-01 10:00:00,2891,20224.064708340655,0.4546
2050-05-01 11:00:00,2892,20246.3085102636,0.4551
2050-05-01 12:00:00,2893,20255.206031032772,0.4552999999999999
2050-05-01 13:00:00,2894,20192.923385648537,0.4539000000000001
2050-05-01 14:00:00,2895,19992.72916834204,0.4494000000000001
2050-05-01 15:00:00,2896,19667.969660267056,0.4421
2050-05-01 16:00:00,2897,19338.761391807482,0.4346999999999999
2050-05-01 17:00:00,2898,19120.772132962637,0.42980000000000007
2050-05-01 18:00:00,2899,19009.553123347912,0.42729999999999996
2050-05-01 19:00:00,2900,18951.719238348258,0.42599999999999993
2050-05-01 20:00:00,2901,18965.06551950203,0.42630000000000007
2050-05-01 21:00:00,2902,19200.849819885232,0.4316
2050-05-01 22:00:00,2903,19881.510158727317,0.44689999999999996
2050-05-01 23:00:00,2904,21282.86967987279,0.47840000000000005
2050-05-02 00:00:00,2905,33049.840897110145,0.7429
2050-05-02 01:00:00,2906,33049.840897110145,0.7429
2050-05-02 02:00:00,2907,33494.71693556903,0.7529
2050-05-02 03:00:00,2908,33147.7136255711,0.7451
2050-05-02 04:00:00,2909,33209.996270955344,0.7465
2050-05-02 05:00:00,2910,34562.419427870336,0.7769
2050-05-02 06:00:00,2911,37351.79218900751,0.8396
2050-05-02 07:00:00,2912,40732.850081294986,0.9155999999999999
2050-05-02 08:00:00,2913,43277.54102127979,0.9728000000000001
2050-05-02 09:00:00,2914,44265.16582665849,0.995
2050-05-02 10:00:00,2915,44291.85838896603,0.9956
2050-05-02 11:00:00,2916,44314.102190888974,0.9961000000000001
2050-05-02 12:00:00,2917,44487.603845887934,1.0
2050-05-02 13:00:00,2918,44487.603845887934,1.0
2050-05-02 14:00:00,2919,43909.2649958914,0.9870000000000001
2050-05-02 15:00:00,2920,42819.318701667136,0.9625
2050-05-02 16:00:00,2921,41444.6517428292,0.9316
2050-05-02 17:00:00,2922,40096.6773462988,0.9013000000000001
2050-05-02 18:00:00,2923,39126.84758245844,0.8795000000000001
2050-05-02 19:00:00,2924,38681.971543999556,0.8694999999999999
2050-05-02 20:00:00,2925,38548.508732461894,0.8665
2050-05-02 21:00:00,2926,38286.031869771155,0.8606
2050-05-02 22:00:00,2927,37400.72855323799,0.8407000000000001
2050-05-02 23:00:00,2928,35487.7615878648,0.7976999999999999
2050-05-03 00:00:00,2929,33049.840897110145,0.7429
2050-05-03 01:00:00,2930,33049.840897110145,0.7429
2050-05-03 02:00:00,2931,33494.71693556903,0.7529
2050-05-03 03:00:00,2932,33147.7136255711,0.7451
2050-05-03 04:00:00,2933,33209.996270955344,0.7465
2050-05-03 05:00:00,2934,34562.419427870336,0.7769
2050-05-03 06:00:00,2935,37351.79218900751,0.8396
2050-05-03 07:00:00,2936,40732.850081294986,0.9155999999999999
2050-05-03 08:00:00,2937,43277.54102127979,0.9728000000000001
2050-05-03 09:00:00,2938,44265.16582665849,0.995
2050-05-03 10:00:00,2939,44291.85838896603,0.9956
2050-05-03 11:00:00,2940,44314.102190888974,0.9961000000000001
2050-05-03 12:00:00,2941,44487.603845887934,1.0
2050-05-03 13:00:00,2942,44487.603845887934,1.0
2050-05-03 14:00:00,2943,43909.2649958914,0.9870000000000001
2050-05-03 15:00:00,2944,42819.318701667136,0.9625
2050-05-03 16:00:00,2945,41444.6517428292,0.9316
2050-05-03 17:00:00,2946,40096.6773462988,0.9013000000000001
2050-05-03 18:00:00,2947,39126.84758245844,0.8795000000000001
2050-05-03 19:00:00,2948,38681.971543999556,0.8694999999999999
2050-05-03 20:00:00,2949,38548.508732461894,0.8665
2050-05-03 21:00:00,2950,38286.031869771155,0.8606
2050-05-03 22:00:00,2951,37400.72855323799,0.8407000000000001
2050-05-03 23:00:00,2952,35487.7615878648,0.7976999999999999
2050-05-04 00:00:00,2953,33049.840897110145,0.7429
2050-05-04 01:00:00,2954,33049.840897110145,0.7429
2050-05-04 02:00:00,2955,33494.71693556903,0.7529
2050-05-04 03:00:00,2956,33147.7136255711,0.7451
2050-05-04 04:00:00,2957,33209.996270955344,0.7465
2050-05-04 05:00:00,2958,34562.419427870336,0.7769
2050-05-04 06:00:00,2959,37351.79218900751,0.8396
2050-05-04 07:00:00,2960,40732.850081294986,0.9155999999999999
2050-05-04 08:00:00,2961,43277.54102127979,0.9728000000000001
2050-05-04 09:00:00,2962,44265.16582665849,0.995
2050-05-04 10:00:00,2963,44291.85838896603,0.9956
2050-05-04 11:00:00,2964,44314.102190888974,0.9961000000000001
2050-05-04 12:00:00,2965,44487.603845887934,1.0
2050-05-04 13:00:00,2966,44487.603845887934,1.0
2050-05-04 14:00:00,2967,43909.2649958914,0.9870000000000001
2050-05-04 15:00:00,2968,42819.318701667136,0.9625
2050-05-04 16:00:00,2969,41444.6517428292,0.9316
2050-05-04 17:00:00,2970,40096.6773462988,0.9013000000000001
2050-05-04 18:00:00,2971,39126.84758245844,0.8795000000000001
2050-05-04 19:00:00,2972,38681.971543999556,0.8694999999999999
2050-05-04 20:00:00,2973,38548.508732461894,0.8665
2050-05-04 21:00:00,2974,38286.031869771155,0.8606
2050-05-04 22:00:00,2975,37400.72855323799,0.8407000000000001
2050-05-04 23:00:00,2976,35487.7615878648,0.7976999999999999
2050-05-05 00:00:00,2977,33049.840897110145,0.7429
2050-05-05 01:00:00,2978,33049.840897110145,0.7429
2050-05-05 02:00:00,2979,33494.71693556903,0.7529
2050-05-05 03:00:00,2980,33147.7136255711,0.7451
2050-05-05 04:00:00,2981,33209.996270955344,0.7465
2050-05-05 05:00:00,2982,34562.419427870336,0.7769
2050-05-05 06:00:00,2983,37351.79218900751,0.8396
2050-05-05 07:00:00,2984,40732.850081294986,0.9155999999999999
2050-05-05 08:00:00,2985,43277.54102127979,0.9728000000000001
2050-05-05 09:00:00,2986,44265.16582665849,0.995
2050-05-05 10:00:00,2987,44291.85838896603,0.9956
2050-05-05 11:00:00,2988,44314.102190888974,0.9961000000000001
2050-05-05 12:00:00,2989,44487.603845887934,1.0
2050-05-05 13:00:00,2990,44487.603845887934,1.0
2050-05-05 14:00:00,2991,43909.2649958914,0.9870000000000001
2050-05-05 15:00:00,2992,42819.318701667136,0.9625
2050-05-05 16:00:00,2993,41444.6517428292,0.9316
2050-05-05 17:00:00,2994,40096.6773462988,0.9013000000000001
2050-05-05 18:00:00,2995,39126.84758245844,0.8795000000000001
2050-05-05 19:00:00,2996,38681.971543999556,0.8694999999999999
2050-05-05 20:00:00,2997,38548.508732461894,0.8665
2050-05-05 21:00:00,2998,38286.031869771155,0.8606
2050-05-05 22:00:00,2999,37400.72855323799,0.8407000000000001
2050-05-05 23:00:00,3000,35487.7615878648,0.7976999999999999
2050-05-06 00:00:00,3001,33049.840897110145,0.7429
2050-05-06 01:00:00,3002,33049.840897110145,0.7429
2050-05-06 02:00:00,3003,33494.71693556903,0.7529
2050-05-06 03:00:00,3004,33147.7136255711,0.7451
2050-05-06 04:00:00,3005,33209.996270955344,0.7465
2050-05-06 05:00:00,3006,34562.419427870336,0.7769
2050-05-06 06:00:00,3007,37351.79218900751,0.8396
2050-05-06 07:00:00,3008,40732.850081294986,0.9155999999999999
2050-05-06 08:00:00,3009,43277.54102127979,0.9728000000000001
2050-05-06 09:00:00,3010,44265.16582665849,0.995
2050-05-06 10:00:00,3011,44291.85838896603,0.9956
2050-05-06 11:00:00,3012,44314.102190888974,0.9961000000000001
2050-05-06 12:00:00,3013,44487.603845887934,1.0
2050-05-06 13:00:00,3014,44487.603845887934,1.0
2050-05-06 14:00:00,3015,43909.2649958914,0.9870000000000001
2050-05-06 15:00:00,3016,42819.318701667136,0.9625
2050-05-06 16:00:00,3017,41444.6517428292,0.9316
2050-05-06 17:00:00,3018,40096.6773462988,0.9013000000000001
2050-05-06 18:00:00,3019,39126.84758245844,0.8795000000000001
2050-05-06 19:00:00,3020,38681.971543999556,0.8694999999999999
2050-05-06 20:00:00,3021,38548.508732461894,0.8665
2050-05-06 21:00:00,3022,38286.031869771155,0.8606
2050-05-06 22:00:00,3023,37400.72855323799,0.8407000000000001
2050-05-06 23:00:00,3024,35487.7615878648,0.7976999999999999
2050-05-07 00:00:00,3025,22288.289526789857,0.501
2050-05-07 01:00:00,3026,22288.289526789857,0.501
2050-05-07 02:00:00,3027,20615.555622184467,0.4634
2050-05-07 03:00:00,3028,19796.983711420133,0.44500000000000006
2050-05-07 04:00:00,3029,19592.34073372905,0.44040000000000007
2050-05-07 05:00:00,3030,19739.149826420475,0.4437
2050-05-07 06:00:00,3031,19983.83164757286,0.44920000000000004
2050-05-07 07:00:00,3032,20152.884542187236,0.453
2050-05-07 08:00:00,3033,20210.718427186886,0.4543
2050-05-07 09:00:00,3034,20215.167187571482,0.4544000000000001
2050-05-07 10:00:00,3035,20224.064708340655,0.4546
2050-05-07 11:00:00,3036,20246.3085102636,0.4551
2050-05-07 12:00:00,3037,20255.206031032772,0.4552999999999999
2050-05-07 13:00:00,3038,20192.923385648537,0.4539000000000001
2050-05-07 14:00:00,3039,19992.72916834204,0.4494000000000001
2050-05-07 15:00:00,3040,19667.969660267056,0.4421
2050-05-07 16:00:00,3041,19338.761391807482,0.4346999999999999
2050-05-07 17:00:00,3042,19120.772132962637,0.42980000000000007
2050-05-07 18:00:00,3043,19009.553123347912,0.42729999999999996
2050-05-07 19:00:00,3044,18951.719238348258,0.42599999999999993
2050-05-07 20:00:00,3045,18965.06551950203,0.42630000000000007
2050-05-07 21:00:00,3046,19200.849819885232,0.4316
2050-05-07 22:00:00,3047,19881.510158727317,0.44689999999999996
2050-05-07 23:00:00,3048,21282.86967987279,0.47840000000000005
2050-05-08 00:00:00,3049,22288.289526789857,0.501
2050-05-08 01:00:00,3050,22288.289526789857,0.501
2050-05-08 02:00:00,3051,20615.555622184467,0.4634
2050-05-08 03:00:00,3052,19796.983711420133,0.44500000000000006
2050-05-08 04:00:00,3053,19592.34073372905,0.44040000000000007
2050-05-08 05:00:00,3054,19739.149826420475,0.4437
2050-05-08 06:00:00,3055,19983.83164757286,0.44920000000000004
2050-05-08 07:00:00,3056,20152.884542187236,0.453
2050-05-08 08:00:00,3057,20210.718427186886,0.4543
2050-05-08 09:00:00,3058,20215.167187571482,0.4544000000000001
2050-05-08 10:00:00,3059,20224.064708340655,0.4546
2050-05-08 11:00:00,3060,20246.3085102636,0.4551
2050-05-08 12:00:00,3061,20255.206031032772,0.4552999999999999
2050-05-08 13:00:00,3062,20192.923385648537,0.4539000000000001
2050-05-08 14:00:00,3063,19992.72916834204,0.4494000000000001
2050-05-08 15:00:00,3064,19667.969660267056,0.4421
2050-05-08 16:00:00,3065,19338.761391807482,0.4346999999999999
2050-05-08 17:00:00,3066,19120.772132962637,0.42980000000000007
2050-05-08 18:00:00,3067,19009.553123347912,0.42729999999999996
2050-05-08 19:00:00,3068,18951.719238348258,0.42599999999999993
2050-05-08 20:00:00,3069,18965.06551950203,0.42630000000000007
2050-05-08 21:00:00,3070,19200.849819885232,0.4316
2050-05-08 22:00:00,3071,19881.510158727317,0.44689999999999996
2050-05-08 23:00:00,3072,21282.86967987279,0.47840000000000005
2050-05-09 00:00:00,3073,33049.840897110145,0.7429
2050-05-09 01:00:00,3074,33049.840897110145,0.7429
2050-05-09 02:00:00,3075,33494.71693556903,0.7529
2050-05-09 03:00:00,3076,33147.7136255711,0.7451
2050-05-09 04:00:00,3077,33209.996270955344,0.7465
2050-05-09 05:00:00,3078,34562.419427870336,0.7769
2050-05-09 06:00:00,3079,37351.79218900751,0.8396
2050-05-09 07:00:00,3080,40732.850081294986,0.9155999999999999
2050-05-09 08:00:00,3081,43277.54102127979,0.9728000000000001
2050-05-09 09:00:00,3082,44265.16582665849,0.995
2050-05-09 10:00:00,3083,44291.85838896603,0.9956
2050-05-09 11:00:00,3084,44314.102190888974,0.9961000000000001
2050-05-09 12:00:00,3085,44487.603845887934,1.0
2050-05-09 13:00:00,3086,44487.603845887934,1.0
2050-05-09 14:00:00,3087,43909.2649958914,0.9870000000000001
2050-05-09 15:00:00,3088,42819.318701667136,0.9625
2050-05-09 16:00:00,3089,41444.6517428292,0.9316
2050-05-09 17:00:00,3090,40096.6773462988,0.9013000000000001
2050-05-09 18:00:00,3091,39126.84758245844,0.8795000000000001
2050-05-09 19:00:00,3092,38681.971543999556,0.8694999999999999
2050-05-09 20:00:00,3093,38548.508732461894,0.8665
2050-05-09 21:00:00,3094,38286.031869771155,0.8606
2050-05-09 22:00:00,3095,37400.72855323799,0.8407000000000001
2050-05-09 23:00:00,3096,35487.7615878648,0.7976999999999999
2050-05-10 00:00:00,3097,33049.840897110145,0.7429
2050-05-10 01:00:00,3098,33049.840897110145,0.7429
2050-05-10 02:00:00,3099,33494.71693556903,0.7529
2050-05-10 03:00:00,3100,33147.7136255711,0.7451
2050-05-10 04:00:00,3101,33209.996270955344,0.7465
2050-05-10 05:00:00,3102,34562.419427870336,0.7769
2050-05-10 06:00:00,3103,37351.79218900751,0.8396
2050-05-10 07:00:00,3104,40732.850081294986,0.9155999999999999
2050-05-10 08:00:00,3105,43277.54102127979,0.9728000000000001
2050-05-10 09:00:00,3106,44265.16582665849,0.995
2050-05-10 10:00:00,3107,44291.85838896603,0.9956
2050-05-10 11:00:00,3108,44314.102190888974,0.9961000000000001
2050-05-10 12:00:00,3109,44487.603845887934,1.0
2050-05-10 13:00:00,3110,44487.603845887934,1.0
2050-05-10 14:00:00,3111,43909.2649958914,0.9870000000000001
2050-05-10 15:00:00,3112,42819.318701667136,0.9625
2050-05-10 16:00:00,3113,41444.6517428292,0.9316
2050-05-10 17:00:00,3114,40096.6773462988,0.9013000000000001
2050-05-10 18:00:00,3115,39126.84758245844,0.8795000000000001
2050-05-10 19:00:00,3116,38681.971543999556,0.8694999999999999
2050-05-10 20:00:00,3117,38548.508732461894,0.8665
2050-05-10 21:00:00,3118,38286.031869771155,0.8606
2050-05-10 22:00:00,3119,37400.72855323799,0.8407000000000001
2050-05-10 23:00:00,3120,35487.7615878648,0.7976999999999999
2050-05-11 00:00:00,3121,33049.840897110145,0.7429
2050-05-11 01:00:00,3122,33049.840897110145,0.7429
2050-05-11 02:00:00,3123,33494.71693556903,0.7529
2050-05-11 03:00:00,3124,33147.7136255711,0.7451
2050-05-11 04:00:00,3125,33209.996270955344,0.7465
2050-05-11 05:00:00,3126,34562.419427870336,0.7769
2050-05-11 06:00:00,3127,37351.79218900751,0.8396
2050-05-11 07:00:00,3128,40732.850081294986,0.9155999999999999
2050-05-11 08:00:00,3129,43277.54102127979,0.9728000000000001
2050-05-11 09:00:00,3130,44265.16582665849,0.995
2050-05-11 10:00:00,3131,44291.85838896603,0.9956
2050-05-11 11:00:00,3132,44314.102190888974,0.9961000000000001
2050-05-11 12:00:00,3133,44487.603845887934,1.0
2050-05-11 13:00:00,3134,44487.603845887934,1.0
2050-05-11 14:00:00,3135,43909.2649958914,0.9870000000000001
2050-05-11 15:00:00,3136,42819.318701667136,0.9625
2050-05-11 16:00:00,3137,41444.6517428292,0.9316
2050-05-11 17:00:00,3138,40096.6773462988,0.9013000000000001
2050-05-11 18:00:00,3139,39126.84758245844,0.8795000000000001
2050-05-11 19:00:00,3140,38681.971543999556,0.8694999999999999
2050-05-11 20:00:00,3141,38548.508732461894,0.8665
2050-05-11 21:00:00,3142,38286.031869771155,0.8606
2050-05-11 22:00:00,3143,37400.72855323799,0.8407000000000001
2050-05-11 23:00:00,3144,35487.7615878648,0.7976999999999999
2050-05-12 00:00:00,3145,33049.840897110145,0.7429
2050-05-12 01:00:00,3146,33049.840897110145,0.7429
2050-05-12 02:00:00,3147,33494.71693556903,0.7529
2050-05-12 03:00:00,3148,33147.7136255711,0.7451
2050-05-12 04:00:00,3149,33209.996270955344,0.7465
2050-05-12 05:00:00,3150,34562.419427870336,0.7769
2050-05-12 06:00:00,3151,37351.79218900751,0.8396
2050-05-12 07:00:00,3152,40732.850081294986,0.9155999999999999
2050-05-12 08:00:00,3153,43277.54102127979,0.9728000000000001
2050-05-12 09:00:00,3154,44265.16582665849,0.995
2050-05-12 10:00:00,3155,44291.85838896603,0.9956
2050-05-12 11:00:00,3156,44314.102190888974,0.9961000000000001
2050-05-12 12:00:00,3157,44487.603845887934,1.0
2050-05-12 13:00:00,3158,44487.603845887934,1.0
2050-05-12 14:00:00,3159,43909.2649958914,0.9870000000000001
2050-05-12 15:00:00,3160,42819.318701667136,0.9625
2050-05-12 16:00:00,3161,41444.6517428292,0.9316
2050-05-12 17:00:00,3162,40096.6773462988,0.9013000000000001
2050-05-12 18:00:00,3163,39126.84758245844,0.8795000000000001
2050-05-12 19:00:00,3164,38681.971543999556,0.8694999999999999
2050-05-12 20:00:00,3165,38548.508732461894,0.8665
2050-05-12 21:00:00,3166,38286.031869771155,0.8606
2050-05-12 22:00:00,3167,37400.72855323799,0.8407000000000001
2050-05-12 23:00:00,3168,35487.7615878648,0.7976999999999999
2050-05-13 00:00:00,3169,33049.840897110145,0.7429
2050-05-13 01:00:00,3170,33049.840897110145,0.7429
2050-05-13 02:00:00,3171,33494.71693556903,0.7529
2050-05-13 03:00:00,3172,33147.7136255711,0.7451
2050-05-13 04:00:00,3173,33209.996270955344,0.7465
2050-05-13 05:00:00,3174,34562.419427870336,0.7769
2050-05-13 06:00:00,3175,37351.79218900751,0.8396
2050-05-13 07:00:00,3176,40732.850081294986,0.9155999999999999
2050-05-13 08:00:00,3177,43277.54102127979,0.9728000000000001
2050-05-13 09:00:00,3178,44265.16582665849,0.995
2050-05-13 10:00:00,3179,44291.85838896603,0.9956
2050-05-13 11:00:00,3180,44314.102190888974,0.9961000000000001
2050-05-13 12:00:00,3181,44487.603845887934,1.0
2050-05-13 13:00:00,3182,44487.603845887934,1.0
2050-05-13 14:00:00,3183,43909.2649958914,0.9870000000000001
2050-05-13 15:00:00,3184,42819.318701667136,0.9625
2050-05-13 16:00:00,3185,41444.6517428292,0.9316
2050-05-13 17:00:00,3186,40096.6773462988,0.9013000000000001
2050-05-13 18:00:00,3187,39126.84758245844,0.8795000000000001
2050-05-13 19:00:00,3188,38681.971543999556,0.8694999999999999
2050-05-13 20:00:00,3189,38548.508732461894,0.8665
2050-05-13 21:00:00,3190,38286.031869771155,0.8606
2050-05-13 22:00:00,3191,37400.72855323799,0.8407000000000001
2050-05-13 23:00:00,3192,35487.7615878648,0.7976999999999999
2050-05-14 00:00:00,3193,22288.289526789857,0.501
2050-05-14 01:00:00,3194,22288.289526789857,0.501
2050-05-14 02:00:00,3195,20615.555622184467,0.4634
2050-05-14 03:00:00,3196,19796.983711420133,0.44500000000000006
2050-05-14 04:00:00,3197,19592.34073372905,0.44040000000000007
2050-05-14 05:00:00,3198,19739.149826420475,0.4437
2050-05-14 06:00:00,3199,19983.83164757286,0.44920000000000004
2050-05-14 07:00:00,3200,20152.884542187236,0.453
2050-05-14 08:00:00,3201,20210.718427186886,0.4543
2050-05-14 09:00:00,3202,20215.167187571482,0.4544000000000001
2050-05-14 10:00:00,3203,20224.064708340655,0.4546
2050-05-14 11:00:00,3204,20246.3085102636,0.4551
2050-05-14 12:00:00,3205,20255.206031032772,0.4552999999999999
2050-05-14 13:00:00,3206,20192.923385648537,0.4539000000000001
2050-05-14 14:00:00,3207,19992.72916834204,0.4494000000000001
2050-05-14 15:00:00,3208,19667.969660267056,0.4421
2050-05-14 16:00:00,3209,19338.761391807482,0.4346999999999999
2050-05-14 17:00:00,3210,19120.772132962637,0.42980000000000007
2050-05-14 18:00:00,3211,19009.553123347912,0.42729999999999996
2050-05-14 19:00:00,3212,18951.719238348258,0.42599999999999993
2050-05-14 20:00:00,3213,18965.06551950203,0.42630000000000007
2050-05-14 21:00:00,3214,19200.849819885232,0.4316
2050-05-14 22:00:00,3215,19881.510158727317,0.44689999999999996
2050-05-14 23:00:00,3216,21282.86967987279,0.47840000000000005
2050-05-15 00:00:00,3217,22288.289526789857,0.501
2050-05-15 01:00:00,3218,22288.289526789857,0.501
2050-05-15 02:00:00,3219,20615.555622184467,0.4634
2050-05-15 03:00:00,3220,19796.983711420133,0.44500000000000006
2050-05-15 04:00:00,3221,19592.34073372905,0.44040000000000007
2050-05-15 05:00:00,3222,19739.149826420475,0.4437
2050-05-15 06:00:00,3223,19983.83164757286,0.44920000000000004
2050-05-15 07:00:00,3224,20152.884542187236,0.453
2050-05-15 08:00:00,3225,20210.718427186886,0.4543
2050-05-15 09:00:00,3226,20215.167187571482,0.4544000000000001
2050-05-15 10:00:00,3227,20224.064708340655,0.4546
2050-05-15 11:00:00,3228,20246.3085102636,0.4551
2050-05-15 12:00:00,3229,20255.206031032772,0.4552999999999999
2050-05-15 13:00:00,3230,20192.923385648537,0.4539000000000001
2050-05-15 14:00:00,3231,19992.72916834204,0.4494000000000001
2050-05-15 15:00:00,3232,19667.969660267056,0.4421
2050-05-15 16:00:00,3233,19338.761391807482,0.4346999999999999
2050-05-15 17:00:00,3234,19120.772132962637,0.42980000000000007
2050-05-15 18:00:00,3235,19009.553123347912,0.42729999999999996
2050-05-15 19:00:00,3236,18951.719238348258,0.42599999999999993
2050-05-15 20:00:00,3237,18965.06551950203,0.42630000000000007
2050-05-15 21:00:00,3238,19200.849819885232,0.4316
2050-05-15 22:00:00,3239,19881.510158727317,0.44689999999999996
2050-05-15 23:00:00,3240,21282.86967987279,0.47840000000000005
2050-05-16 00:00:00,3241,33049.840897110145,0.7429
2050-05-16 01:00:00,3242,33049.840897110145,0.7429
2050-05-16 02:00:00,3243,33494.71693556903,0.7529
2050-05-16 03:00:00,3244,33147.7136255711,0.7451
2050-05-16 04:00:00,3245,33209.996270955344,0.7465
2050-05-16 05:00:00,3246,34562.419427870336,0.7769
2050-05-16 06:00:00,3247,37351.79218900751,0.8396
2050-05-16 07:00:00,3248,40732.850081294986,0.9155999999999999
2050-05-16 08:00:00,3249,43277.54102127979,0.9728000000000001
2050-05-16 09:00:00,3250,44265.16582665849,0.995
2050-05-16 10:00:00,3251,44291.85838896603,0.9956
2050-05-16 11:00:00,3252,44314.102190888974,0.9961000000000001
2050-05-16 12:00:00,3253,44487.603845887934,1.0
2050-05-16 13:00:00,3254,44487.603845887934,1.0
2050-05-16 14:00:00,3255,43909.2649958914,0.9870000000000001
2050-05-16 15:00:00,3256,42819.318701667136,0.9625
2050-05-16 16:00:00,3257,41444.6517428292,0.9316
2050-05-16 17:00:00,3258,40096.6773462988,0.9013000000000001
2050-05-16 18:00:00,3259,39126.84758245844,0.8795000000000001
2050-05-16 19:00:00,3260,38681.971543999556,0.8694999999999999
2050-05-16 20:00:00,3261,38548.508732461894,0.8665
2050-05-16 21:00:00,3262,38286.031869771155,0.8606
2050-05-16 22:00:00,3263,37400.72855323799,0.8407000000000001
2050-05-16 23:00:00,3264,35487.7615878648,0.7976999999999999
2050-05-17 00:00:00,3265,33049.840897110145,0.7429
2050-05-17 01:00:00,3266,33049.840897110145,0.7429
2050-05-17 02:00:00,3267,33494.71693556903,0.7529
2050-05-17 03:00:00,3268,33147.7136255711,0.7451
2050-05-17 04:00:00,3269,33209.996270955344,0.7465
2050-05-17 05:00:00,3270,34562.419427870336,0.7769
2050-05-17 06:00:00,3271,37351.79218900751,0.8396
2050-05-17 07:00:00,3272,40732.850081294986,0.9155999999999999
2050-05-17 08:00:00,3273,43277.54102127979,0.9728000000000001
2050-05-17 09:00:00,3274,44265.16582665849,0.995
2050-05-17 10:00:00,3275,44291.85838896603,0.9956
2050-05-17 11:00:00,3276,44314.102190888974,0.9961000000000001
2050-05-17 12:00:00,3277,44487.603845887934,1.0
2050-05-17 13:00:00,3278,44487.603845887934,1.0
2050-05-17 14:00:00,3279,43909.2649958914,0.9870000000000001
2050-05-17 15:00:00,3280,42819.318701667136,0.9625
2050-05-17 16:00:00,3281,41444.6517428292,0.9316
2050-05-17 17:00:00,3282,40096.6773462988,0.9013000000000001
2050-05-17 18:00:00,3283,39126.84758245844,0.8795000000000001
2050-05-17 19:00:00,3284,38681.971543999556,0.8694999999999999
2050-05-17 20:00:00,3285,38548.508732461894,0.8665
2050-05-17 21:00:00,3286,38286.031869771155,0.8606
2050-05-17 22:00:00,3287,37400.72855323799,0.8407000000000001
2050-05-17 23:00:00,3288,35487.7615878648,0.7976999999999999
2050-05-18 00:00:00,3289,33049.840897110145,0.7429
2050-05-18 01:00:00,3290,33049.840897110145,0.7429
2050-05-18 02:00:00,3291,33494.71693556903,0.7529
2050-05-18 03:00:00,3292,33147.7136255711,0.7451
2050-05-18 04:00:00,3293,33209.996270955344,0.7465
2050-05-18 05:00:00,3294,34562.419427870336,0.7769
2050-05-18 06:00:00,3295,37351.79218900751,0.8396
2050-05-18 07:00:00,3296,40732.850081294986,0.9155999999999999
2050-05-18 08:00:00,3297,43277.54102127979,0.9728000000000001
2050-05-18 09:00:00,3298,44265.16582665849,0.995
2050-05-18 10:00:00,3299,44291.85838896603,0.9956
2050-05-18 11:00:00,3300,44314.102190888974,0.9961000000000001
2050-05-18 12:00:00,3301,44487.603845887934,1.0
2050-05-18 13:00:00,3302,44487.603845887934,1.0
2050-05-18 14:00:00,3303,43909.2649958914,0.9870000000000001
2050-05-18 15:00:00,3304,42819.318701667136,0.9625
2050-05-18 16:00:00,3305,41444.6517428292,0.9316
2050-05-18 17:00:00,3306,40096.6773462988,0.9013000000000001
2050-05-18 18:00:00,3307,39126.84758245844,0.8795000000000001
2050-05-18 19:00:00,3308,38681.971543999556,0.8694999999999999
2050-05-18 20:00:00,3309,38548.508732461894,0.8665
2050-05-18 21:00:00,3310,38286.031869771155,0.8606
2050-05-18 22:00:00,3311,37400.72855323799,0.8407000000000001
2050-05-18 23:00:00,3312,35487.7615878648,0.7976999999999999
2050-05-19 00:00:00,3313,33049.840897110145,0.7429
2050-05-19 01:00:00,3314,33049.840897110145,0.7429
2050-05-19 02:00:00,3315,33494.71693556903,0.7529
2050-05-19 03:00:00,3316,33147.7136255711,0.7451
2050-05-19 04:00:00,3317,33209.996270955344,0.7465
2050-05-19 05:00:00,3318,34562.419427870336,0.7769
2050-05-19 06:00:00,3319,37351.79218900751,0.8396
2050-05-19 07:00:00,3320,40732.850081294986,0.9155999999999999
2050-05-19 08:00:00,3321,43277.54102127979,0.9728000000000001
2050-05-19 09:00:00,3322,44265.16582665849,0.995
2050-05-19 10:00:00,3323,44291.85838896603,0.9956
2050-05-19 11:00:00,3324,44314.102190888974,0.9961000000000001
2050-05-19 12:00:00,3325,44487.603845887934,1.0
2050-05-19 13:00:00,3326,44487.603845887934,1.0
2050-05-19 14:00:00,3327,43909.2649958914,0.9870000000000001
2050-05-19 15:00:00,3328,42819.318701667136,0.9625
2050-05-19 16:00:00,3329,41444.6517428292,0.9316
2050-05-19 17:00:00,3330,40096.6773462988,0.9013000000000001
2050-05-19 18:00:00,3331,39126.84758245844,0.8795000000000001
2050-05-19 19:00:00,3332,38681.971543999556,0.8694999999999999
2050-05-19 20:00:00,3333,38548.508732461894,0.8665
2050-05-19 21:00:00,3334,38286.031869771155,0.8606
2050-05-19 22:00:00,3335,37400.72855323799,0.8407000000000001
2050-05-19 23:00:00,3336,35487.7615878648,0.7976999999999999
2050-05-20 00:00:00,3337,33049.840897110145,0.7429
2050-05-20 01:00:00,3338,33049.840897110145,0.7429
2050-05-20 02:00:00,3339,33494.71693556903,0.7529
2050-05-20 03:00:00,3340,33147.7136255711,0.7451
2050-05-20 04:00:00,3341,33209.996270955344,0.7465
2050-05-20 05:00:00,3342,34562.419427870336,0.7769
2050-05-20 06:00:00,3343,37351.79218900751,0.8396
2050-05-20 07:00:00,3344,40732.850081294986,0.9155999999999999
2050-05-20 08:00:00,3345,43277.54102127979,0.9728000000000001
2050-05-20 09:00:00,3346,44265.16582665849,0.995
2050-05-20 10:00:00,3347,44291.85838896603,0.9956
2050-05-20 11:00:00,3348,44314.102190888974,0.9961000000000001
2050-05-20 12:00:00,3349,44487.603845887934,1.0
2050-05-20 13:00:00,3350,44487.603845887934,1.0
2050-05-20 14:00:00,3351,43909.2649958914,0.9870000000000001
2050-05-20 15:00:00,3352,42819.318701667136,0.9625
2050-05-20 16:00:00,3353,41444.6517428292,0.9316
2050-05-20 17:00:00,3354,40096.6773462988,0.9013000000000001
2050-05-20 18:00:00,3355,39126.84758245844,0.8795000000000001
2050-05-20 19:00:00,3356,38681.971543999556,0.8694999999999999
2050-05-20 20:00:00,3357,38548.508732461894,0.8665
2050-05-20 21:00:00,3358,38286.031869771155,0.8606
2050-05-20 22:00:00,3359,37400.72855323799,0.8407000000000001
2050-05-20 23:00:00,3360,35487.7615878648,0.7976999999999999
2050-05-21 00:00:00,3361,22288.289526789857,0.501
2050-05-21 01:00:00,3362,22288.289526789857,0.501
2050-05-21 02:00:00,3363,20615.555622184467,0.4634
2050-05-21 03:00:00,3364,19796.983711420133,0.44500000000000006
2050-05-21 04:00:00,3365,19592.34073372905,0.44040000000000007
2050-05-21 05:00:00,3366,19739.149826420475,0.4437
2050-05-21 06:00:00,3367,19983.83164757286,0.44920000000000004
2050-05-21 07:00:00,3368,20152.884542187236,0.453
2050-05-21 08:00:00,3369,20210.718427186886,0.4543
2050-05-21 09:00:00,3370,20215.167187571482,0.4544000000000001
2050-05-21 10:00:00,3371,20224.064708340655,0.4546
2050-05-21 11:00:00,3372,20246.3085102636,0.4551
2050-05-21 12:00:00,3373,20255.206031032772,0.4552999999999999
2050-05-21 13:00:00,3374,20192.923385648537,0.4539000000000001
2050-05-21 14:00:00,3375,19992.72916834204,0.4494000000000001
2050-05-21 15:00:00,3376,19667.969660267056,0.4421
2050-05-21 16:00:00,3377,19338.761391807482,0.4346999999999999
2050-05-21 17:00:00,3378,19120.772132962637,0.42980000000000007
2050-05-21 18:00:00,3379,19009.553123347912,0.42729999999999996
2050-05-21 19:00:00,3380,18951.719238348258,0.42599999999999993
2050-05-21 20:00:00,3381,18965.06551950203,0.42630000000000007
2050-05-21 21:00:00,3382,19200.849819885232,0.4316
2050-05-21 22:00:00,3383,19881.510158727317,0.44689999999999996
2050-05-21 23:00:00,3384,21282.86967987279,0.47840000000000005
2050-05-22 00:00:00,3385,22288.289526789857,0.501
2050-05-22 01:00:00,3386,22288.289526789857,0.501
2050-05-22 02:00:00,3387,20615.555622184467,0.4634
2050-05-22 03:00:00,3388,19796.983711420133,0.44500000000000006
2050-05-22 04:00:00,3389,19592.34073372905,0.44040000000000007
2050-05-22 05:00:00,3390,19739.149826420475,0.4437
2050-05-22 06:00:00,3391,19983.83164757286,0.44920000000000004
2050-05-22 07:00:00,3392,20152.884542187236,0.453
2050-05-22 08:00:00,3393,20210.718427186886,0.4543
2050-05-22 09:00:00,3394,20215.167187571482,0.4544000000000001
2050-05-22 10:00:00,3395,20224.064708340655,0.4546
2050-05-22 11:00:00,3396,20246.3085102636,0.4551
2050-05-22 12:00:00,3397,20255.206031032772,0.4552999999999999
2050-05-22 13:00:00,3398,20192.923385648537,0.4539000000000001
2050-05-22 14:00:00,3399,19992.72916834204,0.4494000000000001
2050-05-22 15:00:00,3400,19667.969660267056,0.4421
2050-05-22 16:00:00,3401,19338.761391807482,0.4346999999999999
2050-05-22 17:00:00,3402,19120.772132962637,0.42980000000000007
2050-05-22 18:00:00,3403,19009.553123347912,0.42729999999999996
2050-05-22 19:00:00,3404,18951.719238348258,0.42599999999999993
2050-05-22 20:00:00,3405,18965.06551950203,0.42630000000000007
2050-05-22 21:00:00,3406,19200.849819885232,0.4316
2050-05-22 22:00:00,3407,19881.510158727317,0.44689999999999996
2050-05-22 23:00:00,3408,21282.86967987279,0.47840000000000005
2050-05-23 00:00:00,3409,33049.840897110145,0.7429
2050-05-23 01:00:00,3410,33049.840897110145,0.7429
2050-05-23 02:00:00,3411,33494.71693556903,0.7529
2050-05-23 03:00:00,3412,33147.7136255711,0.7451
2050-05-23 04:00:00,3413,33209.996270955344,0.7465
2050-05-23 05:00:00,3414,34562.419427870336,0.7769
2050-05-23 06:00:00,3415,37351.79218900751,0.8396
2050-05-23 07:00:00,3416,40732.850081294986,0.9155999999999999
2050-05-23 08:00:00,3417,43277.54102127979,0.9728000000000001
2050-05-23 09:00:00,3418,44265.16582665849,0.995
2050-05-23 10:00:00,3419,44291.85838896603,0.9956
2050-05-23 11:00:00,3420,44314.102190888974,0.9961000000000001
2050-05-23 12:00:00,3421,44487.603845887934,1.0
2050-05-23 13:00:00,3422,44487.603845887934,1.0
2050-05-23 14:00:00,3423,43909.2649958914,0.9870000000000001
2050-05-23 15:00:00,3424,42819.318701667136,0.9625
2050-05-23 16:00:00,3425,41444.6517428292,0.9316
2050-05-23 17:00:00,3426,40096.6773462988,0.9013000000000001
2050-05-23 18:00:00,3427,39126.84758245844,0.8795000000000001
2050-05-23 19:00:00,3428,38681.971543999556,0.8694999999999999
2050-05-23 20:00:00,3429,38548.508732461894,0.8665
2050-05-23 21:00:00,3430,38286.031869771155,0.8606
2050-05-23 22:00:00,3431,37400.72855323799,0.8407000000000001
2050-05-23 23:00:00,3432,35487.7615878648,0.7976999999999999
2050-05-24 00:00:00,3433,33049.840897110145,0.7429
2050-05-24 01:00:00,3434,33049.840897110145,0.7429
2050-05-24 02:00:00,3435,33494.71693556903,0.7529
2050-05-24 03:00:00,3436,33147.7136255711,0.7451
2050-05-24 04:00:00,3437,33209.996270955344,0.7465
2050-05-24 05:00:00,3438,34562.419427870336,0.7769
2050-05-24 06:00:00,3439,37351.79218900751,0.8396
2050-05-24 07:00:00,3440,40732.850081294986,0.9155999999999999
2050-05-24 08:00:00,3441,43277.54102127979,0.9728000000000001
2050-05-24 09:00:00,3442,44265.16582665849,0.995
2050-05-24 10:00:00,3443,44291.85838896603,0.9956
2050-05-24 11:00:00,3444,44314.102190888974,0.9961000000000001
2050-05-24 12:00:00,3445,44487.603845887934,1.0
2050-05-24 13:00:00,3446,44487.603845887934,1.0
2050-05-24 14:00:00,3447,43909.2649958914,0.9870000000000001
2050-05-24 15:00:00,3448,42819.318701667136,0.9625
2050-05-24 16:00:00,3449,41444.6517428292,0.9316
2050-05-24 17:00:00,3450,40096.6773462988,0.9013000000000001
2050-05-24 18:00:00,3451,39126.84758245844,0.8795000000000001
2050-05-24 19:00:00,3452,38681.971543999556,0.8694999999999999
2050-05-24 20:00:00,3453,38548.508732461894,0.8665
2050-05-24 21:00:00,3454,38286.031869771155,0.8606
2050-05-24 22:00:00,3455,37400.72855323799,0.8407000000000001
2050-05-24 23:00:00,3456,35487.7615878648,0.7976999999999999
2050-05-25 00:00:00,3457,33049.840897110145,0.7429
2050-05-25 01:00:00,3458,33049.840897110145,0.7429
2050-05-25 02:00:00,3459,33494.71693556903,0.7529
2050-05-25 03:00:00,3460,33147.7136255711,0.7451
2050-05-25 04:00:00,3461,33209.996270955344,0.7465
2050-05-25 05:00:00,3462,34562.419427870336,0.7769
2050-05-25 06:00:00,3463,37351.79218900751,0.8396
2050-05-25 07:00:00,3464,40732.850081294986,0.9155999999999999
2050-05-25 08:00:00,3465,43277.54102127979,0.9728000000000001
2050-05-25 09:00:00,3466,44265.16582665849,0.995
2050-05-25 10:00:00,3467,44291.85838896603,0.9956
2050-05-25 11:00:00,3468,44314.102190888974,0.9961000000000001
2050-05-25 12:00:00,3469,44487.603845887934,1.0
2050-05-25 13:00:00,3470,44487.603845887934,1.0
2050-05-25 14:00:00,3471,43909.2649958914,0.9870000000000001
2050-05-25 15:00:00,3472,42819.318701667136,0.9625
2050-05-25 16:00:00,3473,41444.6517428292,0.9316
2050-05-25 17:00:00,3474,40096.6773462988,0.9013000000000001
2050-05-25 18:00:00,3475,39126.84758245844,0.8795000000000001
2050-05-25 19:00:00,3476,38681.971543999556,0.8694999999999999
2050-05-25 20:00:00,3477,38548.508732461894,0.8665
2050-05-25 21:00:00,3478,38286.031869771155,0.8606
2050-05-25 22:00:00,3479,37400.72855323799,0.8407000000000001
2050-05-25 23:00:00,3480,35487.7615878648,0.7976999999999999
2050-05-26 00:00:00,3481,33049.840897110145,0.7429
2050-05-26 01:00:00,3482,33049.840897110145,0.7429
2050-05-26 02:00:00,3483,33494.71693556903,0.7529
2050-05-26 03:00:00,3484,33147.7136255711,0.7451
2050-05-26 04:00:00,3485,33209.996270955344,0.7465
2050-05-26 05:00:00,3486,34562.419427870336,0.7769
2050-05-26 06:00:00,3487,37351.79218900751,0.8396
2050-05-26 07:00:00,3488,40732.850081294986,0.9155999999999999
2050-05-26 08:00:00,3489,43277.54102127979,0.9728000000000001
2050-05-26 09:00:00,3490,44265.16582665849,0.995
2050-05-26 10:00:00,3491,44291.85838896603,0.9956
2050-05-26 11:00:00,3492,44314.102190888974,0.9961000000000001
2050-05-26 12:00:00,3493,44487.603845887934,1.0
2050-05-26 13:00:00,3494,44487.603845887934,1.0
2050-05-26 14:00:00,3495,43909.2649958914,0.9870000000000001
2050-05-26 15:00:00,3496,42819.318701667136,0.9625
2050-05-26 16:00:00,3497,41444.6517428292,0.9316
2050-05-26 17:00:00,3498,40096.6773462988,0.9013000000000001
2050-05-26 18:00:00,3499,39126.84758245844,0.8795000000000001
2050-05-26 19:00:00,3500,38681.971543999556,0.8694999999999999
2050-05-26 20:00:00,3501,38548.508732461894,0.8665
2050-05-26 21:00:00,3502,38286.031869771155,0.8606
2050-05-26 22:00:00,3503,37400.72855323799,0.8407000000000001
2050-05-26 23:00:00,3504,35487.7615878648,0.7976999999999999
2050-05-27 00:00:00,3505,33049.840897110145,0.7429
2050-05-27 01:00:00,3506,33049.840897110145,0.7429
2050-05-27 02:00:00,3507,33494.71693556903,0.7529
2050-05-27 03:00:00,3508,33147.7136255711,0.7451
2050-05-27 04:00:00,3509,33209.996270955344,0.7465
2050-05-27 05:00:00,3510,34562.419427870336,0.7769
2050-05-27 06:00:00,3511,37351.79218900751,0.8396
2050-05-27 07:00:00,3512,40732.850081294986,0.9155999999999999
2050-05-27 08:00:00,3513,43277.54102127979,0.9728000000000001
2050-05-27 09:00:00,3514,44265.16582665849,0.995
2050-05-27 10:00:00,3515,44291.85838896603,0.9956
2050-05-27 11:00:00,3516,44314.102190888974,0.9961000000000001
2050-05-27 12:00:00,3517,44487.603845887934,1.0
2050-05-27 13:00:00,3518,44487.603845887934,1.0
2050-05-27 14:00:00,3519,43909.2649958914,0.9870000000000001
2050-05-27 15:00:00,3520,42819.318701667136,0.9625
2050-05-27 16:00:00,3521,41444.6517428292,0.9316
2050-05-27 17:00:00,3522,40096.6773462988,0.9013000000000001
2050-05-27 18:00:00,3523,39126.84758245844,0.8795000000000001
2050-05-27 19:00:00,3524,38681.971543999556,0.8694999999999999
2050-05-27 20:00:00,3525,38548.508732461894,0.8665
2050-05-27 21:00:00,3526,38286.031869771155,0.8606
2050-05-27 22:00:00,3527,37400.72855323799,0.8407000000000001
2050-05-27 23:00:00,3528,35487.7615878648,0.7976999999999999
2050-05-28 00:00:00,3529,22288.289526789857,0.501
2050-05-28 01:00:00,3530,22288.289526789857,0.501
2050-05-28 02:00:00,3531,20615.555622184467,0.4634
2050-05-28 03:00:00,3532,19796.983711420133,0.44500000000000006
2050-05-28 04:00:00,3533,19592.34073372905,0.44040000000000007
2050-05-28 05:00:00,3534,19739.149826420475,0.4437
2050-05-28 06:00:00,3535,19983.83164757286,0.44920000000000004
2050-05-28 07:00:00,3536,20152.884542187236,0.453
2050-05-28 08:00:00,3537,20210.718427186886,0.4543
2050-05-28 09:00:00,3538,20215.167187571482,0.4544000000000001
2050-05-28 10:00:00,3539,20224.064708340655,0.4546
2050-05-28 11:00:00,3540,20246.3085102636,0.4551
2050-05-28 12:00:00,3541,20255.206031032772,0.4552999999999999
2050-05-28 13:00:00,3542,20192.923385648537,0.4539000000000001
2050-05-28 14:00:00,3543,19992.72916834204,0.4494000000000001
2050-05-28 15:00:00,3544,19667.969660267056,0.4421
2050-05-28 16:00:00,3545,19338.761391807482,0.4346999999999999
2050-05-28 17:00:00,3546,19120.772132962637,0.42980000000000007
2050-05-28 18:00:00,3547,19009.553123347912,0.42729999999999996
2050-05-28 19:00:00,3548,18951.719238348258,0.42599999999999993
2050-05-28 20:00:00,3549,18965.06551950203,0.42630000000000007
2050-05-28 21:00:00,3550,19200.849819885232,0.4316
2050-05-28 22:00:00,3551,19881.510158727317,0.44689999999999996
2050-05-28 23:00:00,3552,21282.86967987279,0.47840000000000005
2050-05-29 00:00:00,3553,22288.289526789857,0.501
2050-05-29 01:00:00,3554,22288.289526789857,0.501
2050-05-29 02:00:00,3555,20615.555622184467,0.4634
2050-05-29 03:00:00,3556,19796.983711420133,0.44500000000000006
2050-05-29 04:00:00,3557,19592.34073372905,0.44040000000000007
2050-05-29 05:00:00,3558,19739.149826420475,0.4437
2050-05-29 06:00:00,3559,19983.83164757286,0.44920000000000004
2050-05-29 07:00:00,3560,20152.884542187236,0.453
2050-05-29 08:00:00,3561,20210.718427186886,0.4543
2050-05-29 09:00:00,3562,20215.167187571482,0.4544000000000001
2050-05-29 10:00:00,3563,20224.064708340655,0.4546
2050-05-29 11:00:00,3564,20246.3085102636,0.4551
2050-05-29 12:00:00,3565,20255.206031032772,0.4552999999999999
2050-05-29 13:00:00,3566,20192.923385648537,0.4539000000000001
2050-05-29 14:00:00,3567,19992.72916834204,0.4494000000000001
2050-05-29 15:00:00,3568,19667.969660267056,0.4421
2050-05-29 16:00:00,3569,19338.761391807482,0.4346999999999999
2050-05-29 17:00:00,3570,19120.772132962637,0.42980000000000007
2050-05-29 18:00:00,3571,19009.553123347912,0.42729999999999996
2050-05-29 19:00:00,3572,18951.719238348258,0.42599999999999993
2050-05-29 20:00:00,3573,18965.06551950203,0.42630000000000007
2050-05-29 21:00:00,3574,19200.849819885232,0.4316
2050-05-29 22:00:00,3575,19881.510158727317,0.44689999999999996
2050-05-29 23:00:00,3576,21282.86967987279,0.47840000000000005
2050-05-30 00:00:00,3577,33049.840897110145,0.7429
2050-05-30 01:00:00,3578,33049.840897110145,0.7429
2050-05-30 02:00:00,3579,33494.71693556903,0.7529
2050-05-30 03:00:00,3580,33147.7136255711,0.7451
2050-05-30 04:00:00,3581,33209.996270955344,0.7465
2050-05-30 05:00:00,3582,34562.419427870336,0.7769
2050-05-30 06:00:00,3583,37351.79218900751,0.8396
2050-05-30 07:00:00,3584,40732.850081294986,0.9155999999999999
2050-05-30 08:00:00,3585,43277.54102127979,0.9728000000000001
2050-05-30 09:00:00,3586,44265.16582665849,0.995
2050-05-30 10:00:00,3587,44291.85838896603,0.9956
2050-05-30 11:00:00,3588,44314.102190888974,0.9961000000000001
2050-05-30 12:00:00,3589,44487.603845887934,1.0
2050-05-30 13:00:00,3590,44487.603845887934,1.0
2050-05-30 14:00:00,3591,43909.2649958914,0.9870000000000001
2050-05-30 15:00:00,3592,42819.318701667136,0.9625
2050-05-30 16:00:00,3593,41444.6517428292,0.9316
2050-05-30 17:00:00,3594,40096.6773462988,0.9013000000000001
2050-05-30 18:00:00,3595,39126.84758245844,0.8795000000000001
2050-05-30 19:00:00,3596,38681.971543999556,0.8694999999999999
2050-05-30 20:00:00,3597,38548.508732461894,0.8665
2050-05-30 21:00:00,3598,38286.031869771155,0.8606
2050-05-30 22:00:00,3599,37400.72855323799,0.8407000000000001
2050-05-30 23:00:00,3600,35487.7615878648,0.7976999999999999
2050-05-31 00:00:00,3601,33049.840897110145,0.7429
2050-05-31 01:00:00,3602,33049.840897110145,0.7429
2050-05-31 02:00:00,3603,33494.71693556903,0.7529
2050-05-31 03:00:00,3604,33147.7136255711,0.7451
2050-05-31 04:00:00,3605,33209.996270955344,0.7465
2050-05-31 05:00:00,3606,34562.419427870336,0.7769
2050-05-31 06:00:00,3607,37351.79218900751,0.8396
2050-05-31 07:00:00,3608,40732.850081294986,0.9155999999999999
2050-05-31 08:00:00,3609,43277.54102127979,0.9728000000000001
2050-05-31 09:00:00,3610,44265.16582665849,0.995
2050-05-31 10:00:00,3611,44291.85838896603,0.9956
2050-05-31 11:00:00,3612,44314.102190888974,0.9961000000000001
2050-05-31 12:00:00,3613,44487.603845887934,1.0
2050-05-31 13:00:00,3614,44487.603845887934,1.0
2050-05-31 14:00:00,3615,43909.2649958914,0.9870000000000001
2050-05-31 15:00:00,3616,42819.318701667136,0.9625
2050-05-31 16:00:00,3617,41444.6517428292,0.9316
2050-05-31 17:00:00,3618,40096.6773462988,0.9013000000000001
2050-05-31 18:00:00,3619,39126.84758245844,0.8795000000000001
2050-05-31 19:00:00,3620,38681.971543999556,0.8694999999999999
2050-05-31 20:00:00,3621,38548.508732461894,0.8665
2050-05-31 21:00:00,3622,38286.031869771155,0.8606
2050-05-31 22:00:00,3623,37400.72855323799,0.8407000000000001
2050-05-31 23:00:00,3624,35487.7615878648,0.7976999999999999
2050-06-01 00:00:00,3625,33049.840897110145,0.7429
2050-06-01 01:00:00,3626,33049.840897110145,0.7429
2050-06-01 02:00:00,3627,33494.71693556903,0.7529
2050-06-01 03:00:00,3628,33147.7136255711,0.7451
2050-06-01 04:00:00,3629,33209.996270955344,0.7465
2050-06-01 05:00:00,3630,34562.419427870336,0.7769
2050-06-01 06:00:00,3631,37351.79218900751,0.8396
2050-06-01 07:00:00,3632,40732.850081294986,0.9155999999999999
2050-06-01 08:00:00,3633,43277.54102127979,0.9728000000000001
2050-06-01 09:00:00,3634,44265.16582665849,0.995
2050-06-01 10:00:00,3635,44291.85838896603,0.9956
2050-06-01 11:00:00,3636,44314.102190888974,0.9961000000000001
2050-06-01 12:00:00,3637,44487.603845887934,1.0
2050-06-01 13:00:00,3638,44487.603845887934,1.0
2050-06-01 14:00:00,3639,43909.2649958914,0.9870000000000001
2050-06-01 15:00:00,3640,42819.318701667136,0.9625
2050-06-01 16:00:00,3641,41444.6517428292,0.9316
2050-06-01 17:00:00,3642,40096.6773462988,0.9013000000000001
2050-06-01 18:00:00,3643,39126.84758245844,0.8795000000000001
2050-06-01 19:00:00,3644,38681.971543999556,0.8694999999999999
2050-06-01 20:00:00,3645,38548.508732461894,0.8665
2050-06-01 21:00:00,3646,38286.031869771155,0.8606
2050-06-01 22:00:00,3647,37400.72855323799,0.8407000000000001
2050-06-01 23:00:00,3648,35487.7615878648,0.7976999999999999
2050-06-02 00:00:00,3649,33049.840897110145,0.7429
2050-06-02 01:00:00,3650,33049.840897110145,0.7429
2050-06-02 02:00:00,3651,33494.71693556903,0.7529
2050-06-02 03:00:00,3652,33147.7136255711,0.7451
2050-06-02 04:00:00,3653,33209.996270955344,0.7465
2050-06-02 05:00:00,3654,34562.419427870336,0.7769
2050-06-02 06:00:00,3655,37351.79218900751,0.8396
2050-06-02 07:00:00,3656,40732.850081294986,0.9155999999999999
2050-06-02 08:00:00,3657,43277.54102127979,0.9728000000000001
2050-06-02 09:00:00,3658,44265.16582665849,0.995
2050-06-02 10:00:00,3659,44291.85838896603,0.9956
2050-06-02 11:00:00,3660,44314.102190888974,0.9961000000000001
2050-06-02 12:00:00,3661,44487.603845887934,1.0
2050-06-02 13:00:00,3662,44487.603845887934,1.0
2050-06-02 14:00:00,3663,43909.2649958914,0.9870000000000001
2050-06-02 15:00:00,3664,42819.318701667136,0.9625
2050-06-02 16:00:00,3665,41444.6517428292,0.9316
2050-06-02 17:00:00,3666,40096.6773462988,0.9013000000000001
2050-06-02 18:00:00,3667,39126.84758245844,0.8795000000000001
2050-06-02 19:00:00,3668,38681.971543999556,0.8694999999999999
2050-06-02 20:00:00,3669,38548.508732461894,0.8665
2050-06-02 21:00:00,3670,38286.031869771155,0.8606
2050-06-02 22:00:00,3671,37400.72855323799,0.8407000000000001
2050-06-02 23:00:00,3672,35487.7615878648,0.7976999999999999
2050-06-03 00:00:00,3673,33049.840897110145,0.7429
2050-06-03 01:00:00,3674,33049.840897110145,0.7429
2050-06-03 02:00:00,3675,33494.71693556903,0.7529
2050-06-03 03:00:00,3676,33147.7136255711,0.7451
2050-06-03 04:00:00,3677,33209.996270955344,0.7465
2050-06-03 05:00:00,3678,34562.419427870336,0.7769
2050-06-03 06:00:00,3679,37351.79218900751,0.8396
2050-06-03 07:00:00,3680,40732.850081294986,0.9155999999999999
2050-06-03 08:00:00,3681,43277.54102127979,0.9728000000000001
2050-06-03 09:00:00,3682,44265.16582665849,0.995
2050-06-03 10:00:00,3683,44291.85838896603,0.9956
2050-06-03 11:00:00,3684,44314.102190888974,0.9961000000000001
2050-06-03 12:00:00,3685,44487.603845887934,1.0
2050-06-03 13:00:00,3686,44487.603845887934,1.0
2050-06-03 14:00:00,3687,43909.2649958914,0.9870000000000001
2050-06-03 15:00:00,3688,42819.318701667136,0.9625
2050-06-03 16:00:00,3689,41444.6517428292,0.9316
2050-06-03 17:00:00,3690,40096.6773462988,0.9013000000000001
2050-06-03 18:00:00,3691,39126.84758245844,0.8795000000000001
2050-06-03 19:00:00,3692,38681.971543999556,0.8694999999999999
2050-06-03 20:00:00,3693,38548.508732461894,0.8665
2050-06-03 21:00:00,3694,38286.031869771155,0.8606
2050-06-03 22:00:00,3695,37400.72855323799,0.8407000000000001
2050-06-03 23:00:00,3696,35487.7615878648,0.7976999999999999
2050-06-04 00:00:00,3697,22288.289526789857,0.501
2050-06-04 01:00:00,3698,22288.289526789857,0.501
2050-06-04 02:00:00,3699,20615.555622184467,0.4634
2050-06-04 03:00:00,3700,19796.983711420133,0.44500000000000006
2050-06-04 04:00:00,3701,19592.34073372905,0.44040000000000007
2050-06-04 05:00:00,3702,19739.149826420475,0.4437
2050-06-04 06:00:00,3703,19983.83164757286,0.44920000000000004
2050-06-04 07:00:00,3704,20152.884542187236,0.453
2050-06-04 08:00:00,3705,20210.718427186886,0.4543
2050-06-04 09:00:00,3706,20215.167187571482,0.4544000000000001
2050-06-04 10:00:00,3707,20224.064708340655,0.4546
2050-06-04 11:00:00,3708,20246.3085102636,0.4551
2050-06-04 12:00:00,3709,20255.206031032772,0.4552999999999999
2050-06-04 13:00:00,3710,20192.923385648537,0.4539000000000001
2050-06-04 14:00:00,3711,19992.72916834204,0.4494000000000001
2050-06-04 15:00:00,3712,19667.969660267056,0.4421
2050-06-04 16:00:00,3713,19338.761391807482,0.4346999999999999
2050-06-04 17:00:00,3714,19120.772132962637,0.42980000000000007
2050-06-04 18:00:00,3715,19009.553123347912,0.42729999999999996
2050-06-04 19:00:00,3716,18951.719238348258,0.42599999999999993
2050-06-04 20:00:00,3717,18965.06551950203,0.42630000000000007
2050-06-04 21:00:00,3718,19200.849819885232,0.4316
2050-06-04 22:00:00,3719,19881.510158727317,0.44689999999999996
2050-06-04 23:00:00,3720,21282.86967987279,0.47840000000000005
2050-06-05 00:00:00,3721,22288.289526789857,0.501
2050-06-05 01:00:00,3722,22288.289526789857,0.501
2050-06-05 02:00:00,3723,20615.555622184467,0.4634
2050-06-05 03:00:00,3724,19796.983711420133,0.44500000000000006
2050-06-05 04:00:00,3725,19592.34073372905,0.44040000000000007
2050-06-05 05:00:00,3726,19739.149826420475,0.4437
2050-06-05 06:00:00,3727,19983.83164757286,0.44920000000000004
2050-06-05 07:00:00,3728,20152.884542187236,0.453
2050-06-05 08:00:00,3729,20210.718427186886,0.4543
2050-06-05 09:00:00,3730,20215.167187571482,0.4544000000000001
2050-06-05 10:00:00,3731,20224.064708340655,0.4546
2050-06-05 11:00:00,3732,20246.3085102636,0.4551
2050-06-05 12:00:00,3733,20255.206031032772,0.4552999999999999
2050-06-05 13:00:00,3734,20192.923385648537,0.4539000000000001
2050-06-05 14:00:00,3735,19992.72916834204,0.4494000000000001
2050-06-05 15:00:00,3736,19667.969660267056,0.4421
2050-06-05 16:00:00,3737,19338.761391807482,0.4346999999999999
2050-06-05 17:00:00,3738,19120.772132962637,0.42980000000000007
2050-06-05 18:00:00,3739,19009.553123347912,0.42729999999999996
2050-06-05 19:00:00,3740,18951.719238348258,0.42599999999999993
2050-06-05 20:00:00,3741,18965.06551950203,0.42630000000000007
2050-06-05 21:00:00,3742,19200.849819885232,0.4316
2050-06-05 22:00:00,3743,19881.510158727317,0.44689999999999996
2050-06-05 23:00:00,3744,21282.86967987279,0.47840000000000005
2050-06-06 00:00:00,3745,33049.840897110145,0.7429
2050-06-06 01:00:00,3746,33049.840897110145,0.7429
2050-06-06 02:00:00,3747,33494.71693556903,0.7529
2050-06-06 03:00:00,3748,33147.7136255711,0.7451
2050-06-06 04:00:00,3749,33209.996270955344,0.7465
2050-06-06 05:00:00,3750,34562.419427870336,0.7769
2050-06-06 06:00:00,3751,37351.79218900751,0.8396
2050-06-06 07:00:00,3752,40732.850081294986,0.9155999999999999
2050-06-06 08:00:00,3753,43277.54102127979,0.9728000000000001
2050-06-06 09:00:00,3754,44265.16582665849,0.995
2050-06-06 10:00:00,3755,44291.85838896603,0.9956
2050-06-06 11:00:00,3756,44314.102190888974,0.9961000000000001
2050-06-06 12:00:00,3757,44487.603845887934,1.0
2050-06-06 13:00:00,3758,44487.603845887934,1.0
2050-06-06 14:00:00,3759,43909.2649958914,0.9870000000000001
2050-06-06 15:00:00,3760,42819.318701667136,0.9625
2050-06-06 16:00:00,3761,41444.6517428292,0.9316
2050-06-06 17:00:00,3762,40096.6773462988,0.9013000000000001
2050-06-06 18:00:00,3763,39126.84758245844,0.8795000000000001
2050-06-06 19:00:00,3764,38681.971543999556,0.8694999999999999
2050-06-06 20:00:00,3765,38548.508732461894,0.8665
2050-06-06 21:00:00,3766,38286.031869771155,0.8606
2050-06-06 22:00:00,3767,37400.72855323799,0.8407000000000001
2050-06-06 23:00:00,3768,35487.7615878648,0.7976999999999999
2050-06-07 00:00:00,3769,33049.840897110145,0.7429
2050-06-07 01:00:00,3770,33049.840897110145,0.7429
2050-06-07 02:00:00,3771,33494.71693556903,0.7529
2050-06-07 03:00:00,3772,33147.7136255711,0.7451
2050-06-07 04:00:00,3773,33209.996270955344,0.7465
2050-06-07 05:00:00,3774,34562.419427870336,0.7769
2050-06-07 06:00:00,3775,37351.79218900751,0.8396
2050-06-07 07:00:00,3776,40732.850081294986,0.9155999999999999
2050-06-07 08:00:00,3777,43277.54102127979,0.9728000000000001
2050-06-07 09:00:00,3778,44265.16582665849,0.995
2050-06-07 10:00:00,3779,44291.85838896603,0.9956
2050-06-07 11:00:00,3780,44314.102190888974,0.9961000000000001
2050-06-07 12:00:00,3781,44487.603845887934,1.0
2050-06-07 13:00:00,3782,44487.603845887934,1.0
2050-06-07 14:00:00,3783,43909.2649958914,0.9870000000000001
2050-06-07 15:00:00,3784,42819.318701667136,0.9625
2050-06-07 16:00:00,3785,41444.6517428292,0.9316
2050-06-07 17:00:00,3786,40096.6773462988,0.9013000000000001
2050-06-07 18:00:00,3787,39126.84758245844,0.8795000000000001
2050-06-07 19:00:00,3788,38681.971543999556,0.8694999999999999
2050-06-07 20:00:00,3789,38548.508732461894,0.8665
2050-06-07 21:00:00,3790,38286.031869771155,0.8606
2050-06-07 22:00:00,3791,37400.72855323799,0.8407000000000001
2050-06-07 23:00:00,3792,35487.7615878648,0.7976999999999999
2050-06-08 00:00:00,3793,33049.840897110145,0.7429
2050-06-08 01:00:00,3794,33049.840897110145,0.7429
2050-06-08 02:00:00,3795,33494.71693556903,0.7529
2050-06-08 03:00:00,3796,33147.7136255711,0.7451
2050-06-08 04:00:00,3797,33209.996270955344,0.7465
2050-06-08 05:00:00,3798,34562.419427870336,0.7769
2050-06-08 06:00:00,3799,37351.79218900751,0.8396
2050-06-08 07:00:00,3800,40732.850081294986,0.9155999999999999
2050-06-08 08:00:00,3801,43277.54102127979,0.9728000000000001
2050-06-08 09:00:00,3802,44265.16582665849,0.995
2050-06-08 10:00:00,3803,44291.85838896603,0.9956
2050-06-08 11:00:00,3804,44314.102190888974,0.9961000000000001
2050-06-08 12:00:00,3805,44487.603845887934,1.0
2050-06-08 13:00:00,3806,44487.603845887934,1.0
2050-06-08 14:00:00,3807,43909.2649958914,0.9870000000000001
2050-06-08 15:00:00,3808,42819.318701667136,0.9625
2050-06-08 16:00:00,3809,41444.6517428292,0.9316
2050-06-08 17:00:00,3810,40096.6773462988,0.9013000000000001
2050-06-08 18:00:00,3811,39126.84758245844,0.8795000000000001
2050-06-08 19:00:00,3812,38681.971543999556,0.8694999999999999
2050-06-08 20:00:00,3813,38548.508732461894,0.8665
2050-06-08 21:00:00,3814,38286.031869771155,0.8606
2050-06-08 22:00:00,3815,37400.72855323799,0.8407000000000001
2050-06-08 23:00:00,3816,35487.7615878648,0.7976999999999999
2050-06-09 00:00:00,3817,33049.840897110145,0.7429
2050-06-09 01:00:00,3818,33049.840897110145,0.7429
2050-06-09 02:00:00,3819,33494.71693556903,0.7529
2050-06-09 03:00:00,3820,33147.7136255711,0.7451
2050-06-09 04:00:00,3821,33209.996270955344,0.7465
2050-06-09 05:00:00,3822,34562.419427870336,0.7769
2050-06-09 06:00:00,3823,37351.79218900751,0.8396
2050-06-09 07:00:00,3824,40732.850081294986,0.9155999999999999
2050-06-09 08:00:00,3825,43277.54102127979,0.9728000000000001
2050-06-09 09:00:00,3826,44265.16582665849,0.995
2050-06-09 10:00:00,3827,44291.85838896603,0.9956
2050-06-09 11:00:00,3828,44314.102190888974,0.9961000000000001
2050-06-09 12:00:00,3829,44487.603845887934,1.0
2050-06-09 13:00:00,3830,44487.603845887934,1.0
2050-06-09 14:00:00,3831,43909.2649958914,0.9870000000000001
2050-06-09 15:00:00,3832,42819.318701667136,0.9625
2050-06-09 16:00:00,3833,41444.6517428292,0.9316
2050-06-09 17:00:00,3834,40096.6773462988,0.9013000000000001
2050-06-09 18:00:00,3835,39126.84758245844,0.8795000000000001
2050-06-09 19:00:00,3836,38681.971543999556,0.8694999999999999
2050-06-09 20:00:00,3837,38548.508732461894,0.8665
2050-06-09 21:00:00,3838,38286.031869771155,0.8606
2050-06-09 22:00:00,3839,37400.72855323799,0.8407000000000001
2050-06-09 23:00:00,3840,35487.7615878648,0.7976999999999999
2050-06-10 00:00:00,3841,33049.840897110145,0.7429
2050-06-10 01:00:00,3842,33049.840897110145,0.7429
2050-06-10 02:00:00,3843,33494.71693556903,0.7529
2050-06-10 03:00:00,3844,33147.7136255711,0.7451
2050-06-10 04:00:00,3845,33209.996270955344,0.7465
2050-06-10 05:00:00,3846,34562.419427870336,0.7769
2050-06-10 06:00:00,3847,37351.79218900751,0.8396
2050-06-10 07:00:00,3848,40732.850081294986,0.9155999999999999
2050-06-10 08:00:00,3849,43277.54102127979,0.9728000000000001
2050-06-10 09:00:00,3850,44265.16582665849,0.995
2050-06-10 10:00:00,3851,44291.85838896603,0.9956
2050-06-10 11:00:00,3852,44314.102190888974,0.9961000000000001
2050-06-10 12:00:00,3853,44487.603845887934,1.0
2050-06-10 13:00:00,3854,44487.603845887934,1.0
2050-06-10 14:00:00,3855,43909.2649958914,0.9870000000000001
2050-06-10 15:00:00,3856,42819.318701667136,0.9625
2050-06-10 16:00:00,3857,41444.6517428292,0.9316
2050-06-10 17:00:00,3858,40096.6773462988,0.9013000000000001
2050-06-10 18:00:00,3859,39126.84758245844,0.8795000000000001
2050-06-10 19:00:00,3860,38681.971543999556,0.8694999999999999
2050-06-10 20:00:00,3861,38548.508732461894,0.8665
2050-06-10 21:00:00,3862,38286.031869771155,0.8606
2050-06-10 22:00:00,3863,37400.72855323799,0.8407000000000001
2050-06-10 23:00:00,3864,35487.7615878648,0.7976999999999999
2050-06-11 00:00:00,3865,22288.289526789857,0.501
2050-06-11 01:00:00,3866,22288.289526789857,0.501
2050-06-11 02:00:00,3867,20615.555622184467,0.4634
2050-06-11 03:00:00,3868,19796.983711420133,0.44500000000000006
2050-06-11 04:00:00,3869,19592.34073372905,0.44040000000000007
2050-06-11 05:00:00,3870,19739.149826420475,0.4437
2050-06-11 06:00:00,3871,19983.83164757286,0.44920000000000004
2050-06-11 07:00:00,3872,20152.884542187236,0.453
2050-06-11 08:00:00,3873,20210.718427186886,0.4543
2050-06-11 09:00:00,3874,20215.167187571482,0.4544000000000001
2050-06-11 10:00:00,3875,20224.064708340655,0.4546
2050-06-11 11:00:00,3876,20246.3085102636,0.4551
2050-06-11 12:00:00,3877,20255.206031032772,0.4552999999999999
2050-06-11 13:00:00,3878,20192.923385648537,0.4539000000000001
2050-06-11 14:00:00,3879,19992.72916834204,0.4494000000000001
2050-06-11 15:00:00,3880,19667.969660267056,0.4421
2050-06-11 16:00:00,3881,19338.761391807482,0.4346999999999999
2050-06-11 17:00:00,3882,19120.772132962637,0.42980000000000007
2050-06-11 18:00:00,3883,19009.553123347912,0.42729999999999996
2050-06-11 19:00:00,3884,18951.719238348258,0.42599999999999993
2050-06-11 20:00:00,3885,18965.06551950203,0.42630000000000007
2050-06-11 21:00:00,3886,19200.849819885232,0.4316
2050-06-11 22:00:00,3887,19881.510158727317,0.44689999999999996
2050-06-11 23:00:00,3888,21282.86967987279,0.47840000000000005
2050-06-12 00:00:00,3889,22288.289526789857,0.501
2050-06-12 01:00:00,3890,22288.289526789857,0.501
2050-06-12 02:00:00,3891,20615.555622184467,0.4634
2050-06-12 03:00:00,3892,19796.983711420133,0.44500000000000006
2050-06-12 04:00:00,3893,19592.34073372905,0.44040000000000007
2050-06-12 05:00:00,3894,19739.149826420475,0.4437
2050-06-12 06:00:00,3895,19983.83164757286,0.44920000000000004
2050-06-12 07:00:00,3896,20152.884542187236,0.453
2050-06-12 08:00:00,3897,20210.718427186886,0.4543
2050-06-12 09:00:00,3898,20215.167187571482,0.4544000000000001
2050-06-12 10:00:00,3899,20224.064708340655,0.4546
2050-06-12 11:00:00,3900,20246.3085102636,0.4551
2050-06-12 12:00:00,3901,20255.206031032772,0.4552999999999999
2050-06-12 13:00:00,3902,20192.923385648537,0.4539000000000001
2050-06-12 14:00:00,3903,19992.72916834204,0.4494000000000001
2050-06-12 15:00:00,3904,19667.969660267056,0.4421
2050-06-12 16:00:00,3905,19338.761391807482,0.4346999999999999
2050-06-12 17:00:00,3906,19120.772132962637,0.42980000000000007
2050-06-12 18:00:00,3907,19009.553123347912,0.42729999999999996
2050-06-12 19:00:00,3908,18951.719238348258,0.42599999999999993
2050-06-12 20:00:00,3909,18965.06551950203,0.42630000000000007
2050-06-12 21:00:00,3910,19200.849819885232,0.4316
2050-06-12 22:00:00,3911,19881.510158727317,0.44689999999999996
2050-06-12 23:00:00,3912,21282.86967987279,0.47840000000000005
2050-06-13 00:00:00,3913,33049.840897110145,0.7429
2050-06-13 01:00:00,3914,33049.840897110145,0.7429
2050-06-13 02:00:00,3915,33494.71693556903,0.7529
2050-06-13 03:00:00,3916,33147.7136255711,0.7451
2050-06-13 04:00:00,3917,33209.996270955344,0.7465
2050-06-13 05:00:00,3918,34562.419427870336,0.7769
2050-06-13 06:00:00,3919,37351.79218900751,0.8396
2050-06-13 07:00:00,3920,40732.850081294986,0.9155999999999999
2050-06-13 08:00:00,3921,43277.54102127979,0.9728000000000001
2050-06-13 09:00:00,3922,44265.16582665849,0.995
2050-06-13 10:00:00,3923,44291.85838896603,0.9956
2050-06-13 11:00:00,3924,44314.102190888974,0.9961000000000001
2050-06-13 12:00:00,3925,44487.603845887934,1.0
2050-06-13 13:00:00,3926,44487.603845887934,1.0
2050-06-13 14:00:00,3927,43909.2649958914,0.9870000000000001
2050-06-13 15:00:00,3928,42819.318701667136,0.9625
2050-06-13 16:00:00,3929,41444.6517428292,0.9316
2050-06-13 17:00:00,3930,40096.6773462988,0.9013000000000001
2050-06-13 18:00:00,3931,39126.84758245844,0.8795000000000001
2050-06-13 19:00:00,3932,38681.971543999556,0.8694999999999999
2050-06-13 20:00:00,3933,38548.508732461894,0.8665
2050-06-13 21:00:00,3934,38286.031869771155,0.8606
2050-06-13 22:00:00,3935,37400.72855323799,0.8407000000000001
2050-06-13 23:00:00,3936,35487.7615878648,0.7976999999999999
2050-06-14 00:00:00,3937,33049.840897110145,0.7429
2050-06-14 01:00:00,3938,33049.840897110145,0.7429
2050-06-14 02:00:00,3939,33494.71693556903,0.7529
2050-06-14 03:00:00,3940,33147.7136255711,0.7451
2050-06-14 04:00:00,3941,33209.996270955344,0.7465
2050-06-14 05:00:00,3942,34562.419427870336,0.7769
2050-06-14 06:00:00,3943,37351.79218900751,0.8396
2050-06-14 07:00:00,3944,40732.850081294986,0.9155999999999999
2050-06-14 08:00:00,3945,43277.54102127979,0.9728000000000001
2050-06-14 09:00:00,3946,44265.16582665849,0.995
2050-06-14 10:00:00,3947,44291.85838896603,0.9956
2050-06-14 11:00:00,3948,44314.102190888974,0.9961000000000001
2050-06-14 12:00:00,3949,44487.603845887934,1.0
2050-06-14 13:00:00,3950,44487.603845887934,1.0
2050-06-14 14:00:00,3951,43909.2649958914,0.9870000000000001
2050-06-14 15:00:00,3952,42819.318701667136,0.9625
2050-06-14 16:00:00,3953,41444.6517428292,0.9316
2050-06-14 17:00:00,3954,40096.6773462988,0.9013000000000001
2050-06-14 18:00:00,3955,39126.84758245844,0.8795000000000001
2050-06-14 19:00:00,3956,38681.971543999556,0.8694999999999999
2050-06-14 20:00:00,3957,38548.508732461894,0.8665
2050-06-14 21:00:00,3958,38286.031869771155,0.8606
2050-06-14 22:00:00,3959,37400.72855323799,0.8407000000000001
2050-06-14 23:00:00,3960,35487.7615878648,0.7976999999999999
2050-06-15 00:00:00,3961,33049.840897110145,0.7429
2050-06-15 01:00:00,3962,33049.840897110145,0.7429
2050-06-15 02:00:00,3963,33494.71693556903,0.7529
2050-06-15 03:00:00,3964,33147.7136255711,0.7451
2050-06-15 04:00:00,3965,33209.996270955344,0.7465
2050-06-15 05:00:00,3966,34562.419427870336,0.7769
2050-06-15 06:00:00,3967,37351.79218900751,0.8396
2050-06-15 07:00:00,3968,40732.850081294986,0.9155999999999999
2050-06-15 08:00:00,3969,43277.54102127979,0.9728000000000001
2050-06-15 09:00:00,3970,44265.16582665849,0.995
2050-06-15 10:00:00,3971,44291.85838896603,0.9956
2050-06-15 11:00:00,3972,44314.102190888974,0.9961000000000001
2050-06-15 12:00:00,3973,44487.603845887934,1.0
2050-06-15 13:00:00,3974,44487.603845887934,1.0
2050-06-15 14:00:00,3975,43909.2649958914,0.9870000000000001
2050-06-15 15:00:00,3976,42819.318701667136,0.9625
2050-06-15 16:00:00,3977,41444.6517428292,0.9316
2050-06-15 17:00:00,3978,40096.6773462988,0.9013000000000001
2050-06-15 18:00:00,3979,39126.84758245844,0.8795000000000001
2050-06-15 19:00:00,3980,38681.971543999556,0.8694999999999999
2050-06-15 20:00:00,3981,38548.508732461894,0.8665
2050-06-15 21:00:00,3982,38286.031869771155,0.8606
2050-06-15 22:00:00,3983,37400.72855323799,0.8407000000000001
2050-06-15 23:00:00,3984,35487.7615878648,0.7976999999999999
2050-06-16 00:00:00,3985,33049.840897110145,0.7429
2050-06-16 01:00:00,3986,33049.840897110145,0.7429
2050-06-16 02:00:00,3987,33494.71693556903,0.7529
2050-06-16 03:00:00,3988,33147.7136255711,0.7451
2050-06-16 04:00:00,3989,33209.996270955344,0.7465
2050-06-16 05:00:00,3990,34562.419427870336,0.7769
2050-06-16 06:00:00,3991,37351.79218900751,0.8396
2050-06-16 07:00:00,3992,40732.850081294986,0.9155999999999999
2050-06-16 08:00:00,3993,43277.54102127979,0.9728000000000001
2050-06-16 09:00:00,3994,44265.16582665849,0.995
2050-06-16 10:00:00,3995,44291.85838896603,0.9956
2050-06-16 11:00:00,3996,44314.102190888974,0.9961000000000001
2050-06-16 12:00:00,3997,44487.603845887934,1.0
2050-06-16 13:00:00,3998,44487.603845887934,1.0
2050-06-16 14:00:00,3999,43909.2649958914,0.9870000000000001
2050-06-16 15:00:00,4000,42819.318701667136,0.9625
2050-06-16 16:00:00,4001,41444.6517428292,0.9316
2050-06-16 17:00:00,4002,40096.6773462988,0.9013000000000001
2050-06-16 18:00:00,4003,39126.84758245844,0.8795000000000001
2050-06-16 19:00:00,4004,38681.971543999556,0.8694999999999999
2050-06-16 20:00:00,4005,38548.508732461894,0.8665
2050-06-16 21:00:00,4006,38286.031869771155,0.8606
2050-06-16 22:00:00,4007,37400.72855323799,0.8407000000000001
2050-06-16 23:00:00,4008,35487.7615878648,0.7976999999999999
2050-06-17 00:00:00,4009,33049.840897110145,0.7429
2050-06-17 01:00:00,4010,33049.840897110145,0.7429
2050-06-17 02:00:00,4011,33494.71693556903,0.7529
2050-06-17 03:00:00,4012,33147.7136255711,0.7451
2050-06-17 04:00:00,4013,33209.996270955344,0.7465
2050-06-17 05:00:00,4014,34562.419427870336,0.7769
2050-06-17 06:00:00,4015,37351.79218900751,0.8396
2050-06-17 07:00:00,4016,40732.850081294986,0.9155999999999999
2050-06-17 08:00:00,4017,43277.54102127979,0.9728000000000001
2050-06-17 09:00:00,4018,44265.16582665849,0.995
2050-06-17 10:00:00,4019,44291.85838896603,0.9956
2050-06-17 11:00:00,4020,44314.102190888974,0.9961000000000001
2050-06-17 12:00:00,4021,44487.603845887934,1.0
2050-06-17 13:00:00,4022,44487.603845887934,1.0
2050-06-17 14:00:00,4023,43909.2649958914,0.9870000000000001
2050-06-17 15:00:00,4024,42819.318701667136,0.9625
2050-06-17 16:00:00,4025,41444.6517428292,0.9316
2050-06-17 17:00:00,4026,40096.6773462988,0.9013000000000001
2050-06-17 18:00:00,4027,39126.84758245844,0.8795000000000001
2050-06-17 19:00:00,4028,38681.971543999556,0.8694999999999999
2050-06-17 20:00:00,4029,38548.508732461894,0.8665
2050-06-17 21:00:00,4030,38286.031869771155,0.8606
2050-06-17 22:00:00,4031,37400.72855323799,0.8407000000000001
2050-06-17 23:00:00,4032,35487.7615878648,0.7976999999999999
2050-06-18 00:00:00,4033,22288.289526789857,0.501
2050-06-18 01:00:00,4034,22288.289526789857,0.501
2050-06-18 02:00:00,4035,20615.555622184467,0.4634
2050-06-18 03:00:00,4036,19796.983711420133,0.44500000000000006
2050-06-18 04:00:00,4037,19592.34073372905,0.44040000000000007
2050-06-18 05:00:00,4038,19739.149826420475,0.4437
2050-06-18 06:00:00,4039,19983.83164757286,0.44920000000000004
2050-06-18 07:00:00,4040,20152.884542187236,0.453
2050-06-18 08:00:00,4041,20210.718427186886,0.4543
2050-06-18 09:00:00,4042,20215.167187571482,0.4544000000000001
2050-06-18 10:00:00,4043,20224.064708340655,0.4546
2050-06-18 11:00:00,4044,20246.3085102636,0.4551
2050-06-18 12:00:00,4045,20255.206031032772,0.4552999999999999
2050-06-18 13:00:00,4046,20192.923385648537,0.4539000000000001
2050-06-18 14:00:00,4047,19992.72916834204,0.4494000000000001
2050-06-18 15:00:00,4048,19667.969660267056,0.4421
2050-06-18 16:00:00,4049,19338.761391807482,0.4346999999999999
2050-06-18 17:00:00,4050,19120.772132962637,0.42980000000000007
2050-06-18 18:00:00,4051,19009.553123347912,0.42729999999999996
2050-06-18 19:00:00,4052,18951.719238348258,0.42599999999999993
2050-06-18 20:00:00,4053,18965.06551950203,0.42630000000000007
2050-06-18 21:00:00,4054,19200.849819885232,0.4316
2050-06-18 22:00:00,4055,19881.510158727317,0.44689999999999996
2050-06-18 23:00:00,4056,21282.86967987279,0.47840000000000005
2050-06-19 00:00:00,4057,22288.289526789857,0.501
2050-06-19 01:00:00,4058,22288.289526789857,0.501
2050-06-19 02:00:00,4059,20615.555622184467,0.4634
2050-06-19 03:00:00,4060,19796.983711420133,0.44500000000000006
2050-06-19 04:00:00,4061,19592.34073372905,0.44040000000000007
2050-06-19 05:00:00,4062,19739.149826420475,0.4437
2050-06-19 06:00:00,4063,19983.83164757286,0.44920000000000004
2050-06-19 07:00:00,4064,20152.884542187236,0.453
2050-06-19 08:00:00,4065,20210.718427186886,0.4543
2050-06-19 09:00:00,4066,20215.167187571482,0.4544000000000001
2050-06-19 10:00:00,4067,20224.064708340655,0.4546
2050-06-19 11:00:00,4068,20246.3085102636,0.4551
2050-06-19 12:00:00,4069,20255.206031032772,0.4552999999999999
2050-06-19 13:00:00,4070,20192.923385648537,0.4539000000000001
2050-06-19 14:00:00,4071,19992.72916834204,0.4494000000000001
2050-06-19 15:00:00,4072,19667.969660267056,0.4421
2050-06-19 16:00:00,4073,19338.761391807482,0.4346999999999999
2050-06-19 17:00:00,4074,19120.772132962637,0.42980000000000007
2050-06-19 18:00:00,4075,19009.553123347912,0.42729999999999996
2050-06-19 19:00:00,4076,18951.719238348258,0.42599999999999993
2050-06-19 20:00:00,4077,18965.06551950203,0.42630000000000007
2050-06-19 21:00:00,4078,19200.849819885232,0.4316
2050-06-19 22:00:00,4079,19881.510158727317,0.44689999999999996
2050-06-19 23:00:00,4080,21282.86967987279,0.47840000000000005
2050-06-20 00:00:00,4081,33049.840897110145,0.7429
2050-06-20 01:00:00,4082,33049.840897110145,0.7429
2050-06-20 02:00:00,4083,33494.71693556903,0.7529
2050-06-20 03:00:00,4084,33147.7136255711,0.7451
2050-06-20 04:00:00,4085,33209.996270955344,0.7465
2050-06-20 05:00:00,4086,34562.419427870336,0.7769
2050-06-20 06:00:00,4087,37351.79218900751,0.8396
2050-06-20 07:00:00,4088,40732.850081294986,0.9155999999999999
2050-06-20 08:00:00,4089,43277.54102127979,0.9728000000000001
2050-06-20 09:00:00,4090,44265.16582665849,0.995
2050-06-20 10:00:00,4091,44291.85838896603,0.9956
2050-06-20 11:00:00,4092,44314.102190888974,0.9961000000000001
2050-06-20 12:00:00,4093,44487.603845887934,1.0
2050-06-20 13:00:00,4094,44487.603845887934,1.0
2050-06-20 14:00:00,4095,43909.2649958914,0.9870000000000001
2050-06-20 15:00:00,4096,42819.318701667136,0.9625
2050-06-20 16:00:00,4097,41444.6517428292,0.9316
2050-06-20 17:00:00,4098,40096.6773462988,0.9013000000000001
2050-06-20 18:00:00,4099,39126.84758245844,0.8795000000000001
2050-06-20 19:00:00,4100,38681.971543999556,0.8694999999999999
2050-06-20 20:00:00,4101,38548.508732461894,0.8665
2050-06-20 21:00:00,4102,38286.031869771155,0.8606
2050-06-20 22:00:00,4103,37400.72855323799,0.8407000000000001
2050-06-20 23:00:00,4104,35487.7615878648,0.7976999999999999
2050-06-21 00:00:00,4105,33049.840897110145,0.7429
2050-06-21 01:00:00,4106,33049.840897110145,0.7429
2050-06-21 02:00:00,4107,33494.71693556903,0.7529
2050-06-21 03:00:00,4108,33147.7136255711,0.7451
2050-06-21 04:00:00,4109,33209.996270955344,0.7465
2050-06-21 05:00:00,4110,34562.419427870336,0.7769
2050-06-21 06:00:00,4111,37351.79218900751,0.8396
2050-06-21 07:00:00,4112,40732.850081294986,0.9155999999999999
2050-06-21 08:00:00,4113,43277.54102127979,0.9728000000000001
2050-06-21 09:00:00,4114,44265.16582665849,0.995
2050-06-21 10:00:00,4115,44291.85838896603,0.9956
2050-06-21 11:00:00,4116,44314.102190888974,0.9961000000000001
2050-06-21 12:00:00,4117,44487.603845887934,1.0
2050-06-21 13:00:00,4118,44487.603845887934,1.0
2050-06-21 14:00:00,4119,43909.2649958914,0.9870000000000001
2050-06-21 15:00:00,4120,42819.318701667136,0.9625
2050-06-21 16:00:00,4121,41444.6517428292,0.9316
2050-06-21 17:00:00,4122,40096.6773462988,0.9013000000000001
2050-06-21 18:00:00,4123,39126.84758245844,0.8795000000000001
2050-06-21 19:00:00,4124,38681.971543999556,0.8694999999999999
2050-06-21 20:00:00,4125,38548.508732461894,0.8665
2050-06-21 21:00:00,4126,38286.031869771155,0.8606
2050-06-21 22:00:00,4127,37400.72855323799,0.8407000000000001
2050-06-21 23:00:00,4128,35487.7615878648,0.7976999999999999
2050-06-22 00:00:00,4129,33049.840897110145,0.7429
2050-06-22 01:00:00,4130,33049.840897110145,0.7429
2050-06-22 02:00:00,4131,33494.71693556903,0.7529
2050-06-22 03:00:00,4132,33147.7136255711,0.7451
2050-06-22 04:00:00,4133,33209.996270955344,0.7465
2050-06-22 05:00:00,4134,34562.419427870336,0.7769
2050-06-22 06:00:00,4135,37351.79218900751,0.8396
2050-06-22 07:00:00,4136,40732.850081294986,0.9155999999999999
2050-06-22 08:00:00,4137,43277.54102127979,0.9728000000000001
2050-06-22 09:00:00,4138,44265.16582665849,0.995
2050-06-22 10:00:00,4139,44291.85838896603,0.9956
2050-06-22 11:00:00,4140,44314.102190888974,0.9961000000000001
2050-06-22 12:00:00,4141,44487.603845887934,1.0
2050-06-22 13:00:00,4142,44487.603845887934,1.0
2050-06-22 14:00:00,4143,43909.2649958914,0.9870000000000001
2050-06-22 15:00:00,4144,42819.318701667136,0.9625
2050-06-22 16:00:00,4145,41444.6517428292,0.9316
2050-06-22 17:00:00,4146,40096.6773462988,0.9013000000000001
2050-06-22 18:00:00,4147,39126.84758245844,0.8795000000000001
2050-06-22 19:00:00,4148,38681.971543999556,0.8694999999999999
2050-06-22 20:00:00,4149,38548.508732461894,0.8665
2050-06-22 21:00:00,4150,38286.031869771155,0.8606
2050-06-22 22:00:00,4151,37400.72855323799,0.8407000000000001
2050-06-22 23:00:00,4152,35487.7615878648,0.7976999999999999
2050-06-23 00:00:00,4153,33049.840897110145,0.7429
2050-06-23 01:00:00,4154,33049.840897110145,0.7429
2050-06-23 02:00:00,4155,33494.71693556903,0.7529
2050-06-23 03:00:00,4156,33147.7136255711,0.7451
2050-06-23 04:00:00,4157,33209.996270955344,0.7465
2050-06-23 05:00:00,4158,34562.419427870336,0.7769
2050-06-23 06:00:00,4159,37351.79218900751,0.8396
2050-06-23 07:00:00,4160,40732.850081294986,0.9155999999999999
2050-06-23 08:00:00,4161,43277.54102127979,0.9728000000000001
2050-06-23 09:00:00,4162,44265.16582665849,0.995
2050-06-23 10:00:00,4163,44291.85838896603,0.9956
2050-06-23 11:00:00,4164,44314.102190888974,0.9961000000000001
2050-06-23 12:00:00,4165,44487.603845887934,1.0
2050-06-23 13:00:00,4166,44487.603845887934,1.0
2050-06-23 14:00:00,4167,43909.2649958914,0.9870000000000001
2050-06-23 15:00:00,4168,42819.318701667136,0.9625
2050-06-23 16:00:00,4169,41444.6517428292,0.9316
2050-06-23 17:00:00,4170,40096.6773462988,0.9013000000000001
2050-06-23 18:00:00,4171,39126.84758245844,0.8795000000000001
2050-06-23 19:00:00,4172,38681.971543999556,0.8694999999999999
2050-06-23 20:00:00,4173,38548.508732461894,0.8665
2050-06-23 21:00:00,4174,38286.031869771155,0.8606
2050-06-23 22:00:00,4175,37400.72855323799,0.8407000000000001
2050-06-23 23:00:00,4176,35487.7615878648,0.7976999999999999
2050-06-24 00:00:00,4177,33049.840897110145,0.7429
2050-06-24 01:00:00,4178,33049.840897110145,0.7429
2050-06-24 02:00:00,4179,33494.71693556903,0.7529
2050-06-24 03:00:00,4180,33147.7136255711,0.7451
2050-06-24 04:00:00,4181,33209.996270955344,0.7465
2050-06-24 05:00:00,4182,34562.419427870336,0.7769
2050-06-24 06:00:00,4183,37351.79218900751,0.8396
2050-06-24 07:00:00,4184,40732.850081294986,0.9155999999999999
2050-06-24 08:00:00,4185,43277.54102127979,0.9728000000000001
2050-06-24 09:00:00,4186,44265.16582665849,0.995
2050-06-24 10:00:00,4187,44291.85838896603,0.9956
2050-06-24 11:00:00,4188,44314.102190888974,0.9961000000000001
2050-06-24 12:00:00,4189,44487.603845887934,1.0
2050-06-24 13:00:00,4190,44487.603845887934,1.0
2050-06-24 14:00:00,4191,43909.2649958914,0.9870000000000001
2050-06-24 15:00:00,4192,42819.318701667136,0.9625
2050-06-24 16:00:00,4193,41444.6517428292,0.9316
2050-06-24 17:00:00,4194,40096.6773462988,0.9013000000000001
2050-06-24 18:00:00,4195,39126.84758245844,0.8795000000000001
2050-06-24 19:00:00,4196,38681.971543999556,0.8694999999999999
2050-06-24 20:00:00,4197,38548.508732461894,0.8665
2050-06-24 21:00:00,4198,38286.031869771155,0.8606
2050-06-24 22:00:00,4199,37400.72855323799,0.8407000000000001
2050-06-24 23:00:00,4200,35487.7615878648,0.7976999999999999
2050-06-25 00:00:00,4201,22288.289526789857,0.501
2050-06-25 01:00:00,4202,22288.289526789857,0.501
2050-06-25 02:00:00,4203,20615.555622184467,0.4634
2050-06-25 03:00:00,4204,19796.983711420133,0.44500000000000006
2050-06-25 04:00:00,4205,19592.34073372905,0.44040000000000007
2050-06-25 05:00:00,4206,19739.149826420475,0.4437
2050-06-25 06:00:00,4207,19983.83164757286,0.44920000000000004
2050-06-25 07:00:00,4208,20152.884542187236,0.453
2050-06-25 08:00:00,4209,20210.718427186886,0.4543
2050-06-25 09:00:00,4210,20215.167187571482,0.4544000000000001
2050-06-25 10:00:00,4211,20224.064708340655,0.4546
2050-06-25 11:00:00,4212,20246.3085102636,0.4551
2050-06-25 12:00:00,4213,20255.206031032772,0.4552999999999999
2050-06-25 13:00:00,4214,20192.923385648537,0.4539000000000001
2050-06-25 14:00:00,4215,19992.72916834204,0.4494000000000001
2050-06-25 15:00:00,4216,19667.969660267056,0.4421
2050-06-25 16:00:00,4217,19338.761391807482,0.4346999999999999
2050-06-25 17:00:00,4218,19120.772132962637,0.42980000000000007
2050-06-25 18:00:00,4219,19009.553123347912,0.42729999999999996
2050-06-25 19:00:00,4220,18951.719238348258,0.42599999999999993
2050-06-25 20:00:00,4221,18965.06551950203,0.42630000000000007
2050-06-25 21:00:00,4222,19200.849819885232,0.4316
2050-06-25 22:00:00,4223,19881.510158727317,0.44689999999999996
2050-06-25 23:00:00,4224,21282.86967987279,0.47840000000000005
2050-06-26 00:00:00,4225,22288.289526789857,0.501
2050-06-26 01:00:00,4226,22288.289526789857,0.501
2050-06-26 02:00:00,4227,20615.555622184467,0.4634
2050-06-26 03:00:00,4228,19796.983711420133,0.44500000000000006
2050-06-26 04:00:00,4229,19592.34073372905,0.44040000000000007
2050-06-26 05:00:00,4230,19739.149826420475,0.4437
2050-06-26 06:00:00,4231,19983.83164757286,0.44920000000000004
2050-06-26 07:00:00,4232,20152.884542187236,0.453
2050-06-26 08:00:00,4233,20210.718427186886,0.4543
2050-06-26 09:00:00,4234,20215.167187571482,0.4544000000000001
2050-06-26 10:00:00,4235,20224.064708340655,0.4546
2050-06-26 11:00:00,4236,20246.3085102636,0.4551
2050-06-26 12:00:00,4237,20255.206031032772,0.4552999999999999
2050-06-26 13:00:00,4238,20192.923385648537,0.4539000000000001
2050-06-26 14:00:00,4239,19992.72916834204,0.4494000000000001
2050-06-26 15:00:00,4240,19667.969660267056,0.4421
2050-06-26 16:00:00,4241,19338.761391807482,0.4346999999999999
2050-06-26 17:00:00,4242,19120.772132962637,0.42980000000000007
2050-06-26 18:00:00,4243,19009.553123347912,0.42729999999999996
2050-06-26 19:00:00,4244,18951.719238348258,0.42599999999999993
2050-06-26 20:00:00,4245,18965.06551950203,0.42630000000000007
2050-06-26 21:00:00,4246,19200.849819885232,0.4316
2050-06-26 22:00:00,4247,19881.510158727317,0.44689999999999996
2050-06-26 23:00:00,4248,21282.86967987279,0.47840000000000005
2050-06-27 00:00:00,4249,33049.840897110145,0.7429
2050-06-27 01:00:00,4250,33049.840897110145,0.7429
2050-06-27 02:00:00,4251,33494.71693556903,0.7529
2050-06-27 03:00:00,4252,33147.7136255711,0.7451
2050-06-27 04:00:00,4253,33209.996270955344,0.7465
2050-06-27 05:00:00,4254,34562.419427870336,0.7769
2050-06-27 06:00:00,4255,37351.79218900751,0.8396
2050-06-27 07:00:00,4256,40732.850081294986,0.9155999999999999
2050-06-27 08:00:00,4257,43277.54102127979,0.9728000000000001
2050-06-27 09:00:00,4258,44265.16582665849,0.995
2050-06-27 10:00:00,4259,44291.85838896603,0.9956
2050-06-27 11:00:00,4260,44314.102190888974,0.9961000000000001
2050-06-27 12:00:00,4261,44487.603845887934,1.0
2050-06-27 13:00:00,4262,44487.603845887934,1.0
2050-06-27 14:00:00,4263,43909.2649958914,0.9870000000000001
2050-06-27 15:00:00,4264,42819.318701667136,0.9625
2050-06-27 16:00:00,4265,41444.6517428292,0.9316
2050-06-27 17:00:00,4266,40096.6773462988,0.9013000000000001
2050-06-27 18:00:00,4267,39126.84758245844,0.8795000000000001
2050-06-27 19:00:00,4268,38681.971543999556,0.8694999999999999
2050-06-27 20:00:00,4269,38548.508732461894,0.8665
2050-06-27 21:00:00,4270,38286.031869771155,0.8606
2050-06-27 22:00:00,4271,37400.72855323799,0.8407000000000001
2050-06-27 23:00:00,4272,35487.7615878648,0.7976999999999999
2050-06-28 00:00:00,4273,33049.840897110145,0.7429
2050-06-28 01:00:00,4274,33049.840897110145,0.7429
2050-06-28 02:00:00,4275,33494.71693556903,0.7529
2050-06-28 03:00:00,4276,33147.7136255711,0.7451
2050-06-28 04:00:00,4277,33209.996270955344,0.7465
2050-06-28 05:00:00,4278,34562.419427870336,0.7769
2050-06-28 06:00:00,4279,37351.79218900751,0.8396
2050-06-28 07:00:00,4280,40732.850081294986,0.9155999999999999
2050-06-28 08:00:00,4281,43277.54102127979,0.9728000000000001
2050-06-28 09:00:00,4282,44265.16582665849,0.995
2050-06-28 10:00:00,4283,44291.85838896603,0.9956
2050-06-28 11:00:00,4284,44314.102190888974,0.9961000000000001
2050-06-28 12:00:00,4285,44487.603845887934,1.0
2050-06-28 13:00:00,4286,44487.603845887934,1.0
2050-06-28 14:00:00,4287,43909.2649958914,0.9870000000000001
2050-06-28 15:00:00,4288,42819.318701667136,0.9625
2050-06-28 16:00:00,4289,41444.6517428292,0.9316
2050-06-28 17:00:00,4290,40096.6773462988,0.9013000000000001
2050-06-28 18:00:00,4291,39126.84758245844,0.8795000000000001
2050-06-28 19:00:00,4292,38681.971543999556,0.8694999999999999
2050-06-28 20:00:00,4293,38548.508732461894,0.8665
2050-06-28 21:00:00,4294,38286.031869771155,0.8606
2050-06-28 22:00:00,4295,37400.72855323799,0.8407000000000001
2050-06-28 23:00:00,4296,35487.7615878648,0.7976999999999999
2050-06-29 00:00:00,4297,33049.840897110145,0.7429
2050-06-29 01:00:00,4298,33049.840897110145,0.7429
2050-06-29 02:00:00,4299,33494.71693556903,0.7529
2050-06-29 03:00:00,4300,33147.7136255711,0.7451
2050-06-29 04:00:00,4301,33209.996270955344,0.7465
2050-06-29 05:00:00,4302,34562.419427870336,0.7769
2050-06-29 06:00:00,4303,37351.79218900751,0.8396
2050-06-29 07:00:00,4304,40732.850081294986,0.9155999999999999
2050-06-29 08:00:00,4305,43277.54102127979,0.9728000000000001
2050-06-29 09:00:00,4306,44265.16582665849,0.995
2050-06-29 10:00:00,4307,44291.85838896603,0.9956
2050-06-29 11:00:00,4308,44314.102190888974,0.9961000000000001
2050-06-29 12:00:00,4309,44487.603845887934,1.0
2050-06-29 13:00:00,4310,44487.603845887934,1.0
2050-06-29 14:00:00,4311,43909.2649958914,0.9870000000000001
2050-06-29 15:00:00,4312,42819.318701667136,0.9625
2050-06-29 16:00:00,4313,41444.6517428292,0.9316
2050-06-29 17:00:00,4314,40096.6773462988,0.9013000000000001
2050-06-29 18:00:00,4315,39126.84758245844,0.8795000000000001
2050-06-29 19:00:00,4316,38681.971543999556,0.8694999999999999
2050-06-29 20:00:00,4317,38548.508732461894,0.8665
2050-06-29 21:00:00,4318,38286.031869771155,0.8606
2050-06-29 22:00:00,4319,37400.72855323799,0.8407000000000001
2050-06-29 23:00:00,4320,35487.7615878648,0.7976999999999999
2050-06-30 00:00:00,4321,33049.840897110145,0.7429
2050-06-30 01:00:00,4322,33049.840897110145,0.7429
2050-06-30 02:00:00,4323,33494.71693556903,0.7529
2050-06-30 03:00:00,4324,33147.7136255711,0.7451
2050-06-30 04:00:00,4325,33209.996270955344,0.7465
2050-06-30 05:00:00,4326,34562.419427870336,0.7769
2050-06-30 06:00:00,4327,37351.79218900751,0.8396
2050-06-30 07:00:00,4328,40732.850081294986,0.9155999999999999
2050-06-30 08:00:00,4329,43277.54102127979,0.9728000000000001
2050-06-30 09:00:00,4330,44265.16582665849,0.995
2050-06-30 10:00:00,4331,44291.85838896603,0.9956
2050-06-30 11:00:00,4332,44314.102190888974,0.9961000000000001
2050-06-30 12:00:00,4333,44487.603845887934,1.0
2050-06-30 13:00:00,4334,44487.603845887934,1.0
2050-06-30 14:00:00,4335,43909.2649958914,0.9870000000000001
2050-06-30 15:00:00,4336,42819.318701667136,0.9625
2050-06-30 16:00:00,4337,41444.6517428292,0.9316
2050-06-30 17:00:00,4338,40096.6773462988,0.9013000000000001
2050-06-30 18:00:00,4339,39126.84758245844,0.8795000000000001
2050-06-30 19:00:00,4340,38681.971543999556,0.8694999999999999
2050-06-30 20:00:00,4341,38548.508732461894,0.8665
2050-06-30 21:00:00,4342,38286.031869771155,0.8606
2050-06-30 22:00:00,4343,37400.72855323799,0.8407000000000001
2050-06-30 23:00:00,4344,35487.7615878648,0.7976999999999999
2050-07-01 00:00:00,4345,33049.840897110145,0.7429
2050-07-01 01:00:00,4346,33049.840897110145,0.7429
2050-07-01 02:00:00,4347,33494.71693556903,0.7529
2050-07-01 03:00:00,4348,33147.7136255711,0.7451
2050-07-01 04:00:00,4349,33209.996270955344,0.7465
2050-07-01 05:00:00,4350,34562.419427870336,0.7769
2050-07-01 06:00:00,4351,37351.79218900751,0.8396
2050-07-01 07:00:00,4352,40732.850081294986,0.9155999999999999
2050-07-01 08:00:00,4353,43277.54102127979,0.9728000000000001
2050-07-01 09:00:00,4354,44265.16582665849,0.995
2050-07-01 10:00:00,4355,44291.85838896603,0.9956
2050-07-01 11:00:00,4356,44314.102190888974,0.9961000000000001
2050-07-01 12:00:00,4357,44487.603845887934,1.0
2050-07-01 13:00:00,4358,44487.603845887934,1.0
2050-07-01 14:00:00,4359,43909.2649958914,0.9870000000000001
2050-07-01 15:00:00,4360,42819.318701667136,0.9625
2050-07-01 16:00:00,4361,41444.6517428292,0.9316
2050-07-01 17:00:00,4362,40096.6773462988,0.9013000000000001
2050-07-01 18:00:00,4363,39126.84758245844,0.8795000000000001
2050-07-01 19:00:00,4364,38681.971543999556,0.8694999999999999
2050-07-01 20:00:00,4365,38548.508732461894,0.8665
2050-07-01 21:00:00,4366,38286.031869771155,0.8606
2050-07-01 22:00:00,4367,37400.72855323799,0.8407000000000001
2050-07-01 23:00:00,4368,35487.7615878648,0.7976999999999999
2050-07-02 00:00:00,4369,22288.289526789857,0.501
2050-07-02 01:00:00,4370,22288.289526789857,0.501
2050-07-02 02:00:00,4371,20615.555622184467,0.4634
2050-07-02 03:00:00,4372,19796.983711420133,0.44500000000000006
2050-07-02 04:00:00,4373,19592.34073372905,0.44040000000000007
2050-07-02 05:00:00,4374,19739.149826420475,0.4437
2050-07-02 06:00:00,4375,19983.83164757286,0.44920000000000004
2050-07-02 07:00:00,4376,20152.884542187236,0.453
2050-07-02 08:00:00,4377,20210.718427186886,0.4543
2050-07-02 09:00:00,4378,20215.167187571482,0.4544000000000001
2050-07-02 10:00:00,4379,20224.064708340655,0.4546
2050-07-02 11:00:00,4380,20246.3085102636,0.4551
2050-07-02 12:00:00,4381,20255.206031032772,0.4552999999999999
2050-07-02 13:00:00,4382,20192.923385648537,0.4539000000000001
2050-07-02 14:00:00,4383,19992.72916834204,0.4494000000000001
2050-07-02 15:00:00,4384,19667.969660267056,0.4421
2050-07-02 16:00:00,4385,19338.761391807482,0.4346999999999999
2050-07-02 17:00:00,4386,19120.772132962637,0.42980000000000007
2050-07-02 18:00:00,4387,19009.553123347912,0.42729999999999996
2050-07-02 19:00:00,4388,18951.719238348258,0.42599999999999993
2050-07-02 20:00:00,4389,18965.06551950203,0.42630000000000007
2050-07-02 21:00:00,4390,19200.849819885232,0.4316
2050-07-02 22:00:00,4391,19881.510158727317,0.44689999999999996
2050-07-02 23:00:00,4392,21282.86967987279,0.47840000000000005
2050-07-03 00:00:00,4393,22288.289526789857,0.501
2050-07-03 01:00:00,4394,22288.289526789857,0.501
2050-07-03 02:00:00,4395,20615.555622184467,0.4634
2050-07-03 03:00:00,4396,19796.983711420133,0.44500000000000006
2050-07-03 04:00:00,4397,19592.34073372905,0.44040000000000007
2050-07-03 05:00:00,4398,19739.149826420475,0.4437
2050-07-03 06:00:00,4399,19983.83164757286,0.44920000000000004
2050-07-03 07:00:00,4400,20152.884542187236,0.453
2050-07-03 08:00:00,4401,20210.718427186886,0.4543
2050-07-03 09:00:00,4402,20215.167187571482,0.4544000000000001
2050-07-03 10:00:00,4403,20224.064708340655,0.4546
2050-07-03 11:00:00,4404,20246.3085102636,0.4551
2050-07-03 12:00:00,4405,20255.206031032772,0.4552999999999999
2050-07-03 13:00:00,4406,20192.923385648537,0.4539000000000001
2050-07-03 14:00:00,4407,19992.72916834204,0.4494000000000001
2050-07-03 15:00:00,4408,19667.969660267056,0.4421
2050-07-03 16:00:00,4409,19338.761391807482,0.4346999999999999
2050-07-03 17:00:00,4410,19120.772132962637,0.42980000000000007
2050-07-03 18:00:00,4411,19009.553123347912,0.42729999999999996
2050-07-03 19:00:00,4412,18951.719238348258,0.42599999999999993
2050-07-03 20:00:00,4413,18965.06551950203,0.42630000000000007
2050-07-03 21:00:00,4414,19200.849819885232,0.4316
2050-07-03 22:00:00,4415,19881.510158727317,0.44689999999999996
2050-07-03 23:00:00,4416,21282.86967987279,0.47840000000000005
2050-07-04 00:00:00,4417,33049.840897110145,0.7429
2050-07-04 01:00:00,4418,33049.840897110145,0.7429
2050-07-04 02:00:00,4419,33494.71693556903,0.7529
2050-07-04 03:00:00,4420,33147.7136255711,0.7451
2050-07-04 04:00:00,4421,33209.996270955344,0.7465
2050-07-04 05:00:00,4422,34562.419427870336,0.7769
2050-07-04 06:00:00,4423,37351.79218900751,0.8396
2050-07-04 07:00:00,4424,40732.850081294986,0.9155999999999999
2050-07-04 08:00:00,4425,43277.54102127979,0.9728000000000001
2050-07-04 09:00:00,4426,44265.16582665849,0.995
2050-07-04 10:00:00,4427,44291.85838896603,0.9956
2050-07-04 11:00:00,4428,44314.102190888974,0.9961000000000001
2050-07-04 12:00:00,4429,44487.603845887934,1.0
2050-07-04 13:00:00,4430,44487.603845887934,1.0
2050-07-04 14:00:00,4431,43909.2649958914,0.9870000000000001
2050-07-04 15:00:00,4432,42819.318701667136,0.9625
2050-07-04 16:00:00,4433,41444.6517428292,0.9316
2050-07-04 17:00:00,4434,40096.6773462988,0.9013000000000001
2050-07-04 18:00:00,4435,39126.84758245844,0.8795000000000001
2050-07-04 19:00:00,4436,38681.971543999556,0.8694999999999999
2050-07-04 20:00:00,4437,38548.508732461894,0.8665
2050-07-04 21:00:00,4438,38286.031869771155,0.8606
2050-07-04 22:00:00,4439,37400.72855323799,0.8407000000000001
2050-07-04 23:00:00,4440,35487.7615878648,0.7976999999999999
2050-07-05 00:00:00,4441,33049.840897110145,0.7429
2050-07-05 01:00:00,4442,33049.840897110145,0.7429
2050-07-05 02:00:00,4443,33494.71693556903,0.7529
2050-07-05 03:00:00,4444,33147.7136255711,0.7451
2050-07-05 04:00:00,4445,33209.996270955344,0.7465
2050-07-05 05:00:00,4446,34562.419427870336,0.7769
2050-07-05 06:00:00,4447,37351.79218900751,0.8396
2050-07-05 07:00:00,4448,40732.850081294986,0.9155999999999999
2050-07-05 08:00:00,4449,43277.54102127979,0.9728000000000001
2050-07-05 09:00:00,4450,44265.16582665849,0.995
2050-07-05 10:00:00,4451,44291.85838896603,0.9956
2050-07-05 11:00:00,4452,44314.102190888974,0.9961000000000001
2050-07-05 12:00:00,4453,44487.603845887934,1.0
2050-07-05 13:00:00,4454,44487.603845887934,1.0
2050-07-05 14:00:00,4455,43909.2649958914,0.9870000000000001
2050-07-05 15:00:00,4456,42819.318701667136,0.9625
2050-07-05 16:00:00,4457,41444.6517428292,0.9316
2050-07-05 17:00:00,4458,40096.6773462988,0.9013000000000001
2050-07-05 18:00:00,4459,39126.84758245844,0.8795000000000001
2050-07-05 19:00:00,4460,38681.971543999556,0.8694999999999999
2050-07-05 20:00:00,4461,38548.508732461894,0.8665
2050-07-05 21:00:00,4462,38286.031869771155,0.8606
2050-07-05 22:00:00,4463,37400.72855323799,0.8407000000000001
2050-07-05 23:00:00,4464,35487.7615878648,0.7976999999999999
2050-07-06 00:00:00,4465,33049.840897110145,0.7429
2050-07-06 01:00:00,4466,33049.840897110145,0.7429
2050-07-06 02:00:00,4467,33494.71693556903,0.7529
2050-07-06 03:00:00,4468,33147.7136255711,0.7451
2050-07-06 04:00:00,4469,33209.996270955344,0.7465
2050-07-06 05:00:00,4470,34562.419427870336,0.7769
2050-07-06 06:00:00,4471,37351.79218900751,0.8396
2050-07-06 07:00:00,4472,40732.850081294986,0.9155999999999999
2050-07-06 08:00:00,4473,43277.54102127979,0.9728000000000001
2050-07-06 09:00:00,4474,44265.16582665849,0.995
2050-07-06 10:00:00,4475,44291.85838896603,0.9956
2050-07-06 11:00:00,4476,44314.102190888974,0.9961000000000001
2050-07-06 12:00:00,4477,44487.603845887934,1.0
2050-07-06 13:00:00,4478,44487.603845887934,1.0
2050-07-06 14:00:00,4479,43909.2649958914,0.9870000000000001
2050-07-06 15:00:00,4480,42819.318701667136,0.9625
2050-07-06 16:00:00,4481,41444.6517428292,0.9316
2050-07-06 17:00:00,4482,40096.6773462988,0.9013000000000001
2050-07-06 18:00:00,4483,39126.84758245844,0.8795000000000001
2050-07-06 19:00:00,4484,38681.971543999556,0.8694999999999999
2050-07-06 20:00:00,4485,38548.508732461894,0.8665
2050-07-06 21:00:00,4486,38286.031869771155,0.8606
2050-07-06 22:00:00,4487,37400.72855323799,0.8407000000000001
2050-07-06 23:00:00,4488,35487.7615878648,0.7976999999999999
2050-07-07 00:00:00,4489,33049.840897110145,0.7429
2050-07-07 01:00:00,4490,33049.840897110145,0.7429
2050-07-07 02:00:00,4491,33494.71693556903,0.7529
2050-07-07 03:00:00,4492,33147.7136255711,0.7451
2050-07-07 04:00:00,4493,33209.996270955344,0.7465
2050-07-07 05:00:00,4494,34562.419427870336,0.7769
2050-07-07 06:00:00,4495,37351.79218900751,0.8396
2050-07-07 07:00:00,4496,40732.850081294986,0.9155999999999999
2050-07-07 08:00:00,4497,43277.54102127979,0.9728000000000001
2050-07-07 09:00:00,4498,44265.16582665849,0.995
2050-07-07 10:00:00,4499,44291.85838896603,0.9956
2050-07-07 11:00:00,4500,44314.102190888974,0.9961000000000001
2050-07-07 12:00:00,4501,44487.603845887934,1.0
2050-07-07 13:00:00,4502,44487.603845887934,1.0
2050-07-07 14:00:00,4503,43909.2649958914,0.9870000000000001
2050-07-07 15:00:00,4504,42819.318701667136,0.9625
2050-07-07 16:00:00,4505,41444.6517428292,0.9316
2050-07-07 17:00:00,4506,40096.6773462988,0.9013000000000001
2050-07-07 18:00:00,4507,39126.84758245844,0.8795000000000001
2050-07-07 19:00:00,4508,38681.971543999556,0.8694999999999999
2050-07-07 20:00:00,4509,38548.508732461894,0.8665
2050-07-07 21:00:00,4510,38286.031869771155,0.8606
2050-07-07 22:00:00,4511,37400.72855323799,0.8407000000000001
2050-07-07 23:00:00,4512,35487.7615878648,0.7976999999999999
2050-07-08 00:00:00,4513,33049.840897110145,0.7429
2050-07-08 01:00:00,4514,33049.840897110145,0.7429
2050-07-08 02:00:00,4515,33494.71693556903,0.7529
2050-07-08 03:00:00,4516,33147.7136255711,0.7451
2050-07-08 04:00:00,4517,33209.996270955344,0.7465
2050-07-08 05:00:00,4518,34562.419427870336,0.7769
2050-07-08 06:00:00,4519,37351.79218900751,0.8396
2050-07-08 07:00:00,4520,40732.850081294986,0.9155999999999999
2050-07-08 08:00:00,4521,43277.54102127979,0.9728000000000001
2050-07-08 09:00:00,4522,44265.16582665849,0.995
2050-07-08 10:00:00,4523,44291.85838896603,0.9956
2050-07-08 11:00:00,4524,44314.102190888974,0.9961000000000001
2050-07-08 12:00:00,4525,44487.603845887934,1.0
2050-07-08 13:00:00,4526,44487.603845887934,1.0
2050-07-08 14:00:00,4527,43909.2649958914,0.9870000000000001
2050-07-08 15:00:00,4528,42819.318701667136,0.9625
2050-07-08 16:00:00,4529,41444.6517428292,0.9316
2050-07-08 17:00:00,4530,40096.6773462988,0.9013000000000001
2050-07-08 18:00:00,4531,39126.84758245844,0.8795000000000001
2050-07-08 19:00:00,4532,38681.971543999556,0.8694999999999999
2050-07-08 20:00:00,4533,38548.508732461894,0.8665
2050-07-08 21:00:00,4534,38286.031869771155,0.8606
2050-07-08 22:00:00,4535,37400.72855323799,0.8407000000000001
2050-07-08 23:00:00,4536,35487.7615878648,0.7976999999999999
2050-07-09 00:00:00,4537,22288.289526789857,0.501
2050-07-09 01:00:00,4538,22288.289526789857,0.501
2050-07-09 02:00:00,4539,20615.555622184467,0.4634
2050-07-09 03:00:00,4540,19796.983711420133,0.44500000000000006
2050-07-09 04:00:00,4541,19592.34073372905,0.44040000000000007
2050-07-09 05:00:00,4542,19739.149826420475,0.4437
2050-07-09 06:00:00,4543,19983.83164757286,0.44920000000000004
2050-07-09 07:00:00,4544,20152.884542187236,0.453
2050-07-09 08:00:00,4545,20210.718427186886,0.4543
2050-07-09 09:00:00,4546,20215.167187571482,0.4544000000000001
2050-07-09 10:00:00,4547,20224.064708340655,0.4546
2050-07-09 11:00:00,4548,20246.3085102636,0.4551
2050-07-09 12:00:00,4549,20255.206031032772,0.4552999999999999
2050-07-09 13:00:00,4550,20192.923385648537,0.4539000000000001
2050-07-09 14:00:00,4551,19992.72916834204,0.4494000000000001
2050-07-09 15:00:00,4552,19667.969660267056,0.4421
2050-07-09 16:00:00,4553,19338.761391807482,0.4346999999999999
2050-07-09 17:00:00,4554,19120.772132962637,0.42980000000000007
2050-07-09 18:00:00,4555,19009.553123347912,0.42729999999999996
2050-07-09 19:00:00,4556,18951.719238348258,0.42599999999999993
2050-07-09 20:00:00,4557,18965.06551950203,0.42630000000000007
2050-07-09 21:00:00,4558,19200.849819885232,0.4316
2050-07-09 22:00:00,4559,19881.510158727317,0.44689999999999996
2050-07-09 23:00:00,4560,21282.86967987279,0.47840000000000005
2050-07-10 00:00:00,4561,22288.289526789857,0.501
2050-07-10 01:00:00,4562,22288.289526789857,0.501
2050-07-10 02:00:00,4563,20615.555622184467,0.4634
2050-07-10 03:00:00,4564,19796.983711420133,0.44500000000000006
2050-07-10 04:00:00,4565,19592.34073372905,0.44040000000000007
2050-07-10 05:00:00,4566,19739.149826420475,0.4437
2050-07-10 06:00:00,4567,19983.83164757286,0.44920000000000004
2050-07-10 07:00:00,4568,20152.884542187236,0.453
2050-07-10 08:00:00,4569,20210.718427186886,0.4543
2050-07-10 09:00:00,4570,20215.167187571482,0.4544000000000001
2050-07-10 10:00:00,4571,20224.064708340655,0.4546
2050-07-10 11:00:00,4572,20246.3085102636,0.4551
2050-07-10 12:00:00,4573,20255.206031032772,0.4552999999999999
2050-07-10 13:00:00,4574,20192.923385648537,0.4539000000000001
2050-07-10 14:00:00,4575,19992.72916834204,0.4494000000000001
2050-07-10 15:00:00,4576,19667.969660267056,0.4421
2050-07-10 16:00:00,4577,19338.761391807482,0.4346999999999999
2050-07-10 17:00:00,4578,19120.772132962637,0.42980000000000007
2050-07-10 18:00:00,4579,19009.553123347912,0.42729999999999996
2050-07-10 19:00:00,4580,18951.719238348258,0.42599999999999993
2050-07-10 20:00:00,4581,18965.06551950203,0.42630000000000007
2050-07-10 21:00:00,4582,19200.849819885232,0.4316
2050-07-10 22:00:00,4583,19881.510158727317,0.44689999999999996
2050-07-10 23:00:00,4584,21282.86967987279,0.47840000000000005
2050-07-11 00:00:00,4585,33049.840897110145,0.7429
2050-07-11 01:00:00,4586,33049.840897110145,0.7429
2050-07-11 02:00:00,4587,33494.71693556903,0.7529
2050-07-11 03:00:00,4588,33147.7136255711,0.7451
2050-07-11 04:00:00,4589,33209.996270955344,0.7465
2050-07-11 05:00:00,4590,34562.419427870336,0.7769
2050-07-11 06:00:00,4591,37351.79218900751,0.8396
2050-07-11 07:00:00,4592,40732.850081294986,0.9155999999999999
2050-07-11 08:00:00,4593,43277.54102127979,0.9728000000000001
2050-07-11 09:00:00,4594,44265.16582665849,0.995
2050-07-11 10:00:00,4595,44291.85838896603,0.9956
2050-07-11 11:00:00,4596,44314.102190888974,0.9961000000000001
2050-07-11 12:00:00,4597,44487.603845887934,1.0
2050-07-11 13:00:00,4598,44487.603845887934,1.0
2050-07-11 14:00:00,4599,43909.2649958914,0.9870000000000001
2050-07-11 15:00:00,4600,42819.318701667136,0.9625
2050-07-11 16:00:00,4601,41444.6517428292,0.9316
2050-07-11 17:00:00,4602,40096.6773462988,0.9013000000000001
2050-07-11 18:00:00,4603,39126.84758245844,0.8795000000000001
2050-07-11 19:00:00,4604,38681.971543999556,0.8694999999999999
2050-07-11 20:00:00,4605,38548.508732461894,0.8665
2050-07-11 21:00:00,4606,38286.031869771155,0.8606
2050-07-11 22:00:00,4607,37400.72855323799,0.8407000000000001
2050-07-11 23:00:00,4608,35487.7615878648,0.7976999999999999
2050-07-12 00:00:00,4609,33049.840897110145,0.7429
2050-07-12 01:00:00,4610,33049.840897110145,0.7429
2050-07-12 02:00:00,4611,33494.71693556903,0.7529
2050-07-12 03:00:00,4612,33147.7136255711,0.7451
2050-07-12 04:00:00,4613,33209.996270955344,0.7465
2050-07-12 05:00:00,4614,34562.419427870336,0.7769
2050-07-12 06:00:00,4615,37351.79218900751,0.8396
2050-07-12 07:00:00,4616,40732.850081294986,0.9155999999999999
2050-07-12 08:00:00,4617,43277.54102127979,0.9728000000000001
2050-07-12 09:00:00,4618,44265.16582665849,0.995
2050-07-12 10:00:00,4619,44291.85838896603,0.9956
2050-07-12 11:00:00,4620,44314.102190888974,0.9961000000000001
2050-07-12 12:00:00,4621,44487.603845887934,1.0
2050-07-12 13:00:00,4622,44487.603845887934,1.0
2050-07-12 14:00:00,4623,43909.2649958914,0.9870000000000001
2050-07-12 15:00:00,4624,42819.318701667136,0.9625
2050-07-12 16:00:00,4625,41444.6517428292,0.9316
2050-07-12 17:00:00,4626,40096.6773462988,0.9013000000000001
2050-07-12 18:00:00,4627,39126.84758245844,0.8795000000000001
2050-07-12 19:00:00,4628,38681.971543999556,0.8694999999999999
2050-07-12 20:00:00,4629,38548.508732461894,0.8665
2050-07-12 21:00:00,4630,38286.031869771155,0.8606
2050-07-12 22:00:00,4631,37400.72855323799,0.8407000000000001
2050-07-12 23:00:00,4632,35487.7615878648,0.7976999999999999
2050-07-13 00:00:00,4633,33049.840897110145,0.7429
2050-07-13 01:00:00,4634,33049.840897110145,0.7429
2050-07-13 02:00:00,4635,33494.71693556903,0.7529
2050-07-13 03:00:00,4636,33147.7136255711,0.7451
2050-07-13 04:00:00,4637,33209.996270955344,0.7465
2050-07-13 05:00:00,4638,34562.419427870336,0.7769
2050-07-13 06:00:00,4639,37351.79218900751,0.8396
2050-07-13 07:00:00,4640,40732.850081294986,0.9155999999999999
2050-07-13 08:00:00,4641,43277.54102127979,0.9728000000000001
2050-07-13 09:00:00,4642,44265.16582665849,0.995
2050-07-13 10:00:00,4643,44291.85838896603,0.9956
2050-07-13 11:00:00,4644,44314.102190888974,0.9961000000000001
2050-07-13 12:00:00,4645,44487.603845887934,1.0
2050-07-13 13:00:00,4646,44487.603845887934,1.0
2050-07-13 14:00:00,4647,43909.2649958914,0.9870000000000001
2050-07-13 15:00:00,4648,42819.318701667136,0.9625
2050-07-13 16:00:00,4649,41444.6517428292,0.9316
2050-07-13 17:00:00,4650,40096.6773462988,0.9013000000000001
2050-07-13 18:00:00,4651,39126.84758245844,0.8795000000000001
2050-07-13 19:00:00,4652,38681.971543999556,0.8694999999999999
2050-07-13 20:00:00,4653,38548.508732461894,0.8665
2050-07-13 21:00:00,4654,38286.031869771155,0.8606
2050-07-13 22:00:00,4655,37400.72855323799,0.8407000000000001
2050-07-13 23:00:00,4656,35487.7615878648,0.7976999999999999
2050-07-14 00:00:00,4657,33049.840897110145,0.7429
2050-07-14 01:00:00,4658,33049.840897110145,0.7429
2050-07-14 02:00:00,4659,33494.71693556903,0.7529
2050-07-14 03:00:00,4660,33147.7136255711,0.7451
2050-07-14 04:00:00,4661,33209.996270955344,0.7465
2050-07-14 05:00:00,4662,34562.419427870336,0.7769
2050-07-14 06:00:00,4663,37351.79218900751,0.8396
2050-07-14 07:00:00,4664,40732.850081294986,0.9155999999999999
2050-07-14 08:00:00,4665,43277.54102127979,0.9728000000000001
2050-07-14 09:00:00,4666,44265.16582665849,0.995
2050-07-14 10:00:00,4667,44291.85838896603,0.9956
2050-07-14 11:00:00,4668,44314.102190888974,0.9961000000000001
2050-07-14 12:00:00,4669,44487.603845887934,1.0
2050-07-14 13:00:00,4670,44487.603845887934,1.0
2050-07-14 14:00:00,4671,43909.2649958914,0.9870000000000001
2050-07-14 15:00:00,4672,42819.318701667136,0.9625
2050-07-14 16:00:00,4673,41444.6517428292,0.9316
2050-07-14 17:00:00,4674,40096.6773462988,0.9013000000000001
2050-07-14 18:00:00,4675,39126.84758245844,0.8795000000000001
2050-07-14 19:00:00,4676,38681.971543999556,0.8694999999999999
2050-07-14 20:00:00,4677,38548.508732461894,0.8665
2050-07-14 21:00:00,4678,38286.031869771155,0.8606
2050-07-14 22:00:00,4679,37400.72855323799,0.8407000000000001
2050-07-14 23:00:00,4680,35487.7615878648,0.7976999999999999
2050-07-15 00:00:00,4681,33049.840897110145,0.7429
2050-07-15 01:00:00,4682,33049.840897110145,0.7429
2050-07-15 02:00:00,4683,33494.71693556903,0.7529
2050-07-15 03:00:00,4684,33147.7136255711,0.7451
2050-07-15 04:00:00,4685,33209.996270955344,0.7465
2050-07-15 05:00:00,4686,34562.419427870336,0.7769
2050-07-15 06:00:00,4687,37351.79218900751,0.8396
2050-07-15 07:00:00,4688,40732.850081294986,0.9155999999999999
2050-07-15 08:00:00,4689,43277.54102127979,0.9728000000000001
2050-07-15 09:00:00,4690,44265.16582665849,0.995
2050-07-15 10:00:00,4691,44291.85838896603,0.9956
2050-07-15 11:00:00,4692,44314.102190888974,0.9961000000000001
2050-07-15 12:00:00,4693,44487.603845887934,1.0
2050-07-15 13:00:00,4694,44487.603845887934,1.0
2050-07-15 14:00:00,4695,43909.2649958914,0.9870000000000001
2050-07-15 15:00:00,4696,42819.318701667136,0.9625
2050-07-15 16:00:00,4697,41444.6517428292,0.9316
2050-07-15 17:00:00,4698,40096.6773462988,0.9013000000000001
2050-07-15 18:00:00,4699,39126.84758245844,0.8795000000000001
2050-07-15 19:00:00,4700,38681.971543999556,0.8694999999999999
2050-07-15 20:00:00,4701,38548.508732461894,0.8665
2050-07-15 21:00:00,4702,38286.031869771155,0.8606
2050-07-15 22:00:00,4703,37400.72855323799,0.8407000000000001
2050-07-15 23:00:00,4704,35487.7615878648,0.7976999999999999
2050-07-16 00:00:00,4705,22288.289526789857,0.501
2050-07-16 01:00:00,4706,22288.289526789857,0.501
2050-07-16 02:00:00,4707,20615.555622184467,0.4634
2050-07-16 03:00:00,4708,19796.983711420133,0.44500000000000006
2050-07-16 04:00:00,4709,19592.34073372905,0.44040000000000007
2050-07-16 05:00:00,4710,19739.149826420475,0.4437
2050-07-16 06:00:00,4711,19983.83164757286,0.44920000000000004
2050-07-16 07:00:00,4712,20152.884542187236,0.453
2050-07-16 08:00:00,4713,20210.718427186886,0.4543
2050-07-16 09:00:00,4714,20215.167187571482,0.4544000000000001
2050-07-16 10:00:00,4715,20224.064708340655,0.4546
2050-07-16 11:00:00,4716,20246.3085102636,0.4551
2050-07-16 12:00:00,4717,20255.206031032772,0.4552999999999999
2050-07-16 13:00:00,4718,20192.923385648537,0.4539000000000001
2050-07-16 14:00:00,4719,19992.72916834204,0.4494000000000001
2050-07-16 15:00:00,4720,19667.969660267056,0.4421
2050-07-16 16:00:00,4721,19338.761391807482,0.4346999999999999
2050-07-16 17:00:00,4722,19120.772132962637,0.42980000000000007
2050-07-16 18:00:00,4723,19009.553123347912,0.42729999999999996
2050-07-16 19:00:00,4724,18951.719238348258,0.42599999999999993
2050-07-16 20:00:00,4725,18965.06551950203,0.42630000000000007
2050-07-16 21:00:00,4726,19200.849819885232,0.4316
2050-07-16 22:00:00,4727,19881.510158727317,0.44689999999999996
2050-07-16 23:00:00,4728,21282.86967987279,0.47840000000000005
2050-07-17 00:00:00,4729,22288.289526789857,0.501
2050-07-17 01:00:00,4730,22288.289526789857,0.501
2050-07-17 02:00:00,4731,20615.555622184467,0.4634
2050-07-17 03:00:00,4732,19796.983711420133,0.44500000000000006
2050-07-17 04:00:00,4733,19592.34073372905,0.44040000000000007
2050-07-17 05:00:00,4734,19739.149826420475,0.4437
2050-07-17 06:00:00,4735,19983.83164757286,0.44920000000000004
2050-07-17 07:00:00,4736,20152.884542187236,0.453
2050-07-17 08:00:00,4737,20210.718427186886,0.4543
2050-07-17 09:00:00,4738,20215.167187571482,0.4544000000000001
2050-07-17 10:00:00,4739,20224.064708340655,0.4546
2050-07-17 11:00:00,4740,20246.3085102636,0.4551
2050-07-17 12:00:00,4741,20255.206031032772,0.4552999999999999
2050-07-17 13:00:00,4742,20192.923385648537,0.4539000000000001
2050-07-17 14:00:00,4743,19992.72916834204,0.4494000000000001
2050-07-17 15:00:00,4744,19667.969660267056,0.4421
2050-07-17 16:00:00,4745,19338.761391807482,0.4346999999999999
2050-07-17 17:00:00,4746,19120.772132962637,0.42980000000000007
2050-07-17 18:00:00,4747,19009.553123347912,0.42729999999999996
2050-07-17 19:00:00,4748,18951.719238348258,0.42599999999999993
2050-07-17 20:00:00,4749,18965.06551950203,0.42630000000000007
2050-07-17 21:00:00,4750,19200.849819885232,0.4316
2050-07-17 22:00:00,4751,19881.510158727317,0.44689999999999996
2050-07-17 23:00:00,4752,21282.86967987279,0.47840000000000005
2050-07-18 00:00:00,4753,33049.840897110145,0.7429
2050-07-18 01:00:00,4754,33049.840897110145,0.7429
2050-07-18 02:00:00,4755,33494.71693556903,0.7529
2050-07-18 03:00:00,4756,33147.7136255711,0.7451
2050-07-18 04:00:00,4757,33209.996270955344,0.7465
2050-07-18 05:00:00,4758,34562.419427870336,0.7769
2050-07-18 06:00:00,4759,37351.79218900751,0.8396
2050-07-18 07:00:00,4760,40732.850081294986,0.9155999999999999
2050-07-18 08:00:00,4761,43277.54102127979,0.9728000000000001
2050-07-18 09:00:00,4762,44265.16582665849,0.995
2050-07-18 10:00:00,4763,44291.85838896603,0.9956
2050-07-18 11:00:00,4764,44314.102190888974,0.9961000000000001
2050-07-18 12:00:00,4765,44487.603845887934,1.0
2050-07-18 13:00:00,4766,44487.603845887934,1.0
2050-07-18 14:00:00,4767,43909.2649958914,0.9870000000000001
2050-07-18 15:00:00,4768,42819.318701667136,0.9625
2050-07-18 16:00:00,4769,41444.6517428292,0.9316
2050-07-18 17:00:00,4770,40096.6773462988,0.9013000000000001
2050-07-18 18:00:00,4771,39126.84758245844,0.8795000000000001
2050-07-18 19:00:00,4772,38681.971543999556,0.8694999999999999
2050-07-18 20:00:00,4773,38548.508732461894,0.8665
2050-07-18 21:00:00,4774,38286.031869771155,0.8606
2050-07-18 22:00:00,4775,37400.72855323799,0.8407000000000001
2050-07-18 23:00:00,4776,35487.7615878648,0.7976999999999999
2050-07-19 00:00:00,4777,33049.840897110145,0.7429
2050-07-19 01:00:00,4778,33049.840897110145,0.7429
2050-07-19 02:00:00,4779,33494.71693556903,0.7529
2050-07-19 03:00:00,4780,33147.7136255711,0.7451
2050-07-19 04:00:00,4781,33209.996270955344,0.7465
2050-07-19 05:00:00,4782,34562.419427870336,0.7769
2050-07-19 06:00:00,4783,37351.79218900751,0.8396
2050-07-19 07:00:00,4784,40732.850081294986,0.9155999999999999
2050-07-19 08:00:00,4785,43277.54102127979,0.9728000000000001
2050-07-19 09:00:00,4786,44265.16582665849,0.995
2050-07-19 10:00:00,4787,44291.85838896603,0.9956
2050-07-19 11:00:00,4788,44314.102190888974,0.9961000000000001
2050-07-19 12:00:00,4789,44487.603845887934,1.0
2050-07-19 13:00:00,4790,44487.603845887934,1.0
2050-07-19 14:00:00,4791,43909.2649958914,0.9870000000000001
2050-07-19 15:00:00,4792,42819.318701667136,0.9625
2050-07-19 16:00:00,4793,41444.6517428292,0.9316
2050-07-19 17:00:00,4794,40096.6773462988,0.9013000000000001
2050-07-19 18:00:00,4795,39126.84758245844,0.8795000000000001
2050-07-19 19:00:00,4796,38681.971543999556,0.8694999999999999
2050-07-19 20:00:00,4797,38548.508732461894,0.8665
2050-07-19 21:00:00,4798,38286.031869771155,0.8606
2050-07-19 22:00:00,4799,37400.72855323799,0.8407000000000001
2050-07-19 23:00:00,4800,35487.7615878648,0.7976999999999999
2050-07-20 00:00:00,4801,33049.840897110145,0.7429
2050-07-20 01:00:00,4802,33049.840897110145,0.7429
2050-07-20 02:00:00,4803,33494.71693556903,0.7529
2050-07-20 03:00:00,4804,33147.7136255711,0.7451
2050-07-20 04:00:00,4805,33209.996270955344,0.7465
2050-07-20 05:00:00,4806,34562.419427870336,0.7769
2050-07-20 06:00:00,4807,37351.79218900751,0.8396
2050-07-20 07:00:00,4808,40732.850081294986,0.9155999999999999
2050-07-20 08:00:00,4809,43277.54102127979,0.9728000000000001
2050-07-20 09:00:00,4810,44265.16582665849,0.995
2050-07-20 10:00:00,4811,44291.85838896603,0.9956
2050-07-20 11:00:00,4812,44314.102190888974,0.9961000000000001
2050-07-20 12:00:00,4813,44487.603845887934,1.0
2050-07-20 13:00:00,4814,44487.603845887934,1.0
2050-07-20 14:00:00,4815,43909.2649958914,0.9870000000000001
2050-07-20 15:00:00,4816,42819.318701667136,0.9625
2050-07-20 16:00:00,4817,41444.6517428292,0.9316
2050-07-20 17:00:00,4818,40096.6773462988,0.9013000000000001
2050-07-20 18:00:00,4819,39126.84758245844,0.8795000000000001
2050-07-20 19:00:00,4820,38681.971543999556,0.8694999999999999
2050-07-20 20:00:00,4821,38548.508732461894,0.8665
2050-07-20 21:00:00,4822,38286.031869771155,0.8606
2050-07-20 22:00:00,4823,37400.72855323799,0.8407000000000001
2050-07-20 23:00:00,4824,35487.7615878648,0.7976999999999999
2050-07-21 00:00:00,4825,33049.840897110145,0.7429
2050-07-21 01:00:00,4826,33049.840897110145,0.7429
2050-07-21 02:00:00,4827,33494.71693556903,0.7529
2050-07-21 03:00:00,4828,33147.7136255711,0.7451
2050-07-21 04:00:00,4829,33209.996270955344,0.7465
2050-07-21 05:00:00,4830,34562.419427870336,0.7769
2050-07-21 06:00:00,4831,37351.79218900751,0.8396
2050-07-21 07:00:00,4832,40732.850081294986,0.9155999999999999
2050-07-21 08:00:00,4833,43277.54102127979,0.9728000000000001
2050-07-21 09:00:00,4834,44265.16582665849,0.995
2050-07-21 10:00:00,4835,44291.85838896603,0.9956
2050-07-21 11:00:00,4836,44314.102190888974,0.9961000000000001
2050-07-21 12:00:00,4837,44487.603845887934,1.0
2050-07-21 13:00:00,4838,44487.603845887934,1.0
2050-07-21 14:00:00,4839,43909.2649958914,0.9870000000000001
2050-07-21 15:00:00,4840,42819.318701667136,0.9625
2050-07-21 16:00:00,4841,41444.6517428292,0.9316
2050-07-21 17:00:00,4842,40096.6773462988,0.9013000000000001
2050-07-21 18:00:00,4843,39126.84758245844,0.8795000000000001
2050-07-21 19:00:00,4844,38681.971543999556,0.8694999999999999
2050-07-21 20:00:00,4845,38548.508732461894,0.8665
2050-07-21 21:00:00,4846,38286.031869771155,0.8606
2050-07-21 22:00:00,4847,37400.72855323799,0.8407000000000001
2050-07-21 23:00:00,4848,35487.7615878648,0.7976999999999999
2050-07-22 00:00:00,4849,33049.840897110145,0.7429
2050-07-22 01:00:00,4850,33049.840897110145,0.7429
2050-07-22 02:00:00,4851,33494.71693556903,0.7529
2050-07-22 03:00:00,4852,33147.7136255711,0.7451
2050-07-22 04:00:00,4853,33209.996270955344,0.7465
2050-07-22 05:00:00,4854,34562.419427870336,0.7769
2050-07-22 06:00:00,4855,37351.79218900751,0.8396
2050-07-22 07:00:00,4856,40732.850081294986,0.9155999999999999
2050-07-22 08:00:00,4857,43277.54102127979,0.9728000000000001
2050-07-22 09:00:00,4858,44265.16582665849,0.995
2050-07-22 10:00:00,4859,44291.85838896603,0.9956
2050-07-22 11:00:00,4860,44314.102190888974,0.9961000000000001
2050-07-22 12:00:00,4861,44487.603845887934,1.0
2050-07-22 13:00:00,4862,44487.603845887934,1.0
2050-07-22 14:00:00,4863,43909.2649958914,0.9870000000000001
2050-07-22 15:00:00,4864,42819.318701667136,0.9625
2050-07-22 16:00:00,4865,41444.6517428292,0.9316
2050-07-22 17:00:00,4866,40096.6773462988,0.9013000000000001
2050-07-22 18:00:00,4867,39126.84758245844,0.8795000000000001
2050-07-22 19:00:00,4868,38681.971543999556,0.8694999999999999
2050-07-22 20:00:00,4869,38548.508732461894,0.8665
2050-07-22 21:00:00,4870,38286.031869771155,0.8606
2050-07-22 22:00:00,4871,37400.72855323799,0.8407000000000001
2050-07-22 23:00:00,4872,35487.7615878648,0.7976999999999999
2050-07-23 00:00:00,4873,22288.289526789857,0.501
2050-07-23 01:00:00,4874,22288.289526789857,0.501
2050-07-23 02:00:00,4875,20615.555622184467,0.4634
2050-07-23 03:00:00,4876,19796.983711420133,0.44500000000000006
2050-07-23 04:00:00,4877,19592.34073372905,0.44040000000000007
2050-07-23 05:00:00,4878,19739.149826420475,0.4437
2050-07-23 06:00:00,4879,19983.83164757286,0.44920000000000004
2050-07-23 07:00:00,4880,20152.884542187236,0.453
2050-07-23 08:00:00,4881,20210.718427186886,0.4543
2050-07-23 09:00:00,4882,20215.167187571482,0.4544000000000001
2050-07-23 10:00:00,4883,20224.064708340655,0.4546
2050-07-23 11:00:00,4884,20246.3085102636,0.4551
2050-07-23 12:00:00,4885,20255.206031032772,0.4552999999999999
2050-07-23 13:00:00,4886,20192.923385648537,0.4539000000000001
2050-07-23 14:00:00,4887,19992.72916834204,0.4494000000000001
2050-07-23 15:00:00,4888,19667.969660267056,0.4421
2050-07-23 16:00:00,4889,19338.761391807482,0.4346999999999999
2050-07-23 17:00:00,4890,19120.772132962637,0.42980000000000007
2050-07-23 18:00:00,4891,19009.553123347912,0.42729999999999996
2050-07-23 19:00:00,4892,18951.719238348258,0.42599999999999993
2050-07-23 20:00:00,4893,18965.06551950203,0.42630000000000007
2050-07-23 21:00:00,4894,19200.849819885232,0.4316
2050-07-23 22:00:00,4895,19881.510158727317,0.44689999999999996
2050-07-23 23:00:00,4896,21282.86967987279,0.47840000000000005
2050-07-24 00:00:00,4897,22288.289526789857,0.501
2050-07-24 01:00:00,4898,22288.289526789857,0.501
2050-07-24 02:00:00,4899,20615.555622184467,0.4634
2050-07-24 03:00:00,4900,19796.983711420133,0.44500000000000006
2050-07-24 04:00:00,4901,19592.34073372905,0.44040000000000007
2050-07-24 05:00:00,4902,19739.149826420475,0.4437
2050-07-24 06:00:00,4903,19983.83164757286,0.44920000000000004
2050-07-24 07:00:00,4904,20152.884542187236,0.453
2050-07-24 08:00:00,4905,20210.718427186886,0.4543
2050-07-24 09:00:00,4906,20215.167187571482,0.4544000000000001
2050-07-24 10:00:00,4907,20224.064708340655,0.4546
2050-07-24 11:00:00,4908,20246.3085102636,0.4551
2050-07-24 12:00:00,4909,20255.206031032772,0.4552999999999999
2050-07-24 13:00:00,4910,20192.923385648537,0.4539000000000001
2050-07-24 14:00:00,4911,19992.72916834204,0.4494000000000001
2050-07-24 15:00:00,4912,19667.969660267056,0.4421
2050-07-24 16:00:00,4913,19338.761391807482,0.4346999999999999
2050-07-24 17:00:00,4914,19120.772132962637,0.42980000000000007
2050-07-24 18:00:00,4915,19009.553123347912,0.42729999999999996
2050-07-24 19:00:00,4916,18951.719238348258,0.42599999999999993
2050-07-24 20:00:00,4917,18965.06551950203,0.42630000000000007
2050-07-24 21:00:00,4918,19200.849819885232,0.4316
2050-07-24 22:00:00,4919,19881.510158727317,0.44689999999999996
2050-07-24 23:00:00,4920,21282.86967987279,0.47840000000000005
2050-07-25 00:00:00,4921,33049.840897110145,0.7429
2050-07-25 01:00:00,4922,33049.840897110145,0.7429
2050-07-25 02:00:00,4923,33494.71693556903,0.7529
2050-07-25 03:00:00,4924,33147.7136255711,0.7451
2050-07-25 04:00:00,4925,33209.996270955344,0.7465
2050-07-25 05:00:00,4926,34562.419427870336,0.7769
2050-07-25 06:00:00,4927,37351.79218900751,0.8396
2050-07-25 07:00:00,4928,40732.850081294986,0.9155999999999999
2050-07-25 08:00:00,4929,43277.54102127979,0.9728000000000001
2050-07-25 09:00:00,4930,44265.16582665849,0.995
2050-07-25 10:00:00,4931,44291.85838896603,0.9956
2050-07-25 11:00:00,4932,44314.102190888974,0.9961000000000001
2050-07-25 12:00:00,4933,44487.603845887934,1.0
2050-07-25 13:00:00,4934,44487.603845887934,1.0
2050-07-25 14:00:00,4935,43909.2649958914,0.9870000000000001
2050-07-25 15:00:00,4936,42819.318701667136,0.9625
2050-07-25 16:00:00,4937,41444.6517428292,0.9316
2050-07-25 17:00:00,4938,40096.6773462988,0.9013000000000001
2050-07-25 18:00:00,4939,39126.84758245844,0.8795000000000001
2050-07-25 19:00:00,4940,38681.971543999556,0.8694999999999999
2050-07-25 20:00:00,4941,38548.508732461894,0.8665
2050-07-25 21:00:00,4942,38286.031869771155,0.8606
2050-07-25 22:00:00,4943,37400.72855323799,0.8407000000000001
2050-07-25 23:00:00,4944,35487.7615878648,0.7976999999999999
2050-07-26 00:00:00,4945,33049.840897110145,0.7429
2050-07-26 01:00:00,4946,33049.840897110145,0.7429
2050-07-26 02:00:00,4947,33494.71693556903,0.7529
2050-07-26 03:00:00,4948,33147.7136255711,0.7451
2050-07-26 04:00:00,4949,33209.996270955344,0.7465
2050-07-26 05:00:00,4950,34562.419427870336,0.7769
2050-07-26 06:00:00,4951,37351.79218900751,0.8396
2050-07-26 07:00:00,4952,40732.850081294986,0.9155999999999999
2050-07-26 08:00:00,4953,43277.54102127979,0.9728000000000001
2050-07-26 09:00:00,4954,44265.16582665849,0.995
2050-07-26 10:00:00,4955,44291.85838896603,0.9956
2050-07-26 11:00:00,4956,44314.102190888974,0.9961000000000001
2050-07-26 12:00:00,4957,44487.603845887934,1.0
2050-07-26 13:00:00,4958,44487.603845887934,1.0
2050-07-26 14:00:00,4959,43909.2649958914,0.9870000000000001
2050-07-26 15:00:00,4960,42819.318701667136,0.9625
2050-07-26 16:00:00,4961,41444.6517428292,0.9316
2050-07-26 17:00:00,4962,40096.6773462988,0.9013000000000001
2050-07-26 18:00:00,4963,39126.84758245844,0.8795000000000001
2050-07-26 19:00:00,4964,38681.971543999556,0.8694999999999999
2050-07-26 20:00:00,4965,38548.508732461894,0.8665
2050-07-26 21:00:00,4966,38286.031869771155,0.8606
2050-07-26 22:00:00,4967,37400.72855323799,0.8407000000000001
2050-07-26 23:00:00,4968,35487.7615878648,0.7976999999999999
2050-07-27 00:00:00,4969,33049.840897110145,0.7429
2050-07-27 01:00:00,4970,33049.840897110145,0.7429
2050-07-27 02:00:00,4971,33494.71693556903,0.7529
2050-07-27 03:00:00,4972,33147.7136255711,0.7451
2050-07-27 04:00:00,4973,33209.996270955344,0.7465
2050-07-27 05:00:00,4974,34562.419427870336,0.7769
2050-07-27 06:00:00,4975,37351.79218900751,0.8396
2050-07-27 07:00:00,4976,40732.850081294986,0.9155999999999999
2050-07-27 08:00:00,4977,43277.54102127979,0.9728000000000001
2050-07-27 09:00:00,4978,44265.16582665849,0.995
2050-07-27 10:00:00,4979,44291.85838896603,0.9956
2050-07-27 11:00:00,4980,44314.102190888974,0.9961000000000001
2050-07-27 12:00:00,4981,44487.603845887934,1.0
2050-07-27 13:00:00,4982,44487.603845887934,1.0
2050-07-27 14:00:00,4983,43909.2649958914,0.9870000000000001
2050-07-27 15:00:00,4984,42819.318701667136,0.9625
2050-07-27 16:00:00,4985,41444.6517428292,0.9316
2050-07-27 17:00:00,4986,40096.6773462988,0.9013000000000001
2050-07-27 18:00:00,4987,39126.84758245844,0.8795000000000001
2050-07-27 19:00:00,4988,38681.971543999556,0.8694999999999999
2050-07-27 20:00:00,4989,38548.508732461894,0.8665
2050-07-27 21:00:00,4990,38286.031869771155,0.8606
2050-07-27 22:00:00,4991,37400.72855323799,0.8407000000000001
2050-07-27 23:00:00,4992,35487.7615878648,0.7976999999999999
2050-07-28 00:00:00,4993,33049.840897110145,0.7429
2050-07-28 01:00:00,4994,33049.840897110145,0.7429
2050-07-28 02:00:00,4995,33494.71693556903,0.7529
2050-07-28 03:00:00,4996,33147.7136255711,0.7451
2050-07-28 04:00:00,4997,33209.996270955344,0.7465
2050-07-28 05:00:00,4998,34562.419427870336,0.7769
2050-07-28 06:00:00,4999,37351.79218900751,0.8396
2050-07-28 07:00:00,5000,40732.850081294986,0.9155999999999999
2050-07-28 08:00:00,5001,43277.54102127979,0.9728000000000001
2050-07-28 09:00:00,5002,44265.16582665849,0.995
2050-07-28 10:00:00,5003,44291.85838896603,0.9956
2050-07-28 11:00:00,5004,44314.102190888974,0.9961000000000001
2050-07-28 12:00:00,5005,44487.603845887934,1.0
2050-07-28 13:00:00,5006,44487.603845887934,1.0
2050-07-28 14:00:00,5007,43909.2649958914,0.9870000000000001
2050-07-28 15:00:00,5008,42819.318701667136,0.9625
2050-07-28 16:00:00,5009,41444.6517428292,0.9316
2050-07-28 17:00:00,5010,40096.6773462988,0.9013000000000001
2050-07-28 18:00:00,5011,39126.84758245844,0.8795000000000001
2050-07-28 19:00:00,5012,38681.971543999556,0.8694999999999999
2050-07-28 20:00:00,5013,38548.508732461894,0.8665
2050-07-28 21:00:00,5014,38286.031869771155,0.8606
2050-07-28 22:00:00,5015,37400.72855323799,0.8407000000000001
2050-07-28 23:00:00,5016,35487.7615878648,0.7976999999999999
2050-07-29 00:00:00,5017,33049.840897110145,0.7429
2050-07-29 01:00:00,5018,33049.840897110145,0.7429
2050-07-29 02:00:00,5019,33494.71693556903,0.7529
2050-07-29 03:00:00,5020,33147.7136255711,0.7451
2050-07-29 04:00:00,5021,33209.996270955344,0.7465
2050-07-29 05:00:00,5022,34562.419427870336,0.7769
2050-07-29 06:00:00,5023,37351.79218900751,0.8396
2050-07-29 07:00:00,5024,40732.850081294986,0.9155999999999999
2050-07-29 08:00:00,5025,43277.54102127979,0.9728000000000001
2050-07-29 09:00:00,5026,44265.16582665849,0.995
2050-07-29 10:00:00,5027,44291.85838896603,0.9956
2050-07-29 11:00:00,5028,44314.102190888974,0.9961000000000001
2050-07-29 12:00:00,5029,44487.603845887934,1.0
2050-07-29 13:00:00,5030,44487.603845887934,1.0
2050-07-29 14:00:00,5031,43909.2649958914,0.9870000000000001
2050-07-29 15:00:00,5032,42819.318701667136,0.9625
2050-07-29 16:00:00,5033,41444.6517428292,0.9316
2050-07-29 17:00:00,5034,40096.6773462988,0.9013000000000001
2050-07-29 18:00:00,5035,39126.84758245844,0.8795000000000001
2050-07-29 19:00:00,5036,38681.971543999556,0.8694999999999999
2050-07-29 20:00:00,5037,38548.508732461894,0.8665
2050-07-29 21:00:00,5038,38286.031869771155,0.8606
2050-07-29 22:00:00,5039,37400.72855323799,0.8407000000000001
2050-07-29 23:00:00,5040,35487.7615878648,0.7976999999999999
2050-07-30 00:00:00,5041,22288.289526789857,0.501
2050-07-30 01:00:00,5042,22288.289526789857,0.501
2050-07-30 02:00:00,5043,20615.555622184467,0.4634
2050-07-30 03:00:00,5044,19796.983711420133,0.44500000000000006
2050-07-30 04:00:00,5045,19592.34073372905,0.44040000000000007
2050-07-30 05:00:00,5046,19739.149826420475,0.4437
2050-07-30 06:00:00,5047,19983.83164757286,0.44920000000000004
2050-07-30 07:00:00,5048,20152.884542187236,0.453
2050-07-30 08:00:00,5049,20210.718427186886,0.4543
2050-07-30 09:00:00,5050,20215.167187571482,0.4544000000000001
2050-07-30 10:00:00,5051,20224.064708340655,0.4546
2050-07-30 11:00:00,5052,20246.3085102636,0.4551
2050-07-30 12:00:00,5053,20255.206031032772,0.4552999999999999
2050-07-30 13:00:00,5054,20192.923385648537,0.4539000000000001
2050-07-30 14:00:00,5055,19992.72916834204,0.4494000000000001
2050-07-30 15:00:00,5056,19667.969660267056,0.4421
2050-07-30 16:00:00,5057,19338.761391807482,0.4346999999999999
2050-07-30 17:00:00,5058,19120.772132962637,0.42980000000000007
2050-07-30 18:00:00,5059,19009.553123347912,0.42729999999999996
2050-07-30 19:00:00,5060,18951.719238348258,0.42599999999999993
2050-07-30 20:00:00,5061,18965.06551950203,0.42630000000000007
2050-07-30 21:00:00,5062,19200.849819885232,0.4316
2050-07-30 22:00:00,5063,19881.510158727317,0.44689999999999996
2050-07-30 23:00:00,5064,21282.86967987279,0.47840000000000005
2050-07-31 00:00:00,5065,22288.289526789857,0.501
2050-07-31 01:00:00,5066,22288.289526789857,0.501
2050-07-31 02:00:00,5067,20615.555622184467,0.4634
2050-07-31 03:00:00,5068,19796.983711420133,0.44500000000000006
2050-07-31 04:00:00,5069,19592.34073372905,0.44040000000000007
2050-07-31 05:00:00,5070,19739.149826420475,0.4437
2050-07-31 06:00:00,5071,19983.83164757286,0.44920000000000004
2050-07-31 07:00:00,5072,20152.884542187236,0.453
2050-07-31 08:00:00,5073,20210.718427186886,0.4543
2050-07-31 09:00:00,5074,20215.167187571482,0.4544000000000001
2050-07-31 10:00:00,5075,20224.064708340655,0.4546
2050-07-31 11:00:00,5076,20246.3085102636,0.4551
2050-07-31 12:00:00,5077,20255.206031032772,0.4552999999999999
2050-07-31 13:00:00,5078,20192.923385648537,0.4539000000000001
2050-07-31 14:00:00,5079,19992.72916834204,0.4494000000000001
2050-07-31 15:00:00,5080,19667.969660267056,0.4421
2050-07-31 16:00:00,5081,19338.761391807482,0.4346999999999999
2050-07-31 17:00:00,5082,19120.772132962637,0.42980000000000007
2050-07-31 18:00:00,5083,19009.553123347912,0.42729999999999996
2050-07-31 19:00:00,5084,18951.719238348258,0.42599999999999993
2050-07-31 20:00:00,5085,18965.06551950203,0.42630000000000007
2050-07-31 21:00:00,5086,19200.849819885232,0.4316
2050-07-31 22:00:00,5087,19881.510158727317,0.44689999999999996
2050-07-31 23:00:00,5088,21282.86967987279,0.47840000000000005
2050-08-01 00:00:00,5089,33049.840897110145,0.7429
2050-08-01 01:00:00,5090,33049.840897110145,0.7429
2050-08-01 02:00:00,5091,33494.71693556903,0.7529
2050-08-01 03:00:00,5092,33147.7136255711,0.7451
2050-08-01 04:00:00,5093,33209.996270955344,0.7465
2050-08-01 05:00:00,5094,34562.419427870336,0.7769
2050-08-01 06:00:00,5095,37351.79218900751,0.8396
2050-08-01 07:00:00,5096,40732.850081294986,0.9155999999999999
2050-08-01 08:00:00,5097,43277.54102127979,0.9728000000000001
2050-08-01 09:00:00,5098,44265.16582665849,0.995
2050-08-01 10:00:00,5099,44291.85838896603,0.9956
2050-08-01 11:00:00,5100,44314.102190888974,0.9961000000000001
2050-08-01 12:00:00,5101,44487.603845887934,1.0
2050-08-01 13:00:00,5102,44487.603845887934,1.0
2050-08-01 14:00:00,5103,43909.2649958914,0.9870000000000001
2050-08-01 15:00:00,5104,42819.318701667136,0.9625
2050-08-01 16:00:00,5105,41444.6517428292,0.9316
2050-08-01 17:00:00,5106,40096.6773462988,0.9013000000000001
2050-08-01 18:00:00,5107,39126.84758245844,0.8795000000000001
2050-08-01 19:00:00,5108,38681.971543999556,0.8694999999999999
2050-08-01 20:00:00,5109,38548.508732461894,0.8665
2050-08-01 21:00:00,5110,38286.031869771155,0.8606
2050-08-01 22:00:00,5111,37400.72855323799,0.8407000000000001
2050-08-01 23:00:00,5112,35487.7615878648,0.7976999999999999
2050-08-02 00:00:00,5113,33049.840897110145,0.7429
2050-08-02 01:00:00,5114,33049.840897110145,0.7429
2050-08-02 02:00:00,5115,33494.71693556903,0.7529
2050-08-02 03:00:00,5116,33147.7136255711,0.7451
2050-08-02 04:00:00,5117,33209.996270955344,0.7465
2050-08-02 05:00:00,5118,34562.419427870336,0.7769
2050-08-02 06:00:00,5119,37351.79218900751,0.8396
2050-08-02 07:00:00,5120,40732.850081294986,0.9155999999999999
2050-08-02 08:00:00,5121,43277.54102127979,0.9728000000000001
2050-08-02 09:00:00,5122,44265.16582665849,0.995
2050-08-02 10:00:00,5123,44291.85838896603,0.9956
2050-08-02 11:00:00,5124,44314.102190888974,0.9961000000000001
2050-08-02 12:00:00,5125,44487.603845887934,1.0
2050-08-02 13:00:00,5126,44487.603845887934,1.0
2050-08-02 14:00:00,5127,43909.2649958914,0.9870000000000001
2050-08-02 15:00:00,5128,42819.318701667136,0.9625
2050-08-02 16:00:00,5129,41444.6517428292,0.9316
2050-08-02 17:00:00,5130,40096.6773462988,0.9013000000000001
2050-08-02 18:00:00,5131,39126.84758245844,0.8795000000000001
2050-08-02 19:00:00,5132,38681.971543999556,0.8694999999999999
2050-08-02 20:00:00,5133,38548.508732461894,0.8665
2050-08-02 21:00:00,5134,38286.031869771155,0.8606
2050-08-02 22:00:00,5135,37400.72855323799,0.8407000000000001
2050-08-02 23:00:00,5136,35487.7615878648,0.7976999999999999
2050-08-03 00:00:00,5137,33049.840897110145,0.7429
2050-08-03 01:00:00,5138,33049.840897110145,0.7429
2050-08-03 02:00:00,5139,33494.71693556903,0.7529
2050-08-03 03:00:00,5140,33147.7136255711,0.7451
2050-08-03 04:00:00,5141,33209.996270955344,0.7465
2050-08-03 05:00:00,5142,34562.419427870336,0.7769
2050-08-03 06:00:00,5143,37351.79218900751,0.8396
2050-08-03 07:00:00,5144,40732.850081294986,0.9155999999999999
2050-08-03 08:00:00,5145,43277.54102127979,0.9728000000000001
2050-08-03 09:00:00,5146,44265.16582665849,0.995
2050-08-03 10:00:00,5147,44291.85838896603,0.9956
2050-08-03 11:00:00,5148,44314.102190888974,0.9961000000000001
2050-08-03 12:00:00,5149,44487.603845887934,1.0
2050-08-03 13:00:00,5150,44487.603845887934,1.0
2050-08-03 14:00:00,5151,43909.2649958914,0.9870000000000001
2050-08-03 15:00:00,5152,42819.318701667136,0.9625
2050-08-03 16:00:00,5153,41444.6517428292,0.9316
2050-08-03 17:00:00,5154,40096.6773462988,0.9013000000000001
2050-08-03 18:00:00,5155,39126.84758245844,0.8795000000000001
2050-08-03 19:00:00,5156,38681.971543999556,0.8694999999999999
2050-08-03 20:00:00,5157,38548.508732461894,0.8665
2050-08-03 21:00:00,5158,38286.031869771155,0.8606
2050-08-03 22:00:00,5159,37400.72855323799,0.8407000000000001
2050-08-03 23:00:00,5160,35487.7615878648,0.7976999999999999
2050-08-04 00:00:00,5161,33049.840897110145,0.7429
2050-08-04 01:00:00,5162,33049.840897110145,0.7429
2050-08-04 02:00:00,5163,33494.71693556903,0.7529
2050-08-04 03:00:00,5164,33147.7136255711,0.7451
2050-08-04 04:00:00,5165,33209.996270955344,0.7465
2050-08-04 05:00:00,5166,34562.419427870336,0.7769
2050-08-04 06:00:00,5167,37351.79218900751,0.8396
2050-08-04 07:00:00,5168,40732.850081294986,0.9155999999999999
2050-08-04 08:00:00,5169,43277.54102127979,0.9728000000000001
2050-08-04 09:00:00,5170,44265.16582665849,0.995
2050-08-04 10:00:00,5171,44291.85838896603,0.9956
2050-08-04 11:00:00,5172,44314.102190888974,0.9961000000000001
2050-08-04 12:00:00,5173,44487.603845887934,1.0
2050-08-04 13:00:00,5174,44487.603845887934,1.0
2050-08-04 14:00:00,5175,43909.2649958914,0.9870000000000001
2050-08-04 15:00:00,5176,42819.318701667136,0.9625
2050-08-04 16:00:00,5177,41444.6517428292,0.9316
2050-08-04 17:00:00,5178,40096.6773462988,0.9013000000000001
2050-08-04 18:00:00,5179,39126.84758245844,0.8795000000000001
2050-08-04 19:00:00,5180,38681.971543999556,0.8694999999999999
2050-08-04 20:00:00,5181,38548.508732461894,0.8665
2050-08-04 21:00:00,5182,38286.031869771155,0.8606
2050-08-04 22:00:00,5183,37400.72855323799,0.8407000000000001
2050-08-04 23:00:00,5184,35487.7615878648,0.7976999999999999
2050-08-05 00:00:00,5185,33049.840897110145,0.7429
2050-08-05 01:00:00,5186,33049.840897110145,0.7429
2050-08-05 02:00:00,5187,33494.71693556903,0.7529
2050-08-05 03:00:00,5188,33147.7136255711,0.7451
2050-08-05 04:00:00,5189,33209.996270955344,0.7465
2050-08-05 05:00:00,5190,34562.419427870336,0.7769
2050-08-05 06:00:00,5191,37351.79218900751,0.8396
2050-08-05 07:00:00,5192,40732.850081294986,0.9155999999999999
2050-08-05 08:00:00,5193,43277.54102127979,0.9728000000000001
2050-08-05 09:00:00,5194,44265.16582665849,0.995
2050-08-05 10:00:00,5195,44291.85838896603,0.9956
2050-08-05 11:00:00,5196,44314.102190888974,0.9961000000000001
2050-08-05 12:00:00,5197,44487.603845887934,1.0
2050-08-05 13:00:00,5198,44487.603845887934,1.0
2050-08-05 14:00:00,5199,43909.2649958914,0.9870000000000001
2050-08-05 15:00:00,5200,42819.318701667136,0.9625
2050-08-05 16:00:00,5201,41444.6517428292,0.9316
2050-08-05 17:00:00,5202,40096.6773462988,0.9013000000000001
2050-08-05 18:00:00,5203,39126.84758245844,0.8795000000000001
2050-08-05 19:00:00,5204,38681.971543999556,0.8694999999999999
2050-08-05 20:00:00,5205,38548.508732461894,0.8665
2050-08-05 21:00:00,5206,38286.031869771155,0.8606
2050-08-05 22:00:00,5207,37400.72855323799,0.8407000000000001
2050-08-05 23:00:00,5208,35487.7615878648,0.7976999999999999
2050-08-06 00:00:00,5209,22288.289526789857,0.501
2050-08-06 01:00:00,5210,22288.289526789857,0.501
2050-08-06 02:00:00,5211,20615.555622184467,0.4634
2050-08-06 03:00:00,5212,19796.983711420133,0.44500000000000006
2050-08-06 04:00:00,5213,19592.34073372905,0.44040000000000007
2050-08-06 05:00:00,5214,19739.149826420475,0.4437
2050-08-06 06:00:00,5215,19983.83164757286,0.44920000000000004
2050-08-06 07:00:00,5216,20152.884542187236,0.453
2050-08-06 08:00:00,5217,20210.718427186886,0.4543
2050-08-06 09:00:00,5218,20215.167187571482,0.4544000000000001
2050-08-06 10:00:00,5219,20224.064708340655,0.4546
2050-08-06 11:00:00,5220,20246.3085102636,0.4551
2050-08-06 12:00:00,5221,20255.206031032772,0.4552999999999999
2050-08-06 13:00:00,5222,20192.923385648537,0.4539000000000001
2050-08-06 14:00:00,5223,19992.72916834204,0.4494000000000001
2050-08-06 15:00:00,5224,19667.969660267056,0.4421
2050-08-06 16:00:00,5225,19338.761391807482,0.4346999999999999
2050-08-06 17:00:00,5226,19120.772132962637,0.42980000000000007
2050-08-06 18:00:00,5227,19009.553123347912,0.42729999999999996
2050-08-06 19:00:00,5228,18951.719238348258,0.42599999999999993
2050-08-06 20:00:00,5229,18965.06551950203,0.42630000000000007
2050-08-06 21:00:00,5230,19200.849819885232,0.4316
2050-08-06 22:00:00,5231,19881.510158727317,0.44689999999999996
2050-08-06 23:00:00,5232,21282.86967987279,0.47840000000000005
2050-08-07 00:00:00,5233,22288.289526789857,0.501
2050-08-07 01:00:00,5234,22288.289526789857,0.501
2050-08-07 02:00:00,5235,20615.555622184467,0.4634
2050-08-07 03:00:00,5236,19796.983711420133,0.44500000000000006
2050-08-07 04:00:00,5237,19592.34073372905,0.44040000000000007
2050-08-07 05:00:00,5238,19739.149826420475,0.4437
2050-08-07 06:00:00,5239,19983.83164757286,0.44920000000000004
2050-08-07 07:00:00,5240,20152.884542187236,0.453
2050-08-07 08:00:00,5241,20210.718427186886,0.4543
2050-08-07 09:00:00,5242,20215.167187571482,0.4544000000000001
2050-08-07 10:00:00,5243,20224.064708340655,0.4546
2050-08-07 11:00:00,5244,20246.3085102636,0.4551
2050-08-07 12:00:00,5245,20255.206031032772,0.4552999999999999
2050-08-07 13:00:00,5246,20192.923385648537,0.4539000000000001
2050-08-07 14:00:00,5247,19992.72916834204,0.4494000000000001
2050-08-07 15:00:00,5248,19667.969660267056,0.4421
2050-08-07 16:00:00,5249,19338.761391807482,0.4346999999999999
2050-08-07 17:00:00,5250,19120.772132962637,0.42980000000000007
2050-08-07 18:00:00,5251,19009.553123347912,0.42729999999999996
2050-08-07 19:00:00,5252,18951.719238348258,0.42599999999999993
2050-08-07 20:00:00,5253,18965.06551950203,0.42630000000000007
2050-08-07 21:00:00,5254,19200.849819885232,0.4316
2050-08-07 22:00:00,5255,19881.510158727317,0.44689999999999996
2050-08-07 23:00:00,5256,21282.86967987279,0.47840000000000005
2050-08-08 00:00:00,5257,33049.840897110145,0.7429
2050-08-08 01:00:00,5258,33049.840897110145,0.7429
2050-08-08 02:00:00,5259,33494.71693556903,0.7529
2050-08-08 03:00:00,5260,33147.7136255711,0.7451
2050-08-08 04:00:00,5261,33209.996270955344,0.7465
2050-08-08 05:00:00,5262,34562.419427870336,0.7769
2050-08-08 06:00:00,5263,37351.79218900751,0.8396
2050-08-08 07:00:00,5264,40732.850081294986,0.9155999999999999
2050-08-08 08:00:00,5265,43277.54102127979,0.9728000000000001
2050-08-08 09:00:00,5266,44265.16582665849,0.995
2050-08-08 10:00:00,5267,44291.85838896603,0.9956
2050-08-08 11:00:00,5268,44314.102190888974,0.9961000000000001
2050-08-08 12:00:00,5269,44487.603845887934,1.0
2050-08-08 13:00:00,5270,44487.603845887934,1.0
2050-08-08 14:00:00,5271,43909.2649958914,0.9870000000000001
2050-08-08 15:00:00,5272,42819.318701667136,0.9625
2050-08-08 16:00:00,5273,41444.6517428292,0.9316
2050-08-08 17:00:00,5274,40096.6773462988,0.9013000000000001
2050-08-08 18:00:00,5275,39126.84758245844,0.8795000000000001
2050-08-08 19:00:00,5276,38681.971543999556,0.8694999999999999
2050-08-08 20:00:00,5277,38548.508732461894,0.8665
2050-08-08 21:00:00,5278,38286.031869771155,0.8606
2050-08-08 22:00:00,5279,37400.72855323799,0.8407000000000001
2050-08-08 23:00:00,5280,35487.7615878648,0.7976999999999999
2050-08-09 00:00:00,5281,33049.840897110145,0.7429
2050-08-09 01:00:00,5282,33049.840897110145,0.7429
2050-08-09 02:00:00,5283,33494.71693556903,0.7529
2050-08-09 03:00:00,5284,33147.7136255711,0.7451
2050-08-09 04:00:00,5285,33209.996270955344,0.7465
2050-08-09 05:00:00,5286,34562.419427870336,0.7769
2050-08-09 06:00:00,5287,37351.79218900751,0.8396
2050-08-09 07:00:00,5288,40732.850081294986,0.9155999999999999
2050-08-09 08:00:00,5289,43277.54102127979,0.9728000000000001
2050-08-09 09:00:00,5290,44265.16582665849,0.995
2050-08-09 10:00:00,5291,44291.85838896603,0.9956
2050-08-09 11:00:00,5292,44314.102190888974,0.9961000000000001
2050-08-09 12:00:00,5293,44487.603845887934,1.0
2050-08-09 13:00:00,5294,44487.603845887934,1.0
2050-08-09 14:00:00,5295,43909.2649958914,0.9870000000000001
2050-08-09 15:00:00,5296,42819.318701667136,0.9625
2050-08-09 16:00:00,5297,41444.6517428292,0.9316
2050-08-09 17:00:00,5298,40096.6773462988,0.9013000000000001
2050-08-09 18:00:00,5299,39126.84758245844,0.8795000000000001
2050-08-09 19:00:00,5300,38681.971543999556,0.8694999999999999
2050-08-09 20:00:00,5301,38548.508732461894,0.8665
2050-08-09 21:00:00,5302,38286.031869771155,0.8606
2050-08-09 22:00:00,5303,37400.72855323799,0.8407000000000001
2050-08-09 23:00:00,5304,35487.7615878648,0.7976999999999999
2050-08-10 00:00:00,5305,33049.840897110145,0.7429
2050-08-10 01:00:00,5306,33049.840897110145,0.7429
2050-08-10 02:00:00,5307,33494.71693556903,0.7529
2050-08-10 03:00:00,5308,33147.7136255711,0.7451
2050-08-10 04:00:00,5309,33209.996270955344,0.7465
2050-08-10 05:00:00,5310,34562.419427870336,0.7769
2050-08-10 06:00:00,5311,37351.79218900751,0.8396
2050-08-10 07:00:00,5312,40732.850081294986,0.9155999999999999
2050-08-10 08:00:00,5313,43277.54102127979,0.9728000000000001
2050-08-10 09:00:00,5314,44265.16582665849,0.995
2050-08-10 10:00:00,5315,44291.85838896603,0.9956
2050-08-10 11:00:00,5316,44314.102190888974,0.9961000000000001
2050-08-10 12:00:00,5317,44487.603845887934,1.0
2050-08-10 13:00:00,5318,44487.603845887934,1.0
2050-08-10 14:00:00,5319,43909.2649958914,0.9870000000000001
2050-08-10 15:00:00,5320,42819.318701667136,0.9625
2050-08-10 16:00:00,5321,41444.6517428292,0.9316
2050-08-10 17:00:00,5322,40096.6773462988,0.9013000000000001
2050-08-10 18:00:00,5323,39126.84758245844,0.8795000000000001
2050-08-10 19:00:00,5324,38681.971543999556,0.8694999999999999
2050-08-10 20:00:00,5325,38548.508732461894,0.8665
2050-08-10 21:00:00,5326,38286.031869771155,0.8606
2050-08-10 22:00:00,5327,37400.72855323799,0.8407000000000001
2050-08-10 23:00:00,5328,35487.7615878648,0.7976999999999999
2050-08-11 00:00:00,5329,33049.840897110145,0.7429
2050-08-11 01:00:00,5330,33049.840897110145,0.7429
2050-08-11 02:00:00,5331,33494.71693556903,0.7529
2050-08-11 03:00:00,5332,33147.7136255711,0.7451
2050-08-11 04:00:00,5333,33209.996270955344,0.7465
2050-08-11 05:00:00,5334,34562.419427870336,0.7769
2050-08-11 06:00:00,5335,37351.79218900751,0.8396
2050-08-11 07:00:00,5336,40732.850081294986,0.9155999999999999
2050-08-11 08:00:00,5337,43277.54102127979,0.9728000000000001
2050-08-11 09:00:00,5338,44265.16582665849,0.995
2050-08-11 10:00:00,5339,44291.85838896603,0.9956
2050-08-11 11:00:00,5340,44314.102190888974,0.9961000000000001
2050-08-11 12:00:00,5341,44487.603845887934,1.0
2050-08-11 13:00:00,5342,44487.603845887934,1.0
2050-08-11 14:00:00,5343,43909.2649958914,0.9870000000000001
2050-08-11 15:00:00,5344,42819.318701667136,0.9625
2050-08-11 16:00:00,5345,41444.6517428292,0.9316
2050-08-11 17:00:00,5346,40096.6773462988,0.9013000000000001
2050-08-11 18:00:00,5347,39126.84758245844,0.8795000000000001
2050-08-11 19:00:00,5348,38681.971543999556,0.8694999999999999
2050-08-11 20:00:00,5349,38548.508732461894,0.8665
2050-08-11 21:00:00,5350,38286.031869771155,0.8606
2050-08-11 22:00:00,5351,37400.72855323799,0.8407000000000001
2050-08-11 23:00:00,5352,35487.7615878648,0.7976999999999999
2050-08-12 00:00:00,5353,33049.840897110145,0.7429
2050-08-12 01:00:00,5354,33049.840897110145,0.7429
2050-08-12 02:00:00,5355,33494.71693556903,0.7529
2050-08-12 03:00:00,5356,33147.7136255711,0.7451
2050-08-12 04:00:00,5357,33209.996270955344,0.7465
2050-08-12 05:00:00,5358,34562.419427870336,0.7769
2050-08-12 06:00:00,5359,37351.79218900751,0.8396
2050-08-12 07:00:00,5360,40732.850081294986,0.9155999999999999
2050-08-12 08:00:00,5361,43277.54102127979,0.9728000000000001
2050-08-12 09:00:00,5362,44265.16582665849,0.995
2050-08-12 10:00:00,5363,44291.85838896603,0.9956
2050-08-12 11:00:00,5364,44314.102190888974,0.9961000000000001
2050-08-12 12:00:00,5365,44487.603845887934,1.0
2050-08-12 13:00:00,5366,44487.603845887934,1.0
2050-08-12 14:00:00,5367,43909.2649958914,0.9870000000000001
2050-08-12 15:00:00,5368,42819.318701667136,0.9625
2050-08-12 16:00:00,5369,41444.6517428292,0.9316
2050-08-12 17:00:00,5370,40096.6773462988,0.9013000000000001
2050-08-12 18:00:00,5371,39126.84758245844,0.8795000000000001
2050-08-12 19:00:00,5372,38681.971543999556,0.8694999999999999
2050-08-12 20:00:00,5373,38548.508732461894,0.8665
2050-08-12 21:00:00,5374,38286.031869771155,0.8606
2050-08-12 22:00:00,5375,37400.72855323799,0.8407000000000001
2050-08-12 23:00:00,5376,35487.7615878648,0.7976999999999999
2050-08-13 00:00:00,5377,22288.289526789857,0.501
2050-08-13 01:00:00,5378,22288.289526789857,0.501
2050-08-13 02:00:00,5379,20615.555622184467,0.4634
2050-08-13 03:00:00,5380,19796.983711420133,0.44500000000000006
2050-08-13 04:00:00,5381,19592.34073372905,0.44040000000000007
2050-08-13 05:00:00,5382,19739.149826420475,0.4437
2050-08-13 06:00:00,5383,19983.83164757286,0.44920000000000004
2050-08-13 07:00:00,5384,20152.884542187236,0.453
2050-08-13 08:00:00,5385,20210.718427186886,0.4543
2050-08-13 09:00:00,5386,20215.167187571482,0.4544000000000001
2050-08-13 10:00:00,5387,20224.064708340655,0.4546
2050-08-13 11:00:00,5388,20246.3085102636,0.4551
2050-08-13 12:00:00,5389,20255.206031032772,0.4552999999999999
2050-08-13 13:00:00,5390,20192.923385648537,0.4539000000000001
2050-08-13 14:00:00,5391,19992.72916834204,0.4494000000000001
2050-08-13 15:00:00,5392,19667.969660267056,0.4421
2050-08-13 16:00:00,5393,19338.761391807482,0.4346999999999999
2050-08-13 17:00:00,5394,19120.772132962637,0.42980000000000007
2050-08-13 18:00:00,5395,19009.553123347912,0.42729999999999996
2050-08-13 19:00:00,5396,18951.719238348258,0.42599999999999993
2050-08-13 20:00:00,5397,18965.06551950203,0.42630000000000007
2050-08-13 21:00:00,5398,19200.849819885232,0.4316
2050-08-13 22:00:00,5399,19881.510158727317,0.44689999999999996
2050-08-13 23:00:00,5400,21282.86967987279,0.47840000000000005
2050-08-14 00:00:00,5401,22288.289526789857,0.501
2050-08-14 01:00:00,5402,22288.289526789857,0.501
2050-08-14 02:00:00,5403,20615.555622184467,0.4634
2050-08-14 03:00:00,5404,19796.983711420133,0.44500000000000006
2050-08-14 04:00:00,5405,19592.34073372905,0.44040000000000007
2050-08-14 05:00:00,5406,19739.149826420475,0.4437
2050-08-14 06:00:00,5407,19983.83164757286,0.44920000000000004
2050-08-14 07:00:00,5408,20152.884542187236,0.453
2050-08-14 08:00:00,5409,20210.718427186886,0.4543
2050-08-14 09:00:00,5410,20215.167187571482,0.4544000000000001
2050-08-14 10:00:00,5411,20224.064708340655,0.4546
2050-08-14 11:00:00,5412,20246.3085102636,0.4551
2050-08-14 12:00:00,5413,20255.206031032772,0.4552999999999999
2050-08-14 13:00:00,5414,20192.923385648537,0.4539000000000001
2050-08-14 14:00:00,5415,19992.72916834204,0.4494000000000001
2050-08-14 15:00:00,5416,19667.969660267056,0.4421
2050-08-14 16:00:00,5417,19338.761391807482,0.4346999999999999
2050-08-14 17:00:00,5418,19120.772132962637,0.42980000000000007
2050-08-14 18:00:00,5419,19009.553123347912,0.42729999999999996
2050-08-14 19:00:00,5420,18951.719238348258,0.42599999999999993
2050-08-14 20:00:00,5421,18965.06551950203,0.42630000000000007
2050-08-14 21:00:00,5422,19200.849819885232,0.4316
2050-08-14 22:00:00,5423,19881.510158727317,0.44689999999999996
2050-08-14 23:00:00,5424,21282.86967987279,0.47840000000000005
2050-08-15 00:00:00,5425,33049.840897110145,0.7429
2050-08-15 01:00:00,5426,33049.840897110145,0.7429
2050-08-15 02:00:00,5427,33494.71693556903,0.7529
2050-08-15 03:00:00,5428,33147.7136255711,0.7451
2050-08-15 04:00:00,5429,33209.996270955344,0.7465
2050-08-15 05:00:00,5430,34562.419427870336,0.7769
2050-08-15 06:00:00,5431,37351.79218900751,0.8396
2050-08-15 07:00:00,5432,40732.850081294986,0.9155999999999999
2050-08-15 08:00:00,5433,43277.54102127979,0.9728000000000001
2050-08-15 09:00:00,5434,44265.16582665849,0.995
2050-08-15 10:00:00,5435,44291.85838896603,0.9956
2050-08-15 11:00:00,5436,44314.102190888974,0.9961000000000001
2050-08-15 12:00:00,5437,44487.603845887934,1.0
2050-08-15 13:00:00,5438,44487.603845887934,1.0
2050-08-15 14:00:00,5439,43909.2649958914,0.9870000000000001
2050-08-15 15:00:00,5440,42819.318701667136,0.9625
2050-08-15 16:00:00,5441,41444.6517428292,0.9316
2050-08-15 17:00:00,5442,40096.6773462988,0.9013000000000001
2050-08-15 18:00:00,5443,39126.84758245844,0.8795000000000001
2050-08-15 19:00:00,5444,38681.971543999556,0.8694999999999999
2050-08-15 20:00:00,5445,38548.508732461894,0.8665
2050-08-15 21:00:00,5446,38286.031869771155,0.8606
2050-08-15 22:00:00,5447,37400.72855323799,0.8407000000000001
2050-08-15 23:00:00,5448,35487.7615878648,0.7976999999999999
2050-08-16 00:00:00,5449,33049.840897110145,0.7429
2050-08-16 01:00:00,5450,33049.840897110145,0.7429
2050-08-16 02:00:00,5451,33494.71693556903,0.7529
2050-08-16 03:00:00,5452,33147.7136255711,0.7451
2050-08-16 04:00:00,5453,33209.996270955344,0.7465
2050-08-16 05:00:00,5454,34562.419427870336,0.7769
2050-08-16 06:00:00,5455,37351.79218900751,0.8396
2050-08-16 07:00:00,5456,40732.850081294986,0.9155999999999999
2050-08-16 08:00:00,5457,43277.54102127979,0.9728000000000001
2050-08-16 09:00:00,5458,44265.16582665849,0.995
2050-08-16 10:00:00,5459,44291.85838896603,0.9956
2050-08-16 11:00:00,5460,44314.102190888974,0.9961000000000001
2050-08-16 12:00:00,5461,44487.603845887934,1.0
2050-08-16 13:00:00,5462,44487.603845887934,1.0
2050-08-16 14:00:00,5463,43909.2649958914,0.9870000000000001
2050-08-16 15:00:00,5464,42819.318701667136,0.9625
2050-08-16 16:00:00,5465,41444.6517428292,0.9316
2050-08-16 17:00:00,5466,40096.6773462988,0.9013000000000001
2050-08-16 18:00:00,5467,39126.84758245844,0.8795000000000001
2050-08-16 19:00:00,5468,38681.971543999556,0.8694999999999999
2050-08-16 20:00:00,5469,38548.508732461894,0.8665
2050-08-16 21:00:00,5470,38286.031869771155,0.8606
2050-08-16 22:00:00,5471,37400.72855323799,0.8407000000000001
2050-08-16 23:00:00,5472,35487.7615878648,0.7976999999999999
2050-08-17 00:00:00,5473,33049.840897110145,0.7429
2050-08-17 01:00:00,5474,33049.840897110145,0.7429
2050-08-17 02:00:00,5475,33494.71693556903,0.7529
2050-08-17 03:00:00,5476,33147.7136255711,0.7451
2050-08-17 04:00:00,5477,33209.996270955344,0.7465
2050-08-17 05:00:00,5478,34562.419427870336,0.7769
2050-08-17 06:00:00,5479,37351.79218900751,0.8396
2050-08-17 07:00:00,5480,40732.850081294986,0.9155999999999999
2050-08-17 08:00:00,5481,43277.54102127979,0.9728000000000001
2050-08-17 09:00:00,5482,44265.16582665849,0.995
2050-08-17 10:00:00,5483,44291.85838896603,0.9956
2050-08-17 11:00:00,5484,44314.102190888974,0.9961000000000001
2050-08-17 12:00:00,5485,44487.603845887934,1.0
2050-08-17 13:00:00,5486,44487.603845887934,1.0
2050-08-17 14:00:00,5487,43909.2649958914,0.9870000000000001
2050-08-17 15:00:00,5488,42819.318701667136,0.9625
2050-08-17 16:00:00,5489,41444.6517428292,0.9316
2050-08-17 17:00:00,5490,40096.6773462988,0.9013000000000001
2050-08-17 18:00:00,5491,39126.84758245844,0.8795000000000001
2050-08-17 19:00:00,5492,38681.971543999556,0.8694999999999999
2050-08-17 20:00:00,5493,38548.508732461894,0.8665
2050-08-17 21:00:00,5494,38286.031869771155,0.8606
2050-08-17 22:00:00,5495,37400.72855323799,0.8407000000000001
2050-08-17 23:00:00,5496,35487.7615878648,0.7976999999999999
2050-08-18 00:00:00,5497,33049.840897110145,0.7429
2050-08-18 01:00:00,5498,33049.840897110145,0.7429
2050-08-18 02:00:00,5499,33494.71693556903,0.7529
2050-08-18 03:00:00,5500,33147.7136255711,0.7451
2050-08-18 04:00:00,5501,33209.996270955344,0.7465
2050-08-18 05:00:00,5502,34562.419427870336,0.7769
2050-08-18 06:00:00,5503,37351.79218900751,0.8396
2050-08-18 07:00:00,5504,40732.850081294986,0.9155999999999999
2050-08-18 08:00:00,5505,43277.54102127979,0.9728000000000001
2050-08-18 09:00:00,5506,44265.16582665849,0.995
2050-08-18 10:00:00,5507,44291.85838896603,0.9956
2050-08-18 11:00:00,5508,44314.102190888974,0.9961000000000001
2050-08-18 12:00:00,5509,44487.603845887934,1.0
2050-08-18 13:00:00,5510,44487.603845887934,1.0
2050-08-18 14:00:00,5511,43909.2649958914,0.9870000000000001
2050-08-18 15:00:00,5512,42819.318701667136,0.9625
2050-08-18 16:00:00,5513,41444.6517428292,0.9316
2050-08-18 17:00:00,5514,40096.6773462988,0.9013000000000001
2050-08-18 18:00:00,5515,39126.84758245844,0.8795000000000001
2050-08-18 19:00:00,5516,38681.971543999556,0.8694999999999999
2050-08-18 20:00:00,5517,38548.508732461894,0.8665
2050-08-18 21:00:00,5518,38286.031869771155,0.8606
2050-08-18 22:00:00,5519,37400.72855323799,0.8407000000000001
2050-08-18 23:00:00,5520,35487.7615878648,0.7976999999999999
2050-08-19 00:00:00,5521,33049.840897110145,0.7429
2050-08-19 01:00:00,5522,33049.840897110145,0.7429
2050-08-19 02:00:00,5523,33494.71693556903,0.7529
2050-08-19 03:00:00,5524,33147.7136255711,0.7451
2050-08-19 04:00:00,5525,33209.996270955344,0.7465
2050-08-19 05:00:00,5526,34562.419427870336,0.7769
2050-08-19 06:00:00,5527,37351.79218900751,0.8396
2050-08-19 07:00:00,5528,40732.850081294986,0.9155999999999999
2050-08-19 08:00:00,5529,43277.54102127979,0.9728000000000001
2050-08-19 09:00:00,5530,44265.16582665849,0.995
2050-08-19 10:00:00,5531,44291.85838896603,0.9956
2050-08-19 11:00:00,5532,44314.102190888974,0.9961000000000001
2050-08-19 12:00:00,5533,44487.603845887934,1.0
2050-08-19 13:00:00,5534,44487.603845887934,1.0
2050-08-19 14:00:00,5535,43909.2649958914,0.9870000000000001
2050-08-19 15:00:00,5536,42819.318701667136,0.9625
2050-08-19 16:00:00,5537,41444.6517428292,0.9316
2050-08-19 17:00:00,5538,40096.6773462988,0.9013000000000001
2050-08-19 18:00:00,5539,39126.84758245844,0.8795000000000001
2050-08-19 19:00:00,5540,38681.971543999556,0.8694999999999999
2050-08-19 20:00:00,5541,38548.508732461894,0.8665
2050-08-19 21:00:00,5542,38286.031869771155,0.8606
2050-08-19 22:00:00,5543,37400.72855323799,0.8407000000000001
2050-08-19 23:00:00,5544,35487.7615878648,0.7976999999999999
2050-08-20 00:00:00,5545,22288.289526789857,0.501
2050-08-20 01:00:00,5546,22288.289526789857,0.501
2050-08-20 02:00:00,5547,20615.555622184467,0.4634
2050-08-20 03:00:00,5548,19796.983711420133,0.44500000000000006
2050-08-20 04:00:00,5549,19592.34073372905,0.44040000000000007
2050-08-20 05:00:00,5550,19739.149826420475,0.4437
2050-08-20 06:00:00,5551,19983.83164757286,0.44920000000000004
2050-08-20 07:00:00,5552,20152.884542187236,0.453
2050-08-20 08:00:00,5553,20210.718427186886,0.4543
2050-08-20 09:00:00,5554,20215.167187571482,0.4544000000000001
2050-08-20 10:00:00,5555,20224.064708340655,0.4546
2050-08-20 11:00:00,5556,20246.3085102636,0.4551
2050-08-20 12:00:00,5557,20255.206031032772,0.4552999999999999
2050-08-20 13:00:00,5558,20192.923385648537,0.4539000000000001
2050-08-20 14:00:00,5559,19992.72916834204,0.4494000000000001
2050-08-20 15:00:00,5560,19667.969660267056,0.4421
2050-08-20 16:00:00,5561,19338.761391807482,0.4346999999999999
2050-08-20 17:00:00,5562,19120.772132962637,0.42980000000000007
2050-08-20 18:00:00,5563,19009.553123347912,0.42729999999999996
2050-08-20 19:00:00,5564,18951.719238348258,0.42599999999999993
2050-08-20 20:00:00,5565,18965.06551950203,0.42630000000000007
2050-08-20 21:00:00,5566,19200.849819885232,0.4316
2050-08-20 22:00:00,5567,19881.510158727317,0.44689999999999996
2050-08-20 23:00:00,5568,21282.86967987279,0.47840000000000005
2050-08-21 00:00:00,5569,22288.289526789857,0.501
2050-08-21 01:00:00,5570,22288.289526789857,0.501
2050-08-21 02:00:00,5571,20615.555622184467,0.4634
2050-08-21 03:00:00,5572,19796.983711420133,0.44500000000000006
2050-08-21 04:00:00,5573,19592.34073372905,0.44040000000000007
2050-08-21 05:00:00,5574,19739.149826420475,0.4437
2050-08-21 06:00:00,5575,19983.83164757286,0.44920000000000004
2050-08-21 07:00:00,5576,20152.884542187236,0.453
2050-08-21 08:00:00,5577,20210.718427186886,0.4543
2050-08-21 09:00:00,5578,20215.167187571482,0.4544000000000001
2050-08-21 10:00:00,5579,20224.064708340655,0.4546
2050-08-21 11:00:00,5580,20246.3085102636,0.4551
2050-08-21 12:00:00,5581,20255.206031032772,0.4552999999999999
2050-08-21 13:00:00,5582,20192.923385648537,0.4539000000000001
2050-08-21 14:00:00,5583,19992.72916834204,0.4494000000000001
2050-08-21 15:00:00,5584,19667.969660267056,0.4421
2050-08-21 16:00:00,5585,19338.761391807482,0.4346999999999999
2050-08-21 17:00:00,5586,19120.772132962637,0.42980000000000007
2050-08-21 18:00:00,5587,19009.553123347912,0.42729999999999996
2050-08-21 19:00:00,5588,18951.719238348258,0.42599999999999993
2050-08-21 20:00:00,5589,18965.06551950203,0.42630000000000007
2050-08-21 21:00:00,5590,19200.849819885232,0.4316
2050-08-21 22:00:00,5591,19881.510158727317,0.44689999999999996
2050-08-21 23:00:00,5592,21282.86967987279,0.47840000000000005
2050-08-22 00:00:00,5593,33049.840897110145,0.7429
2050-08-22 01:00:00,5594,33049.840897110145,0.7429
2050-08-22 02:00:00,5595,33494.71693556903,0.7529
2050-08-22 03:00:00,5596,33147.7136255711,0.7451
2050-08-22 04:00:00,5597,33209.996270955344,0.7465
2050-08-22 05:00:00,5598,34562.419427870336,0.7769
2050-08-22 06:00:00,5599,37351.79218900751,0.8396
2050-08-22 07:00:00,5600,40732.850081294986,0.9155999999999999
2050-08-22 08:00:00,5601,43277.54102127979,0.9728000000000001
2050-08-22 09:00:00,5602,44265.16582665849,0.995
2050-08-22 10:00:00,5603,44291.85838896603,0.9956
2050-08-22 11:00:00,5604,44314.102190888974,0.9961000000000001
2050-08-22 12:00:00,5605,44487.603845887934,1.0
2050-08-22 13:00:00,5606,44487.603845887934,1.0
2050-08-22 14:00:00,5607,43909.2649958914,0.9870000000000001
2050-08-22 15:00:00,5608,42819.318701667136,0.9625
2050-08-22 16:00:00,5609,41444.6517428292,0.9316
2050-08-22 17:00:00,5610,40096.6773462988,0.9013000000000001
2050-08-22 18:00:00,5611,39126.84758245844,0.8795000000000001
2050-08-22 19:00:00,5612,38681.971543999556,0.8694999999999999
2050-08-22 20:00:00,5613,38548.508732461894,0.8665
2050-08-22 21:00:00,5614,38286.031869771155,0.8606
2050-08-22 22:00:00,5615,37400.72855323799,0.8407000000000001
2050-08-22 23:00:00,5616,35487.7615878648,0.7976999999999999
2050-08-23 00:00:00,5617,33049.840897110145,0.7429
2050-08-23 01:00:00,5618,33049.840897110145,0.7429
2050-08-23 02:00:00,5619,33494.71693556903,0.7529
2050-08-23 03:00:00,5620,33147.7136255711,0.7451
2050-08-23 04:00:00,5621,33209.996270955344,0.7465
2050-08-23 05:00:00,5622,34562.419427870336,0.7769
2050-08-23 06:00:00,5623,37351.79218900751,0.8396
2050-08-23 07:00:00,5624,40732.850081294986,0.9155999999999999
2050-08-23 08:00:00,5625,43277.54102127979,0.9728000000000001
2050-08-23 09:00:00,5626,44265.16582665849,0.995
2050-08-23 10:00:00,5627,44291.85838896603,0.9956
2050-08-23 11:00:00,5628,44314.102190888974,0.9961000000000001
2050-08-23 12:00:00,5629,44487.603845887934,1.0
2050-08-23 13:00:00,5630,44487.603845887934,1.0
2050-08-23 14:00:00,5631,43909.2649958914,0.9870000000000001
2050-08-23 15:00:00,5632,42819.318701667136,0.9625
2050-08-23 16:00:00,5633,41444.6517428292,0.9316
2050-08-23 17:00:00,5634,40096.6773462988,0.9013000000000001
2050-08-23 18:00:00,5635,39126.84758245844,0.8795000000000001
2050-08-23 19:00:00,5636,38681.971543999556,0.8694999999999999
2050-08-23 20:00:00,5637,38548.508732461894,0.8665
2050-08-23 21:00:00,5638,38286.031869771155,0.8606
2050-08-23 22:00:00,5639,37400.72855323799,0.8407000000000001
2050-08-23 23:00:00,5640,35487.7615878648,0.7976999999999999
2050-08-24 00:00:00,5641,33049.840897110145,0.7429
2050-08-24 01:00:00,5642,33049.840897110145,0.7429
2050-08-24 02:00:00,5643,33494.71693556903,0.7529
2050-08-24 03:00:00,5644,33147.7136255711,0.7451
2050-08-24 04:00:00,5645,33209.996270955344,0.7465
2050-08-24 05:00:00,5646,34562.419427870336,0.7769
2050-08-24 06:00:00,5647,37351.79218900751,0.8396
2050-08-24 07:00:00,5648,40732.850081294986,0.9155999999999999
2050-08-24 08:00:00,5649,43277.54102127979,0.9728000000000001
2050-08-24 09:00:00,5650,44265.16582665849,0.995
2050-08-24 10:00:00,5651,44291.85838896603,0.9956
2050-08-24 11:00:00,5652,44314.102190888974,0.9961000000000001
2050-08-24 12:00:00,5653,44487.603845887934,1.0
2050-08-24 13:00:00,5654,44487.603845887934,1.0
2050-08-24 14:00:00,5655,43909.2649958914,0.9870000000000001
2050-08-24 15:00:00,5656,42819.318701667136,0.9625
2050-08-24 16:00:00,5657,41444.6517428292,0.9316
2050-08-24 17:00:00,5658,40096.6773462988,0.9013000000000001
2050-08-24 18:00:00,5659,39126.84758245844,0.8795000000000001
2050-08-24 19:00:00,5660,38681.971543999556,0.8694999999999999
2050-08-24 20:00:00,5661,38548.508732461894,0.8665
2050-08-24 21:00:00,5662,38286.031869771155,0.8606
2050-08-24 22:00:00,5663,37400.72855323799,0.8407000000000001
2050-08-24 23:00:00,5664,35487.7615878648,0.7976999999999999
2050-08-25 00:00:00,5665,33049.840897110145,0.7429
2050-08-25 01:00:00,5666,33049.840897110145,0.7429
2050-08-25 02:00:00,5667,33494.71693556903,0.7529
2050-08-25 03:00:00,5668,33147.7136255711,0.7451
2050-08-25 04:00:00,5669,33209.996270955344,0.7465
2050-08-25 05:00:00,5670,34562.419427870336,0.7769
2050-08-25 06:00:00,5671,37351.79218900751,0.8396
2050-08-25 07:00:00,5672,40732.850081294986,0.9155999999999999
2050-08-25 08:00:00,5673,43277.54102127979,0.9728000000000001
2050-08-25 09:00:00,5674,44265.16582665849,0.995
2050-08-25 10:00:00,5675,44291.85838896603,0.9956
2050-08-25 11:00:00,5676,44314.102190888974,0.9961000000000001
2050-08-25 12:00:00,5677,44487.603845887934,1.0
2050-08-25 13:00:00,5678,44487.603845887934,1.0
2050-08-25 14:00:00,5679,43909.2649958914,0.9870000000000001
2050-08-25 15:00:00,5680,42819.318701667136,0.9625
2050-08-25 16:00:00,5681,41444.6517428292,0.9316
2050-08-25 17:00:00,5682,40096.6773462988,0.9013000000000001
2050-08-25 18:00:00,5683,39126.84758245844,0.8795000000000001
2050-08-25 19:00:00,5684,38681.971543999556,0.8694999999999999
2050-08-25 20:00:00,5685,38548.508732461894,0.8665
2050-08-25 21:00:00,5686,38286.031869771155,0.8606
2050-08-25 22:00:00,5687,37400.72855323799,0.8407000000000001
2050-08-25 23:00:00,5688,35487.7615878648,0.7976999999999999
2050-08-26 00:00:00,5689,33049.840897110145,0.7429
2050-08-26 01:00:00,5690,33049.840897110145,0.7429
2050-08-26 02:00:00,5691,33494.71693556903,0.7529
2050-08-26 03:00:00,5692,33147.7136255711,0.7451
2050-08-26 04:00:00,5693,33209.996270955344,0.7465
2050-08-26 05:00:00,5694,34562.419427870336,0.7769
2050-08-26 06:00:00,5695,37351.79218900751,0.8396
2050-08-26 07:00:00,5696,40732.850081294986,0.9155999999999999
2050-08-26 08:00:00,5697,43277.54102127979,0.9728000000000001
2050-08-26 09:00:00,5698,44265.16582665849,0.995
2050-08-26 10:00:00,5699,44291.85838896603,0.9956
2050-08-26 11:00:00,5700,44314.102190888974,0.9961000000000001
2050-08-26 12:00:00,5701,44487.603845887934,1.0
2050-08-26 13:00:00,5702,44487.603845887934,1.0
2050-08-26 14:00:00,5703,43909.2649958914,0.9870000000000001
2050-08-26 15:00:00,5704,42819.318701667136,0.9625
2050-08-26 16:00:00,5705,41444.6517428292,0.9316
2050-08-26 17:00:00,5706,40096.6773462988,0.9013000000000001
2050-08-26 18:00:00,5707,39126.84758245844,0.8795000000000001
2050-08-26 19:00:00,5708,38681.971543999556,0.8694999999999999
2050-08-26 20:00:00,5709,38548.508732461894,0.8665
2050-08-26 21:00:00,5710,38286.031869771155,0.8606
2050-08-26 22:00:00,5711,37400.72855323799,0.8407000000000001
2050-08-26 23:00:00,5712,35487.7615878648,0.7976999999999999
2050-08-27 00:00:00,5713,22288.289526789857,0.501
2050-08-27 01:00:00,5714,22288.289526789857,0.501
2050-08-27 02:00:00,5715,20615.555622184467,0.4634
2050-08-27 03:00:00,5716,19796.983711420133,0.44500000000000006
2050-08-27 04:00:00,5717,19592.34073372905,0.44040000000000007
2050-08-27 05:00:00,5718,19739.149826420475,0.4437
2050-08-27 06:00:00,5719,19983.83164757286,0.44920000000000004
2050-08-27 07:00:00,5720,20152.884542187236,0.453
2050-08-27 08:00:00,5721,20210.718427186886,0.4543
2050-08-27 09:00:00,5722,20215.167187571482,0.4544000000000001
2050-08-27 10:00:00,5723,20224.064708340655,0.4546
2050-08-27 11:00:00,5724,20246.3085102636,0.4551
2050-08-27 12:00:00,5725,20255.206031032772,0.4552999999999999
2050-08-27 13:00:00,5726,20192.923385648537,0.4539000000000001
2050-08-27 14:00:00,5727,19992.72916834204,0.4494000000000001
2050-08-27 15:00:00,5728,19667.969660267056,0.4421
2050-08-27 16:00:00,5729,19338.761391807482,0.4346999999999999
2050-08-27 17:00:00,5730,19120.772132962637,0.42980000000000007
2050-08-27 18:00:00,5731,19009.553123347912,0.42729999999999996
2050-08-27 19:00:00,5732,18951.719238348258,0.42599999999999993
2050-08-27 20:00:00,5733,18965.06551950203,0.42630000000000007
2050-08-27 21:00:00,5734,19200.849819885232,0.4316
2050-08-27 22:00:00,5735,19881.510158727317,0.44689999999999996
2050-08-27 23:00:00,5736,21282.86967987279,0.47840000000000005
2050-08-28 00:00:00,5737,22288.289526789857,0.501
2050-08-28 01:00:00,5738,22288.289526789857,0.501
2050-08-28 02:00:00,5739,20615.555622184467,0.4634
2050-08-28 03:00:00,5740,19796.983711420133,0.44500000000000006
2050-08-28 04:00:00,5741,19592.34073372905,0.44040000000000007
2050-08-28 05:00:00,5742,19739.149826420475,0.4437
2050-08-28 06:00:00,5743,19983.83164757286,0.44920000000000004
2050-08-28 07:00:00,5744,20152.884542187236,0.453
2050-08-28 08:00:00,5745,20210.718427186886,0.4543
2050-08-28 09:00:00,5746,20215.167187571482,0.4544000000000001
2050-08-28 10:00:00,5747,20224.064708340655,0.4546
2050-08-28 11:00:00,5748,20246.3085102636,0.4551
2050-08-28 12:00:00,5749,20255.206031032772,0.4552999999999999
2050-08-28 13:00:00,5750,20192.923385648537,0.4539000000000001
2050-08-28 14:00:00,5751,19992.72916834204,0.4494000000000001
2050-08-28 15:00:00,5752,19667.969660267056,0.4421
2050-08-28 16:00:00,5753,19338.761391807482,0.4346999999999999
2050-08-28 17:00:00,5754,19120.772132962637,0.42980000000000007
2050-08-28 18:00:00,5755,19009.553123347912,0.42729999999999996
2050-08-28 19:00:00,5756,18951.719238348258,0.42599999999999993
2050-08-28 20:00:00,5757,18965.06551950203,0.42630000000000007
2050-08-28 21:00:00,5758,19200.849819885232,0.4316
2050-08-28 22:00:00,5759,19881.510158727317,0.44689999999999996
2050-08-28 23:00:00,5760,21282.86967987279,0.47840000000000005
2050-08-29 00:00:00,5761,33049.840897110145,0.7429
2050-08-29 01:00:00,5762,33049.840897110145,0.7429
2050-08-29 02:00:00,5763,33494.71693556903,0.7529
2050-08-29 03:00:00,5764,33147.7136255711,0.7451
2050-08-29 04:00:00,5765,33209.996270955344,0.7465
2050-08-29 05:00:00,5766,34562.419427870336,0.7769
2050-08-29 06:00:00,5767,37351.79218900751,0.8396
2050-08-29 07:00:00,5768,40732.850081294986,0.9155999999999999
2050-08-29 08:00:00,5769,43277.54102127979,0.9728000000000001
2050-08-29 09:00:00,5770,44265.16582665849,0.995
2050-08-29 10:00:00,5771,44291.85838896603,0.9956
2050-08-29 11:00:00,5772,44314.102190888974,0.9961000000000001
2050-08-29 12:00:00,5773,44487.603845887934,1.0
2050-08-29 13:00:00,5774,44487.603845887934,1.0
2050-08-29 14:00:00,5775,43909.2649958914,0.9870000000000001
2050-08-29 15:00:00,5776,42819.318701667136,0.9625
2050-08-29 16:00:00,5777,41444.6517428292,0.9316
2050-08-29 17:00:00,5778,40096.6773462988,0.9013000000000001
2050-08-29 18:00:00,5779,39126.84758245844,0.8795000000000001
2050-08-29 19:00:00,5780,38681.971543999556,0.8694999999999999
2050-08-29 20:00:00,5781,38548.508732461894,0.8665
2050-08-29 21:00:00,5782,38286.031869771155,0.8606
2050-08-29 22:00:00,5783,37400.72855323799,0.8407000000000001
2050-08-29 23:00:00,5784,35487.7615878648,0.7976999999999999
2050-08-30 00:00:00,5785,33049.840897110145,0.7429
2050-08-30 01:00:00,5786,33049.840897110145,0.7429
2050-08-30 02:00:00,5787,33494.71693556903,0.7529
2050-08-30 03:00:00,5788,33147.7136255711,0.7451
2050-08-30 04:00:00,5789,33209.996270955344,0.7465
2050-08-30 05:00:00,5790,34562.419427870336,0.7769
2050-08-30 06:00:00,5791,37351.79218900751,0.8396
2050-08-30 07:00:00,5792,40732.850081294986,0.9155999999999999
2050-08-30 08:00:00,5793,43277.54102127979,0.9728000000000001
2050-08-30 09:00:00,5794,44265.16582665849,0.995
2050-08-30 10:00:00,5795,44291.85838896603,0.9956
2050-08-30 11:00:00,5796,44314.102190888974,0.9961000000000001
2050-08-30 12:00:00,5797,44487.603845887934,1.0
2050-08-30 13:00:00,5798,44487.603845887934,1.0
2050-08-30 14:00:00,5799,43909.2649958914,0.9870000000000001
2050-08-30 15:00:00,5800,42819.318701667136,0.9625
2050-08-30 16:00:00,5801,41444.6517428292,0.9316
2050-08-30 17:00:00,5802,40096.6773462988,0.9013000000000001
2050-08-30 18:00:00,5803,39126.84758245844,0.8795000000000001
2050-08-30 19:00:00,5804,38681.971543999556,0.8694999999999999
2050-08-30 20:00:00,5805,38548.508732461894,0.8665
2050-08-30 21:00:00,5806,38286.031869771155,0.8606
2050-08-30 22:00:00,5807,37400.72855323799,0.8407000000000001
2050-08-30 23:00:00,5808,35487.7615878648,0.7976999999999999
2050-08-31 00:00:00,5809,33049.840897110145,0.7429
2050-08-31 01:00:00,5810,33049.840897110145,0.7429
2050-08-31 02:00:00,5811,33494.71693556903,0.7529
2050-08-31 03:00:00,5812,33147.7136255711,0.7451
2050-08-31 04:00:00,5813,33209.996270955344,0.7465
2050-08-31 05:00:00,5814,34562.419427870336,0.7769
2050-08-31 06:00:00,5815,37351.79218900751,0.8396
2050-08-31 07:00:00,5816,40732.850081294986,0.9155999999999999
2050-08-31 08:00:00,5817,43277.54102127979,0.9728000000000001
2050-08-31 09:00:00,5818,44265.16582665849,0.995
2050-08-31 10:00:00,5819,44291.85838896603,0.9956
2050-08-31 11:00:00,5820,44314.102190888974,0.9961000000000001
2050-08-31 12:00:00,5821,44487.603845887934,1.0
2050-08-31 13:00:00,5822,44487.603845887934,1.0
2050-08-31 14:00:00,5823,43909.2649958914,0.9870000000000001
2050-08-31 15:00:00,5824,42819.318701667136,0.9625
2050-08-31 16:00:00,5825,41444.6517428292,0.9316
2050-08-31 17:00:00,5826,40096.6773462988,0.9013000000000001
2050-08-31 18:00:00,5827,39126.84758245844,0.8795000000000001
2050-08-31 19:00:00,5828,38681.971543999556,0.8694999999999999
2050-08-31 20:00:00,5829,38548.508732461894,0.8665
2050-08-31 21:00:00,5830,38286.031869771155,0.8606
2050-08-31 22:00:00,5831,37400.72855323799,0.8407000000000001
2050-08-31 23:00:00,5832,35487.7615878648,0.7976999999999999
2050-09-01 00:00:00,5833,33049.840897110145,0.7429
2050-09-01 01:00:00,5834,33049.840897110145,0.7429
2050-09-01 02:00:00,5835,33494.71693556903,0.7529
2050-09-01 03:00:00,5836,33147.7136255711,0.7451
2050-09-01 04:00:00,5837,33209.996270955344,0.7465
2050-09-01 05:00:00,5838,34562.419427870336,0.7769
2050-09-01 06:00:00,5839,37351.79218900751,0.8396
2050-09-01 07:00:00,5840,40732.850081294986,0.9155999999999999
2050-09-01 08:00:00,5841,43277.54102127979,0.9728000000000001
2050-09-01 09:00:00,5842,44265.16582665849,0.995
2050-09-01 10:00:00,5843,44291.85838896603,0.9956
2050-09-01 11:00:00,5844,44314.102190888974,0.9961000000000001
2050-09-01 12:00:00,5845,44487.603845887934,1.0
2050-09-01 13:00:00,5846,44487.603845887934,1.0
2050-09-01 14:00:00,5847,43909.2649958914,0.9870000000000001
2050-09-01 15:00:00,5848,42819.318701667136,0.9625
2050-09-01 16:00:00,5849,41444.6517428292,0.9316
2050-09-01 17:00:00,5850,40096.6773462988,0.9013000000000001
2050-09-01 18:00:00,5851,39126.84758245844,0.8795000000000001
2050-09-01 19:00:00,5852,38681.971543999556,0.8694999999999999
2050-09-01 20:00:00,5853,38548.508732461894,0.8665
2050-09-01 21:00:00,5854,38286.031869771155,0.8606
2050-09-01 22:00:00,5855,37400.72855323799,0.8407000000000001
2050-09-01 23:00:00,5856,35487.7615878648,0.7976999999999999
2050-09-02 00:00:00,5857,33049.840897110145,0.7429
2050-09-02 01:00:00,5858,33049.840897110145,0.7429
2050-09-02 02:00:00,5859,33494.71693556903,0.7529
2050-09-02 03:00:00,5860,33147.7136255711,0.7451
2050-09-02 04:00:00,5861,33209.996270955344,0.7465
2050-09-02 05:00:00,5862,34562.419427870336,0.7769
2050-09-02 06:00:00,5863,37351.79218900751,0.8396
2050-09-02 07:00:00,5864,40732.850081294986,0.9155999999999999
2050-09-02 08:00:00,5865,43277.54102127979,0.9728000000000001
2050-09-02 09:00:00,5866,44265.16582665849,0.995
2050-09-02 10:00:00,5867,44291.85838896603,0.9956
2050-09-02 11:00:00,5868,44314.102190888974,0.9961000000000001
2050-09-02 12:00:00,5869,44487.603845887934,1.0
2050-09-02 13:00:00,5870,44487.603845887934,1.0
2050-09-02 14:00:00,5871,43909.2649958914,0.9870000000000001
2050-09-02 15:00:00,5872,42819.318701667136,0.9625
2050-09-02 16:00:00,5873,41444.6517428292,0.9316
2050-09-02 17:00:00,5874,40096.6773462988,0.9013000000000001
2050-09-02 18:00:00,5875,39126.84758245844,0.8795000000000001
2050-09-02 19:00:00,5876,38681.971543999556,0.8694999999999999
2050-09-02 20:00:00,5877,38548.508732461894,0.8665
2050-09-02 21:00:00,5878,38286.031869771155,0.8606
2050-09-02 22:00:00,5879,37400.72855323799,0.8407000000000001
2050-09-02 23:00:00,5880,35487.7615878648,0.7976999999999999
2050-09-03 00:00:00,5881,22288.289526789857,0.501
2050-09-03 01:00:00,5882,22288.289526789857,0.501
2050-09-03 02:00:00,5883,20615.555622184467,0.4634
2050-09-03 03:00:00,5884,19796.983711420133,0.44500000000000006
2050-09-03 04:00:00,5885,19592.34073372905,0.44040000000000007
2050-09-03 05:00:00,5886,19739.149826420475,0.4437
2050-09-03 06:00:00,5887,19983.83164757286,0.44920000000000004
2050-09-03 07:00:00,5888,20152.884542187236,0.453
2050-09-03 08:00:00,5889,20210.718427186886,0.4543
2050-09-03 09:00:00,5890,20215.167187571482,0.4544000000000001
2050-09-03 10:00:00,5891,20224.064708340655,0.4546
2050-09-03 11:00:00,5892,20246.3085102636,0.4551
2050-09-03 12:00:00,5893,20255.206031032772,0.4552999999999999
2050-09-03 13:00:00,5894,20192.923385648537,0.4539000000000001
2050-09-03 14:00:00,5895,19992.72916834204,0.4494000000000001
2050-09-03 15:00:00,5896,19667.969660267056,0.4421
2050-09-03 16:00:00,5897,19338.761391807482,0.4346999999999999
2050-09-03 17:00:00,5898,19120.772132962637,0.42980000000000007
2050-09-03 18:00:00,5899,19009.553123347912,0.42729999999999996
2050-09-03 19:00:00,5900,18951.719238348258,0.42599999999999993
2050-09-03 20:00:00,5901,18965.06551950203,0.42630000000000007
2050-09-03 21:00:00,5902,19200.849819885232,0.4316
2050-09-03 22:00:00,5903,19881.510158727317,0.44689999999999996
2050-09-03 23:00:00,5904,21282.86967987279,0.47840000000000005
2050-09-04 00:00:00,5905,22288.289526789857,0.501
2050-09-04 01:00:00,5906,22288.289526789857,0.501
2050-09-04 02:00:00,5907,20615.555622184467,0.4634
2050-09-04 03:00:00,5908,19796.983711420133,0.44500000000000006
2050-09-04 04:00:00,5909,19592.34073372905,0.44040000000000007
2050-09-04 05:00:00,5910,19739.149826420475,0.4437
2050-09-04 06:00:00,5911,19983.83164757286,0.44920000000000004
2050-09-04 07:00:00,5912,20152.884542187236,0.453
2050-09-04 08:00:00,5913,20210.718427186886,0.4543
2050-09-04 09:00:00,5914,20215.167187571482,0.4544000000000001
2050-09-04 10:00:00,5915,20224.064708340655,0.4546
2050-09-04 11:00:00,5916,20246.3085102636,0.4551
2050-09-04 12:00:00,5917,20255.206031032772,0.4552999999999999
2050-09-04 13:00:00,5918,20192.923385648537,0.4539000000000001
2050-09-04 14:00:00,5919,19992.72916834204,0.4494000000000001
2050-09-04 15:00:00,5920,19667.969660267056,0.4421
2050-09-04 16:00:00,5921,19338.761391807482,0.4346999999999999
2050-09-04 17:00:00,5922,19120.772132962637,0.42980000000000007
2050-09-04 18:00:00,5923,19009.553123347912,0.42729999999999996
2050-09-04 19:00:00,5924,18951.719238348258,0.42599999999999993
2050-09-04 20:00:00,5925,18965.06551950203,0.42630000000000007
2050-09-04 21:00:00,5926,19200.849819885232,0.4316
2050-09-04 22:00:00,5927,19881.510158727317,0.44689999999999996
2050-09-04 23:00:00,5928,21282.86967987279,0.47840000000000005
2050-09-05 00:00:00,5929,33049.840897110145,0.7429
2050-09-05 01:00:00,5930,33049.840897110145,0.7429
2050-09-05 02:00:00,5931,33494.71693556903,0.7529
2050-09-05 03:00:00,5932,33147.7136255711,0.7451
2050-09-05 04:00:00,5933,33209.996270955344,0.7465
2050-09-05 05:00:00,5934,34562.419427870336,0.7769
2050-09-05 06:00:00,5935,37351.79218900751,0.8396
2050-09-05 07:00:00,5936,40732.850081294986,0.9155999999999999
2050-09-05 08:00:00,5937,43277.54102127979,0.9728000000000001
2050-09-05 09:00:00,5938,44265.16582665849,0.995
2050-09-05 10:00:00,5939,44291.85838896603,0.9956
2050-09-05 11:00:00,5940,44314.102190888974,0.9961000000000001
2050-09-05 12:00:00,5941,44487.603845887934,1.0
2050-09-05 13:00:00,5942,44487.603845887934,1.0
2050-09-05 14:00:00,5943,43909.2649958914,0.9870000000000001
2050-09-05 15:00:00,5944,42819.318701667136,0.9625
2050-09-05 16:00:00,5945,41444.6517428292,0.9316
2050-09-05 17:00:00,5946,40096.6773462988,0.9013000000000001
2050-09-05 18:00:00,5947,39126.84758245844,0.8795000000000001
2050-09-05 19:00:00,5948,38681.971543999556,0.8694999999999999
2050-09-05 20:00:00,5949,38548.508732461894,0.8665
2050-09-05 21:00:00,5950,38286.031869771155,0.8606
2050-09-05 22:00:00,5951,37400.72855323799,0.8407000000000001
2050-09-05 23:00:00,5952,35487.7615878648,0.7976999999999999
2050-09-06 00:00:00,5953,33049.840897110145,0.7429
2050-09-06 01:00:00,5954,33049.840897110145,0.7429
2050-09-06 02:00:00,5955,33494.71693556903,0.7529
2050-09-06 03:00:00,5956,33147.7136255711,0.7451
2050-09-06 04:00:00,5957,33209.996270955344,0.7465
2050-09-06 05:00:00,5958,34562.419427870336,0.7769
2050-09-06 06:00:00,5959,37351.79218900751,0.8396
2050-09-06 07:00:00,5960,40732.850081294986,0.9155999999999999
2050-09-06 08:00:00,5961,43277.54102127979,0.9728000000000001
2050-09-06 09:00:00,5962,44265.16582665849,0.995
2050-09-06 10:00:00,5963,44291.85838896603,0.9956
2050-09-06 11:00:00,5964,44314.102190888974,0.9961000000000001
2050-09-06 12:00:00,5965,44487.603845887934,1.0
2050-09-06 13:00:00,5966,44487.603845887934,1.0
2050-09-06 14:00:00,5967,43909.2649958914,0.9870000000000001
2050-09-06 15:00:00,5968,42819.318701667136,0.9625
2050-09-06 16:00:00,5969,41444.6517428292,0.9316
2050-09-06 17:00:00,5970,40096.6773462988,0.9013000000000001
2050-09-06 18:00:00,5971,39126.84758245844,0.8795000000000001
2050-09-06 19:00:00,5972,38681.971543999556,0.8694999999999999
2050-09-06 20:00:00,5973,38548.508732461894,0.8665
2050-09-06 21:00:00,5974,38286.031869771155,0.8606
2050-09-06 22:00:00,5975,37400.72855323799,0.8407000000000001
2050-09-06 23:00:00,5976,35487.7615878648,0.7976999999999999
2050-09-07 00:00:00,5977,33049.840897110145,0.7429
2050-09-07 01:00:00,5978,33049.840897110145,0.7429
2050-09-07 02:00:00,5979,33494.71693556903,0.7529
2050-09-07 03:00:00,5980,33147.7136255711,0.7451
2050-09-07 04:00:00,5981,33209.996270955344,0.7465
2050-09-07 05:00:00,5982,34562.419427870336,0.7769
2050-09-07 06:00:00,5983,37351.79218900751,0.8396
2050-09-07 07:00:00,5984,40732.850081294986,0.9155999999999999
2050-09-07 08:00:00,5985,43277.54102127979,0.9728000000000001
2050-09-07 09:00:00,5986,44265.16582665849,0.995
2050-09-07 10:00:00,5987,44291.85838896603,0.9956
2050-09-07 11:00:00,5988,44314.102190888974,0.9961000000000001
2050-09-07 12:00:00,5989,44487.603845887934,1.0
2050-09-07 13:00:00,5990,44487.603845887934,1.0
2050-09-07 14:00:00,5991,43909.2649958914,0.9870000000000001
2050-09-07 15:00:00,5992,42819.318701667136,0.9625
2050-09-07 16:00:00,5993,41444.6517428292,0.9316
2050-09-07 17:00:00,5994,40096.6773462988,0.9013000000000001
2050-09-07 18:00:00,5995,39126.84758245844,0.8795000000000001
2050-09-07 19:00:00,5996,38681.971543999556,0.8694999999999999
2050-09-07 20:00:00,5997,38548.508732461894,0.8665
2050-09-07 21:00:00,5998,38286.031869771155,0.8606
2050-09-07 22:00:00,5999,37400.72855323799,0.8407000000000001
2050-09-07 23:00:00,6000,35487.7615878648,0.7976999999999999
2050-09-08 00:00:00,6001,33049.840897110145,0.7429
2050-09-08 01:00:00,6002,33049.840897110145,0.7429
2050-09-08 02:00:00,6003,33494.71693556903,0.7529
2050-09-08 03:00:00,6004,33147.7136255711,0.7451
2050-09-08 04:00:00,6005,33209.996270955344,0.7465
2050-09-08 05:00:00,6006,34562.419427870336,0.7769
2050-09-08 06:00:00,6007,37351.79218900751,0.8396
2050-09-08 07:00:00,6008,40732.850081294986,0.9155999999999999
2050-09-08 08:00:00,6009,43277.54102127979,0.9728000000000001
2050-09-08 09:00:00,6010,44265.16582665849,0.995
2050-09-08 10:00:00,6011,44291.85838896603,0.9956
2050-09-08 11:00:00,6012,44314.102190888974,0.9961000000000001
2050-09-08 12:00:00,6013,44487.603845887934,1.0
2050-09-08 13:00:00,6014,44487.603845887934,1.0
2050-09-08 14:00:00,6015,43909.2649958914,0.9870000000000001
2050-09-08 15:00:00,6016,42819.318701667136,0.9625
2050-09-08 16:00:00,6017,41444.6517428292,0.9316
2050-09-08 17:00:00,6018,40096.6773462988,0.9013000000000001
2050-09-08 18:00:00,6019,39126.84758245844,0.8795000000000001
2050-09-08 19:00:00,6020,38681.971543999556,0.8694999999999999
2050-09-08 20:00:00,6021,38548.508732461894,0.8665
2050-09-08 21:00:00,6022,38286.031869771155,0.8606
2050-09-08 22:00:00,6023,37400.72855323799,0.8407000000000001
2050-09-08 23:00:00,6024,35487.7615878648,0.7976999999999999
2050-09-09 00:00:00,6025,33049.840897110145,0.7429
2050-09-09 01:00:00,6026,33049.840897110145,0.7429
2050-09-09 02:00:00,6027,33494.71693556903,0.7529
2050-09-09 03:00:00,6028,33147.7136255711,0.7451
2050-09-09 04:00:00,6029,33209.996270955344,0.7465
2050-09-09 05:00:00,6030,34562.419427870336,0.7769
2050-09-09 06:00:00,6031,37351.79218900751,0.8396
2050-09-09 07:00:00,6032,40732.850081294986,0.9155999999999999
2050-09-09 08:00:00,6033,43277.54102127979,0.9728000000000001
2050-09-09 09:00:00,6034,44265.16582665849,0.995
2050-09-09 10:00:00,6035,44291.85838896603,0.9956
2050-09-09 11:00:00,6036,44314.102190888974,0.9961000000000001
2050-09-09 12:00:00,6037,44487.603845887934,1.0
2050-09-09 13:00:00,6038,44487.603845887934,1.0
2050-09-09 14:00:00,6039,43909.2649958914,0.9870000000000001
2050-09-09 15:00:00,6040,42819.318701667136,0.9625
2050-09-09 16:00:00,6041,41444.6517428292,0.9316
2050-09-09 17:00:00,6042,40096.6773462988,0.9013000000000001
2050-09-09 18:00:00,6043,39126.84758245844,0.8795000000000001
2050-09-09 19:00:00,6044,38681.971543999556,0.8694999999999999
2050-09-09 20:00:00,6045,38548.508732461894,0.8665
2050-09-09 21:00:00,6046,38286.031869771155,0.8606
2050-09-09 22:00:00,6047,37400.72855323799,0.8407000000000001
2050-09-09 23:00:00,6048,35487.7615878648,0.7976999999999999
2050-09-10 00:00:00,6049,22288.289526789857,0.501
2050-09-10 01:00:00,6050,22288.289526789857,0.501
2050-09-10 02:00:00,6051,20615.555622184467,0.4634
2050-09-10 03:00:00,6052,19796.983711420133,0.44500000000000006
2050-09-10 04:00:00,6053,19592.34073372905,0.44040000000000007
2050-09-10 05:00:00,6054,19739.149826420475,0.4437
2050-09-10 06:00:00,6055,19983.83164757286,0.44920000000000004
2050-09-10 07:00:00,6056,20152.884542187236,0.453
2050-09-10 08:00:00,6057,20210.718427186886,0.4543
2050-09-10 09:00:00,6058,20215.167187571482,0.4544000000000001
2050-09-10 10:00:00,6059,20224.064708340655,0.4546
2050-09-10 11:00:00,6060,20246.3085102636,0.4551
2050-09-10 12:00:00,6061,20255.206031032772,0.4552999999999999
2050-09-10 13:00:00,6062,20192.923385648537,0.4539000000000001
2050-09-10 14:00:00,6063,19992.72916834204,0.4494000000000001
2050-09-10 15:00:00,6064,19667.969660267056,0.4421
2050-09-10 16:00:00,6065,19338.761391807482,0.4346999999999999
2050-09-10 17:00:00,6066,19120.772132962637,0.42980000000000007
2050-09-10 18:00:00,6067,19009.553123347912,0.42729999999999996
2050-09-10 19:00:00,6068,18951.719238348258,0.42599999999999993
2050-09-10 20:00:00,6069,18965.06551950203,0.42630000000000007
2050-09-10 21:00:00,6070,19200.849819885232,0.4316
2050-09-10 22:00:00,6071,19881.510158727317,0.44689999999999996
2050-09-10 23:00:00,6072,21282.86967987279,0.47840000000000005
2050-09-11 00:00:00,6073,22288.289526789857,0.501
2050-09-11 01:00:00,6074,22288.289526789857,0.501
2050-09-11 02:00:00,6075,20615.555622184467,0.4634
2050-09-11 03:00:00,6076,19796.983711420133,0.44500000000000006
2050-09-11 04:00:00,6077,19592.34073372905,0.44040000000000007
2050-09-11 05:00:00,6078,19739.149826420475,0.4437
2050-09-11 06:00:00,6079,19983.83164757286,0.44920000000000004
2050-09-11 07:00:00,6080,20152.884542187236,0.453
2050-09-11 08:00:00,6081,20210.718427186886,0.4543
2050-09-11 09:00:00,6082,20215.167187571482,0.4544000000000001
2050-09-11 10:00:00,6083,20224.064708340655,0.4546
2050-09-11 11:00:00,6084,20246.3085102636,0.4551
2050-09-11 12:00:00,6085,20255.206031032772,0.4552999999999999
2050-09-11 13:00:00,6086,20192.923385648537,0.4539000000000001
2050-09-11 14:00:00,6087,19992.72916834204,0.4494000000000001
2050-09-11 15:00:00,6088,19667.969660267056,0.4421
2050-09-11 16:00:00,6089,19338.761391807482,0.4346999999999999
2050-09-11 17:00:00,6090,19120.772132962637,0.42980000000000007
2050-09-11 18:00:00,6091,19009.553123347912,0.42729999999999996
2050-09-11 19:00:00,6092,18951.719238348258,0.42599999999999993
2050-09-11 20:00:00,6093,18965.06551950203,0.42630000000000007
2050-09-11 21:00:00,6094,19200.849819885232,0.4316
2050-09-11 22:00:00,6095,19881.510158727317,0.44689999999999996
2050-09-11 23:00:00,6096,21282.86967987279,0.47840000000000005
2050-09-12 00:00:00,6097,33049.840897110145,0.7429
2050-09-12 01:00:00,6098,33049.840897110145,0.7429
2050-09-12 02:00:00,6099,33494.71693556903,0.7529
2050-09-12 03:00:00,6100,33147.7136255711,0.7451
2050-09-12 04:00:00,6101,33209.996270955344,0.7465
2050-09-12 05:00:00,6102,34562.419427870336,0.7769
2050-09-12 06:00:00,6103,37351.79218900751,0.8396
2050-09-12 07:00:00,6104,40732.850081294986,0.9155999999999999
2050-09-12 08:00:00,6105,43277.54102127979,0.9728000000000001
2050-09-12 09:00:00,6106,44265.16582665849,0.995
2050-09-12 10:00:00,6107,44291.85838896603,0.9956
2050-09-12 11:00:00,6108,44314.102190888974,0.9961000000000001
2050-09-12 12:00:00,6109,44487.603845887934,1.0
2050-09-12 13:00:00,6110,44487.603845887934,1.0
2050-09-12 14:00:00,6111,43909.2649958914,0.9870000000000001
2050-09-12 15:00:00,6112,42819.318701667136,0.9625
2050-09-12 16:00:00,6113,41444.6517428292,0.9316
2050-09-12 17:00:00,6114,40096.6773462988,0.9013000000000001
2050-09-12 18:00:00,6115,39126.84758245844,0.8795000000000001
2050-09-12 19:00:00,6116,38681.971543999556,0.8694999999999999
2050-09-12 20:00:00,6117,38548.508732461894,0.8665
2050-09-12 21:00:00,6118,38286.031869771155,0.8606
2050-09-12 22:00:00,6119,37400.72855323799,0.8407000000000001
2050-09-12 23:00:00,6120,35487.7615878648,0.7976999999999999
2050-09-13 00:00:00,6121,33049.840897110145,0.7429
2050-09-13 01:00:00,6122,33049.840897110145,0.7429
2050-09-13 02:00:00,6123,33494.71693556903,0.7529
2050-09-13 03:00:00,6124,33147.7136255711,0.7451
2050-09-13 04:00:00,6125,33209.996270955344,0.7465
2050-09-13 05:00:00,6126,34562.419427870336,0.7769
2050-09-13 06:00:00,6127,37351.79218900751,0.8396
2050-09-13 07:00:00,6128,40732.850081294986,0.9155999999999999
2050-09-13 08:00:00,6129,43277.54102127979,0.9728000000000001
2050-09-13 09:00:00,6130,44265.16582665849,0.995
2050-09-13 10:00:00,6131,44291.85838896603,0.9956
2050-09-13 11:00:00,6132,44314.102190888974,0.9961000000000001
2050-09-13 12:00:00,6133,44487.603845887934,1.0
2050-09-13 13:00:00,6134,44487.603845887934,1.0
2050-09-13 14:00:00,6135,43909.2649958914,0.9870000000000001
2050-09-13 15:00:00,6136,42819.318701667136,0.9625
2050-09-13 16:00:00,6137,41444.6517428292,0.9316
2050-09-13 17:00:00,6138,40096.6773462988,0.9013000000000001
2050-09-13 18:00:00,6139,39126.84758245844,0.8795000000000001
2050-09-13 19:00:00,6140,38681.971543999556,0.8694999999999999
2050-09-13 20:00:00,6141,38548.508732461894,0.8665
2050-09-13 21:00:00,6142,38286.031869771155,0.8606
2050-09-13 22:00:00,6143,37400.72855323799,0.8407000000000001
2050-09-13 23:00:00,6144,35487.7615878648,0.7976999999999999
2050-09-14 00:00:00,6145,33049.840897110145,0.7429
2050-09-14 01:00:00,6146,33049.840897110145,0.7429
2050-09-14 02:00:00,6147,33494.71693556903,0.7529
2050-09-14 03:00:00,6148,33147.7136255711,0.7451
2050-09-14 04:00:00,6149,33209.996270955344,0.7465
2050-09-14 05:00:00,6150,34562.419427870336,0.7769
2050-09-14 06:00:00,6151,37351.79218900751,0.8396
2050-09-14 07:00:00,6152,40732.850081294986,0.9155999999999999
2050-09-14 08:00:00,6153,43277.54102127979,0.9728000000000001
2050-09-14 09:00:00,6154,44265.16582665849,0.995
2050-09-14 10:00:00,6155,44291.85838896603,0.9956
2050-09-14 11:00:00,6156,44314.102190888974,0.9961000000000001
2050-09-14 12:00:00,6157,44487.603845887934,1.0
2050-09-14 13:00:00,6158,44487.603845887934,1.0
2050-09-14 14:00:00,6159,43909.2649958914,0.9870000000000001
2050-09-14 15:00:00,6160,42819.318701667136,0.9625
2050-09-14 16:00:00,6161,41444.6517428292,0.9316
2050-09-14 17:00:00,6162,40096.6773462988,0.9013000000000001
2050-09-14 18:00:00,6163,39126.84758245844,0.8795000000000001
2050-09-14 19:00:00,6164,38681.971543999556,0.8694999999999999
2050-09-14 20:00:00,6165,38548.508732461894,0.8665
2050-09-14 21:00:00,6166,38286.031869771155,0.8606
2050-09-14 22:00:00,6167,37400.72855323799,0.8407000000000001
2050-09-14 23:00:00,6168,35487.7615878648,0.7976999999999999
2050-09-15 00:00:00,6169,33049.840897110145,0.7429
2050-09-15 01:00:00,6170,33049.840897110145,0.7429
2050-09-15 02:00:00,6171,33494.71693556903,0.7529
2050-09-15 03:00:00,6172,33147.7136255711,0.7451
2050-09-15 04:00:00,6173,33209.996270955344,0.7465
2050-09-15 05:00:00,6174,34562.419427870336,0.7769
2050-09-15 06:00:00,6175,37351.79218900751,0.8396
2050-09-15 07:00:00,6176,40732.850081294986,0.9155999999999999
2050-09-15 08:00:00,6177,43277.54102127979,0.9728000000000001
2050-09-15 09:00:00,6178,44265.16582665849,0.995
2050-09-15 10:00:00,6179,44291.85838896603,0.9956
2050-09-15 11:00:00,6180,44314.102190888974,0.9961000000000001
2050-09-15 12:00:00,6181,44487.603845887934,1.0
2050-09-15 13:00:00,6182,44487.603845887934,1.0
2050-09-15 14:00:00,6183,43909.2649958914,0.9870000000000001
2050-09-15 15:00:00,6184,42819.318701667136,0.9625
2050-09-15 16:00:00,6185,41444.6517428292,0.9316
2050-09-15 17:00:00,6186,40096.6773462988,0.9013000000000001
2050-09-15 18:00:00,6187,39126.84758245844,0.8795000000000001
2050-09-15 19:00:00,6188,38681.971543999556,0.8694999999999999
2050-09-15 20:00:00,6189,38548.508732461894,0.8665
2050-09-15 21:00:00,6190,38286.031869771155,0.8606
2050-09-15 22:00:00,6191,37400.72855323799,0.8407000000000001
2050-09-15 23:00:00,6192,35487.7615878648,0.7976999999999999
2050-09-16 00:00:00,6193,33049.840897110145,0.7429
2050-09-16 01:00:00,6194,33049.840897110145,0.7429
2050-09-16 02:00:00,6195,33494.71693556903,0.7529
2050-09-16 03:00:00,6196,33147.7136255711,0.7451
2050-09-16 04:00:00,6197,33209.996270955344,0.7465
2050-09-16 05:00:00,6198,34562.419427870336,0.7769
2050-09-16 06:00:00,6199,37351.79218900751,0.8396
2050-09-16 07:00:00,6200,40732.850081294986,0.9155999999999999
2050-09-16 08:00:00,6201,43277.54102127979,0.9728000000000001
2050-09-16 09:00:00,6202,44265.16582665849,0.995
2050-09-16 10:00:00,6203,44291.85838896603,0.9956
2050-09-16 11:00:00,6204,44314.102190888974,0.9961000000000001
2050-09-16 12:00:00,6205,44487.603845887934,1.0
2050-09-16 13:00:00,6206,44487.603845887934,1.0
2050-09-16 14:00:00,6207,43909.2649958914,0.9870000000000001
2050-09-16 15:00:00,6208,42819.318701667136,0.9625
2050-09-16 16:00:00,6209,41444.6517428292,0.9316
2050-09-16 17:00:00,6210,40096.6773462988,0.9013000000000001
2050-09-16 18:00:00,6211,39126.84758245844,0.8795000000000001
2050-09-16 19:00:00,6212,38681.971543999556,0.8694999999999999
2050-09-16 20:00:00,6213,38548.508732461894,0.8665
2050-09-16 21:00:00,6214,38286.031869771155,0.8606
2050-09-16 22:00:00,6215,37400.72855323799,0.8407000000000001
2050-09-16 23:00:00,6216,35487.7615878648,0.7976999999999999
2050-09-17 00:00:00,6217,22288.289526789857,0.501
2050-09-17 01:00:00,6218,22288.289526789857,0.501
2050-09-17 02:00:00,6219,20615.555622184467,0.4634
2050-09-17 03:00:00,6220,19796.983711420133,0.44500000000000006
2050-09-17 04:00:00,6221,19592.34073372905,0.44040000000000007
2050-09-17 05:00:00,6222,19739.149826420475,0.4437
2050-09-17 06:00:00,6223,19983.83164757286,0.44920000000000004
2050-09-17 07:00:00,6224,20152.884542187236,0.453
2050-09-17 08:00:00,6225,20210.718427186886,0.4543
2050-09-17 09:00:00,6226,20215.167187571482,0.4544000000000001
2050-09-17 10:00:00,6227,20224.064708340655,0.4546
2050-09-17 11:00:00,6228,20246.3085102636,0.4551
2050-09-17 12:00:00,6229,20255.206031032772,0.4552999999999999
2050-09-17 13:00:00,6230,20192.923385648537,0.4539000000000001
2050-09-17 14:00:00,6231,19992.72916834204,0.4494000000000001
2050-09-17 15:00:00,6232,19667.969660267056,0.4421
2050-09-17 16:00:00,6233,19338.761391807482,0.4346999999999999
2050-09-17 17:00:00,6234,19120.772132962637,0.42980000000000007
2050-09-17 18:00:00,6235,19009.553123347912,0.42729999999999996
2050-09-17 19:00:00,6236,18951.719238348258,0.42599999999999993
2050-09-17 20:00:00,6237,18965.06551950203,0.42630000000000007
2050-09-17 21:00:00,6238,19200.849819885232,0.4316
2050-09-17 22:00:00,6239,19881.510158727317,0.44689999999999996
2050-09-17 23:00:00,6240,21282.86967987279,0.47840000000000005
2050-09-18 00:00:00,6241,22288.289526789857,0.501
2050-09-18 01:00:00,6242,22288.289526789857,0.501
2050-09-18 02:00:00,6243,20615.555622184467,0.4634
2050-09-18 03:00:00,6244,19796.983711420133,0.44500000000000006
2050-09-18 04:00:00,6245,19592.34073372905,0.44040000000000007
2050-09-18 05:00:00,6246,19739.149826420475,0.4437
2050-09-18 06:00:00,6247,19983.83164757286,0.44920000000000004
2050-09-18 07:00:00,6248,20152.884542187236,0.453
2050-09-18 08:00:00,6249,20210.718427186886,0.4543
2050-09-18 09:00:00,6250,20215.167187571482,0.4544000000000001
2050-09-18 10:00:00,6251,20224.064708340655,0.4546
2050-09-18 11:00:00,6252,20246.3085102636,0.4551
2050-09-18 12:00:00,6253,20255.206031032772,0.4552999999999999
2050-09-18 13:00:00,6254,20192.923385648537,0.4539000000000001
2050-09-18 14:00:00,6255,19992.72916834204,0.4494000000000001
2050-09-18 15:00:00,6256,19667.969660267056,0.4421
2050-09-18 16:00:00,6257,19338.761391807482,0.4346999999999999
2050-09-18 17:00:00,6258,19120.772132962637,0.42980000000000007
2050-09-18 18:00:00,6259,19009.553123347912,0.42729999999999996
2050-09-18 19:00:00,6260,18951.719238348258,0.42599999999999993
2050-09-18 20:00:00,6261,18965.06551950203,0.42630000000000007
2050-09-18 21:00:00,6262,19200.849819885232,0.4316
2050-09-18 22:00:00,6263,19881.510158727317,0.44689999999999996
2050-09-18 23:00:00,6264,21282.86967987279,0.47840000000000005
2050-09-19 00:00:00,6265,33049.840897110145,0.7429
2050-09-19 01:00:00,6266,33049.840897110145,0.7429
2050-09-19 02:00:00,6267,33494.71693556903,0.7529
2050-09-19 03:00:00,6268,33147.7136255711,0.7451
2050-09-19 04:00:00,6269,33209.996270955344,0.7465
2050-09-19 05:00:00,6270,34562.419427870336,0.7769
2050-09-19 06:00:00,6271,37351.79218900751,0.8396
2050-09-19 07:00:00,6272,40732.850081294986,0.9155999999999999
2050-09-19 08:00:00,6273,43277.54102127979,0.9728000000000001
2050-09-19 09:00:00,6274,44265.16582665849,0.995
2050-09-19 10:00:00,6275,44291.85838896603,0.9956
2050-09-19 11:00:00,6276,44314.102190888974,0.9961000000000001
2050-09-19 12:00:00,6277,44487.603845887934,1.0
2050-09-19 13:00:00,6278,44487.603845887934,1.0
2050-09-19 14:00:00,6279,43909.2649958914,0.9870000000000001
2050-09-19 15:00:00,6280,42819.318701667136,0.9625
2050-09-19 16:00:00,6281,41444.6517428292,0.9316
2050-09-19 17:00:00,6282,40096.6773462988,0.9013000000000001
2050-09-19 18:00:00,6283,39126.84758245844,0.8795000000000001
2050-09-19 19:00:00,6284,38681.971543999556,0.8694999999999999
2050-09-19 20:00:00,6285,38548.508732461894,0.8665
2050-09-19 21:00:00,6286,38286.031869771155,0.8606
2050-09-19 22:00:00,6287,37400.72855323799,0.8407000000000001
2050-09-19 23:00:00,6288,35487.7615878648,0.7976999999999999
2050-09-20 00:00:00,6289,33049.840897110145,0.7429
2050-09-20 01:00:00,6290,33049.840897110145,0.7429
2050-09-20 02:00:00,6291,33494.71693556903,0.7529
2050-09-20 03:00:00,6292,33147.7136255711,0.7451
2050-09-20 04:00:00,6293,33209.996270955344,0.7465
2050-09-20 05:00:00,6294,34562.419427870336,0.7769
2050-09-20 06:00:00,6295,37351.79218900751,0.8396
2050-09-20 07:00:00,6296,40732.850081294986,0.9155999999999999
2050-09-20 08:00:00,6297,43277.54102127979,0.9728000000000001
2050-09-20 09:00:00,6298,44265.16582665849,0.995
2050-09-20 10:00:00,6299,44291.85838896603,0.9956
2050-09-20 11:00:00,6300,44314.102190888974,0.9961000000000001
2050-09-20 12:00:00,6301,44487.603845887934,1.0
2050-09-20 13:00:00,6302,44487.603845887934,1.0
2050-09-20 14:00:00,6303,43909.2649958914,0.9870000000000001
2050-09-20 15:00:00,6304,42819.318701667136,0.9625
2050-09-20 16:00:00,6305,41444.6517428292,0.9316
2050-09-20 17:00:00,6306,40096.6773462988,0.9013000000000001
2050-09-20 18:00:00,6307,39126.84758245844,0.8795000000000001
2050-09-20 19:00:00,6308,38681.971543999556,0.8694999999999999
2050-09-20 20:00:00,6309,38548.508732461894,0.8665
2050-09-20 21:00:00,6310,38286.031869771155,0.8606
2050-09-20 22:00:00,6311,37400.72855323799,0.8407000000000001
2050-09-20 23:00:00,6312,35487.7615878648,0.7976999999999999
2050-09-21 00:00:00,6313,33049.840897110145,0.7429
2050-09-21 01:00:00,6314,33049.840897110145,0.7429
2050-09-21 02:00:00,6315,33494.71693556903,0.7529
2050-09-21 03:00:00,6316,33147.7136255711,0.7451
2050-09-21 04:00:00,6317,33209.996270955344,0.7465
2050-09-21 05:00:00,6318,34562.419427870336,0.7769
2050-09-21 06:00:00,6319,37351.79218900751,0.8396
2050-09-21 07:00:00,6320,40732.850081294986,0.9155999999999999
2050-09-21 08:00:00,6321,43277.54102127979,0.9728000000000001
2050-09-21 09:00:00,6322,44265.16582665849,0.995
2050-09-21 10:00:00,6323,44291.85838896603,0.9956
2050-09-21 11:00:00,6324,44314.102190888974,0.9961000000000001
2050-09-21 12:00:00,6325,44487.603845887934,1.0
2050-09-21 13:00:00,6326,44487.603845887934,1.0
2050-09-21 14:00:00,6327,43909.2649958914,0.9870000000000001
2050-09-21 15:00:00,6328,42819.318701667136,0.9625
2050-09-21 16:00:00,6329,41444.6517428292,0.9316
2050-09-21 17:00:00,6330,40096.6773462988,0.9013000000000001
2050-09-21 18:00:00,6331,39126.84758245844,0.8795000000000001
2050-09-21 19:00:00,6332,38681.971543999556,0.8694999999999999
2050-09-21 20:00:00,6333,38548.508732461894,0.8665
2050-09-21 21:00:00,6334,38286.031869771155,0.8606
2050-09-21 22:00:00,6335,37400.72855323799,0.8407000000000001
2050-09-21 23:00:00,6336,35487.7615878648,0.7976999999999999
2050-09-22 00:00:00,6337,33049.840897110145,0.7429
2050-09-22 01:00:00,6338,33049.840897110145,0.7429
2050-09-22 02:00:00,6339,33494.71693556903,0.7529
2050-09-22 03:00:00,6340,33147.7136255711,0.7451
2050-09-22 04:00:00,6341,33209.996270955344,0.7465
2050-09-22 05:00:00,6342,34562.419427870336,0.7769
2050-09-22 06:00:00,6343,37351.79218900751,0.8396
2050-09-22 07:00:00,6344,40732.850081294986,0.9155999999999999
2050-09-22 08:00:00,6345,43277.54102127979,0.9728000000000001
2050-09-22 09:00:00,6346,44265.16582665849,0.995
2050-09-22 10:00:00,6347,44291.85838896603,0.9956
2050-09-22 11:00:00,6348,44314.102190888974,0.9961000000000001
2050-09-22 12:00:00,6349,44487.603845887934,1.0
2050-09-22 13:00:00,6350,44487.603845887934,1.0
2050-09-22 14:00:00,6351,43909.2649958914,0.9870000000000001
2050-09-22 15:00:00,6352,42819.318701667136,0.9625
2050-09-22 16:00:00,6353,41444.6517428292,0.9316
2050-09-22 17:00:00,6354,40096.6773462988,0.9013000000000001
2050-09-22 18:00:00,6355,39126.84758245844,0.8795000000000001
2050-09-22 19:00:00,6356,38681.971543999556,0.8694999999999999
2050-09-22 20:00:00,6357,38548.508732461894,0.8665
2050-09-22 21:00:00,6358,38286.031869771155,0.8606
2050-09-22 22:00:00,6359,37400.72855323799,0.8407000000000001
2050-09-22 23:00:00,6360,35487.7615878648,0.7976999999999999
2050-09-23 00:00:00,6361,33049.840897110145,0.7429
2050-09-23 01:00:00,6362,33049.840897110145,0.7429
2050-09-23 02:00:00,6363,33494.71693556903,0.7529
2050-09-23 03:00:00,6364,33147.7136255711,0.7451
2050-09-23 04:00:00,6365,33209.996270955344,0.7465
2050-09-23 05:00:00,6366,34562.419427870336,0.7769
2050-09-23 06:00:00,6367,37351.79218900751,0.8396
2050-09-23 07:00:00,6368,40732.850081294986,0.9155999999999999
2050-09-23 08:00:00,6369,43277.54102127979,0.9728000000000001
2050-09-23 09:00:00,6370,44265.16582665849,0.995
2050-09-23 10:00:00,6371,44291.85838896603,0.9956
2050-09-23 11:00:00,6372,44314.102190888974,0.9961000000000001
2050-09-23 12:00:00,6373,44487.603845887934,1.0
2050-09-23 13:00:00,6374,44487.603845887934,1.0
2050-09-23 14:00:00,6375,43909.2649958914,0.9870000000000001
2050-09-23 15:00:00,6376,42819.318701667136,0.9625
2050-09-23 16:00:00,6377,41444.6517428292,0.9316
2050-09-23 17:00:00,6378,40096.6773462988,0.9013000000000001
2050-09-23 18:00:00,6379,39126.84758245844,0.8795000000000001
2050-09-23 19:00:00,6380,38681.971543999556,0.8694999999999999
2050-09-23 20:00:00,6381,38548.508732461894,0.8665
2050-09-23 21:00:00,6382,38286.031869771155,0.8606
2050-09-23 22:00:00,6383,37400.72855323799,0.8407000000000001
2050-09-23 23:00:00,6384,35487.7615878648,0.7976999999999999
2050-09-24 00:00:00,6385,22288.289526789857,0.501
2050-09-24 01:00:00,6386,22288.289526789857,0.501
2050-09-24 02:00:00,6387,20615.555622184467,0.4634
2050-09-24 03:00:00,6388,19796.983711420133,0.44500000000000006
2050-09-24 04:00:00,6389,19592.34073372905,0.44040000000000007
2050-09-24 05:00:00,6390,19739.149826420475,0.4437
2050-09-24 06:00:00,6391,19983.83164757286,0.44920000000000004
2050-09-24 07:00:00,6392,20152.884542187236,0.453
2050-09-24 08:00:00,6393,20210.718427186886,0.4543
2050-09-24 09:00:00,6394,20215.167187571482,0.4544000000000001
2050-09-24 10:00:00,6395,20224.064708340655,0.4546
2050-09-24 11:00:00,6396,20246.3085102636,0.4551
2050-09-24 12:00:00,6397,20255.206031032772,0.4552999999999999
2050-09-24 13:00:00,6398,20192.923385648537,0.4539000000000001
2050-09-24 14:00:00,6399,19992.72916834204,0.4494000000000001
2050-09-24 15:00:00,6400,19667.969660267056,0.4421
2050-09-24 16:00:00,6401,19338.761391807482,0.4346999999999999
2050-09-24 17:00:00,6402,19120.772132962637,0.42980000000000007
2050-09-24 18:00:00,6403,19009.553123347912,0.42729999999999996
2050-09-24 19:00:00,6404,18951.719238348258,0.42599999999999993
2050-09-24 20:00:00,6405,18965.06551950203,0.42630000000000007
2050-09-24 21:00:00,6406,19200.849819885232,0.4316
2050-09-24 22:00:00,6407,19881.510158727317,0.44689999999999996
2050-09-24 23:00:00,6408,21282.86967987279,0.47840000000000005
2050-09-25 00:00:00,6409,22288.289526789857,0.501
2050-09-25 01:00:00,6410,22288.289526789857,0.501
2050-09-25 02:00:00,6411,20615.555622184467,0.4634
2050-09-25 03:00:00,6412,19796.983711420133,0.44500000000000006
2050-09-25 04:00:00,6413,19592.34073372905,0.44040000000000007
2050-09-25 05:00:00,6414,19739.149826420475,0.4437
2050-09-25 06:00:00,6415,19983.83164757286,0.44920000000000004
2050-09-25 07:00:00,6416,20152.884542187236,0.453
2050-09-25 08:00:00,6417,20210.718427186886,0.4543
2050-09-25 09:00:00,6418,20215.167187571482,0.4544000000000001
2050-09-25 10:00:00,6419,20224.064708340655,0.4546
2050-09-25 11:00:00,6420,20246.3085102636,0.4551
2050-09-25 12:00:00,6421,20255.206031032772,0.4552999999999999
2050-09-25 13:00:00,6422,20192.923385648537,0.4539000000000001
2050-09-25 14:00:00,6423,19992.72916834204,0.4494000000000001
2050-09-25 15:00:00,6424,19667.969660267056,0.4421
2050-09-25 16:00:00,6425,19338.761391807482,0.4346999999999999
2050-09-25 17:00:00,6426,19120.772132962637,0.42980000000000007
2050-09-25 18:00:00,6427,19009.553123347912,0.42729999999999996
2050-09-25 19:00:00,6428,18951.719238348258,0.42599999999999993
2050-09-25 20:00:00,6429,18965.06551950203,0.42630000000000007
2050-09-25 21:00:00,6430,19200.849819885232,0.4316
2050-09-25 22:00:00,6431,19881.510158727317,0.44689999999999996
2050-09-25 23:00:00,6432,21282.86967987279,0.47840000000000005
2050-09-26 00:00:00,6433,33049.840897110145,0.7429
2050-09-26 01:00:00,6434,33049.840897110145,0.7429
2050-09-26 02:00:00,6435,33494.71693556903,0.7529
2050-09-26 03:00:00,6436,33147.7136255711,0.7451
2050-09-26 04:00:00,6437,33209.996270955344,0.7465
2050-09-26 05:00:00,6438,34562.419427870336,0.7769
2050-09-26 06:00:00,6439,37351.79218900751,0.8396
2050-09-26 07:00:00,6440,40732.850081294986,0.9155999999999999
2050-09-26 08:00:00,6441,43277.54102127979,0.9728000000000001
2050-09-26 09:00:00,6442,44265.16582665849,0.995
2050-09-26 10:00:00,6443,44291.85838896603,0.9956
2050-09-26 11:00:00,6444,44314.102190888974,0.9961000000000001
2050-09-26 12:00:00,6445,44487.603845887934,1.0
2050-09-26 13:00:00,6446,44487.603845887934,1.0
2050-09-26 14:00:00,6447,43909.2649958914,0.9870000000000001
2050-09-26 15:00:00,6448,42819.318701667136,0.9625
2050-09-26 16:00:00,6449,41444.6517428292,0.9316
2050-09-26 17:00:00,6450,40096.6773462988,0.9013000000000001
2050-09-26 18:00:00,6451,39126.84758245844,0.8795000000000001
2050-09-26 19:00:00,6452,38681.971543999556,0.8694999999999999
2050-09-26 20:00:00,6453,38548.508732461894,0.8665
2050-09-26 21:00:00,6454,38286.031869771155,0.8606
2050-09-26 22:00:00,6455,37400.72855323799,0.8407000000000001
2050-09-26 23:00:00,6456,35487.7615878648,0.7976999999999999
2050-09-27 00:00:00,6457,33049.840897110145,0.7429
2050-09-27 01:00:00,6458,33049.840897110145,0.7429
2050-09-27 02:00:00,6459,33494.71693556903,0.7529
2050-09-27 03:00:00,6460,33147.7136255711,0.7451
2050-09-27 04:00:00,6461,33209.996270955344,0.7465
2050-09-27 05:00:00,6462,34562.419427870336,0.7769
2050-09-27 06:00:00,6463,37351.79218900751,0.8396
2050-09-27 07:00:00,6464,40732.850081294986,0.9155999999999999
2050-09-27 08:00:00,6465,43277.54102127979,0.9728000000000001
2050-09-27 09:00:00,6466,44265.16582665849,0.995
2050-09-27 10:00:00,6467,44291.85838896603,0.9956
2050-09-27 11:00:00,6468,44314.102190888974,0.9961000000000001
2050-09-27 12:00:00,6469,44487.603845887934,1.0
2050-09-27 13:00:00,6470,44487.603845887934,1.0
2050-09-27 14:00:00,6471,43909.2649958914,0.9870000000000001
2050-09-27 15:00:00,6472,42819.318701667136,0.9625
2050-09-27 16:00:00,6473,41444.6517428292,0.9316
2050-09-27 17:00:00,6474,40096.6773462988,0.9013000000000001
2050-09-27 18:00:00,6475,39126.84758245844,0.8795000000000001
2050-09-27 19:00:00,6476,38681.971543999556,0.8694999999999999
2050-09-27 20:00:00,6477,38548.508732461894,0.8665
2050-09-27 21:00:00,6478,38286.031869771155,0.8606
2050-09-27 22:00:00,6479,37400.72855323799,0.8407000000000001
2050-09-27 23:00:00,6480,35487.7615878648,0.7976999999999999
2050-09-28 00:00:00,6481,33049.840897110145,0.7429
2050-09-28 01:00:00,6482,33049.840897110145,0.7429
2050-09-28 02:00:00,6483,33494.71693556903,0.7529
2050-09-28 03:00:00,6484,33147.7136255711,0.7451
2050-09-28 04:00:00,6485,33209.996270955344,0.7465
2050-09-28 05:00:00,6486,34562.419427870336,0.7769
2050-09-28 06:00:00,6487,37351.79218900751,0.8396
2050-09-28 07:00:00,6488,40732.850081294986,0.9155999999999999
2050-09-28 08:00:00,6489,43277.54102127979,0.9728000000000001
2050-09-28 09:00:00,6490,44265.16582665849,0.995
2050-09-28 10:00:00,6491,44291.85838896603,0.9956
2050-09-28 11:00:00,6492,44314.102190888974,0.9961000000000001
2050-09-28 12:00:00,6493,44487.603845887934,1.0
2050-09-28 13:00:00,6494,44487.603845887934,1.0
2050-09-28 14:00:00,6495,43909.2649958914,0.9870000000000001
2050-09-28 15:00:00,6496,42819.318701667136,0.9625
2050-09-28 16:00:00,6497,41444.6517428292,0.9316
2050-09-28 17:00:00,6498,40096.6773462988,0.9013000000000001
2050-09-28 18:00:00,6499,39126.84758245844,0.8795000000000001
2050-09-28 19:00:00,6500,38681.971543999556,0.8694999999999999
2050-09-28 20:00:00,6501,38548.508732461894,0.8665
2050-09-28 21:00:00,6502,38286.031869771155,0.8606
2050-09-28 22:00:00,6503,37400.72855323799,0.8407000000000001
2050-09-28 23:00:00,6504,35487.7615878648,0.7976999999999999
2050-09-29 00:00:00,6505,33049.840897110145,0.7429
2050-09-29 01:00:00,6506,33049.840897110145,0.7429
2050-09-29 02:00:00,6507,33494.71693556903,0.7529
2050-09-29 03:00:00,6508,33147.7136255711,0.7451
2050-09-29 04:00:00,6509,33209.996270955344,0.7465
2050-09-29 05:00:00,6510,34562.419427870336,0.7769
2050-09-29 06:00:00,6511,37351.79218900751,0.8396
2050-09-29 07:00:00,6512,40732.850081294986,0.9155999999999999
2050-09-29 08:00:00,6513,43277.54102127979,0.9728000000000001
2050-09-29 09:00:00,6514,44265.16582665849,0.995
2050-09-29 10:00:00,6515,44291.85838896603,0.9956
2050-09-29 11:00:00,6516,44314.102190888974,0.9961000000000001
2050-09-29 12:00:00,6517,44487.603845887934,1.0
2050-09-29 13:00:00,6518,44487.603845887934,1.0
2050-09-29 14:00:00,6519,43909.2649958914,0.9870000000000001
2050-09-29 15:00:00,6520,42819.318701667136,0.9625
2050-09-29 16:00:00,6521,41444.6517428292,0.9316
2050-09-29 17:00:00,6522,40096.6773462988,0.9013000000000001
2050-09-29 18:00:00,6523,39126.84758245844,0.8795000000000001
2050-09-29 19:00:00,6524,38681.971543999556,0.8694999999999999
2050-09-29 20:00:00,6525,38548.508732461894,0.8665
2050-09-29 21:00:00,6526,38286.031869771155,0.8606
2050-09-29 22:00:00,6527,37400.72855323799,0.8407000000000001
2050-09-29 23:00:00,6528,35487.7615878648,0.7976999999999999
2050-09-30 00:00:00,6529,33049.840897110145,0.7429
2050-09-30 01:00:00,6530,33049.840897110145,0.7429
2050-09-30 02:00:00,6531,33494.71693556903,0.7529
2050-09-30 03:00:00,6532,33147.7136255711,0.7451
2050-09-30 04:00:00,6533,33209.996270955344,0.7465
2050-09-30 05:00:00,6534,34562.419427870336,0.7769
2050-09-30 06:00:00,6535,37351.79218900751,0.8396
2050-09-30 07:00:00,6536,40732.850081294986,0.9155999999999999
2050-09-30 08:00:00,6537,43277.54102127979,0.9728000000000001
2050-09-30 09:00:00,6538,44265.16582665849,0.995
2050-09-30 10:00:00,6539,44291.85838896603,0.9956
2050-09-30 11:00:00,6540,44314.102190888974,0.9961000000000001
2050-09-30 12:00:00,6541,44487.603845887934,1.0
2050-09-30 13:00:00,6542,44487.603845887934,1.0
2050-09-30 14:00:00,6543,43909.2649958914,0.9870000000000001
2050-09-30 15:00:00,6544,42819.318701667136,0.9625
2050-09-30 16:00:00,6545,41444.6517428292,0.9316
2050-09-30 17:00:00,6546,40096.6773462988,0.9013000000000001
2050-09-30 18:00:00,6547,39126.84758245844,0.8795000000000001
2050-09-30 19:00:00,6548,38681.971543999556,0.8694999999999999
2050-09-30 20:00:00,6549,38548.508732461894,0.8665
2050-09-30 21:00:00,6550,38286.031869771155,0.8606
2050-09-30 22:00:00,6551,37400.72855323799,0.8407000000000001
2050-09-30 23:00:00,6552,35487.7615878648,0.7976999999999999
2050-10-01 00:00:00,6553,22288.289526789857,0.501
2050-10-01 01:00:00,6554,22288.289526789857,0.501
2050-10-01 02:00:00,6555,20615.555622184467,0.4634
2050-10-01 03:00:00,6556,19796.983711420133,0.44500000000000006
2050-10-01 04:00:00,6557,19592.34073372905,0.44040000000000007
2050-10-01 05:00:00,6558,19739.149826420475,0.4437
2050-10-01 06:00:00,6559,19983.83164757286,0.44920000000000004
2050-10-01 07:00:00,6560,20152.884542187236,0.453
2050-10-01 08:00:00,6561,20210.718427186886,0.4543
2050-10-01 09:00:00,6562,20215.167187571482,0.4544000000000001
2050-10-01 10:00:00,6563,20224.064708340655,0.4546
2050-10-01 11:00:00,6564,20246.3085102636,0.4551
2050-10-01 12:00:00,6565,20255.206031032772,0.4552999999999999
2050-10-01 13:00:00,6566,20192.923385648537,0.4539000000000001
2050-10-01 14:00:00,6567,19992.72916834204,0.4494000000000001
2050-10-01 15:00:00,6568,19667.969660267056,0.4421
2050-10-01 16:00:00,6569,19338.761391807482,0.4346999999999999
2050-10-01 17:00:00,6570,19120.772132962637,0.42980000000000007
2050-10-01 18:00:00,6571,19009.553123347912,0.42729999999999996
2050-10-01 19:00:00,6572,18951.719238348258,0.42599999999999993
2050-10-01 20:00:00,6573,18965.06551950203,0.42630000000000007
2050-10-01 21:00:00,6574,19200.849819885232,0.4316
2050-10-01 22:00:00,6575,19881.510158727317,0.44689999999999996
2050-10-01 23:00:00,6576,21282.86967987279,0.47840000000000005
2050-10-02 00:00:00,6577,22288.289526789857,0.501
2050-10-02 01:00:00,6578,22288.289526789857,0.501
2050-10-02 02:00:00,6579,20615.555622184467,0.4634
2050-10-02 03:00:00,6580,19796.983711420133,0.44500000000000006
2050-10-02 04:00:00,6581,19592.34073372905,0.44040000000000007
2050-10-02 05:00:00,6582,19739.149826420475,0.4437
2050-10-02 06:00:00,6583,19983.83164757286,0.44920000000000004
2050-10-02 07:00:00,6584,20152.884542187236,0.453
2050-10-02 08:00:00,6585,20210.718427186886,0.4543
2050-10-02 09:00:00,6586,20215.167187571482,0.4544000000000001
2050-10-02 10:00:00,6587,20224.064708340655,0.4546
2050-10-02 11:00:00,6588,20246.3085102636,0.4551
2050-10-02 12:00:00,6589,20255.206031032772,0.4552999999999999
2050-10-02 13:00:00,6590,20192.923385648537,0.4539000000000001
2050-10-02 14:00:00,6591,19992.72916834204,0.4494000000000001
2050-10-02 15:00:00,6592,19667.969660267056,0.4421
2050-10-02 16:00:00,6593,19338.761391807482,0.4346999999999999
2050-10-02 17:00:00,6594,19120.772132962637,0.42980000000000007
2050-10-02 18:00:00,6595,19009.553123347912,0.42729999999999996
2050-10-02 19:00:00,6596,18951.719238348258,0.42599999999999993
2050-10-02 20:00:00,6597,18965.06551950203,0.42630000000000007
2050-10-02 21:00:00,6598,19200.849819885232,0.4316
2050-10-02 22:00:00,6599,19881.510158727317,0.44689999999999996
2050-10-02 23:00:00,6600,21282.86967987279,0.47840000000000005
2050-10-03 00:00:00,6601,33049.840897110145,0.7429
2050-10-03 01:00:00,6602,33049.840897110145,0.7429
2050-10-03 02:00:00,6603,33494.71693556903,0.7529
2050-10-03 03:00:00,6604,33147.7136255711,0.7451
2050-10-03 04:00:00,6605,33209.996270955344,0.7465
2050-10-03 05:00:00,6606,34562.419427870336,0.7769
2050-10-03 06:00:00,6607,37351.79218900751,0.8396
2050-10-03 07:00:00,6608,40732.850081294986,0.9155999999999999
2050-10-03 08:00:00,6609,43277.54102127979,0.9728000000000001
2050-10-03 09:00:00,6610,44265.16582665849,0.995
2050-10-03 10:00:00,6611,44291.85838896603,0.9956
2050-10-03 11:00:00,6612,44314.102190888974,0.9961000000000001
2050-10-03 12:00:00,6613,44487.603845887934,1.0
2050-10-03 13:00:00,6614,44487.603845887934,1.0
2050-10-03 14:00:00,6615,43909.2649958914,0.9870000000000001
2050-10-03 15:00:00,6616,42819.318701667136,0.9625
2050-10-03 16:00:00,6617,41444.6517428292,0.9316
2050-10-03 17:00:00,6618,40096.6773462988,0.9013000000000001
2050-10-03 18:00:00,6619,39126.84758245844,0.8795000000000001
2050-10-03 19:00:00,6620,38681.971543999556,0.8694999999999999
2050-10-03 20:00:00,6621,38548.508732461894,0.8665
2050-10-03 21:00:00,6622,38286.031869771155,0.8606
2050-10-03 22:00:00,6623,37400.72855323799,0.8407000000000001
2050-10-03 23:00:00,6624,35487.7615878648,0.7976999999999999
2050-10-04 00:00:00,6625,33049.840897110145,0.7429
2050-10-04 01:00:00,6626,33049.840897110145,0.7429
2050-10-04 02:00:00,6627,33494.71693556903,0.7529
2050-10-04 03:00:00,6628,33147.7136255711,0.7451
2050-10-04 04:00:00,6629,33209.996270955344,0.7465
2050-10-04 05:00:00,6630,34562.419427870336,0.7769
2050-10-04 06:00:00,6631,37351.79218900751,0.8396
2050-10-04 07:00:00,6632,40732.850081294986,0.9155999999999999
2050-10-04 08:00:00,6633,43277.54102127979,0.9728000000000001
2050-10-04 09:00:00,6634,44265.16582665849,0.995
2050-10-04 10:00:00,6635,44291.85838896603,0.9956
2050-10-04 11:00:00,6636,44314.102190888974,0.9961000000000001
2050-10-04 12:00:00,6637,44487.603845887934,1.0
2050-10-04 13:00:00,6638,44487.603845887934,1.0
2050-10-04 14:00:00,6639,43909.2649958914,0.9870000000000001
2050-10-04 15:00:00,6640,42819.318701667136,0.9625
2050-10-04 16:00:00,6641,41444.6517428292,0.9316
2050-10-04 17:00:00,6642,40096.6773462988,0.9013000000000001
2050-10-04 18:00:00,6643,39126.84758245844,0.8795000000000001
2050-10-04 19:00:00,6644,38681.971543999556,0.8694999999999999
2050-10-04 20:00:00,6645,38548.508732461894,0.8665
2050-10-04 21:00:00,6646,38286.031869771155,0.8606
2050-10-04 22:00:00,6647,37400.72855323799,0.8407000000000001
2050-10-04 23:00:00,6648,35487.7615878648,0.7976999999999999
2050-10-05 00:00:00,6649,33049.840897110145,0.7429
2050-10-05 01:00:00,6650,33049.840897110145,0.7429
2050-10-05 02:00:00,6651,33494.71693556903,0.7529
2050-10-05 03:00:00,6652,33147.7136255711,0.7451
2050-10-05 04:00:00,6653,33209.996270955344,0.7465
2050-10-05 05:00:00,6654,34562.419427870336,0.7769
2050-10-05 06:00:00,6655,37351.79218900751,0.8396
2050-10-05 07:00:00,6656,40732.850081294986,0.9155999999999999
2050-10-05 08:00:00,6657,43277.54102127979,0.9728000000000001
2050-10-05 09:00:00,6658,44265.16582665849,0.995
2050-10-05 10:00:00,6659,44291.85838896603,0.9956
2050-10-05 11:00:00,6660,44314.102190888974,0.9961000000000001
2050-10-05 12:00:00,6661,44487.603845887934,1.0
2050-10-05 13:00:00,6662,44487.603845887934,1.0
2050-10-05 14:00:00,6663,43909.2649958914,0.9870000000000001
2050-10-05 15:00:00,6664,42819.318701667136,0.9625
2050-10-05 16:00:00,6665,41444.6517428292,0.9316
2050-10-05 17:00:00,6666,40096.6773462988,0.9013000000000001
2050-10-05 18:00:00,6667,39126.84758245844,0.8795000000000001
2050-10-05 19:00:00,6668,38681.971543999556,0.8694999999999999
2050-10-05 20:00:00,6669,38548.508732461894,0.8665
2050-10-05 21:00:00,6670,38286.031869771155,0.8606
2050-10-05 22:00:00,6671,37400.72855323799,0.8407000000000001
2050-10-05 23:00:00,6672,35487.7615878648,0.7976999999999999
2050-10-06 00:00:00,6673,33049.840897110145,0.7429
2050-10-06 01:00:00,6674,33049.840897110145,0.7429
2050-10-06 02:00:00,6675,33494.71693556903,0.7529
2050-10-06 03:00:00,6676,33147.7136255711,0.7451
2050-10-06 04:00:00,6677,33209.996270955344,0.7465
2050-10-06 05:00:00,6678,34562.419427870336,0.7769
2050-10-06 06:00:00,6679,37351.79218900751,0.8396
2050-10-06 07:00:00,6680,40732.850081294986,0.9155999999999999
2050-10-06 08:00:00,6681,43277.54102127979,0.9728000000000001
2050-10-06 09:00:00,6682,44265.16582665849,0.995
2050-10-06 10:00:00,6683,44291.85838896603,0.9956
2050-10-06 11:00:00,6684,44314.102190888974,0.9961000000000001
2050-10-06 12:00:00,6685,44487.603845887934,1.0
2050-10-06 13:00:00,6686,44487.603845887934,1.0
2050-10-06 14:00:00,6687,43909.2649958914,0.9870000000000001
2050-10-06 15:00:00,6688,42819.318701667136,0.9625
2050-10-06 16:00:00,6689,41444.6517428292,0.9316
2050-10-06 17:00:00,6690,40096.6773462988,0.9013000000000001
2050-10-06 18:00:00,6691,39126.84758245844,0.8795000000000001
2050-10-06 19:00:00,6692,38681.971543999556,0.8694999999999999
2050-10-06 20:00:00,6693,38548.508732461894,0.8665
2050-10-06 21:00:00,6694,38286.031869771155,0.8606
2050-10-06 22:00:00,6695,37400.72855323799,0.8407000000000001
2050-10-06 23:00:00,6696,35487.7615878648,0.7976999999999999
2050-10-07 00:00:00,6697,33049.840897110145,0.7429
2050-10-07 01:00:00,6698,33049.840897110145,0.7429
2050-10-07 02:00:00,6699,33494.71693556903,0.7529
2050-10-07 03:00:00,6700,33147.7136255711,0.7451
2050-10-07 04:00:00,6701,33209.996270955344,0.7465
2050-10-07 05:00:00,6702,34562.419427870336,0.7769
2050-10-07 06:00:00,6703,37351.79218900751,0.8396
2050-10-07 07:00:00,6704,40732.850081294986,0.9155999999999999
2050-10-07 08:00:00,6705,43277.54102127979,0.9728000000000001
2050-10-07 09:00:00,6706,44265.16582665849,0.995
2050-10-07 10:00:00,6707,44291.85838896603,0.9956
2050-10-07 11:00:00,6708,44314.102190888974,0.9961000000000001
2050-10-07 12:00:00,6709,44487.603845887934,1.0
2050-10-07 13:00:00,6710,44487.603845887934,1.0
2050-10-07 14:00:00,6711,43909.2649958914,0.9870000000000001
2050-10-07 15:00:00,6712,42819.318701667136,0.9625
2050-10-07 16:00:00,6713,41444.6517428292,0.9316
2050-10-07 17:00:00,6714,40096.6773462988,0.9013000000000001
2050-10-07 18:00:00,6715,39126.84758245844,0.8795000000000001
2050-10-07 19:00:00,6716,38681.971543999556,0.8694999999999999
2050-10-07 20:00:00,6717,38548.508732461894,0.8665
2050-10-07 21:00:00,6718,38286.031869771155,0.8606
2050-10-07 22:00:00,6719,37400.72855323799,0.8407000000000001
2050-10-07 23:00:00,6720,35487.7615878648,0.7976999999999999
2050-10-08 00:00:00,6721,22288.289526789857,0.501
2050-10-08 01:00:00,6722,22288.289526789857,0.501
2050-10-08 02:00:00,6723,20615.555622184467,0.4634
2050-10-08 03:00:00,6724,19796.983711420133,0.44500000000000006
2050-10-08 04:00:00,6725,19592.34073372905,0.44040000000000007
2050-10-08 05:00:00,6726,19739.149826420475,0.4437
2050-10-08 06:00:00,6727,19983.83164757286,0.44920000000000004
2050-10-08 07:00:00,6728,20152.884542187236,0.453
2050-10-08 08:00:00,6729,20210.718427186886,0.4543
2050-10-08 09:00:00,6730,20215.167187571482,0.4544000000000001
2050-10-08 10:00:00,6731,20224.064708340655,0.4546
2050-10-08 11:00:00,6732,20246.3085102636,0.4551
2050-10-08 12:00:00,6733,20255.206031032772,0.4552999999999999
2050-10-08 13:00:00,6734,20192.923385648537,0.4539000000000001
2050-10-08 14:00:00,6735,19992.72916834204,0.4494000000000001
2050-10-08 15:00:00,6736,19667.969660267056,0.4421
2050-10-08 16:00:00,6737,19338.761391807482,0.4346999999999999
2050-10-08 17:00:00,6738,19120.772132962637,0.42980000000000007
2050-10-08 18:00:00,6739,19009.553123347912,0.42729999999999996
2050-10-08 19:00:00,6740,18951.719238348258,0.42599999999999993
2050-10-08 20:00:00,6741,18965.06551950203,0.42630000000000007
2050-10-08 21:00:00,6742,19200.849819885232,0.4316
2050-10-08 22:00:00,6743,19881.510158727317,0.44689999999999996
2050-10-08 23:00:00,6744,21282.86967987279,0.47840000000000005
2050-10-09 00:00:00,6745,22288.289526789857,0.501
2050-10-09 01:00:00,6746,22288.289526789857,0.501
2050-10-09 02:00:00,6747,20615.555622184467,0.4634
2050-10-09 03:00:00,6748,19796.983711420133,0.44500000000000006
2050-10-09 04:00:00,6749,19592.34073372905,0.44040000000000007
2050-10-09 05:00:00,6750,19739.149826420475,0.4437
2050-10-09 06:00:00,6751,19983.83164757286,0.44920000000000004
2050-10-09 07:00:00,6752,20152.884542187236,0.453
2050-10-09 08:00:00,6753,20210.718427186886,0.4543
2050-10-09 09:00:00,6754,20215.167187571482,0.4544000000000001
2050-10-09 10:00:00,6755,20224.064708340655,0.4546
2050-10-09 11:00:00,6756,20246.3085102636,0.4551
2050-10-09 12:00:00,6757,20255.206031032772,0.4552999999999999
2050-10-09 13:00:00,6758,20192.923385648537,0.4539000000000001
2050-10-09 14:00:00,6759,19992.72916834204,0.4494000000000001
2050-10-09 15:00:00,6760,19667.969660267056,0.4421
2050-10-09 16:00:00,6761,19338.761391807482,0.4346999999999999
2050-10-09 17:00:00,6762,19120.772132962637,0.42980000000000007
2050-10-09 18:00:00,6763,19009.553123347912,0.42729999999999996
2050-10-09 19:00:00,6764,18951.719238348258,0.42599999999999993
2050-10-09 20:00:00,6765,18965.06551950203,0.42630000000000007
2050-10-09 21:00:00,6766,19200.849819885232,0.4316
2050-10-09 22:00:00,6767,19881.510158727317,0.44689999999999996
2050-10-09 23:00:00,6768,21282.86967987279,0.47840000000000005
2050-10-10 00:00:00,6769,33049.840897110145,0.7429
2050-10-10 01:00:00,6770,33049.840897110145,0.7429
2050-10-10 02:00:00,6771,33494.71693556903,0.7529
2050-10-10 03:00:00,6772,33147.7136255711,0.7451
2050-10-10 04:00:00,6773,33209.996270955344,0.7465
2050-10-10 05:00:00,6774,34562.419427870336,0.7769
2050-10-10 06:00:00,6775,37351.79218900751,0.8396
2050-10-10 07:00:00,6776,40732.850081294986,0.9155999999999999
2050-10-10 08:00:00,6777,43277.54102127979,0.9728000000000001
2050-10-10 09:00:00,6778,44265.16582665849,0.995
2050-10-10 10:00:00,6779,44291.85838896603,0.9956
2050-10-10 11:00:00,6780,44314.102190888974,0.9961000000000001
2050-10-10 12:00:00,6781,44487.603845887934,1.0
2050-10-10 13:00:00,6782,44487.603845887934,1.0
2050-10-10 14:00:00,6783,43909.2649958914,0.9870000000000001
2050-10-10 15:00:00,6784,42819.318701667136,0.9625
2050-10-10 16:00:00,6785,41444.6517428292,0.9316
2050-10-10 17:00:00,6786,40096.6773462988,0.9013000000000001
2050-10-10 18:00:00,6787,39126.84758245844,0.8795000000000001
2050-10-10 19:00:00,6788,38681.971543999556,0.8694999999999999
2050-10-10 20:00:00,6789,38548.508732461894,0.8665
2050-10-10 21:00:00,6790,38286.031869771155,0.8606
2050-10-10 22:00:00,6791,37400.72855323799,0.8407000000000001
2050-10-10 23:00:00,6792,35487.7615878648,0.7976999999999999
2050-10-11 00:00:00,6793,33049.840897110145,0.7429
2050-10-11 01:00:00,6794,33049.840897110145,0.7429
2050-10-11 02:00:00,6795,33494.71693556903,0.7529
2050-10-11 03:00:00,6796,33147.7136255711,0.7451
2050-10-11 04:00:00,6797,33209.996270955344,0.7465
2050-10-11 05:00:00,6798,34562.419427870336,0.7769
2050-10-11 06:00:00,6799,37351.79218900751,0.8396
2050-10-11 07:00:00,6800,40732.850081294986,0.9155999999999999
2050-10-11 08:00:00,6801,43277.54102127979,0.9728000000000001
2050-10-11 09:00:00,6802,44265.16582665849,0.995
2050-10-11 10:00:00,6803,44291.85838896603,0.9956
2050-10-11 11:00:00,6804,44314.102190888974,0.9961000000000001
2050-10-11 12:00:00,6805,44487.603845887934,1.0
2050-10-11 13:00:00,6806,44487.603845887934,1.0
2050-10-11 14:00:00,6807,43909.2649958914,0.9870000000000001
2050-10-11 15:00:00,6808,42819.318701667136,0.9625
2050-10-11 16:00:00,6809,41444.6517428292,0.9316
2050-10-11 17:00:00,6810,40096.6773462988,0.9013000000000001
2050-10-11 18:00:00,6811,39126.84758245844,0.8795000000000001
2050-10-11 19:00:00,6812,38681.971543999556,0.8694999999999999
2050-10-11 20:00:00,6813,38548.508732461894,0.8665
2050-10-11 21:00:00,6814,38286.031869771155,0.8606
2050-10-11 22:00:00,6815,37400.72855323799,0.8407000000000001
2050-10-11 23:00:00,6816,35487.7615878648,0.7976999999999999
2050-10-12 00:00:00,6817,33049.840897110145,0.7429
2050-10-12 01:00:00,6818,33049.840897110145,0.7429
2050-10-12 02:00:00,6819,33494.71693556903,0.7529
2050-10-12 03:00:00,6820,33147.7136255711,0.7451
2050-10-12 04:00:00,6821,33209.996270955344,0.7465
2050-10-12 05:00:00,6822,34562.419427870336,0.7769
2050-10-12 06:00:00,6823,37351.79218900751,0.8396
2050-10-12 07:00:00,6824,40732.850081294986,0.9155999999999999
2050-10-12 08:00:00,6825,43277.54102127979,0.9728000000000001
2050-10-12 09:00:00,6826,44265.16582665849,0.995
2050-10-12 10:00:00,6827,44291.85838896603,0.9956
2050-10-12 11:00:00,6828,44314.102190888974,0.9961000000000001
2050-10-12 12:00:00,6829,44487.603845887934,1.0
2050-10-12 13:00:00,6830,44487.603845887934,1.0
2050-10-12 14:00:00,6831,43909.2649958914,0.9870000000000001
2050-10-12 15:00:00,6832,42819.318701667136,0.9625
2050-10-12 16:00:00,6833,41444.6517428292,0.9316
2050-10-12 17:00:00,6834,40096.6773462988,0.9013000000000001
2050-10-12 18:00:00,6835,39126.84758245844,0.8795000000000001
2050-10-12 19:00:00,6836,38681.971543999556,0.8694999999999999
2050-10-12 20:00:00,6837,38548.508732461894,0.8665
2050-10-12 21:00:00,6838,38286.031869771155,0.8606
2050-10-12 22:00:00,6839,37400.72855323799,0.8407000000000001
2050-10-12 23:00:00,6840,35487.7615878648,0.7976999999999999
2050-10-13 00:00:00,6841,33049.840897110145,0.7429
2050-10-13 01:00:00,6842,33049.840897110145,0.7429
2050-10-13 02:00:00,6843,33494.71693556903,0.7529
2050-10-13 03:00:00,6844,33147.7136255711,0.7451
2050-10-13 04:00:00,6845,33209.996270955344,0.7465
2050-10-13 05:00:00,6846,34562.419427870336,0.7769
2050-10-13 06:00:00,6847,37351.79218900751,0.8396
2050-10-13 07:00:00,6848,40732.850081294986,0.9155999999999999
2050-10-13 08:00:00,6849,43277.54102127979,0.9728000000000001
2050-10-13 09:00:00,6850,44265.16582665849,0.995
2050-10-13 10:00:00,6851,44291.85838896603,0.9956
2050-10-13 11:00:00,6852,44314.102190888974,0.9961000000000001
2050-10-13 12:00:00,6853,44487.603845887934,1.0
2050-10-13 13:00:00,6854,44487.603845887934,1.0
2050-10-13 14:00:00,6855,43909.2649958914,0.9870000000000001
2050-10-13 15:00:00,6856,42819.318701667136,0.9625
2050-10-13 16:00:00,6857,41444.6517428292,0.9316
2050-10-13 17:00:00,6858,40096.6773462988,0.9013000000000001
2050-10-13 18:00:00,6859,39126.84758245844,0.8795000000000001
2050-10-13 19:00:00,6860,38681.971543999556,0.8694999999999999
2050-10-13 20:00:00,6861,38548.508732461894,0.8665
2050-10-13 21:00:00,6862,38286.031869771155,0.8606
2050-10-13 22:00:00,6863,37400.72855323799,0.8407000000000001
2050-10-13 23:00:00,6864,35487.7615878648,0.7976999999999999
2050-10-14 00:00:00,6865,33049.840897110145,0.7429
2050-10-14 01:00:00,6866,33049.840897110145,0.7429
2050-10-14 02:00:00,6867,33494.71693556903,0.7529
2050-10-14 03:00:00,6868,33147.7136255711,0.7451
2050-10-14 04:00:00,6869,33209.996270955344,0.7465
2050-10-14 05:00:00,6870,34562.419427870336,0.7769
2050-10-14 06:00:00,6871,37351.79218900751,0.8396
2050-10-14 07:00:00,6872,40732.850081294986,0.9155999999999999
2050-10-14 08:00:00,6873,43277.54102127979,0.9728000000000001
2050-10-14 09:00:00,6874,44265.16582665849,0.995
2050-10-14 10:00:00,6875,44291.85838896603,0.9956
2050-10-14 11:00:00,6876,44314.102190888974,0.9961000000000001
2050-10-14 12:00:00,6877,44487.603845887934,1.0
2050-10-14 13:00:00,6878,44487.603845887934,1.0
2050-10-14 14:00:00,6879,43909.2649958914,0.9870000000000001
2050-10-14 15:00:00,6880,42819.318701667136,0.9625
2050-10-14 16:00:00,6881,41444.6517428292,0.9316
2050-10-14 17:00:00,6882,40096.6773462988,0.9013000000000001
2050-10-14 18:00:00,6883,39126.84758245844,0.8795000000000001
2050-10-14 19:00:00,6884,38681.971543999556,0.8694999999999999
2050-10-14 20:00:00,6885,38548.508732461894,0.8665
2050-10-14 21:00:00,6886,38286.031869771155,0.8606
2050-10-14 22:00:00,6887,37400.72855323799,0.8407000000000001
2050-10-14 23:00:00,6888,35487.7615878648,0.7976999999999999
2050-10-15 00:00:00,6889,22288.289526789857,0.501
2050-10-15 01:00:00,6890,22288.289526789857,0.501
2050-10-15 02:00:00,6891,20615.555622184467,0.4634
2050-10-15 03:00:00,6892,19796.983711420133,0.44500000000000006
2050-10-15 04:00:00,6893,19592.34073372905,0.44040000000000007
2050-10-15 05:00:00,6894,19739.149826420475,0.4437
2050-10-15 06:00:00,6895,19983.83164757286,0.44920000000000004
2050-10-15 07:00:00,6896,20152.884542187236,0.453
2050-10-15 08:00:00,6897,20210.718427186886,0.4543
2050-10-15 09:00:00,6898,20215.167187571482,0.4544000000000001
2050-10-15 10:00:00,6899,20224.064708340655,0.4546
2050-10-15 11:00:00,6900,20246.3085102636,0.4551
2050-10-15 12:00:00,6901,20255.206031032772,0.4552999999999999
2050-10-15 13:00:00,6902,20192.923385648537,0.4539000000000001
2050-10-15 14:00:00,6903,19992.72916834204,0.4494000000000001
2050-10-15 15:00:00,6904,19667.969660267056,0.4421
2050-10-15 16:00:00,6905,19338.761391807482,0.4346999999999999
2050-10-15 17:00:00,6906,19120.772132962637,0.42980000000000007
2050-10-15 18:00:00,6907,19009.553123347912,0.42729999999999996
2050-10-15 19:00:00,6908,18951.719238348258,0.42599999999999993
2050-10-15 20:00:00,6909,18965.06551950203,0.42630000000000007
2050-10-15 21:00:00,6910,19200.849819885232,0.4316
2050-10-15 22:00:00,6911,19881.510158727317,0.44689999999999996
2050-10-15 23:00:00,6912,21282.86967987279,0.47840000000000005
2050-10-16 00:00:00,6913,22288.289526789857,0.501
2050-10-16 01:00:00,6914,22288.289526789857,0.501
2050-10-16 02:00:00,6915,20615.555622184467,0.4634
2050-10-16 03:00:00,6916,19796.983711420133,0.44500000000000006
2050-10-16 04:00:00,6917,19592.34073372905,0.44040000000000007
2050-10-16 05:00:00,6918,19739.149826420475,0.4437
2050-10-16 06:00:00,6919,19983.83164757286,0.44920000000000004
2050-10-16 07:00:00,6920,20152.884542187236,0.453
2050-10-16 08:00:00,6921,20210.718427186886,0.4543
2050-10-16 09:00:00,6922,20215.167187571482,0.4544000000000001
2050-10-16 10:00:00,6923,20224.064708340655,0.4546
2050-10-16 11:00:00,6924,20246.3085102636,0.4551
2050-10-16 12:00:00,6925,20255.206031032772,0.4552999999999999
2050-10-16 13:00:00,6926,20192.923385648537,0.4539000000000001
2050-10-16 14:00:00,6927,19992.72916834204,0.4494000000000001
2050-10-16 15:00:00,6928,19667.969660267056,0.4421
2050-10-16 16:00:00,6929,19338.761391807482,0.4346999999999999
2050-10-16 17:00:00,6930,19120.772132962637,0.42980000000000007
2050-10-16 18:00:00,6931,19009.553123347912,0.42729999999999996
2050-10-16 19:00:00,6932,18951.719238348258,0.42599999999999993
2050-10-16 20:00:00,6933,18965.06551950203,0.42630000000000007
2050-10-16 21:00:00,6934,19200.849819885232,0.4316
2050-10-16 22:00:00,6935,19881.510158727317,0.44689999999999996
2050-10-16 23:00:00,6936,21282.86967987279,0.47840000000000005
2050-10-17 00:00:00,6937,33049.840897110145,0.7429
2050-10-17 01:00:00,6938,33049.840897110145,0.7429
2050-10-17 02:00:00,6939,33494.71693556903,0.7529
2050-10-17 03:00:00,6940,33147.7136255711,0.7451
2050-10-17 04:00:00,6941,33209.996270955344,0.7465
2050-10-17 05:00:00,6942,34562.419427870336,0.7769
2050-10-17 06:00:00,6943,37351.79218900751,0.8396
2050-10-17 07:00:00,6944,40732.850081294986,0.9155999999999999
2050-10-17 08:00:00,6945,43277.54102127979,0.9728000000000001
2050-10-17 09:00:00,6946,44265.16582665849,0.995
2050-10-17 10:00:00,6947,44291.85838896603,0.9956
2050-10-17 11:00:00,6948,44314.102190888974,0.9961000000000001
2050-10-17 12:00:00,6949,44487.603845887934,1.0
2050-10-17 13:00:00,6950,44487.603845887934,1.0
2050-10-17 14:00:00,6951,43909.2649958914,0.9870000000000001
2050-10-17 15:00:00,6952,42819.318701667136,0.9625
2050-10-17 16:00:00,6953,41444.6517428292,0.9316
2050-10-17 17:00:00,6954,40096.6773462988,0.9013000000000001
2050-10-17 18:00:00,6955,39126.84758245844,0.8795000000000001
2050-10-17 19:00:00,6956,38681.971543999556,0.8694999999999999
2050-10-17 20:00:00,6957,38548.508732461894,0.8665
2050-10-17 21:00:00,6958,38286.031869771155,0.8606
2050-10-17 22:00:00,6959,37400.72855323799,0.8407000000000001
2050-10-17 23:00:00,6960,35487.7615878648,0.7976999999999999
2050-10-18 00:00:00,6961,33049.840897110145,0.7429
2050-10-18 01:00:00,6962,33049.840897110145,0.7429
2050-10-18 02:00:00,6963,33494.71693556903,0.7529
2050-10-18 03:00:00,6964,33147.7136255711,0.7451
2050-10-18 04:00:00,6965,33209.996270955344,0.7465
2050-10-18 05:00:00,6966,34562.419427870336,0.7769
2050-10-18 06:00:00,6967,37351.79218900751,0.8396
2050-10-18 07:00:00,6968,40732.850081294986,0.9155999999999999
2050-10-18 08:00:00,6969,43277.54102127979,0.9728000000000001
2050-10-18 09:00:00,6970,44265.16582665849,0.995
2050-10-18 10:00:00,6971,44291.85838896603,0.9956
2050-10-18 11:00:00,6972,44314.102190888974,0.9961000000000001
2050-10-18 12:00:00,6973,44487.603845887934,1.0
2050-10-18 13:00:00,6974,44487.603845887934,1.0
2050-10-18 14:00:00,6975,43909.2649958914,0.9870000000000001
2050-10-18 15:00:00,6976,42819.318701667136,0.9625
2050-10-18 16:00:00,6977,41444.6517428292,0.9316
2050-10-18 17:00:00,6978,40096.6773462988,0.9013000000000001
2050-10-18 18:00:00,6979,39126.84758245844,0.8795000000000001
2050-10-18 19:00:00,6980,38681.971543999556,0.8694999999999999
2050-10-18 20:00:00,6981,38548.508732461894,0.8665
2050-10-18 21:00:00,6982,38286.031869771155,0.8606
2050-10-18 22:00:00,6983,37400.72855323799,0.8407000000000001
2050-10-18 23:00:00,6984,35487.7615878648,0.7976999999999999
2050-10-19 00:00:00,6985,33049.840897110145,0.7429
2050-10-19 01:00:00,6986,33049.840897110145,0.7429
2050-10-19 02:00:00,6987,33494.71693556903,0.7529
2050-10-19 03:00:00,6988,33147.7136255711,0.7451
2050-10-19 04:00:00,6989,33209.996270955344,0.7465
2050-10-19 05:00:00,6990,34562.419427870336,0.7769
2050-10-19 06:00:00,6991,37351.79218900751,0.8396
2050-10-19 07:00:00,6992,40732.850081294986,0.9155999999999999
2050-10-19 08:00:00,6993,43277.54102127979,0.9728000000000001
2050-10-19 09:00:00,6994,44265.16582665849,0.995
2050-10-19 10:00:00,6995,44291.85838896603,0.9956
2050-10-19 11:00:00,6996,44314.102190888974,0.9961000000000001
2050-10-19 12:00:00,6997,44487.603845887934,1.0
2050-10-19 13:00:00,6998,44487.603845887934,1.0
2050-10-19 14:00:00,6999,43909.2649958914,0.9870000000000001
2050-10-19 15:00:00,7000,42819.318701667136,0.9625
2050-10-19 16:00:00,7001,41444.6517428292,0.9316
2050-10-19 17:00:00,7002,40096.6773462988,0.9013000000000001
2050-10-19 18:00:00,7003,39126.84758245844,0.8795000000000001
2050-10-19 19:00:00,7004,38681.971543999556,0.8694999999999999
2050-10-19 20:00:00,7005,38548.508732461894,0.8665
2050-10-19 21:00:00,7006,38286.031869771155,0.8606
2050-10-19 22:00:00,7007,37400.72855323799,0.8407000000000001
2050-10-19 23:00:00,7008,35487.7615878648,0.7976999999999999
2050-10-20 00:00:00,7009,33049.840897110145,0.7429
2050-10-20 01:00:00,7010,33049.840897110145,0.7429
2050-10-20 02:00:00,7011,33494.71693556903,0.7529
2050-10-20 03:00:00,7012,33147.7136255711,0.7451
2050-10-20 04:00:00,7013,33209.996270955344,0.7465
2050-10-20 05:00:00,7014,34562.419427870336,0.7769
2050-10-20 06:00:00,7015,37351.79218900751,0.8396
2050-10-20 07:00:00,7016,40732.850081294986,0.9155999999999999
2050-10-20 08:00:00,7017,43277.54102127979,0.9728000000000001
2050-10-20 09:00:00,7018,44265.16582665849,0.995
2050-10-20 10:00:00,7019,44291.85838896603,0.9956
2050-10-20 11:00:00,7020,44314.102190888974,0.9961000000000001
2050-10-20 12:00:00,7021,44487.603845887934,1.0
2050-10-20 13:00:00,7022,44487.603845887934,1.0
2050-10-20 14:00:00,7023,43909.2649958914,0.9870000000000001
2050-10-20 15:00:00,7024,42819.318701667136,0.9625
2050-10-20 16:00:00,7025,41444.6517428292,0.9316
2050-10-20 17:00:00,7026,40096.6773462988,0.9013000000000001
2050-10-20 18:00:00,7027,39126.84758245844,0.8795000000000001
2050-10-20 19:00:00,7028,38681.971543999556,0.8694999999999999
2050-10-20 20:00:00,7029,38548.508732461894,0.8665
2050-10-20 21:00:00,7030,38286.031869771155,0.8606
2050-10-20 22:00:00,7031,37400.72855323799,0.8407000000000001
2050-10-20 23:00:00,7032,35487.7615878648,0.7976999999999999
2050-10-21 00:00:00,7033,33049.840897110145,0.7429
2050-10-21 01:00:00,7034,33049.840897110145,0.7429
2050-10-21 02:00:00,7035,33494.71693556903,0.7529
2050-10-21 03:00:00,7036,33147.7136255711,0.7451
2050-10-21 04:00:00,7037,33209.996270955344,0.7465
2050-10-21 05:00:00,7038,34562.419427870336,0.7769
2050-10-21 06:00:00,7039,37351.79218900751,0.8396
2050-10-21 07:00:00,7040,40732.850081294986,0.9155999999999999
2050-10-21 08:00:00,7041,43277.54102127979,0.9728000000000001
2050-10-21 09:00:00,7042,44265.16582665849,0.995
2050-10-21 10:00:00,7043,44291.85838896603,0.9956
2050-10-21 11:00:00,7044,44314.102190888974,0.9961000000000001
2050-10-21 12:00:00,7045,44487.603845887934,1.0
2050-10-21 13:00:00,7046,44487.603845887934,1.0
2050-10-21 14:00:00,7047,43909.2649958914,0.9870000000000001
2050-10-21 15:00:00,7048,42819.318701667136,0.9625
2050-10-21 16:00:00,7049,41444.6517428292,0.9316
2050-10-21 17:00:00,7050,40096.6773462988,0.9013000000000001
2050-10-21 18:00:00,7051,39126.84758245844,0.8795000000000001
2050-10-21 19:00:00,7052,38681.971543999556,0.8694999999999999
2050-10-21 20:00:00,7053,38548.508732461894,0.8665
2050-10-21 21:00:00,7054,38286.031869771155,0.8606
2050-10-21 22:00:00,7055,37400.72855323799,0.8407000000000001
2050-10-21 23:00:00,7056,35487.7615878648,0.7976999999999999
2050-10-22 00:00:00,7057,22288.289526789857,0.501
2050-10-22 01:00:00,7058,22288.289526789857,0.501
2050-10-22 02:00:00,7059,20615.555622184467,0.4634
2050-10-22 03:00:00,7060,19796.983711420133,0.44500000000000006
2050-10-22 04:00:00,7061,19592.34073372905,0.44040000000000007
2050-10-22 05:00:00,7062,19739.149826420475,0.4437
2050-10-22 06:00:00,7063,19983.83164757286,0.44920000000000004
2050-10-22 07:00:00,7064,20152.884542187236,0.453
2050-10-22 08:00:00,7065,20210.718427186886,0.4543
2050-10-22 09:00:00,7066,20215.167187571482,0.4544000000000001
2050-10-22 10:00:00,7067,20224.064708340655,0.4546
2050-10-22 11:00:00,7068,20246.3085102636,0.4551
2050-10-22 12:00:00,7069,20255.206031032772,0.4552999999999999
2050-10-22 13:00:00,7070,20192.923385648537,0.4539000000000001
2050-10-22 14:00:00,7071,19992.72916834204,0.4494000000000001
2050-10-22 15:00:00,7072,19667.969660267056,0.4421
2050-10-22 16:00:00,7073,19338.761391807482,0.4346999999999999
2050-10-22 17:00:00,7074,19120.772132962637,0.42980000000000007
2050-10-22 18:00:00,7075,19009.553123347912,0.42729999999999996
2050-10-22 19:00:00,7076,18951.719238348258,0.42599999999999993
2050-10-22 20:00:00,7077,18965.06551950203,0.42630000000000007
2050-10-22 21:00:00,7078,19200.849819885232,0.4316
2050-10-22 22:00:00,7079,19881.510158727317,0.44689999999999996
2050-10-22 23:00:00,7080,21282.86967987279,0.47840000000000005
2050-10-23 00:00:00,7081,22288.289526789857,0.501
2050-10-23 01:00:00,7082,22288.289526789857,0.501
2050-10-23 02:00:00,7083,20615.555622184467,0.4634
2050-10-23 03:00:00,7084,19796.983711420133,0.44500000000000006
2050-10-23 04:00:00,7085,19592.34073372905,0.44040000000000007
2050-10-23 05:00:00,7086,19739.149826420475,0.4437
2050-10-23 06:00:00,7087,19983.83164757286,0.44920000000000004
2050-10-23 07:00:00,7088,20152.884542187236,0.453
2050-10-23 08:00:00,7089,20210.718427186886,0.4543
2050-10-23 09:00:00,7090,20215.167187571482,0.4544000000000001
2050-10-23 10:00:00,7091,20224.064708340655,0.4546
2050-10-23 11:00:00,7092,20246.3085102636,0.4551
2050-10-23 12:00:00,7093,20255.206031032772,0.4552999999999999
2050-10-23 13:00:00,7094,20192.923385648537,0.4539000000000001
2050-10-23 14:00:00,7095,19992.72916834204,0.4494000000000001
2050-10-23 15:00:00,7096,19667.969660267056,0.4421
2050-10-23 16:00:00,7097,19338.761391807482,0.4346999999999999
2050-10-23 17:00:00,7098,19120.772132962637,0.42980000000000007
2050-10-23 18:00:00,7099,19009.553123347912,0.42729999999999996
2050-10-23 19:00:00,7100,18951.719238348258,0.42599999999999993
2050-10-23 20:00:00,7101,18965.06551950203,0.42630000000000007
2050-10-23 21:00:00,7102,19200.849819885232,0.4316
2050-10-23 22:00:00,7103,19881.510158727317,0.44689999999999996
2050-10-23 23:00:00,7104,21282.86967987279,0.47840000000000005
2050-10-24 00:00:00,7105,33049.840897110145,0.7429
2050-10-24 01:00:00,7106,33049.840897110145,0.7429
2050-10-24 02:00:00,7107,33494.71693556903,0.7529
2050-10-24 03:00:00,7108,33147.7136255711,0.7451
2050-10-24 04:00:00,7109,33209.996270955344,0.7465
2050-10-24 05:00:00,7110,34562.419427870336,0.7769
2050-10-24 06:00:00,7111,37351.79218900751,0.8396
2050-10-24 07:00:00,7112,40732.850081294986,0.9155999999999999
2050-10-24 08:00:00,7113,43277.54102127979,0.9728000000000001
2050-10-24 09:00:00,7114,44265.16582665849,0.995
2050-10-24 10:00:00,7115,44291.85838896603,0.9956
2050-10-24 11:00:00,7116,44314.102190888974,0.9961000000000001
2050-10-24 12:00:00,7117,44487.603845887934,1.0
2050-10-24 13:00:00,7118,44487.603845887934,1.0
2050-10-24 14:00:00,7119,43909.2649958914,0.9870000000000001
2050-10-24 15:00:00,7120,42819.318701667136,0.9625
2050-10-24 16:00:00,7121,41444.6517428292,0.9316
2050-10-24 17:00:00,7122,40096.6773462988,0.9013000000000001
2050-10-24 18:00:00,7123,39126.84758245844,0.8795000000000001
2050-10-24 19:00:00,7124,38681.971543999556,0.8694999999999999
2050-10-24 20:00:00,7125,38548.508732461894,0.8665
2050-10-24 21:00:00,7126,38286.031869771155,0.8606
2050-10-24 22:00:00,7127,37400.72855323799,0.8407000000000001
2050-10-24 23:00:00,7128,35487.7615878648,0.7976999999999999
2050-10-25 00:00:00,7129,33049.840897110145,0.7429
2050-10-25 01:00:00,7130,33049.840897110145,0.7429
2050-10-25 02:00:00,7131,33494.71693556903,0.7529
2050-10-25 03:00:00,7132,33147.7136255711,0.7451
2050-10-25 04:00:00,7133,33209.996270955344,0.7465
2050-10-25 05:00:00,7134,34562.419427870336,0.7769
2050-10-25 06:00:00,7135,37351.79218900751,0.8396
2050-10-25 07:00:00,7136,40732.850081294986,0.9155999999999999
2050-10-25 08:00:00,7137,43277.54102127979,0.9728000000000001
2050-10-25 09:00:00,7138,44265.16582665849,0.995
2050-10-25 10:00:00,7139,44291.85838896603,0.9956
2050-10-25 11:00:00,7140,44314.102190888974,0.9961000000000001
2050-10-25 12:00:00,7141,44487.603845887934,1.0
2050-10-25 13:00:00,7142,44487.603845887934,1.0
2050-10-25 14:00:00,7143,43909.2649958914,0.9870000000000001
2050-10-25 15:00:00,7144,42819.318701667136,0.9625
2050-10-25 16:00:00,7145,41444.6517428292,0.9316
2050-10-25 17:00:00,7146,40096.6773462988,0.9013000000000001
2050-10-25 18:00:00,7147,39126.84758245844,0.8795000000000001
2050-10-25 19:00:00,7148,38681.971543999556,0.8694999999999999
2050-10-25 20:00:00,7149,38548.508732461894,0.8665
2050-10-25 21:00:00,7150,38286.031869771155,0.8606
2050-10-25 22:00:00,7151,37400.72855323799,0.8407000000000001
2050-10-25 23:00:00,7152,35487.7615878648,0.7976999999999999
2050-10-26 00:00:00,7153,33049.840897110145,0.7429
2050-10-26 01:00:00,7154,33049.840897110145,0.7429
2050-10-26 02:00:00,7155,33494.71693556903,0.7529
2050-10-26 03:00:00,7156,33147.7136255711,0.7451
2050-10-26 04:00:00,7157,33209.996270955344,0.7465
2050-10-26 05:00:00,7158,34562.419427870336,0.7769
2050-10-26 06:00:00,7159,37351.79218900751,0.8396
2050-10-26 07:00:00,7160,40732.850081294986,0.9155999999999999
2050-10-26 08:00:00,7161,43277.54102127979,0.9728000000000001
2050-10-26 09:00:00,7162,44265.16582665849,0.995
2050-10-26 10:00:00,7163,44291.85838896603,0.9956
2050-10-26 11:00:00,7164,44314.102190888974,0.9961000000000001
2050-10-26 12:00:00,7165,44487.603845887934,1.0
2050-10-26 13:00:00,7166,44487.603845887934,1.0
2050-10-26 14:00:00,7167,43909.2649958914,0.9870000000000001
2050-10-26 15:00:00,7168,42819.318701667136,0.9625
2050-10-26 16:00:00,7169,41444.6517428292,0.9316
2050-10-26 17:00:00,7170,40096.6773462988,0.9013000000000001
2050-10-26 18:00:00,7171,39126.84758245844,0.8795000000000001
2050-10-26 19:00:00,7172,38681.971543999556,0.8694999999999999
2050-10-26 20:00:00,7173,38548.508732461894,0.8665
2050-10-26 21:00:00,7174,38286.031869771155,0.8606
2050-10-26 22:00:00,7175,37400.72855323799,0.8407000000000001
2050-10-26 23:00:00,7176,35487.7615878648,0.7976999999999999
2050-10-27 00:00:00,7177,33049.840897110145,0.7429
2050-10-27 01:00:00,7178,33049.840897110145,0.7429
2050-10-27 02:00:00,7179,33494.71693556903,0.7529
2050-10-27 03:00:00,7180,33147.7136255711,0.7451
2050-10-27 04:00:00,7181,33209.996270955344,0.7465
2050-10-27 05:00:00,7182,34562.419427870336,0.7769
2050-10-27 06:00:00,7183,37351.79218900751,0.8396
2050-10-27 07:00:00,7184,40732.850081294986,0.9155999999999999
2050-10-27 08:00:00,7185,43277.54102127979,0.9728000000000001
2050-10-27 09:00:00,7186,44265.16582665849,0.995
2050-10-27 10:00:00,7187,44291.85838896603,0.9956
2050-10-27 11:00:00,7188,44314.102190888974,0.9961000000000001
2050-10-27 12:00:00,7189,44487.603845887934,1.0
2050-10-27 13:00:00,7190,44487.603845887934,1.0
2050-10-27 14:00:00,7191,43909.2649958914,0.9870000000000001
2050-10-27 15:00:00,7192,42819.318701667136,0.9625
2050-10-27 16:00:00,7193,41444.6517428292,0.9316
2050-10-27 17:00:00,7194,40096.6773462988,0.9013000000000001
2050-10-27 18:00:00,7195,39126.84758245844,0.8795000000000001
2050-10-27 19:00:00,7196,38681.971543999556,0.8694999999999999
2050-10-27 20:00:00,7197,38548.508732461894,0.8665
2050-10-27 21:00:00,7198,38286.031869771155,0.8606
2050-10-27 22:00:00,7199,37400.72855323799,0.8407000000000001
2050-10-27 23:00:00,7200,35487.7615878648,0.7976999999999999
2050-10-28 00:00:00,7201,33049.840897110145,0.7429
2050-10-28 01:00:00,7202,33049.840897110145,0.7429
2050-10-28 02:00:00,7203,33494.71693556903,0.7529
2050-10-28 03:00:00,7204,33147.7136255711,0.7451
2050-10-28 04:00:00,7205,33209.996270955344,0.7465
2050-10-28 05:00:00,7206,34562.419427870336,0.7769
2050-10-28 06:00:00,7207,37351.79218900751,0.8396
2050-10-28 07:00:00,7208,40732.850081294986,0.9155999999999999
2050-10-28 08:00:00,7209,43277.54102127979,0.9728000000000001
2050-10-28 09:00:00,7210,44265.16582665849,0.995
2050-10-28 10:00:00,7211,44291.85838896603,0.9956
2050-10-28 11:00:00,7212,44314.102190888974,0.9961000000000001
2050-10-28 12:00:00,7213,44487.603845887934,1.0
2050-10-28 13:00:00,7214,44487.603845887934,1.0
2050-10-28 14:00:00,7215,43909.2649958914,0.9870000000000001
2050-10-28 15:00:00,7216,42819.318701667136,0.9625
2050-10-28 16:00:00,7217,41444.6517428292,0.9316
2050-10-28 17:00:00,7218,40096.6773462988,0.9013000000000001
2050-10-28 18:00:00,7219,39126.84758245844,0.8795000000000001
2050-10-28 19:00:00,7220,38681.971543999556,0.8694999999999999
2050-10-28 20:00:00,7221,38548.508732461894,0.8665
2050-10-28 21:00:00,7222,38286.031869771155,0.8606
2050-10-28 22:00:00,7223,37400.72855323799,0.8407000000000001
2050-10-28 23:00:00,7224,35487.7615878648,0.7976999999999999
2050-10-29 00:00:00,7225,22288.289526789857,0.501
2050-10-29 01:00:00,7226,22288.289526789857,0.501
2050-10-29 02:00:00,7227,20615.555622184467,0.4634
2050-10-29 03:00:00,7228,19796.983711420133,0.44500000000000006
2050-10-29 04:00:00,7229,19592.34073372905,0.44040000000000007
2050-10-29 05:00:00,7230,19739.149826420475,0.4437
2050-10-29 06:00:00,7231,19983.83164757286,0.44920000000000004
2050-10-29 07:00:00,7232,20152.884542187236,0.453
2050-10-29 08:00:00,7233,20210.718427186886,0.4543
2050-10-29 09:00:00,7234,20215.167187571482,0.4544000000000001
2050-10-29 10:00:00,7235,20224.064708340655,0.4546
2050-10-29 11:00:00,7236,20246.3085102636,0.4551
2050-10-29 12:00:00,7237,20255.206031032772,0.4552999999999999
2050-10-29 13:00:00,7238,20192.923385648537,0.4539000000000001
2050-10-29 14:00:00,7239,19992.72916834204,0.4494000000000001
2050-10-29 15:00:00,7240,19667.969660267056,0.4421
2050-10-29 16:00:00,7241,19338.761391807482,0.4346999999999999
2050-10-29 17:00:00,7242,19120.772132962637,0.42980000000000007
2050-10-29 18:00:00,7243,19009.553123347912,0.42729999999999996
2050-10-29 19:00:00,7244,18951.719238348258,0.42599999999999993
2050-10-29 20:00:00,7245,18965.06551950203,0.42630000000000007
2050-10-29 21:00:00,7246,19200.849819885232,0.4316
2050-10-29 22:00:00,7247,19881.510158727317,0.44689999999999996
2050-10-29 23:00:00,7248,21282.86967987279,0.47840000000000005
2050-10-30 00:00:00,7249,22288.289526789857,0.501
2050-10-30 01:00:00,7250,22288.289526789857,0.501
2050-10-30 02:00:00,7251,20615.555622184467,0.4634
2050-10-30 03:00:00,7252,19796.983711420133,0.44500000000000006
2050-10-30 04:00:00,7253,19592.34073372905,0.44040000000000007
2050-10-30 05:00:00,7254,19739.149826420475,0.4437
2050-10-30 06:00:00,7255,19983.83164757286,0.44920000000000004
2050-10-30 07:00:00,7256,20152.884542187236,0.453
2050-10-30 08:00:00,7257,20210.718427186886,0.4543
2050-10-30 09:00:00,7258,20215.167187571482,0.4544000000000001
2050-10-30 10:00:00,7259,20224.064708340655,0.4546
2050-10-30 11:00:00,7260,20246.3085102636,0.4551
2050-10-30 12:00:00,7261,20255.206031032772,0.4552999999999999
2050-10-30 13:00:00,7262,20192.923385648537,0.4539000000000001
2050-10-30 14:00:00,7263,19992.72916834204,0.4494000000000001
2050-10-30 15:00:00,7264,19667.969660267056,0.4421
2050-10-30 16:00:00,7265,19338.761391807482,0.4346999999999999
2050-10-30 17:00:00,7266,19120.772132962637,0.42980000000000007
2050-10-30 18:00:00,7267,19009.553123347912,0.42729999999999996
2050-10-30 19:00:00,7268,18951.719238348258,0.42599999999999993
2050-10-30 20:00:00,7269,18965.06551950203,0.42630000000000007
2050-10-30 21:00:00,7270,19200.849819885232,0.4316
2050-10-30 22:00:00,7271,19881.510158727317,0.44689999999999996
2050-10-30 23:00:00,7272,21282.86967987279,0.47840000000000005
2050-10-31 00:00:00,7273,33049.840897110145,0.7429
2050-10-31 01:00:00,7274,33049.840897110145,0.7429
2050-10-31 02:00:00,7275,33494.71693556903,0.7529
2050-10-31 03:00:00,7276,33147.7136255711,0.7451
2050-10-31 04:00:00,7277,33209.996270955344,0.7465
2050-10-31 05:00:00,7278,34562.419427870336,0.7769
2050-10-31 06:00:00,7279,37351.79218900751,0.8396
2050-10-31 07:00:00,7280,40732.850081294986,0.9155999999999999
2050-10-31 08:00:00,7281,43277.54102127979,0.9728000000000001
2050-10-31 09:00:00,7282,44265.16582665849,0.995
2050-10-31 10:00:00,7283,44291.85838896603,0.9956
2050-10-31 11:00:00,7284,44314.102190888974,0.9961000000000001
2050-10-31 12:00:00,7285,44487.603845887934,1.0
2050-10-31 13:00:00,7286,44487.603845887934,1.0
2050-10-31 14:00:00,7287,43909.2649958914,0.9870000000000001
2050-10-31 15:00:00,7288,42819.318701667136,0.9625
2050-10-31 16:00:00,7289,41444.6517428292,0.9316
2050-10-31 17:00:00,7290,40096.6773462988,0.9013000000000001
2050-10-31 18:00:00,7291,39126.84758245844,0.8795000000000001
2050-10-31 19:00:00,7292,38681.971543999556,0.8694999999999999
2050-10-31 20:00:00,7293,38548.508732461894,0.8665
2050-10-31 21:00:00,7294,38286.031869771155,0.8606
2050-10-31 22:00:00,7295,37400.72855323799,0.8407000000000001
2050-10-31 23:00:00,7296,35487.7615878648,0.7976999999999999
2050-11-01 00:00:00,7297,33049.840897110145,0.7429
2050-11-01 01:00:00,7298,33049.840897110145,0.7429
2050-11-01 02:00:00,7299,33494.71693556903,0.7529
2050-11-01 03:00:00,7300,33147.7136255711,0.7451
2050-11-01 04:00:00,7301,33209.996270955344,0.7465
2050-11-01 05:00:00,7302,34562.419427870336,0.7769
2050-11-01 06:00:00,7303,37351.79218900751,0.8396
2050-11-01 07:00:00,7304,40732.850081294986,0.9155999999999999
2050-11-01 08:00:00,7305,43277.54102127979,0.9728000000000001
2050-11-01 09:00:00,7306,44265.16582665849,0.995
2050-11-01 10:00:00,7307,44291.85838896603,0.9956
2050-11-01 11:00:00,7308,44314.102190888974,0.9961000000000001
2050-11-01 12:00:00,7309,44487.603845887934,1.0
2050-11-01 13:00:00,7310,44487.603845887934,1.0
2050-11-01 14:00:00,7311,43909.2649958914,0.9870000000000001
2050-11-01 15:00:00,7312,42819.318701667136,0.9625
2050-11-01 16:00:00,7313,41444.6517428292,0.9316
2050-11-01 17:00:00,7314,40096.6773462988,0.9013000000000001
2050-11-01 18:00:00,7315,39126.84758245844,0.8795000000000001
2050-11-01 19:00:00,7316,38681.971543999556,0.8694999999999999
2050-11-01 20:00:00,7317,38548.508732461894,0.8665
2050-11-01 21:00:00,7318,38286.031869771155,0.8606
2050-11-01 22:00:00,7319,37400.72855323799,0.8407000000000001
2050-11-01 23:00:00,7320,35487.7615878648,0.7976999999999999
2050-11-02 00:00:00,7321,33049.840897110145,0.7429
2050-11-02 01:00:00,7322,33049.840897110145,0.7429
2050-11-02 02:00:00,7323,33494.71693556903,0.7529
2050-11-02 03:00:00,7324,33147.7136255711,0.7451
2050-11-02 04:00:00,7325,33209.996270955344,0.7465
2050-11-02 05:00:00,7326,34562.419427870336,0.7769
2050-11-02 06:00:00,7327,37351.79218900751,0.8396
2050-11-02 07:00:00,7328,40732.850081294986,0.9155999999999999
2050-11-02 08:00:00,7329,43277.54102127979,0.9728000000000001
2050-11-02 09:00:00,7330,44265.16582665849,0.995
2050-11-02 10:00:00,7331,44291.85838896603,0.9956
2050-11-02 11:00:00,7332,44314.102190888974,0.9961000000000001
2050-11-02 12:00:00,7333,44487.603845887934,1.0
2050-11-02 13:00:00,7334,44487.603845887934,1.0
2050-11-02 14:00:00,7335,43909.2649958914,0.9870000000000001
2050-11-02 15:00:00,7336,42819.318701667136,0.9625
2050-11-02 16:00:00,7337,41444.6517428292,0.9316
2050-11-02 17:00:00,7338,40096.6773462988,0.9013000000000001
2050-11-02 18:00:00,7339,39126.84758245844,0.8795000000000001
2050-11-02 19:00:00,7340,38681.971543999556,0.8694999999999999
2050-11-02 20:00:00,7341,38548.508732461894,0.8665
2050-11-02 21:00:00,7342,38286.031869771155,0.8606
2050-11-02 22:00:00,7343,37400.72855323799,0.8407000000000001
2050-11-02 23:00:00,7344,35487.7615878648,0.7976999999999999
2050-11-03 00:00:00,7345,33049.840897110145,0.7429
2050-11-03 01:00:00,7346,33049.840897110145,0.7429
2050-11-03 02:00:00,7347,33494.71693556903,0.7529
2050-11-03 03:00:00,7348,33147.7136255711,0.7451
2050-11-03 04:00:00,7349,33209.996270955344,0.7465
2050-11-03 05:00:00,7350,34562.419427870336,0.7769
2050-11-03 06:00:00,7351,37351.79218900751,0.8396
2050-11-03 07:00:00,7352,40732.850081294986,0.9155999999999999
2050-11-03 08:00:00,7353,43277.54102127979,0.9728000000000001
2050-11-03 09:00:00,7354,44265.16582665849,0.995
2050-11-03 10:00:00,7355,44291.85838896603,0.9956
2050-11-03 11:00:00,7356,44314.102190888974,0.9961000000000001
2050-11-03 12:00:00,7357,44487.603845887934,1.0
2050-11-03 13:00:00,7358,44487.603845887934,1.0
2050-11-03 14:00:00,7359,43909.2649958914,0.9870000000000001
2050-11-03 15:00:00,7360,42819.318701667136,0.9625
2050-11-03 16:00:00,7361,41444.6517428292,0.9316
2050-11-03 17:00:00,7362,40096.6773462988,0.9013000000000001
2050-11-03 18:00:00,7363,39126.84758245844,0.8795000000000001
2050-11-03 19:00:00,7364,38681.971543999556,0.8694999999999999
2050-11-03 20:00:00,7365,38548.508732461894,0.8665
2050-11-03 21:00:00,7366,38286.031869771155,0.8606
2050-11-03 22:00:00,7367,37400.72855323799,0.8407000000000001
2050-11-03 23:00:00,7368,35487.7615878648,0.7976999999999999
2050-11-04 00:00:00,7369,33049.840897110145,0.7429
2050-11-04 01:00:00,7370,33049.840897110145,0.7429
2050-11-04 02:00:00,7371,33494.71693556903,0.7529
2050-11-04 03:00:00,7372,33147.7136255711,0.7451
2050-11-04 04:00:00,7373,33209.996270955344,0.7465
2050-11-04 05:00:00,7374,34562.419427870336,0.7769
2050-11-04 06:00:00,7375,37351.79218900751,0.8396
2050-11-04 07:00:00,7376,40732.850081294986,0.9155999999999999
2050-11-04 08:00:00,7377,43277.54102127979,0.9728000000000001
2050-11-04 09:00:00,7378,44265.16582665849,0.995
2050-11-04 10:00:00,7379,44291.85838896603,0.9956
2050-11-04 11:00:00,7380,44314.102190888974,0.9961000000000001
2050-11-04 12:00:00,7381,44487.603845887934,1.0
2050-11-04 13:00:00,7382,44487.603845887934,1.0
2050-11-04 14:00:00,7383,43909.2649958914,0.9870000000000001
2050-11-04 15:00:00,7384,42819.318701667136,0.9625
2050-11-04 16:00:00,7385,41444.6517428292,0.9316
2050-11-04 17:00:00,7386,40096.6773462988,0.9013000000000001
2050-11-04 18:00:00,7387,39126.84758245844,0.8795000000000001
2050-11-04 19:00:00,7388,38681.971543999556,0.8694999999999999
2050-11-04 20:00:00,7389,38548.508732461894,0.8665
2050-11-04 21:00:00,7390,38286.031869771155,0.8606
2050-11-04 22:00:00,7391,37400.72855323799,0.8407000000000001
2050-11-04 23:00:00,7392,35487.7615878648,0.7976999999999999
2050-11-05 00:00:00,7393,22288.289526789857,0.501
2050-11-05 01:00:00,7394,22288.289526789857,0.501
2050-11-05 02:00:00,7395,20615.555622184467,0.4634
2050-11-05 03:00:00,7396,19796.983711420133,0.44500000000000006
2050-11-05 04:00:00,7397,19592.34073372905,0.44040000000000007
2050-11-05 05:00:00,7398,19739.149826420475,0.4437
2050-11-05 06:00:00,7399,19983.83164757286,0.44920000000000004
2050-11-05 07:00:00,7400,20152.884542187236,0.453
2050-11-05 08:00:00,7401,20210.718427186886,0.4543
2050-11-05 09:00:00,7402,20215.167187571482,0.4544000000000001
2050-11-05 10:00:00,7403,20224.064708340655,0.4546
2050-11-05 11:00:00,7404,20246.3085102636,0.4551
2050-11-05 12:00:00,7405,20255.206031032772,0.4552999999999999
2050-11-05 13:00:00,7406,20192.923385648537,0.4539000000000001
2050-11-05 14:00:00,7407,19992.72916834204,0.4494000000000001
2050-11-05 15:00:00,7408,19667.969660267056,0.4421
2050-11-05 16:00:00,7409,19338.761391807482,0.4346999999999999
2050-11-05 17:00:00,7410,19120.772132962637,0.42980000000000007
2050-11-05 18:00:00,7411,19009.553123347912,0.42729999999999996
2050-11-05 19:00:00,7412,18951.719238348258,0.42599999999999993
2050-11-05 20:00:00,7413,18965.06551950203,0.42630000000000007
2050-11-05 21:00:00,7414,19200.849819885232,0.4316
2050-11-05 22:00:00,7415,19881.510158727317,0.44689999999999996
2050-11-05 23:00:00,7416,21282.86967987279,0.47840000000000005
2050-11-06 00:00:00,7417,22288.289526789857,0.501
2050-11-06 01:00:00,7418,22288.289526789857,0.501
2050-11-06 02:00:00,7419,20615.555622184467,0.4634
2050-11-06 03:00:00,7420,19796.983711420133,0.44500000000000006
2050-11-06 04:00:00,7421,19592.34073372905,0.44040000000000007
2050-11-06 05:00:00,7422,19739.149826420475,0.4437
2050-11-06 06:00:00,7423,19983.83164757286,0.44920000000000004
2050-11-06 07:00:00,7424,20152.884542187236,0.453
2050-11-06 08:00:00,7425,20210.718427186886,0.4543
2050-11-06 09:00:00,7426,20215.167187571482,0.4544000000000001
2050-11-06 10:00:00,7427,20224.064708340655,0.4546
2050-11-06 11:00:00,7428,20246.3085102636,0.4551
2050-11-06 12:00:00,7429,20255.206031032772,0.4552999999999999
2050-11-06 13:00:00,7430,20192.923385648537,0.4539000000000001
2050-11-06 14:00:00,7431,19992.72916834204,0.4494000000000001
2050-11-06 15:00:00,7432,19667.969660267056,0.4421
2050-11-06 16:00:00,7433,19338.761391807482,0.4346999999999999
2050-11-06 17:00:00,7434,19120.772132962637,0.42980000000000007
2050-11-06 18:00:00,7435,19009.553123347912,0.42729999999999996
2050-11-06 19:00:00,7436,18951.719238348258,0.42599999999999993
2050-11-06 20:00:00,7437,18965.06551950203,0.42630000000000007
2050-11-06 21:00:00,7438,19200.849819885232,0.4316
2050-11-06 22:00:00,7439,19881.510158727317,0.44689999999999996
2050-11-06 23:00:00,7440,21282.86967987279,0.47840000000000005
2050-11-07 00:00:00,7441,33049.840897110145,0.7429
2050-11-07 01:00:00,7442,33049.840897110145,0.7429
2050-11-07 02:00:00,7443,33494.71693556903,0.7529
2050-11-07 03:00:00,7444,33147.7136255711,0.7451
2050-11-07 04:00:00,7445,33209.996270955344,0.7465
2050-11-07 05:00:00,7446,34562.419427870336,0.7769
2050-11-07 06:00:00,7447,37351.79218900751,0.8396
2050-11-07 07:00:00,7448,40732.850081294986,0.9155999999999999
2050-11-07 08:00:00,7449,43277.54102127979,0.9728000000000001
2050-11-07 09:00:00,7450,44265.16582665849,0.995
2050-11-07 10:00:00,7451,44291.85838896603,0.9956
2050-11-07 11:00:00,7452,44314.102190888974,0.9961000000000001
2050-11-07 12:00:00,7453,44487.603845887934,1.0
2050-11-07 13:00:00,7454,44487.603845887934,1.0
2050-11-07 14:00:00,7455,43909.2649958914,0.9870000000000001
2050-11-07 15:00:00,7456,42819.318701667136,0.9625
2050-11-07 16:00:00,7457,41444.6517428292,0.9316
2050-11-07 17:00:00,7458,40096.6773462988,0.9013000000000001
2050-11-07 18:00:00,7459,39126.84758245844,0.8795000000000001
2050-11-07 19:00:00,7460,38681.971543999556,0.8694999999999999
2050-11-07 20:00:00,7461,38548.508732461894,0.8665
2050-11-07 21:00:00,7462,38286.031869771155,0.8606
2050-11-07 22:00:00,7463,37400.72855323799,0.8407000000000001
2050-11-07 23:00:00,7464,35487.7615878648,0.7976999999999999
2050-11-08 00:00:00,7465,33049.840897110145,0.7429
2050-11-08 01:00:00,7466,33049.840897110145,0.7429
2050-11-08 02:00:00,7467,33494.71693556903,0.7529
2050-11-08 03:00:00,7468,33147.7136255711,0.7451
2050-11-08 04:00:00,7469,33209.996270955344,0.7465
2050-11-08 05:00:00,7470,34562.419427870336,0.7769
2050-11-08 06:00:00,7471,37351.79218900751,0.8396
2050-11-08 07:00:00,7472,40732.850081294986,0.9155999999999999
2050-11-08 08:00:00,7473,43277.54102127979,0.9728000000000001
2050-11-08 09:00:00,7474,44265.16582665849,0.995
2050-11-08 10:00:00,7475,44291.85838896603,0.9956
2050-11-08 11:00:00,7476,44314.102190888974,0.9961000000000001
2050-11-08 12:00:00,7477,44487.603845887934,1.0
2050-11-08 13:00:00,7478,44487.603845887934,1.0
2050-11-08 14:00:00,7479,43909.2649958914,0.9870000000000001
2050-11-08 15:00:00,7480,42819.318701667136,0.9625
2050-11-08 16:00:00,7481,41444.6517428292,0.9316
2050-11-08 17:00:00,7482,40096.6773462988,0.9013000000000001
2050-11-08 18:00:00,7483,39126.84758245844,0.8795000000000001
2050-11-08 19:00:00,7484,38681.971543999556,0.8694999999999999
2050-11-08 20:00:00,7485,38548.508732461894,0.8665
2050-11-08 21:00:00,7486,38286.031869771155,0.8606
2050-11-08 22:00:00,7487,37400.72855323799,0.8407000000000001
2050-11-08 23:00:00,7488,35487.7615878648,0.7976999999999999
2050-11-09 00:00:00,7489,33049.840897110145,0.7429
2050-11-09 01:00:00,7490,33049.840897110145,0.7429
2050-11-09 02:00:00,7491,33494.71693556903,0.7529
2050-11-09 03:00:00,7492,33147.7136255711,0.7451
2050-11-09 04:00:00,7493,33209.996270955344,0.7465
2050-11-09 05:00:00,7494,34562.419427870336,0.7769
2050-11-09 06:00:00,7495,37351.79218900751,0.8396
2050-11-09 07:00:00,7496,40732.850081294986,0.9155999999999999
2050-11-09 08:00:00,7497,43277.54102127979,0.9728000000000001
2050-11-09 09:00:00,7498,44265.16582665849,0.995
2050-11-09 10:00:00,7499,44291.85838896603,0.9956
2050-11-09 11:00:00,7500,44314.102190888974,0.9961000000000001
2050-11-09 12:00:00,7501,44487.603845887934,1.0
2050-11-09 13:00:00,7502,44487.603845887934,1.0
2050-11-09 14:00:00,7503,43909.2649958914,0.9870000000000001
2050-11-09 15:00:00,7504,42819.318701667136,0.9625
2050-11-09 16:00:00,7505,41444.6517428292,0.9316
2050-11-09 17:00:00,7506,40096.6773462988,0.9013000000000001
2050-11-09 18:00:00,7507,39126.84758245844,0.8795000000000001
2050-11-09 19:00:00,7508,38681.971543999556,0.8694999999999999
2050-11-09 20:00:00,7509,38548.508732461894,0.8665
2050-11-09 21:00:00,7510,38286.031869771155,0.8606
2050-11-09 22:00:00,7511,37400.72855323799,0.8407000000000001
2050-11-09 23:00:00,7512,35487.7615878648,0.7976999999999999
2050-11-10 00:00:00,7513,33049.840897110145,0.7429
2050-11-10 01:00:00,7514,33049.840897110145,0.7429
2050-11-10 02:00:00,7515,33494.71693556903,0.7529
2050-11-10 03:00:00,7516,33147.7136255711,0.7451
2050-11-10 04:00:00,7517,33209.996270955344,0.7465
2050-11-10 05:00:00,7518,34562.419427870336,0.7769
2050-11-10 06:00:00,7519,37351.79218900751,0.8396
2050-11-10 07:00:00,7520,40732.850081294986,0.9155999999999999
2050-11-10 08:00:00,7521,43277.54102127979,0.9728000000000001
2050-11-10 09:00:00,7522,44265.16582665849,0.995
2050-11-10 10:00:00,7523,44291.85838896603,0.9956
2050-11-10 11:00:00,7524,44314.102190888974,0.9961000000000001
2050-11-10 12:00:00,7525,44487.603845887934,1.0
2050-11-10 13:00:00,7526,44487.603845887934,1.0
2050-11-10 14:00:00,7527,43909.2649958914,0.9870000000000001
2050-11-10 15:00:00,7528,42819.318701667136,0.9625
2050-11-10 16:00:00,7529,41444.6517428292,0.9316
2050-11-10 17:00:00,7530,40096.6773462988,0.9013000000000001
2050-11-10 18:00:00,7531,39126.84758245844,0.8795000000000001
2050-11-10 19:00:00,7532,38681.971543999556,0.8694999999999999
2050-11-10 20:00:00,7533,38548.508732461894,0.8665
2050-11-10 21:00:00,7534,38286.031869771155,0.8606
2050-11-10 22:00:00,7535,37400.72855323799,0.8407000000000001
2050-11-10 23:00:00,7536,35487.7615878648,0.7976999999999999
2050-11-11 00:00:00,7537,33049.840897110145,0.7429
2050-11-11 01:00:00,7538,33049.840897110145,0.7429
2050-11-11 02:00:00,7539,33494.71693556903,0.7529
2050-11-11 03:00:00,7540,33147.7136255711,0.7451
2050-11-11 04:00:00,7541,33209.996270955344,0.7465
2050-11-11 05:00:00,7542,34562.419427870336,0.7769
2050-11-11 06:00:00,7543,37351.79218900751,0.8396
2050-11-11 07:00:00,7544,40732.850081294986,0.9155999999999999
2050-11-11 08:00:00,7545,43277.54102127979,0.9728000000000001
2050-11-11 09:00:00,7546,44265.16582665849,0.995
2050-11-11 10:00:00,7547,44291.85838896603,0.9956
2050-11-11 11:00:00,7548,44314.102190888974,0.9961000000000001
2050-11-11 12:00:00,7549,44487.603845887934,1.0
2050-11-11 13:00:00,7550,44487.603845887934,1.0
2050-11-11 14:00:00,7551,43909.2649958914,0.9870000000000001
2050-11-11 15:00:00,7552,42819.318701667136,0.9625
2050-11-11 16:00:00,7553,41444.6517428292,0.9316
2050-11-11 17:00:00,7554,40096.6773462988,0.9013000000000001
2050-11-11 18:00:00,7555,39126.84758245844,0.8795000000000001
2050-11-11 19:00:00,7556,38681.971543999556,0.8694999999999999
2050-11-11 20:00:00,7557,38548.508732461894,0.8665
2050-11-11 21:00:00,7558,38286.031869771155,0.8606
2050-11-11 22:00:00,7559,37400.72855323799,0.8407000000000001
2050-11-11 23:00:00,7560,35487.7615878648,0.7976999999999999
2050-11-12 00:00:00,7561,22288.289526789857,0.501
2050-11-12 01:00:00,7562,22288.289526789857,0.501
2050-11-12 02:00:00,7563,20615.555622184467,0.4634
2050-11-12 03:00:00,7564,19796.983711420133,0.44500000000000006
2050-11-12 04:00:00,7565,19592.34073372905,0.44040000000000007
2050-11-12 05:00:00,7566,19739.149826420475,0.4437
2050-11-12 06:00:00,7567,19983.83164757286,0.44920000000000004
2050-11-12 07:00:00,7568,20152.884542187236,0.453
2050-11-12 08:00:00,7569,20210.718427186886,0.4543
2050-11-12 09:00:00,7570,20215.167187571482,0.4544000000000001
2050-11-12 10:00:00,7571,20224.064708340655,0.4546
2050-11-12 11:00:00,7572,20246.3085102636,0.4551
2050-11-12 12:00:00,7573,20255.206031032772,0.4552999999999999
2050-11-12 13:00:00,7574,20192.923385648537,0.4539000000000001
2050-11-12 14:00:00,7575,19992.72916834204,0.4494000000000001
2050-11-12 15:00:00,7576,19667.969660267056,0.4421
2050-11-12 16:00:00,7577,19338.761391807482,0.4346999999999999
2050-11-12 17:00:00,7578,19120.772132962637,0.42980000000000007
2050-11-12 18:00:00,7579,19009.553123347912,0.42729999999999996
2050-11-12 19:00:00,7580,18951.719238348258,0.42599999999999993
2050-11-12 20:00:00,7581,18965.06551950203,0.42630000000000007
2050-11-12 21:00:00,7582,19200.849819885232,0.4316
2050-11-12 22:00:00,7583,19881.510158727317,0.44689999999999996
2050-11-12 23:00:00,7584,21282.86967987279,0.47840000000000005
2050-11-13 00:00:00,7585,22288.289526789857,0.501
2050-11-13 01:00:00,7586,22288.289526789857,0.501
2050-11-13 02:00:00,7587,20615.555622184467,0.4634
2050-11-13 03:00:00,7588,19796.983711420133,0.44500000000000006
2050-11-13 04:00:00,7589,19592.34073372905,0.44040000000000007
2050-11-13 05:00:00,7590,19739.149826420475,0.4437
2050-11-13 06:00:00,7591,19983.83164757286,0.44920000000000004
2050-11-13 07:00:00,7592,20152.884542187236,0.453
2050-11-13 08:00:00,7593,20210.718427186886,0.4543
2050-11-13 09:00:00,7594,20215.167187571482,0.4544000000000001
2050-11-13 10:00:00,7595,20224.064708340655,0.4546
2050-11-13 11:00:00,7596,20246.3085102636,0.4551
2050-11-13 12:00:00,7597,20255.206031032772,0.4552999999999999
2050-11-13 13:00:00,7598,20192.923385648537,0.4539000000000001
2050-11-13 14:00:00,7599,19992.72916834204,0.4494000000000001
2050-11-13 15:00:00,7600,19667.969660267056,0.4421
2050-11-13 16:00:00,7601,19338.761391807482,0.4346999999999999
2050-11-13 17:00:00,7602,19120.772132962637,0.42980000000000007
2050-11-13 18:00:00,7603,19009.553123347912,0.42729999999999996
2050-11-13 19:00:00,7604,18951.719238348258,0.42599999999999993
2050-11-13 20:00:00,7605,18965.06551950203,0.42630000000000007
2050-11-13 21:00:00,7606,19200.849819885232,0.4316
2050-11-13 22:00:00,7607,19881.510158727317,0.44689999999999996
2050-11-13 23:00:00,7608,21282.86967987279,0.47840000000000005
2050-11-14 00:00:00,7609,33049.840897110145,0.7429
2050-11-14 01:00:00,7610,33049.840897110145,0.7429
2050-11-14 02:00:00,7611,33494.71693556903,0.7529
2050-11-14 03:00:00,7612,33147.7136255711,0.7451
2050-11-14 04:00:00,7613,33209.996270955344,0.7465
2050-11-14 05:00:00,7614,34562.419427870336,0.7769
2050-11-14 06:00:00,7615,37351.79218900751,0.8396
2050-11-14 07:00:00,7616,40732.850081294986,0.9155999999999999
2050-11-14 08:00:00,7617,43277.54102127979,0.9728000000000001
2050-11-14 09:00:00,7618,44265.16582665849,0.995
2050-11-14 10:00:00,7619,44291.85838896603,0.9956
2050-11-14 11:00:00,7620,44314.102190888974,0.9961000000000001
2050-11-14 12:00:00,7621,44487.603845887934,1.0
2050-11-14 13:00:00,7622,44487.603845887934,1.0
2050-11-14 14:00:00,7623,43909.2649958914,0.9870000000000001
2050-11-14 15:00:00,7624,42819.318701667136,0.9625
2050-11-14 16:00:00,7625,41444.6517428292,0.9316
2050-11-14 17:00:00,7626,40096.6773462988,0.9013000000000001
2050-11-14 18:00:00,7627,39126.84758245844,0.8795000000000001
2050-11-14 19:00:00,7628,38681.971543999556,0.8694999999999999
2050-11-14 20:00:00,7629,38548.508732461894,0.8665
2050-11-14 21:00:00,7630,38286.031869771155,0.8606
2050-11-14 22:00:00,7631,37400.72855323799,0.8407000000000001
2050-11-14 23:00:00,7632,35487.7615878648,0.7976999999999999
2050-11-15 00:00:00,7633,33049.840897110145,0.7429
2050-11-15 01:00:00,7634,33049.840897110145,0.7429
2050-11-15 02:00:00,7635,33494.71693556903,0.7529
2050-11-15 03:00:00,7636,33147.7136255711,0.7451
2050-11-15 04:00:00,7637,33209.996270955344,0.7465
2050-11-15 05:00:00,7638,34562.419427870336,0.7769
2050-11-15 06:00:00,7639,37351.79218900751,0.8396
2050-11-15 07:00:00,7640,40732.850081294986,0.9155999999999999
2050-11-15 08:00:00,7641,43277.54102127979,0.9728000000000001
2050-11-15 09:00:00,7642,44265.16582665849,0.995
2050-11-15 10:00:00,7643,44291.85838896603,0.9956
2050-11-15 11:00:00,7644,44314.102190888974,0.9961000000000001
2050-11-15 12:00:00,7645,44487.603845887934,1.0
2050-11-15 13:00:00,7646,44487.603845887934,1.0
2050-11-15 14:00:00,7647,43909.2649958914,0.9870000000000001
2050-11-15 15:00:00,7648,42819.318701667136,0.9625
2050-11-15 16:00:00,7649,41444.6517428292,0.9316
2050-11-15 17:00:00,7650,40096.6773462988,0.9013000000000001
2050-11-15 18:00:00,7651,39126.84758245844,0.8795000000000001
2050-11-15 19:00:00,7652,38681.971543999556,0.8694999999999999
2050-11-15 20:00:00,7653,38548.508732461894,0.8665
2050-11-15 21:00:00,7654,38286.031869771155,0.8606
2050-11-15 22:00:00,7655,37400.72855323799,0.8407000000000001
2050-11-15 23:00:00,7656,35487.7615878648,0.7976999999999999
2050-11-16 00:00:00,7657,33049.840897110145,0.7429
2050-11-16 01:00:00,7658,33049.840897110145,0.7429
2050-11-16 02:00:00,7659,33494.71693556903,0.7529
2050-11-16 03:00:00,7660,33147.7136255711,0.7451
2050-11-16 04:00:00,7661,33209.996270955344,0.7465
2050-11-16 05:00:00,7662,34562.419427870336,0.7769
2050-11-16 06:00:00,7663,37351.79218900751,0.8396
2050-11-16 07:00:00,7664,40732.850081294986,0.9155999999999999
2050-11-16 08:00:00,7665,43277.54102127979,0.9728000000000001
2050-11-16 09:00:00,7666,44265.16582665849,0.995
2050-11-16 10:00:00,7667,44291.85838896603,0.9956
2050-11-16 11:00:00,7668,44314.102190888974,0.9961000000000001
2050-11-16 12:00:00,7669,44487.603845887934,1.0
2050-11-16 13:00:00,7670,44487.603845887934,1.0
2050-11-16 14:00:00,7671,43909.2649958914,0.9870000000000001
2050-11-16 15:00:00,7672,42819.318701667136,0.9625
2050-11-16 16:00:00,7673,41444.6517428292,0.9316
2050-11-16 17:00:00,7674,40096.6773462988,0.9013000000000001
2050-11-16 18:00:00,7675,39126.84758245844,0.8795000000000001
2050-11-16 19:00:00,7676,38681.971543999556,0.8694999999999999
2050-11-16 20:00:00,7677,38548.508732461894,0.8665
2050-11-16 21:00:00,7678,38286.031869771155,0.8606
2050-11-16 22:00:00,7679,37400.72855323799,0.8407000000000001
2050-11-16 23:00:00,7680,35487.7615878648,0.7976999999999999
2050-11-17 00:00:00,7681,33049.840897110145,0.7429
2050-11-17 01:00:00,7682,33049.840897110145,0.7429
2050-11-17 02:00:00,7683,33494.71693556903,0.7529
2050-11-17 03:00:00,7684,33147.7136255711,0.7451
2050-11-17 04:00:00,7685,33209.996270955344,0.7465
2050-11-17 05:00:00,7686,34562.419427870336,0.7769
2050-11-17 06:00:00,7687,37351.79218900751,0.8396
2050-11-17 07:00:00,7688,40732.850081294986,0.9155999999999999
2050-11-17 08:00:00,7689,43277.54102127979,0.9728000000000001
2050-11-17 09:00:00,7690,44265.16582665849,0.995
2050-11-17 10:00:00,7691,44291.85838896603,0.9956
2050-11-17 11:00:00,7692,44314.102190888974,0.9961000000000001
2050-11-17 12:00:00,7693,44487.603845887934,1.0
2050-11-17 13:00:00,7694,44487.603845887934,1.0
2050-11-17 14:00:00,7695,43909.2649958914,0.9870000000000001
2050-11-17 15:00:00,7696,42819.318701667136,0.9625
2050-11-17 16:00:00,7697,41444.6517428292,0.9316
2050-11-17 17:00:00,7698,40096.6773462988,0.9013000000000001
2050-11-17 18:00:00,7699,39126.84758245844,0.8795000000000001
2050-11-17 19:00:00,7700,38681.971543999556,0.8694999999999999
2050-11-17 20:00:00,7701,38548.508732461894,0.8665
2050-11-17 21:00:00,7702,38286.031869771155,0.8606
2050-11-17 22:00:00,7703,37400.72855323799,0.8407000000000001
2050-11-17 23:00:00,7704,35487.7615878648,0.7976999999999999
2050-11-18 00:00:00,7705,33049.840897110145,0.7429
2050-11-18 01:00:00,7706,33049.840897110145,0.7429
2050-11-18 02:00:00,7707,33494.71693556903,0.7529
2050-11-18 03:00:00,7708,33147.7136255711,0.7451
2050-11-18 04:00:00,7709,33209.996270955344,0.7465
2050-11-18 05:00:00,7710,34562.419427870336,0.7769
2050-11-18 06:00:00,7711,37351.79218900751,0.8396
2050-11-18 07:00:00,7712,40732.850081294986,0.9155999999999999
2050-11-18 08:00:00,7713,43277.54102127979,0.9728000000000001
2050-11-18 09:00:00,7714,44265.16582665849,0.995
2050-11-18 10:00:00,7715,44291.85838896603,0.9956
2050-11-18 11:00:00,7716,44314.102190888974,0.9961000000000001
2050-11-18 12:00:00,7717,44487.603845887934,1.0
2050-11-18 13:00:00,7718,44487.603845887934,1.0
2050-11-18 14:00:00,7719,43909.2649958914,0.9870000000000001
2050-11-18 15:00:00,7720,42819.318701667136,0.9625
2050-11-18 16:00:00,7721,41444.6517428292,0.9316
2050-11-18 17:00:00,7722,40096.6773462988,0.9013000000000001
2050-11-18 18:00:00,7723,39126.84758245844,0.8795000000000001
2050-11-18 19:00:00,7724,38681.971543999556,0.8694999999999999
2050-11-18 20:00:00,7725,38548.508732461894,0.8665
2050-11-18 21:00:00,7726,38286.031869771155,0.8606
2050-11-18 22:00:00,7727,37400.72855323799,0.8407000000000001
2050-11-18 23:00:00,7728,35487.7615878648,0.7976999999999999
2050-11-19 00:00:00,7729,22288.289526789857,0.501
2050-11-19 01:00:00,7730,22288.289526789857,0.501
2050-11-19 02:00:00,7731,20615.555622184467,0.4634
2050-11-19 03:00:00,7732,19796.983711420133,0.44500000000000006
2050-11-19 04:00:00,7733,19592.34073372905,0.44040000000000007
2050-11-19 05:00:00,7734,19739.149826420475,0.4437
2050-11-19 06:00:00,7735,19983.83164757286,0.44920000000000004
2050-11-19 07:00:00,7736,20152.884542187236,0.453
2050-11-19 08:00:00,7737,20210.718427186886,0.4543
2050-11-19 09:00:00,7738,20215.167187571482,0.4544000000000001
2050-11-19 10:00:00,7739,20224.064708340655,0.4546
2050-11-19 11:00:00,7740,20246.3085102636,0.4551
2050-11-19 12:00:00,7741,20255.206031032772,0.4552999999999999
2050-11-19 13:00:00,7742,20192.923385648537,0.4539000000000001
2050-11-19 14:00:00,7743,19992.72916834204,0.4494000000000001
2050-11-19 15:00:00,7744,19667.969660267056,0.4421
2050-11-19 16:00:00,7745,19338.761391807482,0.4346999999999999
2050-11-19 17:00:00,7746,19120.772132962637,0.42980000000000007
2050-11-19 18:00:00,7747,19009.553123347912,0.42729999999999996
2050-11-19 19:00:00,7748,18951.719238348258,0.42599999999999993
2050-11-19 20:00:00,7749,18965.06551950203,0.42630000000000007
2050-11-19 21:00:00,7750,19200.849819885232,0.4316
2050-11-19 22:00:00,7751,19881.510158727317,0.44689999999999996
2050-11-19 23:00:00,7752,21282.86967987279,0.47840000000000005
2050-11-20 00:00:00,7753,22288.289526789857,0.501
2050-11-20 01:00:00,7754,22288.289526789857,0.501
2050-11-20 02:00:00,7755,20615.555622184467,0.4634
2050-11-20 03:00:00,7756,19796.983711420133,0.44500000000000006
2050-11-20 04:00:00,7757,19592.34073372905,0.44040000000000007
2050-11-20 05:00:00,7758,19739.149826420475,0.4437
2050-11-20 06:00:00,7759,19983.83164757286,0.44920000000000004
2050-11-20 07:00:00,7760,20152.884542187236,0.453
2050-11-20 08:00:00,7761,20210.718427186886,0.4543
2050-11-20 09:00:00,7762,20215.167187571482,0.4544000000000001
2050-11-20 10:00:00,7763,20224.064708340655,0.4546
2050-11-20 11:00:00,7764,20246.3085102636,0.4551
2050-11-20 12:00:00,7765,20255.206031032772,0.4552999999999999
2050-11-20 13:00:00,7766,20192.923385648537,0.4539000000000001
2050-11-20 14:00:00,7767,19992.72916834204,0.4494000000000001
2050-11-20 15:00:00,7768,19667.969660267056,0.4421
2050-11-20 16:00:00,7769,19338.761391807482,0.4346999999999999
2050-11-20 17:00:00,7770,19120.772132962637,0.42980000000000007
2050-11-20 18:00:00,7771,19009.553123347912,0.42729999999999996
2050-11-20 19:00:00,7772,18951.719238348258,0.42599999999999993
2050-11-20 20:00:00,7773,18965.06551950203,0.42630000000000007
2050-11-20 21:00:00,7774,19200.849819885232,0.4316
2050-11-20 22:00:00,7775,19881.510158727317,0.44689999999999996
2050-11-20 23:00:00,7776,21282.86967987279,0.47840000000000005
2050-11-21 00:00:00,7777,33049.840897110145,0.7429
2050-11-21 01:00:00,7778,33049.840897110145,0.7429
2050-11-21 02:00:00,7779,33494.71693556903,0.7529
2050-11-21 03:00:00,7780,33147.7136255711,0.7451
2050-11-21 04:00:00,7781,33209.996270955344,0.7465
2050-11-21 05:00:00,7782,34562.419427870336,0.7769
2050-11-21 06:00:00,7783,37351.79218900751,0.8396
2050-11-21 07:00:00,7784,40732.850081294986,0.9155999999999999
2050-11-21 08:00:00,7785,43277.54102127979,0.9728000000000001
2050-11-21 09:00:00,7786,44265.16582665849,0.995
2050-11-21 10:00:00,7787,44291.85838896603,0.9956
2050-11-21 11:00:00,7788,44314.102190888974,0.9961000000000001
2050-11-21 12:00:00,7789,44487.603845887934,1.0
2050-11-21 13:00:00,7790,44487.603845887934,1.0
2050-11-21 14:00:00,7791,43909.2649958914,0.9870000000000001
2050-11-21 15:00:00,7792,42819.318701667136,0.9625
2050-11-21 16:00:00,7793,41444.6517428292,0.9316
2050-11-21 17:00:00,7794,40096.6773462988,0.9013000000000001
2050-11-21 18:00:00,7795,39126.84758245844,0.8795000000000001
2050-11-21 19:00:00,7796,38681.971543999556,0.8694999999999999
2050-11-21 20:00:00,7797,38548.508732461894,0.8665
2050-11-21 21:00:00,7798,38286.031869771155,0.8606
2050-11-21 22:00:00,7799,37400.72855323799,0.8407000000000001
2050-11-21 23:00:00,7800,35487.7615878648,0.7976999999999999
2050-11-22 00:00:00,7801,33049.840897110145,0.7429
2050-11-22 01:00:00,7802,33049.840897110145,0.7429
2050-11-22 02:00:00,7803,33494.71693556903,0.7529
2050-11-22 03:00:00,7804,33147.7136255711,0.7451
2050-11-22 04:00:00,7805,33209.996270955344,0.7465
2050-11-22 05:00:00,7806,34562.419427870336,0.7769
2050-11-22 06:00:00,7807,37351.79218900751,0.8396
2050-11-22 07:00:00,7808,40732.850081294986,0.9155999999999999
2050-11-22 08:00:00,7809,43277.54102127979,0.9728000000000001
2050-11-22 09:00:00,7810,44265.16582665849,0.995
2050-11-22 10:00:00,7811,44291.85838896603,0.9956
2050-11-22 11:00:00,7812,44314.102190888974,0.9961000000000001
2050-11-22 12:00:00,7813,44487.603845887934,1.0
2050-11-22 13:00:00,7814,44487.603845887934,1.0
2050-11-22 14:00:00,7815,43909.2649958914,0.9870000000000001
2050-11-22 15:00:00,7816,42819.318701667136,0.9625
2050-11-22 16:00:00,7817,41444.6517428292,0.9316
2050-11-22 17:00:00,7818,40096.6773462988,0.9013000000000001
2050-11-22 18:00:00,7819,39126.84758245844,0.8795000000000001
2050-11-22 19:00:00,7820,38681.971543999556,0.8694999999999999
2050-11-22 20:00:00,7821,38548.508732461894,0.8665
2050-11-22 21:00:00,7822,38286.031869771155,0.8606
2050-11-22 22:00:00,7823,37400.72855323799,0.8407000000000001
2050-11-22 23:00:00,7824,35487.7615878648,0.7976999999999999
2050-11-23 00:00:00,7825,33049.840897110145,0.7429
2050-11-23 01:00:00,7826,33049.840897110145,0.7429
2050-11-23 02:00:00,7827,33494.71693556903,0.7529
2050-11-23 03:00:00,7828,33147.7136255711,0.7451
2050-11-23 04:00:00,7829,33209.996270955344,0.7465
2050-11-23 05:00:00,7830,34562.419427870336,0.7769
2050-11-23 06:00:00,7831,37351.79218900751,0.8396
2050-11-23 07:00:00,7832,40732.850081294986,0.9155999999999999
2050-11-23 08:00:00,7833,43277.54102127979,0.9728000000000001
2050-11-23 09:00:00,7834,44265.16582665849,0.995
2050-11-23 10:00:00,7835,44291.85838896603,0.9956
2050-11-23 11:00:00,7836,44314.102190888974,0.9961000000000001
2050-11-23 12:00:00,7837,44487.603845887934,1.0
2050-11-23 13:00:00,7838,44487.603845887934,1.0
2050-11-23 14:00:00,7839,43909.2649958914,0.9870000000000001
2050-11-23 15:00:00,7840,42819.318701667136,0.9625
2050-11-23 16:00:00,7841,41444.6517428292,0.9316
2050-11-23 17:00:00,7842,40096.6773462988,0.9013000000000001
2050-11-23 18:00:00,7843,39126.84758245844,0.8795000000000001
2050-11-23 19:00:00,7844,38681.971543999556,0.8694999999999999
2050-11-23 20:00:00,7845,38548.508732461894,0.8665
2050-11-23 21:00:00,7846,38286.031869771155,0.8606
2050-11-23 22:00:00,7847,37400.72855323799,0.8407000000000001
2050-11-23 23:00:00,7848,35487.7615878648,0.7976999999999999
2050-11-24 00:00:00,7849,33049.840897110145,0.7429
2050-11-24 01:00:00,7850,33049.840897110145,0.7429
2050-11-24 02:00:00,7851,33494.71693556903,0.7529
2050-11-24 03:00:00,7852,33147.7136255711,0.7451
2050-11-24 04:00:00,7853,33209.996270955344,0.7465
2050-11-24 05:00:00,7854,34562.419427870336,0.7769
2050-11-24 06:00:00,7855,37351.79218900751,0.8396
2050-11-24 07:00:00,7856,40732.850081294986,0.9155999999999999
2050-11-24 08:00:00,7857,43277.54102127979,0.9728000000000001
2050-11-24 09:00:00,7858,44265.16582665849,0.995
2050-11-24 10:00:00,7859,44291.85838896603,0.9956
2050-11-24 11:00:00,7860,44314.102190888974,0.9961000000000001
2050-11-24 12:00:00,7861,44487.603845887934,1.0
2050-11-24 13:00:00,7862,44487.603845887934,1.0
2050-11-24 14:00:00,7863,43909.2649958914,0.9870000000000001
2050-11-24 15:00:00,7864,42819.318701667136,0.9625
2050-11-24 16:00:00,7865,41444.6517428292,0.9316
2050-11-24 17:00:00,7866,40096.6773462988,0.9013000000000001
2050-11-24 18:00:00,7867,39126.84758245844,0.8795000000000001
2050-11-24 19:00:00,7868,38681.971543999556,0.8694999999999999
2050-11-24 20:00:00,7869,38548.508732461894,0.8665
2050-11-24 21:00:00,7870,38286.031869771155,0.8606
2050-11-24 22:00:00,7871,37400.72855323799,0.8407000000000001
2050-11-24 23:00:00,7872,35487.7615878648,0.7976999999999999
2050-11-25 00:00:00,7873,33049.840897110145,0.7429
2050-11-25 01:00:00,7874,33049.840897110145,0.7429
2050-11-25 02:00:00,7875,33494.71693556903,0.7529
2050-11-25 03:00:00,7876,33147.7136255711,0.7451
2050-11-25 04:00:00,7877,33209.996270955344,0.7465
2050-11-25 05:00:00,7878,34562.419427870336,0.7769
2050-11-25 06:00:00,7879,37351.79218900751,0.8396
2050-11-25 07:00:00,7880,40732.850081294986,0.9155999999999999
2050-11-25 08:00:00,7881,43277.54102127979,0.9728000000000001
2050-11-25 09:00:00,7882,44265.16582665849,0.995
2050-11-25 10:00:00,7883,44291.85838896603,0.9956
2050-11-25 11:00:00,7884,44314.102190888974,0.9961000000000001
2050-11-25 12:00:00,7885,44487.603845887934,1.0
2050-11-25 13:00:00,7886,44487.603845887934,1.0
2050-11-25 14:00:00,7887,43909.2649958914,0.9870000000000001
2050-11-25 15:00:00,7888,42819.318701667136,0.9625
2050-11-25 16:00:00,7889,41444.6517428292,0.9316
2050-11-25 17:00:00,7890,40096.6773462988,0.9013000000000001
2050-11-25 18:00:00,7891,39126.84758245844,0.8795000000000001
2050-11-25 19:00:00,7892,38681.971543999556,0.8694999999999999
2050-11-25 20:00:00,7893,38548.508732461894,0.8665
2050-11-25 21:00:00,7894,38286.031869771155,0.8606
2050-11-25 22:00:00,7895,37400.72855323799,0.8407000000000001
2050-11-25 23:00:00,7896,35487.7615878648,0.7976999999999999
2050-11-26 00:00:00,7897,22288.289526789857,0.501
2050-11-26 01:00:00,7898,22288.289526789857,0.501
2050-11-26 02:00:00,7899,20615.555622184467,0.4634
2050-11-26 03:00:00,7900,19796.983711420133,0.44500000000000006
2050-11-26 04:00:00,7901,19592.34073372905,0.44040000000000007
2050-11-26 05:00:00,7902,19739.149826420475,0.4437
2050-11-26 06:00:00,7903,19983.83164757286,0.44920000000000004
2050-11-26 07:00:00,7904,20152.884542187236,0.453
2050-11-26 08:00:00,7905,20210.718427186886,0.4543
2050-11-26 09:00:00,7906,20215.167187571482,0.4544000000000001
2050-11-26 10:00:00,7907,20224.064708340655,0.4546
2050-11-26 11:00:00,7908,20246.3085102636,0.4551
2050-11-26 12:00:00,7909,20255.206031032772,0.4552999999999999
2050-11-26 13:00:00,7910,20192.923385648537,0.4539000000000001
2050-11-26 14:00:00,7911,19992.72916834204,0.4494000000000001
2050-11-26 15:00:00,7912,19667.969660267056,0.4421
2050-11-26 16:00:00,7913,19338.761391807482,0.4346999999999999
2050-11-26 17:00:00,7914,19120.772132962637,0.42980000000000007
2050-11-26 18:00:00,7915,19009.553123347912,0.42729999999999996
2050-11-26 19:00:00,7916,18951.719238348258,0.42599999999999993
2050-11-26 20:00:00,7917,18965.06551950203,0.42630000000000007
2050-11-26 21:00:00,7918,19200.849819885232,0.4316
2050-11-26 22:00:00,7919,19881.510158727317,0.44689999999999996
2050-11-26 23:00:00,7920,21282.86967987279,0.47840000000000005
2050-11-27 00:00:00,7921,22288.289526789857,0.501
2050-11-27 01:00:00,7922,22288.289526789857,0.501
2050-11-27 02:00:00,7923,20615.555622184467,0.4634
2050-11-27 03:00:00,7924,19796.983711420133,0.44500000000000006
2050-11-27 04:00:00,7925,19592.34073372905,0.44040000000000007
2050-11-27 05:00:00,7926,19739.149826420475,0.4437
2050-11-27 06:00:00,7927,19983.83164757286,0.44920000000000004
2050-11-27 07:00:00,7928,20152.884542187236,0.453
2050-11-27 08:00:00,7929,20210.718427186886,0.4543
2050-11-27 09:00:00,7930,20215.167187571482,0.4544000000000001
2050-11-27 10:00:00,7931,20224.064708340655,0.4546
2050-11-27 11:00:00,7932,20246.3085102636,0.4551
2050-11-27 12:00:00,7933,20255.206031032772,0.4552999999999999
2050-11-27 13:00:00,7934,20192.923385648537,0.4539000000000001
2050-11-27 14:00:00,7935,19992.72916834204,0.4494000000000001
2050-11-27 15:00:00,7936,19667.969660267056,0.4421
2050-11-27 16:00:00,7937,19338.761391807482,0.4346999999999999
2050-11-27 17:00:00,7938,19120.772132962637,0.42980000000000007
2050-11-27 18:00:00,7939,19009.553123347912,0.42729999999999996
2050-11-27 19:00:00,7940,18951.719238348258,0.42599999999999993
2050-11-27 20:00:00,7941,18965.06551950203,0.42630000000000007
2050-11-27 21:00:00,7942,19200.849819885232,0.4316
2050-11-27 22:00:00,7943,19881.510158727317,0.44689999999999996
2050-11-27 23:00:00,7944,21282.86967987279,0.47840000000000005
2050-11-28 00:00:00,7945,33049.840897110145,0.7429
2050-11-28 01:00:00,7946,33049.840897110145,0.7429
2050-11-28 02:00:00,7947,33494.71693556903,0.7529
2050-11-28 03:00:00,7948,33147.7136255711,0.7451
2050-11-28 04:00:00,7949,33209.996270955344,0.7465
2050-11-28 05:00:00,7950,34562.419427870336,0.7769
2050-11-28 06:00:00,7951,37351.79218900751,0.8396
2050-11-28 07:00:00,7952,40732.850081294986,0.9155999999999999
2050-11-28 08:00:00,7953,43277.54102127979,0.9728000000000001
2050-11-28 09:00:00,7954,44265.16582665849,0.995
2050-11-28 10:00:00,7955,44291.85838896603,0.9956
2050-11-28 11:00:00,7956,44314.102190888974,0.9961000000000001
2050-11-28 12:00:00,7957,44487.603845887934,1.0
2050-11-28 13:00:00,7958,44487.603845887934,1.0
2050-11-28 14:00:00,7959,43909.2649958914,0.9870000000000001
2050-11-28 15:00:00,7960,42819.318701667136,0.9625
2050-11-28 16:00:00,7961,41444.6517428292,0.9316
2050-11-28 17:00:00,7962,40096.6773462988,0.9013000000000001
2050-11-28 18:00:00,7963,39126.84758245844,0.8795000000000001
2050-11-28 19:00:00,7964,38681.971543999556,0.8694999999999999
2050-11-28 20:00:00,7965,38548.508732461894,0.8665
2050-11-28 21:00:00,7966,38286.031869771155,0.8606
2050-11-28 22:00:00,7967,37400.72855323799,0.8407000000000001
2050-11-28 23:00:00,7968,35487.7615878648,0.7976999999999999
2050-11-29 00:00:00,7969,33049.840897110145,0.7429
2050-11-29 01:00:00,7970,33049.840897110145,0.7429
2050-11-29 02:00:00,7971,33494.71693556903,0.7529
2050-11-29 03:00:00,7972,33147.7136255711,0.7451
2050-11-29 04:00:00,7973,33209.996270955344,0.7465
2050-11-29 05:00:00,7974,34562.419427870336,0.7769
2050-11-29 06:00:00,7975,37351.79218900751,0.8396
2050-11-29 07:00:00,7976,40732.850081294986,0.9155999999999999
2050-11-29 08:00:00,7977,43277.54102127979,0.9728000000000001
2050-11-29 09:00:00,7978,44265.16582665849,0.995
2050-11-29 10:00:00,7979,44291.85838896603,0.9956
2050-11-29 11:00:00,7980,44314.102190888974,0.9961000000000001
2050-11-29 12:00:00,7981,44487.603845887934,1.0
2050-11-29 13:00:00,7982,44487.603845887934,1.0
2050-11-29 14:00:00,7983,43909.2649958914,0.9870000000000001
2050-11-29 15:00:00,7984,42819.318701667136,0.9625
2050-11-29 16:00:00,7985,41444.6517428292,0.9316
2050-11-29 17:00:00,7986,40096.6773462988,0.9013000000000001
2050-11-29 18:00:00,7987,39126.84758245844,0.8795000000000001
2050-11-29 19:00:00,7988,38681.971543999556,0.8694999999999999
2050-11-29 20:00:00,7989,38548.508732461894,0.8665
2050-11-29 21:00:00,7990,38286.031869771155,0.8606
2050-11-29 22:00:00,7991,37400.72855323799,0.8407000000000001
2050-11-29 23:00:00,7992,35487.7615878648,0.7976999999999999
2050-11-30 00:00:00,7993,33049.840897110145,0.7429
2050-11-30 01:00:00,7994,33049.840897110145,0.7429
2050-11-30 02:00:00,7995,33494.71693556903,0.7529
2050-11-30 03:00:00,7996,33147.7136255711,0.7451
2050-11-30 04:00:00,7997,33209.996270955344,0.7465
2050-11-30 05:00:00,7998,34562.419427870336,0.7769
2050-11-30 06:00:00,7999,37351.79218900751,0.8396
2050-11-30 07:00:00,8000,40732.850081294986,0.9155999999999999
2050-11-30 08:00:00,8001,43277.54102127979,0.9728000000000001
2050-11-30 09:00:00,8002,44265.16582665849,0.995
2050-11-30 10:00:00,8003,44291.85838896603,0.9956
2050-11-30 11:00:00,8004,44314.102190888974,0.9961000000000001
2050-11-30 12:00:00,8005,44487.603845887934,1.0
2050-11-30 13:00:00,8006,44487.603845887934,1.0
2050-11-30 14:00:00,8007,43909.2649958914,0.9870000000000001
2050-11-30 15:00:00,8008,42819.318701667136,0.9625
2050-11-30 16:00:00,8009,41444.6517428292,0.9316
2050-11-30 17:00:00,8010,40096.6773462988,0.9013000000000001
2050-11-30 18:00:00,8011,39126.84758245844,0.8795000000000001
2050-11-30 19:00:00,8012,38681.971543999556,0.8694999999999999
2050-11-30 20:00:00,8013,38548.508732461894,0.8665
2050-11-30 21:00:00,8014,38286.031869771155,0.8606
2050-11-30 22:00:00,8015,37400.72855323799,0.8407000000000001
2050-11-30 23:00:00,8016,35487.7615878648,0.7976999999999999
2050-12-01 00:00:00,8017,33049.840897110145,0.7429
2050-12-01 01:00:00,8018,33049.840897110145,0.7429
2050-12-01 02:00:00,8019,33494.71693556903,0.7529
2050-12-01 03:00:00,8020,33147.7136255711,0.7451
2050-12-01 04:00:00,8021,33209.996270955344,0.7465
2050-12-01 05:00:00,8022,34562.419427870336,0.7769
2050-12-01 06:00:00,8023,37351.79218900751,0.8396
2050-12-01 07:00:00,8024,40732.850081294986,0.9155999999999999
2050-12-01 08:00:00,8025,43277.54102127979,0.9728000000000001
2050-12-01 09:00:00,8026,44265.16582665849,0.995
2050-12-01 10:00:00,8027,44291.85838896603,0.9956
2050-12-01 11:00:00,8028,44314.102190888974,0.9961000000000001
2050-12-01 12:00:00,8029,44487.603845887934,1.0
2050-12-01 13:00:00,8030,44487.603845887934,1.0
2050-12-01 14:00:00,8031,43909.2649958914,0.9870000000000001
2050-12-01 15:00:00,8032,42819.318701667136,0.9625
2050-12-01 16:00:00,8033,41444.6517428292,0.9316
2050-12-01 17:00:00,8034,40096.6773462988,0.9013000000000001
2050-12-01 18:00:00,8035,39126.84758245844,0.8795000000000001
2050-12-01 19:00:00,8036,38681.971543999556,0.8694999999999999
2050-12-01 20:00:00,8037,38548.508732461894,0.8665
2050-12-01 21:00:00,8038,38286.031869771155,0.8606
2050-12-01 22:00:00,8039,37400.72855323799,0.8407000000000001
2050-12-01 23:00:00,8040,35487.7615878648,0.7976999999999999
2050-12-02 00:00:00,8041,33049.840897110145,0.7429
2050-12-02 01:00:00,8042,33049.840897110145,0.7429
2050-12-02 02:00:00,8043,33494.71693556903,0.7529
2050-12-02 03:00:00,8044,33147.7136255711,0.7451
2050-12-02 04:00:00,8045,33209.996270955344,0.7465
2050-12-02 05:00:00,8046,34562.419427870336,0.7769
2050-12-02 06:00:00,8047,37351.79218900751,0.8396
2050-12-02 07:00:00,8048,40732.850081294986,0.9155999999999999
2050-12-02 08:00:00,8049,43277.54102127979,0.9728000000000001
2050-12-02 09:00:00,8050,44265.16582665849,0.995
2050-12-02 10:00:00,8051,44291.85838896603,0.9956
2050-12-02 11:00:00,8052,44314.102190888974,0.9961000000000001
2050-12-02 12:00:00,8053,44487.603845887934,1.0
2050-12-02 13:00:00,8054,44487.603845887934,1.0
2050-12-02 14:00:00,8055,43909.2649958914,0.9870000000000001
2050-12-02 15:00:00,8056,42819.318701667136,0.9625
2050-12-02 16:00:00,8057,41444.6517428292,0.9316
2050-12-02 17:00:00,8058,40096.6773462988,0.9013000000000001
2050-12-02 18:00:00,8059,39126.84758245844,0.8795000000000001
2050-12-02 19:00:00,8060,38681.971543999556,0.8694999999999999
2050-12-02 20:00:00,8061,38548.508732461894,0.8665
2050-12-02 21:00:00,8062,38286.031869771155,0.8606
2050-12-02 22:00:00,8063,37400.72855323799,0.8407000000000001
2050-12-02 23:00:00,8064,35487.7615878648,0.7976999999999999
2050-12-03 00:00:00,8065,22288.289526789857,0.501
2050-12-03 01:00:00,8066,22288.289526789857,0.501
2050-12-03 02:00:00,8067,20615.555622184467,0.4634
2050-12-03 03:00:00,8068,19796.983711420133,0.44500000000000006
2050-12-03 04:00:00,8069,19592.34073372905,0.44040000000000007
2050-12-03 05:00:00,8070,19739.149826420475,0.4437
2050-12-03 06:00:00,8071,19983.83164757286,0.44920000000000004
2050-12-03 07:00:00,8072,20152.884542187236,0.453
2050-12-03 08:00:00,8073,20210.718427186886,0.4543
2050-12-03 09:00:00,8074,20215.167187571482,0.4544000000000001
2050-12-03 10:00:00,8075,20224.064708340655,0.4546
2050-12-03 11:00:00,8076,20246.3085102636,0.4551
2050-12-03 12:00:00,8077,20255.206031032772,0.4552999999999999
2050-12-03 13:00:00,8078,20192.923385648537,0.4539000000000001
2050-12-03 14:00:00,8079,19992.72916834204,0.4494000000000001
2050-12-03 15:00:00,8080,19667.969660267056,0.4421
2050-12-03 16:00:00,8081,19338.761391807482,0.4346999999999999
2050-12-03 17:00:00,8082,19120.772132962637,0.42980000000000007
2050-12-03 18:00:00,8083,19009.553123347912,0.42729999999999996
2050-12-03 19:00:00,8084,18951.719238348258,0.42599999999999993
2050-12-03 20:00:00,8085,18965.06551950203,0.42630000000000007
2050-12-03 21:00:00,8086,19200.849819885232,0.4316
2050-12-03 22:00:00,8087,19881.510158727317,0.44689999999999996
2050-12-03 23:00:00,8088,21282.86967987279,0.47840000000000005
2050-12-04 00:00:00,8089,22288.289526789857,0.501
2050-12-04 01:00:00,8090,22288.289526789857,0.501
2050-12-04 02:00:00,8091,20615.555622184467,0.4634
2050-12-04 03:00:00,8092,19796.983711420133,0.44500000000000006
2050-12-04 04:00:00,8093,19592.34073372905,0.44040000000000007
2050-12-04 05:00:00,8094,19739.149826420475,0.4437
2050-12-04 06:00:00,8095,19983.83164757286,0.44920000000000004
2050-12-04 07:00:00,8096,20152.884542187236,0.453
2050-12-04 08:00:00,8097,20210.718427186886,0.4543
2050-12-04 09:00:00,8098,20215.167187571482,0.4544000000000001
2050-12-04 10:00:00,8099,20224.064708340655,0.4546
2050-12-04 11:00:00,8100,20246.3085102636,0.4551
2050-12-04 12:00:00,8101,20255.206031032772,0.4552999999999999
2050-12-04 13:00:00,8102,20192.923385648537,0.4539000000000001
2050-12-04 14:00:00,8103,19992.72916834204,0.4494000000000001
2050-12-04 15:00:00,8104,19667.969660267056,0.4421
2050-12-04 16:00:00,8105,19338.761391807482,0.4346999999999999
2050-12-04 17:00:00,8106,19120.772132962637,0.42980000000000007
2050-12-04 18:00:00,8107,19009.553123347912,0.42729999999999996
2050-12-04 19:00:00,8108,18951.719238348258,0.42599999999999993
2050-12-04 20:00:00,8109,18965.06551950203,0.42630000000000007
2050-12-04 21:00:00,8110,19200.849819885232,0.4316
2050-12-04 22:00:00,8111,19881.510158727317,0.44689999999999996
2050-12-04 23:00:00,8112,21282.86967987279,0.47840000000000005
2050-12-05 00:00:00,8113,33049.840897110145,0.7429
2050-12-05 01:00:00,8114,33049.840897110145,0.7429
2050-12-05 02:00:00,8115,33494.71693556903,0.7529
2050-12-05 03:00:00,8116,33147.7136255711,0.7451
2050-12-05 04:00:00,8117,33209.996270955344,0.7465
2050-12-05 05:00:00,8118,34562.419427870336,0.7769
2050-12-05 06:00:00,8119,37351.79218900751,0.8396
2050-12-05 07:00:00,8120,40732.850081294986,0.9155999999999999
2050-12-05 08:00:00,8121,43277.54102127979,0.9728000000000001
2050-12-05 09:00:00,8122,44265.16582665849,0.995
2050-12-05 10:00:00,8123,44291.85838896603,0.9956
2050-12-05 11:00:00,8124,44314.102190888974,0.9961000000000001
2050-12-05 12:00:00,8125,44487.603845887934,1.0
2050-12-05 13:00:00,8126,44487.603845887934,1.0
2050-12-05 14:00:00,8127,43909.2649958914,0.9870000000000001
2050-12-05 15:00:00,8128,42819.318701667136,0.9625
2050-12-05 16:00:00,8129,41444.6517428292,0.9316
2050-12-05 17:00:00,8130,40096.6773462988,0.9013000000000001
2050-12-05 18:00:00,8131,39126.84758245844,0.8795000000000001
2050-12-05 19:00:00,8132,38681.971543999556,0.8694999999999999
2050-12-05 20:00:00,8133,38548.508732461894,0.8665
2050-12-05 21:00:00,8134,38286.031869771155,0.8606
2050-12-05 22:00:00,8135,37400.72855323799,0.8407000000000001
2050-12-05 23:00:00,8136,35487.7615878648,0.7976999999999999
2050-12-06 00:00:00,8137,33049.840897110145,0.7429
2050-12-06 01:00:00,8138,33049.840897110145,0.7429
2050-12-06 02:00:00,8139,33494.71693556903,0.7529
2050-12-06 03:00:00,8140,33147.7136255711,0.7451
2050-12-06 04:00:00,8141,33209.996270955344,0.7465
2050-12-06 05:00:00,8142,34562.419427870336,0.7769
2050-12-06 06:00:00,8143,37351.79218900751,0.8396
2050-12-06 07:00:00,8144,40732.850081294986,0.9155999999999999
2050-12-06 08:00:00,8145,43277.54102127979,0.9728000000000001
2050-12-06 09:00:00,8146,44265.16582665849,0.995
2050-12-06 10:00:00,8147,44291.85838896603,0.9956
2050-12-06 11:00:00,8148,44314.102190888974,0.9961000000000001
2050-12-06 12:00:00,8149,44487.603845887934,1.0
2050-12-06 13:00:00,8150,44487.603845887934,1.0
2050-12-06 14:00:00,8151,43909.2649958914,0.9870000000000001
2050-12-06 15:00:00,8152,42819.318701667136,0.9625
2050-12-06 16:00:00,8153,41444.6517428292,0.9316
2050-12-06 17:00:00,8154,40096.6773462988,0.9013000000000001
2050-12-06 18:00:00,8155,39126.84758245844,0.8795000000000001
2050-12-06 19:00:00,8156,38681.971543999556,0.8694999999999999
2050-12-06 20:00:00,8157,38548.508732461894,0.8665
2050-12-06 21:00:00,8158,38286.031869771155,0.8606
2050-12-06 22:00:00,8159,37400.72855323799,0.8407000000000001
2050-12-06 23:00:00,8160,35487.7615878648,0.7976999999999999
2050-12-07 00:00:00,8161,33049.840897110145,0.7429
2050-12-07 01:00:00,8162,33049.840897110145,0.7429
2050-12-07 02:00:00,8163,33494.71693556903,0.7529
2050-12-07 03:00:00,8164,33147.7136255711,0.7451
2050-12-07 04:00:00,8165,33209.996270955344,0.7465
2050-12-07 05:00:00,8166,34562.419427870336,0.7769
2050-12-07 06:00:00,8167,37351.79218900751,0.8396
2050-12-07 07:00:00,8168,40732.850081294986,0.9155999999999999
2050-12-07 08:00:00,8169,43277.54102127979,0.9728000000000001
2050-12-07 09:00:00,8170,44265.16582665849,0.995
2050-12-07 10:00:00,8171,44291.85838896603,0.9956
2050-12-07 11:00:00,8172,44314.102190888974,0.9961000000000001
2050-12-07 12:00:00,8173,44487.603845887934,1.0
2050-12-07 13:00:00,8174,44487.603845887934,1.0
2050-12-07 14:00:00,8175,43909.2649958914,0.9870000000000001
2050-12-07 15:00:00,8176,42819.318701667136,0.9625
2050-12-07 16:00:00,8177,41444.6517428292,0.9316
2050-12-07 17:00:00,8178,40096.6773462988,0.9013000000000001
2050-12-07 18:00:00,8179,39126.84758245844,0.8795000000000001
2050-12-07 19:00:00,8180,38681.971543999556,0.8694999999999999
2050-12-07 20:00:00,8181,38548.508732461894,0.8665
2050-12-07 21:00:00,8182,38286.031869771155,0.8606
2050-12-07 22:00:00,8183,37400.72855323799,0.8407000000000001
2050-12-07 23:00:00,8184,35487.7615878648,0.7976999999999999
2050-12-08 00:00:00,8185,33049.840897110145,0.7429
2050-12-08 01:00:00,8186,33049.840897110145,0.7429
2050-12-08 02:00:00,8187,33494.71693556903,0.7529
2050-12-08 03:00:00,8188,33147.7136255711,0.7451
2050-12-08 04:00:00,8189,33209.996270955344,0.7465
2050-12-08 05:00:00,8190,34562.419427870336,0.7769
2050-12-08 06:00:00,8191,37351.79218900751,0.8396
2050-12-08 07:00:00,8192,40732.850081294986,0.9155999999999999
2050-12-08 08:00:00,8193,43277.54102127979,0.9728000000000001
2050-12-08 09:00:00,8194,44265.16582665849,0.995
2050-12-08 10:00:00,8195,44291.85838896603,0.9956
2050-12-08 11:00:00,8196,44314.102190888974,0.9961000000000001
2050-12-08 12:00:00,8197,44487.603845887934,1.0
2050-12-08 13:00:00,8198,44487.603845887934,1.0
2050-12-08 14:00:00,8199,43909.2649958914,0.9870000000000001
2050-12-08 15:00:00,8200,42819.318701667136,0.9625
2050-12-08 16:00:00,8201,41444.6517428292,0.9316
2050-12-08 17:00:00,8202,40096.6773462988,0.9013000000000001
2050-12-08 18:00:00,8203,39126.84758245844,0.8795000000000001
2050-12-08 19:00:00,8204,38681.971543999556,0.8694999999999999
2050-12-08 20:00:00,8205,38548.508732461894,0.8665
2050-12-08 21:00:00,8206,38286.031869771155,0.8606
2050-12-08 22:00:00,8207,37400.72855323799,0.8407000000000001
2050-12-08 23:00:00,8208,35487.7615878648,0.7976999999999999
2050-12-09 00:00:00,8209,33049.840897110145,0.7429
2050-12-09 01:00:00,8210,33049.840897110145,0.7429
2050-12-09 02:00:00,8211,33494.71693556903,0.7529
2050-12-09 03:00:00,8212,33147.7136255711,0.7451
2050-12-09 04:00:00,8213,33209.996270955344,0.7465
2050-12-09 05:00:00,8214,34562.419427870336,0.7769
2050-12-09 06:00:00,8215,37351.79218900751,0.8396
2050-12-09 07:00:00,8216,40732.850081294986,0.9155999999999999
2050-12-09 08:00:00,8217,43277.54102127979,0.9728000000000001
2050-12-09 09:00:00,8218,44265.16582665849,0.995
2050-12-09 10:00:00,8219,44291.85838896603,0.9956
2050-12-09 11:00:00,8220,44314.102190888974,0.9961000000000001
2050-12-09 12:00:00,8221,44487.603845887934,1.0
2050-12-09 13:00:00,8222,44487.603845887934,1.0
2050-12-09 14:00:00,8223,43909.2649958914,0.9870000000000001
2050-12-09 15:00:00,8224,42819.318701667136,0.9625
2050-12-09 16:00:00,8225,41444.6517428292,0.9316
2050-12-09 17:00:00,8226,40096.6773462988,0.9013000000000001
2050-12-09 18:00:00,8227,39126.84758245844,0.8795000000000001
2050-12-09 19:00:00,8228,38681.971543999556,0.8694999999999999
2050-12-09 20:00:00,8229,38548.508732461894,0.8665
2050-12-09 21:00:00,8230,38286.031869771155,0.8606
2050-12-09 22:00:00,8231,37400.72855323799,0.8407000000000001
2050-12-09 23:00:00,8232,35487.7615878648,0.7976999999999999
2050-12-10 00:00:00,8233,22288.289526789857,0.501
2050-12-10 01:00:00,8234,22288.289526789857,0.501
2050-12-10 02:00:00,8235,20615.555622184467,0.4634
2050-12-10 03:00:00,8236,19796.983711420133,0.44500000000000006
2050-12-10 04:00:00,8237,19592.34073372905,0.44040000000000007
2050-12-10 05:00:00,8238,19739.149826420475,0.4437
2050-12-10 06:00:00,8239,19983.83164757286,0.44920000000000004
2050-12-10 07:00:00,8240,20152.884542187236,0.453
2050-12-10 08:00:00,8241,20210.718427186886,0.4543
2050-12-10 09:00:00,8242,20215.167187571482,0.4544000000000001
2050-12-10 10:00:00,8243,20224.064708340655,0.4546
2050-12-10 11:00:00,8244,20246.3085102636,0.4551
2050-12-10 12:00:00,8245,20255.206031032772,0.4552999999999999
2050-12-10 13:00:00,8246,20192.923385648537,0.4539000000000001
2050-12-10 14:00:00,8247,19992.72916834204,0.4494000000000001
2050-12-10 15:00:00,8248,19667.969660267056,0.4421
2050-12-10 16:00:00,8249,19338.761391807482,0.4346999999999999
2050-12-10 17:00:00,8250,19120.772132962637,0.42980000000000007
2050-12-10 18:00:00,8251,19009.553123347912,0.42729999999999996
2050-12-10 19:00:00,8252,18951.719238348258,0.42599999999999993
2050-12-10 20:00:00,8253,18965.06551950203,0.42630000000000007
2050-12-10 21:00:00,8254,19200.849819885232,0.4316
2050-12-10 22:00:00,8255,19881.510158727317,0.44689999999999996
2050-12-10 23:00:00,8256,21282.86967987279,0.47840000000000005
2050-12-11 00:00:00,8257,22288.289526789857,0.501
2050-12-11 01:00:00,8258,22288.289526789857,0.501
2050-12-11 02:00:00,8259,20615.555622184467,0.4634
2050-12-11 03:00:00,8260,19796.983711420133,0.44500000000000006
2050-12-11 04:00:00,8261,19592.34073372905,0.44040000000000007
2050-12-11 05:00:00,8262,19739.149826420475,0.4437
2050-12-11 06:00:00,8263,19983.83164757286,0.44920000000000004
2050-12-11 07:00:00,8264,20152.884542187236,0.453
2050-12-11 08:00:00,8265,20210.718427186886,0.4543
2050-12-11 09:00:00,8266,20215.167187571482,0.4544000000000001
2050-12-11 10:00:00,8267,20224.064708340655,0.4546
2050-12-11 11:00:00,8268,20246.3085102636,0.4551
2050-12-11 12:00:00,8269,20255.206031032772,0.4552999999999999
2050-12-11 13:00:00,8270,20192.923385648537,0.4539000000000001
2050-12-11 14:00:00,8271,19992.72916834204,0.4494000000000001
2050-12-11 15:00:00,8272,19667.969660267056,0.4421
2050-12-11 16:00:00,8273,19338.761391807482,0.4346999999999999
2050-12-11 17:00:00,8274,19120.772132962637,0.42980000000000007
2050-12-11 18:00:00,8275,19009.553123347912,0.42729999999999996
2050-12-11 19:00:00,8276,18951.719238348258,0.42599999999999993
2050-12-11 20:00:00,8277,18965.06551950203,0.42630000000000007
2050-12-11 21:00:00,8278,19200.849819885232,0.4316
2050-12-11 22:00:00,8279,19881.510158727317,0.44689999999999996
2050-12-11 23:00:00,8280,21282.86967987279,0.47840000000000005
2050-12-12 00:00:00,8281,33049.840897110145,0.7429
2050-12-12 01:00:00,8282,33049.840897110145,0.7429
2050-12-12 02:00:00,8283,33494.71693556903,0.7529
2050-12-12 03:00:00,8284,33147.7136255711,0.7451
2050-12-12 04:00:00,8285,33209.996270955344,0.7465
2050-12-12 05:00:00,8286,34562.419427870336,0.7769
2050-12-12 06:00:00,8287,37351.79218900751,0.8396
2050-12-12 07:00:00,8288,40732.850081294986,0.9155999999999999
2050-12-12 08:00:00,8289,43277.54102127979,0.9728000000000001
2050-12-12 09:00:00,8290,44265.16582665849,0.995
2050-12-12 10:00:00,8291,44291.85838896603,0.9956
2050-12-12 11:00:00,8292,44314.102190888974,0.9961000000000001
2050-12-12 12:00:00,8293,44487.603845887934,1.0
2050-12-12 13:00:00,8294,44487.603845887934,1.0
2050-12-12 14:00:00,8295,43909.2649958914,0.9870000000000001
2050-12-12 15:00:00,8296,42819.318701667136,0.9625
2050-12-12 16:00:00,8297,41444.6517428292,0.9316
2050-12-12 17:00:00,8298,40096.6773462988,0.9013000000000001
2050-12-12 18:00:00,8299,39126.84758245844,0.8795000000000001
2050-12-12 19:00:00,8300,38681.971543999556,0.8694999999999999
2050-12-12 20:00:00,8301,38548.508732461894,0.8665
2050-12-12 21:00:00,8302,38286.031869771155,0.8606
2050-12-12 22:00:00,8303,37400.72855323799,0.8407000000000001
2050-12-12 23:00:00,8304,35487.7615878648,0.7976999999999999
2050-12-13 00:00:00,8305,33049.840897110145,0.7429
2050-12-13 01:00:00,8306,33049.840897110145,0.7429
2050-12-13 02:00:00,8307,33494.71693556903,0.7529
2050-12-13 03:00:00,8308,33147.7136255711,0.7451
2050-12-13 04:00:00,8309,33209.996270955344,0.7465
2050-12-13 05:00:00,8310,34562.419427870336,0.7769
2050-12-13 06:00:00,8311,37351.79218900751,0.8396
2050-12-13 07:00:00,8312,40732.850081294986,0.9155999999999999
2050-12-13 08:00:00,8313,43277.54102127979,0.9728000000000001
2050-12-13 09:00:00,8314,44265.16582665849,0.995
2050-12-13 10:00:00,8315,44291.85838896603,0.9956
2050-12-13 11:00:00,8316,44314.102190888974,0.9961000000000001
2050-12-13 12:00:00,8317,44487.603845887934,1.0
2050-12-13 13:00:00,8318,44487.603845887934,1.0
2050-12-13 14:00:00,8319,43909.2649958914,0.9870000000000001
2050-12-13 15:00:00,8320,42819.318701667136,0.9625
2050-12-13 16:00:00,8321,41444.6517428292,0.9316
2050-12-13 17:00:00,8322,40096.6773462988,0.9013000000000001
2050-12-13 18:00:00,8323,39126.84758245844,0.8795000000000001
2050-12-13 19:00:00,8324,38681.971543999556,0.8694999999999999
2050-12-13 20:00:00,8325,38548.508732461894,0.8665
2050-12-13 21:00:00,8326,38286.031869771155,0.8606
2050-12-13 22:00:00,8327,37400.72855323799,0.8407000000000001
2050-12-13 23:00:00,8328,35487.7615878648,0.7976999999999999
2050-12-14 00:00:00,8329,33049.840897110145,0.7429
2050-12-14 01:00:00,8330,33049.840897110145,0.7429
2050-12-14 02:00:00,8331,33494.71693556903,0.7529
2050-12-14 03:00:00,8332,33147.7136255711,0.7451
2050-12-14 04:00:00,8333,33209.996270955344,0.7465
2050-12-14 05:00:00,8334,34562.419427870336,0.7769
2050-12-14 06:00:00,8335,37351.79218900751,0.8396
2050-12-14 07:00:00,8336,40732.850081294986,0.9155999999999999
2050-12-14 08:00:00,8337,43277.54102127979,0.9728000000000001
2050-12-14 09:00:00,8338,44265.16582665849,0.995
2050-12-14 10:00:00,8339,44291.85838896603,0.9956
2050-12-14 11:00:00,8340,44314.102190888974,0.9961000000000001
2050-12-14 12:00:00,8341,44487.603845887934,1.0
2050-12-14 13:00:00,8342,44487.603845887934,1.0
2050-12-14 14:00:00,8343,43909.2649958914,0.9870000000000001
2050-12-14 15:00:00,8344,42819.318701667136,0.9625
2050-12-14 16:00:00,8345,41444.6517428292,0.9316
2050-12-14 17:00:00,8346,40096.6773462988,0.9013000000000001
2050-12-14 18:00:00,8347,39126.84758245844,0.8795000000000001
2050-12-14 19:00:00,8348,38681.971543999556,0.8694999999999999
2050-12-14 20:00:00,8349,38548.508732461894,0.8665
2050-12-14 21:00:00,8350,38286.031869771155,0.8606
2050-12-14 22:00:00,8351,37400.72855323799,0.8407000000000001
2050-12-14 23:00:00,8352,35487.7615878648,0.7976999999999999
2050-12-15 00:00:00,8353,33049.840897110145,0.7429
2050-12-15 01:00:00,8354,33049.840897110145,0.7429
2050-12-15 02:00:00,8355,33494.71693556903,0.7529
2050-12-15 03:00:00,8356,33147.7136255711,0.7451
2050-12-15 04:00:00,8357,33209.996270955344,0.7465
2050-12-15 05:00:00,8358,34562.419427870336,0.7769
2050-12-15 06:00:00,8359,37351.79218900751,0.8396
2050-12-15 07:00:00,8360,40732.850081294986,0.9155999999999999
2050-12-15 08:00:00,8361,43277.54102127979,0.9728000000000001
2050-12-15 09:00:00,8362,44265.16582665849,0.995
2050-12-15 10:00:00,8363,44291.85838896603,0.9956
2050-12-15 11:00:00,8364,44314.102190888974,0.9961000000000001
2050-12-15 12:00:00,8365,44487.603845887934,1.0
2050-12-15 13:00:00,8366,44487.603845887934,1.0
2050-12-15 14:00:00,8367,43909.2649958914,0.9870000000000001
2050-12-15 15:00:00,8368,42819.318701667136,0.9625
2050-12-15 16:00:00,8369,41444.6517428292,0.9316
2050-12-15 17:00:00,8370,40096.6773462988,0.9013000000000001
2050-12-15 18:00:00,8371,39126.84758245844,0.8795000000000001
2050-12-15 19:00:00,8372,38681.971543999556,0.8694999999999999
2050-12-15 20:00:00,8373,38548.508732461894,0.8665
2050-12-15 21:00:00,8374,38286.031869771155,0.8606
2050-12-15 22:00:00,8375,37400.72855323799,0.8407000000000001
2050-12-15 23:00:00,8376,35487.7615878648,0.7976999999999999
2050-12-16 00:00:00,8377,33049.840897110145,0.7429
2050-12-16 01:00:00,8378,33049.840897110145,0.7429
2050-12-16 02:00:00,8379,33494.71693556903,0.7529
2050-12-16 03:00:00,8380,33147.7136255711,0.7451
2050-12-16 04:00:00,8381,33209.996270955344,0.7465
2050-12-16 05:00:00,8382,34562.419427870336,0.7769
2050-12-16 06:00:00,8383,37351.79218900751,0.8396
2050-12-16 07:00:00,8384,40732.850081294986,0.9155999999999999
2050-12-16 08:00:00,8385,43277.54102127979,0.9728000000000001
2050-12-16 09:00:00,8386,44265.16582665849,0.995
2050-12-16 10:00:00,8387,44291.85838896603,0.9956
2050-12-16 11:00:00,8388,44314.102190888974,0.9961000000000001
2050-12-16 12:00:00,8389,44487.603845887934,1.0
2050-12-16 13:00:00,8390,44487.603845887934,1.0
2050-12-16 14:00:00,8391,43909.2649958914,0.9870000000000001
2050-12-16 15:00:00,8392,42819.318701667136,0.9625
2050-12-16 16:00:00,8393,41444.6517428292,0.9316
2050-12-16 17:00:00,8394,40096.6773462988,0.9013000000000001
2050-12-16 18:00:00,8395,39126.84758245844,0.8795000000000001
2050-12-16 19:00:00,8396,38681.971543999556,0.8694999999999999
2050-12-16 20:00:00,8397,38548.508732461894,0.8665
2050-12-16 21:00:00,8398,38286.031869771155,0.8606
2050-12-16 22:00:00,8399,37400.72855323799,0.8407000000000001
2050-12-16 23:00:00,8400,35487.7615878648,0.7976999999999999
2050-12-17 00:00:00,8401,22288.289526789857,0.501
2050-12-17 01:00:00,8402,22288.289526789857,0.501
2050-12-17 02:00:00,8403,20615.555622184467,0.4634
2050-12-17 03:00:00,8404,19796.983711420133,0.44500000000000006
2050-12-17 04:00:00,8405,19592.34073372905,0.44040000000000007
2050-12-17 05:00:00,8406,19739.149826420475,0.4437
2050-12-17 06:00:00,8407,19983.83164757286,0.44920000000000004
2050-12-17 07:00:00,8408,20152.884542187236,0.453
2050-12-17 08:00:00,8409,20210.718427186886,0.4543
2050-12-17 09:00:00,8410,20215.167187571482,0.4544000000000001
2050-12-17 10:00:00,8411,20224.064708340655,0.4546
2050-12-17 11:00:00,8412,20246.3085102636,0.4551
2050-12-17 12:00:00,8413,20255.206031032772,0.4552999999999999
2050-12-17 13:00:00,8414,20192.923385648537,0.4539000000000001
2050-12-17 14:00:00,8415,19992.72916834204,0.4494000000000001
2050-12-17 15:00:00,8416,19667.969660267056,0.4421
2050-12-17 16:00:00,8417,19338.761391807482,0.4346999999999999
2050-12-17 17:00:00,8418,19120.772132962637,0.42980000000000007
2050-12-17 18:00:00,8419,19009.553123347912,0.42729999999999996
2050-12-17 19:00:00,8420,18951.719238348258,0.42599999999999993
2050-12-17 20:00:00,8421,18965.06551950203,0.42630000000000007
2050-12-17 21:00:00,8422,19200.849819885232,0.4316
2050-12-17 22:00:00,8423,19881.510158727317,0.44689999999999996
2050-12-17 23:00:00,8424,21282.86967987279,0.47840000000000005
2050-12-18 00:00:00,8425,22288.289526789857,0.501
2050-12-18 01:00:00,8426,22288.289526789857,0.501
2050-12-18 02:00:00,8427,20615.555622184467,0.4634
2050-12-18 03:00:00,8428,19796.983711420133,0.44500000000000006
2050-12-18 04:00:00,8429,19592.34073372905,0.44040000000000007
2050-12-18 05:00:00,8430,19739.149826420475,0.4437
2050-12-18 06:00:00,8431,19983.83164757286,0.44920000000000004
2050-12-18 07:00:00,8432,20152.884542187236,0.453
2050-12-18 08:00:00,8433,20210.718427186886,0.4543
2050-12-18 09:00:00,8434,20215.167187571482,0.4544000000000001
2050-12-18 10:00:00,8435,20224.064708340655,0.4546
2050-12-18 11:00:00,8436,20246.3085102636,0.4551
2050-12-18 12:00:00,8437,20255.206031032772,0.4552999999999999
2050-12-18 13:00:00,8438,20192.923385648537,0.4539000000000001
2050-12-18 14:00:00,8439,19992.72916834204,0.4494000000000001
2050-12-18 15:00:00,8440,19667.969660267056,0.4421
2050-12-18 16:00:00,8441,19338.761391807482,0.4346999999999999
2050-12-18 17:00:00,8442,19120.772132962637,0.42980000000000007
2050-12-18 18:00:00,8443,19009.553123347912,0.42729999999999996
2050-12-18 19:00:00,8444,18951.719238348258,0.42599999999999993
2050-12-18 20:00:00,8445,18965.06551950203,0.42630000000000007
2050-12-18 21:00:00,8446,19200.849819885232,0.4316
2050-12-18 22:00:00,8447,19881.510158727317,0.44689999999999996
2050-12-18 23:00:00,8448,21282.86967987279,0.47840000000000005
2050-12-19 00:00:00,8449,33049.840897110145,0.7429
2050-12-19 01:00:00,8450,33049.840897110145,0.7429
2050-12-19 02:00:00,8451,33494.71693556903,0.7529
2050-12-19 03:00:00,8452,33147.7136255711,0.7451
2050-12-19 04:00:00,8453,33209.996270955344,0.7465
2050-12-19 05:00:00,8454,34562.419427870336,0.7769
2050-12-19 06:00:00,8455,37351.79218900751,0.8396
2050-12-19 07:00:00,8456,40732.850081294986,0.9155999999999999
2050-12-19 08:00:00,8457,43277.54102127979,0.9728000000000001
2050-12-19 09:00:00,8458,44265.16582665849,0.995
2050-12-19 10:00:00,8459,44291.85838896603,0.9956
2050-12-19 11:00:00,8460,44314.102190888974,0.9961000000000001
2050-12-19 12:00:00,8461,44487.603845887934,1.0
2050-12-19 13:00:00,8462,44487.603845887934,1.0
2050-12-19 14:00:00,8463,43909.2649958914,0.9870000000000001
2050-12-19 15:00:00,8464,42819.318701667136,0.9625
2050-12-19 16:00:00,8465,41444.6517428292,0.9316
2050-12-19 17:00:00,8466,40096.6773462988,0.9013000000000001
2050-12-19 18:00:00,8467,39126.84758245844,0.8795000000000001
2050-12-19 19:00:00,8468,38681.971543999556,0.8694999999999999
2050-12-19 20:00:00,8469,38548.508732461894,0.8665
2050-12-19 21:00:00,8470,38286.031869771155,0.8606
2050-12-19 22:00:00,8471,37400.72855323799,0.8407000000000001
2050-12-19 23:00:00,8472,35487.7615878648,0.7976999999999999
2050-12-20 00:00:00,8473,33049.840897110145,0.7429
2050-12-20 01:00:00,8474,33049.840897110145,0.7429
2050-12-20 02:00:00,8475,33494.71693556903,0.7529
2050-12-20 03:00:00,8476,33147.7136255711,0.7451
2050-12-20 04:00:00,8477,33209.996270955344,0.7465
2050-12-20 05:00:00,8478,34562.419427870336,0.7769
2050-12-20 06:00:00,8479,37351.79218900751,0.8396
2050-12-20 07:00:00,8480,40732.850081294986,0.9155999999999999
2050-12-20 08:00:00,8481,43277.54102127979,0.9728000000000001
2050-12-20 09:00:00,8482,44265.16582665849,0.995
2050-12-20 10:00:00,8483,44291.85838896603,0.9956
2050-12-20 11:00:00,8484,44314.102190888974,0.9961000000000001
2050-12-20 12:00:00,8485,44487.603845887934,1.0
2050-12-20 13:00:00,8486,44487.603845887934,1.0
2050-12-20 14:00:00,8487,43909.2649958914,0.9870000000000001
2050-12-20 15:00:00,8488,42819.318701667136,0.9625
2050-12-20 16:00:00,8489,41444.6517428292,0.9316
2050-12-20 17:00:00,8490,40096.6773462988,0.9013000000000001
2050-12-20 18:00:00,8491,39126.84758245844,0.8795000000000001
2050-12-20 19:00:00,8492,38681.971543999556,0.8694999999999999
2050-12-20 20:00:00,8493,38548.508732461894,0.8665
2050-12-20 21:00:00,8494,38286.031869771155,0.8606
2050-12-20 22:00:00,8495,37400.72855323799,0.8407000000000001
2050-12-20 23:00:00,8496,35487.7615878648,0.7976999999999999
2050-12-21 00:00:00,8497,33049.840897110145,0.7429
2050-12-21 01:00:00,8498,33049.840897110145,0.7429
2050-12-21 02:00:00,8499,33494.71693556903,0.7529
2050-12-21 03:00:00,8500,33147.7136255711,0.7451
2050-12-21 04:00:00,8501,33209.996270955344,0.7465
2050-12-21 05:00:00,8502,34562.419427870336,0.7769
2050-12-21 06:00:00,8503,37351.79218900751,0.8396
2050-12-21 07:00:00,8504,40732.850081294986,0.9155999999999999
2050-12-21 08:00:00,8505,43277.54102127979,0.9728000000000001
2050-12-21 09:00:00,8506,44265.16582665849,0.995
2050-12-21 10:00:00,8507,44291.85838896603,0.9956
2050-12-21 11:00:00,8508,44314.102190888974,0.9961000000000001
2050-12-21 12:00:00,8509,44487.603845887934,1.0
2050-12-21 13:00:00,8510,44487.603845887934,1.0
2050-12-21 14:00:00,8511,43909.2649958914,0.9870000000000001
2050-12-21 15:00:00,8512,42819.318701667136,0.9625
2050-12-21 16:00:00,8513,41444.6517428292,0.9316
2050-12-21 17:00:00,8514,40096.6773462988,0.9013000000000001
2050-12-21 18:00:00,8515,39126.84758245844,0.8795000000000001
2050-12-21 19:00:00,8516,38681.971543999556,0.8694999999999999
2050-12-21 20:00:00,8517,38548.508732461894,0.8665
2050-12-21 21:00:00,8518,38286.031869771155,0.8606
2050-12-21 22:00:00,8519,37400.72855323799,0.8407000000000001
2050-12-21 23:00:00,8520,35487.7615878648,0.7976999999999999
2050-12-22 00:00:00,8521,33049.840897110145,0.7429
2050-12-22 01:00:00,8522,33049.840897110145,0.7429
2050-12-22 02:00:00,8523,33494.71693556903,0.7529
2050-12-22 03:00:00,8524,33147.7136255711,0.7451
2050-12-22 04:00:00,8525,33209.996270955344,0.7465
2050-12-22 05:00:00,8526,34562.419427870336,0.7769
2050-12-22 06:00:00,8527,37351.79218900751,0.8396
2050-12-22 07:00:00,8528,40732.850081294986,0.9155999999999999
2050-12-22 08:00:00,8529,43277.54102127979,0.9728000000000001
2050-12-22 09:00:00,8530,44265.16582665849,0.995
2050-12-22 10:00:00,8531,44291.85838896603,0.9956
2050-12-22 11:00:00,8532,44314.102190888974,0.9961000000000001
2050-12-22 12:00:00,8533,44487.603845887934,1.0
2050-12-22 13:00:00,8534,44487.603845887934,1.0
2050-12-22 14:00:00,8535,43909.2649958914,0.9870000000000001
2050-12-22 15:00:00,8536,42819.318701667136,0.9625
2050-12-22 16:00:00,8537,41444.6517428292,0.9316
2050-12-22 17:00:00,8538,40096.6773462988,0.9013000000000001
2050-12-22 18:00:00,8539,39126.84758245844,0.8795000000000001
2050-12-22 19:00:00,8540,38681.971543999556,0.8694999999999999
2050-12-22 20:00:00,8541,38548.508732461894,0.8665
2050-12-22 21:00:00,8542,38286.031869771155,0.8606
2050-12-22 22:00:00,8543,37400.72855323799,0.8407000000000001
2050-12-22 23:00:00,8544,35487.7615878648,0.7976999999999999
2050-12-23 00:00:00,8545,33049.840897110145,0.7429
2050-12-23 01:00:00,8546,33049.840897110145,0.7429
2050-12-23 02:00:00,8547,33494.71693556903,0.7529
2050-12-23 03:00:00,8548,33147.7136255711,0.7451
2050-12-23 04:00:00,8549,33209.996270955344,0.7465
2050-12-23 05:00:00,8550,34562.419427870336,0.7769
2050-12-23 06:00:00,8551,37351.79218900751,0.8396
2050-12-23 07:00:00,8552,40732.850081294986,0.9155999999999999
2050-12-23 08:00:00,8553,43277.54102127979,0.9728000000000001
2050-12-23 09:00:00,8554,44265.16582665849,0.995
2050-12-23 10:00:00,8555,44291.85838896603,0.9956
2050-12-23 11:00:00,8556,44314.102190888974,0.9961000000000001
2050-12-23 12:00:00,8557,44487.603845887934,1.0
2050-12-23 13:00:00,8558,44487.603845887934,1.0
2050-12-23 14:00:00,8559,43909.2649958914,0.9870000000000001
2050-12-23 15:00:00,8560,42819.318701667136,0.9625
2050-12-23 16:00:00,8561,41444.6517428292,0.9316
2050-12-23 17:00:00,8562,40096.6773462988,0.9013000000000001
2050-12-23 18:00:00,8563,39126.84758245844,0.8795000000000001
2050-12-23 19:00:00,8564,38681.971543999556,0.8694999999999999
2050-12-23 20:00:00,8565,38548.508732461894,0.8665
2050-12-23 21:00:00,8566,38286.031869771155,0.8606
2050-12-23 22:00:00,8567,37400.72855323799,0.8407000000000001
2050-12-23 23:00:00,8568,35487.7615878648,0.7976999999999999
2050-12-24 00:00:00,8569,22288.289526789857,0.501
2050-12-24 01:00:00,8570,22288.289526789857,0.501
2050-12-24 02:00:00,8571,20615.555622184467,0.4634
2050-12-24 03:00:00,8572,19796.983711420133,0.44500000000000006
2050-12-24 04:00:00,8573,19592.34073372905,0.44040000000000007
2050-12-24 05:00:00,8574,19739.149826420475,0.4437
2050-12-24 06:00:00,8575,19983.83164757286,0.44920000000000004
2050-12-24 07:00:00,8576,20152.884542187236,0.453
2050-12-24 08:00:00,8577,20210.718427186886,0.4543
2050-12-24 09:00:00,8578,20215.167187571482,0.4544000000000001
2050-12-24 10:00:00,8579,20224.064708340655,0.4546
2050-12-24 11:00:00,8580,20246.3085102636,0.4551
2050-12-24 12:00:00,8581,20255.206031032772,0.4552999999999999
2050-12-24 13:00:00,8582,20192.923385648537,0.4539000000000001
2050-12-24 14:00:00,8583,19992.72916834204,0.4494000000000001
2050-12-24 15:00:00,8584,19667.969660267056,0.4421
2050-12-24 16:00:00,8585,19338.761391807482,0.4346999999999999
2050-12-24 17:00:00,8586,19120.772132962637,0.42980000000000007
2050-12-24 18:00:00,8587,19009.553123347912,0.42729999999999996
2050-12-24 19:00:00,8588,18951.719238348258,0.42599999999999993
2050-12-24 20:00:00,8589,18965.06551950203,0.42630000000000007
2050-12-24 21:00:00,8590,19200.849819885232,0.4316
2050-12-24 22:00:00,8591,19881.510158727317,0.44689999999999996
2050-12-24 23:00:00,8592,21282.86967987279,0.47840000000000005
2050-12-25 00:00:00,8593,22288.289526789857,0.501
2050-12-25 01:00:00,8594,22288.289526789857,0.501
2050-12-25 02:00:00,8595,20615.555622184467,0.4634
2050-12-25 03:00:00,8596,19796.983711420133,0.44500000000000006
2050-12-25 04:00:00,8597,19592.34073372905,0.44040000000000007
2050-12-25 05:00:00,8598,19739.149826420475,0.4437
2050-12-25 06:00:00,8599,19983.83164757286,0.44920000000000004
2050-12-25 07:00:00,8600,20152.884542187236,0.453
2050-12-25 08:00:00,8601,20210.718427186886,0.4543
2050-12-25 09:00:00,8602,20215.167187571482,0.4544000000000001
2050-12-25 10:00:00,8603,20224.064708340655,0.4546
2050-12-25 11:00:00,8604,20246.3085102636,0.4551
2050-12-25 12:00:00,8605,20255.206031032772,0.4552999999999999
2050-12-25 13:00:00,8606,20192.923385648537,0.4539000000000001
2050-12-25 14:00:00,8607,19992.72916834204,0.4494000000000001
2050-12-25 15:00:00,8608,19667.969660267056,0.4421
2050-12-25 16:00:00,8609,19338.761391807482,0.4346999999999999
2050-12-25 17:00:00,8610,19120.772132962637,0.42980000000000007
2050-12-25 18:00:00,8611,19009.553123347912,0.42729999999999996
2050-12-25 19:00:00,8612,18951.719238348258,0.42599999999999993
2050-12-25 20:00:00,8613,18965.06551950203,0.42630000000000007
2050-12-25 21:00:00,8614,19200.849819885232,0.4316
2050-12-25 22:00:00,8615,19881.510158727317,0.44689999999999996
2050-12-25 23:00:00,8616,21282.86967987279,0.47840000000000005
2050-12-26 00:00:00,8617,33049.840897110145,0.7429
2050-12-26 01:00:00,8618,33049.840897110145,0.7429
2050-12-26 02:00:00,8619,33494.71693556903,0.7529
2050-12-26 03:00:00,8620,33147.7136255711,0.7451
2050-12-26 04:00:00,8621,33209.996270955344,0.7465
2050-12-26 05:00:00,8622,34562.419427870336,0.7769
2050-12-26 06:00:00,8623,37351.79218900751,0.8396
2050-12-26 07:00:00,8624,40732.850081294986,0.9155999999999999
2050-12-26 08:00:00,8625,43277.54102127979,0.9728000000000001
2050-12-26 09:00:00,8626,44265.16582665849,0.995
2050-12-26 10:00:00,8627,44291.85838896603,0.9956
2050-12-26 11:00:00,8628,44314.102190888974,0.9961000000000001
2050-12-26 12:00:00,8629,44487.603845887934,1.0
2050-12-26 13:00:00,8630,44487.603845887934,1.0
2050-12-26 14:00:00,8631,43909.2649958914,0.9870000000000001
2050-12-26 15:00:00,8632,42819.318701667136,0.9625
2050-12-26 16:00:00,8633,41444.6517428292,0.9316
2050-12-26 17:00:00,8634,40096.6773462988,0.9013000000000001
2050-12-26 18:00:00,8635,39126.84758245844,0.8795000000000001
2050-12-26 19:00:00,8636,38681.971543999556,0.8694999999999999
2050-12-26 20:00:00,8637,38548.508732461894,0.8665
2050-12-26 21:00:00,8638,38286.031869771155,0.8606
2050-12-26 22:00:00,8639,37400.72855323799,0.8407000000000001
2050-12-26 23:00:00,8640,35487.7615878648,0.7976999999999999
2050-12-27 00:00:00,8641,33049.840897110145,0.7429
2050-12-27 01:00:00,8642,33049.840897110145,0.7429
2050-12-27 02:00:00,8643,33494.71693556903,0.7529
2050-12-27 03:00:00,8644,33147.7136255711,0.7451
2050-12-27 04:00:00,8645,33209.996270955344,0.7465
2050-12-27 05:00:00,8646,34562.419427870336,0.7769
2050-12-27 06:00:00,8647,37351.79218900751,0.8396
2050-12-27 07:00:00,8648,40732.850081294986,0.9155999999999999
2050-12-27 08:00:00,8649,43277.54102127979,0.9728000000000001
2050-12-27 09:00:00,8650,44265.16582665849,0.995
2050-12-27 10:00:00,8651,44291.85838896603,0.9956
2050-12-27 11:00:00,8652,44314.102190888974,0.9961000000000001
2050-12-27 12:00:00,8653,44487.603845887934,1.0
2050-12-27 13:00:00,8654,44487.603845887934,1.0
2050-12-27 14:00:00,8655,43909.2649958914,0.9870000000000001
2050-12-27 15:00:00,8656,42819.318701667136,0.9625
2050-12-27 16:00:00,8657,41444.6517428292,0.9316
2050-12-27 17:00:00,8658,40096.6773462988,0.9013000000000001
2050-12-27 18:00:00,8659,39126.84758245844,0.8795000000000001
2050-12-27 19:00:00,8660,38681.971543999556,0.8694999999999999
2050-12-27 20:00:00,8661,38548.508732461894,0.8665
2050-12-27 21:00:00,8662,38286.031869771155,0.8606
2050-12-27 22:00:00,8663,37400.72855323799,0.8407000000000001
2050-12-27 23:00:00,8664,35487.7615878648,0.7976999999999999
2050-12-28 00:00:00,8665,33049.840897110145,0.7429
2050-12-28 01:00:00,8666,33049.840897110145,0.7429
2050-12-28 02:00:00,8667,33494.71693556903,0.7529
2050-12-28 03:00:00,8668,33147.7136255711,0.7451
2050-12-28 04:00:00,8669,33209.996270955344,0.7465
2050-12-28 05:00:00,8670,34562.419427870336,0.7769
2050-12-28 06:00:00,8671,37351.79218900751,0.8396
2050-12-28 07:00:00,8672,40732.850081294986,0.9155999999999999
2050-12-28 08:00:00,8673,43277.54102127979,0.9728000000000001
2050-12-28 09:00:00,8674,44265.16582665849,0.995
2050-12-28 10:00:00,8675,44291.85838896603,0.9956
2050-12-28 11:00:00,8676,44314.102190888974,0.9961000000000001
2050-12-28 12:00:00,8677,44487.603845887934,1.0
2050-12-28 13:00:00,8678,44487.603845887934,1.0
2050-12-28 14:00:00,8679,43909.2649958914,0.9870000000000001
2050-12-28 15:00:00,8680,42819.318701667136,0.9625
2050-12-28 16:00:00,8681,41444.6517428292,0.9316
2050-12-28 17:00:00,8682,40096.6773462988,0.9013000000000001
2050-12-28 18:00:00,8683,39126.84758245844,0.8795000000000001
2050-12-28 19:00:00,8684,38681.971543999556,0.8694999999999999
2050-12-28 20:00:00,8685,38548.508732461894,0.8665
2050-12-28 21:00:00,8686,38286.031869771155,0.8606
2050-12-28 22:00:00,8687,37400.72855323799,0.8407000000000001
2050-12-28 23:00:00,8688,35487.7615878648,0.7976999999999999
2050-12-29 00:00:00,8689,33049.840897110145,0.7429
2050-12-29 01:00:00,8690,33049.840897110145,0.7429
2050-12-29 02:00:00,8691,33494.71693556903,0.7529
2050-12-29 03:00:00,8692,33147.7136255711,0.7451
2050-12-29 04:00:00,8693,33209.996270955344,0.7465
2050-12-29 05:00:00,8694,34562.419427870336,0.7769
2050-12-29 06:00:00,8695,37351.79218900751,0.8396
2050-12-29 07:00:00,8696,40732.850081294986,0.9155999999999999
2050-12-29 08:00:00,8697,43277.54102127979,0.9728000000000001
2050-12-29 09:00:00,8698,44265.16582665849,0.995
2050-12-29 10:00:00,8699,44291.85838896603,0.9956
2050-12-29 11:00:00,8700,44314.102190888974,0.9961000000000001
2050-12-29 12:00:00,8701,44487.603845887934,1.0
2050-12-29 13:00:00,8702,44487.603845887934,1.0
2050-12-29 14:00:00,8703,43909.2649958914,0.9870000000000001
2050-12-29 15:00:00,8704,42819.318701667136,0.9625
2050-12-29 16:00:00,8705,41444.6517428292,0.9316
2050-12-29 17:00:00,8706,40096.6773462988,0.9013000000000001
2050-12-29 18:00:00,8707,39126.84758245844,0.8795000000000001
2050-12-29 19:00:00,8708,38681.971543999556,0.8694999999999999
2050-12-29 20:00:00,8709,38548.508732461894,0.8665
2050-12-29 21:00:00,8710,38286.031869771155,0.8606
2050-12-29 22:00:00,8711,37400.72855323799,0.8407000000000001
2050-12-29 23:00:00,8712,35487.7615878648,0.7976999999999999
2050-12-30 00:00:00,8713,33049.840897110145,0.7429
2050-12-30 01:00:00,8714,33049.840897110145,0.7429
2050-12-30 02:00:00,8715,33494.71693556903,0.7529
2050-12-30 03:00:00,8716,33147.7136255711,0.7451
2050-12-30 04:00:00,8717,33209.996270955344,0.7465
2050-12-30 05:00:00,8718,34562.419427870336,0.7769
2050-12-30 06:00:00,8719,37351.79218900751,0.8396
2050-12-30 07:00:00,8720,40732.850081294986,0.9155999999999999
2050-12-30 08:00:00,8721,43277.54102127979,0.9728000000000001
2050-12-30 09:00:00,8722,44265.16582665849,0.995
2050-12-30 10:00:00,8723,44291.85838896603,0.9956
2050-12-30 11:00:00,8724,44314.102190888974,0.9961000000000001
2050-12-30 12:00:00,8725,44487.603845887934,1.0
2050-12-30 13:00:00,8726,44487.603845887934,1.0
2050-12-30 14:00:00,8727,43909.2649958914,0.9870000000000001
2050-12-30 15:00:00,8728,42819.318701667136,0.9625
2050-12-30 16:00:00,8729,41444.6517428292,0.9316
2050-12-30 17:00:00,8730,40096.6773462988,0.9013000000000001
2050-12-30 18:00:00,8731,39126.84758245844,0.8795000000000001
2050-12-30 19:00:00,8732,38681.971543999556,0.8694999999999999
2050-12-30 20:00:00,8733,38548.508732461894,0.8665
2050-12-30 21:00:00,8734,38286.031869771155,0.8606
2050-12-30 22:00:00,8735,37400.72855323799,0.8407000000000001
2050-12-30 23:00:00,8736,35487.7615878648,0.7976999999999999
2050-12-31 00:00:00,8737,22288.289526789857,0.501
2050-12-31 01:00:00,8738,22288.289526789857,0.501
2050-12-31 02:00:00,8739,20615.555622184467,0.4634
2050-12-31 03:00:00,8740,19796.983711420133,0.44500000000000006
2050-12-31 04:00:00,8741,19592.34073372905,0.44040000000000007
2050-12-31 05:00:00,8742,19739.149826420475,0.4437
2050-12-31 06:00:00,8743,19983.83164757286,0.44920000000000004
2050-12-31 07:00:00,8744,20152.884542187236,0.453
2050-12-31 08:00:00,8745,20210.718427186886,0.4543
2050-12-31 09:00:00,8746,20215.167187571482,0.4544000000000001
2050-12-31 10:00:00,8747,20224.064708340655,0.4546
2050-12-31 11:00:00,8748,20246.3085102636,0.4551
2050-12-31 12:00:00,8749,20255.206031032772,0.4552999999999999
2050-12-31 13:00:00,8750,20192.923385648537,0.4539000000000001
2050-12-31 14:00:00,8751,19992.72916834204,0.4494000000000001
2050-12-31 15:00:00,8752,19667.969660267056,0.4421
2050-12-31 16:00:00,8753,19338.761391807482,0.4346999999999999
2050-12-31 17:00:00,8754,19120.772132962637,0.42980000000000007
2050-12-31 18:00:00,8755,19009.553123347912,0.42729999999999996
2050-12-31 19:00:00,8756,18951.719238348258,0.42599999999999993
2050-12-31 20:00:00,8757,18965.06551950203,0.42630000000000007
2050-12-31 21:00:00,8758,19200.849819885232,0.4316
2050-12-31 22:00:00,8759,19881.510158727317,0.44689999999999996
2050-12-31 23:00:00,8760,21282.86967987279,0.47840000000000005
