datetime,hour_of_year,demand,normalized_demand
2050-01-01 00:00:00,1,19027.90607030484,0.09289021280739597
2050-01-01 01:00:00,2,19286.107725490747,0.09415069867530085
2050-01-01 02:00:00,3,11301.854382025733,0.05517326261679154
2050-01-01 03:00:00,4,12538.677055878086,0.06121116930787271
2050-01-01 04:00:00,5,22924.84216629059,0.1119142305797908
2050-01-01 05:00:00,6,36920.750431997716,0.18023929443236317
2050-01-01 06:00:00,7,55933.17299281807,0.2730539200214018
2050-01-01 07:00:00,8,78793.91517992527,0.3846552280607252
2050-01-01 08:00:00,9,105242.79132777802,0.5137730471635152
2050-01-01 09:00:00,10,132901.09768852688,0.6487950487568285
2050-01-01 10:00:00,11,155643.37936553932,0.7598180576416723
2050-01-01 11:00:00,12,164038.3060914651,0.8008003142910636
2050-01-01 12:00:00,13,164411.0950600117,0.8026201911862193
2050-01-01 13:00:00,14,160949.95037487653,0.7857236149065445
2050-01-01 14:00:00,15,155855.80243975404,0.7608550621599888
2050-01-01 15:00:00,16,149359.3745855401,0.7291408754472644
2050-01-01 16:00:00,17,141571.87542657953,0.691123951701662
2050-01-01 17:00:00,18,129303.51673678456,0.6312324194814662
2050-01-01 18:00:00,19,111817.37138030207,0.5458687563782725
2050-01-01 19:00:00,20,91487.7233767816,0.4466237147867773
2050-01-01 20:00:00,21,71935.28115656743,0.3511728274411415
2050-01-01 21:00:00,22,54463.278374119145,0.26587820539306056
2050-01-01 22:00:00,23,40792.91650343506,0.19914239018406668
2050-01-01 23:00:00,24,30247.103856853057,0.14765996340791665
2050-01-02 00:00:00,25,9301.958775680094,0.04541019526825452
2050-01-02 01:00:00,26,7763.783447437598,0.037901148658101555
2050-01-02 02:00:00,27,13090.185869817398,0.0639035186868686
2050-01-02 03:00:00,28,29383.943366356354,0.1434461964619938
2050-01-02 04:00:00,29,53282.087030522016,0.26011187908959915
2050-01-02 05:00:00,30,75907.25614741909,0.37056316922665533
2050-01-02 06:00:00,31,97794.00045319828,0.47740962562144035
2050-01-02 07:00:00,32,112190.38735804395,0.5476897414843046
2050-01-02 08:00:00,33,119656.44654761619,0.5841374632877194
2050-01-02 09:00:00,34,130165.01113920596,0.6354380529378029
2050-01-02 10:00:00,35,147645.70354290932,0.7207750958788931
2050-01-02 11:00:00,36,160041.86221300793,0.7812905205717194
2050-01-02 12:00:00,37,165191.7242644813,0.8064310578501038
2050-01-02 13:00:00,38,164092.24904037695,0.8010636523580775
2050-01-02 14:00:00,39,161268.27910319687,0.7872776284279025
2050-01-02 15:00:00,40,154865.22349181134,0.7560192652553296
2050-01-02 16:00:00,41,146112.34482271,0.7132895629304372
2050-01-02 17:00:00,42,130664.16781826557,0.6378748302674135
2050-01-02 18:00:00,43,110370.19855668294,0.5388039647475817
2050-01-02 19:00:00,44,85828.29167932515,0.4189955662767279
2050-01-02 20:00:00,45,63431.54709613607,0.30965939639873585
2050-01-02 21:00:00,46,44931.32176077041,0.21934520932857846
2050-01-02 22:00:00,47,28928.07103040302,0.141220724140276
2050-01-02 23:00:00,48,18139.383600788864,0.08855263404426042
2050-01-03 00:00:00,49,14347.963440766664,0.0700437227533676
2050-01-03 01:00:00,50,11429.9244494074,0.05579847359741049
2050-01-03 02:00:00,51,10408.30312065517,0.050811134355471035
2050-01-03 03:00:00,52,16264.206039894696,0.07939841381427154
2050-01-03 04:00:00,53,29346.70087909418,0.1432643865164077
2050-01-03 05:00:00,54,44263.95667445627,0.21608727413282453
2050-01-03 06:00:00,55,63646.929316923255,0.31071084684472444
2050-01-03 07:00:00,56,86502.83626208248,0.4222885502555689
2050-01-03 08:00:00,57,109250.92088355542,0.5333398878878772
2050-01-03 09:00:00,58,122730.96535072345,0.599146613787294
2050-01-03 10:00:00,59,128410.31344617887,0.62687198993982
2050-01-03 11:00:00,60,134773.90946597198,0.6579377197324103
2050-01-03 12:00:00,61,142092.60572659035,0.6936660468856798
2050-01-03 13:00:00,62,149170.31520227753,0.7282179275264786
2050-01-03 14:00:00,63,156645.89824291485,0.7647121427563857
2050-01-03 15:00:00,64,159905.02043675038,0.7806224879636889
2050-01-03 16:00:00,65,155217.34563837096,0.757738251096823
2050-01-03 17:00:00,66,139280.68323950397,0.6799388360586835
2050-01-03 18:00:00,67,117009.03273249565,0.571213349001725
2050-01-03 19:00:00,68,91381.51087972705,0.44610520784135993
2050-01-03 20:00:00,69,68102.63229405292,0.33246264634504075
2050-01-03 21:00:00,70,51659.146893694415,0.25218902861269615
2050-01-03 22:00:00,71,37833.41495615317,0.1846947295999177
2050-01-03 23:00:00,72,23493.518765737175,0.11469038945644293
2050-01-04 00:00:00,73,12193.130473978577,0.059524283982240064
2050-01-04 01:00:00,74,7773.448375979906,0.03794833079499808
2050-01-04 02:00:00,75,11812.610779699446,0.057666667319198193
2050-01-04 03:00:00,76,27550.743134723343,0.13449690067475484
2050-01-04 04:00:00,77,54793.071872421315,0.267488187496535
2050-01-04 05:00:00,78,78405.77081789811,0.3827603893824451
2050-01-04 06:00:00,79,101125.46817613793,0.4936731463998923
2050-01-04 07:00:00,80,115121.97995422094,0.5620011564722337
2050-01-04 08:00:00,81,122865.81107271017,0.5998049020805636
2050-01-04 09:00:00,82,120431.929305425,0.5879232060875405
2050-01-04 10:00:00,83,119387.06934001682,0.582822420736694
2050-01-04 11:00:00,84,123572.35135911978,0.603254082317164
2050-01-04 12:00:00,85,129926.59547199249,0.6342741580782083
2050-01-04 13:00:00,86,135177.05559029905,0.6599057938411879
2050-01-04 14:00:00,87,144473.96608311048,0.7052913444602493
2050-01-04 15:00:00,88,153301.62526433676,0.7483861094283704
2050-01-04 16:00:00,89,152343.20961710796,0.743707326954877
2050-01-04 17:00:00,90,140819.17278638983,0.6874494166177924
2050-01-04 18:00:00,91,117478.20047407392,0.5735037266815678
2050-01-04 19:00:00,92,90100.43749521916,0.4398512785404086
2050-01-04 20:00:00,93,66715.4554191535,0.32569074224614475
2050-01-04 21:00:00,94,46451.04234802278,0.22676416379661427
2050-01-04 22:00:00,95,29857.50096930529,0.14575800451654042
2050-01-04 23:00:00,96,17228.28937842366,0.08410486475790842
2050-01-05 00:00:00,97,10510.777074781588,0.05131139052505943
2050-01-05 01:00:00,98,8368.345890801469,0.04085249463447622
2050-01-05 02:00:00,99,13548.177528254582,0.06613933709269072
2050-01-05 03:00:00,100,28205.40981127154,0.13769284491989575
2050-01-05 04:00:00,101,55719.19026059274,0.2720093015825637
2050-01-05 05:00:00,102,82863.57738602707,0.40452245816908555
2050-01-05 06:00:00,103,104925.01216117166,0.5122217164862061
2050-01-05 07:00:00,104,118914.23646032976,0.5805141506278243
2050-01-05 08:00:00,105,127870.71429666689,0.624237781023523
2050-01-05 09:00:00,106,126354.10289844379,0.6168340049586978
2050-01-05 10:00:00,107,124597.89074634749,0.608260548691865
2050-01-05 11:00:00,108,128515.48434723352,0.6273854120338757
2050-01-05 12:00:00,109,135047.14588889419,0.659271602156372
2050-01-05 13:00:00,110,142240.59784295165,0.6943885130956676
2050-01-05 14:00:00,111,151859.21880684473,0.741344586188969
2050-01-05 15:00:00,112,160367.99447483246,0.782882629293105
2050-01-05 16:00:00,113,157324.59457737525,0.7680253947088963
2050-01-05 17:00:00,114,146395.01739031522,0.7146695106168849
2050-01-05 18:00:00,115,122074.49004782036,0.5959418402108344
2050-01-05 19:00:00,116,93476.83203822994,0.4563341225518925
2050-01-05 20:00:00,117,69553.89622168742,0.33954740988021764
2050-01-05 21:00:00,118,48318.083440060866,0.23587866350660744
2050-01-05 22:00:00,119,30512.7864063853,0.14895696941972245
2050-01-05 23:00:00,120,18124.939459773264,0.08848212080292943
2050-01-06 00:00:00,121,11722.120746799983,0.05722491411829832
2050-01-06 01:00:00,122,8346.753907523964,0.040747087139076016
2050-01-06 02:00:00,123,14535.528649385784,0.07095937642957972
2050-01-06 03:00:00,124,31781.56148235213,0.15515086097961445
2050-01-06 04:00:00,125,57975.18925544951,0.28302261150490765
2050-01-06 05:00:00,126,85580.93859778313,0.4177880408507505
2050-01-06 06:00:00,127,110434.65101404072,0.5391186080119431
2050-01-06 07:00:00,128,126468.95512450435,0.6173946892337173
2050-01-06 08:00:00,129,135366.59608838052,0.660831090462758
2050-01-06 09:00:00,130,133302.28811623593,0.6507535755683699
2050-01-06 10:00:00,131,131379.8742490863,0.641368757682281
2050-01-06 11:00:00,132,135221.61976817943,0.6601233467317477
2050-01-06 12:00:00,133,141672.4949079221,0.6916151547273627
2050-01-06 13:00:00,134,149099.29586768535,0.7278712261564312
2050-01-06 14:00:00,135,158997.00220034947,0.776189734990207
2050-01-06 15:00:00,136,168590.82014988668,0.823024725013555
2050-01-06 16:00:00,137,167431.74027855918,0.8173663422408752
2050-01-06 17:00:00,138,155803.47447231013,0.7605996080909133
2050-01-06 18:00:00,139,132519.7914272584,0.6469335922401129
2050-01-06 19:00:00,140,99833.13316622586,0.4873642402256851
2050-01-06 20:00:00,141,73006.78707399091,0.35640369269379174
2050-01-06 21:00:00,142,52044.0137436176,0.2540678671701173
2050-01-06 22:00:00,143,34030.27570480338,0.1661286081838904
2050-01-06 23:00:00,144,20191.58576007055,0.09857105092077485
2050-01-07 00:00:00,145,16082.369637708834,0.07851072695935607
2050-01-07 01:00:00,146,12472.20469743471,0.06088666531364442
2050-01-07 02:00:00,147,12390.845580842974,0.060489487314861756
2050-01-07 03:00:00,148,18199.88113692174,0.08884797021971465
2050-01-07 04:00:00,149,30435.65724059439,0.14858044114606467
2050-01-07 05:00:00,150,47998.859099154506,0.23432027779403716
2050-01-07 06:00:00,151,72064.72344789315,0.3518047373288136
2050-01-07 07:00:00,152,98805.50909642821,0.4823475968716129
2050-01-07 08:00:00,153,124776.0254323527,0.6091301645513434
2050-01-07 09:00:00,154,141577.79420141358,0.6911528459085108
2050-01-07 10:00:00,155,148604.3376492736,0.7254549448236792
2050-01-07 11:00:00,156,154257.3396805565,0.7530517050634199
2050-01-07 12:00:00,157,163172.4016492149,0.7965731519530584
2050-01-07 13:00:00,158,172698.37223643725,0.843076925504107
2050-01-07 14:00:00,159,178863.45641214718,0.8731735624614929
2050-01-07 15:00:00,160,183894.20514761133,0.8977326137249994
2050-01-07 16:00:00,161,179115.6432101089,0.8744046850686429
2050-01-07 17:00:00,162,160734.1629155266,0.7846701861716053
2050-01-07 18:00:00,163,136431.22454592588,0.6660283814109477
2050-01-07 19:00:00,164,105004.25194583091,0.5126085483547581
2050-01-07 20:00:00,165,81290.26391959118,0.39684187460040543
2050-01-07 21:00:00,166,60131.80042690933,0.2935507310951312
2050-01-07 22:00:00,167,43120.24012425919,0.21050389184437887
2050-01-07 23:00:00,168,29383.897703456616,0.14344597354537553
2050-01-08 00:00:00,169,18768.554609053193,0.09162411382947576
2050-01-08 01:00:00,170,19023.236961768886,0.09286741920709526
2050-01-08 02:00:00,171,11147.809453220038,0.05442124785669177
2050-01-08 03:00:00,172,12367.774162056907,0.06037685752822691
2050-01-08 04:00:00,173,22612.375241596776,0.11038883314389648
2050-01-08 05:00:00,174,36417.51846703274,0.1777826224189338
2050-01-08 06:00:00,175,55170.80060844906,0.2693321792917144
2050-01-08 07:00:00,176,77719.9495568213,0.37941235504519966
2050-01-08 08:00:00,177,103808.32599260496,0.5067702908036336
2050-01-08 09:00:00,178,131089.64803719553,0.6399519347021164
2050-01-08 10:00:00,179,153521.95110008345,0.749461693556958
2050-01-08 11:00:00,180,161802.45448810147,0.7898853596725768
2050-01-08 12:00:00,181,162170.16232190488,0.7916804315426366
2050-01-08 13:00:00,182,158756.19323879702,0.7750141565738597
2050-01-08 14:00:00,183,153731.47883478474,0.7504845636401686
2050-01-08 15:00:00,184,147323.5976680678,0.71920264312713
2050-01-08 16:00:00,185,139642.24257308658,0.6817038922511461
2050-01-08 17:00:00,186,127541.10232235679,0.6226286850817834
2050-01-08 18:00:00,187,110293.29413920655,0.5384285336476585
2050-01-08 19:00:00,188,90240.74041459741,0.44053620771708163
2050-01-08 20:00:00,189,70954.7991124624,0.34638632148540294
2050-01-08 21:00:00,190,53720.94073894658,0.2622542700713631
2050-01-08 22:00:00,191,40236.90669155121,0.19642806788512002
2050-01-08 23:00:00,192,29834.83408118004,0.14564734956302863
2050-01-09 00:00:00,193,9175.172539194258,0.044791251678523554
2050-01-09 01:00:00,194,7657.962630366037,0.037384553811516195
2050-01-09 02:00:00,195,12911.765879608422,0.06303251003261262
2050-01-09 03:00:00,196,28983.438517804403,0.14149101650288923
2050-01-09 04:00:00,197,52555.849101429085,0.2565665391277037
2050-01-09 05:00:00,198,74872.63585432047,0.36551237179021195
2050-01-09 06:00:00,199,96461.06256869966,0.4709025048014912
2050-01-09 07:00:00,200,110661.22588727131,0.5402246986197817
2050-01-09 08:00:00,201,118025.52225885965,0.5761756358698422
2050-01-09 09:00:00,202,128390.8545068036,0.6267769955135863
2050-01-09 10:00:00,203,145633.28406087222,0.7109508896181785
2050-01-09 11:00:00,204,157860.48237196726,0.7706414855754695
2050-01-09 12:00:00,205,162940.15150596554,0.7954393558773751
2050-01-09 13:00:00,206,161855.66219254542,0.7901451084316116
2050-01-09 14:00:00,207,159070.1831288668,0.7765469888045943
2050-01-09 15:00:00,208,152754.40153558433,0.7457146789289105
2050-01-09 16:00:00,209,144120.8251092521,0.7035673849193773
2050-01-09 17:00:00,210,128883.20765111562,0.6291805594255876
2050-01-09 18:00:00,211,108865.8463640495,0.5314600355314778
2050-01-09 19:00:00,212,84658.44709777452,0.4132846324656028
2050-01-09 20:00:00,213,62566.97143896945,0.30543872090845503
2050-01-09 21:00:00,214,44318.905246222064,0.21635552143791043
2050-01-09 22:00:00,215,28533.77974885629,0.13929587750104777
2050-01-09 23:00:00,216,17892.14275330275,0.08734565652120509
2050-01-10 00:00:00,217,14152.399869239094,0.06908902276118505
2050-01-10 01:00:00,218,11274.133918022431,0.05503793717473437
2050-01-10 02:00:00,219,10266.437346578252,0.05011857565272148
2050-01-10 03:00:00,220,16042.523970191058,0.07831620883836558
2050-01-10 04:00:00,221,28946.703648167026,0.1413116846391802
2050-01-10 05:00:00,222,43660.63638408266,0.21314199208461823
2050-01-10 06:00:00,223,62779.417988580106,0.3064758400286891
2050-01-10 07:00:00,224,85323.79759927686,0.41653273288441417
2050-01-10 08:00:00,225,107761.82451164194,0.5260704343617412
2050-01-10 09:00:00,226,121058.13519237211,0.5909802107776434
2050-01-10 10:00:00,227,126660.07344502507,0.6183276884507077
2050-01-10 11:00:00,228,132936.93328207,0.6489699905448529
2050-01-10 12:00:00,229,140155.87528898666,0.6842113385307586
2050-01-10 13:00:00,230,147137.11517600503,0.7182922750441385
2050-01-10 14:00:00,231,154510.80558742274,0.7542890720096952
2050-01-10 15:00:00,232,157725.505757019,0.7699825582904473
2050-01-10 16:00:00,233,153101.72423631878,0.7474102348910251
2050-01-10 17:00:00,234,137382.2794684981,0.6706712303835483
2050-01-10 18:00:00,235,115414.19284694186,0.5634276780080043
2050-01-10 19:00:00,236,90135.97559890522,0.4400247680458735
2050-01-10 20:00:00,237,67174.38947547782,0.3279311612391235
2050-01-10 21:00:00,238,50955.02973207299,0.24875167755879188
2050-01-10 22:00:00,239,37317.74332103887,0.18217732974795714
2050-01-10 23:00:00,240,23173.300746226516,0.11312715281510127
2050-01-11 00:00:00,241,12026.937400234947,0.058712964548030044
2050-01-11 01:00:00,242,7667.495825136969,0.03743109285200411
2050-01-11 02:00:00,243,11651.604211860242,0.056880667309806066
2050-01-11 03:00:00,244,27175.224911823432,0.1326637001371158
2050-01-11 04:00:00,245,54046.23913212533,0.2638423080223931
2050-01-11 05:00:00,246,77337.09562593728,0.37754334313277144
2050-01-11 06:00:00,247,99747.12219409205,0.48694435285206866
2050-01-11 07:00:00,248,113552.86070621635,0.5543410481908082
2050-01-11 08:00:00,249,121191.14295868404,0.5916295265600581
2050-01-11 09:00:00,250,118790.43514186546,0.5799097787765288
2050-01-11 10:00:00,251,117759.81667784114,0.5748785174231918
2050-01-11 11:00:00,252,121888.05306073868,0.5950316942735359
2050-01-11 12:00:00,253,128155.68845884601,0.625628964607866
2050-01-11 13:00:00,254,133334.58450175644,0.6509112396914124
2050-01-11 14:00:00,255,142504.77756664922,0.695678182629614
2050-01-11 15:00:00,256,151212.11524202852,0.7381855634556158
2050-01-11 16:00:00,257,150266.76285569975,0.7335705530588018
2050-01-11 17:00:00,258,138899.79931406953,0.6780794412961807
2050-01-11 18:00:00,259,115876.96580442868,0.5656868377044852
2050-01-11 19:00:00,260,88872.36331989773,0.4338560801687442
2050-01-11 20:00:00,261,65806.11990183021,0.32125155858582044
2050-01-11 21:00:00,262,45817.91195286088,0.2236733551220223
2050-01-11 22:00:00,263,29450.54150336459,0.1437713144805721
2050-01-11 23:00:00,264,16993.466796978577,0.08295851058305484
2050-01-12 00:00:00,265,10367.514575604986,0.050612013305797135
2050-01-12 01:00:00,266,8254.284852790197,0.04029567277216766
2050-01-12 02:00:00,267,13363.515085208208,0.06523785410403539
2050-01-12 03:00:00,268,27820.968443306203,0.13581608347539834
2050-01-12 04:00:00,269,54959.73447395297,0.26830179906609547
2050-01-12 05:00:00,270,81734.14203237375,0.3990087936615241
2050-01-12 06:00:00,271,103494.87817524328,0.5052401048572052
2050-01-12 07:00:00,272,117293.42853734868,0.5726017091679314
2050-01-12 08:00:00,273,126127.829063226,0.6157293839547646
2050-01-12 09:00:00,274,124631.8891654914,0.6084265217830567
2050-01-12 10:00:00,275,122899.6142866037,0.599969922221011
2050-01-12 11:00:00,276,126763.81086053506,0.6188341125715336
2050-01-12 12:00:00,277,133206.44547689005,0.6502856920749384
2050-01-12 13:00:00,278,140301.8502645391,0.6849239574859667
2050-01-12 14:00:00,279,149789.36886892648,0.7312400165898655
2050-01-12 15:00:00,280,158182.1694312566,0.7722118937582915
2050-01-12 16:00:00,281,155180.2512516743,0.7575571641468727
2050-01-12 17:00:00,282,144399.64483380425,0.704928523840962
2050-01-12 18:00:00,283,120410.60768587861,0.5878191184506905
2050-01-12 19:00:00,284,92202.73740890175,0.450114262057639
2050-01-12 20:00:00,285,68605.87259251824,0.3349193590408562
2050-01-12 21:00:00,286,47659.50516785326,0.2326636236788062
2050-01-12 22:00:00,287,30096.895361825467,0.14692667730607034
2050-01-12 23:00:00,288,17877.895485669058,0.08727610437408351
2050-01-13 00:00:00,289,11562.347562758625,0.056444935227731974
2050-01-13 01:00:00,290,8232.98716865792,0.0401917019829467
2050-01-13 02:00:00,291,14337.40855296542,0.06999219602360589
2050-01-13 03:00:00,292,31348.376960394107,0.15303614576707997
2050-01-13 04:00:00,293,57184.984071186234,0.27916499693310376
2050-01-13 05:00:00,294,84414.46545350016,0.4120935656832671
2050-01-13 06:00:00,295,108929.4203306951,0.5317703901899935
2050-01-13 07:00:00,296,124745.17594891388,0.6089795638982267
2050-01-13 08:00:00,297,133521.5415514295,0.6518239244642826
2050-01-13 09:00:00,298,131485.37021743512,0.6418837666861112
2050-01-13 10:00:00,299,129589.15896147297,0.6326268644056765
2050-01-13 11:00:00,300,133378.54126736565,0.6511258273237392
2050-01-13 12:00:00,301,139741.4906056445,0.6821884001539579
2050-01-13 13:00:00,302,147067.06383831217,0.7179502992302108
2050-01-13 14:00:00,303,156829.86386132863,0.7656102239945715
2050-01-13 15:00:00,304,166292.91751717756,0.8118068503943322
2050-01-13 16:00:00,305,165149.63597117952,0.8062255917043778
2050-01-13 17:00:00,306,153679.8641010637,0.7502325914272708
2050-01-13 18:00:00,307,130713.53900294592,0.6381158499484318
2050-01-13 19:00:00,308,98472.40178546078,0.48072143743561724
2050-01-13 20:00:00,309,72011.7003416294,0.35154588973904993
2050-01-13 21:00:00,310,51334.65082549229,0.2506049074425008
2050-01-13 22:00:00,311,33566.4410776988,0.16386426564089124
2050-01-13 23:00:00,312,19916.373277405346,0.09722752179110783
2050-01-14 00:00:00,313,15863.166008942993,0.07744062120788878
2050-01-14 01:00:00,314,12302.207826192076,0.06005677654459256
2050-01-14 02:00:00,315,12221.957639340759,0.059665012106250824
2050-01-14 03:00:00,316,17951.81570420096,0.08763696724595323
2050-01-14 04:00:00,317,30020.817471131828,0.14655528113508026
2050-01-14 05:00:00,318,47344.63187244685,0.2311264788500689
2050-01-14 06:00:00,319,71082.47709736617,0.3470096184022949
2050-01-14 07:00:00,320,97458.78429135388,0.4757731712215103
2050-01-14 08:00:00,321,123075.32098699547,0.6008276851682725
2050-01-14 09:00:00,322,139648.08067548103,0.681732392632208
2050-01-14 10:00:00,323,146578.85192911405,0.7155669519521153
2050-01-14 11:00:00,324,152154.80321545582,0.7427875667521999
2050-01-14 12:00:00,325,160948.3523739799,0.7857158138041632
2050-01-14 13:00:00,326,170344.48343135227,0.8315857382330849
2050-01-14 14:00:00,327,176425.53715270563,0.8612721562857398
2050-01-14 15:00:00,328,181387.71649236066,0.8854964662621468
2050-01-14 16:00:00,329,176674.28662966038,0.862486498618768
2050-01-14 17:00:00,330,158543.34697603786,0.7739750861385788
2050-01-14 18:00:00,331,134571.65906249604,0.656950376041
2050-01-14 19:00:00,332,103573.03791612147,0.5056216641804602
2050-01-14 20:00:00,333,80182.27291868298,0.39143289688721067
2050-01-14 21:00:00,334,59312.2005082458,0.2895496176473203
2050-01-14 22:00:00,335,42532.50875611102,0.2076347116172352
2050-01-14 23:00:00,336,28983.393477405265,0.1414907966251872
2050-01-15 00:00:00,337,18273.028919376313,0.08920506222203424
2050-01-15 01:00:00,338,18520.987100654373,0.09041554161693725
2050-01-15 02:00:00,339,10853.485944932263,0.05298442274214397
2050-01-15 03:00:00,340,12041.241280744023,0.05878279306723496
2050-01-15 04:00:00,341,22015.365267782872,0.10747435672642787
2050-01-15 05:00:00,342,35456.02637121991,0.17308882137415849
2050-01-15 06:00:00,343,53714.1859962713,0.2622212948463306
2050-01-15 07:00:00,344,75667.99429772739,0.36939514348317964
2050-01-15 08:00:00,345,101067.58770283713,0.49339058617164444
2050-01-15 09:00:00,346,127628.63069289658,0.62305598007347
2050-01-15 10:00:00,347,149468.6779950614,0.7296744715735799
2050-01-15 11:00:00,348,157530.56032270993,0.7690308759134221
2050-01-15 12:00:00,349,157888.55993466647,0.7707785542978296
2050-01-15 13:00:00,350,154564.72618301082,0.7545523009525106
2050-01-15 14:00:00,351,149672.6738462242,0.7306703361714144
2050-01-15 15:00:00,352,143433.97299709922,0.7002143181852158
2050-01-15 16:00:00,353,135955.4203733716,0.6637056060787638
2050-01-15 17:00:00,354,124173.77334423363,0.6061900972406064
2050-01-15 18:00:00,355,107381.34024994883,0.5242129906730898
2050-01-15 19:00:00,356,87858.2122609957,0.42890520920416275
2050-01-15 20:00:00,357,69081.45673161699,0.3372410602162497
2050-01-15 21:00:00,358,52302.605165647146,0.25533025579731256
2050-01-15 22:00:00,359,39174.575397434266,0.19124199120291058
2050-01-15 23:00:00,360,29047.13741656255,0.14180198105355385
2050-01-16 00:00:00,361,8932.930451953485,0.043608677045688896
2050-01-16 01:00:00,362,7455.777738419296,0.03639752993353505
2050-01-16 02:00:00,363,12570.870531950563,0.06136833104875649
2050-01-16 03:00:00,364,28218.220344933656,0.13775538323565437
2050-01-16 04:00:00,365,51168.27419401316,0.2497926919182507
2050-01-16 05:00:00,366,72895.855095842,0.3558621462398979
2050-01-16 06:00:00,367,93914.30607699792,0.4584697782782095
2050-01-16 07:00:00,368,107739.55791808639,0.5259617335616515
2050-01-16 08:00:00,369,114909.42273296969,0.5609634970764585
2050-01-16 09:00:00,370,125001.09040685382,0.6102288841529462
2050-01-16 10:00:00,371,141788.28690305303,0.6921804267562114
2050-01-16 11:00:00,372,153692.66373756272,0.7502950765453841
2050-01-16 12:00:00,373,158638.21987630395,0.774438235570934
2050-01-16 13:00:00,374,157582.36317046802,0.7692837664592603
2050-01-16 14:00:00,375,154870.4260893903,0.756044663236299
2050-01-16 15:00:00,376,148721.39323085165,0.7260263854142993
2050-01-16 16:00:00,377,140315.75972527094,0.6849918605312436
2050-01-16 17:00:00,378,125480.44450936765,0.6125689894923402
2050-01-16 18:00:00,379,105991.57988398068,0.5174284745172353
2050-01-16 19:00:00,380,82423.30221989861,0.40237312793146635
2050-01-16 20:00:00,381,60915.08376919226,0.2973745546984387
2050-01-16 21:00:00,382,43148.80135517803,0.21064332173268555
2050-01-16 22:00:00,383,27780.433380132337,0.13561819987063017
2050-01-16 23:00:00,384,17419.75593743457,0.08503956400155138
2050-01-17 00:00:00,385,13778.749429308047,0.06726494034494175
2050-01-17 01:00:00,386,10976.47521262827,0.05358483033334692
2050-01-17 02:00:00,387,9995.383792544075,0.048795349532968386
2050-01-17 03:00:00,388,15618.970686218567,0.0762485112925554
2050-01-17 04:00:00,389,28182.45532090339,0.13758078595306544
2050-01-17 05:00:00,390,42507.91208828212,0.20751463588738153
2050-01-17 06:00:00,391,61121.921258429764,0.29838429157231383
2050-01-17 07:00:00,392,83071.08616610893,0.40553547214287683
2050-01-17 08:00:00,393,104916.7062323479,0.512181168698491
2050-01-17 09:00:00,394,117861.96891505316,0.5753772030388511
2050-01-17 10:00:00,395,123316.00526309294,0.602002654896601
2050-01-17 11:00:00,396,129427.14405357437,0.6318359418933902
2050-01-17 12:00:00,397,136455.49220294986,0.6661468509796414
2050-01-17 13:00:00,398,143252.41394013833,0.6993279852710268
2050-01-17 14:00:00,399,150431.42481487902,0.7343743979155575
2050-01-17 15:00:00,400,153561.2507646104,0.7496535462068334
2050-01-17 16:00:00,401,149059.54598877314,0.7276771756551528
2050-01-17 17:00:00,402,133755.12458793723,0.6529642274429306
2050-01-17 18:00:00,403,112367.03742939924,0.5485521097690756
2050-01-17 19:00:00,404,87756.21351315972,0.4284072728911725
2050-01-17 20:00:00,405,65400.857152590004,0.31927315156190816
2050-01-17 21:00:00,406,49609.71955078764,0.24218415780281746
2050-01-17 22:00:00,407,36332.4835595001,0.177367499986251
2050-01-17 23:00:00,408,22561.481257199903,0.11014037947675233
2050-01-18 00:00:00,409,11709.40324930771,0.05716282998544261
2050-01-18 01:00:00,410,7465.059254759182,0.036442840333155584
2050-01-18 02:00:00,411,11343.979543691816,0.055378908746074
2050-01-18 03:00:00,412,26457.74700641367,0.12916112475799266
2050-01-18 04:00:00,413,52619.31510435115,0.25687636673015685
2050-01-18 05:00:00,414,75295.24837220725,0.36757547671497487
2050-01-18 06:00:00,415,97113.60742640593,0.4740880907758357
2050-01-18 07:00:00,416,110554.84808471643,0.5397053846878758
2050-01-18 08:00:00,417,117991.46506862724,0.5760093758706273
2050-01-18 09:00:00,418,115654.14044953822,0.5645990514521156
2050-01-18 10:00:00,419,114650.7323109029,0.5597006251520212
2050-01-18 11:00:00,420,118669.97536846528,0.5793217196414601
2050-01-18 12:00:00,421,124772.1331978785,0.6091111634858941
2050-01-18 13:00:00,422,129814.29649613128,0.6337259382306193
2050-01-18 14:00:00,423,138742.37892915448,0.6773109482733041
2050-01-18 15:00:00,424,147219.826271113,0.718696053116078
2050-01-18 16:00:00,425,146299.4329834146,0.7142028877596318
2050-01-18 17:00:00,426,135232.5789925405,0.6601768473470725
2050-01-18 18:00:00,427,112817.59233887045,0.5507516235394065
2050-01-18 19:00:00,428,86525.96293602209,0.4224014497861762
2050-01-18 20:00:00,429,64068.71249923399,0.31276990312861946
2050-01-18 21:00:00,430,44608.231492299165,0.21776795097532597
2050-01-18 22:00:00,431,28672.990909023145,0.13997547694017073
2050-01-18 23:00:00,432,16544.80680792915,0.08076824741342498
2050-01-19 00:00:00,433,10093.792333130008,0.04927575921353531
2050-01-19 01:00:00,434,8036.355904185376,0.0392317897396365
2050-01-19 02:00:00,435,13010.692697050534,0.0635154498311697
2050-01-19 03:00:00,436,27086.441700296564,0.13223027927714395
2050-01-19 04:00:00,437,53508.69236290428,0.2612181183925737
2050-01-19 05:00:00,438,79576.2043626115,0.3884741983871582
2050-01-19 06:00:00,439,100762.41545133032,0.49190079978733914
2050-01-19 07:00:00,440,114196.65773050635,0.5574839290926851
2050-01-19 08:00:00,441,122797.81314491355,0.5994729505794287
2050-01-19 09:00:00,442,121341.36896317411,0.5923628981393968
2050-01-19 10:00:00,443,119654.82945592521,0.5841295689881182
2050-01-19 11:00:00,444,123417.0038178212,0.6024957084783921
2050-01-19 12:00:00,445,129689.54060076163,0.6331169063367763
2050-01-19 13:00:00,446,136597.61313953853,0.6668406553318035
2050-01-19 14:00:00,447,145834.64305995085,0.7119338816618638
2050-01-19 15:00:00,448,154005.85770741582,0.7518240232619674
2050-01-19 16:00:00,449,151083.19582681017,0.7375562061385054
2050-01-19 17:00:00,450,140587.21804872184,0.6863170626496756
2050-01-19 18:00:00,451,117231.53736959236,0.5722995695776611
2050-01-19 19:00:00,452,89768.40885149002,0.43823038492971944
2050-01-19 20:00:00,453,66794.5463297852,0.326076847343183
2050-01-19 21:00:00,454,46401.20305237911,0.2265208588968841
2050-01-19 22:00:00,455,29302.279803226334,0.1430475322196053
2050-01-19 23:00:00,456,17405.884899806268,0.084971848529739
2050-01-20 00:00:00,457,11257.079480861821,0.05495468101973202
2050-01-20 01:00:00,458,8015.620576784218,0.03913056425703175
2050-01-20 02:00:00,459,13958.873546907493,0.06814426818867485
2050-01-20 03:00:00,460,30520.719874306775,0.14899569893209252
2050-01-20 04:00:00,461,55675.191170106795,0.27179450732914084
2050-01-20 05:00:00,462,82185.76212647944,0.40121350743794126
2050-01-20 06:00:00,463,106053.4753756124,0.5177306352157507
2050-01-20 07:00:00,464,121451.6647692643,0.5929013389358578
2050-01-20 08:00:00,465,129996.31755316985,0.634614526531469
2050-01-20 09:00:00,466,128013.9049639319,0.6249368075745861
2050-01-20 10:00:00,467,126167.75738269964,0.6159243055651217
2050-01-20 11:00:00,468,129857.09271554054,0.6339348603218672
2050-01-20 12:00:00,469,136052.048029293,0.6641773218570767
2050-01-20 13:00:00,470,143184.21214229974,0.6989950385194681
2050-01-20 14:00:00,471,152689.25555409383,0.7453966500264217
2050-01-20 15:00:00,472,161902.4664954595,0.7903735971387728
2050-01-20 16:00:00,473,160789.3697943187,0.7849396944769588
2050-01-20 17:00:00,474,149622.42180606376,0.7304250163402537
2050-01-20 18:00:00,475,127262.45161422809,0.621268371262629
2050-01-20 19:00:00,476,95872.54205192247,0.46802947211765494
2050-01-20 20:00:00,477,70110.45378882615,0.3422644062044619
2050-01-20 21:00:00,478,49979.31785799997,0.24398845856420215
2050-01-20 22:00:00,479,32680.222870463836,0.1595379357988328
2050-01-20 23:00:00,480,19390.542974165477,0.09466052947003703
2050-01-21 00:00:00,481,15444.348100662033,0.07539604076461652
2050-01-21 01:00:00,482,11977.405988235656,0.05847116267113066
2050-01-21 02:00:00,483,11899.274541042974,0.05808974147166382
2050-01-21 03:00:00,484,17477.853429983497,0.08532318367186645
2050-01-21 04:00:00,485,29228.21050714467,0.1426859415826693
2050-01-21 05:00:00,486,46094.643064387106,0.22502429787658082
2050-01-21 06:00:00,487,69205.76380788081,0.3378479010701486
2050-01-21 07:00:00,488,94885.68598672676,0.46321184953913286
2050-01-21 08:00:00,489,119825.8971317782,0.5849646851987899
2050-01-21 09:00:00,490,135961.10428376152,0.663733353727073
2050-01-21 10:00:00,491,142708.8899569942,0.6966746161470866
2050-01-21 11:00:00,492,148137.62547970613,0.7231765547270106
2050-01-21 12:00:00,493,156699.00810470423,0.7649714138682758
2050-01-21 13:00:00,494,165847.06330725123,0.8096302844449258
2050-01-21 14:00:00,495,171767.56560570365,0.8385329244095087
2050-01-21 15:00:00,496,176598.7338863932,0.862117666106439
2050-01-21 16:00:00,497,172009.74764539767,0.8397152059029208
2050-01-21 17:00:00,498,154357.49939786224,0.7535406636183383
2050-01-21 18:00:00,499,131018.70988594383,0.6396056296519661
2050-01-21 19:00:00,500,100838.51168925899,0.49227228552564994
2050-01-21 20:00:00,501,78065.30761777594,0.3810983200514539
2050-01-21 21:00:00,502,57746.24498160303,0.28190495398441867
2050-01-21 22:00:00,503,41409.56922287927,0.20215275833102875
2050-01-21 23:00:00,504,28218.176485989246,0.13775516912556446
2050-01-22 00:00:00,505,19061.949750706226,0.09305640685447332
2050-01-22 01:00:00,506,19320.613077930662,0.09431914650762119
2050-01-22 02:00:00,507,11322.07484824045,0.055271974655983346
2050-01-22 03:00:00,508,12561.110480374296,0.06132068454132784
2050-01-22 04:00:00,509,22965.85771393275,0.11211445980810501
2050-01-22 05:00:00,510,36986.80679684801,0.1805617676338576
2050-01-22 06:00:00,511,56033.24513663223,0.27354245106105707
2050-01-22 07:00:00,512,78934.88831728585,0.3853434290998288
2050-01-22 08:00:00,513,105431.08507633288,0.5146922574175988
2050-01-22 09:00:00,514,133138.87597032546,0.6499558320356422
2050-01-22 10:00:00,515,155921.8464199969,0.7611774749024491
2050-01-22 11:00:00,516,164331.79306830722,0.8022330556360299
2050-01-22 12:00:00,517,164705.24887735408,0.8040561879054634
2050-01-22 13:00:00,518,161237.91181260094,0.7871293817382553
2050-01-22 14:00:00,519,156134.64974845873,0.7622163357415717
2050-01-22 15:00:00,520,149626.59890761087,0.7304454080665002
2050-01-22 16:00:00,521,141825.166887513,0.6923604670397909
2050-01-22 17:00:00,522,129534.85835019055,0.632361780306619
2050-01-22 18:00:00,523,112017.42778503319,0.5468453894318673
2050-01-22 19:00:00,524,91651.40716485863,0.4474227844191066
2050-01-22 20:00:00,525,72063.98314336357,0.3518011233186834
2050-01-22 21:00:00,526,54560.72053786754,0.2663538974263068
2050-01-22 22:00:00,527,40865.9005142752,0.19949868268800425
2050-01-22 23:00:00,528,30301.22006244076,0.14792414727737643
2050-01-23 00:00:00,529,9318.601296556017,0.0454914405350802
2050-01-23 01:00:00,530,7777.673770261433,0.03796895827615948
2050-01-23 02:00:00,531,13113.605836588986,0.06401785001104672
2050-01-23 03:00:00,532,29436.515345081443,0.14370284174253262
2050-01-23 04:00:00,533,53377.415958526784,0.26057725475291943
2050-01-23 05:00:00,534,76043.06455429975,0.3712261571439578
2050-01-23 06:00:00,535,97968.96727801263,0.47826377665262515
2050-01-23 07:00:00,536,112391.11122764631,0.548669632960224
2050-01-23 08:00:00,537,119870.52800767544,0.5851825636949606
2050-01-23 09:00:00,538,130397.89392371658,0.6365749374343125
2050-01-23 10:00:00,539,147909.86188124924,0.7220646610140466
2050-01-23 11:00:00,540,160328.1987205557,0.7826883548379999
2050-01-23 12:00:00,541,165487.2745077092,0.8078738716251602
2050-01-23 13:00:00,542,164385.83223767256,0.8024968634309462
2050-01-23 14:00:00,543,161556.80987034645,0.7886861746054471
2050-01-23 15:00:00,544,155142.29841741457,0.7573718864374913
2050-01-23 16:00:00,545,146373.75963299812,0.7145657347419306
2050-01-23 17:00:00,546,130897.94375421709,0.6390160749403455
2050-01-23 18:00:00,547,110567.666009561,0.5397679590858239
2050-01-23 19:00:00,548,85981.85020864828,0.4197452065374331
2050-01-23 20:00:00,549,63545.03483224127,0.3102134195223991
2050-01-23 21:00:00,550,45011.70982180794,0.21973764683953528
2050-01-23 22:00:00,551,28979.82719966981,0.14147338681159274
2050-01-23 23:00:00,552,18171.837288503062,0.08871106608334124
2050-01-24 00:00:00,553,14373.633813441375,0.07016904008317723
2050-01-24 01:00:00,554,11450.37409235509,0.055898304428939075
2050-01-24 02:00:00,555,10426.925086143294,0.05090204285221748
2050-01-24 03:00:00,556,16293.30502038749,0.07954046888225783
2050-01-24 04:00:00,557,29399.206123524807,0.14352070601423603
2050-01-24 05:00:00,558,44343.150885222094,0.21647388351926833
2050-01-24 06:00:00,559,63760.80213600076,0.3112667498620089
2050-01-24 07:00:00,560,86657.60152243108,0.4230440815219025
2050-01-24 08:00:00,561,109446.38544177527,0.534294104518034
2050-01-24 09:00:00,562,122950.5476610174,0.6002185681818859
2050-01-24 10:00:00,563,128640.05679057677,0.627993548353728
2050-01-24 11:00:00,564,135015.03837604728,0.6591148600697733
2050-01-24 12:00:00,565,142346.82884303463,0.6949071103689561
2050-01-24 13:00:00,566,149437.20103042133,0.7295208076899584
2050-01-24 14:00:00,567,156926.15886618913,0.7660803158407646
2050-01-24 15:00:00,568,160191.11212086017,0.7820191270537282
2050-01-24 16:00:00,569,155495.05072358644,0.7590939485849255
2050-01-24 17:00:00,570,139529.87533081652,0.6811553391413883
2050-01-24 18:00:00,571,117218.37768420043,0.5722353267770074
2050-01-24 19:00:00,572,91545.00494971528,0.4469033513101074
2050-01-24 20:00:00,573,68224.47721010151,0.333057467453545
2050-01-24 21:00:00,574,51751.572297942876,0.25264022988716783
2050-01-24 22:00:00,575,37901.10416879861,0.18502517401898136
2050-01-24 23:00:00,576,23535.55171542929,0.1148955854263724
2050-01-25 00:00:00,577,12214.945620358012,0.05963078091270224
2050-01-25 01:00:00,578,7787.3560562842395,0.038016225148604484
2050-01-25 02:00:00,579,11833.744998049067,0.05776984010304318
2050-01-25 03:00:00,580,27600.035149298736,0.13473753386406614
2050-01-25 04:00:00,581,54891.1042651001,0.267966760902579
2050-01-25 05:00:00,582,78546.04922559256,0.3834451988982623
2050-01-25 06:00:00,583,101306.39537570198,0.4945563947199152
2050-01-25 07:00:00,584,115327.94898934662,0.5630066537368232
2050-01-25 08:00:00,585,123085.63482989365,0.6008780351678012
2050-01-25 09:00:00,586,120647.39819477059,0.5889750796310997
2050-01-25 10:00:00,587,119600.66894325094,0.5838651688208333
2050-01-25 11:00:00,588,123793.43903865755,0.6043333856060008
2050-01-25 12:00:00,589,130159.05172132896,0.6354089603202149
2050-01-25 13:00:00,590,135418.9056838839,0.6610864548439056
2050-01-25 14:00:00,591,144732.44961562162,0.7065532063936355
2050-01-25 15:00:00,592,153575.9028077256,0.7497250743822409
2050-01-25 16:00:00,593,152615.77237543743,0.745037920690785
2050-01-25 17:00:00,594,141071.11738285702,0.6886793568484747
2050-01-25 18:00:00,595,117688.38500539542,0.5745298031069579
2050-01-25 19:00:00,596,90261.63923122677,0.4406382313195185
2050-01-25 20:00:00,597,66834.81843477544,0.3262734472417175
2050-01-25 21:00:00,598,46534.14969650634,0.22716987629372104
2050-01-25 22:00:00,599,29910.920168567853,0.14601878574854596
2050-01-25 23:00:00,600,17259.113251205585,0.08425534038521507
2050-01-26 00:00:00,601,10529.582151203314,0.051403192930653575
2050-01-26 01:00:00,602,8383.31781866588,0.04092558441956995
2050-01-26 02:00:00,603,13572.416914019776,0.0662576686470788
2050-01-26 03:00:00,604,28255.873221004374,0.13793919661260173
2050-01-26 04:00:00,605,55818.87936335455,0.2724959626968192
2050-01-26 05:00:00,606,83011.83148580852,0.40524620332671796
2050-01-26 06:00:00,607,105112.73713234164,0.5131381500893998
2050-01-26 07:00:00,608,119126.99018803486,0.5815527693265435
2050-01-26 08:00:00,609,128099.49220112374,0.6253546263638409
2050-01-26 09:00:00,610,126580.1675501371,0.6179376047729093
2050-01-26 10:00:00,611,124820.81330523481,0.6093488094735875
2050-01-26 11:00:00,612,128745.41587844754,0.6285078891360164
2050-01-26 12:00:00,613,135288.76361412177,0.6604511287859183
2050-01-26 13:00:00,614,142495.0856541953,0.6956308687629685
2050-01-26 14:00:00,615,152130.91543321204,0.742670951651835
2050-01-26 15:00:00,616,160654.91473776088,0.7842833133296827
2050-01-26 16:00:00,617,157606.06945361846,0.7693994955194406
2050-01-26 17:00:00,618,146656.93782966392,0.7159481508025055
2050-01-26 18:00:00,619,122292.89782090079,0.5970080607631785
2050-01-26 19:00:00,620,93644.0748910602,0.4571505667855627
2050-01-26 20:00:00,621,69678.3374501284,0.3401549056366706
2050-01-26 21:00:00,622,48404.53088420275,0.2363006816442483
2050-01-26 22:00:00,623,30567.378055583682,0.1492234743043276
2050-01-26 23:00:00,624,18157.3676093985,0.08864042817046154
2050-01-27 00:00:00,625,11743.093229003425,0.05732729734048677
2050-01-27 01:00:00,626,8361.687436678747,0.04081998946979112
2050-01-27 02:00:00,627,14561.534670422594,0.07108633232369951
2050-01-27 03:00:00,628,31838.423060661964,0.1554284471780248
2050-01-27 04:00:00,629,58078.914868720014,0.28352897800969673
2050-01-27 05:00:00,630,85734.05445239076,0.4185355200671255
2050-01-27 06:00:00,631,110632.23377817361,0.5400831652753417
2050-01-27 07:00:00,632,126695.22530463789,0.6184992923943022
2050-01-27 08:00:00,633,135608.78542161884,0.6620134075617108
2050-01-27 09:00:00,634,133540.78382886815,0.6519178611927683
2050-01-27 10:00:00,635,131614.93079295414,0.6425162540121966
2050-01-27 11:00:00,636,135463.5495787773,0.6613043968960619
2050-01-27 12:00:00,637,141925.96623310068,0.6928525481246927
2050-01-27 13:00:00,638,149366.0548382074,0.7291734870278335
2050-01-27 14:00:00,639,159281.46942393703,0.7775784438075696
2050-01-27 15:00:00,640,168892.45200802365,0.8244972279462638
2050-01-27 16:00:00,641,167731.2984902256,0.8188287220701157
2050-01-27 17:00:00,642,156082.2280205191,0.7619604239535877
2050-01-27 18:00:00,643,132756.88732906914,0.6480910442841574
2050-01-27 19:00:00,644,100011.74811254926,0.48823620061445616
2050-01-27 20:00:00,645,73137.40629934431,0.35704134812445154
2050-01-27 21:00:00,646,52137.12746919106,0.2545224286837095
2050-01-27 22:00:00,647,34091.160591370186,0.16642583532223387
2050-01-27 23:00:00,648,20227.711397942363,0.09874740864386414
2050-01-28 00:00:00,649,16111.143217191104,0.07865119348843515
2050-01-28 01:00:00,650,12494.519058532765,0.06099559930477307
2050-01-28 02:00:00,651,12413.014303282387,0.06059771032886323
2050-01-28 03:00:00,652,18232.443151008712,0.08900693108523504
2050-01-28 04:00:00,653,30490.110866041694,0.14884627222791072
2050-01-28 05:00:00,654,48084.73561204302,0.2347395087660578
2050-01-28 06:00:00,655,72193.65716401517,0.352434164459911
2050-01-28 07:00:00,656,98982.28543806235,0.48321058158117763
2050-01-28 08:00:00,657,124999.26656972656,0.610219980565854
2050-01-28 09:00:00,658,141831.09602852518,0.6923894118521287
2050-01-28 10:00:00,659,148870.21105566117,0.7267528825582843
2050-01-28 11:00:00,660,154533.32712817218,0.7543990174080609
2050-01-28 12:00:00,661,163464.3392714201,0.7979983296763943
2050-01-28 13:00:00,662,173007.35300376816,0.8445853042571192
2050-01-28 14:00:00,663,179183.46744951952,0.8747357886598145
2050-01-28 15:00:00,664,184223.21673373398,0.8993387786985971
2050-01-28 16:00:00,665,179436.10554392787,0.8759691144007624
2050-01-28 17:00:00,666,161021.73799261442,0.7860740668724082
2050-01-28 18:00:00,667,136675.31836804986,0.6672199958218182
2050-01-28 19:00:00,668,105192.11894655442,0.5135256753161913
2050-01-28 20:00:00,669,81435.70337828637,0.3975518792755847
2050-01-28 21:00:00,670,60239.384332283655,0.29407593296589657
2050-01-28 22:00:00,671,43197.38821678217,0.21088051251433942
2050-01-28 23:00:00,672,29436.469569193352,0.1437026182743291
2050-01-29 00:00:00,673,19455.1494600367,0.09497592466902226
2050-01-29 01:00:00,674,19719.148321735785,0.09626471127294653
2050-01-29 02:00:00,675,11555.620533180207,0.05641209529217668
2050-01-29 03:00:00,676,12820.214342296425,0.06258557479169152
2050-01-29 04:00:00,677,23439.585112097146,0.11442709676697979
2050-01-29 05:00:00,678,37749.75085048199,0.18428629913198175
2050-01-29 06:00:00,679,57189.06891474726,0.2791849382753758
2050-01-29 07:00:00,680,80563.11492601123,0.3932920870143853
2050-01-29 08:00:00,681,107605.8610365079,0.5253090536642616
2050-01-29 09:00:00,682,135885.19340715994,0.6633627728835549
2050-01-29 10:00:00,683,159138.11873664652,0.776878636072588
2050-01-29 11:00:00,684,167721.54129038198,0.8187810894842427
2050-01-29 12:00:00,685,168102.70053035772,0.8206418282741038
2050-01-29 13:00:00,686,164563.8411032734,0.803365865061823
2050-01-29 14:00:00,687,159355.3116820929,0.777938926093373
2050-01-29 15:00:00,688,152713.01625519028,0.7455126447435044
2050-01-29 16:00:00,689,144750.66047814902,0.7066421079726809
2050-01-29 17:00:00,690,132206.83402925628,0.6454058004172684
2050-01-29 18:00:00,691,114328.06327544722,0.558125423169255
2050-01-29 19:00:00,692,93541.94327736265,0.456651981849539
2050-01-29 20:00:00,693,73550.48038596282,0.3590578884452541
2050-01-29 21:00:00,694,55686.16985075399,0.2718481029259393
2050-01-29 22:00:00,695,41708.86041318473,0.20361383461846325
2050-01-29 23:00:00,696,30926.257402270418,0.1509754473676136
2050-01-30 00:00:00,697,9510.820418884972,0.0464298136336658
2050-01-30 01:00:00,698,7938.1074419105,0.0387521615275257
2050-01-30 02:00:00,699,13384.106255077582,0.06533837584006101
2050-01-30 03:00:00,700,30043.716029262316,0.14666706705255664
2050-01-30 04:00:00,701,54478.45670745891,0.2659523028060277
2050-01-30 05:00:00,702,77611.64015889417,0.3788836114732418
2050-01-30 06:00:00,703,99989.81866637057,0.4881291456965498
2050-01-30 07:00:00,704,114709.45487051846,0.5599872962675465
2050-01-30 08:00:00,705,122343.1530292239,0.5972533960606392
2050-01-30 09:00:00,706,133087.67181929323,0.6497058642005881
2050-01-30 10:00:00,707,150960.86729780646,0.7369590241338441
2050-01-30 11:00:00,708,163635.36290857894,0.7988332308994759
2050-01-30 12:00:00,709,168900.8573395908,0.8245382609971472
2050-01-30 13:00:00,710,167776.69511610348,0.8190503387957266
2050-01-30 14:00:00,711,164889.31719501573,0.804954770499655
2050-01-30 15:00:00,712,158342.49064708783,0.7729945480241407
2050-01-30 16:00:00,713,149393.0791383798,0.7293054139453151
2050-01-30 17:00:00,714,133598.03642085628,0.6521973562372521
2050-01-30 18:00:00,715,112848.39661889603,0.5509020035190209
2050-01-30 19:00:00,716,87755.43776500665,0.42840348585276916
2050-01-30 20:00:00,717,64855.80778238531,0.3166123358209757
2050-01-30 21:00:00,718,45940.18724020645,0.22427027721216972
2050-01-30 22:00:00,719,29577.607542524172,0.1443916240077747
2050-01-30 23:00:00,720,18546.67619834473,0.0905409503583127
2050-01-31 00:00:00,721,14670.125422562307,0.07161644940741348
2050-01-31 01:00:00,722,11686.566270385842,0.05705134468463797
2050-01-31 02:00:00,723,10642.006123208734,0.05195202298298045
2050-01-31 03:00:00,724,16629.394601487642,0.08118118713025586
2050-01-31 04:00:00,725,30005.637200852485,0.14648117426638374
2050-01-31 05:00:00,726,45257.837646660344,0.22093919082151034
2050-01-31 06:00:00,727,65076.025786895814,0.317687393540276
2050-01-31 07:00:00,728,88445.1281005068,0.4317704081929942
2050-01-31 08:00:00,729,111703.98683385413,0.5453152370046902
2050-01-31 09:00:00,730,125486.70569227837,0.6125995552629958
2050-01-31 10:00:00,731,131293.57495768816,0.640947462794999
2050-01-31 11:00:00,732,137800.05627570974,0.6727107283916053
2050-01-31 12:00:00,733,145283.08299685243,0.7092412820953129
2050-01-31 13:00:00,734,152519.71155129798,0.74456897206534
2050-01-31 14:00:00,735,160163.14759323286,0.7818826101446811
2050-01-31 15:00:00,736,163495.4485605427,0.7981501986459071
2050-01-31 16:00:00,737,158702.51935858795,0.7747521320433414
2050-01-31 17:00:00,738,142408.02286291987,0.6952058466307748
2050-01-31 18:00:00,739,119636.29557840573,0.584039090518203
2050-01-31 19:00:00,740,93433.3462913512,0.45612183433338177
2050-01-31 20:00:00,741,69631.77518795509,0.3399275985212113
2050-01-31 21:00:00,742,52819.076031026176,0.25785155732237885
2050-01-31 22:00:00,743,38682.90785493692,0.18884177425395568
2050-01-31 23:00:00,744,24021.030451809285,0.11726558993286833
2050-02-01 00:00:00,745,12466.908973206646,0.0608608127080715
2050-02-01 01:00:00,746,7947.989456768022,0.03880040343389676
2050-02-01 02:00:00,747,12077.84513355253,0.05896148533449705
2050-02-01 03:00:00,748,28169.35388941699,0.137516827535657
2050-02-01 04:00:00,749,56023.36857843314,0.2734942357929383
2050-02-01 05:00:00,750,80166.25503562724,0.3913547009701048
2050-02-01 06:00:00,751,103396.08943438111,0.5047578391193065
2050-02-01 07:00:00,752,117706.8721661071,0.5746200535152985
2050-02-01 08:00:00,753,125624.57938952386,0.613272625491026
2050-02-01 09:00:00,754,123136.04807665081,0.60112414197547
2050-02-01 10:00:00,755,122067.72746797011,0.5959088267263714
2050-02-01 11:00:00,756,126346.98378359301,0.6167992509457735
2050-02-01 12:00:00,757,132843.90291061558,0.6485158359484394
2050-02-01 13:00:00,758,138212.25433015227,0.674722992108616
2050-02-01 14:00:00,759,147717.91305765687,0.7211276074567218
2050-02-01 15:00:00,760,156743.78428061842,0.7651900016883966
2050-02-01 16:00:00,761,155763.84878619364,0.7604061638725953
2050-02-01 17:00:00,762,143981.05682308724,0.7028850657089709
2050-02-01 18:00:00,763,120115.99797970805,0.5863808961786131
2050-02-01 19:00:00,764,92123.5079541355,0.44972748061743956
2050-02-01 20:00:00,765,68213.45126951853,0.33300364114373604
2050-02-01 21:00:00,766,47494.03122502346,0.23185581488961274
2050-02-01 22:00:00,767,30527.906616758042,0.14903078308865833
2050-02-01 23:00:00,768,17615.12500908862,0.08599331448649045
2050-02-02 00:00:00,769,10746.780715919702,0.05246351038352626
2050-02-02 01:00:00,770,8556.244386643546,0.041769775348416624
2050-02-02 02:00:00,771,13852.381442807004,0.06762439626079943
2050-02-02 03:00:00,772,28838.720250389764,0.14078453253100107
2050-02-02 04:00:00,773,56970.28129564383,0.27811686339508945
2050-02-02 05:00:00,774,84724.15506861283,0.4136054048812202
2050-02-02 06:00:00,775,107280.9463545448,0.523722888910227
2050-02-02 07:00:00,776,121584.2779314621,0.5935487283444506
2050-02-02 08:00:00,777,130741.85988860519,0.6382541065220172
2050-02-02 09:00:00,778,129191.19544294938,0.6306840906822488
2050-02-02 10:00:00,779,127395.55018219676,0.6219181303195261
2050-02-02 11:00:00,780,131401.10733898607,0.6414724131361212
2050-02-02 12:00:00,781,138079.42776637315,0.67407456091864
2050-02-02 13:00:00,782,145434.3979601766,0.709979969741352
2050-02-02 14:00:00,783,155268.99045003258,0.7579903701438648
2050-02-02 15:00:00,784,163968.81827984427,0.8004610894922269
2050-02-02 16:00:00,785,160857.08300884682,0.7852702560681369
2050-02-02 17:00:00,786,149682.09857001496,0.73071634567952
2050-02-02 18:00:00,787,124815.49020189597,0.6093228232089868
2050-02-02 19:00:00,788,95575.71471933402,0.4665804238624598
2050-02-02 20:00:00,789,71115.62485488213,0.34717143874334394
2050-02-02 21:00:00,790,49402.9935988628,0.24117496543051128
2050-02-02 22:00:00,791,31197.905572025473,0.15230157627554775
2050-02-02 23:00:00,792,18531.908082759353,0.09046885554165651
2050-02-03 00:00:00,793,11985.323467790982,0.058509814131678925
2050-02-03 01:00:00,794,8534.16785242609,0.041662002377815845
2050-02-03 02:00:00,795,14861.902205967992,0.07255266310093558
2050-02-03 03:00:00,796,32495.16900286679,0.158634541958312
2050-02-03 04:00:00,797,59276.93562927665,0.2893774619671331
2050-02-03 05:00:00,798,87502.53059554052,0.4271688465443017
2050-02-03 06:00:00,799,112914.2962565022,0.5512237116112592
2050-02-03 07:00:00,800,129308.62655221259,0.6312573645195994
2050-02-03 08:00:00,801,138406.05082042943,0.6756690655838926
2050-02-03 09:00:00,802,136295.39156358445,0.6653652735214437
2050-02-03 10:00:00,803,134329.81309751613,0.6557697351932584
2050-02-03 11:00:00,804,138257.8191136839,0.6749454297443251
2050-02-03 12:00:00,805,144853.53903983888,0.7071443393508147
2050-02-03 13:00:00,806,152447.09781806334,0.7442144871783544
2050-02-03 14:00:00,807,162567.04225413562,0.7936179154269739
2050-02-03 15:00:00,808,172376.27503773672,0.8415045151074291
2050-02-03 16:00:00,809,171191.1698796568,0.8357190823894809
2050-02-03 17:00:00,810,159301.8086102928,0.7776777354133793
2050-02-03 18:00:00,811,135495.32528839662,0.6614595191894839
2050-02-03 19:00:00,812,102074.73687019027,0.49830727538266734
2050-02-03 20:00:00,813,74646.0455599679,0.3644062058997176
2050-02-03 21:00:00,814,53212.58419708244,0.25977258095742084
2050-02-03 22:00:00,815,34794.374802998,0.16985877836525395
2050-02-03 23:00:00,816,20644.95781127658,0.10078431738119623
2050-02-04 00:00:00,817,16443.475253724417,0.08027356819862312
2050-02-04 01:00:00,818,12752.249292136314,0.062253783792224134
2050-02-04 02:00:00,819,12669.0632913713,0.0618476873313152
2050-02-04 03:00:00,820,18608.532216621126,0.0908429183562565
2050-02-04 04:00:00,821,31119.044552803993,0.15191659345974945
2050-02-04 05:00:00,822,49076.60178551279,0.23958158963347653
2050-02-04 06:00:00,823,73682.82926948743,0.35970398770126255
2050-02-04 07:00:00,824,101024.03898564675,0.49317799054539124
2050-02-04 08:00:00,825,127577.68446969418,0.6228072713875265
2050-02-04 09:00:00,826,144756.7118956726,0.7066716497130844
2050-02-04 10:00:00,827,151941.02603358592,0.7417439517667207
2050-02-04 11:00:00,828,157720.95783725576,0.7699603563081021
2050-02-04 12:00:00,829,166836.1941052502,0.8144590117878605
2050-02-04 13:00:00,830,176576.05599996823,0.8620069574615543
2050-02-04 14:00:00,831,182879.56803781504,0.8927793699627578
2050-02-04 15:00:00,832,188023.2745535163,0.9178898572174714
2050-02-04 16:00:00,833,183137.41742743572,0.8940381361446815
2050-02-04 17:00:00,834,164343.20813122691,0.8022887815587827
2050-02-04 18:00:00,835,139494.58360426486,0.6809830523969819
2050-02-04 19:00:00,836,107361.9656451674,0.5241184079505056
2050-02-04 20:00:00,837,83115.51546222897,0.4057523665692117
2050-02-04 21:00:00,838,61481.970078414044,0.30014197375688095
2050-02-04 22:00:00,839,44088.440817043775,0.21523044284062243
2050-02-04 23:00:00,840,30043.6693054018,0.14666683895655228
2050-02-05 00:00:00,841,19338.52730735488,0.09440659998659821
2050-02-05 01:00:00,842,19600.943669033477,0.09568766116013998
2050-02-05 02:00:00,843,11486.351411308658,0.05607393809044069
2050-02-05 03:00:00,844,12743.364719696638,0.06221041118876609
2050-02-05 04:00:00,845,23299.078635636113,0.1137411738676834
2050-02-05 05:00:00,846,37523.463359225396,0.18318161146215553
2050-02-05 06:00:00,847,56846.2541828168,0.27751138926347346
2050-02-05 07:00:00,848,80080.1865779809,0.3909345329643751
2050-02-05 08:00:00,849,106960.82738238211,0.5221601357970884
2050-02-05 09:00:00,850,135070.64183660908,0.6593863044034446
2050-02-05 10:00:00,851,158184.17961399606,0.772221707045248
2050-02-05 11:00:00,852,166716.14959814018,0.8138729798949865
2050-02-05 12:00:00,853,167095.0240212483,0.8157225646921659
2050-02-05 13:00:00,854,163577.377963688,0.798550160663022
2050-02-05 14:00:00,855,158400.0706036784,0.7732756411933721
2050-02-05 15:00:00,856,151797.59181850243,0.741043736266721
2050-02-05 16:00:00,857,143882.96566446504,0.7024062054200209
2050-02-05 17:00:00,858,131414.33205943275,0.6415369734241567
2050-02-05 18:00:00,859,113642.73399485719,0.5547797905766862
2050-02-05 19:00:00,860,92981.21452907845,0.45391462270119687
2050-02-05 20:00:00,861,73109.58865192092,0.3569055482534929
2050-02-05 21:00:00,862,55352.364120437494,0.27021853395440554
2050-02-05 22:00:00,863,41458.840407288626,0.20239328983187532
2050-02-05 23:00:00,864,30740.872734314347,0.15007043862970826
2050-02-06 00:00:00,865,9453.808658747523,0.04615149427933828
2050-02-06 01:00:00,866,7890.5231799223,0.03851986522513513
2050-02-06 02:00:00,867,13303.87644423442,0.06494671087308133
2050-02-06 03:00:00,868,29863.621670984227,0.14578788448753596
2050-02-06 04:00:00,869,54151.89050024416,0.2643580756550317
2050-02-06 05:00:00,870,77146.40416709706,0.37661242776421894
2050-02-06 06:00:00,871,99390.43869421697,0.4852030994484695
2050-02-06 07:00:00,872,114021.83936694877,0.5566305028179543
2050-02-06 08:00:00,873,121609.7780215614,0.5936732143907439
2050-02-06 09:00:00,874,132289.88975632473,0.6458112609095451
2050-02-06 10:00:00,875,150055.94595992996,0.7325413895639277
2050-02-06 11:00:00,876,162654.46546238635,0.7940446970386084
2050-02-06 12:00:00,877,167888.3963650741,0.819595640667062
2050-02-06 13:00:00,878,166770.97282691576,0.8141406153021057
2050-02-06 14:00:00,879,163900.90303070477,0.8001295416108086
2050-02-06 15:00:00,880,157393.32083945753,0.7683609017839624
2050-02-06 16:00:00,881,148497.555774086,0.7249336582946466
2050-02-06 17:00:00,882,132797.19501760352,0.648287817894028
2050-02-06 18:00:00,883,112171.93705247251,0.5475996709949633
2050-02-06 19:00:00,884,87229.39568895912,0.4258354597016438
2050-02-06 20:00:00,885,64467.03547548307,0.3147144316486333
2050-02-06 21:00:00,886,45664.80293375784,0.2229259092751349
2050-02-06 22:00:00,887,29400.307241294217,0.1435260814382868
2050-02-06 23:00:00,888,18435.49982543549,0.08999821082089138
2050-02-07 00:00:00,889,14582.186681258177,0.07118715107245357
2050-02-07 01:00:00,890,11616.512203524244,0.05670935554748573
2050-02-07 02:00:00,891,10578.21356949191,0.051640601228616696
2050-02-07 03:00:00,892,16529.7111859162,0.08069455377966087
2050-02-07 04:00:00,893,29825.77110891708,0.14560310604936702
2050-02-07 05:00:00,894,44986.543613904774,0.2196147907355035
2050-02-07 06:00:00,895,64685.93341911981,0.3157830451099563
2050-02-07 07:00:00,896,87914.9517451792,0.4291821993648727
2050-02-07 08:00:00,897,111034.38735047163,0.5420463939550499
2050-02-07 09:00:00,898,124734.48693392721,0.6089273823879153
2050-02-07 10:00:00,899,130506.54744976124,0.6371053609669529
2050-02-07 11:00:00,900,136974.0262373126,0.6686782244593015
2050-02-07 12:00:00,901,144412.19662441013,0.7049897990278474
2050-02-07 13:00:00,902,151605.44587692493,0.7401057204210854
2050-02-07 14:00:00,903,159203.06403184822,0.7771956852670624
2050-02-07 15:00:00,904,162515.38981800573,0.7933657591588906
2050-02-07 16:00:00,905,157751.19138119635,0.7701079500748669
2050-02-07 17:00:00,906,141554.37078658672,0.691038497751656
2050-02-07 18:00:00,907,118919.14657954231,0.5805381207912714
2050-02-07 19:00:00,908,92873.26849902865,0.45338765301435946
2050-02-07 20:00:00,909,69214.37377591856,0.33788993311299853
2050-02-07 21:00:00,910,52502.45682359782,0.2563058893204315
2050-02-07 22:00:00,911,38451.026640022035,0.1877097792083686
2050-02-07 23:00:00,912,23877.03855588704,0.11656265195296986
2050-02-08 00:00:00,913,12392.177210781998,0.06049598805056854
2050-02-08 01:00:00,914,7900.345953938395,0.038567817930248494
2050-02-08 02:00:00,915,12005.44558699906,0.058608046061585865
2050-02-08 03:00:00,916,28000.495233567937,0.13669249529341052
2050-02-08 04:00:00,917,55687.54152952452,0.2718547991715707
2050-02-08 05:00:00,918,79685.70564593386,0.38900876049151767
2050-02-08 06:00:00,919,102776.29088319157,0.5017321136871444
2050-02-08 07:00:00,920,117001.28890534835,0.5711755452755032
2050-02-08 08:00:00,921,124871.53414816788,0.6095964179007268
2050-02-08 09:00:00,922,122397.92013189204,0.5975207574719732
2050-02-08 10:00:00,923,121336.0034682254,0.592336704927923
2050-02-08 11:00:00,924,125589.60816472313,0.6131019033683777
2050-02-08 12:00:00,925,132047.58209703787,0.6446283661678507
2050-02-08 13:00:00,926,137383.75341368635,0.6706784258722004
2050-02-08 14:00:00,927,146832.4313253838,0.7168048729296541
2050-02-08 15:00:00,928,155804.1977678616,0.76060313906681
2050-02-08 16:00:00,929,154830.13641155057,0.7558479775508302
2050-02-08 17:00:00,930,143117.9753400233,0.6986716844606238
2050-02-08 18:00:00,931,119395.97343734164,0.5828658886565116
2050-02-08 19:00:00,932,91571.28188927817,0.447031629771169
2050-02-08 20:00:00,933,67804.55187574316,0.33100748079039666
2050-02-08 21:00:00,934,47209.332522362594,0.23046597604037497
2050-02-08 22:00:00,935,30344.909823919777,0.14813743145201422
2050-02-08 23:00:00,936,17509.532720328745,0.08547783526678629
2050-02-09 00:00:00,937,10682.360114267518,0.052149022631981665
2050-02-09 01:00:00,938,8504.95476077149,0.04151939024327349
2050-02-09 02:00:00,939,13769.344597911073,0.06721902794729512
2050-02-09 03:00:00,940,28665.849131596366,0.1399406122933438
2050-02-09 04:00:00,941,56628.77807838385,0.27644971692040743
2050-02-09 05:00:00,942,84216.28375314352,0.41112608453990634
2050-02-09 06:00:00,943,106637.86038606585,0.5205834792324231
2050-02-09 07:00:00,944,120855.45192116984,0.58999075391755
2050-02-09 08:00:00,945,129958.13958844486,0.634428149782774
2050-02-09 09:00:00,946,128416.7704508202,0.6269035116707459
2050-02-09 10:00:00,947,126631.88902338693,0.6181900980656098
2050-02-09 11:00:00,948,130613.43523655276,0.6376271645340343
2050-02-09 12:00:00,949,137251.72306327356,0.6700338816274704
2050-02-09 13:00:00,950,144562.6045488702,0.7057240587020014
2050-02-09 14:00:00,951,154338.24447171882,0.7534466651415515
2050-02-09 15:00:00,952,162985.92194959274,0.7956627975021714
2050-02-09 16:00:00,953,159892.83971571727,0.7805630242599723
2050-02-09 17:00:00,954,148784.84271148202,0.726336132358419
2050-02-09 18:00:00,955,124067.2949852192,0.6056702924133338
2050-02-09 19:00:00,956,95002.79469421686,0.4637835494792188
2050-02-09 20:00:00,957,70689.32865150485,0.34509035084515954
2050-02-09 21:00:00,958,49106.85181100315,0.2397292638596813
2050-02-09 22:00:00,959,31010.892527394204,0.15138861814713506
2050-02-09 23:00:00,960,18420.820217462224,0.0899265480796771
2050-02-10 00:00:00,961,11913.478524126363,0.05815908231276602
2050-02-10 01:00:00,962,8483.010548215232,0.04141226323903508
2050-02-10 02:00:00,963,14772.813871815617,0.07211775269684308
2050-02-10 03:00:00,964,32300.379634350313,0.1576836214614765
2050-02-10 04:00:00,965,58921.60536673997,0.28764281478199427
2050-02-10 05:00:00,966,86978.0045564511,0.424608221364946
2050-02-10 06:00:00,967,112237.44166081215,0.5479194506378758
2050-02-10 07:00:00,968,128533.49762730062,0.6274733490571408
2050-02-10 08:00:00,969,137576.38820068134,0.6716188281577675
2050-02-10 09:00:00,970,135478.38111861108,0.6613768013364838
2050-02-10 10:00:00,971,133524.58511803477,0.6518387825126992
2050-02-10 11:00:00,972,137429.04506409809,0.6708995301297892
2050-02-10 12:00:00,973,143985.2275394729,0.7029054262642097
2050-02-10 13:00:00,974,151533.26740766485,0.7397533604007601
2050-02-10 14:00:00,975,161592.54875309533,0.7888606442718296
2050-02-10 15:00:00,976,171342.98097427477,0.8364601920435586
2050-02-10 16:00:00,977,170164.97981600877,0.8307094395501218
2050-02-10 17:00:00,978,158346.88825966435,0.7730160162385921
2050-02-10 18:00:00,979,134683.11075761495,0.6574944596432151
2050-02-10 19:00:00,980,101462.85905350753,0.4953202173010382
2050-02-10 20:00:00,981,74198.58654882504,0.36222180565020656
2050-02-10 21:00:00,982,52893.60615605922,0.2582153976287847
2050-02-10 22:00:00,983,34585.803049041366,0.1688405751778376
2050-02-10 23:00:00,984,20521.20346096511,0.10018017481848861
2050-02-11 00:00:00,985,16344.906319268124,0.0797923755091063
2050-02-11 01:00:00,986,12675.807088147167,0.06188060912078198
2050-02-11 02:00:00,987,12593.119743010075,0.061476946991176985
2050-02-11 03:00:00,988,18496.985048018894,0.09029836867268967
2050-02-11 04:00:00,989,30932.504235230783,0.15100594308484683
2050-02-11 05:00:00,990,48782.41651155633,0.238145439349696
2050-02-11 06:00:00,991,73241.14417348773,0.35754777448422886
2050-02-11 07:00:00,992,100418.45948563433,0.49022167951357787
2050-02-11 08:00:00,993,126812.93153112246,0.6190739092957368
2050-02-11 09:00:00,994,143888.98082090126,0.7024355701414655
2050-02-11 10:00:00,995,151030.22922595983,0.7372976343962183
2050-02-11 11:00:00,996,156775.5137454916,0.7653448982247492
2050-02-11 12:00:00,997,165836.1095551702,0.8095768105441147
2050-02-11 13:00:00,998,175517.5867311791,0.8568397343701311
2050-02-11 14:00:00,999,181783.3129276071,0.8874276843856815
2050-02-11 15:00:00,1000,186896.18596636783,0.9123876491276177
2050-02-11 16:00:00,1001,182039.6166561851,0.8886789049773206
2050-02-11 17:00:00,1002,163358.0675736328,0.7974795337255214
2050-02-11 18:00:00,1003,138658.39588952484,0.6769009608372412
2050-02-11 19:00:00,1004,106718.3939980928,0.5209766272925245
2050-02-11 20:00:00,1005,82617.28697805961,0.403320120490731
2050-02-11 21:00:00,1006,61113.421946199414,0.2983427997277106
2050-02-11 22:00:00,1007,43824.15661943626,0.21394026328714513
2050-02-11 23:00:00,1008,29863.57522910998,0.1457876577681289
2050-02-12 00:00:00,1009,19533.919011194484,0.09536046095708016
2050-02-12 01:00:00,1010,19798.986760590276,0.09665446564465734
2050-02-12 02:00:00,1011,11602.406667597148,0.056640495304577806
2050-02-12 03:00:00,1012,12872.12052886393,0.06283896981573994
2050-02-12 04:00:00,1013,23534.486769328814,0.11489038658475861
2050-02-12 05:00:00,1014,37902.59116405283,0.18503243321529533
2050-02-12 06:00:00,1015,57420.614692284835,0.2803152957866359
2050-02-12 07:00:00,1016,80889.29700069677,0.3948844389116223
2050-02-12 08:00:00,1017,108041.53315886544,0.5274359128157896
2050-02-12 09:00:00,1018,136435.36223447882,0.6660485807312929
2050-02-12 10:00:00,1019,159782.43348532307,0.7800240443954151
2050-02-12 11:00:00,1020,168400.60838854342,0.8220961514267208
2050-02-12 12:00:00,1021,168783.3108641475,0.8239644239665069
2050-02-12 13:00:00,1022,165230.12338049145,0.8066185142125968
2050-02-12 14:00:00,1023,160000.50578589467,0.7810886272419274
2050-02-12 15:00:00,1024,153331.31718623074,0.748531059110863
2050-02-12 16:00:00,1025,145336.72360507847,0.7095031441990476
2050-02-12 17:00:00,1026,132742.11000569802,0.6480189045170387
2050-02-12 18:00:00,1027,114790.95210368361,0.5603851485222273
2050-02-12 19:00:00,1028,93920.67374860831,0.4585008639041734
2050-02-12 20:00:00,1029,73848.26987422994,0.36051163374096523
2050-02-12 21:00:00,1030,55911.63073262111,0.27294875526356377
2050-02-12 22:00:00,1031,41877.73028805533,0.20443822162959996
2050-02-12 23:00:00,1032,31051.470918255483,0.15158671326850884
2050-02-13 00:00:00,1033,9549.327606353523,0.04661779757816036
2050-02-13 01:00:00,1034,7970.247075647363,0.038909060421515304
2050-02-13 02:00:00,1035,13438.295523884433,0.06560291638870294
2050-02-13 03:00:00,1036,30165.356327604015,0.1472608892606949
2050-02-13 04:00:00,1037,54699.0278241722,0.2670290843444145
2050-02-13 05:00:00,1038,77925.87237623706,0.3804176266944686
2050-02-13 06:00:00,1039,100394.655133419,0.4901054717009655
2050-02-13 07:00:00,1040,115173.88786353411,0.5622545599063621
2050-02-13 08:00:00,1041,122838.4931740554,0.5996715418773906
2050-02-13 09:00:00,1042,133626.51411993345,0.6523363783407756
2050-02-13 10:00:00,1043,151572.07416822363,0.7399428067977178
2050-02-13 11:00:00,1044,164297.88599731002,0.8020675284871693
2050-02-13 12:00:00,1045,169584.69924426175,0.8278766325350767
2050-02-13 13:00:00,1046,168455.9855352647,0.8223664909440908
2050-02-13 14:00:00,1047,165556.91726316724,0.8082138528270376
2050-02-13 15:00:00,1048,158983.58406991593,0.7761242305155243
2050-02-13 16:00:00,1049,149997.93839176497,0.7322582088854349
2050-02-13 17:00:00,1050,134138.9450690111,0.6548379578489488
2050-02-13 18:00:00,1051,113305.29459431369,0.5531324827956686
2050-02-13 19:00:00,1052,88110.73995382711,0.4301379959879633
2050-02-13 20:00:00,1053,65118.394476305555,0.3178942285204939
2050-02-13 21:00:00,1054,46126.18881983967,0.22517829758239877
2050-02-13 22:00:00,1055,29697.360681783088,0.14497623350442732
2050-02-13 23:00:00,1056,18621.767560152577,0.0909075305039449
2050-02-14 00:00:00,1057,14729.521492331229,0.07190640845705207
2050-02-14 01:00:00,1058,11733.882572650138,0.057282332864333096
2050-02-14 02:00:00,1059,10685.093226904404,0.0521623651097892
2050-02-14 03:00:00,1060,16696.723305029933,0.0815098716201299
2050-02-14 04:00:00,1061,30127.12333195833,0.14707424386268475
2050-02-14 05:00:00,1062,45441.07653667911,0.22183372432538323
2050-02-14 06:00:00,1063,65339.50410848662,0.318973638977492
2050-02-14 07:00:00,1064,88803.22269807232,0.43351855027705416
2050-02-14 08:00:00,1065,112156.25136820483,0.5475230968020768
2050-02-14 09:00:00,1066,125994.77337430927,0.6150798342243295
2050-02-14 10:00:00,1067,131825.15336287644,0.6435425161339902
2050-02-14 11:00:00,1068,138357.97796022703,0.6754343840483646
2050-02-14 12:00:00,1069,145871.30178388426,0.7121128417983518
2050-02-14 13:00:00,1070,153137.22984752775,0.7475835657750894
2050-02-14 14:00:00,1071,160811.61245901103,0.7850482784613992
2050-02-14 15:00:00,1072,164157.40516701885,0.8013817307870497
2050-02-14 16:00:00,1073,159345.07044856992,0.7778889305574562
2050-02-14 17:00:00,1074,142984.60117886405,0.6980205800160615
2050-02-14 18:00:00,1075,120120.67625727408,0.5864037345401792
2050-02-14 19:00:00,1076,93811.63706111589,0.4579685698583881
2050-02-14 20:00:00,1077,69913.69870990358,0.34130388952519486
2050-02-14 21:00:00,1078,53032.928678276425,0.25889554071388304
2050-02-14 22:00:00,1079,38839.526314814095,0.18960635244841406
2050-02-14 23:00:00,1080,24118.28625351906,0.11774037218605979
2050-02-15 00:00:00,1081,12517.384707717276,0.06110722456773583
2050-02-15 01:00:00,1082,7980.169097090072,0.038957497631573385
2050-02-15 02:00:00,1083,12126.745642097041,0.059200207274173765
2050-02-15 03:00:00,1084,28283.405319945963,0.13807360249626907
2050-02-15 04:00:00,1085,56250.19469296918,0.27460155290768956
2050-02-15 05:00:00,1086,80490.83032838743,0.3929392088978357
2050-02-15 06:00:00,1087,103814.71713584039,0.5068014910131063
2050-02-15 07:00:00,1088,118183.4410252393,0.5769465618856154
2050-02-15 08:00:00,1089,126133.20528131937,0.6157556295143625
2050-02-15 09:00:00,1090,123634.59847743965,0.6035579595827978
2050-02-15 10:00:00,1091,122561.9524710608,0.5983215286570097
2050-02-15 11:00:00,1092,126858.53453889486,0.6192965335341046
2050-02-15 12:00:00,1093,133381.75824410783,0.6511415319237658
2050-02-15 13:00:00,1094,138771.84491794222,0.6774547949981596
2050-02-15 14:00:00,1095,148315.98993703086,0.7240472922814715
2050-02-15 15:00:00,1096,157378.40489228215,0.768288085284752
2050-02-15 16:00:00,1097,156394.50186025552,0.7634848787895597
2050-02-15 17:00:00,1098,144564.0040059152,0.7057308905552933
2050-02-15 18:00:00,1099,120602.32085729759,0.5887550216039481
2050-02-15 19:00:00,1100,92496.49549765702,0.451548326913622
2050-02-15 20:00:00,1101,68489.63231710285,0.3343518986024753
2050-02-15 21:00:00,1102,47686.323956335924,0.23279454733168667
2050-02-15 22:00:00,1103,30651.507296818407,0.14963417546570312
2050-02-15 23:00:00,1104,17686.4447143003,0.08634148220237027
2050-02-16 00:00:00,1105,10790.292040739465,0.05267592346813503
2050-02-16 01:00:00,1106,8590.886721070621,0.041938891897824966
2050-02-16 02:00:00,1107,13908.466652874498,0.06789819239366175
2050-02-16 03:00:00,1108,28955.48179028,0.14135453767229456
2050-02-16 04:00:00,1109,57200.94126138497,0.27924289656051904
2050-02-16 05:00:00,1110,85067.18427811866,0.415280000927281
2050-02-16 06:00:00,1111,107715.30298191929,0.5258433260934905
2050-02-16 07:00:00,1112,122076.54555061183,0.5959518747406992
2050-02-16 08:00:00,1113,131271.20452381382,0.6408382550684366
2050-02-16 09:00:00,1114,129714.261774631,0.6332375898787851
2050-02-16 10:00:00,1115,127911.34634627933,0.6244361380955705
2050-02-16 11:00:00,1116,131933.12111764037,0.6440695918762869
2050-02-16 12:00:00,1117,138638.4805659657,0.6768037384399526
2050-02-16 13:00:00,1118,146023.22939216485,0.7128545202474863
2050-02-16 14:00:00,1119,155897.63996406802,0.7610593041045569
2050-02-16 15:00:00,1120,164632.69144114034,0.8037019778486263
2050-02-16 16:00:00,1121,161508.35746575994,0.788449640214514
2050-02-16 17:00:00,1122,150288.12800448565,0.7336748531961922
2050-02-16 18:00:00,1123,125320.8402828645,0.6117898354167388
2050-02-16 19:00:00,1124,95962.67946262995,0.46846950389159736
2050-02-16 20:00:00,1125,71403.55616354533,0.3485770584913506
2050-02-16 21:00:00,1126,49603.0153086506,0.2421514291107312
2050-02-16 22:00:00,1127,31324.21892545944,0.15291821135023986
2050-02-16 23:00:00,1128,18606.939635574032,0.09083514371243437
2050-02-17 00:00:00,1129,12033.849368092662,0.058746707313148225
2050-02-17 01:00:00,1130,8568.720791540074,0.04183068251821385
2050-02-17 02:00:00,1131,14922.074733498925,0.07284641265313829
2050-02-17 03:00:00,1132,32626.73469090262,0.15927681781959935
2050-02-17 04:00:00,1133,59516.93471207118,0.2905490867266833
2050-02-17 05:00:00,1134,87856.80882637165,0.4288983579331712
2050-02-17 06:00:00,1135,113371.4610450089,0.5534554934129734
2050-02-17 07:00:00,1136,129832.16833401598,0.6338131847630667
2050-02-17 08:00:00,1137,138966.42604028096,0.6784046988812019
2050-02-17 09:00:00,1138,136847.22121052287,0.6680591891392813
2050-02-17 10:00:00,1139,134873.68454024737,0.6584248005414111
2050-02-17 11:00:00,1140,138817.59418388145,0.6776781332379626
2050-02-17 12:00:00,1141,145440.0187074992,0.7100074090409262
2050-02-17 13:00:00,1142,153064.32210655246,0.7472276456045001
2050-02-17 14:00:00,1143,163225.23994486438,0.7968310973364929
2050-02-17 15:00:00,1144,173074.18812433013,0.8449115791792821
2050-02-17 16:00:00,1145,171884.2847342516,0.8391027225075995
2050-02-17 17:00:00,1146,159946.78609946423,0.7808263790951249
2050-02-17 18:00:00,1147,136043.9156357785,0.6641376212320368
2050-02-17 19:00:00,1148,102488.01471467678,0.5003248104062843
2050-02-17 20:00:00,1149,74948.27073825436,0.3658816052959021
2050-02-17 21:00:00,1150,53428.0300848217,0.2608243422120031
2050-02-17 22:00:00,1151,34935.24945961213,0.1705464986421833
2050-02-17 23:00:00,1152,20728.54463229014,0.10119237056178032
2050-02-18 00:00:00,1153,16510.05121507523,0.08059857796033228
2050-02-18 01:00:00,1154,12803.880310571825,0.06250583550365349
2050-02-18 02:00:00,1155,12720.35751229492,0.06209809486852817
2050-02-18 03:00:00,1156,18683.87401496631,0.09121072108009368
2050-02-18 04:00:00,1157,31245.03861711513,0.15253166983247735
2050-02-18 05:00:00,1158,49275.30199678568,0.24055160203745926
2050-02-18 06:00:00,1159,73981.15460144427,0.36116034887252957
2050-02-18 07:00:00,1160,101433.06279120535,0.4951747582507418
2050-02-18 08:00:00,1161,128094.21806171922,0.625328879130811
2050-02-18 09:00:00,1162,145342.7995353156,0.7095328056053339
2050-02-18 10:00:00,1163,152556.2013511947,0.7447471075504103
2050-02-18 11:00:00,1164,158359.53480660164,0.7730777540058452
2050-02-18 12:00:00,1165,167511.6766372773,0.817756574636649
2050-02-18 13:00:00,1166,177290.97306599046,0.8654970313644355
2050-02-18 14:00:00,1167,183620.00661279183,0.896394034474253
2050-02-18 15:00:00,1168,188784.53885642684,0.9216061885278509
2050-02-18 16:00:00,1169,183878.8999717548,0.8976578970936941
2050-02-18 17:00:00,1170,165008.5971300478,0.8055370699133605
2050-02-18 18:00:00,1171,140059.36606521579,0.6837402009131547
2050-02-18 19:00:00,1172,107796.6502878151,0.5262404464349537
2050-02-18 20:00:00,1173,83452.03163655724,0.4073951673551199
2050-02-18 21:00:00,1174,61730.89686329121,0.30135718166968367
2050-02-18 22:00:00,1175,44266.94507239331,0.21610186285947156
2050-02-18 23:00:00,1176,30165.309416232805,0.14726066024930295
2050-02-19 00:00:00,1177,19478.362916749276,0.0950892478547716
2050-02-19 01:00:00,1178,19742.67686526246,0.09637957264587771
2050-02-19 02:00:00,1179,11569.408503948041,0.05647940524914589
2050-02-19 03:00:00,1180,12835.511166615444,0.06266025065255719
2050-02-19 04:00:00,1181,23467.552807640677,0.11456362914112396
2050-02-19 05:00:00,1182,37794.79308725555,0.1845061858049429
2050-02-19 06:00:00,1183,57257.30578021102,0.27951805621966347
2050-02-19 07:00:00,1184,80659.24124695269,0.3937613553813644
2050-02-19 08:00:00,1185,107734.2542480875,0.5259358421665061
2050-02-19 09:00:00,1186,136047.32895334036,0.6641542843264165
2050-02-19 10:00:00,1187,159327.99930577134,0.7778055928490628
2050-02-19 11:00:00,1188,167921.66335419545,0.8197580430715897
2050-02-19 12:00:00,1189,168303.27742615197,0.8216210022549788
2050-02-19 13:00:00,1190,164760.19547585706,0.8043244255774976
2050-02-19 14:00:00,1191,159545.45133960125,0.7788671476845359
2050-02-19 15:00:00,1192,152895.2304520186,0.7464021759119562
2050-02-19 16:00:00,1193,144923.37413520427,0.7074852595154375
2050-02-19 17:00:00,1194,132364.5806610627,0.6461758861084635
2050-02-19 18:00:00,1195,114464.47733905967,0.5587913677746184
2050-02-19 19:00:00,1196,93653.55577822706,0.45719685047139125
2050-02-19 20:00:00,1197,73638.23940430544,0.35948630941072945
2050-02-19 21:00:00,1198,55752.61352897976,0.27217246690941144
2050-02-19 22:00:00,1199,41758.62664057161,0.2038567828144186
2050-02-19 23:00:00,1200,30963.158008642276,0.15115558832300507
2050-02-20 00:00:00,1201,9522.168530320178,0.0464852127134323
2050-02-20 01:00:00,1202,7947.579082365004,0.038798400072860284
2050-02-20 02:00:00,1203,13400.075960673752,0.06541633656499936
2050-02-20 03:00:00,1204,30079.563578100857,0.14684206720380463
2050-02-20 04:00:00,1205,54543.459342079805,0.2662696319194187
2050-02-20 05:00:00,1206,77704.24486956019,0.3793356880837186
2050-02-20 06:00:00,1207,100109.12457053682,0.48871157188607556
2050-02-20 07:00:00,1208,114846.32397581408,0.5606554622901605
2050-02-20 08:00:00,1209,122489.13057924542,0.597966027583861
2050-02-20 09:00:00,1210,133246.46949913213,0.6504810808859688
2050-02-20 10:00:00,1211,151140.99086219826,0.7378383492769345
2050-02-20 11:00:00,1212,163830.6095122351,0.7997863835215527
2050-02-20 12:00:00,1213,169102.38665061194,0.8255220844677128
2050-02-20 13:00:00,1214,167976.8830784056,0.820027614085557
2050-02-20 14:00:00,1215,165086.05998251765,0.8059152271748061
2050-02-20 15:00:00,1216,158531.42185785022,0.7739168702338907
2050-02-20 16:00:00,1217,149571.33209176004,0.7301756071611034
2050-02-20 17:00:00,1218,133757.4430293358,0.6529755455834605
2050-02-20 18:00:00,1219,112983.04509941119,0.5515593289211451
2050-02-20 19:00:00,1220,87860.14584666048,0.4289146485604019
2050-02-20 20:00:00,1221,64933.19245852622,0.31699011144211875
2050-02-20 21:00:00,1222,45995.002242136936,0.22453787245757126
2050-02-20 22:00:00,1223,29612.898999088535,0.14456390943416025
2050-02-20 23:00:00,1224,18568.805776736135,0.09064898227935123
2050-02-21 00:00:00,1225,14687.62955950916,0.07170190090165542
2050-02-21 01:00:00,1226,11700.51047009233,0.057119417318241404
2050-02-21 02:00:00,1227,10654.703929943837,0.052014010989724475
2050-02-21 03:00:00,1228,16649.23644205358,0.08127805079911414
2050-02-21 04:00:00,1229,30041.439346466646,0.14665595276869361
2050-02-21 05:00:00,1230,45311.83843374644,0.22120281124225763
2050-02-21 06:00:00,1231,65153.67330496238,0.31806645230010583
2050-02-21 07:00:00,1232,88550.65914480046,0.43228558843016823
2050-02-21 08:00:00,1233,111837.26993647055,0.5459658969207064
2050-02-21 09:00:00,1234,125636.43403216713,0.6133304973490129
2050-02-21 10:00:00,1235,131450.23197041222,0.6417122291963014
2050-02-21 11:00:00,1236,137964.47662614592,0.6735133937655803
2050-02-21 12:00:00,1237,145456.43193074464,0.710087534925219
2050-02-21 13:00:00,1238,152701.6951752665,0.7454573776258593
2050-02-21 14:00:00,1239,160354.2512298496,0.782815537677958
2050-02-21 15:00:00,1240,163690.52821951712,0.7991025362793585
2050-02-21 16:00:00,1241,158891.88009753102,0.7756765511188191
2050-02-21 17:00:00,1242,142577.9413656318,0.6960353528212356
2050-02-21 18:00:00,1243,119779.04333513606,0.5847359548737167
2050-02-21 19:00:00,1244,93544.82912028382,0.4566660699242901
2050-02-21 20:00:00,1245,69714.85846451923,0.3403331935042989
2050-02-21 21:00:00,1246,52882.098682284435,0.2581592205757834
2050-02-21 22:00:00,1247,38729.06352690431,0.18906709648202838
2050-02-21 23:00:00,1248,24049.691928388303,0.11740550919928483
2050-02-22 00:00:00,1249,12481.784255321954,0.06093343068905983
2050-02-22 01:00:00,1250,7957.472867946038,0.03884669944141388
2050-02-22 02:00:00,1251,12092.256231368094,0.05903183726591451
2050-02-22 03:00:00,1252,28202.9650225423,0.13768090997842142
2050-02-22 04:00:00,1253,56090.214538877575,0.2738205636331145
2050-02-22 05:00:00,1254,80261.90791971287,0.3918216581184913
2050-02-22 06:00:00,1255,103519.4596580264,0.5053601064568772
2050-02-22 07:00:00,1256,117847.31768617404,0.5753056788383719
2050-02-22 08:00:00,1257,125774.47217898081,0.6140043703850518
2050-02-22 09:00:00,1258,123282.9716983332,0.6018413920204347
2050-02-22 10:00:00,1259,122213.376355928,0.5966198537909144
2050-02-22 11:00:00,1260,126497.73858598077,0.6175352040046016
2050-02-22 12:00:00,1261,133002.40972301562,0.6492896326805055
2050-02-22 13:00:00,1262,138377.16653822066,0.6755280586275177
2050-02-22 14:00:00,1263,147894.16723376932,0.7219880430646538
2050-02-22 15:00:00,1264,156930.80791247272,0.7661030115013927
2050-02-22 16:00:00,1265,155949.7031931291,0.7613134657768426
2050-02-22 17:00:00,1266,144152.85225871712,0.7037237346889436
2050-02-22 18:00:00,1267,120259.31805401095,0.5870805544674641
2050-02-22 19:00:00,1268,92233.42800811588,0.45026408707157656
2050-02-22 20:00:00,1269,68294.84224555231,0.33340097467357616
2050-02-22 21:00:00,1270,47550.70015056611,0.23213246059796205
2050-02-22 22:00:00,1271,30564.331904352497,0.1492086036383141
2050-02-22 23:00:00,1272,17636.1429991781,0.08609591986855308
2050-02-23 00:00:00,1273,10759.603608523521,0.05252610903302422
2050-02-23 01:00:00,1274,8566.453588363804,0.04181961451184766
2050-02-23 02:00:00,1275,13868.909882340418,0.06770508460664054
2050-02-23 03:00:00,1276,28873.130025288043,0.14095251377397894
2050-02-23 04:00:00,1277,57038.257168865144,0.27844870723045245
2050-02-23 05:00:00,1278,84825.2463294375,0.41409891103456553
2050-02-23 06:00:00,1279,107408.9519545258,0.5243477851746315
2050-02-23 07:00:00,1280,121729.34994989824,0.5942569392540032
2050-02-23 08:00:00,1281,130897.85861288334,0.6390156592983626
2050-02-23 09:00:00,1282,129345.34389132098,0.6314366108029738
2050-02-23 10:00:00,1283,127547.55609832922,0.6226601910510305
2050-02-23 11:00:00,1284,131557.89265053434,0.6422378058651468
2050-02-23 12:00:00,1285,138244.18147047015,0.674878853654679
2050-02-23 13:00:00,1286,145607.92746592083,0.7108271040848465
2050-02-23 14:00:00,1287,155454.254465487,0.7588947898817765
2050-02-23 15:00:00,1288,164164.4626754179,0.8014161840503071
2050-02-23 16:00:00,1289,161049.0146441906,0.7862072257160678
2050-02-23 17:00:00,1290,149860.69641003638,0.731588222558943
2050-02-23 18:00:00,1291,124964.41766462824,0.6100498555821209
2050-02-23 19:00:00,1292,95689.75379073663,0.4671371384884311
2050-02-23 20:00:00,1293,71200.47869294201,0.347585677233159
2050-02-23 21:00:00,1294,49461.94035270462,0.24146273101482946
2050-02-23 22:00:00,1295,31235.13027236923,0.1524832993891603
2050-02-23 23:00:00,1296,18554.019945895052,0.09057680098056366
2050-02-24 00:00:00,1297,11999.624120144765,0.05857962689171249
2050-02-24 01:00:00,1298,8544.350640959654,0.04171171259765615
2050-02-24 02:00:00,1299,14879.635146011005,0.07263923156349843
2050-02-24 03:00:00,1300,32533.94159829818,0.15882382156834424
2050-02-24 04:00:00,1301,59347.663689385874,0.2897227413967627
2050-02-24 05:00:00,1302,87606.93695236475,0.4276785362951347
2050-02-24 06:00:00,1303,113049.02336810844,0.5518814208737386
2050-02-24 07:00:00,1304,129462.91510406056,0.6320105685958624
2050-02-24 08:00:00,1305,138571.1942237566,0.6764752607491473
2050-02-24 09:00:00,1306,136458.0166596677,0.6661591748433853
2050-02-24 10:00:00,1307,134490.09281321065,0.656552186864218
2050-02-24 11:00:00,1308,138422.7856932177,0.6757507616932209
2050-02-24 12:00:00,1309,145026.37549841407,0.7079880903846176
2050-02-24 13:00:00,1310,152628.9947370853,0.7451024694636637
2050-02-24 14:00:00,1311,162761.0141233207,0.7945648450649843
2050-02-24 15:00:00,1312,172581.95109744626,0.8425085821280048
2050-02-24 16:00:00,1313,171395.43186224657,0.8367162461846519
2050-02-24 17:00:00,1314,159491.884471879,0.7786056455663437
2050-02-24 18:00:00,1315,135656.9957044563,0.6622487599654766
2050-02-24 19:00:00,1316,102196.53050935568,0.49890184616827354
2050-02-24 20:00:00,1317,74735.1117333081,0.3648410081194124
2050-02-24 21:00:00,1318,53276.076454483395,0.26008253672868675
2050-02-24 22:00:00,1319,34835.89075011532,0.17006145043796547
2050-02-24 23:00:00,1320,20669.59093170621,0.10090457106493651
2050-02-25 00:00:00,1321,16463.095280873542,0.08036934902129668
2050-02-25 01:00:00,1322,12767.465063746968,0.062328063970911174
2050-02-25 02:00:00,1323,12684.179830614588,0.061921483078573585
2050-02-25 03:00:00,1324,18630.735573167556,0.0909513104466429
2050-02-25 04:00:00,1325,31156.17516673381,0.15209785726338954
2050-02-25 05:00:00,1326,49135.15903164651,0.23986745372354923
2050-02-25 06:00:00,1327,73770.74616080035,0.3601331793691869
2050-02-25 07:00:00,1328,101144.57896644513,0.4937664412360132
2050-02-25 08:00:00,1329,127729.90774477426,0.6235503932194391
2050-02-25 09:00:00,1330,144929.43284227836,0.7075148368418848
2050-02-25 10:00:00,1331,152122.31912264798,0.742628986281883
2050-02-25 11:00:00,1332,157909.14741338257,0.7708790580144256
2050-02-25 12:00:00,1333,167035.2598313063,0.815430808557704
2050-02-25 13:00:00,1334,176786.74317588436,0.8630354876915401
2050-02-25 14:00:00,1335,183097.77641294367,0.8938446170964761
2050-02-25 15:00:00,1336,188247.62034485347,0.9189850659189835
2050-02-25 16:00:00,1337,183355.93343254033,0.8951048850628752
2050-02-25 17:00:00,1338,164539.29933779466,0.8032460573536303
2050-02-25 18:00:00,1339,139661.02590939245,0.681795588526093
2050-02-25 19:00:00,1340,107490.06783570339,0.5247437757495695
2050-02-25 20:00:00,1341,83214.68725392326,0.406236502280253
2050-02-25 21:00:00,1342,61555.32919834803,0.3005000974640747
2050-02-25 22:00:00,1343,44141.046257146496,0.21548725147252937
2050-02-25 23:00:00,1344,30079.516808174943,0.1468418388829187
2050-02-26 00:00:00,1345,19708.549783858936,0.09621297145274822
2050-02-26 01:00:00,1346,19975.987246509383,0.09751854457921216
2050-02-26 02:00:00,1347,11706.130746924795,0.057146854320982286
2050-02-26 03:00:00,1348,12987.195675289291,0.06340074234083014
2050-02-26 04:00:00,1349,23744.88215822678,0.11591749237223814
2050-02-26 05:00:00,1350,38241.43557874226,0.18668659997819625
2050-02-26 06:00:00,1351,57933.94780437156,0.2828212794638012
2050-02-26 07:00:00,1352,81612.43719959224,0.3984146564099004
2050-02-26 08:00:00,1353,109007.4109619788,0.5321511239559771
2050-02-26 09:00:00,1354,137655.0773150798,0.6720029717705798
2050-02-26 10:00:00,1355,161210.8685047559,0.7869973620293362
2050-02-26 11:00:00,1356,169906.0887788792,0.8294455882653804
2050-02-26 12:00:00,1357,170292.2125852767,0.8313305630184479
2050-02-26 13:00:00,1358,166707.26003798755,0.8138295829425688
2050-02-26 14:00:00,1359,161430.89031593443,0.788071461974287
2050-02-26 15:00:00,1360,154702.08000210582,0.7552228332453705
2050-02-26 16:00:00,1361,146636.01574783013,0.7158460136242615
2050-02-26 17:00:00,1362,133928.8078877661,0.6538121125766171
2050-02-26 18:00:00,1363,115817.1688923379,0.5653949218274142
2050-02-26 19:00:00,1364,94760.31287081579,0.4625998045051566
2050-02-26 20:00:00,1365,74508.4641871555,0.3637345627377398
2050-02-26 21:00:00,1366,56411.47373627821,0.2753888830846936
2050-02-26 22:00:00,1367,42252.11197654741,0.20626587384665043
2050-02-26 23:00:00,1368,31329.067187415458,0.15294187953964422
2050-02-27 00:00:00,1369,9634.697395345576,0.047034554831296586
2050-02-27 01:00:00,1370,8041.500109374985,0.03925690266131176
2050-02-27 02:00:00,1371,13558.43222996292,0.06618939837743978
2050-02-27 03:00:00,1372,30435.030830931937,0.14857738314658564
2050-02-27 04:00:00,1373,55188.03029840633,0.269416290993802
2050-02-27 05:00:00,1374,78622.51994397273,0.38381851277093026
2050-02-27 06:00:00,1375,101292.17080527938,0.49448695337577747
2050-02-27 07:00:00,1376,116203.52803746052,0.567281045454361
2050-02-27 08:00:00,1377,123936.65399148675,0.6050325307140517
2050-02-27 09:00:00,1378,134821.11848704642,0.6581681841880278
2050-02-27 10:00:00,1379,152927.1095702321,0.746557803024263
2050-02-27 11:00:00,1380,165766.6886027328,0.80923791213767
2050-02-27 12:00:00,1381,171100.76530958572,0.8352777464000328
2050-02-27 13:00:00,1382,169961.96103176108,0.8297183447863055
2050-02-27 14:00:00,1383,167036.97544619042,0.8154391838266954
2050-02-27 15:00:00,1384,160404.87746140943,0.7830626842323847
2050-02-27 16:00:00,1385,151338.90123653307,0.7388045058640453
2050-02-27 17:00:00,1386,135338.1304916907,0.6606921274405297
2050-02-27 18:00:00,1387,114318.2297566095,0.5580774180101951
2050-02-27 19:00:00,1388,88898.43896009211,0.433983375928866
2050-02-27 20:00:00,1389,65700.54478107106,0.32073616317666453
2050-02-27 21:00:00,1390,46538.55121410368,0.2271913635716581
2050-02-27 22:00:00,1391,29962.851389779065,0.14627230298642985
2050-02-27 23:00:00,1392,18788.243856173103,0.09172023256940585
2050-02-28 00:00:00,1393,14861.201587255011,0.07254924282856798
2050-02-28 01:00:00,1394,11838.78202417922,0.05779442979921982
2050-02-28 02:00:00,1395,10780.616612437689,0.05262869007363361
2050-02-28 03:00:00,1396,16845.98991158157,0.0822385596216572
2050-02-28 04:00:00,1397,30396.45605165408,0.1483890692331745
2050-02-28 05:00:00,1398,45847.314090396314,0.22381689013856945
2050-02-28 06:00:00,1399,65923.63114347888,0.32182522361252774
2050-02-28 07:00:00,1400,89597.1124308116,0.43739415203519216
2050-02-28 08:00:00,1401,113158.91427801756,0.5524178850526841
2050-02-28 09:00:00,1402,127121.15092580442,0.6205785711885162
2050-02-28 10:00:00,1403,133003.65379649715,0.649295705984106
2050-02-28 11:00:00,1404,139594.88099766668,0.6814726830574812
2050-02-28 12:00:00,1405,147175.37298905733,0.7184790415954786
2050-02-28 13:00:00,1406,154506.25758112324,0.7542668696048983
2050-02-28 14:00:00,1407,162249.24822045147,0.7920665121717354
2050-02-28 15:00:00,1408,165624.95189063414,0.8085459834882003
2050-02-28 16:00:00,1409,160769.59545963918,0.7848431603575596
2050-02-28 17:00:00,1410,144262.86565723916,0.7042607968313895
2050-02-28 18:00:00,1411,121194.54012018266,0.5916461107839543
2050-02-28 19:00:00,1412,94650.30136476642,0.46206275160136195
2050-02-28 20:00:00,1413,70538.71843950976,0.34435510364604577
2050-02-28 21:00:00,1414,53507.0364147236,0.2612100344038083
2050-02-28 22:00:00,1415,39186.7468174705,0.19130140950112776
2050-02-28 23:00:00,1416,24333.900742272326,0.11879295651513136
2050-03-01 00:00:00,1417,12629.288567070604,0.06165351554010518
2050-03-01 01:00:00,1418,8051.510823114088,0.039305772848401366
2050-03-01 02:00:00,1419,12235.157254992539,0.05972944983798754
2050-03-01 03:00:00,1420,28536.255433296134,0.13930796326884645
2050-03-01 04:00:00,1421,56753.064390039755,0.27705645640588245
2050-03-01 05:00:00,1422,81210.40832577688,0.3964520364818093
2050-03-01 06:00:00,1423,104742.807745465,0.5113322330671213
2050-03-01 07:00:00,1424,119239.98620759953,0.5821043919940598
2050-03-01 08:00:00,1425,127260.82036980259,0.6212604078723712
2050-03-01 09:00:00,1426,124739.87637898042,0.6089536925187335
2050-03-01 10:00:00,1427,123657.64103553137,0.6036704484776272
2050-03-01 11:00:00,1428,127992.6340051697,0.6248329672529692
2050-03-01 12:00:00,1429,134574.17452099905,0.6569626559773625
2050-03-01 13:00:00,1430,140012.4478884947,0.6835111562981533
2050-03-01 14:00:00,1431,149641.9163719912,0.7305201846877795
2050-03-01 15:00:00,1432,158785.34816705345,0.7751564847669945
2050-03-01 16:00:00,1433,157792.6491717755,0.7703103382396599
2050-03-01 17:00:00,1434,145856.38815714186,0.7120400366270043
2050-03-01 18:00:00,1435,121680.49053792196,0.5940184179390802
2050-03-01 19:00:00,1436,93323.40264541967,0.45558511270832924
2050-03-01 20:00:00,1437,69101.92107843589,0.3373409628289675
2050-03-01 21:00:00,1438,48112.63372111764,0.23487570143377912
2050-03-01 22:00:00,1439,30925.527934570007,0.15097188626059127
2050-03-01 23:00:00,1440,17844.559304371036,0.08711336418798432
2050-03-02 00:00:00,1441,10886.75592310568,0.05314683973859157
2050-03-02 01:00:00,1442,8667.68820133143,0.04231382048003418
2050-03-02 02:00:00,1443,14032.806628763226,0.06850519385657076
2050-03-02 03:00:00,1444,29214.340168060724,0.14261822952100273
2050-03-02 04:00:00,1445,57712.31054844229,0.28173929325926306
2050-03-02 05:00:00,1446,85827.67429840344,0.4189925523536515
2050-03-02 06:00:00,1447,108678.26436032515,0.5305442998651143
2050-03-02 07:00:00,1448,123167.89462547719,0.6012796100909176
2050-03-02 08:00:00,1449,132444.75272735697,0.6465672691787692
2050-03-02 09:00:00,1450,130873.89108004501,0.6388986548724633
2050-03-02 10:00:00,1451,129054.85781153972,0.6300185192027331
2050-03-02 11:00:00,1452,133112.58676640817,0.6498274937025964
2050-03-02 12:00:00,1453,139877.89126764511,0.6828542793354869
2050-03-02 13:00:00,1454,147328.6588230269,0.719227350615146
2050-03-02 14:00:00,1455,157291.34542167844,0.7678630793633754
2050-03-02 15:00:00,1456,166104.4871283652,0.8108869730914126
2050-03-02 16:00:00,1457,162952.22204440774,0.7954982816929879
2050-03-02 17:00:00,1458,151631.6851238936,0.7402338148748745
2050-03-02 18:00:00,1459,126441.19295861709,0.6172591602118831
2050-03-02 19:00:00,1460,96820.57382124604,0.4726575626955284
2050-03-02 20:00:00,1461,72041.89506065325,0.3516932939707831
2050-03-02 21:00:00,1462,50046.46009672214,0.24431623277226386
2050-03-02 22:00:00,1463,31604.25351331545,0.15428528097751595
2050-03-02 23:00:00,1464,18773.283328477457,0.09164719843752477
2050-03-03 00:00:00,1465,12141.430476728005,0.05927189553082542
2050-03-03 01:00:00,1466,8645.32407810419,0.042204643560716126
2050-03-03 02:00:00,1467,15055.47622057822,0.07349765049706257
2050-03-03 03:00:00,1468,32918.41361872642,0.1607007326516822
2050-03-03 04:00:00,1469,60049.00865984947,0.2931465591997857
2050-03-03 05:00:00,1470,88642.23773805563,0.43273265575248127
2050-03-03 06:00:00,1471,114384.98772753216,0.5584033163041368
2050-03-03 07:00:00,1472,130992.85170334391,0.6394793954738257
2050-03-03 08:00:00,1473,140208.76852384946,0.6844695521158122
2050-03-03 09:00:00,1474,138070.61830922894,0.6740315550121667
2050-03-03 10:00:00,1475,136079.4384261434,0.6643110359811066
2050-03-03 11:00:00,1476,140058.6061492022,0.6837364911639077
2050-03-03 12:00:00,1477,146740.23431800734,0.7163547866404029
2050-03-03 13:00:00,1478,154432.69802478686,0.7539077674095828
2050-03-03 14:00:00,1479,164684.45321248696,0.8039546678681119
2050-03-03 15:00:00,1480,174621.4497602876,0.8524649832218376
2050-03-03 16:00:00,1481,173420.90876754143,0.8466041960239109
2050-03-03 17:00:00,1482,161376.69040194503,0.7878068694581154
2050-03-03 18:00:00,1483,137260.13125703527,0.6700749286509823
2050-03-03 19:00:00,1484,103404.24478315668,0.5047976518070759
2050-03-03 20:00:00,1485,75618.29889752882,0.3691525410505768
2050-03-03 21:00:00,1486,53905.670015192256,0.2631560793255614
2050-03-03 22:00:00,1487,35247.56621369496,0.17207116297691766
2050-03-03 23:00:00,1488,20913.85521220878,0.1020970176175574
2050-03-04 00:00:00,1489,16657.64900655071,0.08131911915963194
2050-03-04 01:00:00,1490,12918.345417221866,0.0630646299435912
2050-03-04 02:00:00,1491,12834.075946392337,0.06265324421099408
2050-03-04 03:00:00,1492,18850.905522407204,0.09202613357027506
2050-03-04 04:00:00,1493,31524.36534705511,0.15389528384712772
2050-03-04 05:00:00,1494,49715.81703967052,0.2427021033026663
2050-03-04 06:00:00,1495,74642.53686739135,0.364389077204689
2050-03-04 07:00:00,1496,102339.86172769716,0.4996015588599638
2050-03-04 08:00:00,1497,129239.36439559287,0.6309192413207495
2050-03-04 09:00:00,1498,146642.14602790304,0.7158759403549505
2050-03-04 10:00:00,1499,153920.03473568533,0.7514050536665556
2050-03-04 11:00:00,1500,159775.24926012347,0.7799889725275395
2050-03-04 12:00:00,1501,169009.2101078059,0.8250672162936777
2050-03-04 13:00:00,1502,178875.93224131028,0.8732344668206813
2050-03-04 14:00:00,1503,185261.54654402143,0.9044076852133496
2050-03-04 15:00:00,1504,190472.2490816162,0.929845232876494
2050-03-04 16:00:00,1505,185522.75436305863,0.9056828465373371
2050-03-04 17:00:00,1506,166483.7534114434,0.8127384708660829
2050-03-04 18:00:00,1507,141311.47933543232,0.6898527530615433
2050-03-04 19:00:00,1508,108760.33886414931,0.5309449702330528
2050-03-04 20:00:00,1509,84198.08236109286,0.4110372291937254
2050-03-04 21:00:00,1510,62282.76338164549,0.3040512772859747
2050-03-04 22:00:00,1511,44662.68601663326,0.2180337864453472
2050-03-04 23:00:00,1512,30434.98350463173,0.1485771521095981
2050-03-05 00:00:00,1513,19864.977261903354,0.09697661731429401
2050-03-05 01:00:00,1514,20134.537493654312,0.0982925533505158
2050-03-05 02:00:00,1515,11799.042804164501,0.05760043133242435
2050-03-05 03:00:00,1516,13090.275552748273,0.06390395649996812
2050-03-05 04:00:00,1517,23933.34627212091,0.11683753431387374
2050-03-05 05:00:00,1518,38544.959324310315,0.1881683387051871
2050-03-05 06:00:00,1519,58393.7718121113,0.2850660430113548
2050-03-05 07:00:00,1520,82260.19831060244,0.40157688914469386
2050-03-05 08:00:00,1521,109872.60707586921,0.5363748283847494
2050-03-05 09:00:00,1522,138747.6510699887,0.6773366857497364
2050-03-05 10:00:00,1523,162490.40560716577,0.7932437915260269
2050-03-05 11:00:00,1524,171254.64009307307,0.8360289305466762
2050-03-05 12:00:00,1525,171643.82862813518,0.8379288666568578
2050-03-05 13:00:00,1526,168030.42214063247,0.8202889804632019
2050-03-05 14:00:00,1527,162712.17366489395,0.7943264162772812
2050-03-05 15:00:00,1528,155929.95651433303,0.761217066667617
2050-03-05 16:00:00,1529,147799.87157537375,0.7215277116050169
2050-03-05 17:00:00,1530,134991.80613453648,0.6590014451806122
2050-03-05 18:00:00,1531,116736.41438575547,0.5698824838949534
2050-03-05 19:00:00,1532,95512.42930465356,0.4662714778536056
2050-03-05 20:00:00,1533,75099.84082822375,0.3666215384162608
2050-03-05 21:00:00,1534,56859.213859036325,0.2775746556616519
2050-03-05 22:00:00,1535,42587.468689522844,0.2079030143874739
2050-03-05 23:00:00,1536,31577.727227656465,0.15415578526155285
2050-03-06 00:00:00,1537,9711.168351372611,0.04740786986410631
2050-03-06 01:00:00,1538,8105.325867907294,0.0395684865145615
2050-03-06 02:00:00,1539,13666.046102967184,0.06671474654383601
2050-03-06 03:00:00,1540,30676.594837359415,0.1497566475323119
2050-03-06 04:00:00,1541,55626.059873446866,0.2715546587306991
2050-03-06 05:00:00,1542,79246.55000252016,0.38686489552699954
2050-03-06 06:00:00,1543,102096.13076096767,0.4984117158323809
2050-03-06 07:00:00,1544,117125.84004547895,0.5717835775975773
2050-03-06 08:00:00,1545,124920.3442038627,0.6098346982687232
2050-03-06 09:00:00,1546,135891.19909835694,0.6633920913977037
2050-03-06 10:00:00,1547,154140.8980691738,0.7524832617454316
2050-03-06 11:00:00,1548,167082.3854415805,0.8156608658194371
2050-03-06 12:00:00,1549,172458.79895233936,0.8419073794037324
2050-03-06 13:00:00,1550,171310.95591546412,0.8363038524801247
2050-03-06 14:00:00,1551,168362.7545897102,0.8219113571873445
2050-03-06 15:00:00,1552,161678.01734419542,0.7892778838559594
2050-03-06 16:00:00,1553,152540.0841157998,0.7446684266161988
2050-03-06 17:00:00,1554,136412.31461314094,0.6659360671187667
2050-03-06 18:00:00,1555,115225.57802158721,0.5625069003248957
2050-03-06 19:00:00,1556,89604.0293802155,0.43742791911916523
2050-03-06 20:00:00,1557,66222.01258412539,0.32328185869455006
2050-03-06 21:00:00,1558,46907.92961026057,0.22899459077378387
2050-03-06 22:00:00,1559,30200.667761305755,0.14743327221123972
2050-03-06 23:00:00,1560,18937.3669441696,0.09244821994370282
2050-03-07 00:00:00,1561,14979.155565743742,0.07312506920288442
2050-03-07 01:00:00,1562,11932.746924107516,0.05825314656597886
2050-03-07 02:00:00,1563,10866.182758175548,0.05304640589887108
2050-03-07 03:00:00,1564,16979.69716267089,0.08289129014080569
2050-03-07 04:00:00,1565,30637.71392699387,0.14956683915168106
2050-03-07 05:00:00,1566,46211.206051259265,0.22559333372403637
2050-03-07 06:00:00,1567,66446.86969140812,0.324379563532359
2050-03-07 07:00:00,1568,90308.24829541809,0.4408657669125306
2050-03-07 08:00:00,1569,114057.0611432629,0.5568024480800965
2050-03-07 09:00:00,1570,128130.11657236006,0.6255041280667989
2050-03-07 10:00:00,1571,134059.30913623297,0.6544491920690704
2050-03-07 11:00:00,1572,140702.8510839074,0.6868815586696929
2050-03-07 12:00:00,1573,148343.50971710015,0.7241816380270099
2050-03-07 13:00:00,1574,155732.57993353126,0.7602535159476308
2050-03-07 14:00:00,1575,163537.02701156854,0.7983531758494797
2050-03-07 15:00:00,1576,166939.52375765666,0.8149634452954616
2050-03-07 16:00:00,1577,162045.63006159881,0.7910724913878726
2050-03-07 17:00:00,1578,145407.88574164564,0.7098505426981325
2050-03-07 18:00:00,1579,122156.46603782402,0.596342029655138
2050-03-07 19:00:00,1580,95401.54451629834,0.4657301617703034
2050-03-07 20:00:00,1581,71098.58702884323,0.3470882636803243
2050-03-07 21:00:00,1582,53931.723823228735,0.26328326850570605
2050-03-07 22:00:00,1583,39497.77354829068,0.1928197762151491
2050-03-07 23:00:00,1584,24527.03993420053,0.11973582119889485
2050-03-08 00:00:00,1585,12729.527739750296,0.06214286197935344
2050-03-08 01:00:00,1586,8115.4160124378595,0.039617744465974464
2050-03-08 02:00:00,1587,12332.268239341454,0.06020352512345388
2050-03-08 03:00:00,1588,28762.74882900224,0.14041365612064394
2050-03-08 04:00:00,1589,57203.51566244574,0.27925546424198133
2050-03-08 05:00:00,1590,81854.97862531213,0.3995986923498765
2050-03-08 06:00:00,1591,105574.15557124293,0.515390697312643
2050-03-08 07:00:00,1592,120186.39864909594,0.5867245773559882
2050-03-08 08:00:00,1593,128270.89450708502,0.6261913761679231
2050-03-08 09:00:00,1594,125729.94180487687,0.6137869825173787
2050-03-08 10:00:00,1595,124639.11667509153,0.6084618049562205
2050-03-08 11:00:00,1596,129008.51664176799,0.6297922914136146
2050-03-08 12:00:00,1597,135642.29511966326,0.662176994819865
2050-03-08 13:00:00,1598,141123.73225716798,0.6889362115361908
2050-03-08 14:00:00,1599,150829.63021334595,0.736318352445708
2050-03-08 15:00:00,1600,160045.6337411558,0.7813089323744143
2050-03-08 16:00:00,1601,159045.05567302505,0.7764243218799298
2050-03-08 17:00:00,1602,147014.0561160777,0.7176915267420241
2050-03-08 18:00:00,1603,122646.27339768512,0.5987331655859135
2050-03-08 19:00:00,1604,94064.11426916654,0.45920111018616716
2050-03-08 20:00:00,1605,69650.38576978106,0.34001845144532683
2050-03-08 21:00:00,1606,48494.50555966125,0.2367399189791256
2050-03-08 22:00:00,1607,31170.9850503934,0.15217015598294958
2050-03-08 23:00:00,1608,17986.19223430004,0.08780478619485307
2050-03-09 00:00:00,1609,10973.164586732291,0.0535686685579594
2050-03-09 01:00:00,1610,8736.484054381624,0.04264966728348629
2050-03-09 02:00:00,1611,14144.185626570388,0.06904892256588618
2050-03-09 03:00:00,1612,29446.215508852805,0.1437501958903647
2050-03-09 04:00:00,1613,58170.3754864181,0.2839754694002933
2050-03-09 05:00:00,1614,86508.89199486651,0.4223181130621612
2050-03-09 06:00:00,1615,109540.84810992565,0.5347552512839694
2050-03-09 07:00:00,1616,124145.48309575625,0.6060519902312629
2050-03-09 08:00:00,1617,133495.9720560303,0.6516990995959954
2050-03-09 09:00:00,1618,131912.64235318493,0.643969618879717
2050-03-09 10:00:00,1619,130079.17134187723,0.6350190012033793
2050-03-09 11:00:00,1620,134169.10670327063,0.6549852005678605
2050-03-09 12:00:00,1621,140988.10763338633,0.6882741208091054
2050-03-09 13:00:00,1622,148498.01221807022,0.7249358865576342
2050-03-09 14:00:00,1623,158539.77313276372,0.7739576393916247
2050-03-09 15:00:00,1624,167422.8649897082,0.8173230149579336
2050-03-09 16:00:00,1625,164245.5803768182,0.8018121835111873
2050-03-09 17:00:00,1626,152835.19188202787,0.7461090803121313
2050-03-09 18:00:00,1627,127444.76175693003,0.6221583708185422
2050-03-09 19:00:00,1628,97589.04252324562,0.4764090643584447
2050-03-09 20:00:00,1629,72613.69449611891,0.35448469787236353
2050-03-09 21:00:00,1630,50443.68090262206,0.2462553807297552
2050-03-09 22:00:00,1631,31855.09768025921,0.1555098491440187
2050-03-09 23:00:00,1632,18922.28755983309,0.09237460557884063
2050-03-10 00:00:00,1633,12237.797486766744,0.05974233889106887
2050-03-10 01:00:00,1634,8713.942338982595,0.04253962339674842
2050-03-10 02:00:00,1635,15174.97213873802,0.07408100429471462
2050-03-10 03:00:00,1636,33179.688357369916,0.1619762206630334
2050-03-10 04:00:00,1637,60525.619980236836,0.2954732748569693
2050-03-10 05:00:00,1638,89345.79472639383,0.4361672721589001
2050-03-10 06:00:00,1639,115292.8658542836,0.5628353852919448
2050-03-10 07:00:00,1640,132032.5471558252,0.6445549687649188
2050-03-10 08:00:00,1641,141321.61104989942,0.6899022139485939
2050-03-10 09:00:00,1642,139166.4903622178,0.6793813705849204
2050-03-10 10:00:00,1643,137159.50629609445,0.669583698875042
2050-03-10 11:00:00,1644,141170.2568832155,0.6891633349200446
2050-03-10 12:00:00,1645,147904.91739170003,0.7220405230618856
2050-03-10 13:00:00,1646,155658.43645485188,0.7598915631669432
2050-03-10 14:00:00,1647,165991.56026378725,0.8103356880239143
2050-03-10 15:00:00,1648,176007.4271512945,0.8592310316940754
2050-03-10 16:00:00,1649,174797.35737761407,0.8533237270030779
2050-03-10 17:00:00,1650,162657.54361610804,0.7940597239340117
2050-03-10 18:00:00,1651,138349.5703737237,0.6753933399893597
2050-03-10 19:00:00,1652,104224.96841546561,0.5088042509872248
2050-03-10 20:00:00,1653,76218.4842773398,0.3720825191284871
2050-03-10 21:00:00,1654,54333.521491221836,0.2652447597358757
2050-03-10 22:00:00,1655,35527.32750908371,0.1734368984481732
2050-03-10 23:00:00,1656,21079.849256168563,0.10290736543045985
2050-03-11 00:00:00,1657,16789.861415055413,0.08196455217345928
2050-03-11 01:00:00,1658,13020.87887826911,0.06356517661338064
2050-03-11 02:00:00,1659,12935.940585900551,0.06315052583549367
2050-03-11 03:00:00,1660,19000.525925464277,0.09275654873150974
2050-03-11 04:00:00,1661,31774.575449414988,0.15511675664444416
2050-03-11 05:00:00,1662,50110.413441705365,0.2446284394755809
2050-03-11 06:00:00,1663,75234.9775962631,0.3672812475347995
2050-03-11 07:00:00,1664,103152.13732655333,0.5035669165276557
2050-03-11 08:00:00,1665,130265.14241033944,0.635926872624525
2050-03-11 09:00:00,1666,147806.0505955926,0.7215578762747892
2050-03-11 10:00:00,1667,155141.70414311194,0.7573689853160419
2050-03-11 11:00:00,1668,161043.39171803102,0.7861797757798723
2050-03-11 12:00:00,1669,170350.6429106733,0.8316158075083273
2050-03-11 13:00:00,1670,180295.6776511025,0.8801653636182926
2050-03-11 14:00:00,1671,186731.97479176807,0.9115860049058329
2050-03-11 15:00:00,1672,191984.03493651544,0.9372254516594719
2050-03-11 16:00:00,1673,186995.2557900813,0.9128712870525441
2050-03-11 17:00:00,1674,167805.14164111286,0.819189208714045
2050-03-11 18:00:00,1675,142433.0742246704,0.6953281420801807
2050-03-11 19:00:00,1676,109623.57394514451,0.5351591013140125
2050-03-11 20:00:00,1677,84866.36583507674,0.41429964776383305
2050-03-11 21:00:00,1678,62777.10416893179,0.3064645444505663
2050-03-11 22:00:00,1679,45017.17548257392,0.2197643290393427
2050-03-11 23:00:00,1680,30676.54714718045,0.14975641471894524
2050-03-12 00:00:00,1681,19936.95290145682,0.09732798716289254
2050-03-12 01:00:00,1682,20207.489901338136,0.09864869157452869
2050-03-12 02:00:00,1683,11841.79365946365,0.05780913196568182
2050-03-12 03:00:00,1684,13137.704827233058,0.06413549618614871
2050-03-12 04:00:00,1685,24020.06269536904,0.11726086555061901
2050-03-12 05:00:00,1686,38684.61713933213,0.18885011861883916
2050-03-12 06:00:00,1687,58605.34675717673,0.28609890714255376
2050-03-12 07:00:00,1688,82558.2471735375,0.403031900652673
2050-03-12 08:00:00,1689,110270.70248265578,0.5383182459587809
2050-03-12 09:00:00,1690,139250.36783214528,0.6797908426520266
2050-03-12 10:00:00,1691,163079.14827647962,0.7961179087115592
2050-03-12 11:00:00,1692,171875.1376591519,0.8390580684216777
2050-03-12 12:00:00,1693,172265.73635849153,0.8409648886555958
2050-03-12 13:00:00,1694,168639.23758858902,0.8232610887084372
2050-03-12 14:00:00,1695,163301.71979455237,0.7972044557862743
2050-03-12 15:00:00,1696,156494.92900421337,0.7639751428648298
2050-03-12 16:00:00,1697,148335.38676130882,0.7241419834749381
2050-03-12 17:00:00,1698,135480.91458020697,0.6613891691601378
2050-03-12 18:00:00,1699,117159.37909982582,0.5719473081669909
2050-03-12 19:00:00,1700,95858.49434315355,0.4679608941747021
2050-03-12 20:00:00,1701,75371.94599423453,0.36794989828325525
2050-03-12 21:00:00,1702,57065.22876522798,0.27858037685908327
2050-03-12 22:00:00,1703,42741.77356386392,0.20865629814669584
2050-03-12 23:00:00,1704,31692.141079405887,0.15471432948590677
2050-03-13 00:00:00,1705,9746.354283207304,0.04757964014108135
2050-03-13 01:00:00,1706,8134.693495766487,0.03971185306216844
2050-03-13 02:00:00,1707,13715.561589784296,0.06695647067736436
2050-03-13 03:00:00,1708,30787.743639975506,0.15029925247739354
2050-03-13 04:00:00,1709,55827.60673726237,0.27253856789029407
2050-03-13 05:00:00,1710,79533.67970900242,0.38826660202270724
2050-03-13 06:00:00,1711,102466.05009190219,0.500217583763677
2050-03-13 07:00:00,1712,117550.21571792058,0.5738552898699489
2050-03-13 08:00:00,1713,125372.96133963561,0.6120442793916737
2050-03-13 09:00:00,1714,136383.56631312452,0.665795723998693
2050-03-13 10:00:00,1715,154699.3883590258,0.7552096932131682
2050-03-13 11:00:00,1716,167687.7659904691,0.8186162056139445
2050-03-13 12:00:00,1717,173083.6595876355,0.8449578168598121
2050-03-13 13:00:00,1718,171931.65761430777,0.8393339868881078
2050-03-13 14:00:00,1719,168972.77422053932,0.8248893439986645
2050-03-13 15:00:00,1720,162263.81650220518,0.7921376314418926
2050-03-13 16:00:00,1721,153092.77430564127,0.7473665432224741
2050-03-13 17:00:00,1722,136906.56992985378,0.6683489170340967
2050-03-13 18:00:00,1723,115643.0685338624,0.5645450007016278
2050-03-13 19:00:00,1724,89928.68676532555,0.43901282780438455
2050-03-13 20:00:00,1725,66461.95117307894,0.3244531881359637
2050-03-13 21:00:00,1726,47077.88861094106,0.2298242946667614
2050-03-13 22:00:00,1727,30310.092220480765,0.14796745927636107
2050-03-13 23:00:00,1728,19005.98171478347,0.09278318274100188
2050-03-14 00:00:00,1729,15033.428749435274,0.07339001940624436
2050-03-14 01:00:00,1730,11975.982209747322,0.05846421208569665
2050-03-14 02:00:00,1731,10905.553577629285,0.05323860591204892
2050-03-14 03:00:00,1732,17041.21874332424,0.0831916254850113
2050-03-14 04:00:00,1733,30748.721885064355,0.15010875652348132
2050-03-14 05:00:00,1734,46378.64060472459,0.22641071379966002
2050-03-14 06:00:00,1735,66687.62307191693,0.3255548706138074
2050-03-14 07:00:00,1736,90635.4572746268,0.44246313194044723
2050-03-14 08:00:00,1737,114470.31793775062,0.5588198803420716
2050-03-14 09:00:00,1738,128594.36346630978,0.6277704832093367
2050-03-14 10:00:00,1739,134545.03897800876,0.6568204224189967
2050-03-14 11:00:00,1740,141212.6520416023,0.68937029911621
2050-03-14 12:00:00,1741,148880.99463803717,0.7268055257265883
2050-03-14 13:00:00,1742,156296.83735145256,0.7630081013147857
2050-03-14 14:00:00,1743,164129.56186919974,0.8012458056962846
2050-03-14 15:00:00,1744,167544.38668206547,0.8179162581567424
2050-03-14 16:00:00,1745,162632.76112148052,0.7939387410370317
2050-03-14 17:00:00,1746,145934.73420997657,0.7124225054858239
2050-03-14 18:00:00,1747,122599.06894205266,0.5985027234178182
2050-03-14 19:00:00,1748,95747.20769939969,0.46741761631834094
2050-03-14 20:00:00,1749,71356.19465227323,0.34834584961084164
2050-03-14 21:00:00,1750,54127.13165073327,0.2642372081885099
2050-03-14 22:00:00,1751,39640.88365306712,0.19351840947718302
2050-03-14 23:00:00,1752,24615.9074665981,0.12016965369552259
2050-03-15 00:00:00,1753,12775.649950736259,0.06236802085799221
2050-03-15 01:00:00,1754,8144.8201798053105,0.03976128939173219
2050-03-15 02:00:00,1755,12376.951119355295,0.060421657492722325
2050-03-15 03:00:00,1756,28866.963333312757,0.14092240928808408
2050-03-15 04:00:00,1757,57410.778003886175,0.2802672751544499
2050-03-15 05:00:00,1758,82151.55936329879,0.4010465367823834
2050-03-15 06:00:00,1759,105956.67666207484,0.5172580843703364
2050-03-15 07:00:00,1760,120621.86343275054,0.588850424323823
2050-03-15 08:00:00,1761,128735.65141753633,0.6284602211031471
2050-03-15 09:00:00,1762,126185.49231595223,0.6160108837581121
2050-03-15 10:00:00,1763,125090.71482596567,0.6106664116104225
2050-03-15 11:00:00,1764,129475.94619028662,0.6320741836025886
2050-03-15 12:00:00,1765,136133.76048738367,0.6645762247943213
2050-03-15 13:00:00,1766,141635.05820042576,0.6914323966396732
2050-03-15 14:00:00,1767,151376.1230073769,0.738986214676459
2050-03-15 15:00:00,1768,160625.51834048913,0.7841398063358886
2050-03-15 16:00:00,1769,159621.31494700388,0.7792374977698228
2050-03-15 17:00:00,1770,147546.72415247036,0.7202918994300852
2050-03-15 18:00:00,1771,123090.65094213873,0.6009025227668144
2050-03-15 19:00:00,1772,94404.9317093754,0.4608649088423356
2050-03-15 20:00:00,1773,69902.746220096,0.34125042178653575
2050-03-15 21:00:00,1774,48670.213024899866,0.23759768566020747
2050-03-15 22:00:00,1775,31283.9251615884,0.15272150571763043
2050-03-15 23:00:00,1776,18051.3605889161,0.08812292431820869
2050-03-16 00:00:00,1777,11012.923095870347,0.05376276119017511
2050-03-16 01:00:00,1778,8768.13853505671,0.042804197762843936
2050-03-16 02:00:00,1779,14195.43352740228,0.06929910397820857
2050-03-16 03:00:00,1780,29552.906348713062,0.14427103800418434
2050-03-16 04:00:00,1781,58381.14107044048,0.2850043824020695
2050-03-16 05:00:00,1782,86822.33498277813,0.4238482754322359
2050-03-16 06:00:00,1783,109937.74154028142,0.536692801063298
2050-03-16 07:00:00,1784,124595.29266509562,0.6082478654087183
2050-03-16 08:00:00,1785,133979.66079631465,0.6540603657201578
2050-03-16 09:00:00,1786,132390.59425014627,0.6463028789481868
2050-03-16 10:00:00,1787,130550.48012035743,0.6373198309725226
2050-03-16 11:00:00,1788,134655.23436209766,0.657358372976488
2050-03-16 12:00:00,1789,141498.94215810954,0.6907679069112429
2050-03-16 13:00:00,1790,149036.0569643164,0.7275625072059623
2050-03-16 14:00:00,1791,159114.20170563916,0.7767618781859458
2050-03-16 15:00:00,1792,168029.4791019468,0.8202843767478024
2050-03-16 16:00:00,1793,164840.68250532795,0.804717346231413
2050-03-16 17:00:00,1794,153388.95135274043,0.7488124169214536
2050-03-16 18:00:00,1795,127906.52544617609,0.6244126034809441
2050-03-16 19:00:00,1796,97942.63155814167,0.47813521123853225
2050-03-16 20:00:00,1797,72876.79178437487,0.35576908318543193
2050-03-16 21:00:00,1798,50626.45079657964,0.24714762469405563
2050-03-16 22:00:00,1799,31970.516483024378,0.15607329932667244
2050-03-16 23:00:00,1800,18990.847603358852,0.09270930121007097
2050-03-17 00:00:00,1801,12282.138027498653,0.059958800032371744
2050-03-17 01:00:00,1802,8745.515076227666,0.04269375482197043
2050-03-17 02:00:00,1803,15229.954793467215,0.0743494179856189
2050-03-17 03:00:00,1804,33299.90650183557,0.16256310021675122
2050-03-17 04:00:00,1805,60744.9191272741,0.29654384690843444
2050-03-17 05:00:00,1806,89669.51650164429,0.4377476133946776
2050-03-17 06:00:00,1807,115710.60016777874,0.5648746758546658
2050-03-17 07:00:00,1808,132510.93348474614,0.6468903496383279
2050-03-17 08:00:00,1809,141833.65391905894,0.6924018989326902
2050-03-17 09:00:00,1810,139670.7247873377,0.681842936396794
2050-03-17 10:00:00,1811,137656.46883839573,0.6720097648930844
2050-03-17 11:00:00,1812,141681.75140089839,0.6916603429682148
2050-03-17 12:00:00,1813,148440.81323143738,0.7246566532031568
2050-03-17 13:00:00,1814,156222.4251714344,0.7626448367909958
2050-03-17 14:00:00,1815,166592.988451634,0.8132717332277867
2050-03-17 15:00:00,1816,176645.14528709243,0.8623442367480909
2050-03-17 16:00:00,1817,175430.69110220327,0.8564155282889273
2050-03-17 17:00:00,1818,163246.8918490271,0.7969367973529807
2050-03-17 18:00:00,1819,138850.84484283705,0.677840455922075
2050-03-17 19:00:00,1820,104602.601096862,0.5106477738640106
2050-03-17 20:00:00,1821,76494.64251289911,0.37343066522374524
2050-03-17 21:00:00,1822,54530.38520719823,0.26620580675826144
2050-03-17 22:00:00,1823,35656.05171087481,0.1740653027746218
2050-03-17 23:00:00,1824,21156.226682313845,0.10328022387016954
2050-03-18 00:00:00,1825,16850.695195344386,0.08226152982176393
2050-03-18 01:00:00,1826,13068.056751909253,0.06379548901381195
2050-03-18 02:00:00,1827,12982.810729954563,0.06337933596517394
2050-03-18 03:00:00,1828,19069.369510319204,0.0930926285515367
2050-03-18 04:00:00,1829,31889.702509069917,0.15567878259894083
2050-03-18 05:00:00,1830,50291.97576485059,0.24551478833459098
2050-03-18 06:00:00,1831,75507.57235437933,0.36861199748689827
2050-03-18 07:00:00,1832,103525.88289107304,0.5053914633220209
2050-03-18 08:00:00,1833,130737.12504603261,0.6382309920220532
2050-03-18 09:00:00,1834,148341.5882362211,0.7241722577637744
2050-03-18 10:00:00,1835,155703.82061660165,0.7601131190453171
2050-03-18 11:00:00,1836,161626.89143913702,0.7890282980011996
2050-03-18 12:00:00,1837,170967.8651129156,0.8346289557498573
2050-03-18 13:00:00,1838,180948.93318923085,0.8833544189841402
2050-03-18 14:00:00,1839,187408.5505860426,0.9148889048296754
2050-03-18 15:00:00,1840,192679.640277383,0.9406212498048069
2050-03-18 16:00:00,1841,187672.7854862456,0.9161788437236508
2050-03-18 17:00:00,1842,168413.14092824075,0.8221573326347424
2050-03-18 18:00:00,1843,142949.1442801561,0.6978474869361239
2050-03-18 19:00:00,1844,110020.76703434464,0.5370981139644379
2050-03-18 20:00:00,1845,85173.85747865996,0.41580075692967644
2050-03-18 21:00:00,1846,63004.56104921343,0.30757494083027315
2050-03-18 22:00:00,1847,45180.28372653643,0.22056058898703937
2050-03-18 23:00:00,1848,30787.69578633345,0.15029901886603464
2050-03-19 00:00:00,1849,20336.05893986734,0.0992763384267516
2050-03-19 01:00:00,1850,20612.011577701247,0.10062348083740064
2050-03-19 02:00:00,1851,12078.847451541596,0.05896637843891753
2050-03-19 03:00:00,1852,13400.700725913232,0.06541938653675324
2050-03-19 04:00:00,1853,24500.90599790597,0.11960824084954233
2050-03-19 05:00:00,1854,39459.02149304925,0.1926305968779798
2050-03-19 06:00:00,1855,59778.53232843516,0.2918261509587734
2050-03-19 07:00:00,1856,84210.93160243028,0.4110999564721677
2050-03-19 08:00:00,1857,112478.14604837362,0.5490945185461178
2050-03-19 09:00:00,1858,142037.93808272821,0.6933991710112
2050-03-19 10:00:00,1859,166343.7326216546,0.8120549189863918
2050-03-19 11:00:00,1860,175315.80375194096,0.855854672544984
2050-03-19 12:00:00,1861,175714.22157727045,0.8577996640981468
2050-03-19 13:00:00,1862,172015.12610997763,0.8397414624293912
2050-03-19 14:00:00,1863,166570.75972337628,0.8131632172780722
2050-03-19 15:00:00,1864,159627.70784247437,0.7792687065333365
2050-03-19 16:00:00,1865,151304.8245909012,0.7386381508876854
2050-03-19 17:00:00,1866,138193.0263599807,0.674629125225182
2050-03-19 18:00:00,1867,119504.7229355957,0.583396780705179
2050-03-19 19:00:00,1868,97777.4284169488,0.47732872444565255
2050-03-19 20:00:00,1869,76880.77210372577,0.3753156682151725
2050-03-19 21:00:00,1870,58207.58359193795,0.28415711150148554
2050-03-19 22:00:00,1871,43597.395663835065,0.21283326426453192
2050-03-19 23:00:00,1872,32326.567190093287,0.15781146356963502
2050-03-20 00:00:00,1873,9941.460761677916,0.04853210870164043
2050-03-20 01:00:00,1874,8297.537041577492,0.04050682080947627
2050-03-20 02:00:00,1875,13990.125207272644,0.06829683218448065
2050-03-20 03:00:00,1876,31404.06518080326,0.15330800388039828
2050-03-20 04:00:00,1877,56945.18636706772,0.27799435526165595
2050-03-20 05:00:00,1878,81125.81709273395,0.3960390799741429
2050-03-20 06:00:00,1879,104517.25696120251,0.510231141845018
2050-03-20 07:00:00,1880,119903.38350441173,0.5853429572806998
2050-03-20 08:00:00,1881,127882.72795522408,0.6242964291635679
2050-03-20 09:00:00,1882,139113.747695226,0.6791238920403662
2050-03-20 10:00:00,1883,157796.22334003804,0.7703277865731386
2050-03-20 11:00:00,1884,171044.60750110273,0.8350035958570614
2050-03-20 12:00:00,1885,176548.5182604155,0.8618725240416164
2050-03-20 13:00:00,1886,175373.45506383327,0.856136114055706
2050-03-20 14:00:00,1887,172355.33955526128,0.8414023125100868
2050-03-20 15:00:00,1888,165512.079233791,0.8079949630513978
2050-03-20 16:00:00,1889,156157.44739645015,0.7623276290370928
2050-03-20 17:00:00,1890,139647.22103618635,0.6817281960549952
2050-03-20 18:00:00,1891,117958.0583185116,0.5758462911824866
2050-03-20 19:00:00,1892,91728.9156181037,0.44780116429389183
2050-03-20 20:00:00,1893,67792.41342532045,0.33094822344285924
2050-03-20 21:00:00,1894,48020.312782522706,0.2344250101385322
2050-03-20 22:00:00,1895,30916.851887427114,0.15092953163352654
2050-03-20 23:00:00,1896,19386.451108602378,0.09464055384783608
2050-03-21 00:00:00,1897,15334.373985089975,0.07485917039322362
2050-03-21 01:00:00,1898,12215.722254441764,0.0596345722760318
2050-03-21 02:00:00,1899,11123.865389166102,0.05430435800043402
2050-03-21 03:00:00,1900,17382.3567852481,0.08485698925094133
2050-03-21 04:00:00,1901,31364.262243523917,0.1531136943593939
2050-03-21 05:00:00,1902,47307.06699125735,0.23094309504551971
2050-03-21 06:00:00,1903,68022.60284025031,0.3320719594787552
2050-03-21 07:00:00,1904,92449.8345110919,0.45132053784656323
2050-03-21 08:00:00,1905,116761.83102568903,0.5700065625551882
2050-03-21 09:00:00,1906,131168.61744668763,0.6403374466562901
2050-03-21 10:00:00,1907,137238.41596253612,0.6699689191762798
2050-03-21 11:00:00,1908,144039.50406689037,0.7031703927909324
2050-03-21 12:00:00,1909,151861.3546663663,0.7413550130033938
2050-03-21 13:00:00,1910,159425.65064241143,0.7782823060201237
2050-03-21 14:00:00,1911,167415.17379775597,0.8172854681856011
2050-03-21 15:00:00,1912,170898.35796913752,0.834289636575518
2050-03-21 16:00:00,1913,165888.40958266545,0.8098321282162703
2050-03-21 17:00:00,1914,148856.114772674,0.7266840674862719
2050-03-21 18:00:00,1915,125053.30667849605,0.6104837929467427
2050-03-21 19:00:00,1916,97663.9140803188,0.4767745714638536
2050-03-21 20:00:00,1917,72784.63184330301,0.3553191778460398
2050-03-21 21:00:00,1918,55210.67052104497,0.26952681577204823
2050-03-21 22:00:00,1919,40434.430927383786,0.19739233942573586
2050-03-21 23:00:00,1920,25108.678620154587,0.1225752582402414
2050-03-22 00:00:00,1921,13031.398074681805,0.06361652910533261
2050-03-22 01:00:00,1922,8307.866464308867,0.04055724686645541
2050-03-22 02:00:00,1923,12624.717892823182,0.06163120247518109
2050-03-22 03:00:00,1924,29444.83388275942,0.1437434510840071
2050-03-22 04:00:00,1925,58560.05022719862,0.285877779063954
2050-03-22 05:00:00,1926,83796.10246964086,0.40907484838717173
2050-03-22 06:00:00,1927,108077.76028547005,0.5276127659854064
2050-03-22 07:00:00,1928,123036.5207480561,0.6006382706084811
2050-03-22 08:00:00,1929,131312.73381112862,0.6410409922651705
2050-03-22 09:00:00,1930,128711.5245011961,0.628342438600703
2050-03-22 10:00:00,1931,127594.83134379609,0.6228909788001247
2050-03-22 11:00:00,1932,132067.84805468871,0.6447273002866116
2050-03-22 12:00:00,1933,138858.94116188143,0.6778799804391822
2050-03-22 13:00:00,1934,144470.36609479852,0.7052737700787505
2050-03-22 14:00:00,1935,154406.4314791763,0.753779539689598
2050-03-22 15:00:00,1936,163840.98498712716,0.7998370343954397
2050-03-22 16:00:00,1937,162816.67902981685,0.7948365893647105
2050-03-22 17:00:00,1938,150500.37416454114,0.7347109940570026
2050-03-22 18:00:00,1939,125554.72941559747,0.6129316326924154
2050-03-22 19:00:00,1940,96294.76777565124,0.47009068879515004
2050-03-22 20:00:00,1941,71302.08767741833,0.34808171080386696
2050-03-22 21:00:00,1942,49644.5130763055,0.2423540124351523
2050-03-22 22:00:00,1943,31910.179453980538,0.15577874671287772
2050-03-22 23:00:00,1944,18412.720063618242,0.0898870048418894
2050-03-23 00:00:00,1945,11233.384208857053,0.05483900571363583
2050-03-23 01:00:00,1946,8943.662628795204,0.04366106926304746
2050-03-23 02:00:00,1947,14479.60341824926,0.07068636128002095
2050-03-23 03:00:00,1948,30144.50841351737,0.14715911415370503
2050-03-23 04:00:00,1949,59549.83834563287,0.29070971530622264
2050-03-23 05:00:00,1950,88560.379585309,0.43233304156474245
2050-03-23 06:00:00,1951,112138.5196945863,0.5474365345219304
2050-03-23 07:00:00,1952,127089.49164629282,0.6204240172822538
2050-03-23 08:00:00,1953,136661.71980490044,0.6671536105127802
2050-03-23 09:00:00,1954,135040.8427302553,0.6592408314690898
2050-03-23 10:00:00,1955,133163.89245394914,0.6500779572174099
2050-03-23 11:00:00,1956,137350.81728859662,0.6705176386758934
2050-03-23 12:00:00,1957,144331.52524287533,0.7045959784061485
2050-03-23 13:00:00,1958,152019.5210694011,0.7421271479289393
2050-03-23 14:00:00,1959,162299.41413171575,0.7923114115398424
2050-03-23 15:00:00,1960,171393.1612378774,0.8367051614767456
2050-03-23 16:00:00,1961,168140.52992683763,0.8208265033863527
2050-03-23 17:00:00,1962,156459.55340411022,0.7638024466674853
2050-03-23 18:00:00,1963,130467.01000287152,0.6369123475138764
2050-03-23 19:00:00,1964,99903.28681323022,0.48770671549203193
2050-03-23 20:00:00,1965,74335.66884838472,0.36289101244212457
2050-03-23 21:00:00,1966,51639.91152355567,0.25209512560418773
2050-03-23 22:00:00,1967,32610.51525398182,0.15919763795915529
2050-03-23 23:00:00,1968,19371.014122877325,0.09456519374863195
2050-03-24 00:00:00,1969,12528.006840374019,0.061159079572658995
2050-03-24 01:00:00,1970,8920.586350384854,0.043548415752754734
2050-03-24 02:00:00,1971,15534.83418650434,0.07583777469681821
2050-03-24 03:00:00,1972,33966.51751681273,0.1658173541957331
2050-03-24 04:00:00,1973,61960.93553099873,0.30248018178952496
2050-03-24 05:00:00,1974,91464.55714331006,0.4465106221349024
2050-03-24 06:00:00,1975,118026.94182716201,0.5761825659020388
2050-03-24 07:00:00,1976,135163.5909763296,0.6598400624437146
2050-03-24 08:00:00,1977,144672.93741865185,0.7062626804355647
2050-03-24 09:00:00,1978,142466.70981317267,0.6954923439089229
2050-03-24 10:00:00,1979,140412.1317562659,0.6854623284027334
2050-03-24 11:00:00,1980,144517.9940145733,0.7055062795092211
2050-03-24 12:00:00,1981,151412.36148598237,0.7391631232641428
2050-03-24 13:00:00,1982,159349.74890766398,0.7779117698052038
2050-03-24 14:00:00,1983,169927.9142945113,0.8295521358163409
2050-03-24 15:00:00,1984,180181.29927003998,0.8796069925543296
2050-03-24 16:00:00,1985,178942.53367969513,0.8735596009558819
2050-03-24 17:00:00,1986,166514.8341704747,0.8128902005577244
2050-03-24 18:00:00,1987,141630.41723192498,0.6914097404130722
2050-03-24 19:00:00,1988,106696.57826207289,0.5208701274835622
2050-03-24 20:00:00,1989,78025.9432635174,0.3809061515999915
2050-03-24 21:00:00,1990,55621.996497154854,0.2715348221870938
2050-03-24 22:00:00,1991,36369.829009006215,0.17754981257173433
2050-03-24 23:00:00,1992,21579.74062989239,0.10534772938402459
2050-03-25 00:00:00,1993,17188.019239638146,0.08390827445796956
2050-03-25 01:00:00,1994,13329.658368805636,0.06507257277565515
2050-03-25 02:00:00,1995,13242.70583586622,0.06464808890133701
2050-03-25 03:00:00,1996,19451.107851686706,0.09495619439190568
2050-03-25 04:00:00,1997,32528.08350490739,0.15879522359546663
2050-03-25 05:00:00,1998,51298.74089338142,0.25042960274931214
2050-03-25 06:00:00,1999,77019.11352683725,0.37599102178195076
2050-03-25 07:00:00,2000,105598.30586264037,0.5155085939271722
2050-03-25 08:00:00,2001,133354.27367672042,0.6510073580790925
2050-03-25 09:00:00,2002,151311.1501460233,0.7386690309098616
2050-03-25 10:00:00,2003,158820.76271229793,0.7753293710862816
2050-03-25 11:00:00,2004,164862.40397799073,0.8048233858666036
2050-03-25 12:00:00,2005,174390.36901874485,0.8513368959179437
2050-03-25 13:00:00,2006,184571.2421228237,0.9010377650366352
2050-03-25 14:00:00,2007,191160.17078178338,0.9332035211131109
2050-03-25 15:00:00,2008,196536.77923831114,0.9594509863814166
2050-03-25 16:00:00,2009,191429.69527153132,0.9345192826644338
2050-03-25 17:00:00,2010,171784.5032735335,0.8386156105213364
2050-03-25 18:00:00,2011,145810.75803872338,0.7118172800401965
2050-03-25 19:00:00,2012,112223.20730008844,0.5478499614995588
2050-03-25 20:00:00,2013,86878.90225698485,0.42412442490026364
2050-03-25 21:00:00,2014,64265.811828558464,0.3137321003655355
2050-03-25 22:00:00,2015,46084.72096170171,0.2249758602699131
2050-03-25 23:00:00,2016,31404.01636032053,0.1533077655491277
2050-03-26 00:00:00,2017,20012.85115761386,0.09769850639606975
2050-03-26 01:00:00,2018,20284.418128597194,0.09902423890877486
2050-03-26 02:00:00,2019,11886.874383547287,0.05802920652555027
2050-03-26 03:00:00,2020,13187.718951533116,0.06437965456240106
2050-03-26 04:00:00,2021,24111.505063468318,0.11770726785053419
2050-03-26 05:00:00,2022,38831.88617553552,0.18956905490443612
2050-03-26 06:00:00,2023,58828.45233047065,0.28718806136189956
2050-03-26 07:00:00,2024,82872.53940679898,0.4045662088589203
2050-03-26 08:00:00,2025,110690.49369175112,0.5403675778507644
2050-03-26 09:00:00,2026,139780.4821602465,0.6823787486763484
2050-03-26 10:00:00,2027,163699.97680853665,0.7991486622924632
2050-03-26 11:00:00,2028,172529.45172432286,0.8422522912926564
2050-03-26 12:00:00,2029,172921.5374268939,0.8441663707618314
2050-03-26 13:00:00,2030,169281.23286680665,0.8263951738670793
2050-03-26 14:00:00,2031,163923.39559569123,0.8002393455556283
2050-03-26 15:00:00,2032,157090.6919279231,0.7668835314474557
2050-03-26 16:00:00,2033,148900.08699159633,0.7268987305584048
2050-03-26 17:00:00,2034,135996.67894127945,0.6639070216806136
2050-03-26 18:00:00,2035,117605.39495118373,0.5741246632156772
2050-03-26 19:00:00,2036,96223.41955336776,0.46974238186495737
2050-03-26 20:00:00,2037,75658.8806128332,0.3693506524011787
2050-03-26 21:00:00,2038,57282.471268693705,0.27964090881163667
2050-03-26 22:00:00,2039,42904.487889759555,0.20945063506970837
2050-03-26 23:00:00,2040,31812.79037183705,0.15530331381279927
2050-03-27 00:00:00,2041,9783.45781784191,0.04776077174932982
2050-03-27 01:00:00,2042,8165.661614585261,0.039863032868117244
2050-03-27 02:00:00,2043,13767.775603826614,0.06721136845003566
2050-03-27 03:00:00,2044,30904.9499502777,0.15087142889376398
2050-03-27 04:00:00,2045,56040.13770256927,0.2735760991101023
2050-03-27 05:00:00,2046,79836.45769194842,0.3897447000943149
2050-03-27 06:00:00,2047,102856.12965524915,0.5021218696854823
2050-03-27 07:00:00,2048,117997.71943270434,0.5760399083531795
2050-03-27 08:00:00,2049,125850.24562728396,0.6143742803326848
2050-03-27 09:00:00,2050,136902.7670262005,0.6683303520628207
2050-03-27 10:00:00,2051,155288.31581012896,0.7580847124643124
2050-03-27 11:00:00,2052,168326.13914633912,0.8217326083374075
2050-03-27 12:00:00,2053,173742.57446765646,0.8481744999357615
2050-03-27 13:00:00,2054,172586.18690685468,0.8425292604536128
2050-03-27 14:00:00,2055,169616.03928703596,0.8280296279951096
2050-03-27 15:00:00,2056,162881.5411148257,0.7951532323446233
2050-03-27 16:00:00,2057,153675.58554247508,0.7502117044092071
2050-03-27 17:00:00,2058,137427.7616541548,0.6708932647939025
2050-03-27 18:00:00,2059,116083.31186981176,0.5666941755510451
2050-03-27 19:00:00,2060,90271.03765136698,0.44068411241876565
2050-03-27 20:00:00,2061,66714.96617796966,0.32568835387416556
2050-03-27 21:00:00,2062,47257.11018458765,0.2306992164818154
2050-03-27 22:00:00,2063,30425.480192317154,0.1485307589489416
2050-03-27 23:00:00,2064,19078.335906155335,0.09313640059950962
2050-03-28 00:00:00,2065,15090.659757382286,0.07366940908200464
2050-03-28 01:00:00,2066,12021.573769520288,0.05868678043735259
2050-03-28 02:00:00,2067,10947.070076605078,0.053441280678816754
2050-03-28 03:00:00,2068,17106.093198264723,0.08350832885231402
2050-03-28 04:00:00,2069,30865.77966422487,0.15068020784223418
2050-03-28 05:00:00,2070,46555.200167738556,0.22727264024185237
2050-03-28 06:00:00,2071,66941.49724594403,0.3267942306340086
2050-03-28 07:00:00,2072,90980.49880139128,0.4441475516937359
2050-03-28 08:00:00,2073,114906.09678551453,0.5609472605044599
2050-03-28 09:00:00,2074,129083.91133443464,0.6301603523563414
2050-03-28 10:00:00,2075,135057.24058308557,0.6593208823182668
2050-03-28 11:00:00,2076,141750.2366376078,0.6919946734083903
2050-03-28 12:00:00,2077,149447.7719516859,0.7295724126916967
2050-03-28 13:00:00,2078,156891.846207307,0.7659128086976364
2050-03-28 14:00:00,2079,164754.38925225227,0.8042960808219441
2050-03-28 15:00:00,2080,168182.21400398383,0.8210299962343037
2050-03-28 16:00:00,2081,163251.89024054533,0.7969611984431536
2050-03-28 17:00:00,2082,146490.29538333937,0.7151346376264032
2050-03-28 18:00:00,2083,123065.79324059378,0.6007811727255707
2050-03-28 19:00:00,2084,96111.709185982,0.4691970354794479
2050-03-28 20:00:00,2085,71627.84163320596,0.34967197271519657
2050-03-28 21:00:00,2086,54333.18902282487,0.2652431366954827
2050-03-28 22:00:00,2087,39791.79312182834,0.19425511758453265
2050-03-28 23:00:00,2088,24709.618173156287,0.12062712954401367
2050-03-29 00:00:00,2089,12824.28577285924,0.06260545065454333
2050-03-29 01:00:00,2090,8175.826836360243,0.039912657330757724
2050-03-29 02:00:00,2091,12424.069155200494,0.06065167777769511
2050-03-29 03:00:00,2092,28976.857420611424,0.14145888897837322
2050-03-29 04:00:00,2093,57629.33594574289,0.2813342287989973
2050-03-29 05:00:00,2094,82464.30343032244,0.4025732871685131
2050-03-29 06:00:00,2095,106360.04476063552,0.5192272421103722
2050-03-29 07:00:00,2096,121081.06061944617,0.5910921278636193
2050-03-29 08:00:00,2097,129225.73711736726,0.6308527158307831
2050-03-29 09:00:00,2098,126665.86984331462,0.6183559852411503
2050-03-29 10:00:00,2099,125566.92460507959,0.6129911670280398
2050-03-29 11:00:00,2100,129968.85016600376,0.6344804365570023
2050-03-29 12:00:00,2101,136652.01020606083,0.6671062103049406
2050-03-29 13:00:00,2102,142174.25088172118,0.6940646212641097
2050-03-29 14:00:00,2103,151952.39909712967,0.7417994726574035
2050-03-29 15:00:00,2104,161237.0060682766,0.7871249600860395
2050-03-29 16:00:00,2105,160228.97976776402,0.7822039888964564
2050-03-29 17:00:00,2106,148108.42204794835,0.7230339897500413
2050-03-29 18:00:00,2107,123559.24661526135,0.603190107729456
2050-03-29 19:00:00,2108,94764.32333160564,0.4626193827264726
2050-03-29 20:00:00,2109,70168.86005685487,0.3425495332513596
2050-03-29 21:00:00,2110,48855.49638000443,0.23850219981020063
2050-03-29 22:00:00,2111,31403.02040094244,0.1533029034861011
2050-03-29 23:00:00,2112,18120.08056496371,0.08845840070618308
2050-03-30 00:00:00,2113,11054.848389281846,0.0539674316049132
2050-03-30 01:00:00,2114,8801.518133718164,0.0429671499033281
2050-03-30 02:00:00,2115,14249.474371263874,0.0695629199476614
2050-03-30 03:00:00,2116,29665.411740560772,0.14482026553096
2050-03-30 04:00:00,2117,58603.39315275221,0.28608937005896373
2050-03-30 05:00:00,2118,87152.86028246205,0.4254618300352714
2050-03-30 06:00:00,2119,110356.2652426896,0.5387359452557273
2050-03-30 07:00:00,2120,125069.61639588296,0.6105634135373269
2050-03-30 08:00:00,2121,134489.71005947364,0.6565503183414308
2050-03-30 09:00:00,2122,132894.5940357855,0.6487632992997447
2050-03-30 10:00:00,2123,131047.4747453338,0.639746053611399
2050-03-30 11:00:00,2124,135167.85546712636,0.659860880785794
2050-03-30 12:00:00,2125,142037.6166451031,0.693397601820702
2050-03-30 13:00:00,2126,149603.42460447852,0.730332276020248
2050-03-30 14:00:00,2127,159719.93603234654,0.7797189450489362
2050-03-30 15:00:00,2128,168669.1530763476,0.823407129792194
2050-03-30 16:00:00,2129,165468.21707007234,0.8077808372454912
2050-03-30 17:00:00,2130,153972.8901335943,0.7516630825396037
2050-03-30 18:00:00,2131,128393.45477604886,0.6267896894780539
2050-03-30 19:00:00,2132,98315.49084404708,0.4799554314081608
2050-03-30 20:00:00,2133,73154.22759075428,0.3571234661112123
2050-03-30 21:00:00,2134,50819.1814447371,0.2480884949535422
2050-03-30 22:00:00,2135,32092.225505881914,0.15666745703336094
2050-03-30 23:00:00,2136,19063.144116913532,0.09306223749767477
2050-03-31 00:00:00,2137,12328.89508395026,0.06018705809229644
2050-03-31 01:00:00,2138,8778.808500819936,0.04285628627887568
2050-03-31 02:00:00,2139,15287.933945084758,0.07463245994053747
2050-03-31 03:00:00,2140,33426.67641704075,0.16318196412944216
2050-03-31 04:00:00,2141,60976.169866249205,0.29767276410383664
2050-03-31 05:00:00,2142,90010.88077482146,0.4394140815737357
2050-03-31 06:00:00,2143,116151.10059155665,0.567025105752485
2050-03-31 07:00:00,2144,133015.39138285615,0.6493530063980719
2050-03-31 08:00:00,2145,142373.60261115714,0.6950378142419608
2050-03-31 09:00:00,2146,140202.43945252415,0.6844386549282756
2050-03-31 10:00:00,2147,138180.51534100983,0.6745680490767952
2050-03-31 11:00:00,2148,142221.12184225116,0.6942934353796529
2050-03-31 12:00:00,2149,149005.91484427848,0.727415359751353
2050-03-31 13:00:00,2150,156817.15070350736,0.7655481610470717
2050-03-31 14:00:00,2151,167227.19385860302,0.8163677898826432
2050-03-31 15:00:00,2152,177317.61840607208,0.8656271082789084
2050-03-31 16:00:00,2153,176098.54087502148,0.8596758296216772
2050-03-31 17:00:00,2154,163868.35895375532,0.7999706683105998
2050-03-31 18:00:00,2155,139379.43825648623,0.6804209371637334
2050-03-31 19:00:00,2156,105000.81436322872,0.5125917668035838
2050-03-31 20:00:00,2157,76785.85110685292,0.37485228398535597
2050-03-31 21:00:00,2158,54737.9777852347,0.2672192298159429
2050-03-31 22:00:00,2159,35791.79126036697,0.17472795454471773
2050-03-31 23:00:00,2160,21236.766615459117,0.10367340278863357
2050-04-01 00:00:00,2161,16914.844358080623,0.08257469246593344
2050-04-01 01:00:00,2162,13117.805760123203,0.06403835314940712
2050-04-01 02:00:00,2163,13032.235229670927,0.06362061591892129
2050-04-01 03:00:00,2164,19141.964995284314,0.09344702435433022
2050-04-01 04:00:00,2165,32011.103886062872,0.1562714384435892
2050-04-01 05:00:00,2166,50483.4330522069,0.24644944231597724
2050-04-01 06:00:00,2167,75795.02326194021,0.37001527201833395
2050-04-01 07:00:00,2168,103919.99719190101,0.5073154459788136
2050-04-01 08:00:00,2169,131234.8302392931,0.640660683504999
2050-04-01 09:00:00,2170,148906.3121216037,0.726929120326412
2050-04-01 10:00:00,2171,156296.5718685095,0.7630068052832105
2050-04-01 11:00:00,2172,162242.19130926876,0.7920320618239619
2050-04-01 12:00:00,2173,171618.7252962639,0.8378063175003148
2050-04-01 13:00:00,2174,181637.79047683763,0.8867172745607494
2050-04-01 14:00:00,2175,188121.99907001734,0.9183718094256232
2050-04-01 15:00:00,2176,193413.1553836795,0.9442021154066008
2050-04-01 16:00:00,2177,188387.23986924588,0.9196666589058818
2050-04-01 17:00:00,2178,169054.27553562488,0.8252872161804174
2050-04-01 18:00:00,2179,143493.3396072399,0.7005041334191804
2050-04-01 19:00:00,2180,110439.60675376642,0.5391428008850863
2050-04-01 20:00:00,2181,85498.10711594408,0.4173836750762531
2050-04-01 21:00:00,2182,63244.41409089903,0.3087458526480189
2050-04-01 22:00:00,2183,45352.28121588305,0.22140024435052044
2050-04-01 23:00:00,2184,30904.90192099128,0.15087119442494645
2050-04-02 00:00:00,2185,19628.003393045114,0.0958197610093122
2050-04-02 01:00:00,2186,19894.348168237888,0.09711999986672414
2050-04-02 02:00:00,2187,11658.289440811337,0.0569133031835401
2050-04-02 03:00:00,2188,12934.11870996891,0.06314163182254377
2050-04-02 04:00:00,2189,23647.84010398826,0.11544375358899121
2050-04-02 05:00:00,2190,38085.14780144742,0.18592363610616153
2050-04-02 06:00:00,2191,57697.179384530034,0.2816654261174641
2050-04-02 07:00:00,2192,81278.89793078725,0.3967863882471061
2050-04-02 08:00:00,2193,108561.91211086775,0.5299762927931441
2050-04-02 09:00:00,2194,137092.49920457957,0.669256584427061
2050-04-02 10:00:00,2195,160552.02128323077,0.7837810092478528
2050-04-02 11:00:00,2196,169211.70508650754,0.8260557539496093
2050-04-02 12:00:00,2197,169596.25098963335,0.8279330257126497
2050-04-02 13:00:00,2198,166025.9495846836,0.8105035694147811
2050-04-02 14:00:00,2199,160771.143688498,0.7848507184833796
2050-04-02 15:00:00,2200,154069.83311954307,0.7521363376924142
2050-04-02 16:00:00,2201,146036.73376043182,0.7129204457170316
2050-04-02 17:00:00,2202,133381.45865379638,0.6511400693872322
2050-04-02 18:00:00,2203,115343.83963393849,0.5630842285026609
2050-04-02 19:00:00,2204,94373.04029250809,0.4607092216906023
2050-04-02 20:00:00,2205,74203.95803460124,0.362248028107633
2050-04-02 21:00:00,2206,56180.92760769622,0.2742634056481971
2050-04-02 22:00:00,2207,42079.43329002071,0.20542289302261751
2050-04-02 23:00:00,2208,31201.029439551734,0.1523168263360759
2050-04-03 00:00:00,2209,9595.321617594613,0.04684233061276043
2050-04-03 01:00:00,2210,8008.635715287419,0.03909646564058543
2050-04-03 02:00:00,2211,13503.020884025344,0.06591889190672946
2050-04-03 03:00:00,2212,30310.646803546548,0.14797016663358734
2050-04-03 04:00:00,2213,54962.48414182996,0.2683152223630836
2050-04-03 05:00:00,2214,78301.20017649987,0.3822498976290699
2050-04-03 06:00:00,2215,100878.20313738471,0.4924660507801877
2050-04-03 07:00:00,2216,115728.61968967321,0.564962643349212
2050-04-03 08:00:00,2217,123430.14159864858,0.6025598443455948
2050-04-03 09:00:00,2218,134270.1226625309,0.6554783391148955
2050-04-03 10:00:00,2219,152302.11674835405,0.7435067202612495
2050-04-03 11:00:00,2220,165089.2223831609,0.8059306653458613
2050-04-03 12:00:00,2221,170401.49949891077,0.8318640786153308
2050-04-03 13:00:00,2222,169267.34929587948,0.8263273972103528
2050-04-03 14:00:00,2223,166354.3176995985,0.8121065930980443
2050-04-03 15:00:00,2224,159749.3241173402,0.7798624114639467
2050-04-03 16:00:00,2225,150720.39935523653,0.7357851105000399
2050-04-03 17:00:00,2226,134785.0216131523,0.6579919668845936
2050-04-03 18:00:00,2227,113851.02621900356,0.5557966291586928
2050-04-03 19:00:00,2228,88535.12283877634,0.4322097434702715
2050-04-03 20:00:00,2229,65432.03533331044,0.31942535684563034
2050-04-03 21:00:00,2230,46348.354544413014,0.22626286365907988
2050-04-03 22:00:00,2231,29840.397294078783,0.14567450799171477
2050-04-03 23:00:00,2232,18711.45894676221,0.091345384882581
2050-04-04 00:00:00,2233,14800.465923756603,0.072252744165682
2050-04-04 01:00:00,2234,11790.398546829518,0.05755823189647793
2050-04-04 02:00:00,2235,10736.557570153336,0.052413603148211446
2050-04-04 03:00:00,2236,16777.14248812304,0.08190246106237935
2050-04-04 04:00:00,2237,30272.229779534402,0.1477826228480163
2050-04-04 05:00:00,2238,45659.94225373986,0.22290218046337856
2050-04-04 06:00:00,2239,65654.21024399449,0.3205099677669609
2050-04-04 07:00:00,2240,89230.94104844745,0.4356065807960811
2050-04-04 08:00:00,2241,112696.44907292201,0.550160227738284
2050-04-04 09:00:00,2242,126601.623796967,0.618042349631682
2050-04-04 10:00:00,2243,132460.0857566776,0.646642121784795
2050-04-04 11:00:00,2244,139024.37525704832,0.6786875947005135
2050-04-04 12:00:00,2245,146573.88672233158,0.7155427128628034
2050-04-04 13:00:00,2246,153874.8112464199,0.7511842821572663
2050-04-04 14:00:00,2247,161586.15735521755,0.7888294428192467
2050-04-04 15:00:00,2248,164948.06492486983,0.8052415644909611
2050-04-04 16:00:00,2249,160112.5513918782,0.7816356101913643
2050-04-04 17:00:00,2250,143673.2825365324,0.7013825767399224
2050-04-04 18:00:00,2251,120699.23430433571,0.5892281325540446
2050-04-04 19:00:00,2252,94263.47806963878,0.46017436209226403
2050-04-04 20:00:00,2253,70250.43604802406,0.34294776998595783
2050-04-04 21:00:00,2254,53288.360115520336,0.2601425029637291
2050-04-04 22:00:00,2255,39026.59571316193,0.19051958568375152
2050-04-04 23:00:00,2256,24234.451486328668,0.11830746628231166
2050-04-05 00:00:00,2257,12577.674370058929,0.06140154594730907
2050-04-05 01:00:00,2258,8018.605449130899,0.03914513577249234
2050-04-05 02:00:00,2259,12185.153950230437,0.05948534428043103
2050-04-05 03:00:00,2260,28419.63157097448,0.13873863024032235
2050-04-05 04:00:00,2261,56521.12203732378,0.2759241628984818
2050-04-05 05:00:00,2262,80878.51239004564,0.39483179072349656
2050-04-05 06:00:00,2263,104314.73786023528,0.509242486429288
2050-04-05 07:00:00,2264,118752.66810797989,0.5797254081052752
2050-04-05 08:00:00,2265,126740.72223570343,0.6187213987886236
2050-04-05 09:00:00,2266,124230.0813384949,0.6064649809587811
2050-04-05 10:00:00,2267,123152.26883316819,0.6012033282779055
2050-04-05 11:00:00,2268,127469.54522541085,0.6222793584696681
2050-04-05 12:00:00,2269,134024.1879000573,0.6542777376226188
2050-04-05 13:00:00,2270,139440.235710142,0.6807177374730984
2050-04-05 14:00:00,2271,149030.34983703264,0.727534646217688
2050-04-05 15:00:00,2272,158136.41351278935,0.7719885230422538
2050-04-05 16:00:00,2273,157147.7715965553,0.7671621823166912
2050-04-05 17:00:00,2274,145260.29258587048,0.7091300241293413
2050-04-05 18:00:00,2275,121183.19852785219,0.5915907435290783
2050-04-05 19:00:00,2276,92942.00253698915,0.4537231980496183
2050-04-05 20:00:00,2277,68819.51074016314,0.3359622952906563
2050-04-05 21:00:00,2278,47916.00367688136,0.23391579514740424
2050-04-05 22:00:00,2279,30799.13935035607,0.15035488392514354
2050-04-05 23:00:00,2280,17771.630844299965,0.0867573428711517
2050-04-06 00:00:00,2281,10842.263338901146,0.05292963635321434
2050-04-06 01:00:00,2282,8632.264700422636,0.04214089044108807
2050-04-06 02:00:00,2283,13975.45656795355,0.06822522298991604
2050-04-06 03:00:00,2284,29094.944953319915,0.1420353673361422
2050-04-06 04:00:00,2285,57476.448132882906,0.28058786283420073
2050-04-06 05:00:00,2286,85476.90813991247,0.41728018615910173
2050-04-06 06:00:00,2287,108234.11092111457,0.5283760367186089
2050-04-06 07:00:00,2288,122664.52386222607,0.5988222604936126
2050-04-06 08:00:00,2289,131903.4688660906,0.6439248358560239
2050-04-06 09:00:00,2290,130339.02694499271,0.6362875612952468
2050-04-06 10:00:00,2291,128527.42781328326,0.6274437175089458
2050-04-06 11:00:00,2292,132568.5735096731,0.6471717360484723
2050-04-06 12:00:00,2293,139306.22894489623,0.6800635447891888
2050-04-06 13:00:00,2294,146726.54618306717,0.7162879640608278
2050-04-06 14:00:00,2295,156648.51682045497,0.7647249260980764
2050-04-06 15:00:00,2296,165425.64010353282,0.8075729855003787
2050-04-06 16:00:00,2297,162286.25824663596,0.7922471872915086
2050-04-06 17:00:00,2298,151011.98678755012,0.7372085786703942
2050-04-06 18:00:00,2299,125924.44474140613,0.6147365047138365
2050-04-06 19:00:00,2300,96424.88094426495,0.47072587376384367
2050-04-06 20:00:00,2301,71747.46958819222,0.3502559710887081
2050-04-06 21:00:00,2302,49841.927064716634,0.24331774577117532
2050-04-06 22:00:00,2303,31475.091011367243,0.15365473696240603
2050-04-06 23:00:00,2304,18696.559247799687,0.09127264770370902
2050-04-07 00:00:00,2305,12091.810053443534,0.05902965911965873
2050-04-07 01:00:00,2306,8609.991737612208,0.04203215854764338
2050-04-07 02:00:00,2307,14993.946511919576,0.07319727547365427
2050-04-07 03:00:00,2308,32783.88040384132,0.16004396995198383
2050-04-07 04:00:00,2309,59803.596242716405,0.2919485076869793
2050-04-07 05:00:00,2310,88279.96880694883,0.43096413545499385
2050-04-07 06:00:00,2311,113917.5113620319,0.5561211955645607
2050-04-07 07:00:00,2312,130457.50134870507,0.6368659282754289
2050-04-07 08:00:00,2313,139635.75387976976,0.681672215822809
2050-04-07 09:00:00,2314,137506.342301321,0.671276878892629
2050-04-07 10:00:00,2315,135523.29980593285,0.6615960848671535
2050-04-07 11:00:00,2316,139486.20534295027,0.6809421514973457
2050-04-07 12:00:00,2317,146140.52656529396,0.7134271402369592
2050-04-07 13:00:00,2318,153801.55210681877,0.7508266465329105
2050-04-07 14:00:00,2319,164011.40982893037,0.8006690124262474
2050-04-07 15:00:00,2320,173907.79520643142,0.8489810726363148
2050-04-07 16:00:00,2321,172712.1605568007,0.843144237167728
2050-04-07 17:00:00,2322,160717.16542485618,0.7845872080173233
2050-04-07 18:00:00,2323,136699.16741447407,0.6673364218221051
2050-04-07 19:00:00,2324,102981.64551910409,0.5027346115847281
2050-04-07 20:00:00,2325,75309.25682490066,0.36764386301807017
2050-04-07 21:00:00,2326,53685.364818583854,0.2620805959528814
2050-04-07 22:00:00,2327,35103.51400827658,0.17136793057881522
2050-04-07 23:00:00,2328,20828.38292309509,0.10167975998050735
2050-04-08 00:00:00,2329,16589.57138022083,0.08098677858711495
2050-04-08 01:00:00,2330,12865.549972823686,0.06280689375090201
2050-04-08 02:00:00,2331,12781.624978356904,0.062397189679046984
2050-04-08 03:00:00,2332,18773.864432600636,0.09165003526494371
2050-04-08 04:00:00,2333,31395.529367399336,0.1532663338447861
2050-04-08 05:00:00,2334,49512.63509157054,0.24171021200743428
2050-04-08 06:00:00,2335,74337.48263429425,0.36289986696129767
2050-04-08 07:00:00,2336,101921.61250214055,0.4975597546054687
2050-04-08 08:00:00,2337,128711.1804757958,0.6283407591414644
2050-04-08 09:00:00,2338,146042.83921642168,0.7129502512617978
2050-04-08 10:00:00,2339,153290.98402131477,0.7483341611306862
2050-04-08 11:00:00,2340,159122.26901077206,0.7768012610632739
2050-04-08 12:00:00,2341,168318.4919766497,0.8216952764724508
2050-04-08 13:00:00,2342,178144.8902461188,0.8696656744242097
2050-04-08 14:00:00,2343,184504.4072951643,0.9007114915443609
2050-04-08 15:00:00,2344,189693.81453461014,0.9260450800661505
2050-04-08 16:00:00,2345,184764.5474898814,0.901981440952233
2050-04-08 17:00:00,2346,165803.3566955061,0.8094169180108529
2050-04-08 18:00:00,2347,140733.95834309782,0.6870334177295063
2050-04-08 19:00:00,2348,108315.84973134163,0.5287750683014095
2050-04-08 20:00:00,2349,83853.97589063908,0.40935737418757007
2050-04-08 21:00:00,2350,62028.22209010928,0.3028086605391973
2050-04-08 22:00:00,2351,44480.15544680543,0.21714271081082834
2050-04-08 23:00:00,2352,30310.599702828193,0.14796993669784267
2050-04-09 00:00:00,2353,19505.698953030125,0.0952226966019988
2050-04-09 01:00:00,2354,19770.384114928962,0.09651483357833762
2050-04-09 02:00:00,2355,11585.64525141617,0.056558669616020615
2050-04-09 03:00:00,2356,12853.524670962426,0.06274818877070933
2050-04-09 04:00:00,2357,23500.487594112903,0.11472440980258337
2050-04-09 05:00:00,2358,37847.834693215416,0.18476512370631015
2050-04-09 06:00:00,2359,57337.661367462824,0.279910335200467
2050-04-09 07:00:00,2360,80772.4394093673,0.3943139648675185
2050-04-09 08:00:00,2361,107885.44987199566,0.526673947222758
2050-04-09 09:00:00,2362,136238.25946859526,0.6650863667178223
2050-04-09 10:00:00,2363,159551.60247616077,0.7788971762321811
2050-04-09 11:00:00,2364,168157.32674431216,0.8209085018965372
2050-04-09 12:00:00,2365,168539.4765018116,0.8227740761834429
2050-04-09 13:00:00,2366,164991.42206762795,0.8054532248913562
2050-04-09 14:00:00,2367,159769.35949458418,0.7799602199379319
2050-04-09 15:00:00,2368,153109.8055915489,0.7474496863579562
2050-04-09 16:00:00,2369,145126.76143206874,0.7084781532799042
2050-04-09 17:00:00,2370,132550.34285931467,0.6470827378694213
2050-04-09 18:00:00,2371,114625.11840223764,0.559575583467563
2050-04-09 19:00:00,2372,93784.99062013178,0.457838487569542
2050-04-09 20:00:00,2373,73741.58431376902,0.3599908174000565
2050-04-09 21:00:00,2374,55830.85754268038,0.2725544376347609
2050-04-09 22:00:00,2375,41817.23132036083,0.20414287846556467
2050-04-09 23:00:00,2376,31006.612099089132,0.15136772200151105
2050-04-10 00:00:00,2377,9535.532020733372,0.04655045044709278
2050-04-10 01:00:00,2378,7958.732956362969,0.0388528509265417
2050-04-10 02:00:00,2379,13418.881955801879,0.06550814345552383
2050-04-10 03:00:00,2380,30121.777539798768,0.1470481468360602
2050-04-10 04:00:00,2381,54620.006340103464,0.26664331817317216
2050-04-10 05:00:00,2382,77813.29604998049,0.3798680528809123
2050-04-10 06:00:00,2383,100249.61900752576,0.48939743601121566
2050-04-10 07:00:00,2384,115007.50084354237,0.5614422936675907
2050-04-10 08:00:00,2385,122661.03365921453,0.5988052220607297
2050-04-10 09:00:00,2386,133433.46950365967,0.6513939753553531
2050-04-10 10:00:00,2387,151353.104071805,0.7388738411017748
2050-04-10 11:00:00,2388,164060.53173574025,0.8009088151854273
2050-04-10 12:00:00,2389,169339.70742160754,0.8266806342755553
2050-04-10 13:00:00,2390,168212.6242409936,0.8211784525792596
2050-04-10 14:00:00,2391,165317.7440907484,0.8070462599872517
2050-04-10 15:00:00,2392,158753.90700776174,0.7750029956775104
2050-04-10 16:00:00,2393,149781.24255490265,0.7312003456436129
2050-04-10 17:00:00,2394,133945.1600533169,0.6538919403901592
2050-04-10 18:00:00,2395,113141.60687529513,0.5523333939733142
2050-04-10 19:00:00,2396,87983.4499165359,0.42951659294926037
2050-04-10 20:00:00,2397,65024.32050622765,0.31743497929633413
2050-04-10 21:00:00,2398,46059.552422121196,0.2248529927831257
2050-04-10 22:00:00,2399,29654.458219756063,0.144766792759191
2050-04-10 23:00:00,2400,18594.86561827819,0.09077620091379393
2050-04-11 00:00:00,2401,14708.242457424194,0.0718025287094042
2050-04-11 01:00:00,2402,11716.931167943721,0.05719957969197953
2050-04-11 02:00:00,2403,10669.65679384806,0.05208700770859682
2050-04-11 03:00:00,2404,16672.602105657912,0.08139211702671548
2050-04-11 04:00:00,2405,30083.599901435533,0.14686177168059425
2050-04-11 05:00:00,2406,45375.42970360544,0.22151325037140143
2050-04-11 06:00:00,2407,65245.111030388834,0.3185128319354743
2050-04-11 07:00:00,2408,88674.93240528759,0.43289226420259774
2050-04-11 08:00:00,2409,111994.2240531326,0.5467321137205932
2050-04-11 09:00:00,2410,125812.75396804087,0.6141912539821907
2050-04-11 10:00:00,2411,131634.71115597893,0.6426128175607022
2050-04-11 11:00:00,2412,138158.0977746226,0.6744586112592741
2050-04-11 12:00:00,2413,145660.5673298153,0.7110840807664237
2050-04-11 13:00:00,2414,152915.9989337899,0.7465035632471836
2050-04-11 14:00:00,2415,160579.29472612523,0.7839141524274068
2050-04-11 15:00:00,2416,163920.25384619532,0.8002240081991066
2050-04-11 16:00:00,2417,159114.87096239068,0.776765145355851
2050-04-11 17:00:00,2418,142778.03716006788,0.6970121781670386
2050-04-11 18:00:00,2419,119947.14297092792,0.5855565817405857
2050-04-11 19:00:00,2420,93676.1110786503,0.4573069606773439
2050-04-11 20:00:00,2421,69812.69719203253,0.3408108214779675
2050-04-11 21:00:00,2422,52956.31397434162,0.258521523934192
2050-04-11 22:00:00,2423,38783.41633208048,0.18933243538063543
2050-04-11 23:00:00,2424,24083.44373258556,0.11757027836846891
2050-04-12 00:00:00,2425,12499.301380451177,0.06101894558886095
2050-04-12 01:00:00,2426,7968.640564666998,0.038901217774705295
2050-04-12 02:00:00,2427,12109.2268078864,0.05911468403099865
2050-04-12 03:00:00,2428,28242.545454258805,0.1378741332743306
2050-04-12 04:00:00,2429,56168.93217198565,0.27420484646823506
2050-04-12 05:00:00,2430,80374.54873156383,0.39237154673707986
2050-04-12 06:00:00,2431,103664.74027555903,0.5060693357030976
2050-04-12 07:00:00,2432,118012.70604851155,0.5761130698417033
2050-04-12 08:00:00,2433,125950.98565931182,0.614866071861333
2050-04-12 09:00:00,2434,123455.98887970386,0.6026860253047002
2050-04-12 10:00:00,2435,122384.89234782812,0.597457158585704
2050-04-12 11:00:00,2436,126675.2672737632,0.6184018615089322
2050-04-12 12:00:00,2437,133189.067189028,0.6502008549493098
2050-04-12 13:00:00,2438,138571.36695605048,0.676476103991671
2050-04-12 14:00:00,2439,148101.72393680972,0.7230012909881924
2050-04-12 15:00:00,2440,157151.04663692726,0.7671781703710772
2050-04-12 16:00:00,2441,156168.56506870335,0.7623819031615134
2050-04-12 17:00:00,2442,144355.15836309132,0.7047113503003577
2050-04-12 18:00:00,2443,120428.09154776575,0.5879044709663793
2050-04-12 19:00:00,2444,92362.86983211534,0.4508959946778608
2050-04-12 20:00:00,2445,68390.68815294186,0.33386887412090566
2050-04-12 21:00:00,2446,47617.43333222797,0.23245823787597578
2050-04-12 22:00:00,2447,30607.226232949775,0.1494180046778667
2050-04-12 23:00:00,2448,17660.89368543882,0.08621674748381418
2050-04-13 00:00:00,2449,10774.70390758017,0.05259982549912641
2050-04-13 01:00:00,2450,8578.476036602548,0.0418783055612588
2050-04-13 02:00:00,2451,13888.37383614984,0.06780010351228104
2050-04-13 03:00:00,2452,28913.650873484905,0.141150327984236
2050-04-13 04:00:00,2453,57118.305527410645,0.2788394863856943
2050-04-13 05:00:00,2454,84944.2913253975,0.41468006352541353
2050-04-13 06:00:00,2455,107559.69126076541,0.5250836625845421
2050-04-13 07:00:00,2456,121900.18657014385,0.5950909275000708
2050-04-13 08:00:00,2457,131081.56261274993,0.6399124633701362
2050-04-13 09:00:00,2458,129526.86890836657,0.632322777541496
2050-04-13 10:00:00,2459,127726.55806669868,0.6235340407995708
2050-04-13 11:00:00,2460,131742.5229078587,0.643139131729915
2050-04-13 12:00:00,2461,138438.1952003711,0.6758259876478502
2050-04-13 13:00:00,2462,145812.27555495186,0.7118246882334514
2050-04-13 14:00:00,2463,155672.4212179668,0.759959833822527
2050-04-13 15:00:00,2464,164394.85318547298,0.8025409017900704
2050-04-13 16:00:00,2465,161275.0332065188,0.7873106005317472
2050-04-13 17:00:00,2466,150071.0130760662,0.7326149440380311
2050-04-13 18:00:00,2467,125139.79449663099,0.6109060081816781
2050-04-13 19:00:00,2468,95824.04599534022,0.46779272462691157
2050-04-13 20:00:00,2469,71300.40254626842,0.34807348435001834
2050-04-13 21:00:00,2470,49531.35607470244,0.2418016038873742
2050-04-13 22:00:00,2471,31278.96595599136,0.1526972959248365
2050-04-13 23:00:00,2472,18580.05874748736,0.09070391690242192
2050-04-14 00:00:00,2473,12016.464540773763,0.05866183826327454
2050-04-14 01:00:00,2474,8556.341848882003,0.04177025113845035
2050-04-14 02:00:00,2475,14900.517441867525,0.07274117451501669
2050-04-14 03:00:00,2476,32579.600129182818,0.15904671685880217
2050-04-14 04:00:00,2477,59430.95288962413,0.29012934165567206
2050-04-14 05:00:00,2478,87729.88578560279,0.4282787464938662
2050-04-14 06:00:00,2479,113207.67774159223,0.5526559379678047
2050-04-14 07:00:00,2480,129644.60508203619,0.6328975406387539
2050-04-14 08:00:00,2481,138765.66682298278,0.677424634845308
2050-04-14 09:00:00,2482,136649.5238754171,0.6670940725646263
2050-04-14 10:00:00,2483,134678.83794153295,0.6574736006588541
2050-04-14 11:00:00,2484,138617.0501472316,0.6766991196684805
2050-04-14 12:00:00,2485,145229.90749863288,0.7089816905602536
2050-04-14 13:00:00,2486,152843.19627142692,0.7461481560481541
2050-04-14 14:00:00,2487,162989.43515516532,0.7956799482286921
2050-04-14 15:00:00,2488,172824.15497435382,0.8436909702260746
2050-04-14 16:00:00,2489,171635.97046226403,0.8378905047531702
2050-04-14 17:00:00,2490,159715.71758215516,0.7796983514673542
2050-04-14 18:00:00,2491,135847.37858349923,0.6631781689127271
2050-04-14 19:00:00,2492,102339.95459599531,0.49960201222335265
2050-04-14 20:00:00,2493,74839.9958477926,0.3653530301820914
2050-04-14 21:00:00,2494,53350.844905246704,0.260447540490899
2050-04-14 22:00:00,2495,34884.77981733644,0.17030011652352137
2050-04-14 23:00:00,2496,20698.59877598268,0.10104618122519109
2050-04-15 00:00:00,2497,16486.199778899616,0.08048214029378459
2050-04-15 01:00:00,2498,12785.383199862948,0.06241553652153107
2050-04-15 02:00:00,2499,12701.981155465099,0.06200838538130242
2050-04-15 03:00:00,2500,18656.88224414143,0.09107895296400631
2050-04-15 04:00:00,2501,31199.900071432312,0.15231131299979164
2050-04-15 05:00:00,2502,49204.11594999735,0.2402040868137319
2050-04-15 06:00:00,2503,73874.27689949592,0.3606385945375194
2050-04-15 07:00:00,2504,101286.52677335026,0.49445940040567915
2050-04-15 08:00:00,2505,127909.1657501957,0.6244254928867121
2050-04-15 09:00:00,2506,145132.8288542323,0.7085077731515749
2050-04-15 10:00:00,2507,152335.80959736052,0.743671201623662
2050-04-15 11:00:00,2508,158130.75915155216,0.7719609196466584
2050-04-15 12:00:00,2509,167269.67935797162,0.8165751951043737
2050-04-15 13:00:00,2510,177034.84817168795,0.8642466838039037
2050-04-15 14:00:00,2511,183354.73830646096,0.8950990507101391
2050-04-15 15:00:00,2512,188511.8097363405,0.9202747826490333
2050-04-15 16:00:00,2513,183613.2575320915,0.8963610868897847
2050-04-15 17:00:00,2514,164770.2161941914,0.8043733446049051
2050-04-15 18:00:00,2515,139857.02825555627,0.6827524305232437
2050-04-15 19:00:00,2516,107640.92073511962,0.525480207697342
2050-04-15 20:00:00,2517,83331.47175039735,0.40680661949073327
2050-04-15 21:00:00,2518,61641.716835767154,0.30092182363794484
2050-04-15 22:00:00,2519,44202.99428256929,0.2157896686299013
2050-04-15 23:00:00,2520,30121.73073397166,0.14704791833991226
2050-04-16 00:00:00,2521,19107.390880445135,0.09327824083852074
2050-04-16 01:00:00,2522,19366.67122439798,0.09454399263683033
2050-04-16 02:00:00,2523,11349.065415471996,0.05540373689638264
2050-04-16 03:00:00,2524,12591.05459946639,0.06146686539719907
2050-04-16 04:00:00,2525,23020.605672803697,0.11238172776347027
2050-04-16 05:00:00,2526,37074.97866472107,0.18099220404341798
2050-04-16 06:00:00,2527,56166.82143233049,0.27419454228368506
2050-04-16 07:00:00,2528,79123.05931334646,0.38626204010219906
2050-04-16 08:00:00,2529,105682.41980798735,0.515919220417259
2050-04-16 09:00:00,2530,133456.26261010015,0.6515052464799832
2050-04-16 10:00:00,2531,156293.54524418074,0.7629920299434044
2050-04-16 11:00:00,2532,164723.53982458718,0.804145480441103
2050-04-16 12:00:00,2533,165097.88608586564,0.80597295970999
2050-04-16 13:00:00,2534,161622.28320348635,0.7890058015694495
2050-04-16 14:00:00,2535,156506.8555928378,0.7640333659478793
2050-04-16 15:00:00,2536,149983.29034401628,0.7321867002145617
2050-04-16 16:00:00,2537,142163.26061480353,0.6940109691055896
2050-04-16 17:00:00,2538,129843.65359918433,0.6338692533983488
2050-04-16 18:00:00,2539,112284.46377758001,0.548149002666201
2050-04-16 19:00:00,2540,91869.89320291133,0.4484893870444913
2050-04-16 20:00:00,2541,72235.77490760147,0.352639774375697
2050-04-16 21:00:00,2542,54690.78670617267,0.26698885294943503
2050-04-16 22:00:00,2543,40963.31992493847,0.19997426364550147
2050-04-16 23:00:00,2544,30373.454442439153,0.14827678024210042
2050-04-17 00:00:00,2545,9340.815633987815,0.045599886231826384
2050-04-17 01:00:00,2546,7796.214991377421,0.03805947259595954
2050-04-17 02:00:00,2547,13144.86728865574,0.0641704618078687
2050-04-17 03:00:00,2548,29506.688257578866,0.1440454110589417
2050-04-17 04:00:00,2549,53504.66116777808,0.2611984389506132
2050-04-17 05:00:00,2550,76224.3419402066,0.3721111149996377
2050-04-17 06:00:00,2551,98202.51326410215,0.47940389875896794
2050-04-17 07:00:00,2552,112659.03791358312,0.5499775943712955
2050-04-17 08:00:00,2553,120156.28499373728,0.5865775688599225
2050-04-17 09:00:00,2554,130708.74676465722,0.6380924552547217
2050-04-17 10:00:00,2555,148262.46081658994,0.7237859744375228
2050-04-17 11:00:00,2556,160710.40179378586,0.7845541894010262
2050-04-17 12:00:00,2557,165881.77628205923,0.8097997458457326
2050-04-17 13:00:00,2558,164777.70821853256,0.8044099190830866
2050-04-17 14:00:00,2559,161941.94175709077,0.7905663070165706
2050-04-17 15:00:00,2560,155512.13875909595,0.7591773687599607
2050-04-17 16:00:00,2561,146722.6968824555,0.7162691725894144
2050-04-17 17:00:00,2562,131209.98852548862,0.6405394115125227
2050-04-17 18:00:00,2563,110831.24561926252,0.5410546989901728
2050-04-17 19:00:00,2564,86186.82039095764,0.42074582761384255
2050-04-17 20:00:00,2565,63696.51834408858,0.3109529299866781
2050-04-17 21:00:00,2566,45119.01250137317,0.22026147582538322
2050-04-17 22:00:00,2567,29048.911688401946,0.14181064267339424
2050-04-17 23:00:00,2568,18215.15692031503,0.0889225433632313
2050-04-18 00:00:00,2569,14407.898920710919,0.07033631508939052
2050-04-18 01:00:00,2570,11477.670451354283,0.05603155948006943
2050-04-18 02:00:00,2571,10451.781471328632,0.051023386467271996
2050-04-18 03:00:00,2572,16332.146128227281,0.07973008295537667
2050-04-18 04:00:00,2573,29469.29023689208,0.14386284183207376
2050-04-18 05:00:00,2574,44448.85958544536,0.21698993103511438
2050-04-18 06:00:00,2575,63912.80037705563,0.31200877312540787
2050-04-18 07:00:00,2576,86864.18278056706,0.42405256752973586
2050-04-18 08:00:00,2577,109707.29254541658,0.5355677978130637
2050-04-18 09:00:00,2578,123243.64687521054,0.6016494165516164
2050-04-18 10:00:00,2579,128946.71922759041,0.6294906095084858
2050-04-18 11:00:00,2580,135336.89767789247,0.6606861091043215
2050-04-18 12:00:00,2581,142686.16615129478,0.6965636833340164
2050-04-18 13:00:00,2582,149793.44129832718,0.7312598973288325
2050-04-18 14:00:00,2583,157300.25195068153,0.7679065591541319
2050-04-18 15:00:00,2584,160572.9883893003,0.7838833662248926
2050-04-18 16:00:00,2585,155865.73175548762,0.760903534979232
2050-04-18 17:00:00,2586,139862.49752220462,0.6827791303262062
2050-04-18 18:00:00,2587,117497.81216380864,0.5735994668027478
2050-04-18 19:00:00,2588,91763.23690886442,0.4479687135760256
2050-04-18 20:00:00,2589,68387.11597865655,0.333851435521602
2050-04-18 21:00:00,2590,51874.94150515601,0.2532424922627317
2050-04-18 22:00:00,2591,37991.45565588147,0.1854662508685087
2050-04-18 23:00:00,2592,23591.657807422533,0.11516948350037946
2050-04-19 00:00:00,2593,12244.064591367865,0.05977293357016459
2050-04-19 01:00:00,2594,7805.920268144068,0.03810685170435316
2050-04-19 02:00:00,2595,11861.955408115216,0.05790755735814978
2050-04-19 03:00:00,2596,27665.830282317474,0.13505873178701258
2050-04-19 04:00:00,2597,55021.95777436945,0.26860556005776265
2050-04-19 05:00:00,2598,78733.29367268029,0.384359286684523
2050-04-19 06:00:00,2599,101547.89748558334,0.4957353569397952
2050-04-19 07:00:00,2600,115602.87653420435,0.5643487918603819
2050-04-19 08:00:00,2601,123379.05581353103,0.6023104543479004
2050-04-19 09:00:00,2602,120935.00716507729,0.5903791257914284
2050-04-19 10:00:00,2603,119885.7824860966,0.5852570328321096
2050-04-19 11:00:00,2604,124088.54758200214,0.6057740430956517
2050-04-19 12:00:00,2605,130469.33515998714,0.6369236984391164
2050-04-19 13:00:00,2606,135741.72789391395,0.6626624045925458
2050-04-19 14:00:00,2607,145077.47417586358,0.7082375433199498
2050-04-19 15:00:00,2608,153942.00890461844,0.7515123269114897
2050-04-19 16:00:00,2609,152979.58970637753,0.7468139999487537
2050-04-19 17:00:00,2610,141407.41379276512,0.6903210847909663
2050-04-19 18:00:00,2611,117968.93968372638,0.5758994117059274
2050-04-19 19:00:00,2612,90476.81224444481,0.44168866045840444
2050-04-19 20:00:00,2613,66994.14449865631,0.32705124338623154
2050-04-19 21:00:00,2614,46645.08127164929,0.22771142078022497
2050-04-19 22:00:00,2615,29982.22405736748,0.1463668762520475
2050-04-19 23:00:00,2616,17300.256705826057,0.08445619402834355
2050-04-20 00:00:00,2617,10554.683574564244,0.05152573277025285
2050-04-20 01:00:00,2618,8403.302875730093,0.04102314724108081
2050-04-20 02:00:00,2619,13604.772102417919,0.06641561983333241
2050-04-20 03:00:00,2620,28323.23164354073,0.13826802618431888
2050-04-20 04:00:00,2621,55951.94490915758,0.2731455605464883
2050-04-20 05:00:00,2622,83209.72171646195,0.4062122615766369
2050-04-20 06:00:00,2623,105363.3132752849,0.5143614098194224
2050-04-20 07:00:00,2624,119410.97441859504,0.5829391202741051
2050-04-20 08:00:00,2625,128404.86603081449,0.626845396810204
2050-04-20 09:00:00,2626,126881.9192585611,0.6194106927893697
2050-04-20 10:00:00,2627,125118.37091453747,0.6108014227852393
2050-04-20 11:00:00,2628,129052.32944859483,0.6300061762696149
2050-04-20 12:00:00,2629,135611.27550152468,0.6620255636051297
2050-04-20 13:00:00,2630,142834.77650358804,0.69728916764106
2050-04-20 14:00:00,2631,152493.5772097615,0.7444413897376821
2050-04-20 15:00:00,2632,161037.89630233718,0.7861529483228006
2050-04-20 16:00:00,2633,157981.7833994137,0.7712336515348569
2050-04-20 17:00:00,2634,147006.55029420875,0.7176548849072303
2050-04-20 18:00:00,2635,122584.429296917,0.5984312557667245
2050-04-20 19:00:00,2636,93867.31082063397,0.45824035737669483
2050-04-20 20:00:00,2637,69844.44231512584,0.3409657944544389
2050-04-20 21:00:00,2638,48519.92162717607,0.2368639948449332
2050-04-20 22:00:00,2639,30640.24678367865,0.14957920402228692
2050-04-20 23:00:00,2640,18200.65232664322,0.08885173500481913
2050-04-21 00:00:00,2641,11771.087311347297,0.05746395852940909
2050-04-21 01:00:00,2642,8381.620608627683,0.04091729899914352
2050-04-21 02:00:00,2643,14596.247615503593,0.07125579357938532
2050-04-21 03:00:00,2644,31914.321918351383,0.15579896934775586
2050-04-21 04:00:00,2645,58217.36775744382,0.2842048757280181
2050-04-21 05:00:00,2646,85938.43409449793,0.4195332582511742
2050-04-21 06:00:00,2647,110895.9673136438,0.5413706566127362
2050-04-21 07:00:00,2648,126997.25123842563,0.6199737191209865
2050-04-21 08:00:00,2649,135932.06010780222,0.6635915662032275
2050-04-21 09:00:00,2650,133859.12905620673,0.6534719552588436
2050-04-21 10:00:00,2651,131928.68461942874,0.6440479338303897
2050-04-21 11:00:00,2652,135786.47823424882,0.6628808662888328
2050-04-21 12:00:00,2653,142264.30047159933,0.6945042243153385
2050-04-21 13:00:00,2654,149722.1252181783,0.7309117473097425
2050-04-21 14:00:00,2655,159661.1770665097,0.779432096205939
2050-04-21 15:00:00,2656,169295.07107511975,0.8264627290731186
2050-04-21 16:00:00,2657,168131.1493638483,0.820780709461939
2050-04-21 17:00:00,2658,156454.3090894455,0.7637768450325269
2050-04-21 18:00:00,2659,133073.3635910925,0.6496360144568721
2050-04-21 19:00:00,2660,100250.16406584712,0.4894000968706542
2050-04-21 20:00:00,2661,73311.75674029498,0.35789249009998636
2050-04-21 21:00:00,2662,52261.41614908718,0.2551291797304323
2050-04-21 22:00:00,2663,34172.42962771646,0.16682257356831123
2050-04-21 23:00:00,2664,20275.931594050733,0.09898280944212176
2050-04-22 00:00:00,2665,16149.55017154904,0.07883868811608419
2050-04-22 01:00:00,2666,12524.304618740602,0.06114100610970844
2050-04-22 02:00:00,2667,12442.605671283442,0.06074216912851904
2050-04-22 03:00:00,2668,18275.907138149854,0.08921911307730926
2050-04-22 04:00:00,2669,30562.795438903326,0.1492011029389719
2050-04-22 05:00:00,2670,48199.363719555404,0.23529909894172885
2050-04-22 06:00:00,2671,72365.75786261813,0.35327432366915157
2050-04-22 07:00:00,2672,99218.24734075689,0.4843624976813911
2050-04-22 08:00:00,2673,125297.24976764285,0.6116746715111006
2050-04-22 09:00:00,2674,142169.20419869514,0.6940399844250099
2050-04-22 10:00:00,2675,149225.0994274345,0.7284853725261815
2050-04-22 11:00:00,2676,154901.71560624245,0.7561974120394672
2050-04-22 12:00:00,2677,163854.0183085676,0.79990066031401
2050-04-22 13:00:00,2678,173419.78157589587,0.8465986933127118
2050-04-22 14:00:00,2679,179610.6189923972,0.8768210521445254
2050-04-22 15:00:00,2680,184662.38262429964,0.9014826936875437
2050-04-22 16:00:00,2681,179863.85920708728,0.8780573173093331
2050-04-22 17:00:00,2682,161405.59444872744,0.7879479729009584
2050-04-22 18:00:00,2683,137001.13592028164,0.6688105681975368
2050-04-22 19:00:00,2684,105442.88396849917,0.514749857113549
2050-04-22 20:00:00,2685,81629.83599311124,0.39849959363980897
2050-04-22 21:00:00,2686,60382.987763368146,0.29477697454262203
2050-04-22 22:00:00,2687,43300.365356577335,0.21138322512993288
2050-04-22 23:00:00,2688,29506.642415798386,0.14404518726906546
2050-04-23 00:00:00,2689,19051.820966288462,0.09300696027130384
2050-04-23 01:00:00,2690,19310.34715506784,0.09426903044356934
2050-04-23 02:00:00,2691,11316.05893434013,0.055242606236759126
2050-04-23 03:00:00,2692,12554.436081263497,0.06128810153658349
2050-04-23 04:00:00,2693,22953.654878241567,0.11205488814530515
2050-04-23 05:00:00,2694,36967.15365357812,0.18046582514528692
2050-04-23 06:00:00,2695,56003.47166215386,0.2733971032560967
2050-04-23 07:00:00,2696,78892.94599045275,0.38513867553152925
2050-04-23 08:00:00,2697,105375.06396828777,0.5144187742172514
2050-04-23 09:00:00,2698,133068.13220597652,0.6496104759412359
2050-04-23 10:00:00,2699,155838.99715580457,0.7607730223182643
2050-04-23 11:00:00,2700,164244.47488983755,0.8018067867575714
2050-04-23 12:00:00,2701,164617.7323997574,0.8036289509726094
2050-04-23 13:00:00,2702,161152.23762796572,0.7867111384899724
2050-04-23 14:00:00,2703,156051.68719838318,0.7618113301196663
2050-04-23 15:00:00,2704,149547.0944168893,0.7300572839589403
2050-04-23 16:00:00,2705,141749.80766757266,0.691992579267411
2050-04-23 17:00:00,2706,129466.02970107994,0.6320257733997368
2050-04-23 18:00:00,2707,111957.9071817014,0.5465548224357152
2050-04-23 19:00:00,2708,91602.70820615227,0.4471850464031096
2050-04-23 20:00:00,2709,72025.69181470916,0.3516141931512628
2050-04-23 21:00:00,2710,54531.72963926371,0.26621236999124176
2050-04-23 22:00:00,2711,40844.18640344841,0.19939267899173987
2050-04-23 23:00:00,2712,30285.119423017764,0.14784554736118957
2050-04-24 00:00:00,2713,9313.64978419195,0.04546726829902243
2050-04-24 01:00:00,2714,7773.541237559508,0.037948784125588365
2050-04-24 02:00:00,2715,13106.63806077093,0.0639838348032702
2050-04-24 03:00:00,2716,29420.874078588036,0.1436264843878252
2050-04-24 04:00:00,2717,53349.05373047089,0.26043879635449824
2050-04-24 05:00:00,2718,76002.65891502395,0.3710289053592853
2050-04-24 06:00:00,2719,97916.91120667293,0.4780096499228213
2050-04-24 07:00:00,2720,112331.39197303365,0.5483780961905357
2050-04-24 08:00:00,2721,119806.83476675572,0.5848716267646665
2050-04-24 09:00:00,2722,130328.6068679342,0.636236692683017
2050-04-24 10:00:00,2723,147831.26957500607,0.7216809899981725
2050-04-24 11:00:00,2724,160243.00816486983,0.7822724725639545
2050-04-24 12:00:00,2725,165399.34273856936,0.8074446073268318
2050-04-24 13:00:00,2726,164298.48565349652,0.8020704558818375
2050-04-24 14:00:00,2727,161470.96645467423,0.7882671052070359
2050-04-24 15:00:00,2728,155059.8632639857,0.7569694554544643
2050-04-24 16:00:00,2729,146295.98368694363,0.7141860490238278
2050-04-24 17:00:00,2730,130828.39089819684,0.6386765326085087
2050-04-24 18:00:00,2731,110508.91548884589,0.5394811514701247
2050-04-24 19:00:00,2732,85936.16353238524,0.41952217384719087
2050-04-24 20:00:00,2733,63511.269972916074,0.3100485866208418
2050-04-24 21:00:00,2734,44987.792953526616,0.2196208897472872
2050-04-24 22:00:00,2735,28964.42879861246,0.14139821507457523
2050-04-24 23:00:00,2736,18162.181790451476,0.08866392998410576
2050-04-25 00:00:00,2737,14365.996444216644,0.07013175606201627
2050-04-25 01:00:00,2738,11444.289961929708,0.055868602991068106
2050-04-25 02:00:00,2739,10421.384616940915,0.05087499545344642
2050-04-25 03:00:00,2740,16284.647429512777,0.07949820435479064
2050-04-25 04:00:00,2741,29383.584789873756,0.14344444596744893
2050-04-25 05:00:00,2742,44319.58909114485,0.21635885982418215
2050-04-25 06:00:00,2743,63726.92290916167,0.3111013586424388
2050-04-25 07:00:00,2744,86611.55591250055,0.4228192965934143
2050-04-25 08:00:00,2745,109388.23109154409,0.5340102072805403
2050-04-25 09:00:00,2746,122885.21772041757,0.5998996412299349
2050-04-25 10:00:00,2747,128571.70381524204,0.627659863585609
2050-04-25 11:00:00,2748,134943.29780084325,0.6587646377556098
2050-04-25 12:00:00,2749,142271.19243887725,0.6945378694418565
2050-04-25 13:00:00,2750,149357.79743195826,0.7291331761170645
2050-04-25 14:00:00,2751,156842.77603672433,0.765673258503775
2050-04-25 15:00:00,2752,160105.99440100347,0.7816036003487952
2050-04-25 16:00:00,2753,155412.42795947308,0.7586906017262187
2050-04-25 17:00:00,2754,139455.7358407576,0.6807934058323023
2050-04-25 18:00:00,2755,117156.0935892746,0.5719312689994043
2050-04-25 19:00:00,2756,91496.36219905963,0.44666588768992527
2050-04-25 20:00:00,2757,68188.22594789258,0.33288049645901296
2050-04-25 21:00:00,2758,51724.07382021109,0.2525059881351355
2050-04-25 22:00:00,2759,37880.96524689532,0.18492686006187037
2050-04-25 23:00:00,2760,23523.04621164303,0.11483453620195028
2050-04-26 00:00:00,2761,12208.455207808645,0.059599096091435474
2050-04-26 01:00:00,2762,7783.21830936866,0.03799602554334518
2050-04-26 02:00:00,2763,11827.457271298075,0.05773914475097363
2050-04-26 03:00:00,2764,27585.369827024737,0.1346659408626141
2050-04-26 04:00:00,2765,54861.93762200622,0.26782437552008564
2050-04-26 05:00:00,2766,78504.31381286365,0.3832414554408546
2050-04-26 06:00:00,2767,101252.56603365265,0.4942936112575747
2050-04-26 07:00:00,2768,115266.66908356496,0.5627074981982241
2050-04-26 08:00:00,2769,123020.23290962365,0.600558756826325
2050-04-26 09:00:00,2770,120583.29217801342,0.5886621276164742
2050-04-26 10:00:00,2771,119537.1189911707,0.5835549313963462
2050-04-26 11:00:00,2772,123727.66120985805,0.6040122721585927
2050-04-26 12:00:00,2773,130089.89155059632,0.6350713349948947
2050-04-26 13:00:00,2774,135346.95061863193,0.6607351854346953
2050-04-26 14:00:00,2775,144655.54577809887,0.7061777781249233
2050-04-26 15:00:00,2776,153494.29984771967,0.749326705991486
2050-04-26 16:00:00,2777,152534.67963473167,0.7446420430827361
2050-04-26 17:00:00,2778,140996.15901626128,0.6883134259573379
2050-04-26 18:00:00,2779,117625.85098601176,0.5742245252510138
2050-04-26 19:00:00,2780,90213.67873802554,0.4404040983359233
2050-04-26 20:00:00,2781,66799.30562603568,0.32610008122083023
2050-04-26 21:00:00,2782,46509.42355818848,0.22704916851632478
2050-04-26 22:00:00,2783,29895.026866810465,0.14594119801098823
2050-04-26 23:00:00,2784,17249.94245912691,0.08421057051801828
2050-04-27 00:00:00,2785,10523.987377482857,0.05137588042871131
2050-04-27 01:00:00,2786,8378.863517502023,0.040903839463425525
2050-04-27 02:00:00,2787,13565.205337800695,0.06622246325731115
2050-04-27 03:00:00,2788,28240.859304009267,0.13786590184545314
2050-04-27 04:00:00,2789,55789.220001116344,0.2723511719636792
2050-04-27 05:00:00,2790,82967.72309656862,0.40503087549989625
2050-04-27 06:00:00,2791,105056.8854198774,0.5128654938424491
2050-04-27 07:00:00,2792,119063.69183416315,0.5812437601512945
2050-04-27 08:00:00,2793,128031.4264809676,0.6250223439147458
2050-04-27 09:00:00,2794,126512.90894474692,0.6176092624873871
2050-04-27 10:00:00,2795,124754.48952614955,0.6090250308123593
2050-04-27 11:00:00,2796,128677.0068972815,0.6281739309592748
2050-04-27 12:00:00,2797,135216.87763892088,0.660100196659724
2050-04-27 13:00:00,2798,142419.37056165386,0.6952612436958213
2050-04-27 14:00:00,2799,152050.08054109509,0.7422763328060586
2050-04-27 15:00:00,2800,160569.55030495592,0.7838665822243189
2050-04-27 16:00:00,2801,157522.32538096784,0.768990674669625
2050-04-27 17:00:00,2802,146579.01153348427,0.7155677311068924
2050-04-27 18:00:00,2803,122227.91733830595,0.5966908397912933
2050-04-27 19:00:00,2804,93594.31682888337,0.4569076584504358
2050-04-27 20:00:00,2805,69641.31388413893,0.33997416441843337
2050-04-27 21:00:00,2806,48378.811227345475,0.23617512371948357
2050-04-27 22:00:00,2807,30551.135885142325,0.1491441834636446
2050-04-27 23:00:00,2808,18147.719477288403,0.08859332803019442
2050-04-28 00:00:00,2809,11736.853497739801,0.057296836292234934
2050-04-28 01:00:00,2810,8357.244382761135,0.04079829942032394
2050-04-28 02:00:00,2811,14553.79738691466,0.07104856054214102
2050-04-28 03:00:00,2812,31821.505604807306,0.1553458597367849
2050-04-28 04:00:00,2813,58048.054397357664,0.28337832371586147
2050-04-28 05:00:00,2814,85688.49957683797,0.4183131308000734
2050-04-28 06:00:00,2815,110573.44895237622,0.5397961901894868
2050-04-28 07:00:00,2816,126627.90551837882,0.6181706514367187
2050-04-28 08:00:00,2817,135536.7293299675,0.661661644962987
2050-04-28 09:00:00,2818,133469.82688438552,0.6515714643980395
2050-04-28 10:00:00,2819,131544.99684598984,0.6421748512749762
2050-04-28 11:00:00,2820,135391.57080711724,0.6609530117571815
2050-04-28 12:00:00,2821,141850.5536202939,0.6924843996996322
2050-04-28 13:00:00,2822,149286.6888255611,0.7287860389409474
2050-04-28 14:00:00,2823,159196.83493058328,0.7771652761122158
2050-04-28 15:00:00,2824,168802.71071068847,0.8240591299140223
2050-04-28 16:00:00,2825,167642.17406286925,0.8183936354666355
2050-04-28 17:00:00,2826,155999.29347172717,0.7615555550280263
2050-04-28 18:00:00,2827,132686.3467165745,0.6477466799341348
2050-04-28 19:00:00,2828,99958.60677946683,0.48797677586637006
2050-04-28 20:00:00,2829,73098.54442633128,0.356851632680149
2050-04-28 21:00:00,2830,52109.424399081385,0.25438718815496203
2050-04-28 22:00:00,2831,34073.04608302853,0.16633740412394327
2050-04-28 23:00:00,2832,20216.963208872054,0.09869493825819237
2050-04-29 00:00:00,2833,16102.582493538508,0.07860940184625777
2050-04-29 01:00:00,2834,12487.880186266064,0.06096318973456727
2050-04-29 02:00:00,2835,12406.418819395685,0.06056551257155142
2050-04-29 03:00:00,2836,18222.755356618592,0.08895963732210589
2050-04-29 04:00:00,2837,30473.909782598297,0.14876718196526137
2050-04-29 05:00:00,2838,48059.18566238252,0.23461477931593266
2050-04-29 06:00:00,2839,72155.29678504862,0.35224689720347147
2050-04-29 07:00:00,2840,98929.69116024037,0.48295382744116433
2050-04-29 08:00:00,2841,124932.8481054842,0.6098957396717158
2050-04-29 09:00:00,2842,141755.73389472143,0.6920215098548839
2050-04-29 10:00:00,2843,148791.10852816934,0.7263667207501919
2050-04-29 11:00:00,2844,154451.21543757975,0.7539981655021852
2050-04-29 12:00:00,2845,163377.48215807506,0.7975743116203535
2050-04-29 13:00:00,2846,172915.42530911768,0.8441365326956334
2050-04-29 14:00:00,2847,179088.25796219666,0.8742709960806402
2050-04-29 15:00:00,2848,184125.3295189255,0.8988609140202091
2050-04-29 16:00:00,2849,179340.76171092637,0.8755036659744007
2050-04-29 17:00:00,2850,160936.17897700434,0.7856563858549465
2050-04-29 18:00:00,2851,136602.69586459335,0.6668654681204644
2050-04-29 19:00:00,2852,105136.22478020626,0.5132528118183588
2050-04-29 20:00:00,2853,81392.43222352327,0.3973406386503937
2050-04-29 21:00:00,2854,60207.37608028399,0.29391967544975917
2050-04-29 22:00:00,2855,43174.43507111991,0.2107684601120788
2050-04-29 23:00:00,2856,29420.828360175467,0.14362626120020502
2050-04-30 00:00:00,2857,19440.680964159525,0.09490529253240837
2050-04-30 01:00:00,2858,19704.48374778293,0.09619312192464002
2050-04-30 02:00:00,2859,11547.0269617064,0.05637014329388386
2050-04-30 03:00:00,2860,12810.680220783514,0.06253903122704528
2050-04-30 04:00:00,2861,23422.15373095605,0.11434200045119283
2050-04-30 05:00:00,2862,37721.6771220909,0.18414924912790298
2050-04-30 06:00:00,2863,57146.53863952562,0.2789773144674015
2050-04-30 07:00:00,2864,80503.20189550202,0.3929996042717559
2050-04-30 08:00:00,2865,107525.83695979854,0.5249183930478081
2050-04-30 09:00:00,2866,135784.13858691414,0.6628694446254081
2050-04-30 10:00:00,2867,159019.771481496,0.7763008898047914
2050-04-30 11:00:00,2868,167596.81051504926,0.8181721802211068
2050-04-30 12:00:00,2869,167977.68640988908,0.8200315357799453
2050-04-30 13:00:00,2870,164441.4586816482,0.8027684199647825
2050-04-30 14:00:00,2871,159236.80272893302,0.7773603904500958
2050-04-30 15:00:00,2872,152599.44701884888,0.7449582237529263
2050-04-30 16:00:00,2873,144643.0126328005,0.7061165939604855
2050-04-30 17:00:00,2874,132108.51481438492,0.6449258268059465
2050-04-30 18:00:00,2875,114243.0401939322,0.5577103584686889
2050-04-30 19:00:00,2876,93472.3784536058,0.4563123810937434
2050-04-30 20:00:00,2877,73495.78259756968,0.3587908654115498
2050-04-30 21:00:00,2878,55644.75736918493,0.2716459359501502
2050-04-30 22:00:00,2879,41677.84254966094,0.20346241196938616
2050-04-30 23:00:00,2880,30903.25823532531,0.1508631702991842
2050-05-01 00:00:00,2881,9503.747395006309,0.04639528462711861
2050-05-01 01:00:00,2882,7932.204178707204,0.0387233430451774
2050-05-01 02:00:00,2883,13374.152940445185,0.06528978586326975
2050-05-01 03:00:00,2884,30021.373113476177,0.14655799366348043
2050-05-01 04:00:00,2885,54437.94230724619,0.26575452007346545
2050-05-01 05:00:00,2886,77553.92216470218,0.37860184443363687
2050-05-01 06:00:00,2887,99915.45848624466,0.48776613502523525
2050-05-01 07:00:00,2888,114624.14807883005,0.559570846553922
2050-05-01 08:00:00,2889,122252.16941217394,0.5968092332863155
2050-05-01 09:00:00,2890,132988.69768616103,0.6492226934168398
2050-05-01 10:00:00,2891,150848.60108834517,0.736410964244889
2050-05-01 11:00:00,2892,163513.6711835824,0.798239157637286
2050-05-01 12:00:00,2893,168775.24984728463,0.8239250717871831
2050-05-01 13:00:00,2894,167651.92358033362,0.818441230548758
2050-05-01 14:00:00,2895,164766.69290398466,0.8043561446473334
2050-05-01 15:00:00,2896,158224.7349960677,0.7724196898425775
2050-05-01 16:00:00,2897,149281.97898092933,0.728763046475643
2050-05-01 17:00:00,2898,133498.6826600319,0.6517123321914062
2050-05-01 18:00:00,2899,112764.47372253996,0.5504923096896985
2050-05-01 19:00:00,2900,87690.17602599802,0.42808489184656096
2050-05-01 20:00:00,2901,64807.57594627926,0.31637687819871146
2050-05-01 21:00:00,2902,45906.022741603316,0.22410349335618593
2050-05-01 22:00:00,2903,29555.6114299119,0.1442842436384403
2050-05-01 23:00:00,2904,18532.88358196359,0.09047361772244195
2050-05-02 00:00:00,2905,14659.215662700002,0.07156319026730931
2050-05-02 01:00:00,2906,11677.87528060944,0.057008917110797
2050-05-02 02:00:00,2907,10634.091823667883,0.05191338704659024
2050-05-02 03:00:00,2908,16617.0276115136,0.08112081410096766
2050-05-02 04:00:00,2909,29983.322693641618,0.14637223956196324
2050-05-02 05:00:00,2910,45224.18045777844,0.22077488354428357
2050-05-02 06:00:00,2911,65027.63041327301,0.317451137562445
2050-05-02 07:00:00,2912,88379.35356122303,0.4314493108043061
2050-05-02 08:00:00,2913,111620.91532119382,0.5449096994504928
2050-05-02 09:00:00,2914,125393.3841834771,0.6121439793956341
2050-05-02 10:00:00,2915,131195.9350948087,0.6404708056364106
2050-05-02 11:00:00,2916,137697.5774923522,0.672210448646732
2050-05-02 12:00:00,2917,145175.03920271824,0.7087138351448938
2050-05-02 13:00:00,2918,152406.2862835086,0.7440152538987818
2050-05-02 14:00:00,2919,160044.03811270228,0.7813011428537987
2050-05-02 15:00:00,2920,163373.86088212777,0.7975566333171217
2050-05-02 16:00:00,2921,158584.49581695834,0.7741759660764845
2050-05-02 17:00:00,2922,142302.1172847815,0.6946888379985893
2050-05-02 18:00:00,2923,119547.32492292266,0.5836047545964836
2050-05-02 19:00:00,2924,93363.86195513075,0.4557826265007148
2050-05-02 20:00:00,2925,69579.99159826567,0.3396748019891909
2050-05-02 21:00:00,2926,52779.79555349391,0.25765979833935326
2050-05-02 22:00:00,2927,38654.14018835124,0.18870133659038707
2050-05-02 23:00:00,2928,24003.166696373522,0.11717838285722709
2050-05-03 00:00:00,2929,12457.637639311502,0.0608155520169925
2050-05-03 01:00:00,2930,7942.078786739686,0.03877154879299525
2050-05-03 02:00:00,2931,12068.863248969035,0.058917637673735555
2050-05-03 03:00:00,2932,28148.404999034545,0.1374145594837487
2050-05-03 04:00:00,2933,55981.705168261564,0.27329084383678615
2050-05-03 05:00:00,2934,80106.63739318507,0.39106366024954065
2050-05-03 06:00:00,2935,103319.19615427344,0.5043824623896617
2050-05-03 07:00:00,2936,117619.33613400644,0.5741927211214922
2050-05-03 08:00:00,2937,125531.1551802377,0.6128165482616194
2050-05-03 09:00:00,2938,123044.4748148527,0.6006771006802026
2050-05-03 10:00:00,2939,121976.94859432828,0.5954656634660604
2050-05-03 11:00:00,2940,126253.02249232499,0.6163405517957307
2050-05-03 12:00:00,2941,132745.11004266047,0.648033550062946
2050-05-03 13:00:00,2942,138109.46909244035,0.6742212163184034
2050-05-03 14:00:00,2943,147608.05867864343,0.7205913216138823
2050-05-03 15:00:00,2944,156627.21745591704,0.7646209471054705
2050-05-03 16:00:00,2945,155648.0107602609,0.7598406671311081
2050-05-03 17:00:00,2946,143873.98147027468,0.7023623464842472
2050-05-03 18:00:00,2947,120026.67042666036,0.5859448179584713
2050-05-03 19:00:00,2948,92054.99799600364,0.44939302949250864
2050-05-03 20:00:00,2949,68162.7225008247,0.3327559940247091
2050-05-03 21:00:00,2950,47458.710903535895,0.2316833885507774
2050-05-03 22:00:00,2951,30505.203653409448,0.14891995202353653
2050-05-03 23:00:00,2952,17602.02493990934,0.08592936271957721
2050-05-04 00:00:00,2953,10738.788699577613,0.052424495050150434
2050-05-04 01:00:00,2954,8549.881463909034,0.04173871290546037
2050-05-04 02:00:00,2955,13842.079874201514,0.06757410618177137
2050-05-04 03:00:00,2956,28817.273472988512,0.14067983389997596
2050-05-04 04:00:00,2957,56927.91390115134,0.2779100347363836
2050-05-04 05:00:00,2958,84661.14775916284,0.4132978165232786
2050-05-04 06:00:00,2959,107201.16410959742,0.523333408865285
2050-05-04 07:00:00,2960,121493.85851166006,0.5931073198617569
2050-05-04 08:00:00,2961,130644.63034439486,0.6377794524523842
2050-05-04 09:00:00,2962,129095.11894133747,0.6302150655226992
2050-05-04 10:00:00,2963,127300.80905223834,0.6214556241619419
2050-05-04 11:00:00,2964,131303.38748756822,0.6409953654904069
2050-05-04 12:00:00,2965,137976.74125783364,0.6735732671033647
2050-05-04 13:00:00,2966,145326.24170989898,0.7094519738038264
2050-05-04 14:00:00,2967,155153.52062085128,0.7574266708610402
2050-05-04 15:00:00,2968,163846.87834234844,0.7998658045091155
2050-05-04 16:00:00,2969,160737.4574883563,0.7846862695793188
2050-05-04 17:00:00,2970,149570.78357289685,0.7301729294080316
2050-05-04 18:00:00,2971,124722.66787261618,0.6088696842304665
2050-05-04 19:00:00,2972,95504.6371808777,0.4662334383534585
2050-05-04 20:00:00,2973,71062.73793310828,0.34691325597745526
2050-05-04 21:00:00,2974,49366.253885630416,0.24099560992139593
2050-05-04 22:00:00,2975,31174.704297257773,0.15218831255947665
2050-05-04 23:00:00,2976,18518.126180888135,0.09040157521175694
2050-05-05 00:00:00,2977,11976.410245999285,0.05846630166814399
2050-05-05 01:00:00,2978,8527.821142872259,0.0416310190841784
2050-05-05 02:00:00,2979,14850.849765605011,0.07249870742480576
2050-05-05 03:00:00,2980,32471.003055398396,0.15851656891415583
2050-05-05 04:00:00,2981,59232.85263387326,0.28916225810765017
2050-05-05 05:00:00,2982,87437.45704914109,0.4268511712546066
2050-05-05 06:00:00,2983,112830.32435470578,0.5508137785477423
2050-05-05 07:00:00,2984,129212.46268261972,0.630787912848046
2050-05-05 08:00:00,2985,138303.1213497909,0.6751665856790392
2050-05-05 09:00:00,2986,136194.0319997305,0.6648704575694588
2050-05-05 10:00:00,2987,134229.9150327355,0.655282053970625
2050-05-05 11:00:00,2988,138155.00000314217,0.674443488594122
2050-05-05 12:00:00,2989,144745.8148249869,0.7066184525188566
2050-05-05 13:00:00,2990,152333.7263702922,0.7436610317497415
2050-05-05 14:00:00,2991,162446.14491535974,0.7930277201902911
2050-05-05 15:00:00,2992,172248.08280735838,0.8408787077528993
2050-05-05 16:00:00,2993,171063.8588921878,0.8350975770764412
2050-05-05 17:00:00,2994,159183.33956827607,0.7770993946078613
2050-05-05 18:00:00,2995,135394.56055494936,0.6609676070737307
2050-05-05 19:00:00,2996,101998.82632901936,0.49793669617665076
2050-05-05 20:00:00,2997,74590.53287628983,0.3641352047195924
2050-05-05 21:00:00,2998,53173.01130369284,0.25957939446202916
2050-05-05 22:00:00,2999,34768.49894262801,0.16973245788797905
2050-05-05 23:00:00,3000,20629.604503213428,0.10070936577863868
2050-05-06 00:00:00,3001,16431.246590203773,0.08021387044982271
2050-05-06 01:00:00,3002,12742.765833867887,0.06220748755482158
2050-05-06 02:00:00,3003,12659.641763688925,0.06180169342593471
2050-05-06 03:00:00,3004,18594.693521771704,0.09077536077504973
2050-05-06 04:00:00,3005,31095.9019508724,0.15180361617205423
2050-05-06 05:00:00,3006,49040.1046222077,0.23940341820180405
2050-05-06 06:00:00,3007,73628.03293341401,0.3594364835786272
2050-05-06 07:00:00,3008,100948.90986439114,0.49281122606612165
2050-05-06 08:00:00,3009,127482.80800402554,0.62234410454963
2050-05-06 09:00:00,3010,144649.0597467522,0.7061461146917615
2050-05-06 10:00:00,3011,151828.03095435948,0.7411923336897368
2050-05-06 11:00:00,3012,157603.66431002802,0.7693877541171485
2050-05-06 12:00:00,3013,166712.1218601557,0.8138533173300605
2050-05-06 13:00:00,3014,176444.74054201535,0.8613659031706054
2050-05-06 14:00:00,3015,182743.5647183298,0.8921154305233461
2050-05-06 15:00:00,3016,187883.44610543363,0.9172072443093071
2050-05-06 16:00:00,3017,183001.2222632223,0.8933732601598843
2050-05-06 17:00:00,3018,164220.99004256324,0.801692138700502
2050-05-06 18:00:00,3019,139390.84486015388,0.680476621790207
2050-05-06 19:00:00,3020,107282.12292004612,0.5237286326541469
2050-05-06 20:00:00,3021,83053.70425785313,0.4054506173432518
2050-05-06 21:00:00,3022,61436.24740691255,0.29991876534549805
2050-05-06 22:00:00,3023,44055.65315289167,0.21507038039921172
2050-05-06 23:00:00,3024,30021.32645192895,0.14655776587167635
2050-05-07 00:00:00,3025,19610.60664871383,0.09573483378310466
2050-05-07 01:00:00,3026,19876.71524448865,0.09703391966255287
2050-05-07 02:00:00,3027,11647.95636133586,0.056862859275109694
2050-05-07 03:00:00,3028,12922.654874267395,0.06308566780138619
2050-05-07 04:00:00,3029,23626.880364433975,0.11534143257372073
2050-05-07 05:00:00,3030,38051.391991513905,0.1857588473818203
2050-05-07 06:00:00,3031,57646.040909007,0.2814157788963548
2050-05-07 07:00:00,3032,81206.85837130206,0.39643470635492073
2050-05-07 08:00:00,3033,108465.69089651234,0.5295065611765892
2050-05-07 09:00:00,3034,136970.99061282154,0.6686634051826067
2050-05-07 10:00:00,3035,160409.71980498894,0.7830863235295267
2050-05-07 11:00:00,3036,169061.72840510405,0.8253235995128444
2050-05-07 12:00:00,3037,169445.93342478923,0.8271992071550286
2050-05-07 13:00:00,3038,165878.7965015177,0.8097851991873877
2050-05-07 14:00:00,3039,160628.6480743032,0.7841550850343931
2050-05-07 15:00:00,3040,153933.27705364622,0.7514696998619335
2050-05-07 16:00:00,3041,145907.297652622,0.7122885660159761
2050-05-07 17:00:00,3042,133263.239212278,0.6505629470785536
2050-05-07 18:00:00,3043,115241.60735798388,0.5625851521547895
2050-05-07 19:00:00,3044,94289.39493805524,0.4603008827621481
2050-05-07 20:00:00,3045,74138.18913110993,0.36192695823169163
2050-05-07 21:00:00,3046,56131.1329716443,0.27402031876714783
2050-05-07 22:00:00,3047,42042.137168776295,0.20524082124727433
2050-05-07 23:00:00,3048,31173.375164697132,0.1521818240154429
2050-05-08 00:00:00,3049,9586.817054533918,0.046800813134714084
2050-05-08 01:00:00,3050,8001.537398104579,0.03906181315747709
2050-05-08 02:00:00,3051,13491.05274478114,0.06586046598234267
2050-05-08 03:00:00,3052,30283.781730884013,0.14783901703113037
2050-05-08 04:00:00,3053,54913.76947353769,0.2680774076562109
2050-05-08 05:00:00,3054,78231.799787205,0.3819110996075379
2050-05-08 06:00:00,3055,100788.79218486602,0.4920295654214684
2050-05-08 07:00:00,3056,115626.04640757345,0.5644619022814668
2050-05-08 08:00:00,3057,123320.74217775968,0.6020257795120904
2050-05-08 09:00:00,3058,134151.11551296795,0.6548973713821529
2050-05-08 10:00:00,3059,152167.12745810425,0.7428477310980861
2050-05-08 11:00:00,3060,164942.89945356213,0.8052163477525953
2050-05-08 12:00:00,3061,170250.46813354324,0.8311267754345318
2050-05-08 13:00:00,3062,169117.32318251336,0.8255950014572019
2050-05-08 14:00:00,3063,166206.87349594382,0.8113868016820002
2050-05-08 15:00:00,3064,159607.73412850458,0.7791711990864134
2050-05-08 16:00:00,3065,150586.81192752864,0.7351329649332955
2050-05-08 17:00:00,3066,134665.55813112183,0.6574087714332644
2050-05-08 18:00:00,3067,113750.11715459084,0.555304012449694
2050-05-08 19:00:00,3068,88456.65187345153,0.4318266648150957
2050-05-08 20:00:00,3069,65374.04124650022,0.3191422419802601
2050-05-08 21:00:00,3070,46307.274720729685,0.22606232064872786
2050-05-08 22:00:00,3071,29813.948941206716,0.1455453927271337
2050-05-08 23:00:00,3072,18694.874440987056,0.09126442283320638
2050-05-09 00:00:00,3073,14787.347852741323,0.07218870451761301
2050-05-09 01:00:00,3074,11779.948391930922,0.0575072164505947
2050-05-09 02:00:00,3075,10727.04151713644,0.05236714779014105
2050-05-09 03:00:00,3076,16762.272510808798,0.0818298689783078
2050-05-09 04:00:00,3077,30245.398717064752,0.14765163927612743
2050-05-09 05:00:00,3078,45619.472648662,0.22270461641118997
2050-05-09 06:00:00,3079,65596.01913472277,0.3202258910796062
2050-05-09 07:00:00,3080,89151.85331432032,0.4352204912060663
2050-05-09 08:00:00,3081,112596.5632023841,0.5496726060453643
2050-05-09 09:00:00,3082,126489.41345477833,0.6174945624749353
2050-05-09 10:00:00,3083,132342.68287151185,0.6460689857315185
2050-05-09 11:00:00,3084,138901.1543595989,0.6780860563418468
2050-05-09 12:00:00,3085,146443.97452117575,0.7149085089747321
2050-05-09 13:00:00,3086,153738.42793980349,0.7505184877010519
2050-05-09 14:00:00,3087,161442.93926659142,0.7881302824028984
2050-05-09 15:00:00,3088,164801.86710878415,0.804527857675403
2050-05-09 16:00:00,3089,159970.6395294835,0.7809428264951956
2050-05-09 17:00:00,3090,143545.94117222945,0.7007609231336044
2050-05-09 18:00:00,3091,120592.25538676599,0.5887058841057793
2050-05-09 19:00:00,3092,94179.92994374242,0.4597664978130576
2050-05-09 20:00:00,3093,70188.17127694761,0.3426438065433003
2050-05-09 21:00:00,3094,53241.12932009925,0.2599119322103568
2050-05-09 22:00:00,3095,38992.00546056817,0.1903507233868375
2050-05-09 23:00:00,3096,24212.971803183893,0.11820260701240663
2050-05-10 00:00:00,3097,12566.526441475007,0.06134712411788149
2050-05-10 01:00:00,3098,8011.4983210184555,0.039110440276289286
2050-05-10 02:00:00,3099,12174.353873509754,0.05943262059022498
2050-05-10 03:00:00,3100,28394.442507792864,0.13861566256165533
2050-05-10 04:00:00,3101,56471.02594943879,0.27567960439334405
2050-05-10 05:00:00,3102,80806.8275912598,0.39448184069800935
2050-05-10 06:00:00,3103,104222.28098881434,0.508791131538736
2050-05-10 07:00:00,3104,118647.41459052383,0.5792115826954221
2050-05-10 08:00:00,3105,126628.38868063799,0.6181730101326735
2050-05-10 09:00:00,3106,124119.97290444357,0.6059274548729824
2050-05-10 10:00:00,3107,123043.11573531515,0.6006704659413618
2050-05-10 11:00:00,3108,127356.56562781417,0.621727815970726
2050-05-10 12:00:00,3109,133905.39873776457,0.6536978340576225
2050-05-10 13:00:00,3110,139316.6461859865,0.6801143995568214
2050-05-10 14:00:00,3111,148898.26034595855,0.7268898132607584
2050-05-10 15:00:00,3112,157996.25313042421,0.7713042897011306
2050-05-10 16:00:00,3113,157008.48745413744,0.7664822265936554
2050-05-10 17:00:00,3114,145131.54458923102,0.7085015036414759
2050-05-10 18:00:00,3115,121075.79072812495,0.5910664013688336
2050-05-10 19:00:00,3116,92859.62554503561,0.45332105099861203
2050-05-10 20:00:00,3117,68758.51421505529,0.3356645231565683
2050-05-10 21:00:00,3118,47873.534521868816,0.23370846971536305
2050-05-10 22:00:00,3119,30771.841299109998,0.15022162061282185
2050-05-10 23:00:00,3120,17755.87943234245,0.08668044780958559
2050-05-11 00:00:00,3121,10832.653507127034,0.05288272318708653
2050-05-11 01:00:00,3122,8624.613629338088,0.04210353953034559
2050-05-11 02:00:00,3123,13963.069700419099,0.06816475292258227
2050-05-11 03:00:00,3124,29069.15738408962,0.14190947787753666
2050-05-11 04:00:00,3125,57425.505220688356,0.2803391703118971
2050-05-11 05:00:00,3126,85401.14769054198,0.4169103396695087
2050-05-11 06:00:00,3127,108138.18015714268,0.5279077230193926
2050-05-11 07:00:00,3128,122555.80309916787,0.5982915087240935
2050-05-11 08:00:00,3129,131786.55931574717,0.6433541081590038
2050-05-11 09:00:00,3130,130223.50406679796,0.6357236030383591
2050-05-11 10:00:00,3131,128413.51060623857,0.6268875977989942
2050-05-11 11:00:00,3132,132451.0744774535,0.6465981306256153
2050-05-11 12:00:00,3133,139182.75821687802,0.6794607868105275
2050-05-11 13:00:00,3134,146596.49864350856,0.7156530994792999
2050-05-11 14:00:00,3135,156509.67510022392,0.7640471301865791
2050-05-11 15:00:00,3136,165279.0190993908,0.8068572127702389
2050-05-11 16:00:00,3137,162142.419629856,0.7915449975879625
2050-05-11 17:00:00,3138,150878.1408753203,0.7365551712368863
2050-05-11 18:00:00,3139,125812.83459533335,0.6141916475875789
2050-05-11 19:00:00,3140,96339.4170984742,0.4703086573453103
2050-05-11 20:00:00,3141,71683.87788110462,0.3499455298251068
2050-05-11 21:00:00,3142,49797.75079912622,0.24310208658636706
2050-05-11 22:00:00,3143,31447.19386803072,0.15351854900921383
2050-05-11 23:00:00,3144,18679.988066364636,0.09119175070094453
2050-05-12 00:00:00,3145,12081.092773144497,0.058977339624070736
2050-05-12 01:00:00,3146,8602.360497932292,0.04199490444962374
2050-05-12 02:00:00,3147,14980.656980731466,0.07313239879328741
2050-05-12 03:00:00,3148,32754.823214530137,0.15990211889970682
2050-05-12 04:00:00,3149,59750.59080473021,0.29168974635000955
2050-05-12 05:00:00,3150,88201.72394213684,0.4305821605746987
2050-05-12 06:00:00,3151,113816.54336895832,0.5556282911783037
2050-05-12 07:00:00,3152,130341.87347996511,0.6363014574769061
2050-05-12 08:00:00,3153,139511.9911117275,0.6810680321665201
2050-05-12 09:00:00,3154,137384.46677228116,0.6706819083379765
2050-05-12 10:00:00,3155,135403.1820121906,0.661009695204442
2050-05-12 11:00:00,3156,139362.5750691306,0.6803386146498274
2050-05-12 12:00:00,3157,146010.99840192086,0.7127948111401147
2050-05-12 13:00:00,3158,153665.2338116183,0.7501611694486782
2050-05-12 14:00:00,3159,163866.04223644242,0.7999593585866913
2050-05-12 15:00:00,3160,173753.6561861088,0.8482285985413309
2050-05-12 16:00:00,3161,172559.08129940272,0.8423969366111898
2050-05-12 17:00:00,3162,160574.71759910334,0.7838918078614027
2050-05-12 18:00:00,3163,136578.00737634793,0.6667449441427584
2050-05-12 19:00:00,3164,102890.370167051,0.5022890246218246
2050-05-12 20:00:00,3165,75242.50833194333,0.3673180109935505
2050-05-12 21:00:00,3166,53637.78204734761,0.2618483069280266
2050-05-12 22:00:00,3167,35072.40088785481,0.1712160429057102
2050-05-12 23:00:00,3168,20809.92224193243,0.10158963883972427
2050-05-13 00:00:00,3169,16574.867624473936,0.08091499796157736
2050-05-13 01:00:00,3170,12854.146858777367,0.06275122616002177
2050-05-13 02:00:00,3171,12770.296219619493,0.06234188507505779
2050-05-13 03:00:00,3172,18757.224649450043,0.09156880336311403
2050-05-13 04:00:00,3173,31367.702730272147,0.15313049008799498
2050-05-13 05:00:00,3174,49468.75076552014,0.2414959780097117
2050-05-13 06:00:00,3175,74271.5954386922,0.36257821960829184
2050-05-13 07:00:00,3176,101831.27666724306,0.49711875416659973
2050-05-13 08:00:00,3177,128597.1003539592,0.627783844115957
2050-05-13 09:00:00,3178,145913.39761037598,0.7123183447195177
2050-05-13 10:00:00,3179,153155.11824944685,0.7476708931696493
2050-05-13 11:00:00,3180,158981.23483948963,0.7761127620694731
2050-05-13 12:00:00,3181,168169.30692123232,0.820966986586312
2050-05-13 13:00:00,3182,177986.99575489498,0.8688948669146127
2050-05-13 14:00:00,3183,184340.87623590094,0.899913167501796
2050-05-13 15:00:00,3184,189525.6839124089,0.9252243019301849
2050-05-13 16:00:00,3185,184600.7859004592,0.9011819915101924
2050-05-13 17:00:00,3186,165656.40079043474,0.8086995103652115
2050-05-13 18:00:00,3187,140609.22210050217,0.6864244817763493
2050-05-13 19:00:00,3188,108219.84662074308,0.5283064014212641
2050-05-13 20:00:00,3189,83779.65397800309,0.4089945503300472
2050-05-13 21:00:00,3190,61973.24483895508,0.30254027322740323
2050-05-13 22:00:00,3191,44440.73157429636,0.21695025180385574
2050-05-13 23:00:00,3192,30283.734659748105,0.14783878723980096
2050-05-14 00:00:00,3193,20086.61745653483,0.09805861786495475
2050-05-14 01:00:00,3194,20359.185349700343,0.09938923666804632
2050-05-14 02:00:00,3195,11930.688728025716,0.0582430988880404
2050-05-14 03:00:00,3196,13236.328160725183,0.06461695444025241
2050-05-14 04:00:00,3197,24200.378716597286,0.11814113022727801
2050-05-14 05:00:00,3198,38975.01838862702,0.190267796094588
2050-05-14 06:00:00,3199,59045.290775942834,0.28824662078879154
2050-05-14 07:00:00,3200,83178.00303300313,0.4060574176728688
2050-05-14 08:00:00,3201,111098.49275621281,0.5423593429868248
2050-05-14 09:00:00,3202,140295.70532856966,0.6848939592082908
2050-05-14 10:00:00,3203,164303.3658595235,0.8020942800154397
2050-05-14 11:00:00,3204,173165.3857850136,0.8453567868693518
2050-05-14 12:00:00,3205,173558.91666721646,0.8472779213998166
2050-05-14 13:00:00,3206,169905.19416173536,0.8294412209337063
2050-05-14 14:00:00,3207,164527.60819714543,0.8031889836777957
2050-05-14 15:00:00,3208,157669.71956224059,0.7697102218869809
2050-05-14 16:00:00,3209,149448.92451535686,0.7295780392637575
2050-05-14 17:00:00,3210,136497.95519794693,0.66635414633979
2050-05-14 18:00:00,3211,118038.88192667169,0.5762408549423724
2050-05-14 19:00:00,3212,96578.09372530761,0.47147382615457345
2050-05-14 20:00:00,3213,75937.75506609894,0.37071205849676725
2050-05-14 21:00:00,3214,57493.61128486784,0.28067164971198094
2050-05-14 22:00:00,3215,43062.63144976307,0.21022265848040678
2050-05-14 23:00:00,3216,31930.0505652733,0.15587575327523326
2050-05-15 00:00:00,3217,9819.519113721532,0.047936815368422314
2050-05-15 01:00:00,3218,8195.759763330709,0.04000996566417705
2050-05-15 02:00:00,3219,13818.522832448583,0.06745910568652731
2050-05-15 03:00:00,3220,31018.863911425135,0.1514275327579318
2050-05-15 04:00:00,3221,56246.69856146263,0.2745844855331479
2050-05-15 05:00:00,3222,80130.7304670664,0.3911812775402584
2050-05-15 06:00:00,3223,103235.25168157692,0.503972663229209
2050-05-15 07:00:00,3224,118432.65251274705,0.5781631596564427
2050-05-15 08:00:00,3225,126314.1226432351,0.6166388298090671
2050-05-15 09:00:00,3226,137407.38304076513,0.6707937807136526
2050-05-15 10:00:00,3227,155860.6999870003,0.7608789709497555
2050-05-15 11:00:00,3228,168946.57996990962,0.8247614692074852
2050-05-15 12:00:00,3229,174382.9799587966,0.8513008240901502
2050-05-15 13:00:00,3230,173222.33003059553,0.8456347766318993
2050-05-15 14:00:00,3231,170241.23461807243,0.8310816993650014
2050-05-15 15:00:00,3232,163481.91347712115,0.7980841232314739
2050-05-15 16:00:00,3233,154242.02525573483,0.752976943280623
2050-05-15 17:00:00,3234,137934.31278886768,0.6733661402919974
2050-05-15 18:00:00,3235,116511.18857978939,0.5687829791481566
2050-05-15 19:00:00,3236,90603.7717203781,0.4423084497664757
2050-05-15 20:00:00,3237,66960.87387415676,0.3268888232345564
2050-05-15 21:00:00,3238,47431.29724546939,0.23154956087041056
2050-05-15 22:00:00,3239,30537.626815028456,0.14907823504067727
2050-05-15 23:00:00,3240,19148.65757081936,0.0934796960925332
2050-05-16 00:00:00,3241,15146.283078475504,0.07394095037058956
2050-05-16 01:00:00,3242,12065.884617112262,0.05890309662302676
2050-05-16 02:00:00,3243,10987.420392074644,0.05363826238436884
2050-05-16 03:00:00,3244,17169.145334572466,0.0838161360454937
2050-05-16 04:00:00,3245,30979.54922483583,0.15123560677352535
2050-05-16 05:00:00,3246,46726.800059209396,0.22811035461660054
2050-05-16 06:00:00,3247,67188.23986871616,0.3279987759293907
2050-05-16 07:00:00,3248,91315.84788019324,0.4457846549661391
2050-05-16 08:00:00,3249,115329.63427288528,0.5630148809346015
2050-05-16 09:00:00,3250,129559.70748784173,0.6324830885407448
2050-05-16 10:00:00,3251,135555.05407937674,0.6617511025137011
2050-05-16 11:00:00,3252,142272.72019437188,0.6945453276210428
2050-05-16 12:00:00,3253,149998.6282115947,0.7322615764399386
2050-05-16 13:00:00,3254,157470.14085780949,0.7687359208652116
2050-05-16 14:00:00,3255,165361.66479413497,0.8072606715714352
2050-05-16 15:00:00,3256,168802.1243284759,0.8240562673200874
2050-05-16 16:00:00,3257,163853.6277231817,0.7998987535587694
2050-05-16 17:00:00,3258,147030.2505246476,0.7177705844193528
2050-05-16 18:00:00,3259,123519.40693419702,0.602995618833065
2050-05-16 19:00:00,3260,96465.97166341901,0.4709264699635793
2050-05-16 20:00:00,3261,71891.85791155281,0.35096084434351144
2050-05-16 21:00:00,3262,54533.45819123535,0.2662208084163581
2050-05-16 22:00:00,3263,39938.46349211254,0.1949711313097371
2050-05-16 23:00:00,3264,24800.696430436477,0.12107175433192383
2050-05-17 00:00:00,3265,12871.555377510147,0.062836210866367
2050-05-17 01:00:00,3266,8205.962467020207,0.04005977310559633
2050-05-17 02:00:00,3267,12469.863557520115,0.06087523636376023
2050-05-17 03:00:00,3268,29083.664514603686,0.14198029862027617
2050-05-17 04:00:00,3269,57841.7545236349,0.28237121136721727
2050-05-17 05:00:00,3270,82768.26226242221,0.40405714989592584
2050-05-17 06:00:00,3271,106752.08200935455,0.5211410850380903
2050-05-17 07:00:00,3272,121527.35875516232,0.593270860964836
2050-05-17 08:00:00,3273,129702.05607169101,0.633178004218683
2050-05-17 09:00:00,3274,127132.75320204406,0.6206352110470991
2050-05-17 10:00:00,3275,126029.75733501933,0.6152506185209934
2050-05-17 11:00:00,3276,130447.90815820941,0.6368190963485026
2050-05-17 12:00:00,3277,137155.70194952932,0.6695651268597754
2050-05-17 13:00:00,3278,142698.29731110216,0.6966229050903119
2050-05-17 14:00:00,3279,152512.48724124837,0.7445337045117051
2050-05-17 15:00:00,3280,161831.3167872996,0.7900262593125434
2050-05-17 16:00:00,3281,160819.57494742054,0.7850871496456536
2050-05-17 17:00:00,3282,148654.34150209016,0.7256990530567217
2050-05-17 18:00:00,3283,124014.6791866232,0.6054134332134535
2050-05-17 19:00:00,3284,95113.6193536016,0.4643245720256051
2050-05-17 20:00:00,3285,70427.49859892835,0.34381215190864284
2050-05-17 21:00:00,3286,49035.57506585784,0.23938130586575893
2050-05-17 22:00:00,3287,31518.770214382108,0.15386796959285506
2050-05-17 23:00:00,3288,18186.87020601611,0.08878445360699957
2050-05-18 00:00:00,3289,11095.595922670112,0.05416635244432808
2050-05-18 01:00:00,3290,8833.96000639622,0.043125524263901496
2050-05-18 02:00:00,3291,14301.997116921086,0.0698193248827762
2050-05-18 03:00:00,3292,29774.75682981112,0.14535406512889684
2050-05-18 04:00:00,3293,58819.40200211425,0.28714387957311543
2050-05-18 05:00:00,3294,87474.10089057098,0.4270300587378602
2050-05-18 06:00:00,3295,110763.03231289549,0.5407216960564124
2050-05-18 07:00:00,3296,125530.61609304199,0.6128139165519532
2050-05-18 08:00:00,3297,134985.4316647321,0.6589703263673032
2050-05-18 09:00:00,3298,133384.4361666217,0.6511546049750662
2050-05-18 10:00:00,3299,131530.50849842574,0.6421041222266256
2050-05-18 11:00:00,3300,135666.07668824136,0.6622930914075795
2050-05-18 12:00:00,3301,142561.1594600909,0.695953427107957
2050-05-18 13:00:00,3302,150154.85457438638,0.7330242404993588
2050-05-18 14:00:00,3303,160308.65486249537,0.7825929458567072
2050-05-18 15:00:00,3304,169290.8582837813,0.8264421631168597
2050-05-18 16:00:00,3305,166078.12373631724,0.8107582725876046
2050-05-18 17:00:00,3306,154540.42567245485,0.7544336709998226
2050-05-18 18:00:00,3307,128866.70594191212,0.6291000015715633
2050-05-18 19:00:00,3308,98677.87633248552,0.48172452071388816
2050-05-18 20:00:00,3309,73423.87000319161,0.3584398033361628
2050-05-18 21:00:00,3310,51006.49810479699,0.24900293526825915
2050-05-18 22:00:00,3311,32210.515702607427,0.1572449247539952
2050-05-18 23:00:00,3312,19133.40984797822,0.09340525993469699
2050-05-19 00:00:00,3313,12374.338713324558,0.06040890427903513
2050-05-19 01:00:00,3314,8811.166714729128,0.0430142522350343
2050-05-19 02:00:00,3315,15344.284422042678,0.07490755105025175
2050-05-19 03:00:00,3316,33549.88530929531,0.16378344388128677
2050-05-19 04:00:00,3317,61200.92468502584,0.2987699695907941
2050-05-19 05:00:00,3318,90342.65589400067,0.4410337375311955
2050-05-19 06:00:00,3319,116579.2271664125,0.5691151291370824
2050-05-19 07:00:00,3320,133505.67877470393,0.6517464857434739
2050-05-19 08:00:00,3321,142898.3838658552,0.6975996853299365
2050-05-19 09:00:00,3322,140719.21785957957,0.6869614578067573
2050-05-19 10:00:00,3323,138689.84110719257,0.6770544697388585
2050-05-19 11:00:00,3324,142745.34103245626,0.6968525625876576
2050-05-19 12:00:00,3325,149555.14241128915,0.7300965725653541
2050-05-19 13:00:00,3326,157395.17007271887,0.7683699293496096
2050-05-19 14:00:00,3327,167843.58405366034,0.8193768764410755
2050-05-19 15:00:00,3328,177971.20134668017,0.8688177619544127
2050-05-19 16:00:00,3329,176747.6303847307,0.8628445473179472
2050-05-19 17:00:00,3330,164472.36866472487,0.8029193159643349
2050-05-19 18:00:00,3331,139893.18316397464,0.6829289311389501
2050-05-19 19:00:00,3332,105387.84154525037,0.5144811516453738
2050-05-19 20:00:00,3333,77068.87954577137,0.3762339689602839
2050-05-19 21:00:00,3334,54939.73892974773,0.26820418504858023
2050-05-19 22:00:00,3335,35923.71784615342,0.17537199223248945
2050-05-19 23:00:00,3336,21315.044194299273,0.1040555373718948
2050-05-20 00:00:00,3337,16977.19154715751,0.08287905825583676
2050-05-20 01:00:00,3338,13166.157245375698,0.06427439487349715
2050-05-20 02:00:00,3339,13080.271291044175,0.06385511781034874
2050-05-20 03:00:00,3340,19212.521211333136,0.09379146487760398
2050-05-20 04:00:00,3341,32129.09506698615,0.15684744643232232
2050-05-20 05:00:00,3342,50669.512204212915,0.2473578413781228
2050-05-20 06:00:00,3343,76074.39955812226,0.37137912800489425
2050-05-20 07:00:00,3344,104303.04053217503,0.5091853825478215
2050-05-20 08:00:00,3345,131718.55454797193,0.6430221232665401
2050-05-20 09:00:00,3346,149455.17254500705,0.7296085408229773
2050-05-20 10:00:00,3347,156872.67240947942,0.7658192062721279
2050-05-20 11:00:00,3348,162840.2070858239,0.7949514483576741
2050-05-20 12:00:00,3349,172251.30244215683,0.8408944253289943
2050-05-20 13:00:00,3350,182307.2973208073,0.8899856653643705
2050-05-20 14:00:00,3351,188815.4063685246,0.9217568771930672
2050-05-20 15:00:00,3352,194126.0655624434,0.9476823921103672
2050-05-20 16:00:00,3353,189081.6248512147,0.9230564995171935
2050-05-20 17:00:00,3354,169677.40021933915,0.8283291790880487
2050-05-20 18:00:00,3355,144022.2480939741,0.7030861527809982
2050-05-20 19:00:00,3356,110846.68106930774,0.5411300515925128
2050-05-20 20:00:00,3357,85813.2484426068,0.4189221283768919
2050-05-20 21:00:00,3358,63477.529495980656,0.3098838727489541
2050-05-20 22:00:00,3359,45519.44724453446,0.22221631354479873
2050-05-20 23:00:00,3360,31018.81569868188,0.1514272973935168
2050-05-21 00:00:00,3361,20315.782316072087,0.09917735223812961
2050-05-21 01:00:00,3362,20591.459913163762,0.10052315195804945
2050-05-21 02:00:00,3363,12066.803975254123,0.05890758473502017
2050-05-21 03:00:00,3364,13387.339221863544,0.06535415850009925
2050-05-21 04:00:00,3365,24476.47681499746,0.11948898274564491
2050-05-21 05:00:00,3366,39419.6778717832,0.19243852964060149
2050-05-21 06:00:00,3367,59718.92865597062,0.29153517843668525
2050-05-21 07:00:00,3368,84126.96700599292,0.41069005907186856
2050-05-21 08:00:00,3369,112365.99694759802,0.5485470303569964
2050-05-21 09:00:00,3370,141896.31564990626,0.6927078002489875
2050-05-21 10:00:00,3371,166177.87560120717,0.8112452400932946
2050-05-21 11:00:00,3372,175141.0008158726,0.8550013215839927
2050-05-21 12:00:00,3373,175539.0214364453,0.8569443740675463
2050-05-21 13:00:00,3374,171843.61421337293,0.8389041776269676
2050-05-21 14:00:00,3375,166404.67626671068,0.8123524329712518
2050-05-21 15:00:00,3376,159468.5471222241,0.7784917175614547
2050-05-21 16:00:00,3377,151153.96239137833,0.7379016735387594
2050-05-21 17:00:00,3378,138055.2376289571,0.6739564697842759
2050-05-21 18:00:00,3379,119385.5678745927,0.5828150909000711
2050-05-21 19:00:00,3380,97679.93712412241,0.476852792574639
2050-05-21 20:00:00,3381,76804.11626552365,0.37494145062668877
2050-05-21 21:00:00,3382,58149.546322839844,0.2838737858293194
2050-05-21 22:00:00,3383,43553.92584389224,0.2126210537979536
2050-05-21 23:00:00,3384,32294.33519165785,0.15765411377072322
2050-05-22 00:00:00,3385,9931.54836760401,0.048483718490360546
2050-05-22 01:00:00,3386,8289.263832289545,0.04046643275161441
2050-05-22 02:00:00,3387,13976.176069776091,0.06822873544563052
2050-05-22 03:00:00,3388,31372.752954471165,0.15315514421435228
2050-05-22 04:00:00,3389,56888.40777394771,0.27771717417938996
2050-05-22 05:00:00,3390,81044.92862310648,0.3956441995742923
2050-05-22 06:00:00,3391,104413.0454672057,0.5097224033732927
2050-05-22 07:00:00,3392,119783.83091680375,0.584759326834788
2050-05-22 08:00:00,3393,127755.21944309674,0.623673959576925
2050-05-22 09:00:00,3394,138975.0409949583,0.6784467552677717
2050-05-22 10:00:00,3395,157638.88874345444,0.7695597123507508
2050-05-22 11:00:00,3396,170874.0633703458,0.8341710354828127
2050-05-22 12:00:00,3397,176372.48634642683,0.8610131734703615
2050-05-22 13:00:00,3398,175198.5947514901,0.8552824829958768
2050-05-22 14:00:00,3399,172183.48851516732,0.8405633720808815
2050-05-22 15:00:00,3400,165347.05139779593,0.8071893320614147
2050-05-22 16:00:00,3401,156001.7468327591,0.7615675318176691
2050-05-22 17:00:00,3402,139507.9823896075,0.6810484624330226
2050-05-22 18:00:00,3403,117840.44531034182,0.5752721293531481
2050-05-22 19:00:00,3404,91637.45505638295,0.44735467317656485
2050-05-22 20:00:00,3405,67724.81932468222,0.33061824334049744
2050-05-22 21:00:00,3406,47972.433029262575,0.23419127131025197
2050-05-22 22:00:00,3407,30886.02551912753,0.1507790438236305
2050-05-22 23:00:00,3408,19367.12142599811,0.09454619042581919
2050-05-23 00:00:00,3409,15319.084505774441,0.07478453038911143
2050-05-23 01:00:00,3410,12203.542288454653,0.05957511225829001
2050-05-23 02:00:00,3411,11112.774033668185,0.05425021234884644
2050-05-23 03:00:00,3412,17365.0252456772,0.08477238034058239
2050-05-23 04:00:00,3413,31332.989741138736,0.15296102861725464
2050-05-23 05:00:00,3414,47259.89833977094,0.23071282766569232
2050-05-23 06:00:00,3415,67954.77932062377,0.3317408594014173
2050-05-23 07:00:00,3416,92357.65518390267,0.4508705378682465
2050-05-23 08:00:00,3417,116645.41087475725,0.5694382240025821
2050-05-23 09:00:00,3418,131037.83261538958,0.6396989827724362
2050-05-23 10:00:00,3419,137101.57912467862,0.6693009106764738
2050-05-23 11:00:00,3420,143895.88595573758,0.7024692795492186
2050-05-23 12:00:00,3421,151709.9375656615,0.7406158267442657
2050-05-23 13:00:00,3422,159266.6914763448,0.7775063009931354
2050-05-23 14:00:00,3423,167248.2484978195,0.8164705741779922
2050-05-23 15:00:00,3424,170727.95965816395,0.833457788062609
2050-05-23 16:00:00,3425,165723.00645692053,0.8090246651411066
2050-05-23 17:00:00,3426,148707.6941609581,0.7259595094525948
2050-05-23 18:00:00,3427,124928.61928222574,0.6098750954510144
2050-05-23 19:00:00,3428,97566.53585615108,0.47629919157011624
2050-05-23 20:00:00,3429,72712.06013966833,0.3549648981386714
2050-05-23 21:00:00,3430,55155.62131907038,0.2692580772115674
2050-05-23 22:00:00,3431,40394.11476254927,0.1971955244363608
2050-05-23 23:00:00,3432,25083.643456571404,0.12245304186686236
2050-05-24 00:00:00,3433,13018.404810482754,0.06355309873774234
2050-05-24 01:00:00,3434,8299.582931822131,0.040516808412920546
2050-05-24 02:00:00,3435,12612.130165273997,0.06156975185173965
2050-05-24 03:00:00,3436,29415.475199390392,0.14360012820150928
2050-05-24 04:00:00,3437,58501.661455550944,0.2855927374306878
2050-05-24 05:00:00,3438,83712.55159350869,0.40866697068189584
2050-05-24 06:00:00,3439,107969.99873214426,0.5270866968749166
2050-05-24 07:00:00,3440,122913.844135754,0.600039389334781
2050-05-24 08:00:00,3441,131181.8052157748,0.6404018265556041
2050-05-24 09:00:00,3442,128583.1896227426,0.6277159348684421
2050-05-24 10:00:00,3443,127467.60985100783,0.6222699103811871
2050-05-24 11:00:00,3444,131936.16661806844,0.6440844593652173
2050-05-24 12:00:00,3445,138720.4885142963,0.6772040838980488
2050-05-24 13:00:00,3446,144326.31841866113,0.7045705597916398
2050-05-24 14:00:00,3447,154252.47680680273,0.7530279655423096
2050-05-24 15:00:00,3448,163677.62331691114,0.799039537274376
2050-05-24 16:00:00,3449,162654.33868673185,0.7940440781466777
2050-05-24 17:00:00,3450,150350.3141266449,0.7339784326914711
2050-05-24 18:00:00,3451,125429.5419996887,0.6123204942065721
2050-05-24 19:00:00,3452,96198.75480894947,0.4696219737995933
2050-05-24 20:00:00,3453,71230.9941996418,0.3477346474824758
2050-05-24 21:00:00,3454,49595.01376468643,0.24211236726551957
2050-05-24 22:00:00,3455,31878.36260815585,0.1556234236012019
2050-05-24 23:00:00,3456,18394.361169401825,0.08979738060344875
2050-05-25 00:00:00,3457,11222.183738679965,0.05478432738726358
2050-05-25 01:00:00,3458,8934.745198685008,0.04361753625539173
2050-05-25 02:00:00,3459,14465.166231076857,0.07061588198588162
2050-05-25 03:00:00,3460,30114.452063346347,0.14701238540944464
2050-05-25 04:00:00,3461,59490.46277006125,0.2904198563049205
2050-05-25 05:00:00,3462,88472.07834526068,0.43190197358758625
2050-05-25 06:00:00,3463,112026.70930963894,0.54689069987184
2050-05-25 07:00:00,3464,126962.77398299251,0.6198054084523105
2050-05-25 08:00:00,3465,136525.4579846314,0.666488409127218
2050-05-25 09:00:00,3466,134906.19698224234,0.6585835194064634
2050-05-25 10:00:00,3467,133031.11816135063,0.6494297812042819
2050-05-25 11:00:00,3468,137213.86837030074,0.6698490830230936
2050-05-25 12:00:00,3469,144187.61598025754,0.7038934438245645
2050-05-25 13:00:00,3470,151867.9462954771,0.7413871919425049
2050-05-25 14:00:00,3471,162137.58961573383,0.7915214184806233
2050-05-25 15:00:00,3472,171222.26947789502,0.835870904050146
2050-05-25 16:00:00,3473,167972.8814028361,0.8200080787518286
2050-05-25 17:00:00,3474,156303.551658732,0.7630408791427683
2050-05-25 18:00:00,3475,130336.9247313176,0.636277298732728
2050-05-25 19:00:00,3476,99803.67577960549,0.4872204354947911
2050-05-25 20:00:00,3477,74261.55071732597,0.3625291834031596
2050-05-25 21:00:00,3478,51588.42275920339,0.2518437683471043
2050-05-25 22:00:00,3479,32578.000101137874,0.15903890586031166
2050-05-25 23:00:00,3480,19351.699720743865,0.09447090492264155
2050-05-26 00:00:00,3481,12515.515481376242,0.06109809940010245
2050-05-26 01:00:00,3482,8911.691844080298,0.04350499465426948
2050-05-26 02:00:00,3483,15519.344808344647,0.0757621588288298
2050-05-26 03:00:00,3484,33932.65035894751,0.16565202189434067
2050-05-26 04:00:00,3485,61899.155831332704,0.3021785863628947
2050-05-26 05:00:00,3486,91373.36021287124,0.4460654180097326
2050-05-26 06:00:00,3487,117909.26013809627,0.575608068787093
2050-05-26 07:00:00,3488,135028.8228237625,0.6591821528279447
2050-05-26 08:00:00,3489,144528.68771779226,0.7055584839064909
2050-05-26 09:00:00,3490,142324.65999232806,0.6947988867287815
2050-05-26 10:00:00,3491,140272.13039596973,0.6847788713737157
2050-05-26 11:00:00,3492,144373.89885511313,0.7048028374185719
2050-05-26 12:00:00,3493,151261.3921218592,0.7384261227603046
2050-05-26 13:00:00,3494,159190.8653460593,0.7771361338632076
2050-05-26 14:00:00,3495,169758.48354865093,0.8287250107516629
2050-05-26 15:00:00,3496,180001.64514118916,0.8787299590962591
2050-05-26 16:00:00,3497,178764.11465377745,0.8726885970090921
2050-05-26 17:00:00,3498,166348.80652645163,0.8120796887164199
2050-05-26 18:00:00,3499,141489.20119030515,0.6907203535667521
2050-05-26 19:00:00,3500,106590.19388284482,0.5203507814457288
2050-05-26 20:00:00,3501,77948.14554284193,0.3805263595827946
2050-05-26 21:00:00,3502,55566.537266908184,0.27126408195531454
2050-05-26 22:00:00,3503,36333.56555170156,0.17737278204332438
2050-05-26 23:00:00,3504,21558.223971711854,0.10524268960981564
2050-05-27 00:00:00,3505,17170.881494995974,0.08382461161346275
2050-05-27 01:00:00,3506,13316.367748755316,0.06500769077969328
2050-05-27 02:00:00,3507,13229.501941799757,0.06458363028328476
2050-05-27 03:00:00,3508,19431.713669298744,0.09486151609558727
2050-05-27 04:00:00,3509,32495.650553317595,0.1586368927857592
2050-05-27 05:00:00,3510,51247.59222670372,0.2501799057771413
2050-05-27 06:00:00,3511,76942.3197009461,0.37561613056675525
2050-05-27 07:00:00,3512,105493.01655924806,0.5149945938179475
2050-05-27 08:00:00,3513,133221.30960696377,0.6503582556140185
2050-05-27 09:00:00,3514,151160.28172113,0.7379325231699938
2050-05-27 10:00:00,3515,158662.40659530318,0.7745563100173104
2050-05-27 11:00:00,3516,164698.02387670637,0.8040209169804746
2050-05-27 12:00:00,3517,174216.48885883013,0.8504880497549563
2050-05-27 13:00:00,3518,184387.21091668142,0.9001393636130317
2050-05-27 14:00:00,3519,190969.5698889754,0.9322730478687721
2050-05-27 15:00:00,3520,196340.81752029416,0.9584943427222854
2050-05-27 16:00:00,3521,191238.8256062129,0.9335874973295475
2050-05-27 17:00:00,3522,171613.22143019942,0.8377794487903208
2050-05-27 18:00:00,3523,145665.3739471705,0.7111075456556952
2050-05-27 19:00:00,3524,112111.31238064686,0.5473037141699477
2050-05-27 20:00:00,3525,86792.27749042769,0.42370154111209724
2050-05-27 21:00:00,3526,64201.73406124494,0.31341928625871873
2050-05-27 22:00:00,3527,46038.77102657284,0.22475154240557027
2050-05-27 23:00:00,3528,31372.704194110942,0.15315490617658706
2050-05-28 00:00:00,3529,20277.907310373364,0.0989924544713214
2050-05-28 01:00:00,3530,20553.07099612081,0.10033574538475705
2050-05-28 02:00:00,3531,12044.307683838057,0.05879776259855941
2050-05-28 03:00:00,3532,13362.381023796122,0.06523231785608903
2050-05-28 04:00:00,3533,24430.84500867228,0.1192662179188337
2050-05-28 05:00:00,3534,39346.18722578666,0.19207976385098974
2050-05-28 06:00:00,3535,59607.59385077707,0.29099166546636224
2050-05-28 07:00:00,3536,83970.12796797033,0.40992440406155917
2050-05-28 08:00:00,3537,112156.51151375013,0.5475243667776051
2050-05-28 09:00:00,3538,141631.77644184275,0.6914163757884019
2050-05-28 10:00:00,3539,165868.06799282265,0.8097328248771453
2050-05-28 11:00:00,3540,174814.48309971616,0.8534073311560869
2050-05-28 12:00:00,3541,175211.76170241932,0.8553467612653469
2050-05-28 13:00:00,3542,171523.24386568103,0.8373401973516642
2050-05-28 14:00:00,3543,166094.44580412895,0.8108379534703504
2050-05-28 15:00:00,3544,159171.24777663924,0.7770403650386475
2050-05-28 16:00:00,3545,150872.16403219604,0.7365259935529269
2050-05-28 17:00:00,3546,137797.8594079704,0.6727000037479653
2050-05-28 18:00:00,3547,119162.99578281457,0.5817285410246478
2050-05-28 19:00:00,3548,97497.83114336396,0.4759637896941512
2050-05-28 20:00:00,3549,76660.92933173873,0.3742424423016857
2050-05-28 21:00:00,3550,58041.137356478044,0.28334455618532334
2050-05-28 22:00:00,3551,43472.72768913695,0.2122246615808111
2050-05-28 23:00:00,3552,32234.12842985172,0.15736019709402996
2050-05-29 00:00:00,3553,9913.032842993325,0.04839332961546426
2050-05-29 01:00:00,3554,8273.810066315642,0.040390990734784624
2050-05-29 02:00:00,3555,13950.120119577834,0.06810153580790516
2050-05-29 03:00:00,3556,31314.26429941706,0.15286961497142243
2050-05-29 04:00:00,3557,56782.3499548101,0.2771994223388469
2050-05-29 05:00:00,3558,80893.83548421081,0.39490659482819473
2050-05-29 06:00:00,3559,104218.38682977685,0.5087721210779758
2050-05-29 07:00:00,3560,119560.51632614396,0.5836691522368718
2050-05-29 08:00:00,3561,127517.0437140389,0.6225112360446564
2050-05-29 09:00:00,3562,138715.9479935678,0.6771819180362262
2050-05-29 10:00:00,3563,157345.00045341687,0.7681250118796467
2050-05-29 11:00:00,3564,170555.50060074605,0.832615879421431
2050-05-29 12:00:00,3565,176043.67280276996,0.8594079752981933
2050-05-29 13:00:00,3566,174871.96970092403,0.8536879685840857
2050-05-29 14:00:00,3567,171862.48456245652,0.8389962986798909
2050-05-29 15:00:00,3568,165038.7926929973,0.8056844782649601
2050-05-29 16:00:00,3569,155710.9107069118,0.760147731366573
2050-05-29 17:00:00,3570,139247.89580619844,0.679778774744217
2050-05-29 18:00:00,3571,117620.75377953298,0.5741996417671039
2050-05-29 19:00:00,3572,91466.6141241332,0.44652066388020506
2050-05-29 20:00:00,3573,67598.55903350851,0.3300018673045366
2050-05-29 21:00:00,3574,47882.99740871318,0.2337546655274244
2050-05-29 22:00:00,3575,30828.44430205657,0.15049794450100049
2050-05-29 23:00:00,3576,19331.015062056475,0.09436992679398037
2050-05-30 00:00:00,3577,15290.524944088686,0.07464510864964762
2050-05-30 01:00:00,3578,12180.7910683934,0.05946404561410387
2050-05-30 02:00:00,3579,11092.05632845874,0.05414907289405432
2050-05-30 03:00:00,3580,17332.651384255045,0.08461433799657513
2050-05-30 04:00:00,3581,31274.575230812323,0.1526758613332029
2050-05-30 05:00:00,3582,47171.79108626257,0.23028270668979367
2050-05-30 06:00:00,3583,67828.0903472777,0.33112239062976234
2050-05-30 07:00:00,3584,92185.47158908487,0.45002997397721867
2050-05-30 08:00:00,3585,116427.9473097802,0.5683766128744876
2050-05-30 09:00:00,3586,130793.53705121514,0.638506383499546
2050-05-30 10:00:00,3587,136845.97884947556,0.6680531241954224
2050-05-30 11:00:00,3588,143627.61893369805,0.7011596566892787
2050-05-30 12:00:00,3589,151427.10269480728,0.7392350867276855
2050-05-30 13:00:00,3590,158969.76848501898,0.7760567857522175
2050-05-30 14:00:00,3591,166936.44538883257,0.8149484173499739
2050-05-30 15:00:00,3592,170409.66927097793,0.831903961714559
2050-05-30 16:00:00,3593,165414.04683210218,0.8075163896013687
2050-05-30 17:00:00,3594,148430.4564275229,0.7246060934770332
2050-05-30 18:00:00,3595,124695.7132114613,0.608738097275939
2050-05-30 19:00:00,3596,97384.64124953146,0.4754112205734661
2050-05-30 20:00:00,3597,72576.50207265817,0.35430313232766686
2050-05-30 21:00:00,3598,55052.79393854446,0.26875609568905057
2050-05-30 22:00:00,3599,40318.80746531038,0.1968278901396272
2050-05-30 23:00:00,3600,25036.879706423373,0.12222475112972751
2050-05-31 00:00:00,3601,12994.134428177356,0.06343461586480112
2050-05-31 01:00:00,3602,8284.109919076003,0.04044127243741968
2050-05-31 02:00:00,3603,12588.617223047651,0.06145496664105681
2050-05-31 03:00:00,3604,29360.63553922413,0.1433324125798162
2050-05-31 04:00:00,3605,58392.59601182337,0.2850603030030448
2050-05-31 05:00:00,3606,83556.4851938236,0.40790508752852794
2050-05-31 06:00:00,3607,107768.70882929108,0.5261040421443894
2050-05-31 07:00:00,3608,122684.69420014389,0.5989207278170617
2050-05-31 08:00:00,3609,130937.24121632168,0.6392079168384608
2050-05-31 09:00:00,3610,128343.47029983955,0.6265456758375096
2050-05-31 10:00:00,3611,127229.97030360221,0.6211098043743359
2050-05-31 11:00:00,3612,131690.19627583155,0.6428836841800617
2050-05-31 12:00:00,3613,138461.87007543485,0.6759415633803946
2050-05-31 13:00:00,3614,144057.24894893728,0.7032570195518325
2050-05-31 14:00:00,3615,153964.90186772222,0.7516240855152292
2050-05-31 15:00:00,3616,163372.47693475406,0.7975498771787645
2050-05-31 16:00:00,3617,162351.10003426587,0.7925637311839107
2050-05-31 17:00:00,3618,150070.0140431964,0.732610066970868
2050-05-31 18:00:00,3619,125195.70202876923,0.6111789369284708
2050-05-31 19:00:00,3620,96019.41021727861,0.46874645143656457
2050-05-31 20:00:00,3621,71098.19731053742,0.34708636115798536
2050-05-31 21:00:00,3622,49502.553105248444,0.24166099388266948
2050-05-31 22:00:00,3623,31818.931343414555,0.15533329273715232
2050-05-31 23:00:00,3624,18360.068301181847,0.0896299700741472
2050-06-01 00:00:00,3625,11201.262089987395,0.05468219232352331
2050-06-01 01:00:00,3626,8918.088058458748,0.043536219619989866
2050-06-01 02:00:00,3627,14438.198648733223,0.07048423195284353
2050-06-01 03:00:00,3628,30058.30927700544,0.14673830820139358
2050-06-01 04:00:00,3629,59379.55392307334,0.28987842277246223
2050-06-01 05:00:00,3630,88307.1386872291,0.43109677306377014
2050-06-01 06:00:00,3631,111817.85644451133,0.5458711243591453
2050-06-01 07:00:00,3632,126726.07559625199,0.6186498969927596
2050-06-01 08:00:00,3633,136270.93178288726,0.6652458660456138
2050-06-01 09:00:00,3634,134654.68956751478,0.6573557134045649
2050-06-01 10:00:00,3635,132783.10647973788,0.6482190406320608
2050-06-01 11:00:00,3636,136958.05874986382,0.6686002745628895
2050-06-01 12:00:00,3637,143918.80508764158,0.7025811659035056
2050-06-01 13:00:00,3638,151584.81685792946,0.7400050139136317
2050-06-01 14:00:00,3639,161835.31437294735,0.7900457746801389
2050-06-01 15:00:00,3640,170903.05750833565,0.834312578731875
2050-06-01 16:00:00,3641,167659.7273546903,0.8184793269245764
2050-06-01 17:00:00,3642,156012.152888863,0.7616183319825641
2050-06-01 18:00:00,3643,130093.93588084917,0.6350910785597652
2050-06-01 19:00:00,3644,99617.61044748356,0.48631210389839663
2050-06-01 20:00:00,3645,74123.10394054092,0.3618533155220305
2050-06-01 21:00:00,3646,51492.245800115394,0.25137425277540437
2050-06-01 22:00:00,3647,32517.26448556347,0.15874240743138054
2050-06-01 23:00:00,3648,19315.62206714717,0.09429478144863417
2050-06-02 00:00:00,3649,12492.182637505035,0.06098419339149645
2050-06-02 01:00:00,3650,8895.077651594376,0.04342388768065199
2050-06-02 02:00:00,3651,15490.411889563999,0.07562091443899818
2050-06-02 03:00:00,3652,33869.38926180383,0.16534319459855765
2050-06-02 04:00:00,3653,61783.75639632929,0.30161523072955737
2050-06-02 05:00:00,3654,91203.01165298698,0.44523381237111864
2050-06-02 06:00:00,3655,117689.4403152824,0.5745349549066155
2050-06-02 07:00:00,3656,134777.08679042873,0.6579532307583663
2050-06-02 08:00:00,3657,144259.2409515214,0.7042431017847437
2050-06-02 09:00:00,3658,142059.32226327428,0.693503564057618
2050-06-02 10:00:00,3659,140010.61918638065,0.6835022289612246
2050-06-02 11:00:00,3660,144104.74068246133,0.7034888641498319
2050-06-02 12:00:00,3661,150979.3935010023,0.7370494651393346
2050-06-02 13:00:00,3662,158894.0836910119,0.7756873085961066
2050-06-02 14:00:00,3663,169442.000554344,0.8271800077133638
2050-06-02 15:00:00,3664,179666.06568585872,0.8770917311743711
2050-06-02 16:00:00,3665,178430.84232900693,0.8710616320106123
2050-06-02 17:00:00,3666,166038.68024103448,0.8105657177864013
2050-06-02 18:00:00,3667,141225.42099394862,0.6894326344407798
2050-06-02 19:00:00,3668,106391.47638053421,0.5193806846305572
2050-06-02 20:00:00,3669,77802.8257575826,0.37981693912801684
2050-06-02 21:00:00,3670,55462.94384464908,0.2707583607790832
2050-06-02 22:00:00,3671,36265.82838940706,0.1770421035442159
2050-06-02 23:00:00,3672,21518.032668669603,0.10504648416930068
2050-06-03 00:00:00,3673,17138.86958780093,0.08366833625343463
2050-06-03 01:00:00,3674,13291.541881769554,0.06488649614803411
2050-06-03 02:00:00,3675,13204.838030032937,0.06446322628274903
2050-06-03 03:00:00,3676,19395.486873451875,0.09468466454065988
2050-06-03 04:00:00,3677,32435.06846698738,0.15834114385412495
2050-06-03 05:00:00,3678,51152.050655275714,0.24971349203360538
2050-06-03 06:00:00,3679,76798.87509408455,0.374915864336293
2050-06-03 07:00:00,3680,105296.34454527372,0.5140344826441885
2050-06-03 08:00:00,3681,132972.94336604793,0.6491457841582733
2050-06-03 09:00:00,3682,150878.47161047795,0.7365567858159715
2050-06-03 10:00:00,3683,158366.6101551415,0.7731122943608967
2050-06-03 11:00:00,3684,164390.97514805663,0.8025219700316547
2050-06-03 12:00:00,3685,173891.6947404371,0.8489024735667701
2050-06-03 13:00:00,3686,184043.45540073942,0.8984612218925718
2050-06-03 14:00:00,3687,190613.54278084924,0.9305349988308564
2050-06-03 15:00:00,3688,195974.77674305375,0.9567074090697638
2050-06-03 16:00:00,3689,190882.29650775754,0.9318469976810216
2050-06-03 17:00:00,3690,171293.2806451302,0.8362175655488839
2050-06-03 18:00:00,3691,145393.80807842631,0.7097818185238886
2050-06-03 19:00:00,3692,111902.30175442161,0.5462833685009426
2050-06-03 20:00:00,3693,86630.4694767556,0.42291162861366427
2050-06-03 21:00:00,3694,64082.041922798766,0.3128349745551315
2050-06-03 22:00:00,3695,45952.940317487344,0.22433253503802794
2050-06-03 23:00:00,3696,31314.215634128734,0.15286937739777812
2050-06-04 00:00:00,3697,20201.881539023936,0.09862131273594592
2050-06-04 01:00:00,3698,20476.013636692092,0.09995956765457159
2050-06-04 02:00:00,3699,11999.151294727057,0.058577318658031424
2050-06-04 03:00:00,3700,13312.28290526246,0.064987749437754
2050-06-04 04:00:00,3701,24339.24913443507,0.1188190662344215
2050-06-04 05:00:00,3702,39198.670846891466,0.19135962009068727
2050-06-04 06:00:00,3703,59384.11360173058,0.28990068215924075
2050-06-04 07:00:00,3704,83655.307931217,0.40838751923030137
2050-06-04 08:00:00,3705,111736.0153566377,0.545471593478507
2050-06-04 09:00:00,3706,141100.77188624511,0.6888241238617361
2050-06-04 10:00:00,3707,165246.19700871434,0.806696982265818
2050-06-04 11:00:00,3708,174159.07025228962,0.8502077442625419
2050-06-04 12:00:00,3709,174554.85940583557,0.8521399031960526
2050-06-04 13:00:00,3710,170880.170510959,0.8342008492515536
2050-06-04 14:00:00,3711,165471.72604925642,0.8077979673396772
2050-06-04 15:00:00,3712,158574.48440976176,0.7741270925040823
2050-06-04 16:00:00,3713,150306.5155060205,0.7337646170895107
2050-06-04 17:00:00,3714,137281.22895800258,0.6701779231646907
2050-06-04 18:00:00,3715,118716.23101053697,0.5795475299024371
2050-06-04 19:00:00,3716,97132.2932240192,0.47417931088751586
2050-06-04 20:00:00,3717,76373.51289656296,0.37283933605714276
2050-06-04 21:00:00,3718,57823.530077171614,0.28228224347427006
2050-06-04 22:00:00,3719,43309.74015786579,0.21142899092694142
2050-06-04 23:00:00,3720,32113.276533313925,0.15677022369674204
2050-06-05 00:00:00,3721,9875.866983589258,0.04821189375087371
2050-06-05 01:00:00,3722,8242.790001429234,0.040239557339120845
2050-06-05 02:00:00,3723,13897.81848890091,0.06784621030935567
2050-06-05 03:00:00,3724,31196.86113315238,0.1522964775458805
2050-06-05 04:00:00,3725,56569.46209529372,0.2761601488369954
2050-06-05 05:00:00,3726,80590.54907386881,0.3934260147215783
2050-06-05 06:00:00,3727,103827.65221976116,0.5068646373568839
2050-06-05 07:00:00,3728,119112.26115714022,0.5814808653130807
2050-06-05 08:00:00,3729,127038.95804511524,0.6201773229297609
2050-06-05 09:00:00,3730,138195.8754840794,0.6746430340464085
2050-06-05 10:00:00,3731,156755.08403462343,0.765245164697417
2050-06-05 11:00:00,3732,169916.05554396723,0.8294942439044511
2050-06-05 12:00:00,3733,175383.65155480188,0.856185891167936
2050-06-05 13:00:00,3734,174216.34137922767,0.8504873297907308
2050-06-05 14:00:00,3735,171218.13936753524,0.8358507417249369
2050-06-05 15:00:00,3736,164420.03080192042,0.8026638135882023
2050-06-05 16:00:00,3737,155127.12082819923,0.7572977926571822
2050-06-05 17:00:00,3738,138725.82890583915,0.6772301545600048
2050-06-05 18:00:00,3739,117179.77112252318,0.5720468577086447
2050-06-05 19:00:00,3740,91123.68834365852,0.4448465727527979
2050-06-05 20:00:00,3741,67345.11913616421,0.3287646273312462
2050-06-05 21:00:00,3742,47703.47495773454,0.2328782748928745
2050-06-05 22:00:00,3743,30712.862603168112,0.14993369909392731
2050-06-05 23:00:00,3744,19258.539426866686,0.09401611607244034
2050-06-06 00:00:00,3745,15233.197867074481,0.07436524998502105
2050-06-06 01:00:00,3746,12135.122969270118,0.05924110361352866
2050-06-06 02:00:00,3747,11050.470077066768,0.053946057610744155
2050-06-06 03:00:00,3748,17267.667950825627,0.08429710261933968
2050-06-06 04:00:00,3749,31157.320885434085,0.15210345041975118
2050-06-06 05:00:00,3750,46994.93505430313,0.22941933294891623
2050-06-06 06:00:00,3751,67573.78994247023,0.32988094984104427
2050-06-06 07:00:00,3752,91839.85069738343,0.44834272588685037
2050-06-06 08:00:00,3753,115991.43677741382,0.5662456607826302
2050-06-06 09:00:00,3754,130303.16716229057,0.6361125014208643
2050-06-06 10:00:00,3755,136332.9172195543,0.6655484658367672
2050-06-06 11:00:00,3756,143089.13160021836,0.6985308754236892
2050-06-06 12:00:00,3757,150859.3735981351,0.7364635533591699
2050-06-06 13:00:00,3758,158373.7605471232,0.7731472010621586
2050-06-06 14:00:00,3759,166310.56886789502,0.8118930205550648
2050-06-06 15:00:00,3760,169770.77096270592,0.8287849953081456
2050-06-06 16:00:00,3761,164793.8780110727,0.8044888565901646
2050-06-06 17:00:00,3762,147873.9623499899,0.7218894070956152
2050-06-06 18:00:00,3763,124228.20523450195,0.6064558222159058
2050-06-06 19:00:00,3764,97019.52764306513,0.47362881317255595
2050-06-06 20:00:00,3765,72304.39892288255,0.35297478230350604
2050-06-06 21:00:00,3766,54846.39048884251,0.2677484777043835
2050-06-06 22:00:00,3767,40167.644553880265,0.19608994477877414
2050-06-06 23:00:00,3768,24943.011699576175,0.12176650737449635
2050-06-07 00:00:00,3769,12945.416945288038,0.06319678741766097
2050-06-07 01:00:00,3770,8253.051225905458,0.04028965046664308
2050-06-07 02:00:00,3771,12541.420124942235,0.061224560390852244
2050-06-07 03:00:00,3772,29250.556921792926,0.14279503205245034
2050-06-07 04:00:00,3773,58173.67101297255,0.2839915574638891
2050-06-07 05:00:00,3774,83243.21603585959,0.40637577375949036
2050-06-07 06:00:00,3775,107364.6633990511,0.5241315778143589
2050-06-07 07:00:00,3776,122224.72586533403,0.5966752596952787
2050-06-07 08:00:00,3777,130446.33251791925,0.6368114044058727
2050-06-07 09:00:00,3778,127862.28620285707,0.6241966368521853
2050-06-07 10:00:00,3779,126752.9609098753,0.6187811454073059
2050-06-07 11:00:00,3780,131196.4646377161,0.6404733907528799
2050-06-07 12:00:00,3781,137942.7501482513,0.6734073296959067
2050-06-07 13:00:00,3782,143517.15086913478,0.7006203749633869
2050-06-07 14:00:00,3783,153387.65810813245,0.748806103574814
2050-06-07 15:00:00,3784,162759.96235912733,0.7945597105746528
2050-06-07 16:00:00,3785,161742.4148044567,0.7895922586361283
2050-06-07 17:00:00,3786,149507.37296309604,0.7298633722230802
2050-06-07 18:00:00,3787,124726.31946600496,0.6088875105370352
2050-06-07 19:00:00,3788,95659.41518147706,0.46698903181500157
2050-06-07 20:00:00,3789,70831.63661683358,0.3457850682320718
2050-06-07 21:00:00,3790,49316.95857545178,0.24075496064364668
2050-06-07 22:00:00,3791,31699.636091325712,0.15475091854881542
2050-06-07 23:00:00,3792,18291.23288289201,0.08929393012156367
2050-06-08 00:00:00,3793,11159.2664478477,0.05447717848117376
2050-06-08 01:00:00,3794,8884.652479870245,0.04337299419734226
2050-06-08 02:00:00,3795,14384.067116822018,0.0702199732635141
2050-06-08 03:00:00,3796,29945.614927801093,0.14618815822476955
2050-06-08 04:00:00,3797,59156.92867570783,0.28879161340270426
2050-06-08 05:00:00,3798,87976.05841074274,0.4294805091813693
2050-06-08 06:00:00,3799,111398.63001197124,0.5438245495868477
2050-06-08 07:00:00,3800,126250.95538373578,0.6163304606088161
2050-06-08 08:00:00,3801,135760.0261184321,0.6627517326543519
2050-06-08 09:00:00,3802,134149.84347144776,0.6548911615445032
2050-06-08 10:00:00,3803,132285.27730366736,0.6457887438912602
2050-06-08 11:00:00,3804,136444.57690699113,0.6660935648134855
2050-06-08 12:00:00,3805,143379.2260495489,0.6999470551669038
2050-06-08 13:00:00,3806,151016.4964762357,0.7372305940167047
2050-06-08 14:00:00,3807,161228.56296023366,0.7870837426183914
2050-06-08 15:00:00,3808,170262.30934614094,0.831184581729877
2050-06-08 16:00:00,3809,167031.13911680793,0.815410692101103
2050-06-08 17:00:00,3810,155427.2336163061,0.7587628798113054
2050-06-08 18:00:00,3811,129606.18893260267,0.6327100011226907
2050-06-08 19:00:00,3812,99244.12501970251,0.4844888270365676
2050-06-08 20:00:00,3813,73845.20232192756,0.3604966585994487
2050-06-08 21:00:00,3814,51299.191587803376,0.2504318029441529
2050-06-08 22:00:00,3815,32395.351039166373,0.1581472517722099
2050-06-08 23:00:00,3816,19243.204086744954,0.09394125218557238
2050-06-09 00:00:00,3817,12445.347060833636,0.060755552012466685
2050-06-09 01:00:00,3818,8861.728300310873,0.04326108320146929
2050-06-09 02:00:00,3819,15432.335385541732,0.07533739723023095
2050-06-09 03:00:00,3820,33742.406457090285,0.16472329140431552
2050-06-09 04:00:00,3821,61552.11729448717,0.30048441762878175
2050-06-09 05:00:00,3822,90861.07419188072,0.44356454600982675
2050-06-09 06:00:00,3823,117248.20013990502,0.5723809136979541
2050-06-09 07:00:00,3824,134271.7817960133,0.6554864386536301
2050-06-09 08:00:00,3825,143718.38554183237,0.7016027600719763
2050-06-09 09:00:00,3826,141526.71482245796,0.6909034871843439
2050-06-09 10:00:00,3827,139485.69266993387,0.680939648736116
2050-06-09 11:00:00,3828,143564.4645497612,0.7008513503448004
2050-06-09 12:00:00,3829,150413.3429803643,0.7342861262239792
2050-06-09 13:00:00,3830,158298.35947168586,0.7727791089600954
2050-06-09 14:00:00,3831,168806.730200594,0.8240787522135713
2050-06-09 15:00:00,3832,178992.46336488146,0.8738033471182409
2050-06-09 16:00:00,3833,177761.8710763726,0.8677958558506063
2050-06-09 17:00:00,3834,165416.16958761198,0.8075267524447797
2050-06-09 18:00:00,3835,140695.93997415697,0.6868478200936731
2050-06-09 19:00:00,3836,105992.59447401077,0.5174334275311643
2050-06-09 20:00:00,3837,77511.12810371982,0.3783929328793725
2050-06-09 21:00:00,3838,55255.00271259556,0.2697432361544138
2050-06-09 22:00:00,3839,36129.860867798416,0.1763783388624661
2050-06-09 23:00:00,3840,21437.357435355676,0.10465264474403087
2050-06-10 00:00:00,3841,17074.61269243181,0.08335464768133811
2050-06-10 01:00:00,3842,13241.709377787698,0.06464322440376037
2050-06-10 02:00:00,3843,13155.330609444987,0.06422154152684534
2050-06-10 03:00:00,3844,19322.769504814154,0.09432967372755653
2050-06-10 04:00:00,3845,32313.46319454746,0.1577474926350308
2050-06-10 05:00:00,3846,50960.271861469664,0.2487772685257339
2050-06-10 06:00:00,3847,76510.94144807426,0.3735102331778522
2050-06-10 07:00:00,3848,104901.56850520088,0.512107269516368
2050-06-10 08:00:00,3849,132474.4024791792,0.6467120129958911
2050-06-10 09:00:00,3850,150312.7994774216,0.7337952941087562
2050-06-10 10:00:00,3851,157772.8635377269,0.7702137489591309
2050-06-10 11:00:00,3852,163774.64202825807,0.7995131621025635
2050-06-10 12:00:00,3853,173239.74162730898,0.8457197763642952
2050-06-10 13:00:00,3854,183353.44142241808,0.8950927195965481
2050-06-10 14:00:00,3855,189898.8962746808,0.9270462457439549
2050-06-10 15:00:00,3856,195240.02997564286,0.9531205307589203
2050-06-10 16:00:00,3857,190166.6423740873,0.9283533255697816
2050-06-10 17:00:00,3858,170651.06951970526,0.8330824266698299
2050-06-10 18:00:00,3859,144848.69901154452,0.707120711356405
2050-06-10 19:00:00,3860,111482.75867230033,0.5442352479123648
2050-06-10 20:00:00,3861,86305.67530996253,0.42132605218919933
2050-06-10 21:00:00,3862,63841.78614353137,0.3116620966576952
2050-06-10 22:00:00,3863,45780.653962280994,0.22349146949251825
2050-06-10 23:00:00,3864,31196.812656125083,0.1522962408912867
2050-06-11 00:00:00,3865,20286.4902067377,0.0990343543559877
2050-06-11 01:00:00,3866,20561.77039851916,0.10037821402723901
2050-06-11 02:00:00,3867,12049.405624397816,0.05882264966609725
2050-06-11 03:00:00,3868,13368.036842482603,0.0652599283666437
2050-06-11 04:00:00,3869,24441.185734751816,0.11931669915636776
2050-06-11 05:00:00,3870,39362.84105561313,0.19216106432571997
2050-06-11 06:00:00,3871,59632.82362000955,0.29111483186335974
2050-06-11 07:00:00,3872,84005.66953203661,0.4100979104598684
2050-06-11 08:00:00,3873,112203.98337829913,0.5477561143794708
2050-06-11 09:00:00,3874,141691.72413281794,0.691709027736095
2050-06-11 10:00:00,3875,165938.27408268448,0.81007555615843
2050-06-11 11:00:00,3876,174888.47585493713,0.8537685481367303
2050-06-11 12:00:00,3877,175285.92262928173,0.8557087992243736
2050-06-11 13:00:00,3878,171595.84356291944,0.8376946137178851
2050-06-11 14:00:00,3879,166164.74768434084,0.8111811523798632
2050-06-11 15:00:00,3880,159238.6193116713,0.7773692586227953
2050-06-11 16:00:00,3881,150936.02285462315,0.7368377388171177
2050-06-11 17:00:00,3882,137856.18435233738,0.6729847337899475
2050-06-11 18:00:00,3883,119213.4332658557,0.5819747661487286
2050-06-11 19:00:00,3884,97539.09854539637,0.4761652484223284
2050-06-11 20:00:00,3885,76693.37718769157,0.37440084587134104
2050-06-11 21:00:00,3886,58065.704119124995,0.2834644859244041
2050-06-11 22:00:00,3887,43491.12816260864,0.2123144888003815
2050-06-11 23:00:00,3888,32247.771990651367,0.15742680207207888
2050-06-12 00:00:00,3889,9917.228671374109,0.04841381276215177
2050-06-12 01:00:00,3890,8277.31209616033,0.040408086903765544
2050-06-12 02:00:00,3891,13956.024732221676,0.06813036087793678
2050-06-12 03:00:00,3892,31327.518502787807,0.1529343191888572
2050-06-12 04:00:00,3893,56806.383906971794,0.2773167510098344
2050-06-12 05:00:00,3894,80928.07497702437,0.3950737447900517
2050-06-12 06:00:00,3895,104262.4987707809,0.5089874662437588
2050-06-12 07:00:00,3896,119611.12205345754,0.5839161986939051
2050-06-12 08:00:00,3897,127571.0171853062,0.622774723115354
2050-06-12 09:00:00,3898,138774.6615540578,0.677468545219924
2050-06-12 10:00:00,3899,157411.5990017609,0.7684501319062793
2050-06-12 11:00:00,3900,170627.69071889395,0.8329682963091628
2050-06-12 12:00:00,3901,176118.18587893771,0.859771732375645
2050-06-12 13:00:00,3902,174945.98682786463,0.8540493045423094
2050-06-12 14:00:00,3903,171935.22787608538,0.8393514161509533
2050-06-12 15:00:00,3904,165108.64776667173,0.8060254959594622
2050-06-12 16:00:00,3905,155776.81762219543,0.7604694749868934
2050-06-12 17:00:00,3906,139306.83450875414,0.6800665010238592
2050-06-12 18:00:00,3907,117670.53845384617,0.5744426800170518
2050-06-12 19:00:00,3908,91505.3286938307,0.4467096602208776
2050-06-12 20:00:00,3909,67627.17109760686,0.33014154534967377
2050-06-12 21:00:00,3910,47903.26460934892,0.23385360571417477
2050-06-12 22:00:00,3911,30841.492901219255,0.15056164500217922
2050-06-12 23:00:00,3912,19339.197214131036,0.09440987032978616
2050-06-13 00:00:00,3913,15296.996892925525,0.07467670333497511
2050-06-13 01:00:00,3914,12185.946771806257,0.05948921466767301
2050-06-13 02:00:00,3915,11096.751189668938,0.05417199221346367
2050-06-13 03:00:00,3916,17339.987667012618,0.08465015217728677
2050-06-13 04:00:00,3917,31287.81264918128,0.15274048360980913
2050-06-13 05:00:00,3918,47191.75723710171,0.2303801772151126
2050-06-13 06:00:00,3919,67856.79960001676,0.33126254312928693
2050-06-13 07:00:00,3920,92224.49044217121,0.45022045576503594
2050-06-13 08:00:00,3921,116477.22715978828,0.5686171866789542
2050-06-13 09:00:00,3922,130848.89732987579,0.6387766406706118
2050-06-13 10:00:00,3923,136903.9009247653,0.668335887515781
2050-06-13 11:00:00,3924,143688.41140588216,0.7014564326801527
2050-06-13 12:00:00,3925,151491.19640334707,0.7395479786561971
2050-06-13 13:00:00,3926,159037.05477388762,0.7763852631826259
2050-06-13 14:00:00,3927,167007.10369504426,0.8152933562558295
2050-06-13 15:00:00,3928,170481.797663196,0.8322560772693571
2050-06-13 16:00:00,3929,165484.06071501184,0.807858182568967
2050-06-13 17:00:00,3930,148493.28177738932,0.7249127935467743
2050-06-13 18:00:00,3931,124748.4925033003,0.6089957546152506
2050-06-13 19:00:00,3932,97425.86069992781,0.4756124452118984
2050-06-13 20:00:00,3933,72607.22112724087,0.35445309625469523
2050-06-13 21:00:00,3934,55076.095812277745,0.2688698505079938
2050-06-13 22:00:00,3935,40335.87297533226,0.1969112003499962
2050-06-13 23:00:00,3936,25047.476950655757,0.12227648463462715
2050-06-14 00:00:00,3937,12999.634387721435,0.06346146550398864
2050-06-14 01:00:00,3938,8287.61629953163,0.040458389845162986
2050-06-14 02:00:00,3939,12593.945558799014,0.06148097844918875
2050-06-14 03:00:00,3940,29373.06285711177,0.14339308011721852
2050-06-14 04:00:00,3941,58417.311509423016,0.2851809588347054
2050-06-14 05:00:00,3942,83591.85171667147,0.4080777394126322
2050-06-14 06:00:00,3943,107814.32350585768,0.5263267233473424
2050-06-14 07:00:00,3944,122736.62226106065,0.5991742296270566
2050-06-14 08:00:00,3945,130992.66229399893,0.6394784708174658
2050-06-14 09:00:00,3946,128397.79357021014,0.6268108705534429
2050-06-14 10:00:00,3947,127283.82225382247,0.621372698204985
2050-06-14 11:00:00,3948,131745.93607647796,0.6431557940971885
2050-06-14 12:00:00,3949,138520.47609062682,0.6762276655506945
2050-06-14 13:00:00,3950,144118.2232818855,0.703554683348491
2050-06-14 14:00:00,3951,154030.06975872628,0.7519422213753291
2050-06-14 15:00:00,3952,163441.6267013443,0.7978874517132623
2050-06-14 16:00:00,3953,162419.81749492098,0.7928991952922708
2050-06-14 17:00:00,3954,150133.53336812698,0.7329201548800884
2050-06-14 18:00:00,3955,125248.69292431278,0.6114376272723114
2050-06-14 19:00:00,3956,96060.05185736052,0.46894485532725555
2050-06-14 20:00:00,3957,71128.29065825714,0.3472332705164531
2050-06-14 21:00:00,3958,49523.50576538397,0.241763280337715
2050-06-14 22:00:00,3959,31832.399159697852,0.1553990397676445
2050-06-14 23:00:00,3960,18367.839450907442,0.08966790718341722
2050-06-15 00:00:00,3961,11206.003205357327,0.05470533744595718
2050-06-15 01:00:00,3962,8921.86279371431,0.04355464707910624
2050-06-15 02:00:00,3963,14444.309846403676,0.07051406552727989
2050-06-15 03:00:00,3964,30071.031880797043,0.1468004172621226
2050-06-15 04:00:00,3965,59404.68719794484,0.2900011181043991
2050-06-15 05:00:00,3966,88344.51598377085,0.4312792411197454
2050-06-15 06:00:00,3967,111865.18499937799,0.5461021723534536
2050-06-15 07:00:00,3968,126779.7142538615,0.618911749573997
2050-06-15 08:00:00,3969,136328.61046436787,0.6655274411688769
2050-06-15 09:00:00,3970,134711.6841275862,0.657633948791808
2050-06-15 10:00:00,3971,132839.3088637232,0.6484934087832064
2050-06-15 11:00:00,3972,137016.0282616321,0.668883269458103
2050-06-15 12:00:00,3973,143979.72081432916,0.7028785435967957
2050-06-15 13:00:00,3974,151648.97733263898,0.7403182317804622
2050-06-15 14:00:00,3975,161903.81354800067,0.7903801731643613
2050-06-15 15:00:00,3976,170975.39469947253,0.8346657135988312
2050-06-15 16:00:00,3977,167730.69180421426,0.8188257603573297
2050-06-15 17:00:00,3978,156078.18732437523,0.7619406981296685
2050-06-15 18:00:00,3979,130149.00004499091,0.6353598901623814
2050-06-15 19:00:00,3980,99659.77503891103,0.4865179425154343
2050-06-15 20:00:00,3981,74154.47764363402,0.36200647530462066
2050-06-15 21:00:00,3982,51514.040666858724,0.25148065070497244
2050-06-15 22:00:00,3983,32531.027873984687,0.158809597382533
2050-06-15 23:00:00,3984,19323.797662374523,0.09433469297529873
2050-06-16 00:00:00,3985,12497.470133698325,0.06101000582954393
2050-06-16 01:00:00,3986,8898.842615667554,0.04344226743892268
2050-06-16 02:00:00,3987,15496.968434086773,0.07565292210257143
2050-06-16 03:00:00,3988,33883.72496790935,0.1654131784835929
2050-06-16 04:00:00,3989,61809.90725466597,0.3017428936887403
2050-06-16 05:00:00,3990,91241.61466635003,0.4454222641173618
2050-06-16 06:00:00,3991,117739.25406257487,0.574778135084699
2050-06-16 07:00:00,3992,134834.1331511499,0.6582317190254251
2050-06-16 08:00:00,3993,144320.30076334323,0.7045411828711834
2050-06-16 09:00:00,3994,142119.4509674586,0.6937970996735117
2050-06-16 10:00:00,3995,140069.88070745638,0.6837915311726017
2050-06-16 11:00:00,3996,144165.73511893646,0.7037866260876566
2050-06-16 12:00:00,3997,151043.2977313779,0.7373614320755255
2050-06-16 13:00:00,3998,158961.33791713452,0.7760156295029705
2050-06-16 14:00:00,3999,169513.7193520153,0.8275301237142186
2050-06-16 15:00:00,4000,179742.1119693237,0.8774629730455563
2050-06-16 16:00:00,4001,178506.3657718764,0.8714303214845969
2050-06-16 17:00:00,4002,166108.95853657692,0.8109088015605463
2050-06-16 18:00:00,4003,141285.1967124291,0.6897244468551281
2050-06-16 19:00:00,4004,106436.50813572401,0.5196005201346435
2050-06-16 20:00:00,4005,77835.75691479215,0.3799777020721835
2050-06-16 21:00:00,4006,55486.419355474674,0.27087296325758475
2050-06-16 22:00:00,4007,36281.178416060124,0.17711703912762344
2050-06-16 23:00:00,4008,21527.140469380553,0.10509094652596367
2050-06-17 00:00:00,4009,17146.123859274405,0.08370375007240366
2050-06-17 01:00:00,4010,13297.16773521967,0.06491396037464285
2050-06-17 02:00:00,4011,13210.427195203703,0.06449051140493799
2050-06-17 03:00:00,4012,19403.696302144985,0.0947247412351481
2050-06-17 04:00:00,4013,32448.797068729364,0.1584081639840672
2050-06-17 05:00:00,4014,51173.701501570315,0.24981918688580482
2050-06-17 06:00:00,4015,76831.38131856067,0.37507455284873337
2050-06-17 07:00:00,4016,105340.91277618086,0.5142520553207677
2050-06-17 08:00:00,4017,133029.22611881688,0.6494205446528215
2050-06-17 09:00:00,4018,150942.33313314832,0.7368685442621787
2050-06-17 10:00:00,4019,158433.64112267413,0.7734395253665463
2050-06-17 11:00:00,4020,164460.55600867976,0.8028616490760395
2050-06-17 12:00:00,4021,173965.29693031486,0.8492617838900172
2050-06-17 13:00:00,4022,184121.35448630774,0.8988415087517359
2050-06-17 14:00:00,4023,190694.22273841783,0.9309288613189383
2050-06-17 15:00:00,4024,196057.7259406918,0.9571123495078936
2050-06-17 16:00:00,4025,190963.0902056127,0.9322414154251252
2050-06-17 17:00:00,4026,171365.78304631857,0.8365715069363677
2050-06-17 18:00:00,4027,145455.3481499825,0.7100822441367708
2050-06-17 19:00:00,4028,111949.66601668383,0.5465145908112035
2050-06-17 20:00:00,4029,86667.13706718013,0.4230906320344865
2050-06-17 21:00:00,4030,64109.165588297044,0.3129673865531171
2050-06-17 22:00:00,4031,45972.39055205169,0.22442748696921577
2050-06-17 23:00:00,4032,31327.469821170547,0.15293408153549848
2050-06-18 00:00:00,4033,20061.620250310483,0.0979365867913731
2050-06-18 01:00:00,4034,20333.8490797555,0.09926555035709721
2050-06-18 02:00:00,4035,11915.84142681998,0.05817061750393431
2050-06-18 03:00:00,4036,13219.855979676086,0.06453654073643239
2050-06-18 04:00:00,4037,24170.26220760991,0.11799410780040052
2050-06-18 05:00:00,4038,38926.51522095659,0.19003101388901628
2050-06-18 06:00:00,4039,58971.81083912372,0.28788790727911884
2050-06-18 07:00:00,4040,83074.49073336738,0.4055520925201262
2050-06-18 08:00:00,4041,110960.23435141887,0.5416843946979133
2050-06-18 09:00:00,4042,140121.11193771526,0.6840416312027127
2050-06-18 10:00:00,4043,164098.89586313785,0.8010961007409144
2050-06-18 11:00:00,4044,172949.88717678905,0.8443047682445113
2050-06-18 12:00:00,4045,173342.92838551232,0.8462235122926206
2050-06-18 13:00:00,4046,169693.75277762263,0.8284090088188287
2050-06-18 14:00:00,4047,164322.85904192185,0.8021894416088691
2050-06-18 15:00:00,4048,157473.50481743252,0.7687523430045738
2050-06-18 16:00:00,4049,149262.94025915445,0.7286701034628535
2050-06-18 17:00:00,4050,136328.088031878,0.6655248907639619
2050-06-18 18:00:00,4051,117891.98651726895,0.5755237426237897
2050-06-18 19:00:00,4052,96457.90560419223,0.47088709316850136
2050-06-18 20:00:00,4053,75843.25307198525,0.37025071974979695
2050-06-18 21:00:00,4054,57422.062428293386,0.2803223633276163
2050-06-18 22:00:00,4055,43009.041473716905,0.209961043552265
2050-06-18 23:00:00,4056,31890.314672118697,0.1556817710494652
2050-06-19 00:00:00,4057,9807.299025122655,0.04787715948057628
2050-06-19 01:00:00,4058,8185.560482257726,0.03996017493124767
2050-06-19 02:00:00,4059,13801.32621738462,0.0673751554490731
2050-06-19 03:00:00,4060,30980.26191879907,0.15123908599471067
2050-06-19 04:00:00,4061,56176.701409371264,0.27424277424186577
2050-06-19 05:00:00,4062,80031.01044701754,0.39069446549434694
2050-06-19 06:00:00,4063,103106.7788292909,0.5033454859378808
2050-06-19 07:00:00,4064,118285.26702626502,0.577443654885216
2050-06-19 08:00:00,4065,126156.92902912112,0.6158714438332766
2050-06-19 09:00:00,4066,137236.38419909004,0.6699590005368781
2050-06-19 10:00:00,4067,155666.7365033684,0.759932082248242
2050-06-19 11:00:00,4068,168736.33166349208,0.8237350814455653
2050-06-19 12:00:00,4069,174165.96626685144,0.8502414091470438
2050-06-19 13:00:00,4070,173006.7606974846,0.8445824127431227
2050-06-19 14:00:00,4071,170029.37514124662,0.8300474462099301
2050-06-19 15:00:00,4072,163278.46570359537,0.7970909342327382
2050-06-19 16:00:00,4073,154050.07622668977,0.7520398887203215
2050-06-19 17:00:00,4074,137762.65815619632,0.6725281586822867
2050-06-19 18:00:00,4075,116366.19421932887,0.5680751473484154
2050-06-19 19:00:00,4076,90491.01833052606,0.4417580115658974
2050-06-19 20:00:00,4077,66877.54326747888,0.32648202083816674
2050-06-19 21:00:00,4078,47372.270668409554,0.23126140560602565
2050-06-19 22:00:00,4079,30499.623798475262,0.14889271235195334
2050-06-19 23:00:00,4080,19124.827771601347,0.09336336405303605
2050-06-20 00:00:00,4081,15127.434075963065,0.07384893352711144
2050-06-20 01:00:00,4082,12050.869048886987,0.05882979379492175
2050-06-20 02:00:00,4083,10973.746868037284,0.053571511132130975
2050-06-20 03:00:00,4084,17147.778856221204,0.08371182941744645
2050-06-20 04:00:00,4085,30940.996207444514,0.15104739909704143
2050-06-20 05:00:00,4086,46668.650129801696,0.22782647896063196
2050-06-20 06:00:00,4087,67104.62644057111,0.32759059285841835
2050-06-20 07:00:00,4088,91202.20839370362,0.44522989102919613
2050-06-20 08:00:00,4089,115186.11048845491,0.5623142281759952
2050-06-20 09:00:00,4090,129398.47479482101,0.6316959846360446
2050-06-20 10:00:00,4091,135386.36042207933,0.6609275757594846
2050-06-20 11:00:00,4092,142095.66651635055,0.6936809890138957
2050-06-20 12:00:00,4093,149811.95986836965,0.7313503010708826
2050-06-20 13:00:00,4094,157274.1745983136,0.767779255035541
2050-06-20 14:00:00,4095,165155.87781566457,0.8062560630689296
2050-06-20 15:00:00,4096,168592.05578981576,0.8230307571463361
2050-06-20 16:00:00,4097,163649.71728397178,0.7989033059240231
2050-06-20 17:00:00,4098,146847.27628306573,0.7168773428731726
2050-06-20 18:00:00,4099,123365.69121429005,0.6022452112011772
2050-06-20 19:00:00,4100,96345.9229246371,0.4703404174125782
2050-06-20 20:00:00,4101,71802.39087276162,0.3505240851834728
2050-06-20 21:00:00,4102,54465.593043547604,0.2658895051196302
2050-06-20 22:00:00,4103,39888.76136517557,0.19472849603862016
2050-06-20 23:00:00,4104,24769.83286429921,0.120921084930052
2050-06-21 00:00:00,4105,12855.537167311844,0.06275801335222034
2050-06-21 01:00:00,4106,8195.750457365364,0.04000992023442256
2050-06-21 02:00:00,4107,12454.345300442865,0.06079947951500453
2050-06-21 03:00:00,4108,29047.470870741163,0.14180360890632432
2050-06-21 04:00:00,4109,57769.77232587471,0.2820198095028406
2050-06-21 05:00:00,4110,82665.2600097945,0.4035543146847955
2050-06-21 06:00:00,4111,106619.23261488046,0.5204925423934905
2050-06-21 07:00:00,4112,121376.12193882088,0.5925325548158377
2050-06-21 08:00:00,4113,129540.646139146,0.6323900350681135
2050-06-21 09:00:00,4114,126974.54083668627,0.6198628517432143
2050-06-21 10:00:00,4115,125872.91755789238,0.6144849599025328
2050-06-21 11:00:00,4116,130285.57012174964,0.6360265963909263
2050-06-21 12:00:00,4117,136985.01630553047,0.6687318756478113
2050-06-21 13:00:00,4118,142520.71406469075,0.6957559812422944
2050-06-21 14:00:00,4119,152322.69056229977,0.7436071572693268
2050-06-21 15:00:00,4120,161629.92307430026,0.7890430978028398
2050-06-21 16:00:00,4121,160619.4403370671,0.7841101348087521
2050-06-21 17:00:00,4122,148469.34616336398,0.7247959449417689
2050-06-21 18:00:00,4123,123860.34703262606,0.6046600162807207
2050-06-21 19:00:00,4124,94995.25372627316,0.4637467360687218
2050-06-21 20:00:00,4125,70339.85393167108,0.3433842891809796
2050-06-21 21:00:00,4126,48974.55187354588,0.23908340354802096
2050-06-21 22:00:00,4127,31479.546123588534,0.1536764858779613
2050-06-21 23:00:00,4128,18164.237195278765,0.0886739640357301
2050-06-22 00:00:00,4129,11081.7878882488,0.054098944540846294
2050-06-22 01:00:00,4130,8822.966525433616,0.04307185641509368
2050-06-22 02:00:00,4131,14284.198829603916,0.06973243740864267
2050-06-22 03:00:00,4132,29737.703092792504,0.14517317662207685
2050-06-22 04:00:00,4133,58746.203271313956,0.2867865388517482
2050-06-22 05:00:00,4134,87365.24234515506,0.42649863434401325
2050-06-22 06:00:00,4135,110625.19148707138,0.5400487862997088
2050-06-22 07:00:00,4136,125374.3974386453,0.612051290123287
2050-06-22 08:00:00,4137,134817.44689493804,0.6581502602519399
2050-06-22 09:00:00,4138,133218.4436996273,0.6503442648605752
2050-06-22 10:00:00,4139,131366.82317790046,0.641305045113208
2050-06-22 11:00:00,4140,135497.2448565087,0.6614688901149957
2050-06-22 12:00:00,4141,142383.74684928337,0.6950873362668663
2050-06-22 13:00:00,4142,149967.99185282557,0.732112016216381
2050-06-22 14:00:00,4143,160109.15617481025,0.7816190354597673
2050-06-22 15:00:00,4144,169080.18140884198,0.8254136831740638
2050-06-22 16:00:00,4145,165871.44516167653,0.8097493115011787
2050-06-22 17:00:00,4146,154348.105347423,0.7534948038510471
2050-06-22 18:00:00,4147,128706.33567275,0.6283171078377281
2050-06-22 19:00:00,4148,98555.07496746913,0.48112503042382343
2050-06-22 20:00:00,4149,73332.49652114212,0.3579937373233725
2050-06-22 21:00:00,4150,50943.02230679516,0.2486930598482984
2050-06-22 22:00:00,4151,32170.430731026376,0.15704923840118346
2050-06-22 23:00:00,4152,19109.598877141514,0.09328901981137497
2050-06-23 00:00:00,4153,12358.939255158186,0.060333727381434964
2050-06-23 01:00:00,4154,8800.201487174507,0.04296072231338833
2050-06-23 02:00:00,4155,15325.188980321444,0.07481433114268111
2050-06-23 03:00:00,4156,33508.133576544824,0.16357962075298563
2050-06-23 04:00:00,4157,61124.76212187767,0.2983981600667902
2050-06-23 05:00:00,4158,90230.22751507424,0.4404848859652124
2050-06-23 06:00:00,4159,116434.1481356291,0.5684068839947337
2050-06-23 07:00:00,4160,133339.5354049748,0.6509354089537497
2050-06-23 08:00:00,4161,142720.55155764465,0.6967315456148953
2050-06-23 09:00:00,4162,140544.0975920438,0.6861065577006615
2050-06-23 10:00:00,4163,138517.24619081765,0.6762118978629882
2050-06-23 11:00:00,4164,142567.6992486341,0.6959853529723822
2050-06-23 12:00:00,4165,149369.02604655075,0.7291879918385199
2050-06-23 13:00:00,4166,157199.29701264293,0.7674137184997943
2050-06-23 14:00:00,4167,167634.70833445605,0.8183571893596124
2050-06-23 15:00:00,4168,177749.72215093413,0.8677365473662575
2050-06-23 16:00:00,4169,176527.6738315079,0.8617707659485335
2050-06-23 17:00:00,4170,164267.6883201547,0.8019201098144639
2050-06-23 18:00:00,4171,139719.0907811378,0.6820790489485448
2050-06-23 19:00:00,4172,105256.68994598927,0.5138408972778999
2050-06-23 20:00:00,4173,76972.96982358073,0.37576575798259304
2050-06-23 21:00:00,4174,54871.36830364389,0.2678704141131397
2050-06-23 22:00:00,4175,35879.01193263629,0.17515374741852982
2050-06-23 23:00:00,4176,21288.51826347214,0.10392604338814573
2050-06-24 00:00:00,4177,16956.063983124892,0.08277591795695993
2050-06-24 01:00:00,4178,13149.772454977532,0.06419440779235082
2050-06-24 02:00:00,4179,13063.99341958536,0.06377565268484969
2050-06-24 03:00:00,4180,19188.611893459067,0.0936747446448471
2050-06-24 04:00:00,4181,32089.11143474984,0.15665225479675715
2050-06-24 05:00:00,4182,50606.45567523525,0.24705001274085767
2050-06-24 06:00:00,4183,75979.7274472063,0.370916958783677
2050-06-24 07:00:00,4184,104173.23895350048,0.5085517186953059
2050-06-24 08:00:00,4185,131554.63527251297,0.6422219040346205
2050-06-24 09:00:00,4186,149269.1806210947,0.7287005675899353
2050-06-24 10:00:00,4187,156677.44958829635,0.7648661697510545
2050-06-24 11:00:00,4188,162637.55784196974,0.7939621576118968
2050-06-24 12:00:00,4189,172036.94144471086,0.8398479602793567
2050-06-24 13:00:00,4190,182080.42202738585,0.8888781081687026
2050-06-24 14:00:00,4191,188580.43190433944,0.9206097815588016
2050-06-24 15:00:00,4192,193884.48223011027,0.9465030333796571
2050-06-24 16:00:00,4193,188846.31903877875,0.9219077863108516
2050-06-24 17:00:00,4194,169466.24245592,0.8272983515494081
2050-06-24 18:00:00,4195,143843.01730753045,0.7022111859910175
2050-06-24 19:00:00,4196,110708.73602052114,0.5404566330413507
2050-06-24 20:00:00,4197,85706.45666130999,0.41840079348832937
2050-06-24 21:00:00,4198,63398.53386031715,0.30949823276415883
2050-06-24 22:00:00,4199,45462.79975484814,0.22193977248176613
2050-06-24 23:00:00,4200,30980.213781153663,0.15123885099690748
2050-06-25 00:00:00,4201,20430.7930427839,0.09973881027980379
2050-06-25 01:00:00,4202,20708.031378007836,0.1010922291931707
2050-06-25 02:00:00,4203,12135.11603963805,0.0592410697845306
2050-06-25 03:00:00,4204,13463.127006037128,0.06572413843241938
2050-06-25 04:00:00,4205,24615.041958344224,0.12016542846729243
2050-06-25 05:00:00,4206,39642.838711456294,0.19352795365872094
2050-06-25 06:00:00,4207,60057.00669389964,0.2931856039103396
2050-06-25 07:00:00,4208,84603.22270817638,0.41301503867619815
2050-06-25 08:00:00,4209,113002.11816068587,0.5516524395721094
2050-06-25 09:00:00,4210,142699.61253294258,0.6966293257251519
2050-06-25 10:00:00,4211,167118.6342174693,0.8158378246762803
2050-06-25 11:00:00,4212,176132.50099011103,0.8598416157205773
2050-06-25 12:00:00,4213,176532.7749052388,0.8617956683115501
2050-06-25 13:00:00,4214,172816.44738858295,0.843653343422587
2050-06-25 14:00:00,4215,167346.7187770817,0.8169512852537182
2050-06-25 15:00:00,4216,160371.32313397503,0.7828988791029882
2050-06-25 16:00:00,4217,152009.66824665864,0.7420790485322994
2050-06-25 17:00:00,4218,138836.78960862343,0.6777718412414928
2050-06-25 18:00:00,4219,120061.42800916113,0.5861144971245991
2050-06-25 19:00:00,4220,98232.91836872604,0.4795523300487015
2050-06-25 20:00:00,4221,77238.91621639192,0.3770640520214807
2050-06-25 21:00:00,4222,58478.739886473195,0.285480839178634
2050-06-25 22:00:00,4223,43800.491353964164,0.21382473446659472
2050-06-25 23:00:00,4224,32477.158396608043,0.15854661798801367
2050-06-26 00:00:00,4225,9987.77237923082,0.04875819222307728
2050-06-26 01:00:00,4226,8336.190675172038,0.04069551967298285
2050-06-26 02:00:00,4227,14055.29740410996,0.06861498906474776
2050-06-26 03:00:00,4228,31550.35891515966,0.15402217894866616
2050-06-26 04:00:00,4229,57210.461815173774,0.2792893738904059
2050-06-26 05:00:00,4230,81503.7364617997,0.3978840023994926
2050-06-26 06:00:00,4231,105004.14380255567,0.512608020422162
2050-06-26 07:00:00,4232,120461.94565361858,0.5880697395506078
2050-06-26 08:00:00,4233,128478.46150039579,0.6272046743263852
2050-06-26 09:00:00,4234,139761.80017062745,0.6822875471544907
2050-06-26 10:00:00,4235,158531.3067749376,0.7739163084234526
2050-06-26 11:00:00,4236,171841.40783896227,0.8388934065737691
2050-06-26 12:00:00,4237,177370.95825558898,0.8658875021422391
2050-06-26 13:00:00,4238,176190.42106009772,0.8601243692514705
2050-06-26 14:00:00,4239,173158.24583168176,0.8453219311273705
2050-06-26 15:00:00,4240,166283.10656111204,0.811758955381954
2050-06-26 16:00:00,4241,156884.89679314423,0.7658788831275773
2050-06-26 17:00:00,4242,140297.75860134885,0.6849039828517072
2050-06-26 18:00:00,4243,118507.55819748633,0.578528833365899
2050-06-26 19:00:00,4244,92156.2288087109,0.4498872169086279
2050-06-26 20:00:00,4245,68108.21994988444,0.3324899240989548
2050-06-26 21:00:00,4246,48244.01242538188,0.23551706447984283
2050-06-26 22:00:00,4247,31060.876097620567,0.1516326273648622
2050-06-26 23:00:00,4248,19476.761727579164,0.09508143118791362
2050-06-27 00:00:00,4249,15405.808230881272,0.07520789727198644
2050-06-27 01:00:00,4250,12272.62843707568,0.059912376223317965
2050-06-27 02:00:00,4251,11175.685132875515,0.05455733102873292
2050-06-27 03:00:00,4252,17463.331300738264,0.08525228970849381
2050-06-27 04:00:00,4253,31510.3706265084,0.15382696458146808
2050-06-27 05:00:00,4254,47527.44392069352,0.23201892860269255
2050-06-27 06:00:00,4255,68339.48186342341,0.3336188958462142
2050-06-27 07:00:00,4256,92880.5061360827,0.45342298562761124
2050-06-27 08:00:00,4257,117305.7585928188,0.5726619018907836
2050-06-27 09:00:00,4258,131779.6580171169,0.6433204174787973
2050-06-27 10:00:00,4259,137877.73235780548,0.673089926594984
2050-06-27 11:00:00,4260,144710.5027403432,0.7064460663905506
2050-06-27 12:00:00,4261,152568.79088268187,0.7448085669802954
2050-06-27 13:00:00,4262,160168.32482359686,0.7819078842882724
2050-06-27 14:00:00,4263,168195.0666819964,0.8210927402898672
2050-06-27 15:00:00,4264,171694.47700961924,0.8381761213425295
2050-06-27 16:00:00,4265,166661.1899108274,0.8136046783261512
2050-06-27 17:00:00,4266,149549.5513486841,0.7300692781802922
2050-06-27 18:00:00,4267,125635.85949786955,0.6133276925940929
2050-06-27 19:00:00,4268,98118.87502663181,0.47899559457411706
2050-06-27 20:00:00,4269,73123.69431216495,0.3569744091032898
2050-06-27 21:00:00,4270,55467.86574837521,0.2707823884720331
2050-06-27 22:00:00,4271,40622.792049565825,0.19831187858361699
2050-06-27 23:00:00,4272,25225.64587509553,0.12314626763890127
2050-06-28 00:00:00,4273,13092.104014373504,0.06391288266288118
2050-06-28 01:00:00,4274,8346.568173267644,0.04074618042372166
2050-06-28 02:00:00,4275,12683.52942326077,0.061918307927441116
2050-06-28 03:00:00,4276,29582.000744327128,0.14441307068976245
2050-06-28 04:00:00,4277,58832.8483428479,0.28720952176451653
2050-06-28 05:00:00,4278,84186.46131110414,0.4109804976856703
2050-06-28 06:00:00,4279,108581.23355043014,0.5300706159743741
2050-06-28 07:00:00,4280,123609.6783163196,0.6034363046271194
2050-06-28 08:00:00,4281,131924.4456123995,0.6440272398946731
2050-06-28 09:00:00,4282,129311.11895131237,0.6312695318848325
2050-06-28 10:00:00,4283,128189.22367769969,0.625792676453213
2050-06-28 11:00:00,4284,132683.07762260237,0.647730720908815
2050-06-28 12:00:00,4285,139505.8066223335,0.6810378407973916
2050-06-28 13:00:00,4286,145143.37197738685,0.7085592424488197
2050-06-28 14:00:00,4287,155125.72387843952,0.7572909730439267
2050-06-28 15:00:00,4288,164604.22755849018,0.803563023193977
2050-06-28 16:00:00,4289,163575.1499707756,0.7985392840728704
2050-06-28 17:00:00,4290,151201.47045766,0.7381335978698269
2050-06-28 18:00:00,4291,126139.61796428778,0.6157869348762558
2050-06-28 19:00:00,4292,96743.35085470018,0.4722805765064249
2050-06-28 20:00:00,4293,71634.24384496531,0.349703226958862
2050-06-28 21:00:00,4294,49875.778751449296,0.24348300254577088
2050-06-28 22:00:00,4295,32058.830914456583,0.15650443170137468
2050-06-28 23:00:00,4296,18498.49444909963,0.0903057372495096
2050-06-29 00:00:00,4297,11285.714290963155,0.05509447010604474
2050-06-29 01:00:00,4298,8985.32622280433,0.04386446211665569
2050-06-29 02:00:00,4299,14547.05581126904,0.07101564959576231
2050-06-29 03:00:00,4300,30284.93459225151,0.14784464505648262
2050-06-29 04:00:00,4301,59827.247485734195,0.2920639680528737
2050-06-29 05:00:00,4302,88972.93245707739,0.4343470374248899
2050-06-29 06:00:00,4303,112660.90983045302,0.5499867326735217
2050-06-29 07:00:00,4304,127681.52983024913,0.6233142224732301
2050-06-29 08:00:00,4305,137298.34971415676,0.6702615030749924
2050-06-29 09:00:00,4306,135669.92177473652,0.6623118623065675
2050-06-29 10:00:00,4307,133784.22784063278,0.6531063033669071
2050-06-29 11:00:00,4308,137990.65728370953,0.6736412021982863
2050-06-29 12:00:00,4309,145003.8843059636,0.7078782931402285
2050-06-29 13:00:00,4310,152727.6941489574,0.745584299116327
2050-06-29 14:00:00,4311,163055.47556483955,0.7960023435403917
2050-06-29 15:00:00,4312,172191.58511778252,0.8406028979823215
2050-06-29 16:00:00,4313,168923.8018536654,0.8246502712618227
2050-06-29 17:00:00,4314,157188.41021557112,0.7673605714591765
2050-06-29 18:00:00,4315,131074.78218945864,0.6398793627777681
2050-06-29 19:00:00,4316,100368.67975358597,0.48997866539072155
2050-06-29 20:00:00,4317,74681.95685308952,0.36458151723707294
2050-06-29 21:00:00,4318,51880.47282908988,0.25326949501623625
2050-06-29 22:00:00,4319,32762.42914682562,0.1599392494524285
2050-06-29 23:00:00,4320,19461.252627416012,0.09500571904127576
2050-06-30 00:00:00,4321,12586.367740464597,0.061443985142878584
2050-06-30 01:00:00,4322,8962.14229073943,0.043751283063991474
2050-06-30 02:00:00,4323,15607.202217541939,0.07619106011764681
2050-06-30 03:00:00,4324,34124.748312979325,0.16658980347492816
2050-06-30 04:00:00,4325,62249.57646421994,0.30388926577452985
2050-06-30 05:00:00,4326,91890.63892103944,0.4485906632524273
2050-06-30 06:00:00,4327,118576.76259746967,0.5788666746090663
2050-06-30 07:00:00,4328,135793.24180754912,0.6629138846231089
2050-06-30 08:00:00,4329,145346.88688299654,0.7095527591721897
2050-06-30 09:00:00,4330,143130.38190351645,0.698732250679462
2050-06-30 10:00:00,4331,141066.2325342813,0.6886555100509314
2050-06-30 11:00:00,4332,145191.2217782851,0.7087928350560045
2050-06-30 12:00:00,4333,152117.70620016125,0.7426064669699906
2050-06-30 13:00:00,4334,160092.06936893298,0.7815356212875365
2050-06-30 14:00:00,4335,170719.51251444384,0.8334165508936384
2050-06-30 15:00:00,4336,181020.66222753597,0.8837045849776034
2050-06-30 16:00:00,4337,179776.12585804306,0.8776290216559433
2050-06-30 17:00:00,4338,167290.53279071063,0.8166769971522572
2050-06-30 18:00:00,4339,142290.1933863656,0.6946306280485688
2050-06-30 19:00:00,4340,107193.61743981736,0.523296567619629
2050-06-30 20:00:00,4341,78389.42196984922,0.38268057776424574
2050-06-30 21:00:00,4342,55881.10803119583,0.27279974989111894
2050-06-30 22:00:00,4343,36539.2554412789,0.17837691657838953
2050-06-30 23:00:00,4344,21680.268359283153,0.10583848449610313
2050-07-01 00:00:00,4345,17268.08849338077,0.08429915561914414
2050-07-01 01:00:00,4346,13391.753792589105,0.06537570950064737
2050-07-01 02:00:00,4347,13304.396247475479,0.06494924844255963
2050-07-01 03:00:00,4348,19541.71961142557,0.09539854183748886
2050-07-01 04:00:00,4349,32679.613414167554,0.15953496056210156
2050-07-01 05:00:00,4350,51537.71274175484,0.2515962127676907
2050-07-01 06:00:00,4351,77377.90200142957,0.3777425512268924
2050-07-01 07:00:00,4352,106090.2288396702,0.5179100578534873
2050-07-01 08:00:00,4353,133975.4960275032,0.6540400341997182
2050-07-01 09:00:00,4354,152016.02341731588,0.7421100731312542
2050-07-01 10:00:00,4355,159560.6189366037,0.7789411926849753
2050-07-01 11:00:00,4356,165630.4047628729,0.8085726032571228
2050-07-01 12:00:00,4357,175202.75526798028,0.8553027937573833
2050-07-01 13:00:00,4358,185431.05538503,0.9052351915220228
2050-07-01 14:00:00,4359,192050.67807811053,0.9375507893809242
2050-07-01 15:00:00,4360,197452.33321356605,0.9639205272380854
2050-07-01 16:00:00,4361,192321.4580638498,0.9388726799981245
2050-07-01 17:00:00,4362,172584.75040157486,0.8425222477386746
2050-07-01 18:00:00,4363,146490.0081503026,0.7151332354154708
2050-07-01 19:00:00,4364,112745.99177576703,0.5504020847347041
2050-07-01 20:00:00,4365,87283.62192216549,0.4261001807026658
2050-07-01 21:00:00,4366,64565.18999752928,0.31519360126441726
2050-07-01 22:00:00,4367,46299.40357411149,0.22602389537577872
2050-07-01 23:00:00,4368,31550.309888036296,0.1540219396086197
2050-07-02 00:00:00,4369,20409.532309909886,0.09963501987881004
2050-07-02 01:00:00,4370,20686.482215075965,0.10098703073764087
2050-07-02 02:00:00,4371,12122.488016783762,0.05917942244793259
2050-07-02 03:00:00,4372,13449.11700054502,0.06565574454888926
2050-07-02 04:00:00,4373,24589.42708100443,0.12004038205396994
2050-07-02 05:00:00,4374,39601.58555130843,0.19332656445641178
2050-07-02 06:00:00,4375,59994.51014985227,0.2928805090010607
2050-07-02 07:00:00,4376,84515.18287686999,0.41258524684122894
2050-07-02 08:00:00,4377,112884.52587710266,0.5510783789158189
2050-07-02 09:00:00,4378,142551.11642788816,0.6959043991489637
2050-07-02 10:00:00,4379,166944.72725412995,0.814988847664643
2050-07-02 11:00:00,4380,175949.21395416924,0.8589468471784916
2050-07-02 12:00:00,4381,176349.07136787398,0.8608988664976123
2050-07-02 13:00:00,4382,172636.61111669143,0.8427754207807173
2050-07-02 14:00:00,4383,167172.5744155057,0.8161011493141022
2050-07-02 15:00:00,4384,160204.4375070387,0.7820841787705746
2050-07-02 16:00:00,4385,151851.4839167085,0.741306826091345
2050-07-02 17:00:00,4386,138692.3132603821,0.67706653826784
2050-07-02 18:00:00,4387,119936.48970602259,0.5855045747546098
2050-07-02 19:00:00,4388,98130.69527637665,0.4790532985332483
2050-07-02 20:00:00,4389,77158.53985930089,0.37667167164671517
2050-07-02 21:00:00,4390,58417.88575223966,0.28518376216667707
2050-07-02 22:00:00,4391,43754.91170263112,0.21360222424942368
2050-07-02 23:00:00,4392,32443.362010550125,0.15838163117961543
2050-07-03 00:00:00,4393,9977.378891016304,0.04870745341196005
2050-07-03 01:00:00,4394,8327.51590301031,0.0406531712701065
2050-07-03 02:00:00,4395,14040.671218638576,0.06854358712088818
2050-07-03 03:00:00,4396,31517.52695453412,0.15386190026124139
2050-07-03 04:00:00,4397,57150.92745787722,0.2789987397503068
2050-07-03 05:00:00,4398,81418.92204342985,0.39746995634826654
2050-07-03 06:00:00,4399,104894.87437681897,0.5120745901974951
2050-07-03 07:00:00,4400,120336.59054221769,0.5874577824108416
2050-07-03 08:00:00,4401,128344.7642922567,0.6265519928347955
2050-07-03 09:00:00,4402,139616.36127680226,0.6815775452368873
2050-07-03 10:00:00,4403,158366.33590415164,0.7731109555255715
2050-07-03 11:00:00,4404,171662.5862704997,0.8380204374994177
2050-07-03 12:00:00,4405,177186.3825429591,0.8649864425531325
2050-07-03 13:00:00,4406,176007.0738222845,0.8592293068165818
2050-07-03 14:00:00,4407,172978.0539272292,0.8444422723625582
2050-07-03 15:00:00,4408,166110.06904070315,0.8109142228068058
2050-07-03 16:00:00,4409,156721.63924382837,0.7650818943027254
2050-07-03 17:00:00,4410,140151.7619559688,0.6841912581089841
2050-07-03 18:00:00,4411,118384.23682451948,0.577926804507008
2050-07-03 19:00:00,4412,92060.32918390585,0.44941905522423775
2050-07-03 20:00:00,4413,68037.34515691361,0.3321439283505305
2050-07-03 21:00:00,4414,48193.80878634427,0.23527198093272636
2050-07-03 22:00:00,4415,31028.553549381904,0.15147483552096339
2050-07-03 23:00:00,4416,19456.493853173622,0.0949824877119616
2050-07-04 00:00:00,4417,15389.776659583815,0.07512963453177975
2050-07-04 01:00:00,4418,12259.857305838588,0.05985003026186422
2050-07-04 02:00:00,4419,11164.0554681403,0.05450055746530764
2050-07-04 03:00:00,4420,17445.158583661047,0.08516357434746806
2050-07-04 04:00:00,4421,31477.580303469054,0.15366688915993226
2050-07-04 05:00:00,4422,47477.985918978,0.2317774850992714
2050-07-04 06:00:00,4423,68268.36647932486,0.33327172558279233
2050-07-04 07:00:00,4424,92783.85284330584,0.4529511446955925
2050-07-04 08:00:00,4425,117183.68792303345,0.5720659787002861
2050-07-04 09:00:00,4426,131642.52548911233,0.6426509654822353
2050-07-04 10:00:00,4427,137734.2540741517,0.6723894959615451
2050-07-04 11:00:00,4428,144559.91408387074,0.7057109244209392
2050-07-04 12:00:00,4429,152410.0247189797,0.7440335041500282
2050-07-04 13:00:00,4430,160001.65049952004,0.781094215491726
2050-07-04 14:00:00,4431,168020.03957950565,0.8202382949958157
2050-07-04 15:00:00,4432,171515.8083390695,0.8373038986834489
2050-07-04 16:00:00,4433,166487.7589090428,0.8127580248581528
2050-07-04 17:00:00,4434,149393.92709365656,0.7293095534836237
2050-07-04 18:00:00,4435,125505.1203399221,0.6126894516778761
2050-07-04 19:00:00,4436,98016.77053435068,0.4784971420391118
2050-07-04 20:00:00,4437,73047.60032280968,0.3566029343420387
2050-07-04 21:00:00,4438,55410.14473801562,0.27050060670813597
2050-07-04 22:00:00,4439,40580.51913846602,0.19810551117284986
2050-07-04 23:00:00,4440,25199.39560031001,0.12301811934964284
2050-07-05 00:00:00,4441,13078.480114599224,0.06384637366579955
2050-07-05 01:00:00,4442,8337.882586076194,0.040703779224157716
2050-07-05 02:00:00,4443,12670.330725231695,0.06185387467534436
2050-07-05 03:00:00,4444,29551.217125738793,0.14426279157491464
2050-07-05 04:00:00,4445,58771.62567152824,0.28691064563245516
2050-07-05 05:00:00,4446,84098.85523992719,0.4105528233759076
2050-07-05 06:00:00,4447,108468.24175164299,0.5295190139118009
2050-07-05 07:00:00,4448,123481.04757536373,0.6028083565567003
2050-07-05 08:00:00,4449,131787.16236930853,0.6433570521389373
2050-07-05 09:00:00,4450,129176.55526679776,0.6306126204388476
2050-07-05 10:00:00,4451,128055.82743290321,0.6251414642010047
2050-07-05 11:00:00,4452,132545.004974375,0.6470566794441719
2050-07-05 12:00:00,4453,139360.6341149345,0.6803291393219769
2050-07-05 13:00:00,4454,144992.33289284987,0.7078219015846681
2050-07-05 14:00:00,4455,154964.2969585097,0.7565029209645376
2050-07-05 15:00:00,4456,164432.9370868883,0.8027268193415831
2050-07-05 16:00:00,4457,163404.93038986542,0.7977083080823275
2050-07-05 17:00:00,4458,151044.127197666,0.7373654813545021
2050-07-05 18:00:00,4459,126008.35454260476,0.6151461346153699
2050-07-05 19:00:00,4460,96642.67783827354,0.4717891121337671
2050-07-05 20:00:00,4461,71559.69982031027,0.3493393187974415
2050-07-05 21:00:00,4462,49823.876990441,0.24322962912636648
2050-07-05 22:00:00,4463,32025.469837069362,0.15634156997783386
2050-07-05 23:00:00,4464,18479.244516631094,0.09021176315078724
2050-07-06 00:00:00,4465,11273.970183501347,0.05503713785743423
2050-07-06 01:00:00,4466,8975.975956817229,0.04381881609579883
2050-07-06 02:00:00,4467,14531.917889818425,0.07094174946509035
2050-07-06 03:00:00,4468,30253.419460448742,0.1476907948488457
2050-07-06 04:00:00,4469,59764.99008170988,0.2917600405746064
2050-07-06 05:00:00,4470,88880.34547128297,0.4338950473434873
2050-07-06 06:00:00,4471,112543.67267048906,0.5494144056556276
2050-07-06 07:00:00,4472,127548.66188065727,0.62266558924647
2050-07-06 08:00:00,4473,137155.47435343993,0.6695640157838063
2050-07-06 09:00:00,4474,135528.74094692804,0.6616226473666261
2050-07-06 10:00:00,4475,133645.00930130074,0.6524266679042605
2050-07-06 11:00:00,4476,137847.0614828114,0.6729401978705167
2050-07-06 12:00:00,4477,144852.99036100117,0.7071416608167811
2050-07-06 13:00:00,4478,152568.76264763193,0.7448084291427536
2050-07-06 14:00:00,4479,162885.7968178783,0.7951740077867945
2050-07-06 15:00:00,4480,172012.39908434488,0.8397281496670503
2050-07-06 16:00:00,4481,168748.01642138613,0.8237921239621392
2050-07-06 17:00:00,4482,157024.8368510888,0.7665620408914805
2050-07-06 18:00:00,4483,130938.38317265433,0.6392134916277394
2050-07-06 19:00:00,4484,100264.23407724456,0.48946878369032226
2050-07-06 20:00:00,4485,74604.24135240399,0.36420212660047635
2050-07-06 21:00:00,4486,51826.48501521647,0.25300593792796927
2050-07-06 22:00:00,4487,32728.335877597056,0.15977281332318546
2050-07-06 23:00:00,4488,19441.000817856366,0.0949068539905035
2050-07-07 00:00:00,4489,12573.270111121996,0.06138004528673197
2050-07-07 01:00:00,4490,8952.816093776542,0.04370575454301994
2050-07-07 02:00:00,4491,15590.961054884905,0.07611177419675372
2050-07-07 03:00:00,4492,34089.23740719431,0.16641644674386352
2050-07-07 04:00:00,4493,62184.79828221925,0.30357303239135636
2050-07-07 05:00:00,4494,91795.0157052057,0.44812385093817136
2050-07-07 06:00:00,4495,118453.36920974148,0.5782642941893423
2050-07-07 07:00:00,4496,135651.9326401619,0.6622240431564894
2050-07-07 08:00:00,4497,145195.63598607472,0.7088143842847762
2050-07-07 09:00:00,4498,142981.4376174137,0.6980051361781916
2050-07-07 10:00:00,4499,140919.4361723064,0.6879388812609417
2050-07-07 11:00:00,4500,145040.1329037905,0.708055251127811
2050-07-07 12:00:00,4501,151959.40948220703,0.7418336958745716
2050-07-07 13:00:00,4502,159925.4743476682,0.7807223396305449
2050-07-07 14:00:00,4503,170541.85838520722,0.8325492810106608
2050-07-07 15:00:00,4504,180832.28851850284,0.8827849843733776
2050-07-07 16:00:00,4505,179589.0472128246,0.8767157432793392
2050-07-07 17:00:00,4506,167116.446931202,0.8158271468073602
2050-07-07 18:00:00,4507,142142.12337281287,0.6939077815609686
2050-07-07 19:00:00,4508,107082.06964408193,0.5227520148745305
2050-07-07 20:00:00,4509,78307.84833232076,0.3822823525196237
2050-07-07 21:00:00,4510,55822.95705551727,0.27251586912747733
2050-07-07 22:00:00,4511,36501.23193825121,0.1781912938790302
2050-07-07 23:00:00,4512,21657.70740320393,0.10572834668043418
2050-07-08 00:00:00,4513,17250.118967174567,0.0842114321929734
2050-07-08 01:00:00,4514,13377.81809248291,0.0653076783602948
2050-07-08 02:00:00,4515,13290.551471941575,0.06488166117673735
2050-07-08 03:00:00,4516,19521.38411907693,0.09529926826504063
2050-07-08 04:00:00,4517,32645.60633176232,0.1593689451787005
2050-07-08 05:00:00,4518,51484.08156101594,0.25133439668695423
2050-07-08 06:00:00,4519,77297.38097894586,0.3773494646262783
2050-07-08 07:00:00,4520,105979.82926326175,0.5173711104722811
2050-07-08 08:00:00,4521,133836.0784820513,0.6533594272312866
2050-07-08 09:00:00,4522,151857.83252849997,0.7413378186713042
2050-07-08 10:00:00,4523,159394.57695732484,0.7781306108619839
2050-07-08 11:00:00,4524,165458.04643047118,0.8077311863341693
2050-07-08 12:00:00,4525,175020.4357766587,0.8544127485634864
2050-07-08 13:00:00,4526,185238.09214735008,0.9042931858096831
2050-07-08 14:00:00,4527,191850.8263052894,0.936575155297032
2050-07-08 15:00:00,4528,197246.86040574167,0.9629174524502229
2050-07-08 16:00:00,4529,192121.32448758578,0.9378956702094288
2050-07-08 17:00:00,4530,172405.15530830921,0.8416455024798442
2050-07-08 18:00:00,4531,146337.56776588398,0.7143890537016886
2050-07-08 19:00:00,4532,112628.66601472472,0.5498293251850856
2050-07-08 20:00:00,4533,87192.79281044463,0.42565677219067904
2050-07-08 21:00:00,4534,64498.002185329526,0.31486560457627727
2050-07-08 22:00:00,4535,46251.223460083944,0.2257886902497618
2050-07-08 23:00:00,4536,31517.47798605923,0.15386166120750439
2050-07-09 00:00:00,4537,19975.624198373585,0.09751677225500219
2050-07-09 01:00:00,4538,20246.686162021568,0.09884003942871114
2050-07-09 02:00:00,4539,11864.763079276174,0.05792126381490182
2050-07-09 03:00:00,4540,13163.18782438109,0.06425989878826924
2050-07-09 04:00:00,4541,24066.654145137105,0.11748831515374243
2050-07-09 05:00:00,4542,38759.65304375919,0.18921642803326824
2050-07-09 06:00:00,4543,58719.02263484995,0.2866538487335579
2050-07-09 07:00:00,4544,82718.38413347871,0.40381365542023956
2050-07-09 08:00:00,4545,110484.59290951605,0.5393624137823505
2050-07-09 09:00:00,4546,139520.4696519429,0.68110942260654
2050-07-09 10:00:00,4547,163395.47062688522,0.7976621275203102
2050-07-09 11:00:00,4548,172208.52127689886,0.8406855767289289
2050-07-09 12:00:00,4549,172599.87770881318,0.8425960960530071
2050-07-09 13:00:00,4550,168966.34461453272,0.8248579560220783
2050-07-09 14:00:00,4551,163618.47371848437,0.7987507814456982
2050-07-09 15:00:00,4552,156798.47988996137,0.7654570140844387
2050-07-09 16:00:00,4553,148623.11067642542,0.7255465907715165
2050-07-09 17:00:00,4554,135743.70492343575,0.662672056032506
2050-07-09 18:00:00,4555,117386.63151017363,0.5730567063677285
2050-07-09 19:00:00,4556,96044.42981633364,0.46886859182720925
2050-07-09 20:00:00,4557,75518.14387778469,0.3686636054281607
2050-07-09 21:00:00,4558,57175.91739878105,0.2791207353561304
2050-07-09 22:00:00,4559,42824.67921044772,0.20906102597779033
2050-07-09 23:00:00,4560,31753.61385012659,0.15501442655034506
2050-07-10 00:00:00,4561,9765.259108245034,0.04767192949832081
2050-07-10 01:00:00,4562,8150.472345646611,0.039788882069869295
2050-07-10 02:00:00,4563,13742.165579174012,0.06708634572650564
2050-07-10 03:00:00,4564,30847.46210275124,0.15059078538150145
2050-07-10 04:00:00,4565,55935.89471806599,0.27306720690838493
2050-07-10 05:00:00,4566,79687.95003517292,0.3890197171250678
2050-07-10 06:00:00,4567,102664.8019647046,0.5011878483683198
2050-07-10 07:00:00,4568,117778.2261642507,0.5749683886420186
2050-07-10 08:00:00,4569,125616.14560083517,0.6132314535184942
2050-07-10 09:00:00,4570,136648.1076324344,0.6670871587659369
2050-07-10 10:00:00,4571,154999.45645562006,0.7566745621927797
2050-07-10 11:00:00,4572,168013.02763237155,0.8202040641530169
2050-07-10 12:00:00,4573,173419.38761547298,0.8465967700812544
2050-07-10 13:00:00,4574,172265.151073664,0.8409620314188625
2050-07-10 14:00:00,4575,169300.52835041351,0.8264893703368243
2050-07-10 15:00:00,4576,162578.55729449427,0.7936741294184372
2050-07-10 16:00:00,4577,153389.72617817196,0.7488161994553255
2050-07-10 17:00:00,4578,137172.12564488073,0.6696453038666746
2050-07-10 18:00:00,4579,115867.37960675612,0.5656400399150424
2050-07-10 19:00:00,4580,90103.12010686118,0.4398643744830408
2050-07-10 20:00:00,4581,66590.86640625316,0.32508252503721935
2050-07-10 21:00:00,4582,47169.205043805814,0.23027008217749845
2050-07-10 22:00:00,4583,30368.884328686432,0.1482544699133929
2050-07-10 23:00:00,4584,19042.847441411275,0.09296315342086037
2050-07-11 00:00:00,4585,15062.588935420214,0.07353237326649763
2050-07-11 01:00:00,4586,11999.211882749772,0.05857761443594323
2050-07-11 02:00:00,4587,10926.706852808547,0.053341871727305465
2050-07-11 03:00:00,4588,17074.27327345386,0.0833529907096789
2050-07-11 04:00:00,4589,30808.3647321,0.15039992028753973
2050-07-11 05:00:00,4590,46468.6006028858,0.2268498794830764
2050-07-11 06:00:00,4591,66816.97622965691,0.3261863453701668
2050-07-11 07:00:00,4592,90811.2616163254,0.44332137155191625
2050-07-11 08:00:00,4593,114692.35450021214,0.5599038158766422
2050-07-11 09:00:00,4594,128843.79614915384,0.6289881608090103
2050-07-11 10:00:00,4595,134806.0141667125,0.6580944480909005
2050-07-11 11:00:00,4596,141486.5601384923,0.6907074605104155
2050-07-11 12:00:00,4597,149169.77686217308,0.728215299463954
2050-07-11 13:00:00,4598,156600.00417625348,0.7644880976300844
2050-07-11 14:00:00,4599,164447.92174511243,0.8027999712736004
2050-07-11 15:00:00,4600,167869.370209496,0.8195027589997874
2050-07-11 16:00:00,4601,162948.21743063547,0.7954787320155751
2050-07-11 17:00:00,4602,146217.8016975218,0.7138043810878885
2050-07-11 18:00:00,4603,122836.87266996586,0.5996636309191812
2050-07-11 19:00:00,4604,95932.92708654987,0.46832425908455483
2050-07-11 20:00:00,4605,71494.60319808457,0.34902153085644344
2050-07-11 21:00:00,4606,54232.12114546689,0.26474974469527596
2050-07-11 22:00:00,4607,39717.77443783704,0.19389377402511676
2050-07-11 23:00:00,4608,24663.654695177145,0.12040274556634029
2050-07-12 00:00:00,4609,12800.430710258357,0.06248899528455452
2050-07-12 01:00:00,4610,8160.618624740578,0.03983841405834766
2050-07-12 02:00:00,4611,12400.95862019325,0.06053885703394203
2050-07-12 03:00:00,4612,28922.956172971786,0.14119575448814972
2050-07-12 04:00:00,4613,57522.13676136247,0.2808109050547511
2050-07-12 05:00:00,4614,82310.90768440365,0.4018244415819573
2050-07-12 06:00:00,4615,106162.19930639963,0.518261402449453
2050-07-12 07:00:00,4616,120855.8318027366,0.5899926084190095
2050-07-12 08:00:00,4617,128985.35801726153,0.6296792359070978
2050-07-12 09:00:00,4618,126430.25264247558,0.6172057519024868
2050-07-12 10:00:00,4619,125333.35154840827,0.6118509127688425
2050-07-12 11:00:00,4620,129727.0888553407,0.6333002089737301
2050-07-12 12:00:00,4621,136397.817245374,0.6658652940356937
2050-07-12 13:00:00,4622,141909.78570467868,0.6927735582073101
2050-07-12 14:00:00,4623,151669.74511288397,0.7404196156909864
2050-07-12 15:00:00,4624,160937.08127154544,0.7856607906660501
2050-07-12 16:00:00,4625,159930.93007485135,0.780748973336702
2050-07-12 17:00:00,4626,147832.91843840954,0.7216890394005541
2050-07-12 18:00:00,4627,123329.40805797697,0.6020680845063747
2050-07-12 19:00:00,4628,94588.04773463371,0.4617588425464353
2050-07-12 20:00:00,4629,70038.33557092899,0.34191234031854645
2050-07-12 21:00:00,4630,48764.617848611684,0.23805855004182858
2050-07-12 22:00:00,4631,31344.60608831279,0.15301773716716316
2050-07-12 23:00:00,4632,18086.3744649191,0.08829385465500524
2050-07-13 00:00:00,4633,11034.284799971709,0.053867044511344164
2050-07-13 01:00:00,4634,8785.146097649613,0.04288722508612126
2050-07-13 02:00:00,4635,14222.96831047049,0.06943352296521436
2050-07-13 03:00:00,4636,29610.229624285632,0.14455087811097692
2050-07-13 04:00:00,4637,58494.382202180765,0.285557201655383
2050-07-13 05:00:00,4638,86990.74308915522,0.4246704081872568
2050-07-13 06:00:00,4639,110150.98629223128,0.5377338168385227
2050-07-13 07:00:00,4640,124836.96836146398,0.6094276750411123
2050-07-13 08:00:00,4641,134239.5393462913,0.655329037833748
2050-07-13 09:00:00,4642,132647.3903866537,0.6475565033711872
2050-07-13 10:00:00,4643,130803.70700717196,0.6385560310734609
2050-07-13 11:00:00,4644,134916.4232794226,0.6586334420263142
2050-07-13 12:00:00,4645,141773.40559819844,0.6921077793734838
2050-07-13 13:00:00,4646,149325.14002089069,0.7289737495436625
2050-07-13 14:00:00,4647,159422.83334291686,0.7782685525598835
2050-07-13 15:00:00,4648,168355.40337118524,0.8218754700933756
2050-07-13 16:00:00,4649,165160.42175126373,0.8062782456014284
2050-07-13 17:00:00,4650,153686.4777957278,0.7502648780857462
2050-07-13 18:00:00,4651,128154.62394942797,0.6256237678980434
2050-07-13 19:00:00,4652,98132.60940013107,0.47906264288055755
2050-07-13 20:00:00,4653,73018.14995253157,0.3564591638634437
2050-07-13 21:00:00,4654,50724.65031992808,0.24762701399667872
2050-07-13 22:00:00,4655,32032.529141035582,0.1563760320066704
2050-07-13 23:00:00,4656,19027.683754029385,0.09288912750636172
2050-07-14 00:00:00,4657,12305.96150279989,0.06007510119984478
2050-07-14 01:00:00,4658,8762.478588156599,0.04277656709922349
2050-07-14 02:00:00,4659,15259.49612841337,0.07449363253448328
2050-07-14 03:00:00,4660,33364.4978178714,0.16287842135980865
2050-07-14 04:00:00,4661,60862.74508466184,0.29711904831081376
2050-07-14 05:00:00,4662,89843.44722594309,0.4385967064022931
2050-07-14 06:00:00,4663,115935.04223294767,0.5659703545446615
2050-07-14 07:00:00,4664,132767.9630109647,0.6481451134205335
2050-07-14 08:00:00,4665,142108.7665453334,0.6937449405845785
2050-07-14 09:00:00,4666,139941.6422234463,0.683165498017625
2050-07-14 10:00:00,4667,137923.47904051503,0.673313252224006
2050-07-14 11:00:00,4668,141956.56948568052,0.6930019467308365
2050-07-14 12:00:00,4669,148728.74175498498,0.7260622593548182
2050-07-14 13:00:00,4670,156525.44751104972,0.7641241277601787
2050-07-14 14:00:00,4671,166916.12648774136,0.8148492247725353
2050-07-14 15:00:00,4672,176987.78135399564,0.8640169135551201
2050-07-14 16:00:00,4673,175770.97143379375,0.8580767048944257
2050-07-14 17:00:00,4674,163563.53952442168,0.7984826043295178
2050-07-14 18:00:00,4675,139120.17183771168,0.6791552533451989
2050-07-14 19:00:00,4676,104805.49732570972,0.5116382703382861
2050-07-14 20:00:00,4677,76643.01795240234,0.3741550027362346
2050-07-14 21:00:00,4678,54636.157073780516,0.2667221626389118
2050-07-14 22:00:00,4679,35725.21316951539,0.17440293438723622
2050-07-14 23:00:00,4680,21197.26300415048,0.10348055451370718
2050-07-15 00:00:00,4681,16883.380221106323,0.08242109120426308
2050-07-15 01:00:00,4682,13093.40475171145,0.06391923258744366
2050-07-15 02:00:00,4683,13007.993434433303,0.06350227260199845
2050-07-15 03:00:00,4684,19106.35812555095,0.09327319914756722
2050-07-15 04:00:00,4685,31951.558434526047,0.1559807501437557
2050-07-15 05:00:00,4686,50389.5263636736,0.24599100972493615
2050-07-15 06:00:00,4687,75654.03320939069,0.36932698840285566
2050-07-15 07:00:00,4688,103726.69065813527,0.5063717643675941
2050-07-15 08:00:00,4689,130990.71405853481,0.6394689599440049
2050-07-15 09:00:00,4690,148629.32434201922,0.7255769245726814
2050-07-15 10:00:00,4691,156005.8370384669,0.7615874993368077
2050-07-15 11:00:00,4692,161940.3967182648,0.7905587644638162
2050-07-15 12:00:00,4693,171299.48900417617,0.8362478734446047
2050-07-15 13:00:00,4694,181299.9172948067,0.8850678491502602
2050-07-15 14:00:00,4695,187772.0642484794,0.9166635016422405
2050-07-15 15:00:00,4696,193053.37830120942,0.9424457597871023
2050-07-15 16:00:00,4697,188036.81160887826,0.9179559422585006
2050-07-15 17:00:00,4698,168739.80960604775,0.8237520600254961
2050-07-15 18:00:00,4699,143226.42080703532,0.6992010922930739
2050-07-15 19:00:00,4700,110234.17264216668,0.5381399150040077
2050-07-15 20:00:00,4701,85339.06788997079,0.41660727921373425
2050-07-15 21:00:00,4702,63126.770130708355,0.30817153971746103
2050-07-15 22:00:00,4703,45267.91918328365,0.22098840675094072
2050-07-15 23:00:00,4704,30847.414178955663,0.1505905514276679
2050-07-16 00:00:00,4705,20333.730580307332,0.0992649718678553
2050-07-16 01:00:00,4706,20609.65188759862,0.10061196132942204
2050-07-16 02:00:00,4707,12077.464667287337,0.058959627978663505
2050-07-16 03:00:00,4708,13399.166502362707,0.06541189678188605
2050-07-16 04:00:00,4709,24498.10107772543,0.11959454782249482
2050-07-16 05:00:00,4710,39454.50385552097,0.19260854272710062
2050-07-16 06:00:00,4711,59771.68840881243,0.29179274039074543
2050-07-16 07:00:00,4712,84201.29048689446,0.41105289058533206
2050-07-16 08:00:00,4713,112465.26874078675,0.549031654254182
2050-07-16 09:00:00,4714,142021.67652060554,0.6933197855044303
2050-07-16 10:00:00,4715,166324.6886141275,0.8119619501696779
2050-07-16 11:00:00,4716,175295.73232750339,0.8557566880962242
2050-07-16 12:00:00,4717,175694.10465835314,0.8577014575549594
2050-07-16 13:00:00,4718,171995.43261521528,0.8396453229533691
2050-07-16 14:00:00,4719,166551.68954032354,0.8130701206779786
2050-07-16 15:00:00,4720,159609.4325395365,0.7791794903698371
2050-07-16 16:00:00,4721,151287.50211481022,0.7385535862233183
2050-07-16 17:00:00,4722,138177.2050864641,0.674551889114261
2050-07-16 18:00:00,4723,119491.04132799001,0.5833299899906703
2050-07-16 19:00:00,4724,97766.23439423101,0.4772740775944129
2050-07-16 20:00:00,4725,76871.97030422678,0.3752726996917034
2050-07-16 21:00:00,4726,58200.91965205741,0.28412457955649106
2050-07-16 22:00:00,4727,43592.4044086578,0.2128088980124662
2050-07-16 23:00:00,4728,32322.866212363537,0.15779339617915908
2050-07-17 00:00:00,4729,9940.322551030104,0.048526552198002865
2050-07-17 01:00:00,4730,8296.587215349587,0.040502183958731154
2050-07-17 02:00:00,4731,13988.523669581102,0.06828901381621476
2050-07-17 03:00:00,4732,31400.469739446635,0.15329045169617372
2050-07-17 04:00:00,4733,56938.666884722305,0.2779625285277935
2050-07-17 05:00:00,4734,81116.52927750266,0.3959937388246668
2050-07-17 06:00:00,4735,104505.29109004032,0.5101727269929279
2050-07-17 07:00:00,4736,119889.65617427179,0.5852759433584499
2050-07-17 08:00:00,4737,127868.08728560152,0.6242249565111458
2050-07-17 09:00:00,4738,139097.82115793598,0.6790461420539678
2050-07-17 10:00:00,4739,157778.1577111407,0.7702395939939566
2050-07-17 11:00:00,4740,171025.0253351032,0.834907999864512
2050-07-17 12:00:00,4741,176528.3060331029,0.8617738522230022
2050-07-17 13:00:00,4742,175353.37730598456,0.8560380986885725
2050-07-17 14:00:00,4743,172335.60729782144,0.841305983802872
2050-07-17 15:00:00,4744,165493.1303495907,0.8079024586066458
2050-07-17 16:00:00,4745,156139.56951450286,0.7622403529988102
2050-07-17 17:00:00,4746,139631.23333872034,0.6816501474975538
2050-07-17 18:00:00,4747,117944.5535655389,0.5757803638348893
2050-07-17 19:00:00,4748,91718.41385365806,0.447749896901116
2050-07-17 20:00:00,4749,67784.65204148625,0.33091033400860537
2050-07-17 21:00:00,4750,48014.81527270558,0.23439817245839353
2050-07-17 22:00:00,4751,30913.312401492673,0.15091225261183785
2050-07-17 23:00:00,4752,19384.231746386296,0.0946297193909186
2050-07-18 00:00:00,4753,15332.618484075103,0.07485060040857831
2050-07-18 01:00:00,4754,12214.323761354803,0.05962774512857913
2050-07-18 02:00:00,4755,11122.59176863125,0.05429814045436872
2050-07-18 03:00:00,4756,17380.366644161648,0.08484727380309572
2050-07-18 04:00:00,4757,31360.67145305923,0.15309616487984007
2050-07-18 05:00:00,4758,47301.65099473423,0.23091665529604133
2050-07-18 06:00:00,4759,68014.8153461261,0.3320339425795881
2050-07-18 07:00:00,4760,92439.25032216152,0.45126886807488664
2050-07-18 08:00:00,4761,116748.46355011968,0.5699413053668383
2050-07-18 09:00:00,4762,131153.60047872964,0.6402641369949861
2050-07-18 10:00:00,4763,137222.70416887462,0.6698922175228551
2050-07-18 11:00:00,4764,144023.01343198813,0.7030898889993046
2050-07-18 12:00:00,4765,151843.96847674483,0.741270137303047
2050-07-18 13:00:00,4766,159407.39869344953,0.7781932038657954
2050-07-18 14:00:00,4767,167396.00719237293,0.8171919008720855
2050-07-18 15:00:00,4768,170878.7925420495,0.8341941222987941
2050-07-18 16:00:00,4769,165869.4174621008,0.8097394127007325
2050-07-18 17:00:00,4770,148839.07274658623,0.7266008719195021
2050-07-18 18:00:00,4771,125038.98987065646,0.6104139013190445
2050-07-18 19:00:00,4772,97652.73276850164,0.47671998666454224
2050-07-18 20:00:00,4773,72776.29894225526,0.3552784983856321
2050-07-18 21:00:00,4774,55204.3494917917,0.2694959578442064
2050-07-18 22:00:00,4775,40429.8016490477,0.19736974026804638
2050-07-18 23:00:00,4776,25105.804152818444,0.1225612256986903
2050-07-19 00:00:00,4777,13029.906175623715,0.06360924596968535
2050-07-19 01:00:00,4778,8306.91539529115,0.04055260394867329
2050-07-19 02:00:00,4779,12623.272669300137,0.061624147199623495
2050-07-19 03:00:00,4780,29441.462856769373,0.14372699444813566
2050-07-19 04:00:00,4781,58553.34576622731,0.2858450493035651
2050-07-19 05:00:00,4782,83786.50910948215,0.40902801563198643
2050-07-19 06:00:00,4783,108065.38685263241,0.5275523615034208
2050-07-19 07:00:00,4784,123022.43458038935,0.6005695049173236
2050-07-19 08:00:00,4785,131297.7001698326,0.6409676012081568
2050-07-19 09:00:00,4786,128696.78895914665,0.6282705028011596
2050-07-19 10:00:00,4787,127580.22354669221,0.6228196666243859
2050-07-19 11:00:00,4788,132052.7281229484,0.6446534879779003
2050-07-19 12:00:00,4789,138843.04377551045,0.6778023727614049
2050-07-19 13:00:00,4790,144453.8262235262,0.7051930259255781
2050-07-19 14:00:00,4791,154388.75406073424,0.7536932422717475
2050-07-19 15:00:00,4792,163822.22732190148,0.7997454634412766
2050-07-19 16:00:00,4793,162798.03867890415,0.7947455911142101
2050-07-19 17:00:00,4794,150483.14394969103,0.7346268797924992
2050-07-19 18:00:00,4795,125540.35504126656,0.6128614600372826
2050-07-19 19:00:00,4796,96283.74350582261,0.4700368706416105
2050-07-19 20:00:00,4797,71293.92455573977,0.34804186017042926
2050-07-19 21:00:00,4798,49638.829341540324,0.24232626564420603
2050-07-19 22:00:00,4799,31906.52610461444,0.15576091183399918
2050-07-19 23:00:00,4800,18410.611945059092,0.08987671345297571
2050-07-20 00:00:00,4801,11232.098259963179,0.05483272798312938
2050-07-20 01:00:00,4802,8942.63886604152,0.04365607146982194
2050-07-20 02:00:00,4803,14477.945833059192,0.07067826929972197
2050-07-20 03:00:00,4804,30141.05718562171,0.14714226598909405
2050-07-20 04:00:00,4805,59543.020789035196,0.29067643343690686
2050-07-20 05:00:00,4806,88550.2407154775,0.4322835457467163
2050-07-20 06:00:00,4807,112125.6814781805,0.5473738610648723
2050-07-20 07:00:00,4808,127074.94162412107,0.6203529871515135
2050-07-20 08:00:00,4809,136646.07405690875,0.667077231280346
2050-07-20 09:00:00,4810,135025.38239366084,0.6591653573758802
2050-07-20 10:00:00,4811,133148.64699408525,0.65000353210695
2050-07-20 11:00:00,4812,137335.09260651807,0.6704408741039427
2050-07-20 12:00:00,4813,144315.00121399734,0.7045153115921943
2050-07-20 13:00:00,4814,152002.11684823263,0.7420421842023941
2050-07-20 14:00:00,4815,162280.83319024628,0.792220703313678
2050-07-20 15:00:00,4816,171373.53892818902,0.8366093695111982
2050-07-20 16:00:00,4817,168121.28030279747,0.8207325307933124
2050-07-20 17:00:00,4818,156441.6410365996,0.7637150022779766
2050-07-20 18:00:00,4819,130452.07337200973,0.6368394300412836
2050-07-20 19:00:00,4820,99891.84915247065,0.4876508792514046
2050-07-20 20:00:00,4821,74327.15855450022,0.3628494669874085
2050-07-20 21:00:00,4822,51633.999613065884,0.2520662649076158
2050-07-20 22:00:00,4823,32606.78167497099,0.1591794114161207
2050-07-20 23:00:00,4824,19368.796248596573,0.09455436655550004
2050-07-21 00:00:00,4825,12526.572539533252,0.06115207761932601
2050-07-21 01:00:00,4826,8919.565016383536,0.04354342981618456
2050-07-21 02:00:00,4827,15533.05567245469,0.07582909236740464
2050-07-21 03:00:00,4828,33962.62876911107,0.16579837015196983
2050-07-21 04:00:00,4829,61953.841732989546,0.30244555136806656
2050-07-21 05:00:00,4830,91454.0857603588,0.446459503058156
2050-07-21 06:00:00,4831,118013.42919066914,0.5761166000687635
2050-07-21 07:00:00,4832,135148.1165479983,0.6597645195576263
2050-07-21 08:00:00,4833,144656.37424012908,0.7061818225013252
2050-07-21 09:00:00,4834,142450.39948678552,0.6954127203453283
2050-07-21 10:00:00,4835,140396.05638424924,0.6853838518366799
2050-07-21 11:00:00,4836,144501.44870372588,0.7054255088011934
2050-07-21 12:00:00,4837,151395.0268430808,0.7390784992039798
2050-07-21 13:00:00,4838,159331.50545972236,0.7778227091510584
2050-07-21 14:00:00,4839,169908.45987141118,0.8294571634376072
2050-07-21 15:00:00,4840,180160.67098214448,0.8795062896159513
2050-07-21 16:00:00,4841,178922.04711736224,0.8734595898917237
2050-07-21 17:00:00,4842,166495.77051738085,0.812797135835509
2050-07-21 18:00:00,4843,141614.20248258847,0.6913305834364233
2050-07-21 19:00:00,4844,106684.36303870234,0.5208104953467318
2050-07-21 20:00:00,4845,78017.01020248746,0.38086254228549177
2050-07-21 21:00:00,4846,55615.628613215056,0.2715037355245827
2050-07-21 22:00:00,4847,36365.66506616264,0.1775294850834953
2050-07-21 23:00:00,4848,21577.269907333382,0.10533566783907865
2050-07-22 00:00:00,4849,17186.051412700963,0.08389866794308097
2050-07-22 01:00:00,4850,13328.132402822299,0.0650651233324844
2050-07-22 02:00:00,4851,13241.189894645788,0.06464068839693841
2050-07-22 03:00:00,4852,19448.881006337324,0.0949453234039142
2050-07-22 04:00:00,4853,32524.359390003763,0.15877704325420158
2050-07-22 05:00:00,4854,51292.86785465422,0.2504009318164633
2050-07-22 06:00:00,4855,77010.29576112259,0.37594797531479385
2050-07-22 07:00:00,4856,105586.21641839393,0.5154495758174219
2050-07-22 08:00:00,4857,133339.00653887438,0.650932827141309
2050-07-22 09:00:00,4858,151293.8271506803,0.7385844637106159
2050-07-22 10:00:00,4859,158802.57984135358,0.7752406061562241
2050-07-22 11:00:00,4860,164843.529372987,0.8047312440371782
2050-07-22 12:00:00,4861,174370.4036669316,0.8512394292933002
2050-07-22 13:00:00,4862,184550.1113007798,0.9009346088328365
2050-07-22 14:00:00,4863,191138.28552807088,0.9330966819334772
2050-07-22 15:00:00,4864,196514.27856835548,0.9593411428698516
2050-07-22 16:00:00,4865,191407.77906915412,0.934412292399965
2050-07-22 17:00:00,4866,171764.83644584392,0.8385196012283231
2050-07-22 18:00:00,4867,145794.06484855295,0.7117357874165923
2050-07-22 19:00:00,4868,112210.35915058691,0.5477872395512283
2050-07-22 20:00:00,4869,86868.95568196148,0.42407586782481815
2050-07-22 21:00:00,4870,64258.45431714928,0.31369618255103676
2050-07-22 22:00:00,4871,46079.44477315265,0.22495010303339308
2050-07-22 23:00:00,4872,31400.420953269506,0.15329021353237585
2050-07-23 00:00:00,4873,20288.86860989533,0.09904596521714278
2050-07-23 01:00:00,4874,20564.181139821576,0.10038998275637702
2050-07-23 02:00:00,4875,12050.818347579057,0.058829546281860365
2050-07-23 03:00:00,4876,13369.60413997708,0.06526757958150972
2050-07-23 04:00:00,4877,24444.051307776157,0.11933068827776991
2050-07-23 05:00:00,4878,39367.45603014354,0.1921835936552556
2050-07-23 06:00:00,4879,59639.8151066386,0.2911489628223004
2050-07-23 07:00:00,4880,84015.51855054952,0.4101459912850641
2050-07-23 08:00:00,4881,112217.13844580899,0.5478203346366012
2050-07-23 09:00:00,4882,141708.33640574254,0.6917901253388201
2050-07-23 10:00:00,4883,165957.72914227113,0.8101705316443562
2050-07-23 11:00:00,4884,174908.9802022541,0.8538686460234192
2050-07-23 12:00:00,4885,175306.47360313073,0.8558091247319296
2050-07-23 13:00:00,4886,171615.9618847789,0.8377928271099392
2050-07-23 14:00:00,4887,166184.22925168497,0.8112762572710548
2050-07-23 15:00:00,4888,159257.2888403764,0.7774603993131067
2050-07-23 16:00:00,4889,150953.71895785513,0.7369241274501604
2050-07-23 17:00:00,4890,137872.34696039712,0.6730636362239117
2050-07-23 18:00:00,4891,119227.41017539517,0.5820429984648181
2050-07-23 19:00:00,4892,97550.53432458975,0.47622107547754755
2050-07-23 20:00:00,4893,76702.36892113637,0.37444474161216024
2050-07-23 21:00:00,4894,58072.51190345319,0.2834977200875672
2050-07-23 22:00:00,4895,43496.22718952838,0.212339381171299
2050-07-23 23:00:00,4896,32251.55279783261,0.15744525917305216
2050-07-24 00:00:00,4897,9918.391381488747,0.04841948886700446
2050-07-24 01:00:00,4898,8278.282581181911,0.04041282460637181
2050-07-24 02:00:00,4899,13957.66100742342,0.06813834882738008
2050-07-24 03:00:00,4900,31331.19139823749,0.1529522494875816
2050-07-24 04:00:00,4901,56813.044028382945,0.2773492643138689
2050-07-24 05:00:00,4902,80937.5631937087,0.3951200642570342
2050-07-24 06:00:00,4903,104274.72276336086,0.5090471411900147
2050-07-24 07:00:00,4904,119625.14556936223,0.5839846585324118
2050-07-24 08:00:00,4905,127585.97398549876,0.6228477390503534
2050-07-24 09:00:00,4906,138790.93188225347,0.6775479735208078
2050-07-24 10:00:00,4907,157430.05432435343,0.7685402268876564
2050-07-24 11:00:00,4908,170647.695584714,0.8330659558328299
2050-07-24 12:00:00,4909,176138.8344797416,0.8598725344773456
2050-07-24 13:00:00,4910,174966.4979826068,0.8541494356614081
2050-07-24 14:00:00,4911,171955.38603361047,0.8394498240123014
2050-07-24 15:00:00,4912,165128.00553695764,0.8061199964996
2050-07-24 16:00:00,4913,155795.08131009527,0.7605586344482337
2050-07-24 17:00:00,4914,139323.1672097642,0.6801462338156302
2050-07-24 18:00:00,4915,117684.3344176501,0.5745100289943326
2050-07-24 19:00:00,4916,91516.05700611058,0.4467620335722627
2050-07-24 20:00:00,4917,67635.09986641913,0.33018025192198663
2050-07-24 21:00:00,4918,47908.88095318768,0.23388102351687226
2050-07-24 22:00:00,4919,30845.10885644349,0.15057929733076653
2050-07-24 23:00:00,4920,19341.464622081592,0.0944209393358171
2050-07-25 00:00:00,4921,15298.790371435358,0.07468545871771815
2050-07-25 01:00:00,4922,12187.375494090698,0.059496189387673946
2050-07-25 02:00:00,4923,11098.05218024638,0.05417834337428781
2050-07-25 03:00:00,4924,17342.020628968377,0.08466007666755923
2050-07-25 04:00:00,4925,31291.48091219609,0.15275839129396632
2050-07-25 05:00:00,4926,47197.29012713206,0.23040718761396892
2050-07-25 06:00:00,4927,67864.75535004133,0.33130138141817145
2050-07-25 07:00:00,4928,92235.30309774658,0.45027324086255
2050-07-25 08:00:00,4929,116490.88329557933,0.5686838530454514
2050-07-25 09:00:00,4930,130864.23841098967,0.6388515325837891
2050-07-25 10:00:00,4931,136919.95193065956,0.6684142451315787
2050-07-25 11:00:00,4932,143705.25779488037,0.7015386731880308
2050-07-25 12:00:00,4933,151508.95759696804,0.7396346850467516
2050-07-25 13:00:00,4934,159055.70072424738,0.7764762887684425
2050-07-25 14:00:00,4935,167026.6840833994,0.8153889435702949
2050-07-25 15:00:00,4936,170501.78542299944,0.8323536532850693
2050-07-25 16:00:00,4937,165503.46246293653,0.8079528977986355
2050-07-25 17:00:00,4938,148510.69151295285,0.7249977841934299
2050-07-25 18:00:00,4939,124763.1183667013,0.6090671549868307
2050-07-25 19:00:00,4940,97437.28313375213,0.47566820711784846
2050-07-25 20:00:00,4941,72615.73377597003,0.3544946532052648
2050-07-25 21:00:00,4942,55082.5530397847,0.2689013733269025
2050-07-25 22:00:00,4943,40340.60203802227,0.19693428663379597
2050-07-25 23:00:00,4944,25050.413615224952,0.12229082080991457
2050-07-26 00:00:00,4945,13001.158503498704,0.06346890591484469
2050-07-26 01:00:00,4946,8288.587978050648,0.0404631333741713
2050-07-26 02:00:00,4947,12595.422138715838,0.061488186800028516
2050-07-26 03:00:00,4948,29376.506633726152,0.1434098919062503
2050-07-26 04:00:00,4949,58424.1604762926,0.28521439404232496
2050-07-26 05:00:00,4950,83601.65228186625,0.4081255836989773
2050-07-26 06:00:00,4951,107826.96394005166,0.5263884312734757
2050-07-26 07:00:00,4952,122751.01218585916,0.5992444781962831
2050-07-26 08:00:00,4953,131008.02018832526,0.6395534448091901
2050-07-26 09:00:00,4954,128412.8473071076,0.6268843597129323
2050-07-26 10:00:00,4955,127298.74536126417,0.6214455496591011
2050-07-26 11:00:00,4956,131761.3823253472,0.6432311994171033
2050-07-26 12:00:00,4957,138536.71661237098,0.6763069483427864
2050-07-26 13:00:00,4958,144135.12008532666,0.7036371699690164
2050-07-26 14:00:00,4959,154048.1286523561,0.7520303810743596
2050-07-26 15:00:00,4960,163460.7890018127,0.7979809980110951
2050-07-26 16:00:00,4961,162438.86000675734,0.7929921568073388
2050-07-26 17:00:00,4962,150151.13542480115,0.733006084397728
2050-07-26 18:00:00,4963,125263.3773936423,0.6115093137456387
2050-07-26 19:00:00,4964,96071.31423128047,0.46899983585460703
2050-07-26 20:00:00,4965,71136.62992498923,0.3472739810527853
2050-07-26 21:00:00,4966,49529.31200362071,0.2417916251646985
2050-07-26 22:00:00,4967,31836.131257209545,0.1554172590783137
2050-07-26 23:00:00,4968,18369.99291729228,0.08967841995082429
2050-07-27 00:00:00,4969,11207.317055842237,0.054711751386129555
2050-07-27 01:00:00,4970,8922.908856291782,0.04355975373535481
2050-07-27 02:00:00,4971,14446.00336727523,0.07052233293797507
2050-07-27 03:00:00,4972,30074.557465209466,0.14681762841952112
2050-07-27 04:00:00,4973,59411.65198105444,0.29003511870240595
2050-07-27 05:00:00,4974,88354.8737480948,0.43132980553438494
2050-07-27 06:00:00,4975,111878.30039583494,0.5461661989448945
2050-07-27 07:00:00,4976,126794.57823906785,0.6189843124058652
2050-07-27 08:00:00,4977,136344.5940269848,0.6656054695408596
2050-07-27 09:00:00,4978,134727.478079469,0.6577110515242918
2050-07-27 10:00:00,4979,132854.88329134826,0.6485694398446956
2050-07-27 11:00:00,4980,137032.0924087831,0.6689616912267364
2050-07-27 12:00:00,4981,143996.60136653265,0.7029609508822161
2050-07-27 13:00:00,4982,151666.75704341722,0.7404050285678618
2050-07-27 14:00:00,4983,161922.79560814906,0.7904728395670748
2050-07-27 15:00:00,4984,170995.44027308235,0.8347635718493178
2050-07-27 16:00:00,4985,167750.35703393683,0.8189217618494059
2050-07-27 17:00:00,4986,156096.48637024304,0.7620300302011299
2050-07-27 18:00:00,4987,130164.25907136251,0.6354343815016624
2050-07-27 19:00:00,4988,99671.45938968586,0.4865749830445382
2050-07-27 20:00:00,4989,74163.17174035666,0.362048918045916
2050-07-27 21:00:00,4990,51520.0803461339,0.2515101351417301
2050-07-27 22:00:00,4991,32534.841868264848,0.15882821649590373
2050-07-27 23:00:00,4992,19326.063197121188,0.09434575283674447
2050-07-28 00:00:00,4993,12498.935366366555,0.06101715878551614
2050-07-28 01:00:00,4994,8899.885927630177,0.043447360667251356
2050-07-28 02:00:00,4995,15498.785342497653,0.07566179186513566
2050-07-28 03:00:00,4996,33887.697574153324,0.16543257190702265
2050-07-28 04:00:00,4997,61817.1539827381,0.30177827068241947
2050-07-28 05:00:00,4998,91252.31208823335,0.44547448666836453
2050-07-28 06:00:00,4999,117753.05808343252,0.5748455233948119
2050-07-28 07:00:00,5000,134849.94144988921,0.6583088917962278
2050-07-28 08:00:00,5001,144337.2212308611,0.704623785014726
2050-07-28 09:00:00,5002,142136.11346679664,0.6938784424709638
2050-07-28 10:00:00,5003,140086.30284511633,0.6838717005751807
2050-07-28 11:00:00,5004,144182.63749598316,0.7038691399173455
2050-07-28 12:00:00,5005,151061.00644687127,0.7374478822789607
2050-07-28 13:00:00,5006,158979.9749445142,0.7761066115286859
2050-07-28 14:00:00,5007,169533.59358787636,0.8276271455300557
2050-07-28 15:00:00,5008,179763.185410776,0.8775658491294435
2050-07-28 16:00:00,5009,178527.29430787457,0.8715324901707064
2050-07-28 17:00:00,5010,166128.4335938971,0.8110038746711777
2050-07-28 18:00:00,5011,141301.76136111387,0.6898053119663874
2050-07-28 19:00:00,5012,106448.98705132733,0.5196614395611803
2050-07-28 20:00:00,5013,77844.88254625993,0.38002225147482993
2050-07-28 21:00:00,5014,55492.924747724566,0.2709047212065811
2050-07-28 22:00:00,5015,36285.43209423793,0.1771378046847841
2050-07-28 23:00:00,5016,21529.664334873396,0.10510326750347224
2050-07-29 00:00:00,5017,17148.134107918828,0.0837135636810943
2050-07-29 01:00:00,5018,13298.726753934496,0.06492157117425768
2050-07-29 02:00:00,5019,13211.976061168203,0.06449807264097315
2050-07-29 03:00:00,5020,19405.971252549203,0.0947358470618425
2050-07-29 04:00:00,5021,32452.601428548547,0.15842673606403723
2050-07-29 05:00:00,5022,51179.70123310938,0.24984847630616414
2050-07-29 06:00:00,5023,76840.38920094522,0.3751185274252608
2050-07-29 07:00:00,5024,105353.26325146039,0.5143123477288104
2050-07-29 08:00:00,5025,133044.8228414595,0.6494966845538709
2050-07-29 09:00:00,5026,150960.03002588794,0.7369549367494309
2050-07-29 10:00:00,5027,158452.21628519974,0.773530205381129
2050-07-29 11:00:00,5028,164479.8377708022,0.8029557785603998
2050-07-29 12:00:00,5029,173985.69307151137,0.8493613535373127
2050-07-29 13:00:00,5030,184142.94137487098,0.8989468913758185
2050-07-29 14:00:00,5031,190716.58022573017,0.9310380058431234
2050-07-29 15:00:00,5032,196080.71229125152,0.9572245640094403
2050-07-29 16:00:00,5033,190985.47919340665,0.9323507137279987
2050-07-29 17:00:00,5034,171385.87445924408,0.8366695889646979
2050-07-29 18:00:00,5035,145472.40175483795,0.7101654962286353
2050-07-29 19:00:00,5036,111962.79126034612,0.5465786654746181
2050-07-29 20:00:00,5037,86677.29811994244,0.4231402361448889
2050-07-29 21:00:00,5038,64116.681927096884,0.31300407972934313
2050-07-29 22:00:00,5039,45977.78044784948,0.22445379930047368
2050-07-29 23:00:00,5040,31331.142717873096,0.1529520118403391
2050-07-30 00:00:00,5041,20169.457869055772,0.09846302723715213
2050-07-30 01:00:00,5042,20443.15000130322,0.09979913433765181
2050-07-30 02:00:00,5043,11979.892872478653,0.058483303113999456
2050-07-30 03:00:00,5044,13290.916925273179,0.06488344524260453
2050-07-30 04:00:00,5045,24300.185074129015,0.11862836375451945
2050-07-30 05:00:00,5046,39135.75766758976,0.19105249125622
2050-07-30 06:00:00,5047,59288.80314461571,0.28943539666689816
2050-07-30 07:00:00,5048,83521.04263523141,0.4077320644540024
2050-07-30 08:00:00,5049,111556.68102227876,0.5445961211895056
2050-07-30 09:00:00,5050,140874.3076338074,0.6877185732812108
2050-07-30 10:00:00,5051,164980.9797862312,0.8054022478822437
2050-07-30 11:00:00,5052,173879.54801512524,0.8488431758229741
2050-07-30 12:00:00,5053,174274.70193940267,0.8507722337015544
2050-07-30 13:00:00,5054,170605.91085204828,0.8328619716059225
2050-07-30 14:00:00,5055,165206.1468484031,0.8065014658542624
2050-07-30 15:00:00,5056,158319.97515965052,0.7728846321767644
2050-07-30 16:00:00,5057,150065.27619856174,0.7325869378154719
2050-07-30 17:00:00,5058,137060.89500888967,0.6691022994283652
2050-07-30 18:00:00,5059,118525.69355999732,0.5786173663698334
2050-07-30 19:00:00,5060,96976.39761696481,0.4734182615076463
2050-07-30 20:00:00,5061,76250.93475798277,0.3722409355113246
2050-07-30 21:00:00,5062,57730.72433475117,0.2818291854692888
2050-07-30 22:00:00,5063,43240.22879257326,0.21108965114406159
2050-07-30 23:00:00,5064,32061.735290759032,0.1565186102521732
2050-07-31 00:00:00,5065,9860.01638940324,0.04813451450264625
2050-07-31 01:00:00,5066,8229.560474898119,0.04017497358879772
2050-07-31 02:00:00,5067,13875.512742126435,0.06773731837153271
2050-07-31 03:00:00,5068,31146.79071764693,0.1520520443678697
2050-07-31 04:00:00,5069,56478.66910669899,0.27571691667046994
2050-07-31 05:00:00,5070,80461.20266602772,0.3927945729167976
2050-07-31 06:00:00,5071,103661.0106695271,0.5060511285553057
2050-07-31 07:00:00,5072,118921.08808156905,0.5805475987935153
2050-07-31 08:00:00,5073,126835.06276947468,0.619181949320353
2050-07-31 09:00:00,5074,137974.07355000867,0.6735602439180151
2050-07-31 10:00:00,5075,156503.49488969662,0.7640169597059727
2050-07-31 11:00:00,5076,169643.34328229266,0.828162920324834
2050-07-31 12:00:00,5077,175102.1639008996,0.8548117279795627
2050-07-31 13:00:00,5078,173936.72723487488,0.8491223126797086
2050-07-31 14:00:00,5079,170943.33728296656,0.8345092160719729
2050-07-31 15:00:00,5080,164156.1395575832,0.8013755523494763
2050-07-31 16:00:00,5081,154878.14454125147,0.7560823430857412
2050-07-31 17:00:00,5082,138503.17640209367,0.6761432121303649
2050-07-31 18:00:00,5083,116991.69965321288,0.5711287325748184
2050-07-31 19:00:00,5084,90977.43643167187,0.4441326018524932
2050-07-31 20:00:00,5085,67237.03140655754,0.3282369658971433
2050-07-31 21:00:00,5086,47626.91173061649,0.23250450941211484
2050-07-31 22:00:00,5087,30663.569004643225,0.1496930581721096
2050-07-31 23:00:00,5088,19227.6298168738,0.09386522189420421
2050-08-01 00:00:00,5089,15208.748857075409,0.07424589508946118
2050-08-01 01:00:00,5090,12115.646313160183,0.05914602269794375
2050-08-01 02:00:00,5091,11032.734263849276,0.053859475121951224
2050-08-01 03:00:00,5092,17239.95364449806,0.084161807237753
2050-08-01 04:00:00,5093,31107.31393553939,0.15185932706742836
2050-08-01 05:00:00,5094,46919.50901477403,0.22905111897743716
2050-08-01 06:00:00,5095,67465.33521116023,0.32935149678225095
2050-08-01 07:00:00,5096,91692.44936244345,0.4476231437468041
2050-08-01 08:00:00,5097,115805.27257832195,0.5653368465386
2050-08-01 09:00:00,5098,130094.03288382378,0.63509155210777
2050-08-01 10:00:00,5099,136114.10530253674,0.6644802723392034
2050-08-01 11:00:00,5100,142859.4760691262,0.6974097456957661
2050-08-01 12:00:00,5101,150617.2469632786,0.7352815423404556
2050-08-01 13:00:00,5102,158119.57346517526,0.7719063134916716
2050-08-01 14:00:00,5103,166043.64335041316,0.8105899466366314
2050-08-01 15:00:00,5104,169498.29188000792,0.8274548100589719
2050-08-01 16:00:00,5105,164529.38674177494,0.8031976661564937
2050-08-01 17:00:00,5106,147636.627252116,0.7207307873469833
2050-08-01 18:00:00,5107,124028.82116439013,0.6054824713577157
2050-08-01 19:00:00,5108,96863.81301000775,0.47286864726946176
2050-08-01 20:00:00,5109,72188.35163791638,0.3524082640036784
2050-08-01 21:00:00,5110,54758.36299411244,0.26731874609397055
2050-08-01 22:00:00,5111,40103.17619025795,0.1957752238633936
2050-08-01 23:00:00,5112,24902.978612568997,0.12157107431120005
2050-08-02 00:00:00,5113,12924.63978066998,0.06309535769461237
2050-08-02 01:00:00,5114,8239.805227592415,0.040224986304564565
2050-08-02 02:00:00,5115,12521.291373288499,0.06112629608274844
2050-08-02 03:00:00,5116,29203.61029508696,0.14256584855064022
2050-08-02 04:00:00,5117,58080.303292988785,0.28353575600330866
2050-08-02 05:00:00,5118,83109.61215187289,0.4057235478566735
2050-08-02 06:00:00,5119,107192.34501139693,0.5232903558932142
2050-08-02 07:00:00,5120,122028.55733281095,0.5957176064114725
2050-08-02 08:00:00,5121,130236.96845379088,0.6357893333277809
2050-08-02 09:00:00,5122,127657.06950067617,0.6231948123179047
2050-08-02 10:00:00,5123,126549.52465065249,0.617788012618962
2050-08-02 11:00:00,5124,130985.89663195312,0.6394454422863759
2050-08-02 12:00:00,5125,137721.35447493268,0.6723265228465761
2050-08-02 13:00:00,5126,143286.80837877752,0.6994958916456316
2050-08-02 14:00:00,5127,153141.4736279359,0.7476042830134321
2050-08-02 15:00:00,5128,162498.73549089086,0.7932844562565036
2050-08-02 16:00:00,5129,161482.82108409193,0.7883249770004584
2050-08-02 17:00:00,5130,149267.4162725845,0.7286919544136891
2050-08-02 18:00:00,5131,124526.1359241654,0.607910256826968
2050-08-02 19:00:00,5132,95505.883518033,0.4662395227078356
2050-08-02 20:00:00,5133,70717.95309150672,0.34523008930684007
2050-08-02 21:00:00,5134,49237.80572326483,0.24036855316103706
2050-08-02 22:00:00,5135,31648.75873247297,0.15450254604406122
2050-08-02 23:00:00,5136,18261.875772266987,0.08915061491686942
2050-08-03 00:00:00,5137,11141.356027789678,0.05438974359871678
2050-08-03 01:00:00,5138,8870.392777018595,0.04330338134411679
2050-08-03 02:00:00,5139,14360.980949192619,0.07010727147614568
2050-08-03 03:00:00,5140,29897.552740854713,0.14595352879381995
2050-08-03 04:00:00,5141,59061.98285448067,0.2883281079856407
2050-08-03 05:00:00,5142,87834.85839546983,0.428791200572285
2050-08-03 06:00:00,5143,111219.83718447527,0.5429517208198161
2050-08-03 07:00:00,5144,126048.32483094605,0.615341261108862
2050-08-03 08:00:00,5145,135542.13368248616,0.6616880278688985
2050-08-03 09:00:00,5146,133934.53534316522,0.6538400728024508
2050-08-03 10:00:00,5147,132072.96177075536,0.6447522643668374
2050-08-03 11:00:00,5148,136225.5857772523,0.665024496437322
2050-08-03 12:00:00,5149,143149.1049237154,0.6988236525039325
2050-08-03 13:00:00,5150,150774.11766535742,0.7360473519279903
2050-08-03 14:00:00,5151,160969.79397149716,0.7858204871480904
2050-08-03 15:00:00,5152,169989.04134252167,0.8298505451356317
2050-08-03 16:00:00,5153,166763.05709791774,0.8141019723874079
2050-08-03 17:00:00,5154,155177.77565818274,0.7575450788230643
2050-08-03 18:00:00,5155,129398.17329244335,0.6316945127652082
2050-08-03 19:00:00,5156,99084.83994845237,0.48371123100940633
2050-08-03 20:00:00,5157,73726.68208278764,0.359918067860404
2050-08-03 21:00:00,5158,51216.857298766176,0.250029864359752
2050-08-03 22:00:00,5159,32343.3570678425,0.1578934282015484
2050-08-03 23:00:00,5160,19212.319077183107,0.0937904781014373
2050-08-04 00:00:00,5161,12425.372498055123,0.06065804042183894
2050-08-04 01:00:00,5162,8847.505380810737,0.043191649916785806
2050-08-04 02:00:00,5163,15407.566760518197,0.07521648204172403
2050-08-04 03:00:00,5164,33688.2504889885,0.16445891342267221
2050-08-04 04:00:00,5165,61453.327228726506,0.30000214542300885
2050-08-04 05:00:00,5166,90715.24377616718,0.4428526327651759
2050-08-04 06:00:00,5167,117060.01884335213,0.5714622524107591
2050-08-04 07:00:00,5168,134056.2779571389,0.6544343944938634
2050-08-04 08:00:00,5169,143487.7200682018,0.7004767000181955
2050-08-04 09:00:00,5170,141299.5669536635,0.689794599333358
2050-08-04 10:00:00,5171,139261.8205936726,0.6798467526114081
2050-08-04 11:00:00,5172,143334.04612237282,0.6997264963185208
2050-08-04 12:00:00,5173,150171.93222318057,0.7331076099686468
2050-08-04 13:00:00,5174,158044.29339867656,0.7715388121296519
2050-08-04 14:00:00,5175,168535.79838186645,0.8227561203798367
2050-08-04 15:00:00,5176,178705.18362477407,0.8724009081901093
2050-08-04 16:00:00,5177,177476.5664108317,0.8664030588187566
2050-08-04 17:00:00,5178,165150.67955959943,0.8062306862823124
2050-08-04 18:00:00,5179,140470.12547682846,0.6857454414801599
2050-08-04 19:00:00,5180,105822.47823645272,0.516602956041008
2050-08-04 20:00:00,5181,77386.7241058875,0.3777856188748762
2050-08-04 21:00:00,5182,55166.31941306533,0.269310303043677
2050-08-04 22:00:00,5183,36071.87307537178,0.1760952547249452
2050-08-04 23:00:00,5184,21402.95084937361,0.10448467906866747
2050-08-05 00:00:00,5185,17047.208239301744,0.08322086493752404
2050-08-05 01:00:00,5186,13220.456672627442,0.06453947319236723
2050-08-05 02:00:00,5187,13134.21654381287,0.06411846712430468
2050-08-05 03:00:00,5188,19291.756803059885,0.09417827627714646
2050-08-05 04:00:00,5189,32261.600652967838,0.1574943106765818
2050-08-05 05:00:00,5190,50878.4815241972,0.24837798539879624
2050-08-05 06:00:00,5191,76388.14273336156,0.3729107558260095
2050-08-05 07:00:00,5192,104733.20334692122,0.5112853464248748
2050-08-05 08:00:00,5193,132261.7834089931,0.6456740516666979
2050-08-05 09:00:00,5194,150071.55009348263,0.7326175656434725
2050-08-05 10:00:00,5195,157519.64087709077,0.7689775694895016
2050-08-05 11:00:00,5196,163511.78661702786,0.798229957581975
2050-08-05 12:00:00,5197,172961.69490185214,0.8443624110607953
2050-08-05 13:00:00,5198,183059.1623920307,0.8936561116137024
2050-08-05 14:00:00,5199,189594.11190092386,0.9255583528967838
2050-08-05 15:00:00,5200,194926.67318259843,0.951590789173956
2050-08-05 16:00:00,5201,189861.42826845942,0.9268633348625098
2050-08-05 17:00:00,5202,170377.17757566206,0.831745344130406
2050-08-05 18:00:00,5203,144616.2194161186,0.7059857951437277
2050-08-05 19:00:00,5204,111303.83080914839,0.5433617599298224
2050-08-05 20:00:00,5205,86167.15622057588,0.4206498312932441
2050-08-05 21:00:00,5206,63739.32120705505,0.31116188451036725
2050-08-05 22:00:00,5207,45707.17681644376,0.22313276960782874
2050-08-05 23:00:00,5208,31146.742319711135,0.15205180809938387
2050-08-06 00:00:00,5209,20220.732880102416,0.09871334099580881
2050-08-06 01:00:00,5210,20495.1208259336,0.10005284491105147
2050-08-06 02:00:00,5211,12010.348303959949,0.058631980088806136
2050-08-06 03:00:00,5212,13324.70524514423,0.06504839267358457
2050-08-06 04:00:00,5213,24361.961297432877,0.11892994221028491
2050-08-06 05:00:00,5214,39235.249030233055,0.19153818704504127
2050-08-06 06:00:00,5215,59439.52781565041,0.2901712026308338
2050-08-06 07:00:00,5216,83733.37078380458,0.4087686055654147
2050-08-06 08:00:00,5217,111840.28169747343,0.5459805997008993
2050-08-06 09:00:00,5218,141232.43991169715,0.6894668993126438
2050-08-06 10:00:00,5219,165400.39635247036,0.8074497508470446
2050-08-06 11:00:00,5220,174321.586597164,0.8510011146840839
2050-08-06 12:00:00,5221,174717.74510005154,0.8529350767029586
2050-08-06 13:00:00,5222,171039.62716122813,0.8349792828911946
2050-08-06 14:00:00,5223,165626.13581571146,0.8085517631600135
2050-08-06 15:00:00,5224,158722.45802103277,0.7748494683761333
2050-08-06 16:00:00,5225,150446.7738652399,0.734449328732913
2050-08-06 17:00:00,5226,137409.3327964433,0.670803299008477
2050-08-06 18:00:00,5227,118827.0109565417,0.5800883341675596
2050-08-06 19:00:00,5228,97222.93215611324,0.47462179098278967
2050-08-06 20:00:00,5229,76444.7807671567,0.37318725072738146
2050-08-06 21:00:00,5230,57877.488054519745,0.2825456549069314
2050-08-06 22:00:00,5231,43350.154608825884,0.21162628572839287
2050-08-06 23:00:00,5232,32143.243002328552,0.15691651366020778
2050-08-07 00:00:00,5233,9885.082631568082,0.04825688259508747
2050-08-07 01:00:00,5234,8250.4817736598,0.04027710694424941
2050-08-07 02:00:00,5235,13910.787247520791,0.06790952104589167
2050-08-07 03:00:00,5236,31225.97243758047,0.15243859277671226
2050-08-07 04:00:00,5237,56622.249829121625,0.2764178473883114
2050-08-07 05:00:00,5238,80665.75206517716,0.393793139818821
2050-08-07 06:00:00,5239,103924.53888281752,0.5073376175532466
2050-08-07 07:00:00,5240,119223.41064525435,0.5820234736046187
2050-08-07 08:00:00,5241,127157.50435277968,0.6207560409298285
2050-08-07 09:00:00,5242,138324.83284750627,0.6752725766186465
2050-08-07 10:00:00,5243,156901.35987321887,0.765959252402365
2050-08-07 11:00:00,5244,170074.61256617444,0.8302682857501757
2050-08-07 12:00:00,5245,175547.31066884557,0.8569848403468534
2050-08-07 13:00:00,5246,174378.91120939638,0.851280961316167
2050-08-07 14:00:00,5247,171377.91142312696,0.8366307151066508
2050-08-07 15:00:00,5248,164573.4591950951,0.8034128185517561
2050-08-07 16:00:00,5249,155271.87755524478,0.7580044643808538
2050-08-07 17:00:00,5250,138855.28078120347,0.6778621112349263
2050-08-07 18:00:00,5251,117289.1172875944,0.5725806625585115
2050-08-07 19:00:00,5252,91208.72031754408,0.4452616808640361
2050-08-07 20:00:00,5253,67407.96215733259,0.3290714136685458
2050-08-07 21:00:00,5254,47747.989435609226,0.2330955851585186
2050-08-07 22:00:00,5255,30741.522293077636,0.15007360963820127
2050-08-07 23:00:00,5256,19276.510534088295,0.09410384721679389
2050-08-08 00:00:00,5257,15247.412723233214,0.0744346439061773
2050-08-08 01:00:00,5258,12146.446854161637,0.059296384424433086
2050-08-08 02:00:00,5259,11060.781798275108,0.053996397252631924
2050-08-08 03:00:00,5260,17283.781242899237,0.08437576430309064
2050-08-08 04:00:00,5261,31186.39530799158,0.15224538560109166
2050-08-08 05:00:00,5262,47038.788335813006,0.22963341539375823
2050-08-08 06:00:00,5263,67636.84638659224,0.33018877806406205
2050-08-08 07:00:00,5264,91925.55097526812,0.44876109651685814
2050-08-08 08:00:00,5265,116099.67410165585,0.5667740525061018
2050-08-08 09:00:00,5266,130424.75944612373,0.6367060892323275
2050-08-08 10:00:00,5267,136460.1361722692,0.6661695218556039
2050-08-08 11:00:00,5268,143222.65507434134,0.6991827087825591
2050-08-08 12:00:00,5269,151000.14785660675,0.7371507835136031
2050-08-08 13:00:00,5270,158521.54688858293,0.7738686627226009
2050-08-08 14:00:00,5271,166465.76144006554,0.8126506378673315
2050-08-08 15:00:00,5272,169929.19241199695,0.8295583753155688
2050-08-08 16:00:00,5273,164947.65523509076,0.8052395644721139
2050-08-08 17:00:00,5274,148011.95079157612,0.7225630374812471
2050-08-08 18:00:00,5275,124344.12867990567,0.607021735957183
2050-08-08 19:00:00,5276,97110.06130237119,0.4740707793483454
2050-08-08 20:00:00,5277,72371.86969504408,0.35330416034233
2050-08-08 21:00:00,5278,54897.57031995249,0.267998326814721
2050-08-08 22:00:00,5279,40205.12693896408,0.19627292585478429
2050-08-08 23:00:00,5280,24966.287268570126,0.12188013377926589
2050-08-09 00:00:00,5281,12957.496951666188,0.06325575945373446
2050-08-09 01:00:00,5282,8260.752563732165,0.040327246768988766
2050-08-09 02:00:00,5283,12553.123160707912,0.0612816921361294
2050-08-09 03:00:00,5284,29277.85205196361,0.14292828110469982
2050-08-09 04:00:00,5285,58227.955696984296,0.2842565638093799
2050-08-09 05:00:00,5286,83320.89438748006,0.40675498304220875
2050-08-09 06:00:00,5287,107464.85063151512,0.5246206706924602
2050-08-09 07:00:00,5288,122338.77972509841,0.5972320465149042
2050-08-09 08:00:00,5289,130568.05836846743,0.6374056442617877
2050-08-09 09:00:00,5290,127981.6008005654,0.6247791054817446
2050-08-09 10:00:00,5291,126871.24032552,0.619358560496984
2050-08-09 11:00:00,5292,131318.89049896653,0.6410710479129827
2050-08-09 12:00:00,5293,138071.47130465286,0.6740357191554076
2050-08-09 13:00:00,5294,143651.0737636953,0.7012741582083507
2050-08-09 14:00:00,5295,153530.79165657278,0.7495048512838565
2050-08-09 15:00:00,5296,162911.84164522222,0.7953011531250976
2050-08-09 16:00:00,5297,161893.34457428037,0.7903290658489709
2050-08-09 17:00:00,5298,149646.88562929656,0.7305444435508874
2050-08-09 18:00:00,5299,124842.70770050125,0.609455693280354
2050-08-09 19:00:00,5300,95748.67970019179,0.46742480231486233
2050-08-09 20:00:00,5301,70897.73308999997,0.346107737233882
2050-08-09 21:00:00,5302,49362.97862973513,0.24097962081487062
2050-08-09 22:00:00,5303,31729.21656536556,0.15489532416645685
2050-08-09 23:00:00,5304,18308.301311209103,0.08937725457843267
2050-08-10 00:00:00,5305,11169.679725969738,0.05452801390243371
2050-08-10 01:00:00,5306,8892.94321123857,0.04341346779429439
2050-08-10 02:00:00,5307,14397.48961645383,0.07028549906769874
2050-08-10 03:00:00,5308,29973.558634855497,0.14632457349218364
2050-08-10 04:00:00,5309,59212.13092120581,0.2890610990892957
2050-08-10 05:00:00,5310,88058.15319928924,0.4298812785750318
2050-08-10 06:00:00,5311,111502.58155544594,0.5443320190351068
2050-08-10 07:00:00,5312,126368.7663406436,0.6169055887820253
2050-08-10 08:00:00,5313,135886.71048186364,0.6633701789213791
2050-08-10 09:00:00,5314,134275.02526931767,0.6555022726042691
2050-08-10 10:00:00,5315,132408.71918204115,0.6463913610320596
2050-08-10 11:00:00,5316,136571.90005162964,0.6667151294752554
2050-08-10 12:00:00,5317,143513.02023119837,0.7006002100626603
2050-08-10 13:00:00,5318,151157.4173660143,0.737918539994164
2050-08-10 14:00:00,5319,161379.01326011558,0.787818209160392
2050-08-10 15:00:00,5320,170421.1894364198,0.8319602007255947
2050-08-10 16:00:00,5321,167187.00409238247,0.8161715919445668
2050-08-10 17:00:00,5322,155572.27040958233,0.7594709187590779
2050-08-10 18:00:00,5323,129727.13083388984,0.6333004139041281
2050-08-10 19:00:00,5324,99336.73456452492,0.48494092724637333
2050-08-10 20:00:00,5325,73914.11092213212,0.3608330558106611
2050-08-10 21:00:00,5326,51347.061404253946,0.2506654932630306
2050-08-10 22:00:00,5327,32425.580710806687,0.1582948266352238
2050-08-10 23:00:00,5328,19261.16083900529,0.09402891325204124
2050-08-11 00:00:00,5329,12456.960422151074,0.06081224598605475
2050-08-11 01:00:00,5330,8869.997605819166,0.04330145220190458
2050-08-11 02:00:00,5331,15446.736056570488,0.0754076982602806
2050-08-11 03:00:00,5332,33773.8931442449,0.16487700275119654
2050-08-11 04:00:00,5333,61609.55457529412,0.30076481428501506
2050-08-11 05:00:00,5334,90945.86112623235,0.4439784578898891
2050-08-11 06:00:00,5335,117357.61015988172,0.5729150302739633
2050-08-11 07:00:00,5336,134397.0773743023,0.656098105165336
2050-08-11 08:00:00,5337,143852.49619979807,0.7022574599381699
2050-08-11 09:00:00,5338,141658.78036815108,0.6915482032449883
2050-08-11 10:00:00,5339,139615.85359497307,0.6815750668415779
2050-08-11 11:00:00,5340,143698.43159714987,0.7015053491345323
2050-08-11 12:00:00,5341,150553.70104874313,0.7349713246264081
2050-08-11 13:00:00,5342,158446.07542244496,0.7735002269880256
2050-08-11 14:00:00,5343,168964.25204036155,0.8248477405175789
2050-08-11 15:00:00,5344,179159.490013086,0.8746187358866583
2050-08-11 16:00:00,5345,177927.74938313253,0.8686056386589789
2050-08-11 17:00:00,5346,165570.52753201328,0.8082802952808107
2050-08-11 18:00:00,5347,140827.23025630726,0.6874887514816789
2050-08-11 19:00:00,5348,106091.50137497332,0.5179162701016807
2050-08-11 20:00:00,5349,77583.45751399206,0.3787460297617934
2050-08-11 21:00:00,5350,55306.56387774146,0.26999494685685804
2050-08-11 22:00:00,5351,36163.575397935405,0.17654292606757185
2050-08-11 23:00:00,5352,21457.361663048134,0.10475030115249401
2050-08-12 00:00:00,5353,17090.54584562333,0.08343242996516823
2050-08-12 01:00:00,5354,13254.065881964501,0.06470354624360433
2050-08-12 02:00:00,5355,13167.606520563388,0.06428146992842457
2050-08-12 03:00:00,5356,19340.800535311468,0.09441769740466759
2050-08-12 04:00:00,5357,32343.616456920947,0.15789469448416552
2050-08-12 05:00:00,5358,51007.82538521436,0.2490094147705212
2050-08-12 06:00:00,5359,76582.33753946162,0.3738587737948851
2050-08-12 07:00:00,5360,104999.45732304509,0.5125851420204374
2050-08-12 08:00:00,5361,132598.02085846383,0.6473154917768051
2050-08-12 09:00:00,5362,150453.06373338704,0.7344800345388257
2050-08-12 10:00:00,5363,157920.08912491,0.7709324731358008
2050-08-12 11:00:00,5364,163927.46816151807,0.8002592269605989
2050-08-12 12:00:00,5365,173401.40012127545,0.8465089589391505
2050-08-12 13:00:00,5366,183524.53752185672,0.895927974565153
2050-08-12 14:00:00,5367,190076.10024475201,0.927911318045101
2050-08-12 15:00:00,5368,195422.2180407034,0.9540099343576091
2050-08-12 16:00:00,5369,190344.09617645614,0.9292196174993621
2050-08-12 17:00:00,5370,170810.31242692348,0.8338598168611056
2050-08-12 18:00:00,5371,144983.86446106256,0.7077805604918562
2050-08-12 19:00:00,5372,111586.78868226487,0.5447431004174306
2050-08-12 20:00:00,5373,86386.2113482131,0.4217192120936112
2050-08-12 21:00:00,5374,63901.36005285482,0.3119529238824238
2050-08-12 22:00:00,5375,45823.37411706637,0.223700020252361
2050-08-12 23:00:00,5376,31225.923919921886,0.15243835592376512
2050-08-13 00:00:00,5377,19955.88527477083,0.09742041100499
2050-08-13 01:00:00,5378,20226.67937416738,0.09874237052207993
2050-08-13 02:00:00,5379,11853.038898063678,0.05786402884202581
2050-08-13 03:00:00,5380,13150.180609174642,0.06419640031481166
2050-08-13 04:00:00,5381,24042.872652528295,0.117372218936894
2050-08-13 05:00:00,5382,38721.352661951714,0.1890294536702692
2050-08-13 06:00:00,5383,58660.99938160137,0.2863705914838046
2050-08-13 07:00:00,5384,82636.64588930807,0.4034146266008067
2050-08-13 08:00:00,5385,110375.41745865214,0.5388294423231357
2050-08-13 09:00:00,5386,139382.60237507703,0.6804363837214451
2050-08-13 10:00:00,5387,163234.01123229184,0.7968739169064825
2050-08-13 11:00:00,5388,172038.35327065614,0.8398548525150036
2050-08-13 12:00:00,5389,172429.32297693906,0.8417634839263465
2050-08-13 13:00:00,5390,168799.3803657182,0.8240428718742849
2050-08-13 14:00:00,5391,163456.79397307566,0.7979614951257968
2050-08-13 15:00:00,5392,156643.53932821183,0.7647006270337441
2050-08-13 16:00:00,5393,148476.248615168,0.7248296412515257
2050-08-13 17:00:00,5394,135609.56965493172,0.6620172360228697
2050-08-13 18:00:00,5395,117270.63579535868,0.5724904398224716
2050-08-13 19:00:00,5396,95949.52341278516,0.46840527883891564
2050-08-13 20:00:00,5397,75443.52055182659,0.36829931013455175
2050-08-13 21:00:00,5398,57119.41895958098,0.27884492192604576
2050-08-13 22:00:00,5399,42782.36196001971,0.2088544421118012
2050-08-13 23:00:00,5400,31722.23648773406,0.15486124890382907
2050-08-14 00:00:00,5401,9755.609560774008,0.04762482244856101
2050-08-14 01:00:00,5402,8142.4184417003125,0.03974956461429968
2050-08-14 02:00:00,5403,13728.586237564143,0.06702005425295808
2050-08-14 03:00:00,5404,30816.980159244416,0.15044197898059375
2050-08-14 04:00:00,5405,55880.62161221352,0.2727973752965307
2050-08-14 05:00:00,5406,79609.206312141,0.3886353069244574
2050-08-14 06:00:00,5407,102563.35364647671,0.5006925991362539
2050-08-14 07:00:00,5408,117661.84349918152,0.574400233087465
2050-08-14 08:00:00,5409,125492.01787815215,0.6126254882308413
2050-08-14 09:00:00,5410,136513.0786696597,0.6664279759298981
2050-08-14 10:00:00,5411,154846.29360091442,0.7559268535318673
2050-08-14 11:00:00,5412,167847.00539293216,0.8193935786957467
2050-08-14 12:00:00,5413,173248.0230729528,0.8457602046303043
2050-08-14 13:00:00,5414,172094.92709427228,0.8401310339558629
2050-08-14 14:00:00,5415,169133.23386755204,0.8256726740562621
2050-08-14 15:00:00,5416,162417.90513841377,0.7928898595722887
2050-08-14 16:00:00,5417,153238.15397300987,0.7480762560090435
2050-08-14 17:00:00,5418,137036.5788777678,0.6689835932193784
2050-08-14 18:00:00,5419,115752.88515385658,0.5650811022129217
2050-08-14 19:00:00,5420,90014.08462568496,0.43942972209599884
2050-08-14 20:00:00,5421,66525.06458221556,0.3247612944501341
2050-08-14 21:00:00,5422,47122.59474016154,0.23004254053373918
2050-08-14 22:00:00,5423,30338.87528278499,0.1481079720985712
2050-08-14 23:00:00,5424,19024.03022697293,0.0928712917600364
2050-08-15 00:00:00,5425,15047.704819717857,0.07345971216180573
2050-08-15 01:00:00,5426,11987.354847897454,0.058519730899697725
2050-08-15 02:00:00,5427,10915.90962182965,0.05328916192940891
2050-08-15 03:00:00,5428,17057.40131931501,0.08327062539819147
2050-08-15 04:00:00,5429,30777.92141763902,0.15025130246546334
2050-08-15 05:00:00,5430,46422.68260991699,0.2266257175536028
2050-08-15 06:00:00,5431,66750.95096189126,0.32586402397806213
2050-08-15 07:00:00,5432,90721.52637847327,0.4428833031007893
2050-08-15 08:00:00,5433,114579.02113196664,0.5593505463442193
2050-08-15 09:00:00,5434,128716.47902635638,0.6283666255445948
2050-08-15 10:00:00,5435,134672.80546800105,0.657444151399011
2050-08-15 11:00:00,5436,141346.7500631725,0.6900249372941936
2050-08-15 12:00:00,5437,149022.3746121179,0.7274957128565089
2050-08-15 13:00:00,5438,156445.2597265675,0.7637326679570041
2050-08-15 14:00:00,5439,164285.42236630744,0.8020066836768205
2050-08-15 15:00:00,5440,167703.48992552716,0.8186929665390992
2050-08-15 16:00:00,5441,162787.2000027005,0.7946926789894924
2050-08-15 17:00:00,5442,146073.31643891634,0.7130990346157227
2050-08-15 18:00:00,5443,122715.49129216051,0.5990710727063366
2050-08-15 19:00:00,5444,95838.13087986365,0.4678614840540348
2050-08-15 20:00:00,5445,71423.95574058076,0.34867664491168504
2050-08-15 21:00:00,5446,54178.5316318396,0.2644881320245653
2050-08-15 22:00:00,5447,39678.52728583084,0.19370217773026066
2050-08-15 23:00:00,5448,24639.28327404748,0.12028376944322992
2050-08-16 00:00:00,5449,12787.78195145245,0.0624272467194266
2050-08-16 01:00:00,5450,8152.554697979043,0.03979904767351401
2050-08-16 02:00:00,5451,12388.704593861325,0.06047903546926149
2050-08-16 03:00:00,5452,28894.375925911045,0.14105623176706045
2050-08-16 04:00:00,5453,57465.29621423452,0.2805334215261224
2050-08-16 05:00:00,5454,82229.57207431702,0.40142737833696074
2050-08-16 06:00:00,5455,106057.29502802434,0.517749281950924
2050-08-16 07:00:00,5456,120736.40800603968,0.5894096067030846
2050-08-16 08:00:00,5457,128857.90101933124,0.6290570178018691
2050-08-16 09:00:00,5458,126305.32045841741,0.6165958594045536
2050-08-16 10:00:00,5459,125209.50327365828,0.6112463116868921
2050-08-16 11:00:00,5460,129598.89890677371,0.6326744127585207
2050-08-16 12:00:00,5461,136263.03560841168,0.6652073185919586
2050-08-16 13:00:00,5462,141769.55741369037,0.6920889933506521
2050-08-16 14:00:00,5463,151519.87250886468,0.7396879693379976
2050-08-16 15:00:00,5464,160778.05114686536,0.7848844392341197
2050-08-16 16:00:00,5465,159772.89417700135,0.7799774755098653
2050-08-16 17:00:00,5466,147686.83719761425,0.7209759016809066
2050-08-16 18:00:00,5467,123207.53998949086,0.6014731503725675
2050-08-16 19:00:00,5468,94494.58045597342,0.46130255506145385
2050-08-16 20:00:00,5469,69969.12712307248,0.3415744793145186
2050-08-16 21:00:00,5470,48716.431051142994,0.23782331228866568
2050-08-16 22:00:00,5471,31313.632889609526,0.1528665325622927
2050-08-16 23:00:00,5472,18068.502402825492,0.08820660702801737
2050-08-17 00:00:00,5473,11023.381254438282,0.053813815708279186
2050-08-17 01:00:00,5474,8776.465038290127,0.04284484599047528
2050-08-17 02:00:00,5475,14208.913863662829,0.06936491212858156
2050-08-17 03:00:00,5476,29580.970252620173,0.1444080400472103
2050-08-17 04:00:00,5477,58436.580917867126,0.28527502801102106
2050-08-17 05:00:00,5478,86904.78309874107,0.4242507696956125
2050-08-17 06:00:00,5479,110042.14048383958,0.5372024546241341
2050-08-17 07:00:00,5480,124713.61059251573,0.6088254685047383
2050-08-17 08:00:00,5481,134106.8904090398,0.6546814737789097
2050-08-17 09:00:00,5482,132516.3147413603,0.6469166197949185
2050-08-17 10:00:00,5483,130674.45319982557,0.6379250413247093
2050-08-17 11:00:00,5484,134783.10548091723,0.6579826127323067
2050-08-17 12:00:00,5485,141633.312074194,0.6914238724207361
2050-08-17 13:00:00,5486,149177.58424447346,0.7282534134529906
2050-08-17 14:00:00,5487,159265.29951113096,0.7774995057133787
2050-08-17 15:00:00,5488,168189.0428256961,0.8210633330975261
2050-08-17 16:00:00,5489,164997.21831356714,0.8054815209380566
2050-08-17 17:00:00,5490,153534.6123497122,0.7495235030996411
2050-08-17 18:00:00,5491,128027.98783211861,0.62500555715838
2050-08-17 19:00:00,5492,98035.6395737235,0.47858925669830427
2050-08-17 20:00:00,5493,72945.9969911759,0.3561069283673124
2050-08-17 21:00:00,5494,50674.52669996326,0.24738232108575064
2050-08-17 22:00:00,5495,32000.876173242115,0.15622150891288084
2050-08-17 23:00:00,5496,19008.88153863775,0.09279733906771133
2050-08-18 00:00:00,5497,12293.801356000487,0.06001573793518538
2050-08-18 01:00:00,5498,8753.819939189236,0.04273429740637179
2050-08-18 02:00:00,5499,15244.417442074599,0.07442002157709843
2050-08-18 03:00:00,5500,33331.52865991893,0.16271747290405264
2050-08-18 04:00:00,5501,60802.603511265625,0.29682544987014964
2050-08-18 05:00:00,5502,89754.6683345268,0.4381633066321873
2050-08-18 06:00:00,5503,115820.48091901408,0.5654110904411145
2050-08-18 07:00:00,5504,132636.76822380206,0.647504648218859
2050-08-18 08:00:00,5505,141968.341637458,0.6930594158858645
2050-08-18 09:00:00,5506,139803.35874705328,0.6824904273344697
2050-08-18 10:00:00,5507,137787.189828354,0.6726479171170208
2050-08-18 11:00:00,5508,141816.29496454555,0.6923171561883806
2050-08-18 12:00:00,5509,148581.77530649,0.7253448002384127
2050-08-18 13:00:00,5510,156370.77674475763,0.7633690577938425
2050-08-18 14:00:00,5511,166751.18815777052,0.8140440307320308
2050-08-18 15:00:00,5512,176812.89070823006,0.8631631344139385
2050-08-18 16:00:00,5513,175597.28318508886,0.8572287956013732
2050-08-18 17:00:00,5514,163401.9140554419,0.7976935829756624
2050-08-18 18:00:00,5515,138982.7001070533,0.6784841454330264
2050-08-18 19:00:00,5516,104701.9336692269,0.5111326944722788
2050-08-18 20:00:00,5517,76567.28308939765,0.37378528115386755
2050-08-18 21:00:00,5518,54582.168298937,0.266458600859392
2050-08-18 22:00:00,5519,35689.91127105894,0.1742305979857421
2050-08-18 23:00:00,5520,21176.316915834068,0.10337830014089257
2050-08-19 00:00:00,5521,16866.696894613407,0.0823396467330461
2050-08-19 01:00:00,5522,13080.46648603211,0.06385607071099378
2050-08-19 02:00:00,5523,12995.139564268035,0.06343952272659761
2050-08-19 03:00:00,5524,19087.478157318463,0.09318103113599345
2050-08-19 04:00:00,5525,31919.985476571524,0.15582661764107683
2050-08-19 05:00:00,5526,50339.7339068623,0.24574793348247861
2050-08-19 06:00:00,5527,75579.27561114838,0.36896203762035545
2050-08-19 07:00:00,5528,103624.19302323506,0.5058713925934768
2050-08-19 08:00:00,5529,130861.27545363846,0.6388370680527011
2050-08-19 09:00:00,5530,148482.45612969407,0.724859945024479
2050-08-19 10:00:00,5531,155851.67972493623,0.7608349359382512
2050-08-19 11:00:00,5532,161780.375166535,0.7897775730947276
2050-08-19 12:00:00,5533,171130.21925242397,0.8354215343191108
2050-08-19 13:00:00,5534,181120.7656048669,0.8841932684926814
2050-08-19 14:00:00,5535,187586.5171051512,0.9157576997339338
2050-08-19 15:00:00,5536,192862.61241525173,0.9415144810811045
2050-08-19 16:00:00,5537,187851.00286013243,0.9170488632478779
2050-08-19 17:00:00,5538,168573.06919381683,0.8229380686005596
2050-08-19 18:00:00,5539,143084.8914744043,0.6985101760263019
2050-08-19 19:00:00,5540,110125.24464588541,0.5376081515657258
2050-08-19 20:00:00,5541,85254.74001535749,0.4161956083662179
2050-08-19 21:00:00,5542,63064.39135000401,0.30786701970391445
2050-08-19 22:00:00,5543,45223.18765201492,0.22077003687653626
2050-08-19 23:00:00,5544,30816.93228125949,0.1504417452503981
2050-08-20 00:00:00,5545,20035.93018927831,0.09781117334716667
2050-08-20 01:00:00,5546,20307.810452953043,0.09913843528852605
2050-08-20 02:00:00,5547,11900.582530546379,0.05809612679976414
2050-08-20 03:00:00,5548,13202.927203641324,0.06445389803246762
2050-08-20 04:00:00,5549,24139.310836436925,0.11784300975291613
2050-08-20 05:00:00,5550,38876.66760244444,0.1897876683588025
2050-08-20 06:00:00,5551,58896.29409113042,0.28751925048810345
2050-08-20 07:00:00,5552,82968.10913967376,0.4050327600806829
2050-08-20 08:00:00,5553,110818.1434908528,0.5409907371705321
2050-08-20 09:00:00,5554,139941.67891743794,0.6831656771499309
2050-08-20 10:00:00,5555,163888.75797119795,0.8000702519991205
2050-08-20 11:00:00,5556,172728.41505567994,0.8432235881932372
2050-08-20 12:00:00,5557,173120.95297045034,0.8451398752667212
2050-08-20 13:00:00,5558,169476.4503274428,0.8273481842190965
2050-08-20 14:00:00,5559,164112.43432538537,0.8011621926500615
2050-08-20 15:00:00,5560,157271.85108512628,0.7677679121356111
2050-08-20 16:00:00,5561,149071.80061408522,0.7277370001439277
2050-08-20 17:00:00,5562,136153.512207456,0.6646726485139913
2050-08-20 18:00:00,5563,117741.01917824916,0.574786752006078
2050-08-20 19:00:00,5564,96334.3858319127,0.4702840957661297
2050-08-20 20:00:00,5565,75746.13150311483,0.36977659279293534
2050-08-20 21:00:00,5566,57348.53023944496,0.2799633947345884
2050-08-20 22:00:00,5567,42953.96597476772,0.2096921766155164
2050-08-20 23:00:00,5568,31849.47731919818,0.15548241173009178
2050-08-21 00:00:00,5569,9794.740217626397,0.0478158500387163
2050-08-21 01:00:00,5570,8175.078428704353,0.039909003762878766
2050-08-21 02:00:00,5571,13783.652860451111,0.06728887785864834
2050-08-21 03:00:00,5572,30940.589928409925,0.1510454157287274
2050-08-21 04:00:00,5573,56104.76396537328,0.27389159085589027
2050-08-21 05:00:00,5574,79928.52621596557,0.3901941591549817
2050-08-21 06:00:00,5575,102974.7447654732,0.5027009235650933
2050-08-21 07:00:00,5576,118133.79605736528,0.576704205652954
2050-08-21 08:00:00,5577,125995.37797994442,0.615082785781159
2050-08-21 09:00:00,5578,137060.64527166617,0.6691010802640625
2050-08-21 10:00:00,5579,155467.39643905126,0.7589589462170339
2050-08-21 11:00:00,5580,168520.25527716588,0.8226802422302395
2050-08-21 12:00:00,5581,173942.9369358105,0.8491526271262508
2050-08-21 13:00:00,5582,172785.21578591896,0.8435008773442358
2050-08-21 14:00:00,5583,169811.6429352298,0.8289845236331002
2050-08-21 15:00:00,5584,163069.37840560943,0.7960702142684145
2050-08-21 16:00:00,5585,153852.80640622307,0.75107685918171
2050-08-21 17:00:00,5586,137586.24529276785,0.671666948396442
2050-08-21 18:00:00,5587,116217.18071150934,0.5673476949213648
2050-08-21 19:00:00,5588,90375.13946288468,0.44119231544382714
2050-08-21 20:00:00,5589,66791.90278496042,0.3260639421164895
2050-08-21 21:00:00,5590,47311.60782411416,0.23096526243108664
2050-08-21 22:00:00,5591,30460.56731828198,0.14870204687655858
2050-08-21 23:00:00,5592,19100.337367505264,0.09324380708024993
2050-08-22 00:00:00,5593,15108.062553425843,0.07375436585139152
2050-08-22 01:00:00,5594,12035.437236443078,0.05875445895058196
2050-08-22 02:00:00,5595,10959.694352210427,0.05350290972213803
2050-08-22 03:00:00,5596,17125.82014247265,0.08360463162145443
2050-08-22 04:00:00,5597,30901.374512857976,0.15085397436452833
2050-08-22 05:00:00,5598,46608.888290195246,0.2275347343000112
2050-08-22 06:00:00,5599,67018.69520104538,0.3271710947225302
2050-08-22 07:00:00,5600,91085.41882335067,0.4446597490491125
2050-08-22 08:00:00,5601,115038.60819245936,0.5615941531654302
2050-08-22 09:00:00,5602,129232.77274719827,0.6308870622874989
2050-08-22 10:00:00,5603,135212.9905610231,0.6600812207675901
2050-08-22 11:00:00,5604,141913.70497908574,0.6927926912759924
2050-08-22 12:00:00,5605,149620.11717291572,0.7304137656086822
2050-08-22 13:00:00,5606,157072.77615218036,0.7667960704196788
2050-08-22 14:00:00,5607,164944.38640858614,0.8052236067525139
2050-08-22 15:00:00,5608,168376.16415620706,0.8219768198546997
2050-08-22 16:00:00,5609,163440.15455503593,0.7978802650063611
2050-08-22 17:00:00,5610,146659.2300477737,0.7159593409264862
2050-08-22 18:00:00,5611,123207.71449270788,0.6014740022603635
2050-08-22 19:00:00,5612,96222.54651054424,0.4697381198545519
2050-08-22 20:00:00,5613,71710.44384823738,0.35007521925763174
2050-08-22 21:00:00,5614,54395.8467519963,0.26554901847644474
2050-08-22 22:00:00,5615,39837.68154058865,0.19447913513897563
2050-08-22 23:00:00,5616,24738.113714121922,0.12076623874786299
2050-08-23 00:00:00,5617,12839.074928626262,0.06267764818491607
2050-08-23 01:00:00,5618,8185.255346106957,0.03995868532109954
2050-08-23 02:00:00,5619,12438.396827711744,0.060721622444422356
2050-08-23 03:00:00,5620,29010.273944659657,0.14162202138078547
2050-08-23 04:00:00,5621,57695.79485005739,0.28165866711301407
2050-08-23 05:00:00,5622,82559.40249789668,0.40303754070182973
2050-08-23 06:00:00,5623,106482.70066554319,0.5198260222949528
2050-08-23 07:00:00,5624,121220.69293561182,0.5917737832972488
2050-08-23 08:00:00,5625,129374.7620074683,0.6315802238237245
2050-08-23 09:00:00,5626,126811.94279139818,0.619069082477533
2050-08-23 10:00:00,5627,125711.73018852792,0.613698077258336
2050-08-23 11:00:00,5628,130118.73209637823,0.6352121284392843
2050-08-23 12:00:00,5629,136809.59926580515,0.6678755267626569
2050-08-23 13:00:00,5630,142338.2082435023,0.6948650264253984
2050-08-23 14:00:00,5631,152127.63275615353,0.7426549263167606
2050-08-23 15:00:00,5632,161422.94681374694,0.7880326834767526
2050-08-23 16:00:00,5633,160413.75806339073,0.7831060374529047
2050-08-23 17:00:00,5634,148279.222784303,0.7238678028185431
2050-08-23 18:00:00,5635,123701.7368527086,0.6038857149302981
2050-08-23 19:00:00,5636,94873.60696357564,0.46315288230296575
2050-08-23 20:00:00,5637,70249.77977540865,0.34294456620185887
2050-08-23 21:00:00,5638,48911.83717700948,0.23877724366443245
2050-08-23 22:00:00,5639,31439.234776756533,0.15347969440905546
2050-08-23 23:00:00,5640,18140.976847022484,0.08856041193538249
2050-08-24 00:00:00,5641,11067.597050724751,0.05402966787358435
2050-08-24 01:00:00,5642,8811.668242750744,0.0430167005887567
2050-08-24 02:00:00,5643,14265.907125706104,0.06964314117912589
2050-08-24 03:00:00,5644,29699.62227083266,0.14498727410381443
2050-08-24 04:00:00,5645,58670.975453159044,0.28641929255509174
2050-08-24 05:00:00,5646,87253.36623087818,0.42595247881723874
2050-08-24 06:00:00,5647,110483.52969853167,0.5393572234112064
2050-08-24 07:00:00,5648,125213.8484407311,0.6112675238734873
2050-08-24 08:00:00,5649,134644.80556299738,0.6573074617850951
2050-08-24 09:00:00,5650,133047.8499584772,0.6495114622988801
2050-08-24 10:00:00,5651,131198.60054015325,0.6404838177768094
2050-08-24 11:00:00,5652,135323.732998727,0.6606218419251214
2050-08-24 12:00:00,5653,142201.41641454675,0.6941972376495318
2050-08-24 13:00:00,5654,149775.94936084605,0.7311745053898019
2050-08-24 14:00:00,5655,159904.12737675197,0.7806181282336695
2050-08-24 15:00:00,5656,168863.66466829792,0.8243566942425866
2050-08-24 16:00:00,5657,165659.03743383987,0.808712381900634
2050-08-24 17:00:00,5658,154150.4538987751,0.7525299112843739
2050-08-24 18:00:00,5659,128541.51995022,0.6275125123408168
2050-08-24 19:00:00,5660,98428.8696136454,0.48050892258038524
2050-08-24 20:00:00,5661,73238.59013638837,0.3575353062153189
2050-08-24 21:00:00,5662,50877.786912482065,0.24837459445132154
2050-08-24 22:00:00,5663,32129.23465996305,0.15684812789570998
2050-08-24 23:00:00,5664,19085.127933363776,0.09316955783974691
2050-08-25 00:00:00,5665,12343.112933254446,0.060256466625355706
2050-08-25 01:00:00,5666,8788.932325019201,0.04290570864730759
2050-08-25 02:00:00,5667,15305.56421217254,0.07471852717544941
2050-08-25 03:00:00,5668,33465.22451249395,0.16337014777806527
2050-08-25 04:00:00,5669,61046.48839479097,0.29801604428697465
2050-08-25 05:00:00,5670,90114.68262189007,0.4399208202358027
2050-08-25 06:00:00,5671,116285.04760937985,0.5676790067621147
2050-08-25 07:00:00,5672,133168.78659335303,0.6501018493708112
2050-08-25 08:00:00,5673,142537.78981623828,0.6958393414496254
2050-08-25 09:00:00,5674,140364.1229624945,0.6852279596259707
2050-08-25 10:00:00,5675,138339.86701967055,0.6753459702672467
2050-08-25 11:00:00,5676,142385.1332622037,0.6950941044415004
2050-08-25 12:00:00,5677,149177.7505739466,0.7282542254382978
2050-08-25 13:00:00,5678,156997.9944237012,0.766431001838466
2050-08-25 14:00:00,5679,167420.0426238157,0.8173092367646103
2050-08-25 15:00:00,5680,177522.1035950103,0.8666253617202618
2050-08-25 16:00:00,5681,176301.62016330802,0.8606672197534139
2050-08-25 17:00:00,5682,164057.3342715807,0.8008932058417021
2050-08-25 18:00:00,5683,139540.17259480554,0.6812056082061893
2050-08-25 19:00:00,5684,105121.90282170782,0.5131828950462335
2050-08-25 20:00:00,5685,76874.40156577545,0.37528456859634335
2050-08-25 21:00:00,5686,54801.10242878487,0.26752739097414396
2050-08-25 22:00:00,5687,35833.06681777224,0.1749294530857003
2050-08-25 23:00:00,5688,21261.257093422722,0.10379296012202531
2050-08-26 00:00:00,5689,16934.350780692428,0.0826699186952845
2050-08-26 01:00:00,5690,13132.933443141112,0.06411220329821615
2050-08-26 02:00:00,5691,13047.264262938917,0.06369398448051682
2050-08-26 03:00:00,5692,19164.039798291873,0.09355478887353044
2050-08-26 04:00:00,5693,32048.01950158387,0.15645165267047215
2050-08-26 05:00:00,5694,50541.651245874025,0.24673365122362165
2050-08-26 06:00:00,5695,75882.43109634091,0.3704419785780844
2050-08-26 07:00:00,5696,104039.83925557636,0.5079004895856587
2050-08-26 08:00:00,5697,131386.1721481581,0.6413995026934691
2050-08-26 09:00:00,5698,149078.03301506743,0.7277674254072961
2050-08-26 10:00:00,5699,156476.8152567055,0.7638867153807689
2050-08-26 11:00:00,5700,162429.29124800692,0.7929454441510253
2050-08-26 12:00:00,5701,171816.63842027934,0.8387724875107848
2050-08-26 13:00:00,5702,181847.25777370314,0.8877398495992289
2050-08-26 14:00:00,5703,188338.94400777598,0.9194308887253333
2050-08-26 15:00:00,5704,193636.20221700182,0.9452909828698295
2050-08-26 16:00:00,5705,188604.49064520735,0.9207272312430096
2050-08-26 17:00:00,5706,169249.23138441687,0.8262389493987454
2050-08-26 18:00:00,5707,143658.81822263703,0.7013119650188592
2050-08-26 19:00:00,5708,110566.96721351234,0.539764547711318
2050-08-26 20:00:00,5709,85596.70468465239,0.41786500755213185
2050-08-26 21:00:00,5710,63317.348464180715,0.30910190283189504
2050-08-26 22:00:00,5711,45404.58205502073,0.22165556598494277
2050-08-26 23:00:00,5712,30940.541856636075,0.1510451810524952
2050-08-27 00:00:00,5713,20380.33840173747,0.09949250139397017
2050-08-27 01:00:00,5714,20656.892042404725,0.10084257777333237
2050-08-27 02:00:00,5715,12105.147868251983,0.05909477151044754
2050-08-27 03:00:00,5716,13429.879275385349,0.0655618300436668
2050-08-27 04:00:00,5717,24554.254103363903,0.11986867501663086
2050-08-27 05:00:00,5718,39544.93914234655,0.19305002866924725
2050-08-27 06:00:00,5719,59908.693509791716,0.29246157031552233
2050-08-27 07:00:00,5720,84394.29165715295,0.4119950814764972
2050-08-27 08:00:00,5721,112723.05488928039,0.5502901117062998
2050-08-27 09:00:00,5722,142347.21011197215,0.6949089716432663
2050-08-27 10:00:00,5723,166705.92799883574,0.8138230802091717
2050-08-27 11:00:00,5724,175697.53470321244,0.8577182023084673
2050-08-27 12:00:00,5725,176096.82010612922,0.8596674291919082
2050-08-27 13:00:00,5726,172389.67022197464,0.8415699075636383
2050-08-27 14:00:00,5727,166933.4493248199,0.8149337911991672
2050-08-27 15:00:00,5728,159975.27970325868,0.7809654788421142
2050-08-27 16:00:00,5729,151634.27426473534,0.7402464545128299
2050-08-27 17:00:00,5730,138493.92656831816,0.6760980563983224
2050-08-27 18:00:00,5731,119764.93146315348,0.584667063699526
2050-08-27 19:00:00,5732,97990.32818987232,0.47836805610623795
2050-08-27 20:00:00,5733,77048.17159855184,0.3761328771419346
2050-08-27 21:00:00,5734,58334.3242748193,0.28477583270815454
2050-08-27 22:00:00,5735,43692.32426599011,0.2132966856217275
2050-08-27 23:00:00,5736,32396.954748911066,0.15815508074397985
2050-08-28 00:00:00,5737,9963.107180732819,0.04863778194099208
2050-08-28 01:00:00,5738,8315.604094958384,0.040595020342685695
2050-08-28 02:00:00,5739,14020.587257219757,0.06844554146923758
2050-08-28 03:00:00,5740,31472.444048951696,0.15364181505175728
2050-08-28 04:00:00,5741,57069.17827886724,0.27859965754930116
2050-08-28 05:00:00,5742,81302.45970104939,0.39690141182593197
2050-08-28 06:00:00,5743,104744.83184746566,0.5113421143049669
2050-08-28 07:00:00,5744,120164.46002657093,0.5866174776411
2050-08-28 08:00:00,5745,128161.17873342884,0.6256557669671211
2050-08-28 09:00:00,5746,139416.65275529108,0.6806026104755908
2050-08-28 10:00:00,5747,158139.8073397908,0.7720050909878402
2050-08-28 11:00:00,5748,171417.03853589794,0.8368217253953502
2050-08-28 12:00:00,5749,176932.9334946859,0.8637491579069427
2050-08-28 13:00:00,5750,175755.31169318032,0.8580002573529718
2050-08-28 14:00:00,5751,172730.62454913705,0.8432343744729607
2050-08-28 15:00:00,5752,165872.4637265166,0.8097542839192894
2050-08-28 16:00:00,5753,156497.46321245134,0.7639875143334325
2050-08-28 17:00:00,5754,139951.28762905442,0.6832125848476861
2050-08-28 18:00:00,5755,118214.89903152433,0.5771001332185575
2050-08-28 19:00:00,5756,91928.64529506127,0.448776202331603
2050-08-28 20:00:00,5757,67940.02396740354,0.33166882688792837
2050-08-28 21:00:00,5758,48124.87186495676,0.2349354454634891
2050-08-28 22:00:00,5759,30984.16999987831,0.151258164419934
2050-08-28 23:00:00,5760,19428.663059060666,0.09484662366164523
2050-08-29 00:00:00,5761,15367.762953815442,0.07502216827637843
2050-08-29 01:00:00,5762,12242.320679643179,0.05976442016198268
2050-08-29 02:00:00,5763,11148.086342655364,0.05442259957234964
2050-08-29 03:00:00,5764,17420.204916223316,0.08504175582103371
2050-08-29 04:00:00,5765,31432.554497469166,0.15344708269853283
2050-08-29 05:00:00,5766,47410.07297879878,0.2314459484897088
2050-08-29 06:00:00,5767,68170.71473015247,0.332795010397836
2050-08-29 07:00:00,5768,92651.13397205832,0.4523032392377776
2050-08-29 08:00:00,5769,117016.06726565257,0.5712476901047099
2050-08-29 09:00:00,5770,131454.22283021867,0.6417317117297624
2050-08-29 10:00:00,5771,137537.23771667632,0.6714277037756468
2050-08-29 11:00:00,5772,144353.1343318457,0.7047014694079232
2050-08-29 12:00:00,5773,152192.01612460602,0.7429692323036995
2050-08-29 13:00:00,5774,159772.78266886788,0.779976931150743
2050-08-29 14:00:00,5775,167779.70215883706,0.8190650185423267
2050-08-29 15:00:00,5776,171270.47055893243,0.8361062115326702
2050-08-29 16:00:00,5777,166249.61340920223,0.8115954488985291
2050-08-29 17:00:00,5778,149180.23270710438,0.7282663426873734
2050-08-29 18:00:00,5779,125325.5966624475,0.6118130550558323
2050-08-29 19:00:00,5780,97876.56652946334,0.47781269574206187
2050-08-29 20:00:00,5781,72943.11240961317,0.35609284645024636
2050-08-29 21:00:00,5782,55330.88564400906,0.27011368057543444
2050-08-29 22:00:00,5783,40522.47244117855,0.19782213947425742
2050-08-29 23:00:00,5784,25163.350103423432,0.12284215285789271
2050-08-30 00:00:00,5785,13059.772532630914,0.06375504720750574
2050-08-30 01:00:00,5786,8325.955975347068,0.040645556033197756
2050-08-30 02:00:00,5787,12652.206913755448,0.06176539806111842
2050-08-30 03:00:00,5788,29508.946799801997,0.14405643678436655
2050-08-30 04:00:00,5789,58687.55827390363,0.2865002463785036
2050-08-30 05:00:00,5790,83978.5594257074,0.4099655646548782
2050-08-30 06:00:00,5791,108313.08781685443,0.5287615852190607
2050-08-30 07:00:00,5792,123304.41925901402,0.6019460944752649
2050-08-30 08:00:00,5793,131598.6528954271,0.642436788759438
2050-08-30 09:00:00,5794,128991.77990097356,0.6297105861850754
2050-08-30 10:00:00,5795,127872.65520968269,0.62424725615034
2050-08-30 11:00:00,5796,132355.4114068989,0.6461311237490419
2050-08-30 12:00:00,5797,139161.29139684618,0.6793559903356191
2050-08-30 13:00:00,5798,144784.9345657532,0.7068094268189885
2050-08-30 14:00:00,5799,154742.63464683725,0.755420812443161
2050-08-30 15:00:00,5800,164197.73079955208,0.8015785919957273
2050-08-30 16:00:00,5801,163171.1945529591,0.7965672591644527
2050-08-30 17:00:00,5802,150828.07232590503,0.736310747168733
2050-08-30 18:00:00,5803,125828.11110351389,0.6142662242693536
2050-08-30 19:00:00,5804,96504.43922148178,0.47111426044569693
2050-08-30 20:00:00,5805,71457.34019242218,0.3488396207443673
2050-08-30 21:00:00,5806,49752.60852389555,0.2428817115468176
2050-08-30 22:00:00,5807,31979.660350337228,0.15611793775285737
2050-08-30 23:00:00,5808,18452.811689918683,0.09008272368163364
2050-08-31 00:00:00,5809,11257.843744614029,0.054958411993719446
2050-08-31 01:00:00,5810,8963.136570231674,0.04375613692617071
2050-08-31 02:00:00,5811,14511.131248638088,0.07084027347946913
2050-08-31 03:00:00,5812,30210.14474054859,0.1474795368194097
2050-08-31 04:00:00,5813,59679.50167141747,0.2913427042373717
2050-08-31 05:00:00,5814,88753.21019892138,0.4332743998344361
2050-08-31 06:00:00,5815,112382.68915232987,0.548628518169898
2050-08-31 07:00:00,5816,127366.21514579795,0.6217749228765354
2050-08-31 08:00:00,5817,136959.28587822206,0.6686062651439822
2050-08-31 09:00:00,5818,135334.87943316763,0.6606762564604575
2050-08-31 10:00:00,5819,133453.842297663,0.6514934310265899
2050-08-31 11:00:00,5820,137649.8837732252,0.6719776179977414
2050-08-31 12:00:00,5821,144645.79137350892,0.7061301591848874
2050-08-31 13:00:00,5822,152350.52696025086,0.7437430486763957
2050-08-31 14:00:00,5823,162652.80347260062,0.794036583556005
2050-08-31 15:00:00,5824,171766.35107728306,0.8385269953386465
2050-08-31 16:00:00,5825,168506.63768553463,0.8226137640281779
2050-08-31 17:00:00,5826,156800.22707949064,0.7654655434941692
2050-08-31 18:00:00,5827,130751.0877197538,0.6382991548418889
2050-08-31 19:00:00,5828,100120.81526819643,0.4887686433993285
2050-08-31 20:00:00,5829,74497.52672868328,0.3636811683788806
2050-08-31 21:00:00,5830,51752.35188406791,0.25264403566173854
2050-08-31 22:00:00,5831,32681.521026883274,0.159544273123897
2050-08-31 23:00:00,5832,19413.192305382403,0.09477109871443586
2050-09-01 00:00:00,5833,12555.28520032581,0.061292246756246956
2050-09-01 01:00:00,5834,8940.009927022922,0.04364323754558493
2050-09-01 02:00:00,5835,15568.659600322047,0.07600290321260002
2050-09-01 03:00:00,5836,34040.47587853167,0.1661784032745742
2050-09-01 04:00:00,5837,62095.84864445789,0.30313879907370883
2050-09-01 05:00:00,5838,91663.71127316113,0.4474828504733746
2050-09-01 06:00:00,5839,118283.93252800545,0.577437140146975
2050-09-01 07:00:00,5840,135457.89492858385,0.661276792089843
2050-09-01 08:00:00,5841,144987.946902187,0.707800490105941
2050-09-01 09:00:00,5842,142776.9156266723,0.6970067030782191
2050-09-01 10:00:00,5843,140717.8638015857,0.6869548475820307
2050-09-01 11:00:00,5844,144832.66619746372,0.7070424425491929
2050-09-01 12:00:00,5845,151742.04539026137,0.7407725703527765
2050-09-01 13:00:00,5846,159696.71556128352,0.7796055876206116
2050-09-01 14:00:00,5847,170297.91379416583,0.8313583951143714
2050-09-01 15:00:00,5848,180573.6244013994,0.8815222408642075
2050-09-01 16:00:00,5849,179332.16148053555,0.8754616814686834
2050-09-01 17:00:00,5850,166877.40207099487,0.8146601803606524
2050-09-01 18:00:00,5851,141938.8020165247,0.6929152097044483
2050-09-01 19:00:00,5852,106928.89846647387,0.5220042655829689
2050-09-01 20:00:00,5853,78195.83615726826,0.38173553277292105
2050-09-01 21:00:00,5854,55743.10736929193,0.272126059848481
2050-09-01 22:00:00,5855,36449.020292178706,0.1779364076662867
2050-09-01 23:00:00,5856,21626.728084999573,0.10557711220145377
2050-09-02 00:00:00,5857,17225.44425809192,0.08409097548222556
2050-09-02 01:00:00,5858,13358.682300458207,0.06521426147107719
2050-09-02 02:00:00,5859,13271.54047678418,0.06478885351942992
2050-09-02 03:00:00,5860,19493.460540139724,0.09516295125883735
2050-09-02 04:00:00,5861,32598.909806591066,0.15914098261968343
2050-09-02 05:00:00,5862,51410.438287571,0.2509748858024219
2050-09-02 06:00:00,5863,77186.81417372836,0.3768097008693972
2050-09-02 07:00:00,5864,105828.2347220408,0.516631057986084
2050-09-02 08:00:00,5865,133644.63812053663,0.6524248558782793
2050-09-02 09:00:00,5866,151640.6137072002,0.740277402330076
2050-09-02 10:00:00,5867,159166.57756469905,0.7770175660517608
2050-09-02 11:00:00,5868,165221.3738181581,0.8065758006999216
2050-09-02 12:00:00,5869,174770.08500532235,0.8531905890499799
2050-09-02 13:00:00,5870,184973.12590617983,0.9029996766637929
2050-09-02 14:00:00,5871,191576.4011888544,0.9352354699227634
2050-09-02 15:00:00,5872,196964.71669735084,0.9615400865425998
2050-09-02 16:00:00,5873,191846.51248765847,0.9365540961517813
2050-09-02 17:00:00,5874,172158.54537643824,0.8404416049533758
2050-09-02 18:00:00,5875,146128.2451436064,0.7133671849339468
2050-09-02 19:00:00,5876,112467.56102357223,0.5490428446938957
2050-09-02 20:00:00,5877,87068.07151939806,0.4250479092278221
2050-09-02 21:00:00,5878,64405.74364978425,0.3144152179195198
2050-09-02 22:00:00,5879,46185.06534948973,0.22546572034706597
2050-09-02 23:00:00,5880,31472.39513816074,0.15364157627962102
2050-09-03 00:00:00,5881,20223.66447777149,0.09872765243556154
2050-09-03 01:00:00,5882,20498.092060113282,0.1000673498478654
2050-09-03 02:00:00,5883,12012.089467436244,0.058640480080620686
2050-09-03 03:00:00,5884,13326.63701553988,0.06505782316806379
2050-09-03 04:00:00,5885,24365.493131415744,0.11894718387676449
2050-09-03 05:00:00,5886,39240.937245359986,0.19156595570816598
2050-09-03 06:00:00,5887,59448.14514324465,0.2902132706014819
2050-09-03 07:00:00,5888,83745.51013468715,0.4088278673088067
2050-09-03 08:00:00,5889,111856.49585251379,0.5460597537763202
2050-09-03 09:00:00,5890,141252.9152439167,0.6895668555537641
2050-09-03 10:00:00,5891,165424.3753179094,0.8075668110844824
2050-09-03 11:00:00,5892,174346.85904618184,0.8511244894347664
2050-09-03 12:00:00,5893,174743.0749175015,0.8530587315141925
2050-09-03 13:00:00,5894,171064.42378075924,0.8351003347429663
2050-09-03 14:00:00,5895,165650.1476082009,0.8086689836521681
2050-09-03 15:00:00,5896,158745.46895171868,0.7749618028726571
2050-09-03 16:00:00,5897,150468.58504048674,0.7345558062771459
2050-09-03 17:00:00,5898,137429.25381789298,0.670900549221662
2050-09-03 18:00:00,5899,118844.23793606638,0.5801724326378885
2050-09-03 19:00:00,5900,97237.02701511551,0.47469059910320893
2050-09-03 20:00:00,5901,76455.86338937176,0.37324135374492934
2050-09-03 21:00:00,5902,57885.87885502459,0.28258661702024224
2050-09-03 22:00:00,5903,43356.439291987044,0.21165696622230062
2050-09-03 23:00:00,5904,32147.903000483722,0.15693926278555645
2050-09-04 00:00:00,5905,9886.51575334613,0.04826387879248564
2050-09-04 01:00:00,5906,8251.677821477819,0.04028294579671867
2050-09-04 02:00:00,5907,13912.803894434097,0.06791936588957767
2050-09-04 03:00:00,5908,31230.499496229302,0.15246069291950926
2050-09-04 04:00:00,5909,56630.45868882907,0.27645792130513197
2050-09-04 05:00:00,5910,80677.44663364564,0.39385023022854415
2050-09-04 06:00:00,5911,103939.6054362166,0.5074111692801861
2050-09-04 07:00:00,5912,119240.69513738887,0.5821078528393444
2050-09-04 08:00:00,5913,127175.93899255758,0.6208460349420792
2050-09-04 09:00:00,5914,138344.88651429626,0.6753704743783268
2050-09-04 10:00:00,5915,156924.10679248837,0.7660702980509955
2050-09-04 11:00:00,5916,170099.26916352965,0.8303886540433011
2050-09-04 12:00:00,5917,175572.76064000916,0.8571090817231033
2050-09-04 13:00:00,5918,174404.1918235412,0.8514043759272723
2050-09-04 14:00:00,5919,171402.7569835524,0.836752005877517
2050-09-04 15:00:00,5920,164597.31832376975,0.803529293771457
2050-09-04 16:00:00,5921,155294.3881688588,0.7581143564352556
2050-09-04 17:00:00,5922,138875.4113961823,0.677960384639389
2050-09-04 18:00:00,5923,117306.12142871441,0.5726636731788819
2050-09-04 19:00:00,5924,91221.94337968831,0.44532623305658975
2050-09-04 20:00:00,5925,67417.73470424059,0.3291191211755411
2050-09-04 21:00:00,5926,47754.91163772593,0.2331293778851245
2050-09-04 22:00:00,5927,30745.979022252468,0.1500953664473817
2050-09-04 23:00:00,5928,19279.305089821457,0.0941174896468015
2050-09-05 00:00:00,5929,15249.62318367067,0.07444543490649434
2050-09-05 01:00:00,5930,12148.207769611434,0.05930498084120449
2050-09-05 02:00:00,5931,11062.385389846288,0.05400422564750378
2050-09-05 03:00:00,5932,17286.28702181097,0.08438799698573576
2050-09-05 04:00:00,5933,31190.916577664117,0.15226745748333081
2050-09-05 05:00:00,5934,47045.607799448604,0.22966670657282978
2050-09-05 06:00:00,5935,67646.65198345366,0.33023664691393945
2050-09-05 07:00:00,5936,91938.87789983899,0.4488261557438105
2050-09-05 08:00:00,5937,116116.50562500933,0.5668562204430467
2050-09-05 09:00:00,5938,130443.66781726693,0.6367983959009038
2050-09-05 10:00:00,5939,136479.91947983185,0.6662660997787205
2050-09-05 11:00:00,5940,143243.41889584818,0.6992840733673609
2050-09-05 12:00:00,5941,151022.03925668212,0.7372576526984802
2050-09-05 13:00:00,5942,158544.528571452,0.7739808544374692
2050-09-05 14:00:00,5943,166489.89482053474,0.8127684519262859
2050-09-05 15:00:00,5944,169953.82792953277,0.8296786407014745
2050-09-05 16:00:00,5945,164971.56869574636,0.805356304929054
2050-09-05 17:00:00,5946,148033.40891918895,0.7226677915216044
2050-09-05 18:00:00,5947,124362.15548634302,0.6071097390133268
2050-09-05 19:00:00,5948,97124.1399532524,0.47413950834414575
2050-09-05 20:00:00,5949,72382.36187413639,0.3533553809414383
2050-09-05 21:00:00,5950,54905.52921167808,0.2680371804407254
2050-09-05 22:00:00,5951,40210.955746145395,0.1963013808585816
2050-09-05 23:00:00,5952,24969.90669620403,0.12189780305942274
2050-09-06 00:00:00,5953,12959.375461646028,0.0632649299421289
2050-09-06 01:00:00,5954,8261.950133399247,0.04033309305080327
2050-09-06 02:00:00,5955,12554.942983015284,0.061290576123719985
2050-09-06 03:00:00,5956,29282.09662078792,0.14294900219192344
2050-09-06 04:00:00,5957,58236.39739859277,0.2842977744111125
2050-09-06 05:00:00,5958,83332.97379590126,0.40681395215918287
2050-09-06 06:00:00,5959,107480.43040672419,0.5246967278597237
2050-09-06 07:00:00,5960,122356.51594369859,0.5973186309826897
2050-09-06 08:00:00,5961,130586.98760932554,0.637498052811898
2050-09-06 09:00:00,5962,128000.15490681258,0.6248696827040299
2050-09-06 10:00:00,5963,126889.63351185499,0.6194483521422943
2050-09-06 11:00:00,5964,131337.9285049429,0.6411639874313952
2050-09-06 12:00:00,5965,138091.4882516465,0.6741334376568088
2050-09-06 13:00:00,5966,143671.89964555323,0.70137582575866
2050-09-06 14:00:00,5967,153553.04985748677,0.749613511112845
2050-09-06 15:00:00,5968,162935.4599337458,0.7954164526141215
2050-09-06 16:00:00,5969,161916.81518097682,0.7904436443865512
2050-09-06 17:00:00,5970,149668.5807516313,0.7306503545493499
2050-09-06 18:00:00,5971,124860.806876182,0.609544049627837
2050-09-06 19:00:00,5972,95762.5608240492,0.4674925670255119
2050-09-06 20:00:00,5973,70908.01152903035,0.34615791439921656
2050-09-06 21:00:00,5974,49370.13511636634,0.2410145572689224
2050-09-06 22:00:00,5975,31733.81656291652,0.15491778038154658
2050-09-06 23:00:00,5976,18310.95562860005,0.08939021239451567
2050-09-07 00:00:00,5977,11171.298990525738,0.05453591880950245
2050-09-07 01:00:00,5978,8894.232380587404,0.04341976124638079
2050-09-07 02:00:00,5979,14399.576828163748,0.07029568839379652
2050-09-07 03:00:00,5980,29977.904117941456,0.14634578722148808
2050-09-07 04:00:00,5981,59220.715183281754,0.2891030056410772
2050-09-07 05:00:00,5982,88070.91942970932,0.4299436006117334
2050-09-07 06:00:00,5983,111518.74663847472,0.5444109335513465
2050-09-07 07:00:00,5984,126387.08672394087,0.6169950250183042
2050-09-07 08:00:00,5985,135906.41064483233,0.663466350950174
2050-09-07 09:00:00,5986,134294.4918629479,0.6555973043969564
2050-09-07 10:00:00,5987,132427.91521158494,0.6464850719881045
2050-09-07 11:00:00,5988,136591.69957312546,0.6668117865513643
2050-09-07 12:00:00,5989,143533.82612756992,0.7007017800480523
2050-09-07 13:00:00,5990,151179.33152468363,0.7380255202816832
2050-09-07 14:00:00,5991,161402.40919792547,0.7879324231802616
2050-09-07 15:00:00,5992,170445.89640929733,0.832080814941365
2050-09-07 16:00:00,5993,167211.24202190107,0.816289916389867
2050-09-07 17:00:00,5994,155594.82451748187,0.7595810231433822
2050-09-07 18:00:00,5995,129745.93805907876,0.6333922267995491
2050-09-07 19:00:00,5996,99351.13601288898,0.48501123207120955
2050-09-07 20:00:00,5997,73924.826590437,0.3608853674368346
2050-09-07 21:00:00,5998,51354.50538699041,0.25070183321225936
2050-09-07 22:00:00,5999,32430.281691791373,0.15831777583007778
2050-09-07 23:00:00,6000,19263.9533217701,0.09404254556225582
2050-09-08 00:00:00,6001,12458.766384696148,0.0608210623132173
2050-09-08 01:00:00,6002,8871.283564864969,0.0433077299819706
2050-09-08 02:00:00,6003,15448.97544841099,0.075418630497588
2050-09-08 03:00:00,6004,33778.78955659483,0.16490090600063959
2050-09-08 04:00:00,6005,61618.486516196856,0.3008084181312908
2050-09-08 05:00:00,6006,90959.04601693759,0.4440428237375513
2050-09-08 06:00:00,6007,117374.62422931845,0.5729980893622759
2050-09-08 07:00:00,6008,134416.56168362554,0.6561932234422896
2050-09-08 08:00:00,6009,143873.35134601925,0.702359270350911
2050-09-08 09:00:00,6010,141679.3173324765,0.6916484603610135
2050-09-08 10:00:00,6011,139636.09453040603,0.6816738788071637
2050-09-08 11:00:00,6012,143719.2643375514,0.7016070501668009
2050-09-08 12:00:00,6013,150575.5276469057,0.7350778774620536
2050-09-08 13:00:00,6014,158469.04626670023,0.7736123657910737
2050-09-08 14:00:00,6015,168988.7477189162,0.8249673232391561
2050-09-08 15:00:00,6016,179185.46374731173,0.8747455341633954
2050-09-08 16:00:00,6017,177953.54459757372,0.8687315654398869
2050-09-08 17:00:00,6018,165594.53119327035,0.8083974760780086
2050-09-08 18:00:00,6019,140847.6467573123,0.6875884205212534
2050-09-08 19:00:00,6020,106106.88200290668,0.5179913550740662
2050-09-08 20:00:00,6021,77594.70530102483,0.378800939079047
2050-09-08 21:00:00,6022,55314.581934535905,0.27003408931421446
2050-09-08 22:00:00,6023,36168.818282317865,0.17656852072019477
2050-09-08 23:00:00,6024,21460.472529852064,0.10476548774624557
2050-09-09 00:00:00,6025,17093.02357460214,0.0834445257139737
2050-09-09 01:00:00,6026,13255.987343657594,0.06471292641317807
2050-09-09 02:00:00,6027,13169.515409654583,0.06429078872121509
2050-09-09 03:00:00,6028,19343.60445559472,0.09443138555042803
2050-09-09 04:00:00,6029,32348.305540481688,0.15791758559831226
2050-09-09 05:00:00,6030,51015.22028934739,0.24904551512838868
2050-09-09 06:00:00,6031,76593.4401738509,0.3739129745076347
2050-09-09 07:00:00,6032,105014.67960845908,0.5126594539981345
2050-09-09 08:00:00,6033,132617.24426772908,0.6474093363948591
2050-09-09 09:00:00,6034,150474.87570875025,0.7345865159890573
2050-09-09 10:00:00,6035,157942.98370568472,0.7710442396366676
2050-09-09 11:00:00,6036,163951.23369170472,0.8003752452522787
2050-09-09 12:00:00,6037,173426.53909871375,0.8466316821098123
2050-09-09 13:00:00,6038,183551.14405146142,0.8960578620150866
2050-09-09 14:00:00,6039,190103.65663926283,0.9280458425345985
2050-09-09 15:00:00,6040,195450.54941942444,0.9541482421561026
2050-09-09 16:00:00,6041,190371.69147387333,0.9293543319046201
2050-09-09 17:00:00,6042,170835.07565751317,0.8339807057151274
2050-09-09 18:00:00,6043,145004.88348986243,0.7078831709446833
2050-09-09 19:00:00,6044,111602.96610279522,0.5448220751627435
2050-09-09 20:00:00,6045,86398.73530327326,0.4217803513932499
2050-09-09 21:00:00,6046,63910.62416030207,0.3119981492955127
2050-09-09 22:00:00,6047,45830.017448446495,0.22373245159101537
2050-09-09 23:00:00,6048,31230.450955876706,0.15246045595577473
2050-09-10 00:00:00,6049,20254.507710407554,0.09887822257358127
2050-09-10 01:00:00,6050,20529.35374003187,0.10021996275701185
2050-09-10 02:00:00,6051,12030.40912263718,0.05872991276248728
2050-09-10 03:00:00,6052,13346.96152521882,0.06515704312544149
2050-09-10 04:00:00,6053,24402.652999925187,0.11912859049507463
2050-09-10 05:00:00,6054,39300.783775354066,0.19185811380934611
2050-09-10 06:00:00,6055,59538.80974985658,0.2906558760343216
2050-09-10 07:00:00,6056,83873.2307450318,0.40945137231408524
2050-09-10 08:00:00,6057,112027.08862107244,0.5468925515900295
2050-09-10 09:00:00,6058,141468.3406155177,0.6906185166528988
2050-09-10 10:00:00,6059,165676.6645940009,0.8087984339681867
2050-09-10 11:00:00,6060,174612.7561090933,0.8524225426555173
2050-09-10 12:00:00,6061,175009.5762129184,0.8543597344702326
2050-09-10 13:00:00,6062,171325.31477505746,0.8363739493955904
2050-09-10 14:00:00,6063,165902.7812687877,0.809902287748137
2050-09-10 15:00:00,6064,158987.57226385322,0.7761437000347757
2050-09-10 16:00:00,6065,150698.06525704067,0.7356760801565744
2050-09-10 17:00:00,6066,137638.84767858955,0.671923742117995
2050-09-10 18:00:00,6067,119025.48768817878,0.5810572555912289
2050-09-10 19:00:00,6068,97385.3234995513,0.47541455117375897
2050-09-10 20:00:00,6069,76572.46649783084,0.373810585457486
2050-09-10 21:00:00,6070,57974.160803319115,0.2830175908191369
2050-09-10 22:00:00,6071,43422.56233490862,0.21197976493203588
2050-09-10 23:00:00,6072,32196.931889894804,0.1571786114534697
2050-09-11 00:00:00,6073,9901.593729142565,0.048337486281153114
2050-09-11 01:00:00,6074,8264.262443812811,0.04034438126116121
2050-09-11 02:00:00,6075,13934.022316349037,0.0680229497374185
2050-09-11 03:00:00,6076,31278.129274892926,0.15269321142468192
2050-09-11 04:00:00,6077,56716.826013492624,0.2768795483164258
2050-09-11 05:00:00,6078,80800.48809876003,0.3944508926365033
2050-09-11 06:00:00,6079,104098.12411974743,0.5081850239646017
2050-09-11 07:00:00,6080,119422.5495535873,0.582995627634859
2050-09-11 08:00:00,6081,127369.8954181168,0.6217928891875747
2050-09-11 09:00:00,6082,138555.87676327038,0.6764004841468781
2050-09-11 10:00:00,6083,157163.43234061982,0.767238634756781
2050-09-11 11:00:00,6084,170358.68812806346,0.831655082557967
2050-09-11 12:00:00,6085,175840.5272263392,0.8584162615617575
2050-09-11 13:00:00,6086,174670.17624021627,0.8527028555906209
2050-09-11 14:00:00,6087,171664.1639116603,0.8380281392098737
2050-09-11 15:00:00,6088,164848.34628074107,0.8047547591620005
2050-09-11 16:00:00,6089,155531.22818626842,0.7592705593057765
2050-09-11 17:00:00,6090,139087.21077742203,0.6789943444205201
2050-09-11 18:00:00,6091,117485.02546283737,0.5735370448331448
2050-09-11 19:00:00,6092,91361.06630659495,0.44600540175959874
2050-09-11 20:00:00,6093,67520.55375513746,0.32962106203457076
2050-09-11 21:00:00,6094,47827.74277183883,0.23348492407721494
2050-09-11 22:00:00,6095,30792.869801145353,0.15032427731198084
2050-09-11 23:00:00,6096,19308.707987719536,0.09426102837527825
2050-09-12 00:00:00,6097,15272.880414101335,0.07455897178627675
2050-09-12 01:00:00,6098,12166.735031541933,0.05939542701521353
2050-09-12 02:00:00,6099,11079.256701503722,0.054086587822532846
2050-09-12 03:00:00,6100,17312.650430676007,0.08451669757164118
2050-09-12 04:00:00,6101,31238.485958460107,0.15249968113888854
2050-09-12 05:00:00,6102,47117.35721732003,0.23001697205502514
2050-09-12 06:00:00,6103,67749.8200797393,0.3307402917387298
2050-09-12 07:00:00,6104,92079.09419094818,0.44951066201959683
2050-09-12 08:00:00,6105,116293.59526853256,0.567720734626167
2050-09-12 09:00:00,6106,130642.60790216741,0.6377695793172004
2050-09-12 10:00:00,6107,136688.06544709406,0.6672822243655536
2050-09-12 11:00:00,6108,143461.8799665001,0.7003505541071758
2050-09-12 12:00:00,6109,151252.36354772627,0.7383820471710383
2050-09-12 13:00:00,6110,158786.32535853641,0.7751612552091267
2050-09-12 14:00:00,6111,166743.80910277407,0.8140080077462958
2050-09-12 15:00:00,6112,170213.02508260438,0.8309439863794977
2050-09-12 16:00:00,6113,165223.16747140125,0.8065845569356758
2050-09-12 17:00:00,6114,148259.17520633346,0.7237699347831963
2050-09-12 18:00:00,6115,124551.82062237796,0.6080356440910234
2050-09-12 19:00:00,6116,97272.26436361867,0.47486262038548416
2050-09-12 20:00:00,6117,72492.75248802724,0.3538942845695292
2050-09-12 21:00:00,6118,54989.26588002729,0.26844596514430763
2050-09-12 22:00:00,6119,40272.28164519536,0.19660076092658849
2050-09-12 23:00:00,6120,25007.988347035476,0.122083709624061
2050-09-13 00:00:00,6121,12979.139845349051,0.06336141548296546
2050-09-13 01:00:00,6122,8274.5504411739,0.04039460508824458
2050-09-13 02:00:00,6123,12574.090528448902,0.06138405039059393
2050-09-13 03:00:00,6124,29326.75484838485,0.14316701421330683
2050-09-13 04:00:00,6125,58325.21397740321,0.28473135816310513
2050-09-13 05:00:00,6126,83460.06516215173,0.4074343853278863
2050-09-13 06:00:00,6127,107644.34919360392,0.5254969447065028
2050-09-13 07:00:00,6128,122543.1223524215,0.5982296040006061
2050-09-13 08:00:00,6129,130786.14632693912,0.6384703035468564
2050-09-13 09:00:00,6130,128195.36834271332,0.62582267340814
2050-09-13 10:00:00,6131,127083.15331973499,0.6203930749126297
2050-09-13 11:00:00,6132,131538.23243447766,0.642141828848727
2050-09-13 12:00:00,6133,138302.0920486779,0.675161560848715
2050-09-13 13:00:00,6134,143891.0141647056,0.702445496495842
2050-09-13 14:00:00,6135,153787.23415490674,0.7507567493200926
2050-09-13 15:00:00,6136,163183.95341584308,0.7966295452344015
2050-09-13 16:00:00,6137,162163.75510999237,0.7916491528892811
2050-09-13 17:00:00,6138,149896.8408272133,0.7317646719586278
2050-09-13 18:00:00,6139,125051.23255811144,0.6104736675297261
2050-09-13 19:00:00,6140,95908.60859217864,0.4682055413386845
2050-09-13 20:00:00,6141,71016.15359066191,0.34668584107077305
2050-09-13 21:00:00,6142,49445.429721143504,0.24138212960374247
2050-09-13 22:00:00,6143,31782.213941067417,0.1551540461450597
2050-09-13 23:00:00,6144,18338.881767929623,0.08952654190001293
2050-09-14 00:00:00,6145,11188.336340069633,0.054619091546374225
2050-09-14 01:00:00,6146,8907.796953727626,0.04348598062338324
2050-09-14 02:00:00,6147,14421.537632036654,0.07040289639333354
2050-09-14 03:00:00,6148,30023.623555335547,0.14656897984464273
2050-09-14 04:00:00,6149,59311.032878338636,0.2895439175250811
2050-09-14 05:00:00,6150,88205.23667425361,0.4305993089899082
2050-09-14 06:00:00,6151,111688.8242383381,0.5452412164204498
2050-09-14 07:00:00,6152,126579.84012117267,0.61793600633396
2050-09-14 08:00:00,6153,136113.68194481172,0.664478205596335
2050-09-14 09:00:00,6154,134499.3048696512,0.6565971581753016
2050-09-14 10:00:00,6155,132629.88149830245,0.647471028681594
2050-09-14 11:00:00,6156,136800.0160229484,0.6678287433979998
2050-09-14 12:00:00,6157,143752.73008711933,0.7017704228777886
2050-09-14 13:00:00,6158,151409.89567850457,0.7391510857135837
2050-09-14 14:00:00,6159,161648.56454438486,0.7891341015169008
2050-09-14 15:00:00,6160,170705.8440921016,0.8333498245467971
2050-09-14 16:00:00,6161,167466.25642547326,0.8175348427695353
2050-09-14 17:00:00,6162,155832.12269924974,0.7607394626753927
2050-09-14 18:00:00,6163,129943.81402984797,0.6343582154357295
2050-09-14 19:00:00,6164,99502.6568137466,0.4857509245725498
2050-09-14 20:00:00,6165,74037.56956572155,0.3614357547956972
2050-09-14 21:00:00,6166,51432.826276202104,0.2510841792275938
2050-09-14 22:00:00,6167,32479.741267479825,0.15855922701730188
2050-09-14 23:00:00,6168,19293.332895259613,0.09418597042590333
2050-09-15 00:00:00,6169,12477.767298255329,0.06091382075429463
2050-09-15 01:00:00,6170,8884.81320630535,0.043373778829802895
2050-09-15 02:00:00,6171,15472.536731696839,0.07553365169909862
2050-09-15 03:00:00,6172,33830.30572259837,0.16515239702678872
2050-09-15 04:00:00,6173,61712.46112542972,0.3012671822968211
2050-09-15 05:00:00,6174,91097.76796132873,0.4447200349287322
2050-09-15 06:00:00,6175,117553.63273644855,0.5738719710316625
2050-09-15 07:00:00,6176,134621.56087173359,0.6571939861188733
2050-09-15 08:00:00,6177,144092.77313654427,0.7034304411219428
2050-09-15 09:00:00,6178,141895.39290855752,0.6927032956208937
2050-09-15 10:00:00,6179,139849.0540647733,0.6827135022104772
2050-09-15 11:00:00,6180,143938.45108858516,0.70267707352475
2050-09-15 12:00:00,6181,150805.17091610754,0.7361989473300216
2050-09-15 13:00:00,6182,158710.7279953107,0.7747922048715978
2050-09-15 14:00:00,6183,169246.47305600435,0.8262254838228548
2050-09-15 15:00:00,6184,179458.74012968034,0.8760796116609226
2050-09-15 16:00:00,6185,178224.94220619253,0.8700564711613505
2050-09-15 17:00:00,6186,165847.0799927006,0.8096303658997605
2050-09-15 18:00:00,6187,141062.45400263727,0.6886370640586496
2050-09-15 19:00:00,6188,106268.7059599241,0.5187813454045389
2050-09-15 20:00:00,6189,77713.04531051006,0.3793786499750382
2050-09-15 21:00:00,6190,55398.94237561333,0.27044591914432053
2050-09-15 22:00:00,6191,36223.97950507811,0.1768378061424574
2050-09-15 23:00:00,6192,21493.202015987885,0.10492526617488611
2050-09-16 00:00:00,6193,17119.092216030967,0.08357178730760238
2050-09-16 01:00:00,6194,13276.204065877062,0.06481162017497696
2050-09-16 02:00:00,6195,13189.600231052205,0.06438883857110032
2050-09-16 03:00:00,6196,19373.1054423207,0.09457540312781564
2050-09-16 04:00:00,6197,32397.640085550614,0.15815842641249728
2050-09-16 05:00:00,6198,51093.02379316967,0.24942533537768513
2050-09-16 06:00:00,6199,76710.25314175921,0.3744832307096348
2050-09-16 07:00:00,6200,105174.83783043317,0.5134413125624484
2050-09-16 08:00:00,6201,132819.49926340755,0.6483967025044307
2050-09-16 09:00:00,6202,150704.3654542146,0.735706836386611
2050-09-16 10:00:00,6203,158183.86312956552,0.7722201620351983
2050-09-16 11:00:00,6204,164201.2763343565,0.8015959005467198
2050-09-16 12:00:00,6205,173691.03253939937,0.8479228831437395
2050-09-16 13:00:00,6206,183831.07853108636,0.8974244429351527
2050-09-16 14:00:00,6207,190393.5844073845,0.9294612085754066
2050-09-16 15:00:00,6208,195748.6317107964,0.9556034168546402
2050-09-16 16:00:00,6209,190662.02805198883,0.93077169366935
2050-09-16 17:00:00,6210,171095.6167884597,0.8352526124088688
2050-09-16 18:00:00,6211,145226.03090372562,0.7089627658438623
2050-09-16 19:00:00,6212,111773.17222140823,0.5456529854331992
2050-09-16 20:00:00,6213,86530.50236093637,0.42242361029846553
2050-09-16 21:00:00,6214,64008.09446492457,0.31247397870655413
2050-09-16 22:00:00,6215,45899.91300765928,0.22407366692735234
2050-09-16 23:00:00,6216,31278.080651401913,0.15269297405508325
2050-09-17 00:00:00,6217,20358.326185994792,0.09938504241255915
2050-09-17 01:00:00,6218,20634.580942222645,0.1007336597013058
2050-09-17 02:00:00,6219,12092.073324924153,0.05903094435534207
2050-09-17 03:00:00,6220,13415.373994882895,0.0654910183322927
2050-09-17 04:00:00,6221,24527.733556772866,0.1197392073175836
2050-09-17 05:00:00,6222,39502.227660389704,0.192841520248319
2050-09-17 06:00:00,6223,59843.98759486601,0.2921456897249236
2050-09-17 07:00:00,6224,84303.13943328346,0.41155009559934297
2050-09-17 08:00:00,6225,112601.30541684407,0.5496957565333233
2050-09-17 09:00:00,6226,142193.4643248466,0.6941584172295769
2050-09-17 10:00:00,6227,166525.87276229647,0.8129440886282052
2050-09-17 11:00:00,6228,175507.76800983225,0.8567918014492918
2050-09-17 12:00:00,6229,175906.62206988124,0.8587389226080863
2050-09-17 13:00:00,6230,172203.47624248054,0.8406609479379832
2050-09-17 14:00:00,6231,166753.1484778317,0.8140536005999386
2050-09-17 15:00:00,6232,159802.49421603425,0.7801219766396645
2050-09-17 16:00:00,6233,151470.4977237063,0.7394469320802071
2050-09-17 17:00:00,6234,138344.34255304476,0.6753678188745512
2050-09-17 18:00:00,6235,119635.57612029427,0.5840355782758767
2050-09-17 19:00:00,6236,97884.49101254111,0.47785138139232536
2050-09-17 20:00:00,6237,76964.95366771589,0.37572662480517294
2050-09-17 21:00:00,6238,58271.318709219326,0.2844682528633199
2050-09-17 22:00:00,6239,43645.133170288114,0.21306630867398685
2050-09-17 23:00:00,6240,32361.963573608806,0.15798426122720283
2050-09-18 00:00:00,6241,9952.346295974829,0.04858524957765834
2050-09-18 01:00:00,6242,8306.622514335571,0.040551174165795956
2050-09-18 02:00:00,6243,14005.443848880806,0.0683716145527373
2050-09-18 03:00:00,6244,31438.451470839962,0.15347587047524924
2050-09-18 04:00:00,6245,57007.53921717698,0.27829874868752197
2050-09-18 05:00:00,6246,81214.64682428766,0.39647272793504623
2050-09-18 06:00:00,6247,104631.69945100279,0.5107898258742789
2050-09-18 07:00:00,6248,120034.67321971127,0.5859838859014602
2050-09-18 08:00:00,6249,128022.75472560173,0.6249800102392288
2050-09-18 09:00:00,6250,139266.07202167093,0.6798675071836685
2050-09-18 10:00:00,6251,157969.00430760463,0.7711712667115747
2050-09-18 11:00:00,6252,171231.89491940913,0.8359178934197228
2050-09-18 12:00:00,6253,176741.8322454978,0.8628162420285873
2050-09-18 13:00:00,6254,175565.48240765618,0.8570735509321885
2050-09-18 14:00:00,6255,172544.0621806238,0.8423236164500328
2050-09-18 15:00:00,6256,165693.30875861016,0.8088796872593709
2050-09-18 16:00:00,6257,156328.43394632952,0.7631623492079205
2050-09-18 17:00:00,6258,139800.1295086786,0.6824746628757468
2050-09-18 18:00:00,6259,118087.21799607843,0.576476821409564
2050-09-18 19:00:00,6260,91829.35535101572,0.4482914898257735
2050-09-18 20:00:00,6261,67866.64358881557,0.33131059940048235
2050-09-18 21:00:00,6262,48072.89320107178,0.2346816966205066
2050-09-18 22:00:00,6263,30950.704670704778,0.1510947937612229
2050-09-18 23:00:00,6264,19407.678527649445,0.09474418161777294
2050-09-19 00:00:00,6265,15351.164538519899,0.0749411383236673
2050-09-19 01:00:00,6266,12229.098006392785,0.05969986986792649
2050-09-19 02:00:00,6267,11136.045618326913,0.05436381930293416
2050-09-19 03:00:00,6268,17401.389829224638,0.08494990454592023
2050-09-19 04:00:00,6269,31398.60493671427,0.15328134812366223
2050-09-19 05:00:00,6270,47358.86645397355,0.2311959690662994
2050-09-19 06:00:00,6271,68097.08501598173,0.3324355657068123
2050-09-19 07:00:00,6272,92551.06360651206,0.45181471687925007
2050-09-19 08:00:00,6273,116889.68083027325,0.5706306982594183
2050-09-19 09:00:00,6274,131312.24215925284,0.6410385921247032
2050-09-19 10:00:00,6275,137388.68686445063,0.6707025099353483
2050-09-19 11:00:00,6276,144197.22193684222,0.7039403380728372
2050-09-19 12:00:00,6277,152027.63717850958,0.7421667690569536
2050-09-19 13:00:00,6278,159600.21573768096,0.7791344958926413
2050-09-19 14:00:00,6279,167598.48711618147,0.8181803650332131
2050-09-19 15:00:00,6280,171085.4852503886,0.8352031523829462
2050-09-19 16:00:00,6281,166070.05119789852,0.810718864162482
2050-09-19 17:00:00,6282,149019.1066440594,0.7274797593276613
2050-09-19 18:00:00,6283,125190.23534889001,0.6111522497535681
2050-09-19 19:00:00,6284,97770.85242477508,0.47729662184276084
2050-09-19 20:00:00,6285,72864.32829530098,0.3557082390679489
2050-09-19 21:00:00,6286,55271.12416013737,0.26982193765143553
2050-09-19 22:00:00,6287,40478.70512695006,0.19760847670350004
2050-09-19 23:00:00,6288,25136.171662078017,0.12270947345580711
2050-09-20 00:00:00,6289,13045.666964422695,0.0636861868070082
2050-09-20 01:00:00,6290,8316.96325644358,0.040601655481577646
2050-09-20 02:00:00,6291,12638.541465549531,0.061698686233381525
2050-09-20 03:00:00,6292,29477.074871413246,0.14390084477126355
2050-09-20 04:00:00,6293,58624.171307545235,0.2861908046158371
2050-09-20 05:00:00,6294,83887.85603861448,0.4095227699039328
2050-09-20 06:00:00,6295,108196.10138284152,0.5281904821922281
2050-09-20 07:00:00,6296,123171.2411516493,0.6012959471238598
2050-09-20 08:00:00,6297,131456.51635184934,0.6417429082172562
2050-09-20 09:00:00,6298,128852.45877070494,0.6290304498951755
2050-09-20 10:00:00,6299,127734.5428913524,0.6235730210246451
2050-09-20 11:00:00,6300,132212.4573931921,0.6454332524905948
2050-09-20 12:00:00,6301,139010.9864878702,0.6786222335612694
2050-09-20 13:00:00,6302,144628.5557287829,0.7060460184128783
2050-09-20 14:00:00,6303,154575.50073284376,0.75460490002585
2050-09-20 15:00:00,6304,164020.3847411789,0.8007128260495443
2050-09-20 16:00:00,6305,162994.957200437,0.7957069056857303
2050-09-20 17:00:00,6306,150665.1664298454,0.7355154750406993
2050-09-20 18:00:00,6307,125692.20714919733,0.6136027699096785
2050-09-20 19:00:00,6308,96400.20691213782,0.47060542035784947
2050-09-20 20:00:00,6309,71380.1607918652,0.3484628472352068
2050-09-20 21:00:00,6310,49698.87197479262,0.24261938108001463
2050-09-20 22:00:00,6311,31945.119914893687,0.15594931865273381
2050-09-20 23:00:00,6312,18432.88131901069,0.08998542782637066
2050-09-21 00:00:00,6313,11245.684325463733,0.05489905228128908
2050-09-21 01:00:00,6314,8953.45557944049,0.04370887637677253
2050-09-21 02:00:00,6315,14495.458021493285,0.07076376009962164
2050-09-21 03:00:00,6316,30177.51553438961,0.14732024793640572
2050-09-21 04:00:00,6317,59615.04317357895,0.2910280314846609
2050-09-21 05:00:00,6318,88657.34986891762,0.4328064299789546
2050-09-21 06:00:00,6319,112261.30715359,0.5480359569257824
2050-09-21 07:00:00,6320,127228.64987777425,0.6211033583347295
2050-09-21 08:00:00,6321,136811.35924285743,0.6678841185983702
2050-09-21 09:00:00,6322,135188.70739213927,0.6599626754732775
2050-09-21 10:00:00,6323,133309.70192690022,0.6507897682239241
2050-09-21 11:00:00,6324,137501.2112687549,0.6712518302769155
2050-09-21 12:00:00,6325,144489.5628592913,0.7053674846226609
2050-09-21 13:00:00,6326,152185.97675635756,0.7429397493853085
2050-09-21 14:00:00,6327,162477.12588816448,0.7931789627466806
2050-09-21 15:00:00,6328,171580.83034537412,0.8376213223653024
2050-09-21 16:00:00,6329,168324.63747932407,0.8217252775166604
2050-09-21 17:00:00,6330,156630.87073350346,0.7646387816339358
2050-09-21 18:00:00,6331,130609.8664796864,0.6376097426178472
2050-09-21 19:00:00,6332,100012.67718258899,0.48824073613788077
2050-09-21 20:00:00,6333,74417.06360076797,0.363288364407304
2050-09-21 21:00:00,6334,51696.45526796634,0.252371160204728
2050-09-21 22:00:00,6335,32646.222563972104,0.15937195349400826
2050-09-21 23:00:00,6336,19392.2246809774,0.0946687392069919
2050-09-22 00:00:00,6337,12541.724540569709,0.061226046483558054
2050-09-22 01:00:00,6338,8930.354065395122,0.04359609967144728
2050-09-22 02:00:00,6339,15551.844245817918,0.07592081420855779
2050-09-22 03:00:00,6340,34003.709587180565,0.1659989180167048
2050-09-22 04:00:00,6341,62028.78045059533,0.30281138633699034
2050-09-22 05:00:00,6342,91564.70739616468,0.44699953448637225
2050-09-22 06:00:00,6343,118156.17692918319,0.5768134643353492
2050-09-22 07:00:00,6344,135311.59004876215,0.660562562611771
2050-09-22 08:00:00,6345,144831.34887801026,0.7070360116742498
2050-09-22 09:00:00,6346,142622.70549555236,0.6962538818353634
2050-09-22 10:00:00,6347,140565.8777927585,0.6862128840337798
2050-09-22 11:00:00,6348,144676.23579736587,0.7062787824228003
2050-09-22 12:00:00,6349,151578.15234591876,0.7399724791756188
2050-09-22 13:00:00,6350,159524.23092172688,0.7787635540928433
2050-09-22 14:00:00,6351,170113.97899111957,0.8304604643102921
2050-09-22 15:00:00,6352,180378.59103771727,0.8805701292345811
2050-09-22 16:00:00,6353,179138.46905993152,0.874516116039539
2050-09-22 17:00:00,6354,166697.16166942904,0.8137802848431909
2050-09-22 18:00:00,6355,141785.49723036733,0.6921668081642086
2050-09-22 19:00:00,6356,106813.40700443009,0.5214404606930853
2050-09-22 20:00:00,6357,78111.37877030179,0.38132322967348986
2050-09-22 21:00:00,6358,55682.90048724044,0.2718321425847753
2050-09-22 22:00:00,6359,36409.65262270895,0.17774422303066442
2050-09-22 23:00:00,6360,21603.369657614636,0.10546308129954496
2050-09-23 00:00:00,6361,17206.839481497922,0.0840001508980246
2050-09-23 01:00:00,6362,13344.253830399828,0.06514382473204475
2050-09-23 02:00:00,6363,13257.206077196784,0.0647188760125398
2050-09-23 03:00:00,6364,19472.40607958583,0.09506016783568139
2050-09-23 04:00:00,6365,32563.70055119619,0.1589690984820208
2050-09-23 05:00:00,6366,51354.91109692595,0.2507038138023522
2050-09-23 06:00:00,6367,77103.44658873221,0.3764027179526791
2050-09-23 07:00:00,6368,105713.93203158546,0.5160730564276559
2050-09-23 08:00:00,6369,133500.29159223672,0.651720186658122
2050-09-23 09:00:00,6370,151476.83017428554,0.7394778457645466
2050-09-23 10:00:00,6371,158994.66550400527,0.7761783277328936
2050-09-23 11:00:00,6372,165042.92214774122,0.8057046373895914
2050-09-23 12:00:00,6373,174581.31994181342,0.8522690779359793
2050-09-23 13:00:00,6374,184773.3407052163,0.9020243675696287
2050-09-23 14:00:00,6375,191369.4840075126,0.9342253440088909
2050-09-23 15:00:00,6376,196751.9796289454,0.9605015491710578
2050-09-23 16:00:00,6377,191639.3036302648,0.9355425463371165
2050-09-23 17:00:00,6378,171972.60084302668,0.839533863070735
2050-09-23 18:00:00,6379,145970.41533096283,0.7125966931714984
2050-09-23 19:00:00,6380,112346.08752452981,0.5484498367646565
2050-09-23 20:00:00,6381,86974.03141770042,0.4245888253419312
2050-09-23 21:00:00,6382,64336.180476753165,0.31407562522221827
2050-09-23 22:00:00,6383,46135.18202145545,0.2252222004905182
2050-09-23 23:00:00,6384,31438.40259258645,0.15347563186195395
2050-09-24 00:00:00,6385,19999.39943406083,0.09763283792688296
2050-09-24 01:00:00,6386,20270.783727618327,0.09895767864703356
2050-09-24 02:00:00,6387,11878.884476817759,0.057990201490856756
2050-09-24 03:00:00,6388,13178.854727682008,0.06433638129644845
2050-09-24 04:00:00,6389,24095.298255861002,0.11762814964372732
2050-09-24 05:00:00,6390,38805.785055094355,0.18944163475513892
2050-09-24 06:00:00,6391,58788.91033397677,0.28699502569861773
2050-09-24 07:00:00,6392,82816.83598231799,0.40429427652253913
2050-09-24 08:00:00,6393,110616.09218178417,0.5400043654159076
2050-09-24 09:00:00,6394,139686.52759926463,0.6819200823821391
2050-09-24 10:00:00,6395,163589.94442744862,0.7986115074811452
2050-09-24 11:00:00,6396,172413.4846640876,0.8416861646329967
2050-09-24 12:00:00,6397,172805.306758802,0.8435989572243718
2050-09-24 13:00:00,6398,169167.4490992264,0.8258397055803689
2050-09-24 14:00:00,6399,163813.21314094594,0.7997014581164579
2050-09-24 15:00:00,6400,156985.10213579322,0.7663680644157711
2050-09-24 16:00:00,6401,148800.00260056663,0.7264101397304337
2050-09-24 17:00:00,6402,135905.26764276804,0.6634607710558548
2050-09-24 18:00:00,6403,117526.34545194118,0.5737387602802818
2050-09-24 19:00:00,6404,96158.74207434904,0.46942664009244195
2050-09-24 20:00:00,6405,75608.02584993995,0.36910239020511937
2050-09-24 21:00:00,6406,57243.968347828275,0.2794529456957961
2050-09-24 22:00:00,6407,42875.649243799475,0.20930985089984697
2050-09-24 23:00:00,6408,31791.407147499318,0.15519892543438804
2050-09-25 00:00:00,6409,9776.881809522916,0.04772866906762025
2050-09-25 01:00:00,6410,8160.172926084569,0.03983623825177958
2050-09-25 02:00:00,6411,13758.52139996956,0.0671661913841794
2050-09-25 03:00:00,6412,30884.176980418997,0.1507700196486433
2050-09-25 04:00:00,6413,56002.469864404535,0.2733922126913766
2050-09-25 05:00:00,6414,79782.7949435588,0.3894827299069845
2050-09-25 06:00:00,6415,102786.99406746664,0.5017843643689249
2050-09-25 07:00:00,6416,117918.4062730525,0.5756527182834332
2050-09-25 08:00:00,6417,125765.65422449735,0.6139613229963656
2050-09-25 09:00:00,6418,136810.74661400815,0.6678811278739063
2050-09-25 10:00:00,6419,155183.93750370858,0.7575751596496181
2050-09-25 11:00:00,6420,168212.99723586,0.8211802734613045
2050-09-25 12:00:00,6421,173625.79182082496,0.8476043917548451
2050-09-25 13:00:00,6422,172470.18156773152,0.8419629469245187
2050-09-25 14:00:00,6423,169502.0303756002,0.8274730606037174
2050-09-25 15:00:00,6424,162772.05890059727,0.7946187633315471
2050-09-25 16:00:00,6425,153572.29117669823,0.7497074431634682
2050-09-25 17:00:00,6426,137335.38840802363,0.6704423181443274
2050-09-25 18:00:00,6427,116005.28556887612,0.5663132676533654
2050-09-25 19:00:00,6428,90210.36123199626,0.4403879029731802
2050-09-25 20:00:00,6429,66670.12318528834,0.3254694398687202
2050-09-25 21:00:00,6430,47225.34582760441,0.23054414960956152
2050-09-25 22:00:00,6431,30405.029407206384,0.14843092254161447
2050-09-25 23:00:00,6432,19065.51217397843,0.09307379785139344
2050-09-26 00:00:00,6433,15080.516400773035,0.07361989136047853
2050-09-26 01:00:00,6434,12013.493344218805,0.058647333510136554
2050-09-26 02:00:00,6435,10939.71195829853,0.05340535990157349
2050-09-26 03:00:00,6436,17094.595244630615,0.08345219827462588
2050-09-26 04:00:00,6437,30845.032972342084,0.15057892688063385
2050-09-26 05:00:00,6438,46523.907682980884,0.2271198769499971
2050-09-26 06:00:00,6439,66896.5018573515,0.32657457266395823
2050-09-26 07:00:00,6440,90919.34545187565,0.4438490139760593
2050-09-26 08:00:00,6441,114828.86158419805,0.560570214587794
2050-09-26 09:00:00,6442,128997.1464542753,0.6297367845632048
2050-09-26 10:00:00,6443,134966.46063368523,0.6588777138063304
2050-09-26 11:00:00,6444,141654.95804662872,0.6915295434797825
2050-09-26 12:00:00,6445,149347.31942868553,0.7290820247213091
2050-09-26 13:00:00,6446,156786.38995180625,0.7653979935635307
2050-09-26 14:00:00,6447,164643.64810242795,0.8037554659515685
2050-09-26 15:00:00,6448,168069.1688365329,0.820478133637202
2050-09-26 16:00:00,6449,163142.15917474256,0.7964255145893265
2050-09-26 17:00:00,6450,146391.83069711455,0.7146539538547027
2050-09-26 18:00:00,6451,122983.0734681059,0.6003773522924979
2050-09-26 19:00:00,6452,96047.10694762836,0.4688816610159451
2050-09-26 20:00:00,6453,71579.69639655434,0.349436937853152
2050-09-26 21:00:00,6454,54296.668592338654,0.26506485167835325
2050-09-26 22:00:00,6455,39765.04677542055,0.19412454757853936
2050-09-26 23:00:00,6456,24693.009320107692,0.12054604863639987
2050-09-27 00:00:00,6457,12815.665809803722,0.06256336981813072
2050-09-27 01:00:00,6458,8170.331347673831,0.0398858295173517
2050-09-27 02:00:00,6459,12415.718138528557,0.0606109098806418
2050-09-27 03:00:00,6460,28957.380375264136,0.14136380616261388
2050-09-27 04:00:00,6461,57590.599967629154,0.28114512794696483
2050-09-27 05:00:00,6462,82408.87426332552,0.40230269369916044
2050-09-27 06:00:00,6463,106288.55395006629,0.5188782390943277
2050-09-27 07:00:00,6464,120999.67503901466,0.5906948206739683
2050-09-27 08:00:00,6465,129138.8770015741,0.6304286831174257
2050-09-27 09:00:00,6466,126580.73020448344,0.6179403515324199
2050-09-27 10:00:00,6467,125482.52368621794,0.6125791395939527
2050-09-27 11:00:00,6468,129881.49047427447,0.6340539650195909
2050-09-27 12:00:00,6469,136560.15835350085,0.666657808988499
2050-09-27 13:00:00,6470,142078.68723665125,0.6935980997617228
2050-09-27 14:00:00,6471,151850.26298795882,0.74130086577543
2050-09-27 15:00:00,6472,161128.62929542962,0.7865958876039736
2050-09-27 16:00:00,6473,160121.28052401228,0.7816782239681279
2050-09-27 17:00:00,6474,148008.8696936068,0.7225479962126496
2050-09-27 18:00:00,6475,123476.19525034574,0.6027846685322867
2050-09-27 19:00:00,6476,94700.62659200853,0.46230842871637545
2050-09-27 20:00:00,6477,70121.69546110429,0.34231928567077674
2050-09-27 21:00:00,6478,48822.65780294743,0.23834188882275695
2050-09-27 22:00:00,6479,31381.912629818802,0.15319985981201945
2050-09-27 23:00:00,6480,18107.901059109536,0.08839894293471294
2050-09-28 00:00:00,6481,11047.417713641331,0.05393115661811224
2050-09-28 01:00:00,6482,8795.60202940126,0.04293826873337921
2050-09-28 02:00:00,6483,14239.896394274325,0.06951616228985416
2050-09-28 03:00:00,6484,29645.471930755673,0.14472292359699782
2050-09-28 04:00:00,6485,58564.00233431611,0.285897072414984
2050-09-28 05:00:00,6486,87094.27969693193,0.4251758520072021
2050-09-28 06:00:00,6487,110282.08827479322,0.5383738289877659
2050-09-28 07:00:00,6488,124985.54978987075,0.6101530181478596
2050-09-28 08:00:00,6489,134399.31156879725,0.6561090120303018
2050-09-28 09:00:00,6490,132805.26780054855,0.6483272275128763
2050-09-28 10:00:00,6491,130959.39007167084,0.6393160428655298
2050-09-28 11:00:00,6492,135077.0011777664,0.6594173493618984
2050-09-28 12:00:00,6493,141942.14486846412,0.6929315288005636
2050-09-28 13:00:00,6494,149502.8674170653,0.7298413771003346
2050-09-28 14:00:00,6495,159612.5788444556,0.7791948499649713
2050-09-28 15:00:00,6496,168555.78073497166,0.8228536700011916
2050-09-28 16:00:00,6497,165356.99610145637,0.8072378800012622
2050-09-28 17:00:00,6498,153869.39587731255,0.751157845470699
2050-09-28 18:00:00,6499,128307.153985363,0.6263683872715664
2050-09-28 19:00:00,6500,98249.40729956639,0.47963282552145964
2050-09-28 20:00:00,6501,73105.0562838611,0.35688342219127445
2050-09-28 21:00:00,6502,50785.02281436272,0.24792173974500997
2050-09-28 22:00:00,6503,32070.654507014857,0.1565621519794141
2050-09-28 23:00:00,6504,19050.33074662164,0.09299968533408955
2050-09-29 00:00:00,6505,12320.608119879182,0.06014660288649264
2050-09-29 01:00:00,6506,8772.907775876265,0.04282748018777399
2050-09-29 02:00:00,6507,15277.6580229442,0.07458229506212669
2050-09-29 03:00:00,6508,33404.20841513214,0.16307228009637323
2050-09-29 04:00:00,6509,60935.184275462074,0.29747268111855246
2050-09-29 05:00:00,6510,89950.37915956213,0.43911872548484887
2050-09-29 06:00:00,6511,116073.02872439635,0.5666439754101343
2050-09-29 07:00:00,6512,132925.98397353044,0.6489165383364714
2050-09-29 08:00:00,6513,142277.9050324279,0.6945706389037776
2050-09-29 09:00:00,6514,140108.2010945697,0.6839786031972725
2050-09-29 10:00:00,6515,138087.63618041936,0.6741146326598367
2050-09-29 11:00:00,6516,142125.52668536486,0.6938267600432436
2050-09-29 12:00:00,6517,148905.7592421603,0.7269264212859099
2050-09-29 13:00:00,6518,156711.74475693528,0.7650335915105148
2050-09-29 14:00:00,6519,167114.79066923267,0.815819061286745
2050-09-29 15:00:00,6520,177198.43284739307,0.8650452695905968
2050-09-29 16:00:00,6521,175980.1747815697,0.8590979913892783
2050-09-29 17:00:00,6522,163758.2134237718,0.7994329611303064
2050-09-29 18:00:00,6523,139285.7531758526,0.6799635864155859
2050-09-29 19:00:00,6524,104930.23712626037,0.512247223660627
2050-09-29 20:00:00,6525,76734.23892469304,0.37460032422864015
2050-09-29 21:00:00,6526,54701.18514503367,0.2670396159285613
2050-09-29 22:00:00,6527,35767.73355259826,0.17461050990388147
2050-09-29 23:00:00,6528,21222.492215040787,0.1036037181849963
2050-09-30 00:00:00,6529,16903.474918870543,0.08251918926848106
2050-09-30 01:00:00,6530,13108.988462082816,0.06399530896533707
2050-09-30 02:00:00,6531,13023.475410925083,0.06357785233660965
2050-09-30 03:00:00,6532,19129.098537833717,0.09338421303046476
2050-09-30 04:00:00,6533,31989.587399341846,0.15616639950640931
2050-09-30 05:00:00,6534,50449.50019911202,0.24628378930436898
2050-09-30 06:00:00,6535,75744.07705860148,0.3697665634293606
2050-09-30 07:00:00,6536,103850.14641283231,0.5069744492496686
2050-09-30 08:00:00,6537,131146.619569393,0.6402300576721497
2050-09-30 09:00:00,6538,148806.22343583574,0.726440508532437
2050-09-30 10:00:00,6539,156191.515825204,0.7624939439003924
2050-09-30 11:00:00,6540,162133.13889324357,0.7914996909948064
2050-09-30 12:00:00,6541,171503.3703222926,0.8372431789163322
2050-09-30 13:00:00,6542,181515.70104826734,0.8861212597938315
2050-09-30 14:00:00,6543,187995.55127334915,0.917754518027498
2050-09-30 15:00:00,6544,193283.15101990962,0.9435674616001413
2050-09-30 16:00:00,6545,188260.61383818358,0.9190484974051432
2050-09-30 17:00:00,6546,168940.6441771057,0.8247324919225071
2050-09-30 18:00:00,6547,143396.88925119746,0.7000332831813755
2050-09-30 19:00:00,6548,110365.37389518788,0.538780411770636
2050-09-30 20:00:00,6549,85440.63890083996,0.41710312740532396
2050-09-30 21:00:00,6550,63201.9037922575,0.3085383263614834
2050-09-30 22:00:00,6551,45321.79735558561,0.22125142859224636
2050-09-30 23:00:00,6552,30884.128967937417,0.15076978526186346
2050-10-01 00:00:00,6553,20649.854871293042,0.1008082237924103
2050-10-01 01:00:00,6554,20930.065606186872,0.10217615333226784
2050-10-01 02:00:00,6555,12265.23033240222,0.05987626024108902
2050-10-01 03:00:00,6556,13607.480486306871,0.06642884159062296
2050-10-01 04:00:00,6557,24878.96768371871,0.12145385803514921
2050-10-01 05:00:00,6558,40067.89465323787,0.19560298686212513
2050-10-01 06:00:00,6559,60700.94607754258,0.29632917978046674
2050-10-01 07:00:00,6560,85510.34994091745,0.4174434419582705
2050-10-01 08:00:00,6561,114213.7421634999,0.5575673316809993
2050-10-01 09:00:00,6562,144229.65711546913,0.7040986797544687
2050-10-01 10:00:00,6563,168910.50267171903,0.8245853474684952
2050-10-01 11:00:00,6564,178021.0175075235,0.869060953914941
2050-10-01 12:00:00,6565,178425.58312865172,0.8710359577068614
2050-10-01 13:00:00,6566,174669.40869890025,0.8526991086162602
2050-10-01 14:00:00,6567,169141.03291599496,0.8257107473611691
2050-10-01 15:00:00,6568,162090.84614430496,0.7912932267399062
2050-10-01 16:00:00,6569,153639.536487953,0.750035720549833
2050-10-01 17:00:00,6570,140325.41641293064,0.6850390024378943
2050-10-01 18:00:00,6571,121348.74277825991,0.5923988955449963
2050-10-01 19:00:00,6572,99286.18484086065,0.48469415418731054
2050-10-01 20:00:00,6573,78067.08228228927,0.38110698358824535
2050-10-01 21:00:00,6574,59105.756789775754,0.2885418030790447
2050-10-01 22:00:00,6575,44270.126086436874,0.21611739189721002
2050-10-01 23:00:00,6576,32825.382883650396,0.16024657628014496
2050-10-02 00:00:00,6577,10094.86265528703,0.04928098429992006
2050-10-02 01:00:00,6578,8425.572342989994,0.041131862069987174
2050-10-02 02:00:00,6579,14206.000096082862,0.06935068773155256
2050-10-02 03:00:00,6580,31888.646188602444,0.15567362586584294
2050-10-02 04:00:00,6581,57823.88011986702,0.28228395230867087
2050-10-02 05:00:00,6582,82377.63051637106,0.4021501683349519
2050-10-02 06:00:00,6583,106130.01243017473,0.5181042729276291
2050-10-02 07:00:00,6584,121753.55488489152,0.5943751026270095
2050-10-02 08:00:00,6585,129856.02476150352,0.6339296467961435
2050-10-02 09:00:00,6586,141260.34495845975,0.6896031258486904
2050-10-02 10:00:00,6587,160231.10088620783,0.7822143437480573
2050-10-02 11:00:00,6588,173683.91448860383,0.847888134325308
2050-10-02 12:00:00,6589,179272.75344599274,0.8751716640095494
2050-10-02 13:00:00,6590,178079.55841390442,0.8693467382377965
2050-10-02 14:00:00,6591,175014.87181745764,0.8543855864915101
2050-10-02 15:00:00,6592,168066.0164392135,0.8204627443002582
2050-10-02 16:00:00,6593,158567.03778240937,0.7740907396443979
2050-10-02 17:00:00,6594,141802.0500681522,0.6922476156171529
2050-10-02 18:00:00,6595,119778.21232018995,0.5847318980345193
2050-10-02 19:00:00,6596,93144.34034930341,0.4547109684524892
2050-10-02 20:00:00,6597,68838.48551548024,0.3360549261303643
2050-10-02 21:00:00,6598,48761.29111166424,0.2380423096156955
2050-10-02 22:00:00,6599,31393.91494467725,0.15325845257452644
2050-10-02 23:00:00,6600,19685.594103885727,0.09610090667851762
2050-10-03 00:00:00,6601,15570.9913283905,0.07601428621584207
2050-10-03 01:00:00,6602,12404.217183784243,0.06055476465216841
2050-10-03 02:00:00,6603,11295.512398550105,0.05514230239486826
2050-10-03 03:00:00,6604,17650.575561932823,0.08616637658726342
2050-10-03 04:00:00,6605,31848.229073070856,0.15547631805651704
2050-10-03 05:00:00,6606,48037.03956538904,0.23450666675457266
2050-10-03 06:00:00,6607,69072.22687686532,0.3371960020175758
2050-10-03 07:00:00,6608,93876.38339664481,0.45828464777382233
2050-10-03 08:00:00,6609,118563.52662588072,0.5788020593953339
2050-10-03 09:00:00,6610,133192.61722967488,0.6502181854968723
2050-10-03 10:00:00,6611,139356.0758855134,0.6803068870100626
2050-10-03 11:00:00,6612,146262.1083020796,0.7140206765599673
2050-10-03 12:00:00,6613,154204.65411108872,0.7527945052569012
2050-10-03 13:00:00,6614,161885.67110089367,0.7902916055749276
2050-10-03 14:00:00,6615,169998.4767419702,0.8298966067600405
2050-10-03 15:00:00,6616,173535.40825044079,0.8471631582814269
2050-10-03 16:00:00,6617,168448.15375775215,0.8223282578627883
2050-10-03 17:00:00,6618,151153.04180943023,0.7378971794524027
2050-10-03 18:00:00,6619,126982.94404609251,0.6199038744341571
2050-10-03 19:00:00,6620,99170.91891397527,0.4841314503123669
2050-10-03 20:00:00,6621,73907.73645269895,0.36080193699916424
2050-10-03 21:00:00,6622,56062.59979266304,0.27368575428294156
2050-10-03 22:00:00,6623,41058.35516147369,0.20043820556918662
2050-10-03 23:00:00,6624,25496.11855330466,0.1244666580457386
2050-10-04 00:00:00,6625,13232.47930447919,0.06459816513813822
2050-10-04 01:00:00,6626,8436.061152975512,0.04118306622182875
2050-10-04 02:00:00,6627,12819.523838651226,0.06258220389894538
2050-10-04 03:00:00,6628,29899.182937711153,0.14596148707006712
2050-10-04 04:00:00,6629,59463.66216492012,0.2902890214192674
2050-10-04 05:00:00,6630,85089.11978429114,0.4153870854287953
2050-10-04 06:00:00,6631,109745.45616818927,0.5357541045473811
2050-10-04 07:00:00,6632,124935.03805835794,0.6099064305584444
2050-10-04 08:00:00,6633,133338.95738118474,0.6509325871638655
2050-10-04 09:00:00,6634,130697.61006818085,0.6380380882580674
2050-10-04 10:00:00,6635,129563.68575448335,0.6325025095970386
2050-10-04 11:00:00,6636,134105.72343197846,0.6546757768437258
2050-10-04 12:00:00,6637,141001.60662779986,0.6883400200446348
2050-10-04 13:00:00,6638,146699.6187561561,0.7161565100581182
2050-10-04 14:00:00,6639,156789.0027815059,0.7654107488454799
2050-10-04 15:00:00,6640,166369.1363400196,0.812178934566262
2050-10-04 16:00:00,6641,165329.02481147725,0.8071013300798437
2050-10-04 17:00:00,6642,152822.6729773394,0.746047965667339
2050-10-04 18:00:00,6643,127492.10399311343,0.622389485602145
2050-10-04 19:00:00,6644,97780.6459772176,0.47734443189433273
2050-10-04 20:00:00,6645,72402.31586246868,0.35345279209197134
2050-10-04 21:00:00,6646,50410.55365315588,0.24609366050466752
2050-10-04 22:00:00,6647,32402.57006808981,0.15818249354450387
2050-10-04 23:00:00,6648,18696.837879691175,0.09127400792566931
2050-10-05 00:00:00,6649,11406.721154236682,0.0556852000181592
2050-10-05 01:00:00,6650,9081.667983709338,0.04433478221596876
2050-10-05 02:00:00,6651,14703.031209501885,0.07177708849928825
2050-10-05 03:00:00,6652,30609.653807486284,0.14942985558329314
2050-10-05 04:00:00,6653,60468.723231285956,0.2951955169629284
2050-10-05 05:00:00,6654,89926.9121650949,0.4390041645814075
2050-10-05 06:00:00,6655,113868.87520275966,0.5558837641221183
2050-10-05 07:00:00,6656,129050.54840196705,0.6299974815766906
2050-10-05 08:00:00,6657,138770.48100752788,0.677448136676
2050-10-05 09:00:00,6658,137124.59295629436,0.6694132593347235
2050-10-05 10:00:00,6659,135218.68036381542,0.6601089971813615
2050-10-05 11:00:00,6660,139470.2116219549,0.680864073534308
2050-10-05 12:00:00,6661,146558.63551693113,0.7154682597038492
2050-10-05 13:00:00,6662,154365.26110512452,0.7535785546314996
2050-10-05 14:00:00,6663,164803.77825122938,0.8045371874685913
2050-10-05 15:00:00,6664,174037.84658592654,0.8496159559636007
2050-10-05 16:00:00,6665,170735.02549269216,0.8334922819722679
2050-10-05 17:00:00,6666,158873.80544426324,0.7755883144845693
2050-10-05 18:00:00,6667,132480.18361942543,0.6467402352997934
2050-10-05 19:00:00,6668,101444.84632985943,0.49523228299409283
2050-10-05 20:00:00,6669,75482.7067662965,0.3684906089452447
2050-10-05 21:00:00,6670,52436.74213803356,0.25598508412494225
2050-10-05 22:00:00,6671,33113.71241170768,0.16165414005100545
2050-10-05 23:00:00,6672,19669.918912386784,0.09602438370910871
2050-10-06 00:00:00,6673,12721.320481798657,0.06210279588196594
2050-10-06 01:00:00,6674,9058.235622481754,0.04422039038467804
2050-10-06 02:00:00,6675,15774.544733510558,0.07700799088567857
2050-10-06 03:00:00,6676,34490.63849394703,0.16837600194829924
2050-10-06 04:00:00,6677,62917.02489274562,0.3071476078293327
2050-10-06 05:00:00,6678,92875.90268827588,0.45340051256910213
2050-10-06 06:00:00,6679,119848.15873714615,0.5850733616476027
2050-10-06 07:00:00,6680,137249.23527074998,0.6700217367505679
2050-10-06 08:00:00,6681,146905.3158584741,0.7171606798042576
2050-10-06 09:00:00,6682,144665.0450219406,0.7062241514241558
2050-10-06 10:00:00,6683,142578.7637554045,0.6960393675541608
2050-10-06 11:00:00,6684,146747.98159966897,0.716392607230833
2050-10-06 12:00:00,6685,153748.7327357172,0.7505687935351162
2050-10-06 13:00:00,6686,161808.59815959106,0.7899153517773295
2050-10-06 14:00:00,6687,172549.9901249186,0.8423525554202496
2050-10-06 15:00:00,6688,182961.59014745307,0.8931797845533614
2050-10-06 16:00:00,6689,181703.70975996286,0.8870390785582565
2050-10-06 17:00:00,6690,169084.24440512652,0.825433517862553
2050-10-06 18:00:00,6691,143815.84800948435,0.7020785512245853
2050-10-06 19:00:00,6692,108342.96179149495,0.5289074236445557
2050-10-06 20:00:00,6693,79229.92402406322,0.38678373101676444
2050-10-06 21:00:00,6694,56480.27274616955,0.27572474529917645
2050-10-06 22:00:00,6695,36931.034327768066,0.18028949823634807
2050-10-06 23:00:00,6696,21912.72721507418,0.10697329946226963
2050-10-07 00:00:00,6697,17453.239288408753,0.08520302263888145
2050-10-07 01:00:00,6698,13535.341911049349,0.06607667632438007
2050-10-07 02:00:00,6699,13447.047656709738,0.06564564244997617
2050-10-07 03:00:00,6700,19751.248532572954,0.09642141771267825
2050-10-07 04:00:00,6701,33030.00869848888,0.16124551622739944
2050-10-07 05:00:00,6702,52090.3070647173,0.25429386137213955
2050-10-07 06:00:00,6703,78207.5583829662,0.3817927581993886
2050-10-07 07:00:00,6704,107227.7424802139,0.5234631588489941
2050-10-07 08:00:00,6705,135411.9992697191,0.6610527391907415
2050-10-07 09:00:00,6706,153645.95965339665,0.7500670770849531
2050-10-07 10:00:00,6707,161271.44943321325,0.7872931053084801
2050-10-07 11:00:00,6708,167406.31635552633,0.8172422280260901
2050-10-07 12:00:00,6709,177081.3028387641,0.8644734656628563
2050-10-07 13:00:00,6710,187419.27209576254,0.9149412449724017
2050-10-07 14:00:00,6711,194109.87133886624,0.947603335336134
2050-10-07 15:00:00,6712,199569.44365421333,0.9742558126153553
2050-10-07 16:00:00,6713,194383.55472957878,0.9489393997623091
2050-10-07 17:00:00,6714,174435.227237303,0.8515558842528993
2050-10-07 18:00:00,6715,148060.6936453128,0.7228009897834978
2050-10-07 19:00:00,6716,113954.8695776094,0.5563035704713044
2050-10-07 20:00:00,6717,88219.48876585432,0.43066888468661646
2050-10-07 21:00:00,6718,65257.46662969713,0.31857314935794157
2050-10-07 22:00:00,6719,46795.83210033829,0.22844735444029626
2050-10-07 23:00:00,6720,31888.596615316437,0.155673383859546
2050-10-08 00:00:00,6721,20883.0026501022,0.10194640193503593
2050-10-08 01:00:00,6722,21166.377011809775,0.10332977563185357
2050-10-08 02:00:00,6723,12403.711201558106,0.06055229455396165
2050-10-08 03:00:00,6724,13761.116105388703,0.06717885818722467
2050-10-08 04:00:00,6725,25159.864271820494,0.1228251357653019
2050-10-08 05:00:00,6726,40520.28229533511,0.1978114476454916
2050-10-08 06:00:00,6727,61386.291709149446,0.2996748921952412
2050-10-08 07:00:00,6728,86475.80679369217,0.4221565981079406
2050-10-08 08:00:00,6729,115503.27539897204,0.5638625601849993
2050-10-08 09:00:00,6730,145858.08583575225,0.7120483243349011
2050-10-08 10:00:00,6731,170817.59102496543,0.8338953494372365
2050-10-08 11:00:00,6732,180030.968453502,0.8788731093047419
2050-10-08 12:00:00,6733,180440.10178798906,0.8808704117071546
2050-10-08 13:00:00,6734,176641.51820132957,0.8623265300825683
2050-10-08 14:00:00,6735,171050.72414686723,0.8350334560279405
2050-10-08 15:00:00,6736,163920.93706147306,0.8002273435115843
2050-10-08 16:00:00,6737,155374.20768693174,0.7585040184397128
2050-10-08 17:00:00,6738,141909.76416542323,0.6927734530572208
2050-10-08 18:00:00,6739,122718.83386611466,0.5990873904453867
2050-10-08 19:00:00,6740,100407.17800936048,0.490166605732575
2050-10-08 20:00:00,6741,78948.50068684846,0.3854098818088559
2050-10-08 21:00:00,6742,59773.091847125266,0.29179959167974484
2050-10-08 22:00:00,6743,44769.95906630678,0.2185574707843309
2050-10-08 23:00:00,6744,33195.99872531796,0.16205584442951945
2050-10-09 00:00:00,6745,10208.83898091352,0.0498373926142838
2050-10-09 01:00:00,6746,8520.70143580834,0.04159626218019484
2050-10-09 02:00:00,6747,14366.393252784344,0.07013369319751407
2050-10-09 03:00:00,6748,32248.685809943912,0.15743126314458147
2050-10-09 04:00:00,6749,58476.742142144525,0.28547108661336806
2050-10-09 05:00:00,6750,83307.71728294644,0.40669065520498954
2050-10-09 06:00:00,6751,107328.27609791358,0.5239539427065513
2050-10-09 07:00:00,6752,123128.21654519298,0.6010859100953546
2050-10-09 08:00:00,6753,131322.16749583537,0.6410870455185727
2050-10-09 09:00:00,6754,142855.2484901871,0.6973891075495686
2050-10-09 10:00:00,6755,162040.19430386866,0.7910459551683612
2050-10-09 11:00:00,6756,175644.89716051554,0.8574612369584858
2050-10-09 12:00:00,6757,181296.8370248613,0.8850528119239003
2050-10-09 13:00:00,6758,180090.1702160328,0.8791621197875423
2050-10-09 14:00:00,6759,176990.8817089907,0.8640320488324441
2050-10-09 15:00:00,6760,169963.57013296607,0.8297262000780442
2050-10-09 16:00:00,6761,160357.3430034886,0.7828306310629168
2050-10-09 17:00:00,6762,143403.0697676052,0.7000634551552255
2050-10-09 18:00:00,6763,121130.57137606826,0.5913338289053359
2050-10-09 19:00:00,6764,94195.98894560484,0.4598448944634806
2050-10-09 20:00:00,6765,69615.70823982137,0.33984916307877255
2050-10-09 21:00:00,6766,49311.831664553596,0.24072993214904417
2050-10-09 22:00:00,6767,31748.36872319,0.1549888209500472
2050-10-09 23:00:00,6768,19907.854765119664,0.09718593621589552
2050-10-10 00:00:00,6769,15746.795978560462,0.076872527333203
2050-10-10 01:00:00,6770,12544.26730221826,0.06123845970810204
2050-10-10 02:00:00,6771,11423.044706517005,0.05576488814776681
2050-10-10 03:00:00,6772,17849.859877634623,0.08713924046552303
2050-10-10 04:00:00,6773,32207.812328190987,0.1572317274518899
2050-10-10 05:00:00,6774,48579.40299212999,0.237154370287624
2050-10-10 06:00:00,6775,69852.088571589,0.3410031218612182
2050-10-10 07:00:00,6776,94936.29710167984,0.46345892229748265
2050-10-10 08:00:00,6777,119902.17111779557,0.585337038665674
2050-10-10 09:00:00,6778,134696.43188863498,0.6575594905872777
2050-10-10 10:00:00,6779,140929.4792015675,0.6879879092055746
2050-10-10 11:00:00,6780,147913.48443475098,0.7220823455540292
2050-10-10 12:00:00,6781,155945.70578455948,0.761293951273705
2050-10-10 13:00:00,6782,163713.44539985585,0.7992144131065166
2050-10-10 14:00:00,6783,171917.84886881962,0.8392665755133482
2050-10-10 15:00:00,6784,175494.71421061642,0.8567280755625535
2050-10-10 16:00:00,6785,170350.02204041247,0.8316127765510353
2050-10-10 17:00:00,6786,152859.63913580406,0.7462284266341825
2050-10-10 18:00:00,6787,128416.64821454382,0.626902914939099
2050-10-10 19:00:00,6788,100290.61077788714,0.48959754916387427
2050-10-10 20:00:00,6789,74742.19367639373,0.3648755806676414
2050-10-10 21:00:00,6790,56695.576081652056,0.2767758106437928
2050-10-10 22:00:00,6791,41521.92561196056,0.20270125845781464
2050-10-10 23:00:00,6792,25783.983086082524,0.12587195180799696
2050-10-11 00:00:00,6793,13381.880946181012,0.06532751235270719
2050-10-11 01:00:00,6794,8531.308692864879,0.04164804456558418
2050-10-11 02:00:00,6795,12964.262951844528,0.06328878963551582
2050-10-11 03:00:00,6796,30236.760431080012,0.14760946899104987
2050-10-11 04:00:00,6797,60135.038226181576,0.29356653734634536
2050-10-11 05:00:00,6798,86049.82062709927,0.42007702374376105
2050-10-11 06:00:00,6799,110984.54007101821,0.5418030500800493
2050-10-11 07:00:00,6800,126345.6203881542,0.6167925951376155
2050-10-11 08:00:00,6801,134844.42436354168,0.6582819585476083
2050-10-11 09:00:00,6802,132173.2547379871,0.6452418734197105
2050-10-11 10:00:00,6803,131026.52786106986,0.6396437953529369
2050-10-11 11:00:00,6804,135619.84754542765,0.662067410510375
2050-10-11 12:00:00,6805,142593.58887570215,0.6961117406557651
2050-10-11 13:00:00,6806,148355.93457711616,0.7242422935656028
2050-10-11 14:00:00,6807,158559.23305407478,0.774052638611461
2050-10-11 15:00:00,6808,168247.5314027326,0.8213488619595906
2050-10-11 16:00:00,6809,167195.67645096456,0.8162139285648579
2050-10-11 17:00:00,6810,154548.12129596426,0.7544712394060799
2050-10-11 18:00:00,6811,128931.5569060618,0.629416590261794
2050-10-11 19:00:00,6812,98884.64081715296,0.4827339011948935
2050-10-11 20:00:00,6813,73219.77607783103,0.35744345996083854
2050-10-11 21:00:00,6814,50979.71535227372,0.24887218753531037
2050-10-11 22:00:00,6815,32768.412146867224,0.1599684571931561
2050-10-11 23:00:00,6816,18907.935052735316,0.0923045396749148
2050-10-12 00:00:00,6817,11535.508987667716,0.05631391498081513
2050-10-12 01:00:00,6818,9184.204727567705,0.044835344911747746
2050-10-12 02:00:00,6819,14869.036112191381,0.07258748932221239
2050-10-12 03:00:00,6820,30955.252928052403,0.15111699739158363
2050-10-12 04:00:00,6821,61151.44687616884,0.29852842939309765
2050-10-12 05:00:00,6822,90942.23425215509,0.4439607522577708
2050-10-12 06:00:00,6823,115154.51462961796,0.5621599838760521
2050-10-12 07:00:00,6824,130507.59694830042,0.6371104843968398
2050-10-12 08:00:00,6825,140337.27264122077,0.6850968820366738
2050-10-12 09:00:00,6826,138672.80170818072,0.6769712869969177
2050-10-12 10:00:00,6827,136745.37036367416,0.667561974847628
2050-10-12 11:00:00,6828,141044.90359808612,0.6885513866957496
2050-10-12 12:00:00,6829,148213.3595831406,0.7235462726013165
2050-10-12 13:00:00,6830,156108.12608697446,0.7620868528362745
2050-10-12 14:00:00,6831,166664.4995087816,0.8136208350833444
2050-10-12 15:00:00,6832,176002.82542818467,0.8592085670551722
2050-10-12 16:00:00,6833,172662.7136327955,0.8429028477433456
2050-10-12 17:00:00,6834,160667.57419496437,0.7843451141221247
2050-10-12 18:00:00,6835,133975.95452355078,0.6540422724804452
2050-10-12 19:00:00,6836,102590.21201896225,0.5008237160298639
2050-10-12 20:00:00,6837,76334.94616457538,0.37265106142890064
2050-10-12 21:00:00,6838,53028.78046774597,0.2588752900274691
2050-10-12 22:00:00,6839,33487.583680738746,0.16347930050820705
2050-10-12 23:00:00,6840,19892.00269868616,0.09710854978046723
2050-10-13 00:00:00,6841,12864.950884265036,0.06280396912727301
2050-10-13 01:00:00,6842,9160.507883704206,0.044719661932169696
2050-10-13 02:00:00,6843,15952.647632627984,0.07787745156829412
2050-10-13 03:00:00,6844,34880.05595385804,0.17027705562117296
2050-10-13 04:00:00,6845,63627.39122807362,0.31061546602749807
2050-10-13 05:00:00,6846,93924.52043812445,0.4585196426287707
2050-10-13 06:00:00,6847,121201.30752382067,0.5916791478171289
2050-10-13 07:00:00,6848,138798.85131462748,0.6775866345146038
2050-10-13 08:00:00,6849,148563.95415181768,0.7252578011306882
2050-10-13 09:00:00,6850,146298.38937732912,0.7141977930954576
2050-10-13 10:00:00,6851,144188.55299981026,0.7038980181558301
2050-10-13 11:00:00,6852,148404.84345755246,0.7244810563750844
2050-10-13 12:00:00,6853,155484.63676273436,0.7590431098307219
2050-10-13 13:00:00,6854,163635.5023362609,0.7988339115559285
2050-10-13 14:00:00,6855,174498.1702338262,0.8518631586487352
2050-10-13 15:00:00,6856,185027.32269175572,0.9032642539077114
2050-10-13 16:00:00,6857,183755.2402099031,0.8970542162918405
2050-10-13 17:00:00,6858,170993.2944154763,0.8347530962263594
2050-10-13 18:00:00,6859,145439.60454762296,0.71000538720001
2050-10-13 19:00:00,6860,109566.21076387329,0.5348790663960395
2050-10-13 20:00:00,6861,80124.47158222839,0.3911507229883076
2050-10-13 21:00:00,6862,57117.96469248173,0.27883782250166195
2050-10-13 22:00:00,6863,37348.00515827774,0.18232506163661977
2050-10-13 23:00:00,6864,22160.133478422395,0.10818108451057631
2050-10-14 00:00:00,6865,17650.295549058712,0.08616500962363806
2050-10-14 01:00:00,6866,13688.163000474304,0.0668227165594796
2050-10-14 02:00:00,6867,13598.871831011611,0.0663868159563042
2050-10-14 03:00:00,6868,19974.25049755192,0.09751006613814482
2050-10-14 04:00:00,6869,33402.934898400905,0.16306606305705523
2050-10-14 05:00:00,6870,52678.434031635625,0.25716497282880524
2050-10-14 06:00:00,6871,79090.56288522799,0.38610339941350474
2050-10-14 07:00:00,6872,108438.40002427857,0.5293733329106871
2050-10-14 08:00:00,6873,136940.87189677896,0.6685163719813525
2050-10-14 09:00:00,6874,155380.7032953764,0.7585357286262415
2050-10-14 10:00:00,6875,163092.2889125289,0.7961820585173514
2050-10-14 11:00:00,6876,169296.42172640708,0.8264693226670246
2050-10-14 12:00:00,6877,179080.64386530293,0.8742338256700768
2050-10-14 13:00:00,6878,189535.33419230432,0.9252714125554857
2050-10-14 14:00:00,6879,196301.473852526,0.9583022752578936
2050-10-14 15:00:00,6880,201822.68755960002,0.9852556727736403
2050-10-14 16:00:00,6881,196578.2473075113,0.9596534247242633
2050-10-14 17:00:00,6882,176404.6926075724,0.8611703976252679
2050-10-14 18:00:00,6883,149732.37666504006,0.730961792705019
2050-10-14 19:00:00,6884,115241.48001647461,0.5625845305004755
2050-10-14 20:00:00,6885,89215.5332253921,0.43553136306286216
2050-10-14 21:00:00,6886,65994.25772062104,0.32217000762377695
2050-10-14 22:00:00,6887,47324.181693137994,0.23102664540013856
2050-10-14 23:00:00,6888,32248.635666031976,0.15743101835260942
2050-10-15 00:00:00,6889,20850.117076928822,0.10178586152249229
2050-10-15 01:00:00,6890,21133.04513851583,0.10316705647651911
2050-10-15 02:00:00,6891,12384.178382597793,0.0604569394632203
2050-10-15 03:00:00,6892,13739.445728742316,0.06707306799197872
2050-10-15 04:00:00,6893,25120.243636724033,0.12263171620499526
2050-10-15 05:00:00,6894,40456.47281547224,0.1974999432612629
2050-10-15 06:00:00,6895,61289.623377918455,0.29920297784867017
2050-10-15 07:00:00,6896,86339.62863500134,0.42149180514050777
2050-10-15 08:00:00,6897,115321.38609409834,0.5629746150703513
2050-10-15 09:00:00,6898,145628.39516369926,0.7109270230562399
2050-10-15 10:00:00,6899,170548.59520544612,0.8325821687421499
2050-10-15 11:00:00,6900,179747.4638744146,0.8774890999142185
2050-10-15 12:00:00,6901,180155.9528993176,0.879483256933521
2050-10-15 13:00:00,6902,176363.35116504077,0.860968577447034
2050-10-15 14:00:00,6903,170781.36123847193,0.8337184832826049
2050-10-15 15:00:00,6904,163662.80181969638,0.7989671818598961
2050-10-15 16:00:00,6905,155129.53145356177,0.7573095608203262
2050-10-15 17:00:00,6906,141686.29111074164,0.6916825048714671
2050-10-15 18:00:00,6907,122525.58179583034,0.5981439747133639
2050-10-15 19:00:00,6908,100249.06130152999,0.48939471340850577
2050-10-15 20:00:00,6909,78824.17616509712,0.38480295578977686
2050-10-15 21:00:00,6910,59678.96388318883,0.291340078868988
2050-10-15 22:00:00,6911,44699.457352412224,0.21821329632904643
2050-10-15 23:00:00,6912,33143.72317625245,0.16180064625588036
2050-10-16 00:00:00,6913,10192.762574129249,0.0497589109967137
2050-10-16 01:00:00,6914,8507.283394290298,0.0415307581395787
2050-10-16 02:00:00,6915,14343.76967809684,0.07002324969104406
2050-10-16 03:00:00,6916,32197.902062596408,0.15718334763139588
2050-10-16 04:00:00,6917,58384.655625612046,0.285021539717047
2050-10-16 05:00:00,6918,83176.52806776995,0.406050217204573
2050-10-16 06:00:00,6919,107159.26040665836,0.5231288438506668
2050-10-16 07:00:00,6920,122934.31981467664,0.6001393472684323
2050-10-16 08:00:00,6921,131115.36726348632,0.6400774905249467
2050-10-16 09:00:00,6922,142630.28649895047,0.6962908906904809
2050-10-16 10:00:00,6923,161785.0207718184,0.7898002519571207
2050-10-16 11:00:00,6924,175368.29951223521,0.8561109457432646
2050-10-16 12:00:00,6925,181011.33894489522,0.8836590706837362
2050-10-16 13:00:00,6926,179806.5723527102,0.8777776550031134
2050-10-16 14:00:00,6927,176712.16447162803,0.8626714102316413
2050-10-16 15:00:00,6928,169695.91920565546,0.8284195848622598
2050-10-16 16:00:00,6929,160104.81952225982,0.7815978648392695
2050-10-16 17:00:00,6930,143177.24511002164,0.6989610269414963
2050-10-16 18:00:00,6931,120939.82047518529,0.5904026233533034
2050-10-16 19:00:00,6932,94047.65338175865,0.4591207516155147
2050-10-16 20:00:00,6933,69506.08059298764,0.3393139840944779
2050-10-16 21:00:00,6934,49234.17759261184,0.24035084139458185
2050-10-16 22:00:00,6935,31698.37281557172,0.15474475150378225
2050-10-16 23:00:00,6936,19876.504751874734,0.09703289208213343
2050-10-17 00:00:00,6937,15721.998621878203,0.0767514718828153
2050-10-17 01:00:00,6938,12524.51314996257,0.06114202411502726
2050-10-17 02:00:00,6939,11405.056232106514,0.0556770722204705
2050-10-17 03:00:00,6940,17821.75074770886,0.08700201763863985
2050-10-17 04:00:00,6941,32157.09292683282,0.15698412606221432
2050-10-17 05:00:00,6942,48502.902345801725,0.23678091031304355
2050-10-17 06:00:00,6943,69742.08863269186,0.3404661254258141
2050-10-17 07:00:00,6944,94786.79571083098,0.46272908812867597
2050-10-17 08:00:00,6945,119713.35457766026,0.5844152762536712
2050-10-17 09:00:00,6946,134484.31804043354,0.6565239956449531
2050-10-17 10:00:00,6947,140707.54981537737,0.6869044968828919
2050-10-17 11:00:00,6948,147680.55699749652,0.7209452430722687
2050-10-17 12:00:00,6949,155700.1295815504,0.7600951001928945
2050-10-17 13:00:00,6950,163455.63686014965,0.7979558463452352
2050-10-17 14:00:00,6951,171647.12039893237,0.8379449363856412
2050-10-17 15:00:00,6952,175218.35306461935,0.8553789389014562
2050-10-17 16:00:00,6953,170081.76257796414,0.8303031905954208
2050-10-17 17:00:00,6954,152618.92270879008,0.7450532999518799
2050-10-17 18:00:00,6955,128214.42347664852,0.6259156965416248
2050-10-17 19:00:00,6956,100132.67769462247,0.4888265532560966
2050-10-17 20:00:00,6957,74624.49306760551,0.3643009911906122
2050-10-17 21:00:00,6958,56606.29449101296,0.27633995680240814
2050-10-17 22:00:00,6959,41456.538783238284,0.20238205379008234
2050-10-17 23:00:00,6960,25743.37960971534,0.12567373422448924
2050-10-18 00:00:00,6961,13360.80776257144,0.06522463752755354
2050-10-18 01:00:00,6962,8517.873960149458,0.04158245904207282
2050-10-18 02:00:00,6963,12943.847389754877,0.06318912517952768
2050-10-18 03:00:00,6964,30189.144949561392,0.14737702028151511
2050-10-18 04:00:00,6965,60040.3403208264,0.2931042422021316
2050-10-18 05:00:00,6966,85914.3132369325,0.4194155053263873
2050-10-18 06:00:00,6967,110809.7666467886,0.5409498431896126
2050-10-18 07:00:00,6968,126146.65706438605,0.6158212982740824
2050-10-18 08:00:00,6969,134632.07749999152,0.6572453260736368
2050-10-18 09:00:00,6970,131965.114249186,0.6442257755775659
2050-10-18 10:00:00,6971,130820.19320702205,0.6386365132141023
2050-10-18 11:00:00,6972,135406.2795470569,0.661024816714494
2050-10-18 12:00:00,6973,142369.03893856588,0.695015535357641
2050-10-18 13:00:00,6974,148122.31037024083,0.7231017896019283
2050-10-18 14:00:00,6975,158309.54115574644,0.7728336955766203
2050-10-18 15:00:00,6976,167982.58283612685,0.8200554390971858
2050-10-18 16:00:00,6977,166932.38428838455,0.8149285919165576
2050-10-18 17:00:00,6978,154304.74591189617,0.75328313225784
2050-10-18 18:00:00,6979,128728.52134694203,0.6284254136066002
2050-10-18 19:00:00,6980,98728.92173012953,0.48197371354847907
2050-10-18 20:00:00,6981,73104.47289316739,0.35688057420130187
2050-10-18 21:00:00,6982,50899.43483060381,0.24848027500880043
2050-10-18 22:00:00,6983,32716.80995065553,0.1597165461857272
2050-10-18 23:00:00,6984,18878.15971709767,0.09215918278416847
2050-10-19 00:00:00,6985,11517.343365541201,0.05622523425583804
2050-10-19 01:00:00,6986,9169.741823569208,0.044764740073502826
2050-10-19 02:00:00,6987,14845.621000174886,0.07247318169792179
2050-10-19 03:00:00,6988,30906.50601781187,0.15087902528633906
2050-10-19 04:00:00,6989,61055.14833003862,0.29805832025917467
2050-10-19 05:00:00,6990,90799.0225243082,0.44326162289340143
2050-10-19 06:00:00,6991,114973.17449364492,0.5612747196878215
2050-10-19 07:00:00,6992,130302.07949983233,0.6361071916827967
2050-10-19 08:00:00,6993,140116.27583051045,0.6840180223502328
2050-10-19 09:00:00,6994,138454.42606379438,0.6759052232900625
2050-10-19 10:00:00,6995,136530.02995261422,0.6665107285078846
2050-10-19 11:00:00,6996,140822.79245098127,0.6874670870547258
2050-10-19 12:00:00,6997,147979.9599080211,0.7224068647541827
2050-10-19 13:00:00,6998,155862.29409581705,0.7608867530518261
2050-10-19 14:00:00,6999,166402.04377979634,0.8123395817269382
2050-10-19 15:00:00,7000,175725.66418082893,0.8578555244684729
2050-10-19 16:00:00,7001,172390.81217844135,0.8415754823535714
2050-10-19 17:00:00,7002,160414.5621544303,0.7831099628552851
2050-10-19 18:00:00,7003,133764.9752478128,0.6530123162809117
2050-10-19 19:00:00,7004,102428.65762184055,0.500035041633787
2050-10-19 20:00:00,7005,76214.73732363262,0.37206422729301386
2050-10-19 21:00:00,7006,52945.27311450127,0.25846762479172425
2050-10-19 22:00:00,7007,33434.84897642669,0.1632218608357711
2050-10-19 23:00:00,7008,19860.677707163624,0.09695562779746147
2050-10-20 00:00:00,7009,12844.69174566161,0.0627050682976592
2050-10-20 01:00:00,7010,9146.08234113695,0.044649239484529715
2050-10-20 02:00:00,7011,15927.526123319336,0.0777548136733465
2050-10-20 03:00:00,7012,34825.128431556,0.17000891107511687
2050-10-20 04:00:00,7013,63527.19371968727,0.3101263229845174
2050-10-20 05:00:00,7014,93776.61234623908,0.45779758660850217
2050-10-20 06:00:00,7015,121010.44523029051,0.5907473984697538
2050-10-20 07:00:00,7016,138580.27718115796,0.6765196018260274
2050-10-20 08:00:00,7017,148330.0023893899,0.7241156981100885
2050-10-20 09:00:00,7018,146068.00526719232,0.7130731065987418
2050-10-20 10:00:00,7019,143961.49142036753,0.702789551551208
2050-10-20 11:00:00,7020,148171.14222842522,0.7233401764050672
2050-10-20 12:00:00,7021,155239.78660030683,0.7578478031264643
2050-10-20 13:00:00,7022,163377.8165773411,0.7975759441844766
2050-10-20 14:00:00,7023,174223.37842080797,0.8505216831393081
2050-10-20 15:00:00,7024,184735.95004486316,0.9018418342743527
2050-10-20 16:00:00,7025,183465.87080104413,0.8956415760428533
2050-10-20 17:00:00,7026,170724.02191812792,0.8334385648486318
2050-10-20 18:00:00,7027,145210.57284796415,0.708887302885197
2050-10-20 19:00:00,7028,109393.67084296835,0.5340367629964216
2050-10-20 20:00:00,7029,79998.29522731961,0.39053475671143867
2050-10-20 21:00:00,7030,57028.017893781376,0.27839872125522164
2050-10-20 22:00:00,7031,37289.19123161982,0.18203794448651892
2050-10-20 23:00:00,7032,22125.236732958805,0.10801072598029866
2050-10-21 00:00:00,7033,17622.500670328747,0.08602932090462491
2050-10-21 01:00:00,7034,13666.607481021882,0.06671748707276093
2050-10-21 02:00:00,7035,13577.456908587741,0.06628227283454097
2050-10-21 03:00:00,7036,19942.795944268903,0.09735651166202826
2050-10-21 04:00:00,7037,33350.33348953484,0.162809274104793
2050-10-21 05:00:00,7038,52595.478427440794,0.25676000111522035
2050-10-21 06:00:00,7039,78966.01467721566,0.38549538140541184
2050-10-21 07:00:00,7040,108267.63611983253,0.5285396996477728
2050-10-21 08:00:00,7041,136725.2235939956,0.667463622579338
2050-10-21 09:00:00,7042,155136.01679002756,0.7573412208612266
2050-10-21 10:00:00,7043,162835.4585782876,0.7949282671482474
2050-10-21 11:00:00,7044,169029.82141510444,0.8251678363363733
2050-10-21 12:00:00,7045,178798.63578852246,0.8728571218872878
2050-10-21 13:00:00,7046,189236.86252174276,0.9238143369901028
2050-10-21 14:00:00,7047,195992.34719051688,0.9567931842779208
2050-10-21 15:00:00,7048,201504.8663127054,0.9837041366692644
2050-10-21 16:00:00,7049,196268.68481445982,0.958142206109325
2050-10-21 17:00:00,7050,176126.89845813985,0.8598142653444959
2050-10-21 18:00:00,7051,149496.58487064764,0.7298107070375566
2050-10-21 19:00:00,7052,115060.00298117452,0.5616985979986859
2050-10-21 20:00:00,7053,89075.04067243157,0.4348455081351503
2050-10-21 21:00:00,7054,65890.33294382945,0.3216626688448034
2050-10-21 22:00:00,7055,47249.65774054003,0.23066283522625525
2050-10-21 23:00:00,7056,32197.851991625106,0.1571831031955046
2050-10-22 00:00:00,7057,21195.516308322476,0.10347202751412174
2050-10-22 01:00:00,7058,21483.13131336306,0.10487610313474478
2050-10-22 02:00:00,7059,12589.332425611588,0.061458458108700126
2050-10-22 03:00:00,7060,13967.05087990596,0.06818418819877044
2050-10-22 04:00:00,7061,25536.381014519284,0.12466321086540028
2050-10-22 05:00:00,7062,41126.66736142901,0.20077169128052794
2050-10-22 06:00:00,7063,62304.93609721398,0.3041595197935877
2050-10-22 07:00:00,7064,87769.91517192435,0.4284741614911981
2050-10-22 08:00:00,7065,117231.77913979437,0.5723007498486501
2050-10-22 09:00:00,7066,148040.84859195852,0.7227041104304864
2050-10-22 10:00:00,7067,173373.87213038807,0.846374573110135
2050-10-22 11:00:00,7068,182725.12757202136,0.8920254242747434
2050-10-22 12:00:00,7069,183140.3835555925,0.8940526161549717
2050-10-22 13:00:00,7070,179284.95427030255,0.8752312258532109
2050-10-22 14:00:00,7071,173610.4941168974,0.8475297115999166
2050-10-22 15:00:00,7072,166374.00994097226,0.8122027264552885
2050-10-22 16:00:00,7073,157699.3789733175,0.7698550128585412
2050-10-22 17:00:00,7074,144033.44036555613,0.7031407910835634
2050-10-22 18:00:00,7075,124555.31823849748,0.6080527187131316
2050-10-22 19:00:00,7076,101909.76897220153,0.4975019369973535
2050-10-22 20:00:00,7077,80129.96309090695,0.3911775313721571
2050-10-22 21:00:00,7078,60667.594715332394,0.2961663654843653
2050-10-22 22:00:00,7079,45439.940412027994,0.22182817800514032
2050-10-22 23:00:00,7080,33692.77604849191,0.16448100624695836
2050-10-23 00:00:00,7081,10361.614018257538,0.05058320803286476
2050-10-23 01:00:00,7082,8648.213503685887,0.04221874912525819
2050-10-23 02:00:00,7083,14581.38595517738,0.07118324209709019
2050-10-23 03:00:00,7084,32731.28663217546,0.15978721828291764
2050-10-23 04:00:00,7085,59351.845180889955,0.2897431545538506
2050-10-23 05:00:00,7086,84554.41526084904,0.4127767710417001
2050-10-23 06:00:00,7087,108934.44116766423,0.5317949008541103
2050-10-23 07:00:00,7088,124970.82733408992,0.6100811462327116
2050-10-23 08:00:00,7089,133287.40052906828,0.6506808975167188
2050-10-23 09:00:00,7090,144993.07381409375,0.707825518605467
2050-10-23 10:00:00,7091,164465.1219145396,0.8028839388627039
2050-10-23 11:00:00,7092,178273.41878059343,0.8702931235442053
2050-10-23 12:00:00,7093,184009.93977733183,0.898297605708048
2050-10-23 13:00:00,7094,182785.21523953005,0.8923187595582663
2050-10-23 14:00:00,7095,179639.54596077738,0.8769622674857604
2050-10-23 15:00:00,7096,172507.07085249873,0.8421430326102309
2050-10-23 16:00:00,7097,162757.08676186635,0.7945456725170477
2050-10-23 17:00:00,7098,145549.0932389176,0.7105398878327536
2050-10-23 18:00:00,7099,122943.2874777544,0.6001831255028108
2050-10-23 19:00:00,7100,95605.62965272242,0.4667264622398987
2050-10-23 20:00:00,7101,70657.50564445995,0.3449349976557098
2050-10-23 21:00:00,7102,50049.78200430382,0.2443324496224548
2050-10-23 22:00:00,7103,32223.482280654593,0.1573082248454364
2050-10-23 23:00:00,7104,20205.77530845497,0.0986403212947298
2050-10-24 00:00:00,7105,15982.446386085825,0.07802292277988548
2050-10-24 01:00:00,7106,12731.991951846032,0.062154891741594734
2050-10-24 02:00:00,7107,11593.990310502328,0.056599408429400255
2050-10-24 03:00:00,7108,18116.982616834925,0.0884432771786711
2050-10-24 04:00:00,7109,32689.801462861495,0.15958469646093223
2050-10-24 05:00:00,7110,49306.39258031828,0.2407033796902382
2050-10-24 06:00:00,7111,70897.42335845582,0.34610622518999534
2050-10-24 07:00:00,7112,96357.01648252356,0.47039457381576083
2050-10-24 08:00:00,7113,121696.50418077614,0.5940965931564189
2050-10-24 09:00:00,7114,136712.16072648583,0.6673998524231068
2050-10-24 10:00:00,7115,143038.48542676892,0.6982836315171754
2050-10-24 11:00:00,7116,150127.00616706023,0.732888290465061
2050-10-24 12:00:00,7117,158279.42952587703,0.7726866969685647
2050-10-24 13:00:00,7118,166163.41313190115,0.8111746373771264
2050-10-24 14:00:00,7119,174490.59529413548,0.8518261793953547
2050-10-24 15:00:00,7120,178120.98834731843,0.8695489904098014
2050-10-24 16:00:00,7121,172899.30603065793,0.8440578417876115
2050-10-24 17:00:00,7122,155147.17994553977,0.7573957170252974
2050-10-24 18:00:00,7123,130338.40023426324,0.6362845018260223
2050-10-24 19:00:00,7124,101791.45736614136,0.49692436476087576
2050-10-24 20:00:00,7125,75860.70880739171,0.3703359349579562
2050-10-24 21:00:00,7126,57544.024035887174,0.2809177540995625
2050-10-24 22:00:00,7127,42143.30024063165,0.20573467796688252
2050-10-24 23:00:00,7128,26169.83974554356,0.12775562240622546
2050-10-25 00:00:00,7129,13582.140467733267,0.06630513697966112
2050-10-25 01:00:00,7130,8658.97950890997,0.042271306485624355
2050-10-25 02:00:00,7131,13158.272809322567,0.06423590472433752
2050-10-25 03:00:00,7132,30689.252818867575,0.14981844112072154
2050-10-25 04:00:00,7133,61034.957643480426,0.2979597535979672
2050-10-25 05:00:00,7134,87337.55408535904,0.42636346611608444
2050-10-25 06:00:00,7135,112645.42103061955,0.5499111196287996
2050-10-25 07:00:00,7136,128236.37957222907,0.6260228815562744
2050-10-25 08:00:00,7137,136862.36793647186,0.668133132251652
2050-10-25 09:00:00,7138,134151.22426880122,0.6548979023051278
2050-10-25 10:00:00,7139,132987.3366700816,0.6492160492242111
2050-10-25 11:00:00,7140,137649.39527879976,0.6719752332712786
2050-10-25 12:00:00,7141,144727.49847357004,0.706529035965365
2050-10-25 13:00:00,7142,150576.0775486715,0.7350805619661634
2050-10-25 14:00:00,7143,160932.06814123795,0.7856363176242255
2050-10-25 15:00:00,7144,170765.35166186257,0.8336403279158133
2050-10-25 16:00:00,7145,169697.75571803778,0.828428550327266
2050-10-25 17:00:00,7146,156860.93019024885,0.7657618832414629
2050-10-25 18:00:00,7147,130861.01455073556,0.6388357943799132
2050-10-25 19:00:00,7148,100364.44704619958,0.48995800220852903
2050-10-25 20:00:00,7149,74315.50825759447,0.36279259270209063
2050-10-25 21:00:00,7150,51742.62558072459,0.252596553906045
2050-10-25 22:00:00,7151,33258.790654844306,0.1623623813482292
2050-10-25 23:00:00,7152,19190.891864034464,0.09368587497895536
2050-10-26 00:00:00,7153,11708.13757914792,0.057156651251426764
2050-10-26 01:00:00,7154,9321.64609968767,0.04550630461995696
2050-10-26 02:00:00,7155,15091.550854426652,0.07367375922929766
2050-10-26 03:00:00,7156,31418.497556429294,0.15337845968558594
2050-10-26 04:00:00,7157,62066.57678451044,0.302995900044791
2050-10-26 05:00:00,7158,92303.1825737036,0.4506046141068578
2050-10-26 06:00:00,7159,116877.79913646673,0.570572694343374
2050-10-26 07:00:00,7160,132460.63998304988,0.6466448274007189
2050-10-26 08:00:00,7161,142437.41650564104,0.6953493401774355
2050-10-26 09:00:00,7162,140748.03683353242,0.6871021459420403
2050-10-26 10:00:00,7163,138791.7615270764,0.6775520236713536
2050-10-26 11:00:00,7164,143155.63715018536,0.6988555414519154
2050-10-26 12:00:00,7165,150431.36893288206,0.734374125111468
2050-10-26 13:00:00,7166,158444.28043046844,0.7734914642168583
2050-10-26 14:00:00,7167,169158.629691667,0.8257966510980733
2050-10-26 15:00:00,7168,178636.70347909868,0.8720666026032851
2050-10-26 16:00:00,7169,175246.60693685213,0.8555168683296676
2050-10-26 17:00:00,7170,163071.96053738758,0.7960828196896039
2050-10-26 18:00:00,7171,135980.9014327844,0.6638299992212708
2050-10-26 19:00:00,7172,104125.47207903686,0.5083185309174351
2050-10-26 20:00:00,7173,77477.29676574607,0.3782277754431139
2050-10-26 21:00:00,7174,53822.354857550556,0.2627493523480987
2050-10-26 22:00:00,7175,33988.72458245458,0.1659257643931388
2050-10-26 23:00:00,7176,20189.686066446357,0.09856177701830927
2050-10-27 00:00:00,7177,13057.474565907596,0.06374382902000972
2050-10-27 01:00:00,7178,9297.594671442064,0.04538889063442427
2050-10-27 02:00:00,7179,16191.378616516688,0.07904288573720399
2050-10-27 03:00:00,7180,35402.03515598333,0.17282524768115595
2050-10-27 04:00:00,7181,64579.57362038928,0.31526381906891293
2050-10-27 05:00:00,7182,95330.0986047316,0.4653813779416923
2050-10-27 06:00:00,7183,123015.08218976216,0.6005336121013995
2050-10-27 07:00:00,7184,140875.97277625458,0.6877267021544405
2050-10-27 08:00:00,7185,150787.21015205607,0.7361112666788369
2050-10-27 09:00:00,7186,148487.7412071113,0.7248857456545734
2050-10-27 10:00:00,7187,146346.33122716253,0.7144318350660744
2050-10-27 11:00:00,7188,150625.71834695362,0.735322897843759
2050-10-27 12:00:00,7189,157811.4605915627,0.7704021716122226
2050-10-27 13:00:00,7190,166084.30368615853,0.8107884417955971
2050-10-27 14:00:00,7191,177109.5311317257,0.8646112702184762
2050-10-27 15:00:00,7192,187796.25210020828,0.9167815816183633
2050-10-27 16:00:00,7193,186505.13295205942,0.910478611024115
2050-10-27 17:00:00,7194,173552.2049280942,0.8472451561090343
2050-10-27 18:00:00,7195,147616.1047132141,0.7206306006528246
2050-10-27 19:00:00,7196,111205.86644477137,0.5428835186235589
2050-10-27 20:00:00,7197,81323.53239017415,0.39700428423711537
2050-10-27 21:00:00,7198,57972.73363955406,0.28301062370749797
2050-10-27 22:00:00,7199,37906.91716934488,0.18505355185812972
2050-10-27 23:00:00,7200,22491.759364731723,0.10980001194472994
2050-10-28 00:00:00,7201,17914.431801196686,0.08745446693862528
2050-10-28 01:00:00,7202,13893.006011219686,0.06782271681121206
2050-10-28 02:00:00,7203,13802.378589004156,0.0673802929047306
2050-10-28 03:00:00,7204,20273.16466594368,0.09896930188434125
2050-10-28 04:00:00,7205,33902.80902831932,0.16550634283000926
2050-10-28 05:00:00,7206,53466.76552921582,0.2610134404585293
2050-10-28 06:00:00,7207,80274.15126965845,0.3918814275633119
2050-10-28 07:00:00,7208,110061.17803719125,0.5372953919329285
2050-10-28 08:00:00,7209,138990.18871467622,0.6785207032315121
2050-10-28 09:00:00,7210,157705.97175155114,0.7698871974074271
2050-10-28 10:00:00,7211,165532.96108392449,0.8080969038269905
2050-10-28 11:00:00,7212,171829.93860409476,0.838837416195025
2050-10-28 12:00:00,7213,181760.58137723315,0.8873167137647484
2050-10-28 13:00:00,7214,192371.72587409316,0.9391180768154944
2050-10-28 14:00:00,7215,199239.1206667846,0.9726432456579582
2050-10-28 15:00:00,7216,204842.95917976226,1.0
2050-10-28 16:00:00,7217,199520.03604632977,0.9740146151239628
2050-10-28 17:00:00,7218,179044.58453982775,0.874057791670082
2050-10-28 18:00:00,7219,151973.11803441524,0.7419006181269306
2050-10-28 19:00:00,7220,116966.06600092573,0.571003594506174
2050-10-28 20:00:00,7221,90550.64154581793,0.442049079491935
2050-10-28 21:00:00,7222,66981.86018338968,0.3269912739573782
2050-10-28 22:00:00,7223,48032.38694901301,0.23448395366550845
2050-10-28 23:00:00,7224,32731.23573269978,0.15978696980244322
2050-10-29 00:00:00,7225,20542.875521041606,0.1002859732318843
2050-10-29 01:00:00,7226,20821.634493055528,0.1016468155724272
2050-10-29 02:00:00,7227,12201.68859602031,0.059566062923903484
2050-10-29 03:00:00,7228,13536.985076022114,0.06608469790822823
2050-10-29 04:00:00,7229,24750.078743277794,0.12082464948945637
2050-10-29 05:00:00,7230,39860.31746958697,0.19458963895657794
2050-10-29 06:00:00,7231,60386.476531527274,0.2947940059708591
2050-10-29 07:00:00,7232,85067.35188138389,0.4152808191309718
2050-10-29 08:00:00,7233,113622.0422361277,0.5546787777871213
2050-10-29 09:00:00,7234,143482.4556444667,0.700451000215009
2050-10-29 10:00:00,7235,168035.4386106402,0.8203134698087368
2050-10-29 11:00:00,7236,177098.75525827872,0.864558664683533
2050-10-29 12:00:00,7237,177501.22492965686,0.8665234364920917
2050-10-29 13:00:00,7238,173764.50990225223,0.8482815840878535
2050-10-29 14:00:00,7239,168264.77462641778,0.8214330397304753
2050-10-29 15:00:00,7240,161251.1123161705,0.7871938238046189
2050-10-29 16:00:00,7241,152843.58583947766,0.7461500578369796
2050-10-29 17:00:00,7242,139598.44136164273,0.681490064001353
2050-10-29 18:00:00,7243,120720.07894928995,0.5893298917018216
2050-10-29 19:00:00,7244,98771.81908263368,0.4821831293501055
2050-10-29 20:00:00,7245,77662.64505216201,0.37913260657403547
2050-10-29 21:00:00,7246,58799.55129562369,0.2870469726226884
2050-10-29 22:00:00,7247,44040.778606315485,0.21499776600896983
2050-10-29 23:00:00,7248,32655.326493648754,0.15941639695310056
2050-10-30 00:00:00,7249,10042.564851675601,0.04902567748429486
2050-10-30 01:00:00,7250,8381.922464074987,0.04091877259359125
2050-10-30 02:00:00,7251,14132.403913832024,0.06899140673626948
2050-10-30 03:00:00,7252,31723.44271897176,0.15486713746959932
2050-10-30 04:00:00,7253,57524.31558832031,0.2808215416271115
2050-10-30 05:00:00,7254,81950.86190539006,0.40006677424276593
2050-10-30 06:00:00,7255,105580.19136551286,0.5154201627836267
2050-10-30 07:00:00,7256,121122.793900022,0.5912958609123067
2050-10-30 08:00:00,7257,129183.28775385591,0.6306454870166646
2050-10-30 09:00:00,7258,140528.5263298659,0.6860305420922157
2050-10-30 10:00:00,7259,159401.00172563226,0.7781619752219461
2050-10-30 11:00:00,7260,172784.12110297658,0.8434955333336496
2050-10-30 12:00:00,7261,178344.00629168976,0.8706377168432817
2050-10-30 13:00:00,7262,177156.99279110908,0.8648429680008819
2050-10-30 14:00:00,7263,174108.1832355726,0.849959324610137
2050-10-30 15:00:00,7264,167195.32738661268,0.8162122245065232
2050-10-30 16:00:00,7265,157745.559483272,0.7700804563404134
2050-10-30 17:00:00,7266,141067.42509188413,0.6886613318649083
2050-10-30 18:00:00,7267,119157.68491657423,0.5817026144989736
2050-10-30 19:00:00,7268,92661.79333472266,0.4523552759917233
2050-10-30 20:00:00,7269,68481.85832438251,0.3343139476143063
2050-10-30 21:00:00,7270,48508.676496421,0.2368090984950655
2050-10-30 22:00:00,7271,31231.27443585382,0.15246447601084723
2050-10-30 23:00:00,7272,19583.610139766206,0.0956030425365042
2050-10-31 00:00:00,7273,15490.323644835129,0.07562048364689665
2050-10-31 01:00:00,7274,12339.955420574517,0.06024105231630368
2050-10-31 02:00:00,7275,11236.994478606803,0.05485663028693923
2050-10-31 03:00:00,7276,17559.134368459127,0.08571998002162187
2050-10-31 04:00:00,7277,31683.23495661929,0.1546708516782132
2050-10-31 05:00:00,7278,47788.17708542015,0.23329177276473095
2050-10-31 06:00:00,7279,68714.38867057413,0.3354491115814874
2050-10-31 07:00:00,7280,93390.04389341937,0.45591044118564933
2050-10-31 08:00:00,7281,117949.29195300276,0.5758034956402628
2050-10-31 09:00:00,7282,132502.59458545677,0.6468496408957733
2050-10-31 10:00:00,7283,138634.12256864607,0.6767824636188062
2050-10-31 11:00:00,7284,145504.37741085698,0.7103215946180896
2050-10-31 12:00:00,7285,153405.77579268062,0.748894550278673
2050-10-31 13:00:00,7286,161047.0001320219,0.7861973912937534
2050-10-31 14:00:00,7287,169117.77625807773,0.8255972132762762
2050-10-31 15:00:00,7288,172636.38422340376,0.8427743131356775
2050-10-31 16:00:00,7289,167575.4850439693,0.8180680737818845
2050-10-31 17:00:00,7290,150369.9727502455,0.7340744019338572
2050-10-31 18:00:00,7291,126325.09145142669,0.6166923772106254
2050-10-31 19:00:00,7292,98657.15040743667,0.4816233411315786
2050-10-31 20:00:00,7293,73524.84730327455,0.358932753157271
2050-10-31 21:00:00,7294,55772.15985979123,0.27226788796215223
2050-10-31 22:00:00,7295,40845.64675057433,0.19939980809752786
2050-10-31 23:00:00,7296,25364.03236591065,0.12382184121667641
2050-11-01 00:00:00,7297,13163.926623575479,0.06426350544967145
2050-11-01 01:00:00,7298,8392.35695662905,0.04096971157922124
2050-11-01 02:00:00,7299,12753.110489110357,0.06225798797369804
2050-11-01 03:00:00,7300,29744.28611646469,0.14520531355125688
2050-11-01 04:00:00,7301,59155.60255243144,0.2887851395493597
2050-11-01 05:00:00,7302,84648.30387235593,0.41323511538452173
2050-11-01 06:00:00,7303,109176.90477740279,0.5329785569129245
2050-11-01 07:00:00,7304,124287.79501152979,0.606746726903411
2050-11-01 08:00:00,7305,132648.1766632449,0.6475603418071987
2050-11-01 09:00:00,7306,130020.51310762893,0.6347326441106914
2050-11-01 10:00:00,7307,128892.46328018037,0.6292257434490064
2050-11-01 11:00:00,7308,133410.97032080765,0.6512841391035137
2050-11-01 12:00:00,7309,140271.12843603315,0.6847739800172318
2050-11-01 13:00:00,7310,145939.621249669,0.7124463629799355
2050-11-01 14:00:00,7311,155976.7358380157,0.761445433431454
2050-11-01 15:00:00,7312,165507.23824240552,0.807971330355381
2050-11-01 16:00:00,7313,164472.51513833422,0.8029200310175147
2050-11-01 17:00:00,7314,152030.95414484822,0.7421829617850411
2050-11-01 18:00:00,7315,126831.61368220727,0.6191651116058363
2050-11-01 19:00:00,7316,97274.0798666292,0.4748714832871811
2050-11-01 20:00:00,7317,72027.22573387479,0.35162168142018724
2050-11-01 21:00:00,7318,50149.394904687186,0.24481873873281637
2050-11-01 22:00:00,7319,32234.70413285985,0.15736300755434762
2050-11-01 23:00:00,7320,18599.97638601921,0.0908011506009176
2050-11-02 00:00:00,7321,11347.627027814322,0.05539671499207392
2050-11-02 01:00:00,7322,9034.619098573614,0.04410509951013343
2050-11-02 02:00:00,7323,14626.860092532264,0.0714052372173373
2050-11-02 03:00:00,7324,30451.07632932764,0.1486557138759402
2050-11-02 04:00:00,7325,60155.456683705095,0.29366621593722925
2050-11-02 05:00:00,7326,89461.0334289736,0.4367298431305421
2050-11-02 06:00:00,7327,113278.96183224258,0.553003931820929
2050-11-02 07:00:00,7328,128381.98433424959,0.6267336932073244
2050-11-02 08:00:00,7329,138051.5614375491,0.6739385233953801
2050-11-02 09:00:00,7330,136414.20019064785,0.6659452721093334
2050-11-02 10:00:00,7331,134518.16144282866,0.656689211977165
2050-11-02 11:00:00,7332,138747.6670163166,0.6773367635963364
2050-11-02 12:00:00,7333,145799.36841219102,0.7117616782925067
2050-11-02 13:00:00,7334,153565.5507131568,0.7496745376461468
2050-11-02 14:00:00,7335,163949.98962289555,0.8003691719714876
2050-11-02 15:00:00,7336,173136.21969102387,0.8452144041674687
2050-11-02 16:00:00,7337,169850.50920820533,0.829174260557089
2050-11-02 17:00:00,7338,158050.73785729852,0.7715702726135649
2050-11-02 18:00:00,7339,131793.85183080673,0.6433897086750712
2050-11-02 19:00:00,7340,100919.297420232,0.4926666643771199
2050-11-02 20:00:00,7341,75091.65820353934,0.36658159257327366
2050-11-02 21:00:00,7342,52165.08634661833,0.2546589180096752
2050-11-02 22:00:00,7343,32942.16232394455,0.16081666880742423
2050-11-02 23:00:00,7344,19568.01625452433,0.09552691648704506
2050-11-03 00:00:00,7345,12655.415941045618,0.06178106385360169
2050-11-03 01:00:00,7346,9011.30820727248,0.043991300669331296
2050-11-03 02:00:00,7347,15692.822535914105,0.07660904040222681
2050-11-03 03:00:00,7348,34311.955025168354,0.16750370704739484
2050-11-03 04:00:00,7349,62591.074654524404,0.3055563877086783
2050-11-03 05:00:00,7350,92394.74631079512,0.4510516089045221
2050-11-03 06:00:00,7351,119227.26896556592,0.5820423091082993
2050-11-03 07:00:00,7352,136538.19679218868,0.6665505972913037
2050-11-03 08:00:00,7353,146144.2527507971,0.7134453306864532
2050-11-03 09:00:00,7354,143915.58784951895,0.702565460027475
2050-11-03 10:00:00,7355,141840.11494363134,0.6924334402880694
2050-11-03 11:00:00,7356,145987.73353817908,0.712681236996122
2050-11-03 12:00:00,7357,152952.2163299422,0.7466803689147902
2050-11-03 13:00:00,7358,160970.32654437734,0.7858230870562459
2050-11-03 14:00:00,7359,171656.07122652468,0.8379886324327406
2050-11-03 15:00:00,7360,182013.73252393852,0.8885525441184938
2050-11-03 16:00:00,7361,180762.36879237977,0.8824436510592961
2050-11-03 17:00:00,7362,168208.28027123355,0.8211572462376922
2050-11-03 18:00:00,7363,143070.7902777472,0.6984413369667922
2050-11-03 19:00:00,7364,107781.67618590775,0.5261673460366423
2050-11-03 20:00:00,7365,78819.46258757725,0.38477994510130237
2050-11-03 21:00:00,7366,56187.66891763684,0.2742963152974602
2050-11-03 22:00:00,7367,36739.70807080447,0.17935548391762451
2050-11-03 23:00:00,7368,21799.20537375495,0.10641910984416511
2050-11-04 00:00:00,7369,17362.82039953932,0.08476161674808838
2050-11-04 01:00:00,7370,13465.220180645007,0.06573435686812379
2050-11-04 02:00:00,7371,13377.383322096164,0.0653055559032258
2050-11-04 03:00:00,7372,19648.924465251235,0.09592189325876756
2050-11-04 04:00:00,7373,32858.892239821915,0.16041016186934803
2050-11-04 05:00:00,7374,51820.44609406066,0.25297645719219003
2050-11-04 06:00:00,7375,77802.3934423844,0.37981482865665905
2050-11-04 07:00:00,7376,106672.23440645049,0.5207512859294279
2050-11-04 08:00:00,7377,134710.47879187466,0.6576280645978071
2050-11-04 09:00:00,7378,152849.9756563765,0.7461812515715577
2050-11-04 10:00:00,7379,160435.96058526283,0.7832144254685875
2050-11-04 11:00:00,7380,166539.0450049847,0.8130083927309236
2050-11-04 12:00:00,7381,176163.90886680761,0.8599949423314716
2050-11-04 13:00:00,7382,186448.3208201077,0.9102012662123665
2050-11-04 14:00:00,7383,193104.25852746758,0.9426941462899233
2050-11-04 15:00:00,7384,198535.5467327194,0.9692085465260843
2050-11-04 16:00:00,7385,193376.52409627795,0.9440232892094582
2050-11-04 17:00:00,7386,173531.54155654268,0.847144281899668
2050-11-04 18:00:00,7387,147293.64485495008,0.7190564198288645
2050-11-04 19:00:00,7388,113364.51078540993,0.5534215637156736
2050-11-04 20:00:00,7389,87762.45564564319,0.42843774566167175
2050-11-04 21:00:00,7390,64919.39135416092,0.31692273736970467
2050-11-04 22:00:00,7391,46553.39991329321,0.22726385178042535
2050-11-04 23:00:00,7392,31723.393392354414,0.1548668966674866
2050-11-05 00:00:00,7393,20683.3746712134,0.10097186036578622
2050-11-05 01:00:00,7394,20964.040255945816,0.1023420103863496
2050-11-05 02:00:00,7395,12285.139821024723,0.05997345415345108
2050-11-05 03:00:00,7396,13629.568777914246,0.06653667195831449
2050-11-05 04:00:00,7397,24919.352373935155,0.12165100755094489
2050-11-05 05:00:00,7398,40132.93471297526,0.19592049867701894
2050-11-05 06:00:00,7399,60799.4786602436,0.29681019500840317
2050-11-05 07:00:00,7400,85649.15429516096,0.4181210554569199
2050-11-05 08:00:00,7401,114399.13919106474,0.5584724007559004
2050-11-05 09:00:00,7402,144463.7773642968,0.7052416052900358
2050-11-05 10:00:00,7403,169184.68600914697,0.8259238525287903
2050-11-05 11:00:00,7404,178309.98945494165,0.8704716538412419
2050-11-05 12:00:00,7405,178715.21178515573,0.8724498635480177
2050-11-05 13:00:00,7406,174952.94015972075,0.8540832492377188
2050-11-05 14:00:00,7407,169415.59046160392,0.8270510792266546
2050-11-05 15:00:00,7408,162353.9595007899,0.7925776904946699
2050-11-05 16:00:00,7409,153888.93128797764,0.7512532132135948
2050-11-05 17:00:00,7410,140553.1991172862,0.6861509894218143
2050-11-05 18:00:00,7411,121545.72166805762,0.5933605048216171
2050-11-05 19:00:00,7412,99447.3507660376,0.48548093214551963
2050-11-05 20:00:00,7413,78193.80437980921,0.38172561406511096
2050-11-05 21:00:00,7414,59201.69998689371,0.28901017747425034
2050-11-05 22:00:00,7415,44341.98740176854,0.21646820363913866
2050-11-05 23:00:00,7416,32878.666563003375,0.16050669593261602
2050-11-06 00:00:00,7417,10111.24910332259,0.04936097947330154
2050-11-06 01:00:00,7418,8439.249121007735,0.04119862920746901
2050-11-06 02:00:00,7419,14229.059931641896,0.06946326097132302
2050-11-06 03:00:00,7420,31940.40931398993,0.15592632249546962
2050-11-06 04:00:00,7421,57917.74251581902,0.28274216867269847
2050-11-06 05:00:00,7422,82511.34969516195,0.40280295708261654
2050-11-06 06:00:00,7423,106302.28757376719,0.5189452837404112
2050-11-06 07:00:00,7424,121951.19088478452,0.595339919776129
2050-11-06 08:00:00,7425,130066.81306429005,0.634958670706121
2050-11-06 09:00:00,7426,141489.64528139905,0.6907225215255419
2050-11-06 10:00:00,7427,160491.19541822828,0.7834840702403025
2050-11-06 11:00:00,7428,173965.8462486752,0.8492644655460649
2050-11-06 12:00:00,7429,179563.75726759215,0.8765922831158378
2050-11-06 13:00:00,7430,178368.6253864255,0.870757902056551
2050-11-06 14:00:00,7431,175298.9640491417,0.855772464677715
2050-11-06 15:00:00,7432,168338.82896794676,0.8217945573624481
2050-11-06 16:00:00,7433,158824.43112967545,0.7753472795240048
2050-11-06 17:00:00,7434,142032.22971225425,0.6933713039539341
2050-11-06 18:00:00,7435,119972.64185331194,0.5856810618910684
2050-11-06 19:00:00,7436,93295.53654948779,0.4554490763219996
2050-11-06 20:00:00,7437,68950.22732837797,0.33660042602621215
2050-11-06 21:00:00,7438,48840.44269322975,0.23842871089539996
2050-11-06 22:00:00,7439,31444.874998640826,0.15350722877932074
2050-11-06 23:00:00,7440,19717.548669881122,0.0962569021109374
2050-11-07 00:00:00,7441,15596.26688112424,0.07613767611820897
2050-11-07 01:00:00,7442,12424.352282463908,0.060653059945110326
2050-11-07 02:00:00,7443,11313.84779694636,0.055231811931684534
2050-11-07 03:00:00,7444,17679.226792731726,0.08630624583594851
2050-11-07 04:00:00,7445,31899.926591103922,0.1557286944049162
2050-11-07 05:00:00,7446,48115.01550900508,0.23488732881846922
2050-11-07 06:00:00,7447,69184.34810845168,0.33774335415521006
2050-11-07 07:00:00,7448,94028.76788245095,0.45902855660240166
2050-11-07 08:00:00,7449,118755.9844235525,0.5797415976564605
2050-11-07 09:00:00,7450,133408.8216441191,0.6512736497183907
2050-11-07 10:00:00,7451,139582.28511064936,0.6814111926012422
2050-11-07 11:00:00,7452,146499.52771929,0.7151797079377655
2050-11-07 12:00:00,7453,154454.96623616133,0.7540164761075221
2050-11-07 13:00:00,7454,162148.45140676445,0.7915744434470371
2050-11-07 14:00:00,7455,170274.4261289088,0.8312437333005063
2050-11-07 15:00:00,7456,173817.09894834098,0.8485383126876517
2050-11-07 16:00:00,7457,168721.58659013332,0.8236630991161857
2050-11-07 17:00:00,7458,151398.40041584708,0.7390949682726742
2050-11-07 18:00:00,7459,127189.06863172831,0.6209101310634363
2050-11-07 19:00:00,7460,99331.8977354547,0.48491731486989925
2050-11-07 20:00:00,7461,74027.70690799633,0.3613876073867517
2050-11-07 21:00:00,7462,56153.60319751712,0.2741300136571396
2050-11-07 22:00:00,7463,41125.00298236719,0.20076356613398402
2050-11-07 23:00:00,7464,25537.505031191995,0.1246686980770536
2050-11-08 00:00:00,7465,13253.95887662938,0.06470302386619117
2050-11-08 01:00:00,7466,8449.754957186018,0.04124991647758242
2050-11-08 02:00:00,7467,12840.33308187178,0.06268379022294636
2050-11-08 03:00:00,7468,29947.716673867322,0.14619841850452064
2050-11-08 04:00:00,7469,59560.1863313508,0.2907602319837759
2050-11-08 05:00:00,7470,85227.2403770821,0.4160613609486571
2050-11-08 06:00:00,7471,109923.6000669195,0.5366237653814345
2050-11-08 07:00:00,7472,125137.83838945253,0.6108964588801727
2050-11-08 08:00:00,7473,133555.39934251347,0.6519892110390302
2050-11-08 09:00:00,7474,130909.76447108854,0.6390737811798901
2050-11-08 10:00:00,7475,129773.99951947233,0.6335292169138588
2050-11-08 11:00:00,7476,134323.41004269302,0.655738476833934
2050-11-08 12:00:00,7477,141230.4869548121,0.6894573653902045
2050-11-08 13:00:00,7478,146937.7483601523,0.7173190084175918
2050-11-08 14:00:00,7479,157043.50994016585,0.766653198962775
2050-11-08 15:00:00,7480,166639.1944149619,0.8134973009676442
2050-11-08 16:00:00,7481,165597.39452909117,0.8084114542778563
2050-11-08 17:00:00,7482,153070.7418060114,0.747258985219416
2050-11-08 18:00:00,7483,127699.05507144029,0.623399776993929
2050-11-08 19:00:00,7484,97939.36804206185,0.47811927944330296
2050-11-08 20:00:00,7485,72519.84264924072,0.35402653300668296
2050-11-08 21:00:00,7486,50492.38239518005,0.24649313111548
2050-11-08 22:00:00,7487,32455.167418322053,0.15843926268337422
2050-11-08 23:00:00,7488,18727.187451927242,0.09142216811803128
2050-11-09 00:00:00,7489,11425.23707088019,0.055775590806876815
2050-11-09 01:00:00,7490,9096.409766344292,0.044406748480730715
2050-11-09 02:00:00,7491,14726.897848985484,0.07189360038516983
2050-11-09 03:00:00,7492,30659.340813253064,0.14967241703605547
2050-11-09 04:00:00,7493,60566.87885831121,0.2956746919729863
2050-11-09 05:00:00,7494,90072.88568645438,0.4397167764375533
2050-11-09 06:00:00,7495,114053.71242538797,0.5567861003477247
2050-11-09 07:00:00,7496,129260.02921903838,0.6310201226179553
2050-11-09 08:00:00,7497,138995.73966788355,0.6785478018109778
2050-11-09 09:00:00,7498,137347.17993577232,0.6704998818887485
2050-11-09 10:00:00,7499,135438.17357788846,0.6611805166270478
2050-11-09 11:00:00,7500,139696.60611758567,0.6819692835768563
2050-11-09 12:00:00,7501,146796.53627065368,0.7166296408646915
2050-11-09 13:00:00,7502,154615.8339345516,0.7548017981856371
2050-11-09 14:00:00,7503,165071.29536348605,0.805843149427586
2050-11-09 15:00:00,7504,174320.3528660205,0.8509950918695902
2050-11-09 16:00:00,7505,171012.17047950695,0.8348452451784456
2050-11-09 17:00:00,7506,159131.6967505246,0.7768472852946671
2050-11-09 18:00:00,7507,132695.23157863607,0.6477900539514657
2050-11-09 19:00:00,7508,101609.51629532978,0.4960361669358682
2050-11-09 20:00:00,7509,75605.23378541798,0.3690887599366779
2050-11-09 21:00:00,7510,52521.85988167261,0.2564006109459757
2050-11-09 22:00:00,7511,33167.464121301695,0.16191654452811927
2050-11-09 23:00:00,7512,19701.84803494603,0.0961802549320548
2050-11-10 00:00:00,7513,12741.970317463321,0.06220360401199566
2050-11-10 01:00:00,7514,9072.939369585469,0.044292170968021446
2050-11-10 02:00:00,7515,15800.150703827456,0.07713299381679921
2050-11-10 03:00:00,7516,34546.62529328377,0.16864931766078903
2050-11-10 04:00:00,7517,63019.154717147176,0.3076461840303918
2050-11-10 05:00:00,7518,93026.66314751405,0.45413649324347755
2050-11-10 06:00:00,7519,120042.70181051403,0.5860230797836171
2050-11-10 07:00:00,7520,137472.02457557042,0.6711093470141207
2050-11-10 08:00:00,7521,147143.77936003864,0.7183248081810366
2050-11-10 09:00:00,7522,144899.87201108728,0.7073705271164764
2050-11-10 10:00:00,7523,142810.20419753937,0.6971692108402645
2050-11-10 11:00:00,7524,146986.18970840954,0.7175554888338639
2050-11-10 12:00:00,7525,153998.3047874878,0.751787151504411
2050-11-10 13:00:00,7526,162071.25335795054,0.7911975789010306
2050-11-10 14:00:00,7527,172830.08124699935,0.8437199010356532
2050-11-10 15:00:00,7528,183258.5818600522,0.8946296352770005
2050-11-10 16:00:00,7529,181998.65962339047,0.8884789614061155
2050-11-10 17:00:00,7530,169358.7097684253,0.8267733997134978
2050-11-10 18:00:00,7531,144049.29654352937,0.7032181975906591
2050-11-10 19:00:00,7532,108518.8290961323,0.5297659706277743
2050-11-10 20:00:00,7533,79358.53370076328,0.38741157625594197
2050-11-10 21:00:00,7534,56571.95413600732,0.27617231445266305
2050-11-10 22:00:00,7535,36990.98249067779,0.1805821524879258
2050-11-10 23:00:00,7536,21948.296967676622,0.10714694347105017
2050-11-11 00:00:00,7537,17481.570193550608,0.08534132812546151
2050-11-11 01:00:00,7538,13557.313103426099,0.06618393503839556
2050-11-11 02:00:00,7539,13468.875525455378,0.06575220148833924
2050-11-11 03:00:00,7540,19783.309672236956,0.09657793341520657
2050-11-11 04:00:00,7541,33083.62453622461,0.16150725740683966
2050-11-11 05:00:00,7542,52174.862459773125,0.25470664292633305
2050-11-11 06:00:00,7543,78334.50850836496,0.38241250186012804
2050-11-11 07:00:00,7544,107401.79950911221,0.5243128684489494
2050-11-11 08:00:00,7545,135631.80628744635,0.6621257905594945
2050-11-11 09:00:00,7546,153895.3648788766,0.7512846206435828
2050-11-11 10:00:00,7547,161533.2327068552,0.7885710758801325
2050-11-11 11:00:00,7548,167678.0580290311,0.8185688133995531
2050-11-11 12:00:00,7549,177368.74939732833,0.8658767189634102
2050-11-11 13:00:00,7550,187723.4997235631,0.9164264199035721
2050-11-11 14:00:00,7551,194424.95945711122,0.9491415288845315
2050-11-11 15:00:00,7552,199893.3940020775,0.9758372696942871
2050-11-11 16:00:00,7553,194699.08710377154,0.9504797620742783
2050-11-11 17:00:00,7554,174718.3785627576,0.8529381691339047
2050-11-11 18:00:00,7555,148301.03260837987,0.7239742737666498
2050-11-11 19:00:00,7556,114139.8463913538,0.5572065881512144
2050-11-11 20:00:00,7557,88362.69071955966,0.4313679663356942
2050-11-11 21:00:00,7558,65363.39556660325,0.31909027202269064
2050-11-11 22:00:00,7559,46871.793259211736,0.22881818075123034
2050-11-11 23:00:00,7560,31940.359660104827,0.15592608009570494
2050-11-12 00:00:00,7561,20325.97663840643,0.09922711876354579
2050-11-12 01:00:00,7562,20601.792503420347,0.1005735934782167
2050-11-12 02:00:00,7563,12072.858973301503,0.058937143954783576
2050-11-12 03:00:00,7564,13394.056878976226,0.0653869526812592
2050-11-12 04:00:00,7565,24488.75887419127,0.1195489411608279
2050-11-12 05:00:00,7566,39439.45835319316,0.19253509376703845
2050-11-12 06:00:00,7567,59748.89511920456,0.2916814683719309
2050-11-12 07:00:00,7568,84169.18121590605,0.4108961399158583
2050-11-12 08:00:00,7569,112422.38125318495,0.5488222866109224
2050-11-12 09:00:00,7570,141967.518028396,0.6930553952006269
2050-11-12 10:00:00,7571,166261.26219745737,0.8116523158189338
2050-11-12 11:00:00,7572,175228.88508909693,0.8554303540173077
2050-11-12 12:00:00,7573,175627.1054036236,0.8573743813645069
2050-11-12 13:00:00,7574,171929.84387498678,0.8393251325963701
2050-11-12 14:00:00,7575,166488.17671496607,0.8127600644982994
2050-11-12 15:00:00,7576,159548.56708219304,0.7788823580808525
2050-11-12 16:00:00,7577,151229.81017220905,0.7382719463620696
2050-11-12 17:00:00,7578,138124.51256348134,0.6742946553621529
2050-11-12 18:00:00,7579,119445.47450365545,0.5831075423921929
2050-11-12 19:00:00,7580,97728.95202983539,0.47709207297709577
2050-11-12 20:00:00,7581,76842.65590465014,0.37512959299331344
2050-11-12 21:00:00,7582,58178.72525216994,0.28401623119061925
2050-11-12 22:00:00,7583,43575.78081318811,0.21272774513547077
2050-11-12 23:00:00,7584,32310.54021546337,0.15773322326938702
2050-11-13 00:00:00,7585,9936.53194449543,0.04850804725865883
2050-11-13 01:00:00,7586,8293.42328123994,0.04048673830161745
2050-11-13 02:00:00,7587,13983.18915892923,0.0682629718635246
2050-11-13 03:00:00,7588,31388.495555431513,0.15323199626249387
2050-11-13 04:00:00,7589,56916.953892098085,0.27785653029035756
2050-11-13 05:00:00,7590,81085.59626902391,0.39584273041997176
2050-11-13 06:00:00,7591,104465.43904501337,0.5099781777382865
2050-11-13 07:00:00,7592,119843.9374108722,0.5850527540255938
2050-11-13 08:00:00,7593,127819.32586472752,0.6239869135680579
2050-11-13 09:00:00,7594,139044.77744274767,0.6787871938557934
2050-11-13 10:00:00,7595,157717.99059819186,0.7699458708745984
2050-11-13 11:00:00,7596,170959.80646606983,0.8345896151404556
2050-11-13 12:00:00,7597,176460.98848794913,0.8614452222060207
2050-11-13 13:00:00,7598,175286.5078590108,0.8557116561921279
2050-11-13 14:00:00,7599,172269.8886765927,0.8409851593943012
2050-11-13 15:00:00,7600,165430.02111578456,0.8075943726755557
2050-11-13 16:00:00,7601,156080.0271519514,0.7619496797787499
2050-11-13 17:00:00,7602,139577.9862836746,0.6813902066372043
2050-11-13 18:00:00,7603,117899.57666393401,0.5755607961144025
2050-11-13 19:00:00,7604,91683.43794980005,0.4475791519362997
2050-11-13 20:00:00,7605,67758.80307048057,0.3307841447995197
2050-11-13 21:00:00,7606,47996.50514022763,0.23430878626444637
2050-11-13 22:00:00,7607,30901.52384102713,0.15085470335306544
2050-11-13 23:00:00,7608,19376.83964940086,0.0945936327369519
2050-11-14 00:00:00,7609,15326.77147080858,0.07482205652652381
2050-11-14 01:00:00,7610,12209.665910108082,0.05960500648398343
2050-11-14 02:00:00,7611,11118.350349387874,0.05427743474273304
2050-11-14 03:00:00,7612,17373.738888945154,0.08481491850397764
2050-11-14 04:00:00,7613,31348.712366073432,0.15303778314666414
2050-11-14 05:00:00,7614,47283.61294244306,0.23082859734001787
2050-11-14 06:00:00,7615,67988.87839833922,0.3319073238864647
2050-11-14 07:00:00,7616,92403.99944013657,0.4510967807248205
2050-11-14 08:00:00,7617,116703.9424900863,0.5697239629684876
2050-11-14 09:00:00,7618,131103.58625067407,0.6400199781122212
2050-11-14 10:00:00,7619,137170.37547476843,0.6696367599063682
2050-11-14 11:00:00,7620,143968.09168171327,0.7028217726310644
2050-11-14 12:00:00,7621,151786.06432962322,0.7409874615042132
2050-11-14 13:00:00,7622,159346.61009233442,0.7778964467726616
2050-11-14 14:00:00,7623,167332.17218123892,0.8168802718495912
2050-11-14 15:00:00,7624,170813.62944146374,0.8338760098245032
2050-11-14 16:00:00,7625,165806.16486331486,0.8094306268921344
2050-11-14 17:00:00,7626,148782.31439943172,0.7263237896737574
2050-11-14 18:00:00,7627,124991.30735728433,0.6101811253741789
2050-11-14 19:00:00,7628,97615.49392838926,0.47653819452357005
2050-11-14 20:00:00,7629,72748.54643379098,0.3551430165092942
2050-11-14 21:00:00,7630,55183.29797092719,0.2693931887719922
2050-11-14 22:00:00,7631,40414.384200469474,0.19729447554506072
2050-11-14 23:00:00,7632,25096.230178201906,0.12251448757962155
2050-11-15 00:00:00,7633,13024.93732856073,0.06358498910929396
2050-11-15 01:00:00,7634,8303.747573661873,0.040537139313511016
2050-11-15 02:00:00,7635,12618.458789592054,0.0616006468570813
2050-11-15 03:00:00,7636,29430.235628190356,0.14367218549290492
2050-11-15 04:00:00,7637,58531.01711476225,0.2857360455498873
2050-11-15 05:00:00,7638,83754.55778845452,0.4088720360408129
2050-11-15 06:00:00,7639,108024.17714161449,0.527351184410574
2050-11-15 07:00:00,7640,122975.52127686392,0.6003404840922326
2050-11-15 08:00:00,7641,131247.63113818332,0.6407231747858392
2050-11-15 09:00:00,7642,128647.71150930219,0.6280309170714817
2050-11-15 10:00:00,7643,127531.57197428093,0.6225821599382586
2050-11-15 11:00:00,7644,132002.3710330508,0.6444076553161421
2050-11-15 12:00:00,7645,138790.09723502872,0.6775438989495943
2050-11-15 13:00:00,7646,144398.74010934954,0.7049241071675341
2050-11-15 14:00:00,7647,154329.87935844308,0.75340582842786
2050-11-15 15:00:00,7648,163759.75535467913,0.7994404885108592
2050-11-15 16:00:00,7649,162735.95723798635,0.7944425226506104
2050-11-15 17:00:00,7650,150425.75860362436,0.7343467366706831
2050-11-15 18:00:00,7651,125492.48147299961,0.6126277514028309
2050-11-15 19:00:00,7652,96247.026468138,0.46985762582972324
2050-11-15 20:00:00,7653,71266.7372958134,0.34790913771789667
2050-11-15 21:00:00,7654,49619.90014071996,0.24223385728955155
2050-11-15 22:00:00,7655,31894.358910976673,0.15570151416816536
2050-11-15 23:00:00,7656,18403.591328189494,0.08984244028636207
2050-11-16 00:00:00,7657,11227.81490341889,0.054811817542460874
2050-11-16 01:00:00,7658,8939.228535693306,0.04363942295838728
2050-11-16 02:00:00,7659,14472.424693451052,0.07065131626394155
2050-11-16 03:00:00,7660,30129.56325702619,0.14708615506079295
2050-11-16 04:00:00,7661,59520.31454651977,0.29056558636358615
2050-11-16 05:00:00,7662,88516.47284545506,0.4321186981475718
2050-11-16 06:00:00,7663,112082.9233121705,0.5471651247422709
2050-11-16 07:00:00,7664,127026.48280363769,0.6201164214395289
2050-11-16 08:00:00,7665,136593.96523674688,0.6668228470419494
2050-11-16 09:00:00,7666,134973.89174194878,0.6589139909051056
2050-11-16 10:00:00,7667,133097.87202486367,0.6497556594467185
2050-11-16 11:00:00,7668,137282.72107109352,0.670185207345201
2050-11-16 12:00:00,7669,144259.96808433864,0.7042466514933602
2050-11-16 13:00:00,7670,151944.15232801271,0.741759213674864
2050-11-16 14:00:00,7671,162218.94881999522,0.7919185969073906
2050-11-16 15:00:00,7672,171308.1873593959,0.8362903369749822
2050-11-16 16:00:00,7673,168057.16869466027,0.8204195514827523
2050-11-16 17:00:00,7674,156381.98339593803,0.7634237662945654
2050-11-16 18:00:00,7675,130402.32665399503,0.6365965770859568
2050-11-16 19:00:00,7676,99853.75642216965,0.48746491859913943
2050-11-16 20:00:00,7677,74298.81448803275,0.3627110972500206
2050-11-16 21:00:00,7678,51614.309343919886,0.2519701411783705
2050-11-16 22:00:00,7679,32594.347488502604,0.15911871034775996
2050-11-16 23:00:00,7680,19361.4102745962,0.09451830979265134
2050-11-17 00:00:00,7681,12521.795662145794,0.06112875791428667
2050-11-17 01:00:00,7682,8916.163665705202,0.043526825141598946
2050-11-17 02:00:00,7683,15527.132277822508,0.07580017560767854
2050-11-17 03:00:00,7684,33949.6774795377,0.165735144695624
2050-11-17 04:00:00,7685,61930.21631931882,0.3023302170955813
2050-11-17 05:00:00,7686,91419.2105571555,0.44628924969263667
2050-11-17 06:00:00,7687,117968.4260217054,0.5758969041165866
2050-11-17 07:00:00,7688,135096.57912560902,0.659512924762298
2050-11-17 08:00:00,7689,144601.21098415792,0.705912527153357
2050-11-17 09:00:00,7690,142396.0772302974,0.695147530578955
2050-11-17 10:00:00,7691,140342.5177582152,0.6851224875884361
2050-11-17 11:00:00,7692,144446.3444180021,0.7051565013334999
2050-11-17 12:00:00,7693,151337.29377429874,0.7387966585734147
2050-11-17 13:00:00,7694,159270.7459597067,0.777526094123337
2050-11-17 14:00:00,7695,169843.66688156963,0.8291408577656867
2050-11-17 15:00:00,7696,180091.96840176926,0.8791708981499702
2050-11-17 16:00:00,7697,178853.81695602927,0.8731265046755846
2050-11-17 17:00:00,7698,166432.2789083635,0.8124871832295147
2050-11-17 18:00:00,7699,141560.19924350688,0.6910669510455526
2050-11-17 19:00:00,7700,106643.6798977448,0.520611888857544
2050-11-17 20:00:00,7701,77987.25928418704,0.3807173045950212
2050-11-17 21:00:00,7702,55594.42005446935,0.27140019982664787
2050-11-17 22:00:00,7703,36351.79744273391,0.17746178627908307
2050-11-17 23:00:00,7704,21569.041735162966,0.10529549964289868
2050-11-18 00:00:00,7705,17179.49770254094,0.08386667411626716
2050-11-18 01:00:00,7706,13323.049762360786,0.06504031095679004
2050-11-18 02:00:00,7707,13236.140349656032,0.06461603758633709
2050-11-18 03:00:00,7708,19441.464324467255,0.09490911673174073
2050-11-18 04:00:00,7709,32511.956611782833,0.15871649551426173
2050-11-18 05:00:00,7710,51273.30783190365,0.2503054439225718
2050-11-18 06:00:00,7711,76980.92872093842,0.3758046116360921
2050-11-18 07:00:00,7712,105545.95200974547,0.5152530134908001
2050-11-18 08:00:00,7713,133288.15887776503,0.6506845996146565
2050-11-18 09:00:00,7714,151236.13262238583,0.7383028112265594
2050-11-18 10:00:00,7715,158742.02202916137,0.7749449757257973
2050-11-18 11:00:00,7716,164780.66794292716,0.8044243678315642
2050-11-18 12:00:00,7717,174303.90918963775,0.8509148173195222
2050-11-18 13:00:00,7718,184479.7348026903,0.9005910456546277
2050-11-18 14:00:00,7719,191065.39676761688,0.9327408544217782
2050-11-18 15:00:00,7720,196439.33961180883,0.9589753067344691
2050-11-18 16:00:00,7721,191334.78761768175,0.9340559635724347
2050-11-18 17:00:00,7722,171699.33541760637,0.8381998390627118
2050-11-18 18:00:00,7723,145738.46753033463,0.7114643730685427
2050-11-18 19:00:00,7724,112167.56889486352,0.5475783465734334
2050-11-18 20:00:00,7725,86835.82913328375,0.42391415102083146
2050-11-18 21:00:00,7726,64233.94992267349,0.3135765572801761
2050-11-18 22:00:00,7727,46061.87291120604,0.22486432092002695
2050-11-18 23:00:00,7728,31388.446763519212,0.15323175807069808
2050-11-19 00:00:00,7729,20030.547740679296,0.097784897371558
2050-11-19 01:00:00,7730,20302.354723076027,0.09911180156921803
2050-11-19 02:00:00,7731,11897.385401000403,0.058080519089551516
2050-11-19 03:00:00,7732,13199.380299772112,0.06443658279799037
2050-11-19 04:00:00,7733,24132.825789490103,0.1178113511253861
2050-11-19 05:00:00,7734,38866.22360747419,0.18973668298438656
2050-11-19 06:00:00,7735,58880.471859100166,0.28744200969792155
2050-11-19 07:00:00,7736,82945.82010262342,0.4049239497161988
2050-11-19 08:00:00,7737,110788.37260629999,0.5408454020090405
2050-11-19 09:00:00,7738,139904.08413666036,0.6829821473819169
2050-11-19 10:00:00,7739,163844.7296597022,0.7998553150949084
2050-11-19 11:00:00,7740,172682.01221438963,0.8429970593368092
2050-11-19 12:00:00,7741,173074.4445655134,0.8449128310708984
2050-11-19 13:00:00,7742,169430.92107363057,0.8271259200319624
2050-11-19 14:00:00,7743,164068.3460932914,0.8009469632261627
2050-11-19 15:00:00,7744,157229.6005600305,0.7675616540085807
2050-11-19 16:00:00,7745,149031.7530360377,0.7275414963384375
2050-11-19 17:00:00,7746,136116.93501579843,0.664494086400829
2050-11-19 18:00:00,7747,117709.38834782675,0.5746323369822516
2050-11-19 19:00:00,7748,96308.50573352154,0.4701577545997318
2050-11-19 20:00:00,7749,75725.78252549903,0.3696772533882652
2050-11-19 21:00:00,7750,57333.123692251866,0.2798881832298592
2050-11-19 22:00:00,7751,42942.42646921459,0.2096358431901483
2050-11-19 23:00:00,7752,31840.921074575155,0.15544064195358942
2050-11-20 00:00:00,7753,9792.108934325099,0.04780300467018699
2050-11-20 01:00:00,7754,8172.882099348508,0.03989828174751324
2050-11-20 02:00:00,7755,13779.949792663916,0.06727080026495402
2050-11-20 03:00:00,7756,30932.27792510064,0.15100483828665875
2050-11-20 04:00:00,7757,56089.69161655281,0.2738180108369293
2050-11-20 05:00:00,7758,79907.05366491823,0.3900893347024678
2050-11-20 06:00:00,7759,102947.08096575267,0.5025658747460795
2050-11-20 07:00:00,7760,118102.0597834556,0.5765492758763253
2050-11-20 08:00:00,7761,125961.52954317712,0.614917544872207
2050-11-20 09:00:00,7762,137023.82424671267,0.6689213278083229
2050-11-20 10:00:00,7763,155425.63068091572,0.7587550546197696
2050-11-20 11:00:00,7764,168474.98270203194,0.8224592310941222
2050-11-20 12:00:00,7765,173896.20751654057,0.8489245039852016
2050-11-20 13:00:00,7766,172738.7974395989,0.8432742727955321
2050-11-20 14:00:00,7767,169766.02346064264,0.8287618190072257
2050-11-20 15:00:00,7768,163025.5703005669,0.7958563523655308
2050-11-20 16:00:00,7769,153811.47428381792,0.7508750845023623
2050-11-20 17:00:00,7770,137549.28314492392,0.6714865070086006
2050-11-20 18:00:00,7771,116185.95945595128,0.5671952793553963
2050-11-20 19:00:00,7772,90350.86049560364,0.44107379066085073
2050-11-20 20:00:00,7773,66773.95940607041,0.32597634633598593
2050-11-20 21:00:00,7774,47298.89755040306,0.2309032135632027
2050-11-20 22:00:00,7775,30452.3841094932,0.14866209818209747
2050-11-20 23:00:00,7776,19095.206005246826,0.09321875685504823
2050-11-21 00:00:00,7777,15104.003746833047,0.07373455161609122
2050-11-21 01:00:00,7778,12032.203914047413,0.05873867455453237
2050-11-21 02:00:00,7779,10956.75014483092,0.05348853672444606
2050-11-21 03:00:00,7780,17121.219431342837,0.08358217192282366
2050-11-21 04:00:00,7781,30893.072958123663,0.1508134479301927
2050-11-21 05:00:00,7782,46596.36693225051,0.22747360767894073
2050-11-21 06:00:00,7783,67000.69067109819,0.3270832004154996
2050-11-21 07:00:00,7784,91060.94893950374,0.4445402922518424
2050-11-21 08:00:00,7785,115007.7032571479,0.5614432818080001
2050-11-21 09:00:00,7786,129198.0546939311,0.6307175760947287
2050-11-21 10:00:00,7787,135176.66586286903,0.6599038912743065
2050-11-21 11:00:00,7788,141875.58034632498,0.6926065748826664
2050-11-21 12:00:00,7789,149579.92228977612,0.7302175426908892
2050-11-21 13:00:00,7790,157030.57890437116,0.7665900723810927
2050-11-21 14:00:00,7791,164900.0744434093,0.8050072851110268
2050-11-21 15:00:00,7792,168330.93029502718,0.8217559977119178
2050-11-21 16:00:00,7793,163396.24698168685,0.7976659175202435
2050-11-21 17:00:00,7794,146619.83050207532,0.7157670006778579
2050-11-21 18:00:00,7795,123174.61501653874,0.6013124176186376
2050-11-21 19:00:00,7796,96196.69671976984,0.46961192664352863
2050-11-21 20:00:00,7797,71691.1790958124,0.34998117281101665
2050-11-21 21:00:00,7798,54381.23361416227,0.26547768022839097
2050-11-21 22:00:00,7799,39826.97934416224,0.19442688927966337
2050-11-21 23:00:00,7800,24731.467768750208,0.12073379464825457
2050-11-22 00:00:00,7801,12835.625731758595,0.06266080993535417
2050-11-22 01:00:00,7802,8183.056338181011,0.03994795022952132
2050-11-22 02:00:00,7803,12435.055164876387,0.060705309153261465
2050-11-22 03:00:00,7804,29002.480413750473,0.14158397501131106
2050-11-22 04:00:00,7805,57680.29516632609,0.28158300093540484
2050-11-22 05:00:00,7806,82537.22301649276,0.40292926516483923
2050-11-22 06:00:00,7807,106454.09440166091,0.5196863725652436
2050-11-22 07:00:00,7808,121188.12750109781,0.5916148057339271
2050-11-22 08:00:00,7809,129340.00596936095,0.6314105521969987
2050-11-22 09:00:00,7810,126777.87497447242,0.6189027706010489
2050-11-22 10:00:00,7811,125677.9580336618,0.613533208741491
2050-11-22 11:00:00,7812,130083.77604573482,0.6350414803936626
2050-11-22 12:00:00,7813,136772.84570291825,0.6676961036424576
2050-11-22 13:00:00,7814,142299.96948498653,0.6946783528942754
2050-11-22 14:00:00,7815,152086.7641002406,0.7424554141827991
2050-11-22 15:00:00,7816,161379.58110844824,0.7878209812758454
2050-11-22 16:00:00,7817,160370.66343204957,0.7828956585777228
2050-11-22 17:00:00,7818,148239.3879802576,0.723673337730727
2050-11-22 18:00:00,7819,123668.50480655712,0.6037234831099585
2050-11-22 19:00:00,7820,94848.11929137191,0.46302845687821215
2050-11-22 20:00:00,7821,70230.90738167931,0.3428524351674074
2050-11-22 21:00:00,7822,48898.69726058037,0.2387130973716737
2050-11-22 22:00:00,7823,31430.788781584903,0.15343846284705573
2050-11-22 23:00:00,7824,18136.103430749245,0.08853662094792188
2050-11-23 00:00:00,7825,11064.62366223265,0.05401515241987285
2050-11-23 01:00:00,7826,8809.300862219372,0.043005143537731605
2050-11-23 02:00:00,7827,14262.074509927945,0.06962443115954062
2050-11-23 03:00:00,7828,29691.6436393798,0.14494832411263675
2050-11-23 04:00:00,7829,58655.21358599249,0.2863423464534065
2050-11-23 05:00:00,7830,87229.92578957358,0.425838047540721
2050-11-23 06:00:00,7831,110453.84851497161,0.5392123261509886
2050-11-23 07:00:00,7832,125180.21011359489,0.6111033086753135
2050-11-23 08:00:00,7833,134608.63348599424,0.6571308773559892
2050-11-23 09:00:00,7834,133012.1070433958,0.6493369729475033
2050-11-23 10:00:00,7835,131163.35442833774,0.6403117537138968
2050-11-23 11:00:00,7836,135287.3785683498,0.6604443672854132
2050-11-23 12:00:00,7837,142163.21445353737,0.6940107437560519
2050-11-23 13:00:00,7838,149735.71254355926,0.730978077758372
2050-11-23 14:00:00,7839,159861.16948160657,0.780408416875674
2050-11-23 15:00:00,7840,168818.3000572852,0.8241352338067758
2050-11-23 16:00:00,7841,165614.53345698694,0.808495122898757
2050-11-23 17:00:00,7842,154109.04172084373,0.7523277457908797
2050-11-23 18:00:00,7843,128506.98758838949,0.6273439326543644
2050-11-23 19:00:00,7844,98402.42707419056,0.4803798356956775
2050-11-23 20:00:00,7845,73218.91468645174,0.3574392548303193
2050-11-23 21:00:00,7846,50864.11860066892,0.24830786864405982
2050-11-23 22:00:00,7847,32120.60334505177,0.15680599164193862
2050-11-23 23:00:00,7848,19080.000914272146,0.09314452881696693
2050-11-24 00:00:00,7849,12339.797005705417,0.06024027896841936
2050-11-24 01:00:00,7850,8786.57124866042,0.04289418237191968
2050-11-24 02:00:00,7851,15301.452405400727,0.07469845420448532
2050-11-24 03:00:00,7852,33456.23421869473,0.16332625906529125
2050-11-24 04:00:00,7853,61030.08854049193,0.2979359836670505
2050-11-24 05:00:00,7854,90090.47351874353,0.4398026365147538
2050-11-24 06:00:00,7855,116253.80811909017,0.5675265021780432
2050-11-24 07:00:00,7856,133133.0112246573,0.6499272015877534
2050-11-24 08:00:00,7857,142499.49754712975,0.6956524066911067
2050-11-24 09:00:00,7858,140326.41439486138,0.6850438743745951
2050-11-24 10:00:00,7859,138302.70250809536,0.6751645409824717
2050-11-24 11:00:00,7860,142346.88188529268,0.6949073693100408
2050-11-24 12:00:00,7861,149137.67439954774,0.7280585820314688
2050-11-24 13:00:00,7862,156955.81743949014,0.7662251027224801
2050-11-24 14:00:00,7863,167375.0657126438,0.8170896689974192
2050-11-24 15:00:00,7864,177474.41278731363,0.8663925452842582
2050-11-24 16:00:00,7865,176254.2573234862,0.8604360043872061
2050-11-24 17:00:00,7866,164013.260724817,0.8006780481084795
2050-11-24 18:00:00,7867,139502.68553281078,0.681022604298489
2050-11-24 19:00:00,7868,105093.66205582401,0.5130450296004456
2050-11-24 20:00:00,7869,76853.74962443406,0.37518375018684524
2050-11-24 21:00:00,7870,54786.3802024553,0.2674555201791285
2050-11-24 22:00:00,7871,35823.440454925745,0.17488245921837361
2050-11-24 23:00:00,7872,21255.545444447765,0.10376507705981108
2050-11-25 00:00:00,7873,16929.8014472724,0.0826477098117659
2050-11-25 01:00:00,7874,13129.405228569583,0.06409497930093719
2050-11-25 02:00:00,7875,13043.758998809943,0.06367687252244411
2050-11-25 03:00:00,7876,19158.89139695976,0.09352965546717501
2050-11-25 04:00:00,7877,32039.40998022026,0.1564096228081909
2050-11-25 05:00:00,7878,50528.07340864565,0.24666736709414633
2050-11-25 06:00:00,7879,75862.04562007851,0.37034246099474144
2050-11-25 07:00:00,7880,104011.88914432927,0.5077640430543305
2050-11-25 08:00:00,7881,131350.8755370845,0.6412271921038597
2050-11-25 09:00:00,7882,149037.98357404434,0.7275719125071533
2050-11-25 10:00:00,7883,156434.77827167962,0.7636814997111935
2050-11-25 11:00:00,7884,162385.6551923477,0.7927324221568404
2050-11-25 12:00:00,7885,171770.4804119212,0.8385471538769466
2050-11-25 13:00:00,7886,181798.40497584073,0.8875013605730109
2050-11-25 14:00:00,7887,188288.34731945806,0.9191838863947649
2050-11-25 15:00:00,7888,193584.18231411447,0.9450370327067599
2050-11-25 16:00:00,7889,188553.82270305566,0.9204798810662959
2050-11-25 17:00:00,7890,169203.7629293698,0.8260169820183233
2050-11-25 18:00:00,7891,143620.22455934162,0.7011235589176685
2050-11-25 19:00:00,7892,110537.26383336062,0.5396195420920344
2050-11-25 20:00:00,7893,85573.70949525997,0.41775274990127337
2050-11-25 21:00:00,7894,63300.33839943427,0.3090188632936334
2050-11-25 22:00:00,7895,45392.38435376659,0.22159601938737855
2050-11-25 23:00:00,7896,30932.22983980579,0.1510046035444199
2050-11-26 00:00:00,7897,19998.966844886036,0.09763072611802935
2050-11-26 01:00:00,7898,20270.345279909558,0.09895553823805624
2050-11-26 02:00:00,7899,11878.627542808686,0.057988947193369056
2050-11-26 03:00:00,7900,13178.56967103724,0.06433498971020155
2050-11-26 04:00:00,7901,24094.777084603407,0.11762560539588164
2050-11-26 05:00:00,7902,38804.94569001681,0.18943753715236603
2050-11-26 06:00:00,7903,58787.63873971272,0.28698881804437787
2050-11-26 07:00:00,7904,82815.04466886535,0.4042855317091473
2050-11-26 08:00:00,7905,110613.69957780991,0.5399926852293693
2050-11-26 09:00:00,7906,139683.50620597345,0.6819053325791521
2050-11-26 10:00:00,7907,163586.40601923523,0.7985942337206627
2050-11-26 11:00:00,7908,172409.75539444145,0.841667959127369
2050-11-26 12:00:00,7909,172801.5690193261,0.8435807103708267
2050-11-26 13:00:00,7910,169163.79004261602,0.825821842839931
2050-11-26 14:00:00,7911,163809.6698954536,0.7996841607414028
2050-11-26 15:00:00,7912,156981.7065805227,0.7663514880331407
2050-11-26 16:00:00,7913,148796.7840857615,0.7263944276219091
2050-11-26 17:00:00,7914,135902.32804153886,0.6634464205444144
2050-11-26 18:00:00,7915,117523.8033872483,0.5737263504581281
2050-11-26 19:00:00,7916,96156.66219048176,0.469416486539322
2050-11-26 20:00:00,7917,75606.39046626286,0.3690944066079109
2050-11-26 21:00:00,7918,57242.73017585851,0.27944690120212773
2050-11-26 22:00:00,7919,42874.72185593041,0.20930532358842371
2050-11-26 23:00:00,7920,31790.719505727924,0.1551955685127045
2050-11-27 00:00:00,7921,9776.670335747709,0.0477276366973789
2050-11-27 01:00:00,7922,8159.996429087987,0.03983537663077348
2050-11-27 02:00:00,7923,13758.223812555538,0.06716473862536741
2050-11-27 03:00:00,7924,30883.50895843849,0.15076675850662907
2050-11-27 04:00:00,7925,56001.25854271033,0.2733862992750744
2050-11-27 05:00:00,7926,79781.06925991776,0.3894743054844515
2050-11-27 06:00:00,7927,102784.77080604272,0.5017735108768996
2050-11-27 07:00:00,7928,117915.85572462788,0.5756402670454955
2050-11-27 08:00:00,7929,125762.93395010148,0.6139480431921353
2050-11-27 09:00:00,7930,136807.78743386533,0.6678666817823508
2050-11-27 10:00:00,7931,155180.58090694263,0.7575587734541667
2050-11-27 11:00:00,7932,168209.35883331305,0.8211625115496356
2050-11-27 12:00:00,7933,173622.03634349233,0.8475860583088353
2050-11-27 13:00:00,7934,172466.45108338984,0.8419447354890043
2050-11-27 14:00:00,7935,169498.364090241,0.8274551625740565
2050-11-27 15:00:00,7936,162768.5381791426,0.7946015759140798
2050-11-27 16:00:00,7937,153568.9694451093,0.7496912271724366
2050-11-27 17:00:00,7938,137332.41787630488,0.6704278166367792
2050-11-27 18:00:00,7939,116002.77639486344,0.5663010183965557
2050-11-27 19:00:00,7940,90208.41000086228,0.44037837747549263
2050-11-27 20:00:00,7941,66668.68112294957,0.3254624000253956
2050-11-27 21:00:00,7942,47224.32436158661,0.23053916302851477
2050-11-27 22:00:00,7943,30404.37175676039,0.14842771203123797
2050-11-27 23:00:00,7944,19065.099796790186,0.0930717847131831
2050-11-28 00:00:00,7945,15080.190216076498,0.07361829899578197
2050-11-28 01:00:00,7946,12013.233496970379,0.05864606499083051
2050-11-28 02:00:00,7947,10939.4753310074,0.05340420473718767
2050-11-28 03:00:00,7948,17094.225488294498,0.0834503932024008
2050-11-28 04:00:00,7949,30844.365801138767,0.15057566989193388
2050-11-28 05:00:00,7950,46522.9013826372,0.22711496440456372
2050-11-28 06:00:00,7951,66895.05490911011,0.3265675089686905
2050-11-28 07:00:00,7952,90917.37889041979,0.4438394136389829
2050-11-28 08:00:00,7953,114826.37787016896,0.560558089621239
2050-11-28 09:00:00,7954,128994.35627872024,0.6297231635163002
2050-11-28 10:00:00,7955,134963.54134691917,0.6588634624658023
2050-11-28 11:00:00,7956,141651.89408011019,0.6915145858433043
2050-11-28 12:00:00,7957,149344.08907561563,0.7290662548208798
2050-11-28 13:00:00,7958,156782.99870428437,0.7653814382104179
2050-11-28 14:00:00,7959,164640.08690580094,0.8037380809428708
2050-11-28 15:00:00,7960,168065.53354475656,0.8204603869116572
2050-11-28 16:00:00,7961,163138.63044148847,0.796408288059949
2050-11-28 17:00:00,7962,146388.66427512807,0.7146384960523005
2050-11-28 18:00:00,7963,122980.41337728979,0.6003643662917745
2050-11-28 19:00:00,7964,96045.02946596916,0.46887151918989683
2050-11-28 20:00:00,7965,71578.14814234426,0.34942937960357257
2050-11-28 21:00:00,7966,54295.494161253904,0.2650591183542036
2050-11-28 22:00:00,7967,39764.18666305995,0.19412034869191885
2050-11-28 23:00:00,7968,24692.47522200762,0.12054344128244339
2050-11-29 00:00:00,7969,12815.388610785534,0.06256201659115482
2050-11-29 01:00:00,7970,8170.154628325693,0.03988496681087233
2050-11-29 02:00:00,7971,12415.449595354125,0.06060959890966429
2050-11-29 03:00:00,7972,28956.7540342422,0.14136074849822333
2050-11-29 04:00:00,7973,57589.354290748546,0.2811390468159091
2050-11-29 05:00:00,7974,82407.0917854684,0.4022939920192772
2050-11-29 06:00:00,7975,106286.25495367212,0.5188670158801963
2050-11-29 07:00:00,7976,120997.05783754017,0.590682044049939
2050-11-29 08:00:00,7977,129136.08375282938,0.6304150470678592
2050-11-29 09:00:00,7978,126577.99230077509,0.6179269856656149
2050-11-29 10:00:00,7979,125479.8095320411,0.6125658896673372
2050-11-29 11:00:00,7980,129878.68116995064,0.6340402505900832
2050-11-29 12:00:00,7981,136557.20459260844,0.6666433893525777
2050-11-29 13:00:00,7982,142075.61410896128,0.6935830974023434
2050-11-29 14:00:00,7983,151846.9785032601,0.7412848316158382
2050-11-29 15:00:00,7984,161125.144116669,0.7865788736984208
2050-11-29 16:00:00,7985,160117.81713594153,0.7816613164401142
2050-11-29 17:00:00,7986,148005.6682979157,0.7225323676760188
2050-11-29 18:00:00,7987,123473.52448642215,0.60277163042771
2050-11-29 19:00:00,7988,94698.57824720329,0.4622984291302855
2050-11-29 20:00:00,7989,70120.1787452159,0.342311881384613
2050-11-29 21:00:00,7990,48821.60177539956,0.23833673351963058
2050-11-29 22:00:00,7991,31381.233843468788,0.15319654612063005
2050-11-29 23:00:00,7992,18107.50938455717,0.08839703086239209
2050-11-30 00:00:00,7993,11047.178765865712,0.05392999012561196
2050-11-30 01:00:00,7994,8795.41178979632,0.04293734002386583
2050-11-30 02:00:00,7995,14239.588394444,0.06951465869982813
2050-11-30 03:00:00,7996,29644.83070216901,0.14471979325466516
2050-11-30 04:00:00,7997,58562.73561264282,0.2858908885477017
2050-11-30 05:00:00,7998,87092.39587203215,0.42516665557249267
2050-11-30 06:00:00,7999,110279.70290434631,0.5383621841137781
2050-11-30 07:00:00,8000,124982.84638164955,0.6101398206807266
2050-11-30 08:00:00,8001,134396.40455028345,0.6560948205807863
2050-11-30 09:00:00,8002,132802.3952539768,0.6483132043480907
2050-11-30 10:00:00,8003,130956.55745062733,0.6393022146087283
2050-11-30 11:00:00,8004,135074.07949916192,0.6594030863449211
2050-11-30 12:00:00,8005,141939.0746918411,0.6929165408476688
2050-11-30 13:00:00,8006,149499.6337028607,0.7298255907915566
2050-11-30 14:00:00,8007,159609.12646775768,0.7791779961921508
2050-11-30 15:00:00,8008,168552.13490766846,0.8228358718434331
2050-11-30 16:00:00,8009,165353.41947636002,0.8072204196740405
2050-11-30 17:00:00,8010,153866.06772384624,0.7511415981294204
2050-11-30 18:00:00,8011,128304.37873473199,0.6263548390849842
2050-11-30 19:00:00,8012,98247.28218392417,0.47962245115638147
2050-11-30 20:00:00,8013,73103.47504432102,0.35687570291429077
2050-11-30 21:00:00,8014,50783.924353113674,0.24791637728952973
2050-11-30 22:00:00,8015,32069.96082112684,0.1565587655516316
2050-11-30 23:00:00,8016,19049.918685613113,0.09299767373940171
2050-12-01 00:00:00,8017,12320.341627392334,0.060145301926538164
2050-12-01 01:00:00,8018,8772.718017841256,0.042826553829183156
2050-12-01 02:00:00,8019,15277.327571368794,0.07458068186742998
2050-12-01 03:00:00,8020,33403.48588806473,0.1630687528720532
2050-12-01 04:00:00,8021,60933.86625679806,0.2974662468302113
2050-12-01 05:00:00,8022,89948.43355684276,0.43910922746389097
2050-12-01 06:00:00,8023,116070.51808523317,0.5666317190007696
2050-12-01 07:00:00,8024,132923.1088142062,0.6489025024167808
2050-12-01 08:00:00,8025,142274.8275906602,0.694555615483983
2050-12-01 09:00:00,8026,140105.1705947292,0.6839638089380378
2050-12-01 10:00:00,8027,138084.64937327793,0.6741000516991175
2050-12-01 11:00:00,8028,142122.4525451235,0.6938117527408024
2050-12-01 12:00:00,8029,148902.53844617782,0.7269106980411599
2050-12-01 13:00:00,8030,156708.3551157378,0.765017043999138
2050-12-01 14:00:00,8031,167111.17601612874,0.8158014153148336
2050-12-01 15:00:00,8032,177194.6000878435,0.8650265588691499
2050-12-01 16:00:00,8033,175976.36836845582,0.8590794092855579
2050-12-01 17:00:00,8034,163754.67137346265,0.7994156695898827
2050-12-01 18:00:00,8035,139282.7404580769,0.6799488789646305
2050-12-01 19:00:00,8036,104927.96751355744,0.5122361438914613
2050-12-01 20:00:00,8037,76732.57917452829,0.3745922216793927
2050-12-01 21:00:00,8038,54700.00197467242,0.26703383994111224
2050-12-01 22:00:00,8039,35766.959900914546,0.17460673309999805
2050-12-01 23:00:00,8040,21222.033171600982,0.10360147723201629
2050-12-02 00:00:00,8041,16903.109299264623,0.08251740439089784
2050-12-02 01:00:00,8042,13108.704922047611,0.06399392478285729
2050-12-02 02:00:00,8043,13023.193723566259,0.0635764771985041
2050-12-02 03:00:00,8044,19128.684781761036,0.09338219316083225
2050-12-02 04:00:00,8045,31988.895468085397,0.156163021644367
2050-12-02 05:00:00,8046,50448.408986950926,0.24627846223740282
2050-12-02 06:00:00,8047,75742.43872658335,0.36975856543897473
2050-12-02 07:00:00,8048,103847.90016406459,0.5069634835382928
2050-12-02 08:00:00,8049,131143.78290377173,0.6402162096705751
2050-12-02 09:00:00,8050,148803.00479541774,0.7264247958106971
2050-12-02 10:00:00,8051,156188.13743710238,0.7624774513242494
2050-12-02 11:00:00,8052,162129.6319871244,0.7914825710208848
2050-12-02 12:00:00,8053,171499.66074356984,0.8372250695376274
2050-12-02 13:00:00,8054,181511.77490960428,0.8861020932153034
2050-12-02 14:00:00,8055,187991.48497316815,0.917734667210085
2050-12-02 15:00:00,8056,193278.97035596226,0.9435470524830102
2050-12-02 16:00:00,8057,188256.54180075703,0.919028618579711
2050-12-02 17:00:00,8058,168936.99003774734,0.8247146531870533
2050-12-02 18:00:00,8059,143393.7876171185,0.7000181416598344
2050-12-02 19:00:00,8060,110362.9867129287,0.538768758051764
2050-12-02 20:00:00,8061,85438.79083457407,0.4170941055367019
2050-12-02 21:00:00,8062,63200.536752121414,0.30853165276068417
2050-12-02 22:00:00,8063,45320.81705075769,0.22124664295142257
2050-12-02 23:00:00,8064,30883.460948248427,0.1507665241310359
2050-12-03 00:00:00,8065,19403.328164334347,0.09472294406422208
2050-12-03 01:00:00,8066,19666.6240912293,0.09600829908911163
2050-12-03 02:00:00,8067,11524.840820145237,0.056261835243414354
2050-12-03 03:00:00,8068,12786.066127501404,0.06241887042981471
2050-12-03 04:00:00,8069,23377.151044271748,0.11412230685340209
2050-12-03 05:00:00,8070,37649.199714415015,0.18379542975346072
2050-12-03 06:00:00,8071,57036.73883179877,0.2784412950300407
2050-12-03 07:00:00,8072,80348.52522964322,0.39224450550498274
2050-12-03 08:00:00,8073,107319.23973824352,0.5239098291099393
2050-12-03 09:00:00,8074,135523.2466314678,0.6615958252806622
2050-12-03 10:00:00,8075,158714.2352189672,0.7748093263956694
2050-12-03 11:00:00,8076,167274.79455684323,0.8166001664233397
2050-12-03 12:00:00,8077,167654.93865016423,0.818455949481948
2050-12-03 13:00:00,8078,164125.50533186502,0.8012260025390222
2050-12-03 14:00:00,8079,158930.84946371976,0.7758667913220693
2050-12-03 15:00:00,8080,152306.24658828462,0.7435268812662804
2050-12-03 16:00:00,8081,144365.09947813433,0.704759880721334
2050-12-03 17:00:00,8082,131854.68510504725,0.6436866838529542
2050-12-03 18:00:00,8083,114023.53672454495,0.5566387889587276
2050-12-03 19:00:00,8084,93292.78317159426,0.4554356349134955
2050-12-03 20:00:00,8085,73354.56979950251,0.35810149439956773
2050-12-03 21:00:00,8086,55537.84304644257,0.2711240028401694
2050-12-03 22:00:00,8087,41597.763877693855,0.2030714848304318
2050-12-03 23:00:00,8088,30843.881554631058,0.15057330590290713
2050-12-04 00:00:00,8089,9485.48715193798,0.04630614198271703
2050-12-04 01:00:00,8090,7916.963460620156,0.03864894108306908
2050-12-04 02:00:00,8091,13348.456210308728,0.0651643398619068
2050-12-04 03:00:00,8092,29963.69086087346,0.14627640110675458
2050-12-04 04:00:00,8093,54333.34672434737,0.26524390656095986
2050-12-04 05:00:00,8094,77404.91216721348,0.37787440914327897
2050-12-04 06:00:00,8095,99723.48363953456,0.4868289544285537
2050-12-04 07:00:00,8096,114403.91235701802,0.5584957023425031
2050-12-04 08:00:00,8097,122017.27742241933,0.5956625402747755
2050-12-04 09:00:00,8098,132733.17682116217,0.6479752945996092
2050-12-04 10:00:00,8099,150558.76468538653,0.7349960442294821
2050-12-04 11:00:00,8100,163199.50046508253,0.7967054426404032
2050-12-04 12:00:00,8101,168450.96967620513,0.8223420045810755
2050-12-04 13:00:00,8102,167329.8017362678,0.8168686998386195
2050-12-04 14:00:00,8103,164450.1146628385,0.8028106766341109
2050-12-04 15:00:00,8104,157920.7262927095,0.7709355836542294
2050-12-04 16:00:00,8105,148995.15264642576,0.7273628209777685
2050-12-04 17:00:00,8106,133242.18192158596,0.6504601498392618
2050-12-04 18:00:00,8107,112547.81112495551,0.5494346087150006
2050-12-04 19:00:00,8108,87521.690504973,0.42726238116960297
2050-12-04 20:00:00,8109,64683.056430211116,0.31576900025862137
2050-12-04 21:00:00,8110,45817.820162007694,0.2236729070184919
2050-12-04 22:00:00,8111,29498.824083686624,0.14400701982536582
2050-12-04 23:00:00,8112,18497.275006571184,0.09029978418901229
2050-12-05 00:00:00,8113,14631.04984631298,0.07142569070911213
2050-12-05 01:00:00,8114,11655.43772965241,0.05689938173283295
2050-12-05 02:00:00,8115,10613.65976650274,0.051813642065132455
2050-12-05 03:00:00,8116,16585.10010399957,0.08096495076233072
2050-12-05 04:00:00,8117,29925.7135525059,0.14609100391995533
2050-12-05 05:00:00,8118,45137.28794770003,0.2203506926888773
2050-12-05 06:00:00,8119,64902.688096811806,0.3168411956002633
2050-12-05 07:00:00,8120,88209.54387608396,0.43062033583821974
2050-12-05 08:00:00,8121,111406.44993402691,0.5438627247923172
2050-12-05 09:00:00,8122,125152.4567462745,0.6109678226062217
2050-12-05 10:00:00,8123,130943.85879622937,0.6392402224638735
2050-12-05 11:00:00,8124,137433.00910947,0.6709188817608522
2050-12-05 12:00:00,8125,144896.10382670883,0.7073521316373564
2050-12-05 13:00:00,8126,152113.45699243477,0.7425857232366277
2050-12-05 14:00:00,8127,159736.53385386427,0.7797999721029497
2050-12-05 15:00:00,8128,163059.95879121887,0.79602422970332
2050-12-05 16:00:00,8129,158279.79587502906,0.7726884854076377
2050-12-05 17:00:00,8130,142028.70186551783,0.6933540817523483
2050-12-05 18:00:00,8131,119317.62994605186,0.5824834323026125
2050-12-05 19:00:00,8132,93184.47516641727,0.45490689814064916
2050-12-05 20:00:00,8133,69446.30249315406,0.3390221600548675
2050-12-05 21:00:00,8134,52678.38588544396,0.25716473778928106
2050-12-05 22:00:00,8135,38579.87117227767,0.18833877096269377
2050-12-05 23:00:00,8136,23957.047668067822,0.11695323951576019
2050-12-06 00:00:00,8137,12433.701873589816,0.060698702671437586
2050-12-06 01:00:00,8138,7926.819094295895,0.03869705420209062
2050-12-06 02:00:00,8139,12045.674466786664,0.0588044349438237
2050-12-06 03:00:00,8140,28094.321419274944,0.13715053488668094
2050-12-06 04:00:00,8141,55874.14343883455,0.27276575022430505
2050-12-06 05:00:00,8142,79952.72268236469,0.39031228118610256
2050-12-06 06:00:00,8143,103120.68146030616,0.5034133556419259
2050-12-06 07:00:00,8144,117393.34553580503,0.573089482820765
2050-12-06 08:00:00,8145,125289.96302909992,0.6116390991947656
2050-12-06 09:00:00,8146,122808.06051139055,0.5995229760551298
2050-12-06 10:00:00,8147,121742.58540410588,0.5943215519419893
2050-12-06 11:00:00,8148,126010.4433690875,0.6151563318244471
2050-12-06 12:00:00,8149,132490.05719979524,0.6467884360307795
2050-12-06 13:00:00,8150,137844.10931459794,0.6729257860097172
2050-12-06 14:00:00,8151,147324.4485689874,0.7192067970454438
2050-12-06 15:00:00,8152,156326.27817677657,0.7631518251969338
2050-12-06 16:00:00,8153,155348.95290340483,0.7583807299282208
2050-12-06 17:00:00,8154,143597.54591536743,0.7010128465745887
2050-12-06 18:00:00,8155,119796.05444423493,0.584818999510286
2050-12-06 19:00:00,8156,91878.12603047829,0.44852957796733256
2050-12-06 20:00:00,8157,68031.75649926205,0.332116645705943
2050-12-06 21:00:00,8158,47367.52502400417,0.23123823837379864
2050-12-06 22:00:00,8159,30446.591782871732,0.14863382126867725
2050-12-06 23:00:00,8160,17568.204884928862,0.08576426036450531
2050-12-07 00:00:00,8161,10718.155486101272,0.052323768066128325
2050-12-07 01:00:00,8162,8533.453958412834,0.04165851729824019
2050-12-07 02:00:00,8163,13815.484081748997,0.06744427114834375
2050-12-07 03:00:00,8164,28761.904744985197,0.14040953548100651
2050-12-07 04:00:00,8165,56818.53415771305,0.277376065964031
2050-12-07 05:00:00,8166,84498.4821343034,0.41250371734842395
2050-12-07 06:00:00,8167,106995.19071100933,0.5223278902991949
2050-12-07 07:00:00,8168,121260.42351553275,0.5919677395849339
2050-12-07 08:00:00,8169,130393.61330833414,0.6365540403754163
2050-12-07 09:00:00,8170,128847.07909030159,0.6290041874333127
2050-12-07 10:00:00,8171,127056.21673921113,0.6202615762239185
2050-12-07 11:00:00,8172,131051.1047323675,0.6397637744403122
2050-12-07 12:00:00,8173,137711.6364982763,0.672279081740007
2050-12-07 13:00:00,8174,145047.01581947372,0.7080888520663582
2050-12-07 14:00:00,8175,154855.41286879533,0.7559713718688286
2050-12-07 15:00:00,8176,163532.06740250785,0.7983289640870616
2050-12-07 16:00:00,8177,160428.62091302432,0.7831785947411469
2050-12-07 17:00:00,8178,149283.40233972127,0.7287699950122081
2050-12-07 18:00:00,8179,124483.02913181954,0.6076998185843334
2050-12-07 19:00:00,8180,95321.13716560086,0.46533763009130674
2050-12-07 20:00:00,8181,70926.19992414718,0.34624670629711557
2050-12-07 21:00:00,8182,49271.40291185604,0.24053256752953547
2050-12-07 22:00:00,8183,31114.806065079807,0.1518959020591704
2050-12-07 23:00:00,8184,18482.54595275694,0.09022788006366073
2050-12-08 00:00:00,8185,11953.399096647987,0.05835396610414199
2050-12-08 01:00:00,8186,8511.436017977545,0.04155103037009067
2050-12-08 02:00:00,8187,14822.315747036586,0.07235941038143807
2050-12-08 03:00:00,8188,32408.614151974252,0.15821199948363227
2050-12-08 04:00:00,8189,59119.04423857885,0.2886066695936484
2050-12-08 05:00:00,8190,87269.45709847995,0.4260310310294612
2050-12-08 06:00:00,8191,112613.53523357713,0.5497554599118628
2050-12-08 07:00:00,8192,128964.19736951095,0.6295759341005075
2050-12-08 08:00:00,8193,138037.38949078505,0.6738693389488128
2050-12-08 09:00:00,8194,135932.35249459255,0.6635929935736945
2050-12-08 10:00:00,8195,133972.0093216437,0.6540230128391918
2050-12-08 11:00:00,8196,137889.55274378596,0.6731476312191889
2050-12-08 12:00:00,8197,144467.70415271723,0.705260775040542
2050-12-08 13:00:00,8198,152041.0364889944,0.7422321816566274
2050-12-08 14:00:00,8199,162134.02531013833,0.7915040182945989
2050-12-08 15:00:00,8200,171917.13002542505,0.8392630662719397
2050-12-08 16:00:00,8201,170735.1814434,0.8334930432906382
2050-12-08 17:00:00,8202,158877.48902900863,0.7756062969661744
2050-12-08 18:00:00,8203,135134.41712819543,0.6596976418877385
2050-12-08 19:00:00,8204,101802.84855986922,0.4969799741592826
2050-12-08 20:00:00,8205,74447.21665080707,0.36343556521986714
2050-12-08 21:00:00,8206,53070.84612769551,0.25908064568195677
2050-12-08 22:00:00,8207,34701.69569182527,0.16940633854724
2050-12-08 23:00:00,8208,20589.967338588347,0.1005158655246695
2050-12-09 00:00:00,8209,16399.676038972866,0.0800597496962595
2050-12-09 01:00:00,8210,12718.282232645826,0.06208796379222756
2050-12-09 02:00:00,8211,12635.317876597795,0.06168294935394645
2050-12-09 03:00:00,8212,18558.966184356763,0.09060094747054563
2050-12-09 04:00:00,8213,31036.155128071183,0.1515119448203004
2050-12-09 05:00:00,8214,48945.88029791852,0.2389434349801865
2050-12-09 06:00:00,8215,73486.56602984542,0.3587458720773334
2050-12-09 07:00:00,8216,100754.94937726656,0.4918643519929231
2050-12-09 08:00:00,8217,127237.86600620767,0.621148349524421
2050-12-09 09:00:00,8218,144371.13497861286,0.7047893447580902
2050-12-09 10:00:00,8219,151536.31270287678,0.7397682268878686
2050-12-09 11:00:00,8220,157300.84891242321,0.7679094733950903
2050-12-09 12:00:00,8221,166391.80572184586,0.8122896016934946
2050-12-09 13:00:00,8222,176105.72441743678,0.8597108981563443
2050-12-09 14:00:00,8223,182392.44620196457,0.890401344192182
2050-12-09 15:00:00,8224,187522.45196415042,0.9154449472661053
2050-12-09 16:00:00,8225,182649.60868828895,0.8916567570575014
2050-12-09 17:00:00,8226,163905.46030203628,0.8001517892455322
2050-12-09 18:00:00,8227,139123.02308530893,0.679169172532896
2050-12-09 19:00:00,8228,107075.99396327345,0.5227223546859021
2050-12-09 20:00:00,8229,82894.12712577089,0.40467159553688253
2050-12-09 21:00:00,8230,61318.20547303734,0.2993425095915884
2050-12-09 22:00:00,8231,43971.005815944125,0.21465715000414962
2050-12-09 23:00:00,8232,29963.644289721302,0.1462761737562401
2050-12-10 00:00:00,8233,20031.435323203572,0.09778923036170728
2050-12-10 01:00:00,8234,20303.254321688702,0.09911619321936935
2050-12-10 02:00:00,8235,11897.912572980005,0.0580830926316528
2050-12-10 03:00:00,8236,13199.96517509679,0.06443943803561737
2050-12-10 04:00:00,8237,24133.895119101107,0.11781657136637112
2050-12-10 05:00:00,8238,38867.945805940064,0.18974509039303156
2050-12-10 06:00:00,8239,58883.08089842892,0.2874547464760817
2050-12-10 07:00:00,8240,82949.4954942065,0.40494189220051846
2050-12-10 08:00:00,8241,110793.28171632816,0.540869367245863
2050-12-10 09:00:00,8242,139910.28338807417,0.6830124108161039
2050-12-10 10:00:00,8243,163851.98971053952,0.7998907571275093
2050-12-10 11:00:00,8244,172689.66387575795,0.8430344131291923
2050-12-10 12:00:00,8245,173082.11360317157,0.8449502696906531
2050-12-10 13:00:00,8246,169438.42867217588,0.8271625705401144
2050-12-10 14:00:00,8247,164075.61607224506,0.8009824537257277
2050-12-10 15:00:00,8248,157236.567510509,0.767595665187224
2050-12-10 16:00:00,8249,149038.3567380757,0.7275737342150257
2050-12-10 17:00:00,8250,136122.96644586173,0.664523530566679
2050-12-10 18:00:00,8251,117714.60411663697,0.5746577992623861
2050-12-10 19:00:00,8252,96312.77320497598,0.47017858749275154
2050-12-10 20:00:00,8253,75729.13798086338,0.3696936340116353
2050-12-10 21:00:00,8254,57335.6641541038,0.2799005852272825
2050-12-10 22:00:00,8255,42944.3292686825,0.20964513225468598
2050-12-10 23:00:00,8256,31842.33196795306,0.15544752963663966
2050-12-11 00:00:00,8257,9792.5428338173,0.04780512287573303
2050-12-11 01:00:00,8258,8173.244231064239,0.03990004959795428
2050-12-11 02:00:00,8259,13780.560375653904,0.0672737810019656
2050-12-11 03:00:00,8260,30933.648564179373,0.1510115294567347
2050-12-11 04:00:00,8261,56092.17698857736,0.2738301438974675
2050-12-11 05:00:00,8262,79910.5943966418,0.3901066198058355
2050-12-11 06:00:00,8263,102951.6426209242,0.5025881437817827
2050-12-11 07:00:00,8264,118107.29296041063,0.5765748231393408
2050-12-11 08:00:00,8265,125967.11095819573,0.6149447921597924
2050-12-11 09:00:00,8266,137029.89584606048,0.6689509680721237
2050-12-11 10:00:00,8267,155432.5176970259,0.7587886755757338
2050-12-11 11:00:00,8268,168482.44791926406,0.8224956747056674
2050-12-11 12:00:00,8269,173903.912945017,0.8489621202572339
2050-12-11 13:00:00,8270,172746.4515888219,0.8433116387330954
2050-12-11 14:00:00,8271,169773.54588791236,0.8287985419060738
2050-12-11 15:00:00,8272,163032.79406347268,0.7958916172481253
2050-12-11 16:00:00,8273,153818.28976193446,0.7509083562249727
2050-12-11 17:00:00,8274,137555.3780366725,0.6715162609809754
2050-12-11 18:00:00,8275,116191.10774377956,0.56722041220765
2050-12-11 19:00:00,8276,90354.86400289429,0.44109333493665437
2050-12-11 20:00:00,8277,66776.91820893963,0.3259907905857716
2050-12-11 21:00:00,8278,47300.99337617265,0.23091344494131785
2050-12-11 22:00:00,8279,30453.73346548512,0.14866868545264522
2050-12-11 23:00:00,8280,19096.05211246356,0.0932228873715186
2050-12-12 00:00:00,8281,15104.673006376668,0.07373781879962685
2050-12-12 01:00:00,8282,12032.737064008214,0.05874127727987345
2050-12-12 02:00:00,8283,10957.235654601474,0.05349090688045484
2050-12-12 03:00:00,8284,17121.97809340807,0.0835858755505601
2050-12-12 04:00:00,8285,30894.44185002714,0.15082013057092858
2050-12-12 05:00:00,8286,46598.431643709446,0.22748368716357228
2050-12-12 06:00:00,8287,67003.65949474185,0.32709769358458657
2050-12-12 07:00:00,8288,91064.98389947118,0.44455999007296154
2050-12-12 08:00:00,8289,115012.79930115135,0.5614681596169511
2050-12-12 09:00:00,8290,129203.77953289541,0.6307455235476811
2050-12-12 10:00:00,8291,135182.65560886558,0.6599331319473593
2050-12-12 11:00:00,8292,141881.86694752175,0.6926372647400183
2050-12-12 12:00:00,8293,149586.5502813596,0.7302498991439009
2050-12-12 13:00:00,8294,157037.5370125974,0.7666240403937308
2050-12-12 14:00:00,8295,164907.38125004378,0.80504295539554
2050-12-12 15:00:00,8296,168338.38912970497,0.8217924101651828
2050-12-12 16:00:00,8297,163403.4871856037,0.7977012626643766
2050-12-12 17:00:00,8298,146626.3273190945,0.7157987167643918
2050-12-12 18:00:00,8299,123180.07294894035,0.6013390620902048
2050-12-12 19:00:00,8300,96200.95926714998,0.4696327354982592
2050-12-12 20:00:00,8301,71694.35578115469,0.34999668071695106
2050-12-12 21:00:00,8302,54383.64329667958,0.26548944378876405
2050-12-12 22:00:00,8303,39828.74411108462,0.1944355044985093
2050-12-12 23:00:00,8304,24732.56362088592,0.12073914436659539
2050-12-13 00:00:00,8305,12836.194484186351,0.06266358646440859
2050-12-13 01:00:00,8306,8183.4189271158375,0.03994972031200929
2050-12-13 02:00:00,8307,12435.606155442632,0.06070799897266484
2050-12-13 03:00:00,8308,29003.765530640525,0.14159024868015083
2050-12-13 04:00:00,8309,57682.85102944229,0.28159547811854274
2050-12-13 05:00:00,8310,82540.8802749589,0.40294711912711734
2050-12-13 06:00:00,8311,106458.81144757215,0.5197094001856711
2050-12-13 07:00:00,8312,121193.49743803035,0.5916410206302264
2050-12-13 08:00:00,8313,129345.73711674305,0.6314385304463125
2050-12-13 09:00:00,8314,126783.49256082225,0.6189301944694227
2050-12-13 10:00:00,8315,125683.52689276708,0.6135603947337632
2050-12-13 11:00:00,8316,130089.54013305139,0.6350696194487693
2050-12-13 12:00:00,8317,136778.90618347898,0.6677256896266915
2050-12-13 13:00:00,8318,142306.2748814143,0.6947091345059697
2050-12-13 14:00:00,8319,152093.50315581952,0.7424883128267452
2050-12-13 15:00:00,8320,161386.73194703343,0.7878558901573312
2050-12-13 16:00:00,8321,160377.76956007586,0.7829303491917168
2050-12-13 17:00:00,8322,148245.9565548523,0.7237054041225669
2050-12-13 18:00:00,8323,123673.98464054693,0.6037502345004468
2050-12-13 19:00:00,8324,94852.32205131746,0.4630489738633327
2050-12-13 20:00:00,8325,70234.01935636943,0.342867627169625
2050-12-13 21:00:00,8326,48900.86400376571,0.23872367495361266
2050-12-13 22:00:00,8327,31432.18150624832,0.15344526183428472
2050-12-13 23:00:00,8328,18136.90706452576,0.08854054411804074
2050-12-14 00:00:00,8329,11065.11392964404,0.05401754580167788
2050-12-14 01:00:00,8330,8809.691190210531,0.043007049036425445
2050-12-14 02:00:00,8331,14262.706457103792,0.06962751619198877
2050-12-14 03:00:00,8332,29692.959303990858,0.14495474690898927
2050-12-14 04:00:00,8333,58657.81262480814,0.286355034411177
2050-12-14 05:00:00,8334,87233.79099144124,0.42585691663870295
2050-12-14 06:00:00,8335,110458.74277988858,0.5392362189171181
2050-12-14 07:00:00,8336,125185.75692563529,0.6111303870384781
2050-12-14 08:00:00,8337,134614.5980598142,0.6571599951438
2050-12-14 09:00:00,8338,133018.0008908193,0.6493657454640062
2050-12-14 10:00:00,8339,131169.1663573103,0.640340126321849
2050-12-14 11:00:00,8340,135293.37322221664,0.6604736319176507
2050-12-14 12:00:00,8341,142169.51379589233,0.6940414958130431
2050-12-14 13:00:00,8342,149742.34743019793,0.7310104678715846
2050-12-14 14:00:00,8343,159868.25301351052,0.7804429971801781
2050-12-14 15:00:00,8344,168825.7805124955,0.8241717518069075
2050-12-14 16:00:00,8345,165621.87191910896,0.8085309477186648
2050-12-14 17:00:00,8346,154115.87037358314,0.7523610818292125
2050-12-14 18:00:00,8347,128512.6818044117,0.6273717306125906
2050-12-14 19:00:00,8348,98406.78735577571,0.48040112166812493
2050-12-14 20:00:00,8349,73222.15904760285,0.35745509311523815
2050-12-14 21:00:00,8350,50866.37240418316,0.24831887123611018
2050-12-14 22:00:00,8351,32122.026641204913,0.15681293987271422
2050-12-14 23:00:00,8352,19080.846377403443,0.09314865618914844
2050-12-15 00:00:00,8353,12340.343791187377,0.06024294825949067
2050-12-15 01:00:00,8354,8786.960592119489,0.042896083064336094
2050-12-15 02:00:00,8355,15302.130420710739,0.07470176413182052
2050-12-15 03:00:00,8356,33457.71668949257,0.16333349617416615
2050-12-15 04:00:00,8357,61032.79283308121,0.29794918545148136
2050-12-15 05:00:00,8358,90094.46547580819,0.4398221244047972
2050-12-15 06:00:00,8359,116258.95941304707,0.567551649705581
2050-12-15 07:00:00,8360,133138.91043353098,0.6499560002777222
2050-12-15 08:00:00,8361,142505.81179703944,0.6956832315236271
2050-12-15 09:00:00,8362,140332.63232556125,0.6850742289971058
2050-12-15 10:00:00,8363,138308.83079521716,0.6751944579839948
2050-12-15 11:00:00,8364,142353.18935903895,0.6949381610627646
2050-12-15 12:00:00,8365,149144.2827796639,0.728090842745445
2050-12-15 13:00:00,8366,156962.77225502313,0.7662590546608862
2050-12-15 14:00:00,8367,167382.48220284705,0.8171258747339158
2050-12-15 15:00:00,8368,177482.27678487464,0.8664309356570223
2050-12-15 16:00:00,8369,176262.0672654311,0.8604741308718857
2050-12-15 17:00:00,8370,164020.52824939543,0.8007135266263038
2050-12-15 18:00:00,8371,139508.8669813189,0.681052780822656
2050-12-15 19:00:00,8372,105098.31881134424,0.5130677628959365
2050-12-15 20:00:00,8373,76857.15507716652,0.3752003748867915
2050-12-15 21:00:00,8374,54788.80781215292,0.267467371256204
2050-12-15 22:00:00,8375,35825.02782324519,0.1748902084147619
2050-12-15 23:00:00,8376,21256.48730507172,0.10376967502416254
2050-12-16 00:00:00,8377,16930.55162057379,0.08265137199915275
2050-12-16 01:00:00,8378,13129.986990072115,0.06409781933754309
2050-12-16 02:00:00,8379,13044.336957856807,0.0636796939962657
2050-12-16 03:00:00,8380,19159.74033469493,0.09353379980163772
2050-12-16 04:00:00,8381,32040.829675801295,0.15641655346173505
2050-12-16 05:00:00,8382,50530.312341712255,0.2466782970918166
2050-12-16 06:00:00,8383,75865.40712693345,0.37035887116020866
2050-12-16 07:00:00,8384,104016.49796138523,0.5077865423243783
2050-12-16 08:00:00,8385,131356.69576269618,0.6412556052142492
2050-12-16 09:00:00,8386,149044.58753040404,0.7276041516252861
2050-12-16 10:00:00,8387,156441.7099980272,0.76371533893308
2050-12-16 11:00:00,8388,162392.8506108175,0.7927675486678935
2050-12-16 12:00:00,8389,171778.09166970683,0.8385843104275847
2050-12-16 13:00:00,8390,181806.4605663419,0.8875406862619847
2050-12-16 14:00:00,8391,188296.69049271505,0.9192246160019254
2050-12-16 15:00:00,8392,193592.7601350116,0.9450789078140689
2050-12-16 16:00:00,8393,188562.17764943262,0.9205206681473379
2050-12-16 17:00:00,8394,169211.2604343825,0.8260535832519841
2050-12-16 18:00:00,8395,143626.58844245458,0.7011546260489893
2050-12-16 19:00:00,8396,110542.16181967733,0.5396434530252505
2050-12-16 20:00:00,8397,85577.50133162271,0.4177712608443779
2050-12-16 21:00:00,8398,63303.143270815155,0.3090325560824513
2050-12-16 22:00:00,8399,45394.39573024993,0.22160583850194024
2050-12-16 23:00:00,8400,30933.600473705163,0.15101129468921132
2050-12-17 00:00:00,8401,20532.92764462882,0.10023740980333094
2050-12-17 01:00:00,8402,20811.551637945453,0.10159759320642327
2050-12-17 02:00:00,8403,12195.77994154896,0.059537218122524854
2050-12-17 03:00:00,8404,13530.429801295917,0.06605269644353329
2050-12-17 04:00:00,8405,24738.093542138016,0.12076614027250418
2050-12-17 05:00:00,8406,39841.015139595525,0.19449540906423146
2050-12-17 06:00:00,8407,60357.23442710065,0.29465125220210026
2050-12-17 07:00:00,8408,85026.15808292633,0.41507971971987895
2050-12-17 08:00:00,8409,113567.02085341695,0.5544101750344025
2050-12-17 09:00:00,8410,143412.9743791235,0.7001118073737151
2050-12-17 10:00:00,8411,167954.06759290645,0.819916233711096
2050-12-17 11:00:00,8412,177012.99532789114,0.8641400028426234
2050-12-17 12:00:00,8413,177415.2701082478,0.8661038232344369
2050-12-17 13:00:00,8414,173680.36457920892,0.8478708044184899
2050-12-17 14:00:00,8415,168183.2925458218,0.8210352614474323
2050-12-17 15:00:00,8416,161173.02659551438,0.7868126258324318
2050-12-17 16:00:00,8417,152769.5714553519,0.7457887352685978
2050-12-17 17:00:00,8418,139530.84093077327,0.6811600529961412
2050-12-17 18:00:00,8419,120661.62035389671,0.5890445092037981
2050-12-17 19:00:00,8420,98723.98891783974,0.4819496326022287
2050-12-17 20:00:00,8421,77625.0369811474,0.3789490119258952
2050-12-17 21:00:00,8422,58771.077663330194,0.2869079703723425
2050-12-17 22:00:00,8423,44019.451898047235,0.214893653530056
2050-12-17 23:00:00,8424,32639.513178029563,0.1593391996909515
2050-12-18 00:00:00,8425,10037.701746143834,0.04900193683169327
2050-12-18 01:00:00,8426,8377.86353007285,0.0408989577363055
2050-12-18 02:00:00,8427,14125.560314460283,0.06895799773163908
2050-12-18 03:00:00,8428,31708.080664306326,0.15479214316797943
2050-12-18 04:00:00,8429,57496.45948516755,0.28068555402341594
2050-12-18 05:00:00,8430,81911.17726832893,0.3998730422384049
2050-12-18 06:00:00,8431,105529.06424326592,0.51517057098681
2050-12-18 07:00:00,8432,121064.14028711719,0.5910095263800401
2050-12-18 08:00:00,8433,129120.73086072043,0.6303400974959021
2050-12-18 09:00:00,8434,140460.47551176083,0.6856983323917819
2050-12-18 10:00:00,8435,159323.8119192556,0.7777851509137748
2050-12-18 11:00:00,8436,172700.4505407731,0.8430870713462886
2050-12-18 12:00:00,8437,178257.64336209054,0.8702161112877623
2050-12-18 13:00:00,8438,177071.20466952445,0.8644241685365109
2050-12-18 14:00:00,8439,174023.87149621214,0.8495477325315123
2050-12-18 15:00:00,8440,167114.36318858492,0.8158169744166399
2050-12-18 16:00:00,8441,157669.17132840547,0.7697075455253559
2050-12-18 17:00:00,8442,140999.1133092389,0.6883278481907866
2050-12-18 18:00:00,8443,119099.98290081423,0.5814209254626941
2050-12-18 19:00:00,8444,92616.92193655515,0.45213622331670245
2050-12-18 20:00:00,8445,68448.6960386928,0.33415205634978584
2050-12-18 21:00:00,8446,48485.18621652988,0.23669442391710988
2050-12-18 22:00:00,8447,31216.150720053363,0.1523906452291547
2050-12-18 23:00:00,8448,19574.126797606168,0.09555674686591825
2050-12-19 00:00:00,8449,15482.822471457028,0.0755838645050519
2050-12-19 01:00:00,8450,12333.979809024533,0.06021188064462938
2050-12-19 02:00:00,8451,11231.55296995833,0.054830065992661006
2050-12-19 03:00:00,8452,17550.631368514198,0.08567847017437608
2050-12-19 04:00:00,8453,31667.89237614986,0.1545959524454992
2050-12-19 05:00:00,8454,47765.03570123527,0.23317880142181757
2050-12-19 06:00:00,8455,68681.11379162826,0.3352866706605052
2050-12-19 07:00:00,8456,93344.8198447983,0.455689666945704
2050-12-19 08:00:00,8457,117892.17511307159,0.5755246633086079
2050-12-19 09:00:00,8458,132438.43031656838,0.6465364045065641
2050-12-19 10:00:00,8459,138566.98911566488,0.6764547323008737
2050-12-19 11:00:00,8460,145433.91703463809,0.7099776219645944
2050-12-19 12:00:00,8461,153331.48916859998,0.7485318986924134
2050-12-19 13:00:00,8462,160969.01326104006,0.7858166758847683
2050-12-19 14:00:00,8463,169035.88112184356,0.8251974185429737
2050-12-19 15:00:00,8464,172552.78520248114,0.8423662003977178
2050-12-19 16:00:00,8465,167494.33674907117,0.8176719249700187
2050-12-19 17:00:00,8466,150297.15621528085,0.7337189270117206
2050-12-19 18:00:00,8467,126263.91863483119,0.6163937444587825
2050-12-19 19:00:00,8468,98609.37575987751,0.4813901154070994
2050-12-19 20:00:00,8469,73489.24295529522,0.3587589402611779
2050-12-19 21:00:00,8470,55745.152231760265,0.2721360424345387
2050-12-19 22:00:00,8471,40825.867276867095,0.19930324889048245
2050-12-19 23:00:00,8472,25351.749859571344,0.1237618806186237
2050-12-20 00:00:00,8473,13157.552003802692,0.0642323859042484
2050-12-20 01:00:00,8474,8388.292967413357,0.04094987204345216
2050-12-20 02:00:00,8475,12746.934811183544,0.06222783962028847
2050-12-20 03:00:00,8476,29729.882470972698,0.14513499800050683
2050-12-20 04:00:00,8477,59126.95649612501,0.2886452955614524
2050-12-20 05:00:00,8478,84607.31300768098,0.4130350066532327
2050-12-20 06:00:00,8479,109124.03595228486,0.5327204624910824
2050-12-20 07:00:00,8480,124227.60874423891,0.6064529102766064
2050-12-20 08:00:00,8481,132583.94188965549,0.6472467612289518
2050-12-20 09:00:00,8482,129957.55078933385,0.634425275390052
2050-12-20 10:00:00,8483,128830.04721517478,0.6289210414213872
2050-12-20 11:00:00,8484,133346.36617118304,0.6509687553095902
2050-12-20 12:00:00,8485,140203.20226183615,0.6844423788019937
2050-12-20 13:00:00,8486,145868.95011050728,0.7121013614263322
2050-12-20 14:00:00,8487,155901.20423437108,0.761076704118291
2050-12-20 15:00:00,8488,165427.09149634148,0.8075800708930838
2050-12-20 16:00:00,8489,164392.86945781246,0.8025312176512136
2050-12-20 17:00:00,8490,151957.33328320665,0.7418235603101925
2050-12-20 18:00:00,8491,126770.19557646508,0.6188652814042608
2050-12-20 19:00:00,8492,97226.97498112633,0.47464152719939817
2050-12-20 20:00:00,8493,71992.34660974986,0.35145140891355786
2050-12-20 21:00:00,8494,50125.11009763924,0.24470018544133304
2050-12-20 22:00:00,8495,32219.094501636344,0.15728680463633662
2050-12-20 23:00:00,8496,18590.96935862116,0.09075718019825346
2050-12-21 00:00:00,8497,11342.131953537075,0.05536988920172579
2050-12-21 01:00:00,8498,9030.244098159392,0.044083741683475675
2050-12-21 02:00:00,8499,14619.777052825242,0.07137065931563452
2050-12-21 03:00:00,8500,30436.330417462847,0.14858372745315157
2050-12-21 04:00:00,8501,60126.32645740649,0.2935240083338278
2050-12-21 05:00:00,8502,89417.71200152821,0.43651835708474945
2050-12-21 06:00:00,8503,113224.10659396571,0.5527361401501949
2050-12-21 07:00:00,8504,128319.81546518244,0.6264301979379918
2050-12-21 08:00:00,8505,137984.71009014995,0.6736121692572304
2050-12-21 09:00:00,8506,136348.1417280212,0.6656227886669385
2050-12-21 10:00:00,8507,134453.0211350562,0.6563712107725675
2050-12-21 11:00:00,8508,138680.47857876113,0.677008763855342
2050-12-21 12:00:00,8509,145728.76518830768,0.7114170082869274
2050-12-21 13:00:00,8510,153491.18672114512,0.7493115083660121
2050-12-21 14:00:00,8511,163870.59698222403,0.7999815938922145
2050-12-21 15:00:00,8512,173052.37861616572,0.8448051097733931
2050-12-21 16:00:00,8513,169768.25924760423,0.8287727336462767
2050-12-21 17:00:00,8514,157974.201923967,0.7711966403752981
2050-12-21 18:00:00,8515,131730.03077049137,0.6430781477575228
2050-12-21 19:00:00,8516,100870.42733097571,0.49242809093797424
2050-12-21 20:00:00,8517,75055.29513561312,0.36640407576687806
2050-12-21 21:00:00,8518,52139.825453079415,0.25453559967039685
2050-12-21 22:00:00,8519,32926.21010472795,0.1607387934472924
2050-12-21 23:00:00,8520,19558.54045292866,0.09548065762789944
2050-12-22 00:00:00,8521,12649.287565866985,0.061751146422203654
2050-12-22 01:00:00,8522,9006.944486927123,0.043969997909583884
2050-12-22 02:00:00,8523,15685.223300187503,0.07657194254073804
2050-12-22 03:00:00,8524,34295.33948787151,0.16742259350869487
2050-12-22 04:00:00,8525,62560.76497441194,0.30540842226122616
2050-12-22 05:00:00,8526,92350.00423439618,0.4508331875510224
2050-12-22 06:00:00,8527,119169.53325389237,0.5817604555756969
2050-12-22 07:00:00,8528,136472.07828281922,0.666227820713411
2050-12-22 08:00:00,8529,146073.48251454922,0.7130998453618353
2050-12-22 09:00:00,8530,143845.8968527566,0.7022252433217536
2050-12-22 10:00:00,8531,141771.42898261445,0.6920981299542804
2050-12-22 11:00:00,8532,145917.03910118918,0.7123361217074492
2050-12-22 12:00:00,8533,152878.1493471656,0.7463187895709202
2050-12-22 13:00:00,8534,160892.37679524822,0.785442552868294
2050-12-22 14:00:00,8535,171572.94691755538,0.8375828371381298
2050-12-22 15:00:00,8536,181925.59252643914,0.8881222632933568
2050-12-22 16:00:00,8537,180674.83476301713,0.8820163284424333
2050-12-22 17:00:00,8538,168126.82555288315,0.8207596015313445
2050-12-22 18:00:00,8539,143001.50836706944,0.6981031173328094
2050-12-22 19:00:00,8540,107729.483002266,0.5259125499535806
2050-12-22 20:00:00,8541,78781.29432266457,0.38459361570503947
2050-12-22 21:00:00,8542,56160.46008880212,0.2741634875500792
2050-12-22 22:00:00,8543,36721.91689424421,0.17926863115670225
2050-12-22 23:00:00,8544,21788.64912149156,0.1063675764533878
2050-12-23 00:00:00,8545,17354.41246697943,0.08472057099970845
2050-12-23 01:00:00,8546,13458.699662792902,0.06570252507913668
2050-12-23 02:00:00,8547,13370.905341861271,0.06527393177388871
2050-12-23 03:00:00,8548,19639.409491570652,0.09587544316978874
2050-12-23 04:00:00,8549,32842.980345106174,0.16033248336490025
2050-12-23 05:00:00,8550,51795.3520850495,0.2528539535478781
2050-12-23 06:00:00,8551,77764.71769339779,0.37963090361897417
2050-12-23 07:00:00,8552,106620.57847067862,0.5204991125768327
2050-12-23 08:00:00,8553,134645.24535913434,0.6573096087768137
2050-12-23 09:00:00,8554,152775.95818588106,0.7458199139361719
2050-12-23 10:00:00,8555,160358.2696029923,0.7828351545257072
2050-12-23 11:00:00,8556,166458.3986073098,0.8126146940751444
2050-12-23 12:00:00,8557,176078.60163974113,0.8595784904924233
2050-12-23 13:00:00,8558,186358.03337902494,0.9097605020218652
2050-12-23 14:00:00,8559,193010.747950671,0.9422376474325985
2050-12-23 15:00:00,8560,198439.4060642319,0.9687392081174202
2050-12-23 16:00:00,8561,193282.88167157155,0.9435661466985251
2050-12-23 17:00:00,8562,173447.50905839136,0.8467340530175632
2050-12-23 18:00:00,8563,147222.31803629178,0.7187082173866428
2050-12-23 19:00:00,8564,113309.61411097509,0.5531535697623805
2050-12-23 20:00:00,8565,87719.95674492806,0.4282302750174021
2050-12-23 21:00:00,8566,64887.95419492824,0.3167692678076628
2050-12-23 22:00:00,8567,46530.85646376258,0.2271537994280238
2050-12-23 23:00:00,8568,31708.031362681457,0.1547919024878747
2050-12-24 00:00:00,8569,20257.64785550455,0.09889355209776687
2050-12-24 01:00:00,8570,20532.53638996895,0.10023549978083646
2050-12-24 02:00:00,8571,12032.274180507973,0.05873901758053063
2050-12-24 03:00:00,8572,13349.03073190789,0.06516714455483577
2050-12-24 04:00:00,8573,24406.436134207433,0.11914705895646278
2050-12-24 05:00:00,8574,39306.8766724508,0.19188785804425237
2050-12-24 06:00:00,8575,59548.04016370822,0.2907009369624033
2050-12-24 07:00:00,8576,83886.23376258923,0.40951485029550816
2050-12-24 08:00:00,8577,112044.45635929052,0.5469773372145276
2050-12-24 09:00:00,8578,141490.2726927134,0.6907255844148736
2050-12-24 10:00:00,8579,165702.34962354746,0.8089238228497445
2050-12-24 11:00:00,8580,174639.8266069966,0.8525546951005498
2050-12-24 12:00:00,8581,175036.70818278135,0.8544921870083702
2050-12-24 13:00:00,8582,171351.875597953,0.8365036137150373
2050-12-24 14:00:00,8583,165928.50142707909,0.810027848120797
2050-12-24 15:00:00,8584,159012.22035043433,0.7762640267801021
2050-12-24 16:00:00,8585,150721.42822281536,0.735790133213942
2050-12-24 17:00:00,8586,137660.18602521857,0.6720279114129245
2050-12-24 18:00:00,8587,119043.9403381513,0.5811473375254403
2050-12-24 19:00:00,8588,97400.42120522173,0.4754882549794982
2050-12-24 20:00:00,8589,76584.33762362131,0.3738685377827112
2050-12-24 21:00:00,8590,57983.14859666952,0.2830614673252487
2050-12-24 22:00:00,8591,43429.294168641005,0.21201262832045467
2050-12-24 23:00:00,8592,32201.923431470157,0.15720297910367032
2050-12-25 00:00:00,8593,9903.128805277951,0.048344980198159256
2050-12-25 01:00:00,8594,8265.543611401727,0.04035063565034815
2050-12-25 02:00:00,8595,13936.182469056914,0.06803349514604043
2050-12-25 03:00:00,8596,31282.978404345067,0.15271688384901888
2050-12-25 04:00:00,8597,56725.61890853279,0.2769224733702103
2050-12-25 05:00:00,8598,80813.01470645473,0.39451204488574276
2050-12-25 06:00:00,8599,104114.26261133335,0.5082638086670419
2050-12-25 07:00:00,8600,119441.0637930886,0.583086010236123
2050-12-25 08:00:00,8601,127389.6416700221,0.6218892862128099
2050-12-25 09:00:00,8602,138577.3572195811,0.6765053471912158
2050-12-25 10:00:00,8603,157187.7976308728,0.7673575809502482
2050-12-25 11:00:00,8604,170385.0990065833,0.8317840148806869
2050-12-25 12:00:00,8605,175867.7879367235,0.85854934258389
2050-12-25 13:00:00,8606,174697.2555333063,0.8528350509718948
2050-12-25 14:00:00,8607,171690.77719193138,0.8381580596151328
2050-12-25 15:00:00,8608,164873.90293090596,0.8048795213225708
2050-12-25 16:00:00,8609,155555.34038208428,0.759388269945734
2050-12-25 17:00:00,8610,139108.7736410088,0.6790996097597493
2050-12-25 18:00:00,8611,117503.23937994076,0.5736259613239841
2050-12-25 19:00:00,8612,91375.23014964626,0.4460745466455544
2050-12-25 20:00:00,8613,67531.02158246729,0.32967216375352537
2050-12-25 21:00:00,8614,47835.15750263339,0.23352112122465046
2050-12-25 22:00:00,8615,30797.64362976696,0.15034758213359015
2050-12-25 23:00:00,8616,19311.701392238476,0.09427564154299917
2050-12-26 00:00:00,8617,15275.248157729837,0.07457053060986524
2050-12-26 01:00:00,8618,12168.62123960066,0.05940463508400085
2050-12-26 02:00:00,8619,11080.97436848311,0.05409497310941928
2050-12-26 03:00:00,8620,17315.33447199384,0.08452980049364826
2050-12-26 04:00:00,8621,31243.328904367543,0.15252332337646815
2050-12-26 05:00:00,8622,47124.66187358364,0.23005263184188263
2050-12-26 06:00:00,8623,67760.32335323343,0.3307915664983613
2050-12-26 07:00:00,8624,92093.36930641778,0.44958035011396313
2050-12-26 08:00:00,8625,116311.6243464625,0.5678087487712571
2050-12-26 09:00:00,8626,130662.86157032376,0.6378684534412485
2050-12-26 10:00:00,8627,136709.25631677857,0.6673856737092331
2050-12-26 11:00:00,8628,143484.12107292842,0.7004591304845011
2050-12-26 12:00:00,8629,151275.81244643417,0.73849651973481
2050-12-26 13:00:00,8630,158810.94215710208,0.7752814292129794
2050-12-26 14:00:00,8631,166769.65954606544,0.8141342041427688
2050-12-26 15:00:00,8632,170239.41338066454,0.8310728084691894
2050-12-26 16:00:00,8633,165248.7822912234,0.8067096030682093
2050-12-26 17:00:00,8634,148282.16002547008,0.7238821418086593
2050-12-26 18:00:00,8635,124571.13001193768,0.608129908446689
2050-12-26 19:00:00,8636,97287.34465554178,0.47493623918099215
2050-12-26 20:00:00,8637,72503.99115210844,0.3539491493504629
2050-12-26 21:00:00,8638,54997.7909993596,0.2684875829737241
2050-12-26 22:00:00,8639,40278.525142725484,0.19663124036095675
2050-12-26 23:00:00,8640,25011.865313413826,0.12210263615389573
2050-12-27 00:00:00,8641,12981.152010433269,0.06337123844730984
2050-12-27 01:00:00,8642,8275.833227803618,0.04040086738124627
2050-12-27 02:00:00,8643,12576.039851756845,0.06139356657467831
2050-12-27 03:00:00,8644,29331.30140976931,0.14318920956433406
2050-12-27 04:00:00,8645,58334.2562623424,0.28477550068562774
2050-12-27 05:00:00,8646,83473.00402091104,0.4074975500996271
2050-12-27 06:00:00,8647,107661.03743397778,0.5255784131662471
2050-12-27 07:00:00,8648,122562.12043266067,0.5983223486100144
2050-12-27 08:00:00,8649,130806.42231761548,0.6385692866447258
2050-12-27 09:00:00,8650,128215.24256333747,0.6259196951495938
2050-12-27 10:00:00,8651,127102.8551527309,0.6204892550941443
2050-12-27 11:00:00,8652,131558.624958089,0.6422413808357369
2050-12-27 12:00:00,8653,138323.53316880442,0.6752662318621214
2050-12-27 13:00:00,8654,143913.32176377467,0.7025543974761754
2050-12-27 14:00:00,8655,153811.07597870516,0.750873140061048
2050-12-27 15:00:00,8656,163209.25207248732,0.7967530479251728
2050-12-27 16:00:00,8657,162188.89558591164,0.7917718833752101
2050-12-27 17:00:00,8658,149920.07951311377,0.7318781183079361
2050-12-27 18:00:00,8659,125070.61943628968,0.6105683101684376
2050-12-27 19:00:00,8660,95923.4773574907,0.46827812750601777
2050-12-27 20:00:00,8661,71027.16331644735,0.34673958822337
2050-12-27 21:00:00,8662,49453.09535442661,0.24141955160405823
2050-12-27 22:00:00,8663,31787.141205334454,0.15517810000703655
2050-12-27 23:00:00,8664,18341.724913155103,0.08954042153364478
2050-12-28 00:00:00,8665,11190.070833799728,0.05462755897789855
2050-12-28 01:00:00,8666,8909.177874868603,0.04349272198831229
2050-12-28 02:00:00,8667,14423.773368424927,0.07041381078549633
2050-12-28 03:00:00,8668,30028.27819263085,0.1465917027994074
2050-12-28 04:00:00,8669,59320.22790739704,0.2895888057120865
2050-12-28 05:00:00,8670,88218.91120889259,0.43066606517568945
2050-12-28 06:00:00,8671,111706.13945158225,0.5453257456291346
2050-12-28 07:00:00,8672,126599.4639567111,0.6180318057483846
2050-12-28 08:00:00,8673,136134.78375837018,0.6645812201868435
2050-12-28 09:00:00,8674,134520.15646705343,0.656698951263459
2050-12-28 10:00:00,8675,132650.4432800347,0.6475714069509502
2050-12-28 11:00:00,8676,136821.2242564693,0.6679322775082558
2050-12-28 12:00:00,8677,143775.01626902499,0.70187921930406
2050-12-28 13:00:00,8678,151433.36896908403,0.7392656773533132
2050-12-28 14:00:00,8679,161673.62507381098,0.7892564417209599
2050-12-28 15:00:00,8680,170732.30888624347,0.8334790200741798
2050-12-28 16:00:00,8681,167492.21886079447,0.8176615858874103
2050-12-28 17:00:00,8682,155856.28150254788,0.7608574008432207
2050-12-28 18:00:00,8683,129963.95935806603,0.6344565606671142
2050-12-28 19:00:00,8684,99518.08287474571,0.4858262313395526
2050-12-28 20:00:00,8685,74049.04765285691,0.36149178838934043
2050-12-28 21:00:00,8686,51440.799910026166,0.2511231048214047
2050-12-28 22:00:00,8687,32484.7766905815,0.15858380888783255
2050-12-28 23:00:00,8688,19296.324027890525,0.09420057250274742
2050-12-29 00:00:00,8689,12479.70174820459,0.06092326432978781
2050-12-29 01:00:00,8690,8886.190649495666,0.04338050321611244
2050-12-29 02:00:00,8691,15474.93545352069,0.07554536175168454
2050-12-29 03:00:00,8692,33835.55049538539,0.16517800089820328
2050-12-29 04:00:00,8693,61722.02853238406,0.3013138883539521
2050-12-29 05:00:00,8694,91111.89093849395,0.44478898031607556
2050-12-29 06:00:00,8695,117571.8572887434,0.5739609394412569
2050-12-29 07:00:00,8696,134642.4314381292,0.6572958718096442
2050-12-29 08:00:00,8697,144115.11206078975,0.7035394950251617
2050-12-29 09:00:00,8698,141917.39106253526,0.6928106859557426
2050-12-29 10:00:00,8699,139870.73507895807,0.6828193443359355
2050-12-29 11:00:00,8700,143960.76603659254,0.7027860103810458
2050-12-29 12:00:00,8701,150828.55042874088,0.7363130811656533
2050-12-29 13:00:00,8702,158735.33314938322,0.7749123220294979
2050-12-29 14:00:00,8703,169272.7115477089,0.8263535745896041
2050-12-29 15:00:00,8704,179486.56183883676,0.8762154313604028
2050-12-29 16:00:00,8705,178252.57267657557,0.8701913572735883
2050-12-29 17:00:00,8706,165872.79146466547,0.8097558838676115
2050-12-29 18:00:00,8707,141084.3230918507,0.6887438243266177
2050-12-29 19:00:00,8708,106285.18089941653,0.5188617725744958
2050-12-29 20:00:00,8709,77725.09332367811,0.3794374658270269
2050-12-29 21:00:00,8710,55407.530913017705,0.27048784656735114
2050-12-29 22:00:00,8711,36229.5953916242,0.1768652217127488
2050-12-29 23:00:00,8712,21496.534188788242,0.10494153313770338
2050-12-30 00:00:00,8713,17121.746223720173,0.08358474361178697
2050-12-30 01:00:00,8714,13278.262253284114,0.06482166781056714
2050-12-30 02:00:00,8715,13191.644964210062,0.06439882052589166
2050-12-30 03:00:00,8716,19376.108862778514,0.09459006519123164
2050-12-30 04:00:00,8717,32402.662769686438,0.15818294609409111
2050-12-30 05:00:00,8718,51100.94482201945,0.24946400416513823
2050-12-30 06:00:00,8719,76722.14567997961,0.3745412875658139
2050-12-30 07:00:00,8720,105191.14316940984,0.51352091177856
2050-12-30 08:00:00,8721,132840.09039460222,0.6484972240516546
2050-12-30 09:00:00,8722,150727.72931475908,0.7358208938120556
2050-12-30 10:00:00,8723,158208.38659699852,0.7723398804162019
2050-12-30 11:00:00,8724,164226.73270834787,0.8017201731802207
2050-12-30 12:00:00,8725,173717.96009215945,0.8480543377608175
2050-12-30 13:00:00,8726,183859.57806760308,0.8975635716444373
2050-12-30 14:00:00,8727,190423.10137312644,0.9296053041589704
2050-12-30 15:00:00,8728,195778.9788234401,0.9557515650397924
2050-12-30 16:00:00,8729,190691.58667159395,0.9309159925982635
2050-12-30 17:00:00,8730,171122.1418954481,0.8353821023708113
2050-12-30 18:00:00,8731,145248.54541705368,0.7090726769358432
2050-12-30 19:00:00,8732,111790.5006062143,0.5457375789426635
2050-12-30 20:00:00,8733,86543.91734395247,0.4224890994081221
2050-12-30 21:00:00,8734,64018.01770142074,0.3125224218482462
2050-12-30 22:00:00,8735,45907.028975592264,0.22410840557768955
2050-12-30 23:00:00,8736,31282.929761831798,0.15271664638655758
2050-12-31 00:00:00,8737,19982.554209633512,0.09755060310419357
2050-12-31 01:00:00,8738,20253.709854554712,0.09887432761006366
2050-12-31 02:00:00,8739,11868.879009900025,0.05794135691763931
2050-12-31 03:00:00,8740,13167.754336778144,0.06428219153592012
2050-12-31 04:00:00,8741,24075.00303948041,0.11752907269003626
2050-12-31 05:00:00,8742,38773.09941896511,0.1892820703929557
2050-12-31 06:00:00,8743,58739.393135772516,0.28675329321045934
2050-12-31 07:00:00,8744,82747.08034424919,0.40395374425163205
2050-12-31 08:00:00,8745,110522.92154626212,0.5395495260799834
2050-12-31 09:00:00,8746,139568.87128644792,0.6813457091486737
2050-12-31 10:00:00,8747,163452.15448388536,0.7979388461208767
2050-12-31 11:00:00,8748,172268.26281291142,0.8409772222716987
2050-12-31 12:00:00,8749,172659.75485102163,0.8428884035965429
2050-12-31 13:00:00,8750,169024.96133473696,0.8251441104519838
2050-12-31 14:00:00,8751,163675.23518616924,0.7990278789252121
2050-12-31 15:00:00,8752,156852.87542131194,0.7657225615631921
2050-12-31 16:00:00,8753,148674.67010837895,0.7257982930128822
2050-12-31 17:00:00,8754,135790.79621723827,0.6629019457684827
2050-12-31 18:00:00,8755,117427.35435342924,0.5732555066751381
2050-12-31 19:00:00,8756,96077.74863555194,0.46903124725530754
2050-12-31 20:00:00,8757,75544.34208166049,0.36879149951825146
2050-12-31 21:00:00,8758,57195.75240494202,0.2792175656608692
2050-12-31 22:00:00,8759,42839.535566076214,0.2091335515636732
2050-12-31 23:00:00,8760,31764.62961849581,0.15506820320155792
