LOAD_AREA,Total_VMT,HD_VMT,LD_VMT
CO_E,639592.8367678188,17120.34616588078,622472.490601938
WY_SE,505881881.7309269,164042054.86410555,341839826.8668213
