LOAD_AREA,Total_VMT,HD_VMT,LD_VMT
AZ_APS_E,2256.4436352790585,154.6783153342364,2101.7653199448223
AZ_NM_N,2418248391.337443,427127232.3343731,1991121159.0030696
AZ_SE,5069.683845551594,4.30921992866641,5065.374625622927
CO_E,43360.73172853468,19552.06482160389,23808.66690693079
CO_SW,11360.010936160164,1630.245939329166,9729.764996831
NM_N,14139540589.316118,2426234738.7127643,11713305850.603354
NM_S_TX_EPE,4007963315.7909455,807922058.8160365,3200041256.9749093
