LOAD_AREA,Total_VMT,HD_VMT,LD_VMT
WY_NE,2833858890.262468,260413835.69040728,2573445054.5720606
WY_SE,16295.655361825344,3990.337653945096,12305.31770788025
