LOAD_AREA,Total_VMT,HD_VMT,LD_VMT
WY_NE,1788304365.8380842,154778101.40482903,1633526264.4332552
WY_SE,49162.38130052124,7574.38008594361,41588.001214577635
