LOAD_AREA,Total_VMT,HD_VMT,LD_VMT
NM_N,1653942.5307702608,1112690.3883230602,541252.1424472006
NM_S_TX_EPE,7171036126.843896,890947745.8660893,6280088380.977806
