LOAD_AREA,Total_VMT,HD_VMT,LD_VMT
NM_N,43254.815638709035,8224.032833335405,35030.78280537363
NM_S_TX_EPE,7687154360.551531,797157788.2361714,6889996572.315359
