LOAD_AREA,h2_daily_ts,zone_demand_mwh_h2
AZ_APS_E,1,1.7541648326588257e-05
AZ_APS_E,2,1.3403398124537959e-05
AZ_APS_E,3,1.0842294654705765e-05
AZ_APS_E,4,1.6713017845190722e-05
AZ_APS_E,5,1.6602663180616537e-05
AZ_APS_E,6,1.327237737931081e-05
AZ_APS_E,7,2.62419422569283e-06
AZ_APS_E,8,1.3798726167044352e-05
AZ_APS_E,9,1.6819774400430286e-05
AZ_APS_E,10,9.018159734937961e-06
AZ_APS_E,11,2.8293213436558365e-09
AZ_APS_E,12,1.139855855895393e-05
AZ_APS_E,13,5.242760154301793e-06
AZ_APS_E,14,1.0402313974475066e-05
AZ_APS_E,15,1.3664206415271008e-05
AZ_APS_E,16,1.4771218739405066e-05
AZ_APS_E,17,2.0906818180823866e-05
AZ_APS_E,18,2.0593706954515593e-05
AZ_APS_E,19,1.678354429404294e-05
AZ_APS_E,20,1.5607755598282142e-05
AZ_APS_E,21,2.0653001927669033e-05
AZ_APS_E,22,2.3608557922328235e-05
AZ_APS_E,23,8.503068418287164e-06
AZ_APS_E,24,3.077766180658996e-05
AZ_APS_E,25,3.317339615840351e-05
AZ_APS_E,26,1.7473205524179446e-05
AZ_APS_E,27,1.1059099177946883e-05
AZ_APS_E,28,1.4662172345572165e-05
AZ_APS_E,29,1.4596868500050356e-05
AZ_APS_E,30,1.7775885374629502e-05
AZ_APS_E,31,1.8257062736881924e-05
AZ_APS_E,32,7.394113875051841e-05
AZ_APS_E,33,3.379828931793257e-05
AZ_APS_E,34,6.523506956557745e-05
AZ_APS_E,35,9.882693361686302e-05
AZ_APS_E,36,6.0644373882726e-05
AZ_APS_E,37,4.5982810314456215e-05
AZ_APS_E,38,1.1916867292393648e-05
AZ_APS_E,39,7.51623962707702e-07
AZ_APS_E,40,3.6290898168154413e-05
AZ_APS_E,41,0.00010185596862063083
AZ_APS_E,42,5.716521830175173e-05
AZ_APS_E,43,6.663840404284613e-05
AZ_APS_E,44,6.0215985719688686e-05
AZ_APS_E,45,6.111181817902647e-05
AZ_APS_E,46,3.565891992964784e-05
AZ_APS_E,47,8.227099966087141e-05
AZ_APS_E,48,3.086562981956467e-05
AZ_APS_E,49,6.456297140670355e-05
AZ_APS_E,50,6.917426128266518e-05
AZ_APS_E,51,0.00010726954929203505
AZ_APS_E,52,7.249866930925018e-05
AZ_APS_E,53,8.480840233946699e-05
AZ_APS_E,54,5.782306480633332e-05
AZ_APS_E,55,3.171352779196324e-05
AZ_APS_E,56,5.704150289134685e-05
AZ_APS_E,57,4.72369949004603e-05
AZ_APS_E,58,3.470125800360614e-05
AZ_APS_E,59,5.691233012667705e-05
AZ_APS_E,60,7.994708812134128e-06
AZ_APS_E,61,3.6486796836060605e-06
AZ_APS_E,62,3.903813848339216e-06
AZ_APS_E,63,1.4267344102020706e-05
AZ_APS_E,64,7.881209777109849e-06
AZ_APS_E,65,6.462685285526769e-06
AZ_APS_E,66,1.587850984121042e-05
AZ_APS_E,67,2.20325822775626e-05
AZ_APS_E,68,1.2600682614017613e-05
AZ_APS_E,69,9.8958848045978e-06
AZ_APS_E,70,1.573715584876499e-05
AZ_APS_E,71,1.1899653209157683e-05
AZ_APS_E,72,1.223575420403597e-05
AZ_APS_E,73,1.6057027073843624e-05
AZ_APS_E,74,1.9507928238970993e-06
AZ_APS_E,75,1.2532292116056905e-05
AZ_APS_E,76,9.339103483709962e-06
AZ_APS_E,77,7.993384270981529e-06
AZ_APS_E,78,8.186382204530624e-06
AZ_APS_E,79,9.931958754686768e-06
AZ_APS_E,80,7.959132294069648e-06
AZ_APS_E,81,1.1705850587880655e-05
AZ_APS_E,82,3.6032865387058672e-06
AZ_APS_E,83,5.6995614807861495e-06
AZ_APS_E,84,3.964818224614322e-06
AZ_APS_E,85,5.964544287135288e-06
AZ_APS_E,86,6.06236566809085e-06
AZ_APS_E,87,5.984271866849666e-06
AZ_APS_E,88,3.818661549070493e-06
AZ_APS_E,89,1.783680674318395e-06
AZ_APS_E,90,3.4370465657205715e-06
AZ_APS_E,91,8.942714532710012e-06
AZ_APS_E,92,8.810751086968032e-06
AZ_APS_E,93,1.718482431210489e-06
AZ_APS_E,94,5.3574599632831255e-06
AZ_APS_E,95,3.36938052025829e-06
AZ_APS_E,96,1.2711765125542614e-05
AZ_APS_E,97,5.100611194387672e-06
AZ_APS_E,98,1.3677356290649515e-05
AZ_APS_E,99,8.889385392007874e-06
AZ_APS_E,100,7.002401555195859e-06
AZ_APS_E,101,1.4433020479207305e-05
AZ_APS_E,102,3.320241893928248e-06
AZ_APS_E,103,9.285501909972019e-06
AZ_APS_E,104,8.152218652942683e-06
AZ_APS_E,105,8.961912135696908e-06
AZ_APS_E,106,8.975757875166878e-06
AZ_APS_E,107,5.353961094021212e-06
AZ_APS_E,108,1.0974140831279603e-05
AZ_APS_E,109,6.9839782062865575e-06
AZ_APS_E,110,4.656531668898706e-06
AZ_APS_E,111,9.968837395230284e-06
AZ_APS_E,112,3.421438095921492e-06
AZ_APS_E,113,5.51144013532279e-06
AZ_APS_E,114,1.7438635713053914e-06
AZ_APS_E,115,1.612040460625547e-05
AZ_APS_E,116,8.686005259728906e-06
AZ_APS_E,117,7.6048202076343656e-06
AZ_APS_E,118,1.0181166962433072e-05
AZ_APS_E,119,6.8625759833779495e-06
AZ_APS_E,120,3.56389542673648e-06
AZ_APS_E,121,7.79704461612204e-06
AZ_APS_E,122,8.027709191441312e-06
AZ_APS_E,123,1.1399862985891316e-05
AZ_APS_E,124,6.90899183901399e-06
AZ_APS_E,125,3.5547582841092763e-06
AZ_APS_E,126,5.4074606229097235e-06
AZ_APS_E,127,5.534702190094534e-06
AZ_APS_E,128,3.794064208318643e-06
AZ_APS_E,129,1.1913344984228909e-05
AZ_APS_E,130,1.939952397790597e-06
AZ_APS_E,131,8.66489242545906e-06
AZ_APS_E,132,3.448056089307227e-06
AZ_APS_E,133,1.9169719540879272e-06
AZ_APS_E,134,1.1572170577844664e-05
AZ_APS_E,135,3.773493500278425e-06
AZ_APS_E,136,1.9790654496153086e-06
AZ_APS_E,137,1.1427432354217035e-05
AZ_APS_E,138,3.5259838854145194e-06
AZ_APS_E,139,3.6142765583231847e-06
AZ_APS_E,140,3.849405882531006e-06
AZ_APS_E,141,5.655678655717909e-06
AZ_APS_E,142,9.686202269578857e-06
AZ_APS_E,143,5.910758839147937e-06
AZ_APS_E,144,7.430575366715872e-06
AZ_APS_E,145,5.083801855708994e-06
AZ_APS_E,146,6.627937150004996e-06
AZ_APS_E,147,5.181258322938733e-06
AZ_APS_E,148,5.737217945689471e-06
AZ_APS_E,149,5.628091125450235e-06
AZ_APS_E,150,9.558701952885445e-06
AZ_APS_E,151,7.298610726401386e-06
AZ_APS_E,152,2.6736825744229956e-06
AZ_APS_E,153,1.9173256644868476e-06
AZ_APS_E,154,1.7312904572795977e-07
AZ_APS_E,155,3.437619889206448e-07
AZ_APS_E,156,1.29034878510861e-06
AZ_APS_E,157,9.670916413167802e-07
AZ_APS_E,158,4.800226691664856e-06
AZ_APS_E,159,3.530697725917809e-06
AZ_APS_E,160,7.347293555313602e-06
AZ_APS_E,161,2.027035456262034e-06
AZ_APS_E,162,1.8606637919911462e-06
AZ_APS_E,163,1.1314003532521988e-06
AZ_APS_E,164,5.906887049176899e-06
AZ_APS_E,165,6.5205598011205015e-06
AZ_APS_E,166,1.0079812850604213e-06
AZ_APS_E,167,3.2548413126894714e-06
AZ_APS_E,168,2.2269601282241506e-06
AZ_APS_E,169,2.9855311399026885e-06
AZ_APS_E,170,3.66606955399228e-06
AZ_APS_E,171,3.0028227011677552e-06
AZ_APS_E,172,4.774448584088031e-06
AZ_APS_E,173,8.235293335040218e-07
AZ_APS_E,174,2.769640273230663e-06
AZ_APS_E,175,8.408186941776644e-06
AZ_APS_E,176,2.7504848764741283e-06
AZ_APS_E,177,2.1566108007880655e-06
AZ_APS_E,178,4.101441993282057e-06
AZ_APS_E,179,6.687966768087048e-06
AZ_APS_E,180,6.033762974306277e-06
AZ_APS_E,181,3.346302158329683e-06
AZ_APS_E,182,4.724754391746585e-07
AZ_APS_E,183,9.277797226393334e-07
AZ_APS_E,184,9.164287149876455e-07
AZ_APS_E,185,2.0631372040932745e-07
AZ_APS_E,186,6.139002025472312e-07
AZ_APS_E,187,4.096575978829698e-07
AZ_APS_E,188,6.414380931199333e-07
AZ_APS_E,189,4.674932291204591e-07
AZ_APS_E,190,5.761659259846627e-07
AZ_APS_E,191,3.4238824798553234e-07
AZ_APS_E,192,7.13920299548952e-07
AZ_APS_E,193,5.739933520434538e-07
AZ_APS_E,194,2.0437513213957412e-07
AZ_APS_E,195,4.3549144861883116e-07
AZ_APS_E,196,4.703228664594386e-07
AZ_APS_E,197,8.286250666122213e-07
AZ_APS_E,198,1.2117870660708582e-07
AZ_APS_E,199,6.000523669109135e-07
AZ_APS_E,200,3.435907006006579e-07
AZ_APS_E,201,4.221497717179766e-07
AZ_APS_E,202,2.1106839375222666e-07
AZ_APS_E,203,1.0507292007864887e-06
AZ_APS_E,204,7.211409143505455e-07
AZ_APS_E,205,2.3821615703499623e-07
AZ_APS_E,206,3.489649369191066e-07
AZ_APS_E,207,5.965071402170704e-07
AZ_APS_E,208,2.1052873824568958e-07
AZ_APS_E,209,1.0468318312378724e-07
AZ_APS_E,210,5.458172254848821e-07
AZ_APS_E,211,7.077207533646383e-07
AZ_APS_E,212,4.784933117038826e-07
AZ_APS_E,213,8.570764697421211e-07
AZ_APS_E,214,3.446762444228021e-07
AZ_APS_E,215,1.0519508057266591e-07
AZ_APS_E,216,4.2988847397336517e-07
AZ_APS_E,217,2.3239073765287789e-07
AZ_APS_E,218,4.761622086141456e-07
AZ_APS_E,219,3.647572244877219e-07
AZ_APS_E,220,1.173374952035667e-07
AZ_APS_E,221,3.532721751352171e-07
AZ_APS_E,222,5.38920029614162e-07
AZ_APS_E,223,8.565393358401907e-07
AZ_APS_E,224,2.346818848434478e-07
AZ_APS_E,225,6.097302268973423e-07
AZ_APS_E,226,1.2114142815938672e-07
AZ_APS_E,227,1.1769912394257405e-07
AZ_APS_E,228,0.0
AZ_APS_E,229,2.1393548158513164e-07
AZ_APS_E,230,4.3378848027702e-07
AZ_APS_E,231,4.6563982919401744e-07
AZ_APS_E,232,4.6554354350433317e-07
AZ_APS_E,233,9.613779640964482e-07
AZ_APS_E,234,9.856102776825858e-07
AZ_APS_E,235,3.557598303266316e-07
AZ_APS_E,236,5.227382365559059e-07
AZ_APS_E,237,5.406341277313691e-07
AZ_APS_E,238,3.5298503234864307e-07
AZ_APS_E,239,3.618278300300916e-07
AZ_APS_E,240,1.2636894794876702e-06
AZ_APS_E,241,5.951371647915233e-07
AZ_APS_E,242,6.69049574860547e-07
AZ_APS_E,243,2.0632809239343673e-07
AZ_APS_E,244,4.6846599560488935e-07
AZ_APS_E,245,4.817343302244403e-07
AZ_APS_E,246,2.2954284339378548e-07
AZ_APS_E,247,2.256635055183943e-07
AZ_APS_E,248,4.5203759925366433e-07
AZ_APS_E,249,4.317410205668505e-07
AZ_APS_E,250,2.0701519365523344e-07
AZ_APS_E,251,6.905528943525108e-08
AZ_APS_E,252,2.9081968956557575e-07
AZ_APS_E,253,4.4712472357275873e-07
AZ_APS_E,254,3.8950364819076075e-07
AZ_APS_E,255,2.964619528557429e-07
AZ_APS_E,256,2.910259966198713e-07
AZ_APS_E,257,4.2226372808980714e-07
AZ_APS_E,258,4.91991875566048e-07
AZ_APS_E,259,3.753097406030869e-07
AZ_APS_E,260,5.374202154216963e-07
AZ_APS_E,261,4.6206217231406863e-07
AZ_APS_E,262,1.514239631812954e-07
AZ_APS_E,263,5.123515968971409e-07
AZ_APS_E,264,6.199637316209764e-07
AZ_APS_E,265,2.7732836927645246e-07
AZ_APS_E,266,4.441734102120241e-07
AZ_APS_E,267,6.223070630490763e-07
AZ_APS_E,268,3.9904570953457167e-07
AZ_APS_E,269,3.8599184228939356e-07
AZ_APS_E,270,2.966308698529481e-07
AZ_APS_E,271,1.3349540992452592e-07
AZ_APS_E,272,3.539965509486539e-07
AZ_APS_E,273,1.4685574481200877e-07
AZ_APS_E,274,8.641494334500923e-06
AZ_APS_E,275,1.783572594612187e-05
AZ_APS_E,276,1.590370727170852e-05
AZ_APS_E,277,1.3391255010206962e-05
AZ_APS_E,278,8.09533922819618e-06
AZ_APS_E,279,8.431104851083908e-06
AZ_APS_E,280,1.6957256901438928e-05
AZ_APS_E,281,1.3978323930496861e-05
AZ_APS_E,282,6.937349099090739e-06
AZ_APS_E,283,1.2537396268217112e-05
AZ_APS_E,284,6.784706681759955e-06
AZ_APS_E,285,6.331313471093199e-06
AZ_APS_E,286,8.367842582085002e-06
AZ_APS_E,287,1.1172335801491173e-05
AZ_APS_E,288,8.710993433953096e-06
AZ_APS_E,289,5.282835991062582e-06
AZ_APS_E,290,6.779015935832121e-06
AZ_APS_E,291,6.688961205105951e-06
AZ_APS_E,292,8.044024552182764e-06
AZ_APS_E,293,9.814112849076856e-06
AZ_APS_E,294,8.635476103811265e-06
AZ_APS_E,295,1.2246040928483958e-05
AZ_APS_E,296,5.318332793093391e-06
AZ_APS_E,297,1.2681771959620695e-05
AZ_APS_E,298,7.034177629337241e-06
AZ_APS_E,299,0.0
AZ_APS_E,300,5.2236358098402466e-06
AZ_APS_E,301,6.9881795928962624e-06
AZ_APS_E,302,1.4534716120460606e-05
AZ_APS_E,303,1.1031329329201313e-05
AZ_APS_E,304,1.4424388391015348e-05
AZ_APS_E,305,5.454250580658769e-06
AZ_APS_E,306,5.276022380564579e-06
AZ_APS_E,307,1.0896480858238609e-05
AZ_APS_E,308,9.917940681802547e-06
AZ_APS_E,309,4.0552626699650475e-06
AZ_APS_E,310,1.0328793848776005e-05
AZ_APS_E,311,7.984717151651635e-06
AZ_APS_E,312,8.05317391462975e-06
AZ_APS_E,313,3.608130109118796e-06
AZ_APS_E,314,7.47248552153293e-06
AZ_APS_E,315,7.197575075936019e-06
AZ_APS_E,316,8.09391917464057e-06
AZ_APS_E,317,5.897148608810554e-06
AZ_APS_E,318,7.73955103171985e-06
AZ_APS_E,319,5.597358813633281e-06
AZ_APS_E,320,1.8564617759219476e-06
AZ_APS_E,321,8.924150404006906e-06
AZ_APS_E,322,5.575461447129262e-06
AZ_APS_E,323,5.788500343064442e-06
AZ_APS_E,324,3.989214389996786e-06
AZ_APS_E,325,7.943040002148825e-06
AZ_APS_E,326,5.673354262290705e-06
AZ_APS_E,327,5.295837510856847e-06
AZ_APS_E,328,7.252033254190789e-06
AZ_APS_E,329,9.48189744570753e-06
AZ_APS_E,330,6.0208665475900196e-06
AZ_APS_E,331,7.48784836228216e-06
AZ_APS_E,332,3.346437292379739e-06
AZ_APS_E,333,3.5300441113291393e-06
AZ_APS_E,334,7.342643875896535e-06
AZ_APS_E,335,6.8685930244350995e-06
AZ_APS_E,336,4.9821953776869784e-06
AZ_APS_E,337,8.490664505649457e-06
AZ_APS_E,338,3.4897127604148136e-06
AZ_APS_E,339,5.0717929973356785e-06
AZ_APS_E,340,9.810600803521482e-06
AZ_APS_E,341,4.724765736979547e-06
AZ_APS_E,342,6.2619628627795165e-06
AZ_APS_E,343,4.995113542462915e-06
AZ_APS_E,344,1.0231872280450108e-05
AZ_APS_E,345,3.451957149957462e-06
AZ_APS_E,346,6.870594949234866e-06
AZ_APS_E,347,6.564640938559198e-06
AZ_APS_E,348,6.389012333512939e-06
AZ_APS_E,349,4.572678476744209e-06
AZ_APS_E,350,5.093789733261579e-06
AZ_APS_E,351,3.448357923175951e-06
AZ_APS_E,352,8.314918713563828e-06
AZ_APS_E,353,1.156296208322108e-05
AZ_APS_E,354,8.177666244007136e-06
AZ_APS_E,355,6.140358365549379e-06
AZ_APS_E,356,6.148422091705422e-06
AZ_APS_E,357,7.661466059162254e-06
AZ_APS_E,358,3.003298100117882e-06
AZ_APS_E,359,0.0
AZ_APS_E,360,3.1456185464334007e-06
AZ_APS_E,361,8.35800348793245e-06
AZ_APS_E,362,3.1295237542208154e-06
AZ_APS_E,363,7.692175340189124e-06
AZ_APS_E,364,4.717055281251167e-06
AZ_APS_E,365,4.687942804328319e-06
AZ_APS_N,1,0.0016678428093953807
AZ_APS_N,2,0.0016648753138214405
AZ_APS_N,3,0.003255343758368359
AZ_APS_N,4,0.0025105676232649757
AZ_APS_N,5,0.0028325145924275002
AZ_APS_N,6,0.0027689659194708046
AZ_APS_N,7,0.001369325468648604
AZ_APS_N,8,0.0025087184715109918
AZ_APS_N,9,0.002192855767946495
AZ_APS_N,10,0.0026046345564190968
AZ_APS_N,11,0.0015513738099500994
AZ_APS_N,12,0.0026399979379923555
AZ_APS_N,13,0.0023289147797466918
AZ_APS_N,14,0.0028778288350200594
AZ_APS_N,15,0.0027949114386394336
AZ_APS_N,16,0.0017132102500694644
AZ_APS_N,17,0.003137320454626142
AZ_APS_N,18,0.003210009722058574
AZ_APS_N,19,0.0019197140880351867
AZ_APS_N,20,0.001994467496631149
AZ_APS_N,21,0.001958149195044204
AZ_APS_N,22,0.0030390866289069264
AZ_APS_N,23,0.001483920932741444
AZ_APS_N,24,0.0026493792243649007
AZ_APS_N,25,0.002400304322672176
AZ_APS_N,26,0.00271922570681294
AZ_APS_N,27,0.0019075179301848745
AZ_APS_N,28,0.0026048522891152694
AZ_APS_N,29,0.0015880406778439266
AZ_APS_N,30,0.0026631867531991087
AZ_APS_N,31,0.0033798313607752407
AZ_APS_N,32,0.0022510979485415666
AZ_APS_N,33,0.0009621434536777461
AZ_APS_N,34,0.0011293296634925655
AZ_APS_N,35,0.001293356989819733
AZ_APS_N,36,0.002040473138474075
AZ_APS_N,37,0.0015816463086762269
AZ_APS_N,38,0.001239791848315496
AZ_APS_N,39,0.0006277913135522622
AZ_APS_N,40,0.0015999412125079222
AZ_APS_N,41,0.0009766190195214602
AZ_APS_N,42,0.001525449201146624
AZ_APS_N,43,0.0027700650165178465
AZ_APS_N,44,0.001742283291789408
AZ_APS_N,45,0.0019321392257852224
AZ_APS_N,46,0.002178106469921725
AZ_APS_N,47,0.0014319282340392032
AZ_APS_N,48,0.0018237901114388354
AZ_APS_N,49,0.0018015710132398034
AZ_APS_N,50,0.0031038348345421496
AZ_APS_N,51,0.002368633067656047
AZ_APS_N,52,0.002605002003119328
AZ_APS_N,53,0.0034332061057538044
AZ_APS_N,54,0.0020064816179094407
AZ_APS_N,55,0.0013302430741495537
AZ_APS_N,56,0.0023240749563425344
AZ_APS_N,57,0.0017028492736550133
AZ_APS_N,58,0.0013664459773054063
AZ_APS_N,59,0.002071100280099836
AZ_APS_N,60,0.002489669470544422
AZ_APS_N,61,0.0016309458087082295
AZ_APS_N,62,0.001291278713615369
AZ_APS_N,63,0.002799833195038831
AZ_APS_N,64,0.002088385823372273
AZ_APS_N,65,0.0020610752471271433
AZ_APS_N,66,0.002165036588848403
AZ_APS_N,67,0.002937391152047064
AZ_APS_N,68,0.0017428605212237848
AZ_APS_N,69,0.0020437905566272766
AZ_APS_N,70,0.001493281547554663
AZ_APS_N,71,0.001625342658740473
AZ_APS_N,72,0.002384246473558426
AZ_APS_N,73,0.0026968740916529835
AZ_APS_N,74,0.0009710994233262637
AZ_APS_N,75,0.002184267807225847
AZ_APS_N,76,0.0019283813203869215
AZ_APS_N,77,0.0014561296526996296
AZ_APS_N,78,0.002379899455642139
AZ_APS_N,79,0.0025610398932500375
AZ_APS_N,80,0.0025351363261391356
AZ_APS_N,81,0.0021623327437341774
AZ_APS_N,82,0.0023288524513263194
AZ_APS_N,83,0.0019431727383720525
AZ_APS_N,84,0.0024354314743534606
AZ_APS_N,85,0.002122622870753746
AZ_APS_N,86,0.0026383569531407166
AZ_APS_N,87,0.002366382739902851
AZ_APS_N,88,0.0024815518353924785
AZ_APS_N,89,0.002226347195153737
AZ_APS_N,90,0.0012078693330498656
AZ_APS_N,91,0.007117563291270488
AZ_APS_N,92,0.007051872173431516
AZ_APS_N,93,0.0053626710592885405
AZ_APS_N,94,0.00469277008836941
AZ_APS_N,95,0.004318566843239528
AZ_APS_N,96,0.006417057386196386
AZ_APS_N,97,0.0069661925073547125
AZ_APS_N,98,0.004116364282069636
AZ_APS_N,99,0.006265987493821842
AZ_APS_N,100,0.0073219424176085264
AZ_APS_N,101,0.014136626063657684
AZ_APS_N,102,0.00618815022065577
AZ_APS_N,103,0.005805461956585058
AZ_APS_N,104,0.007502117172243941
AZ_APS_N,105,0.008241208812072935
AZ_APS_N,106,0.00835774284220448
AZ_APS_N,107,0.0055545033694834635
AZ_APS_N,108,0.011949515536806272
AZ_APS_N,109,0.006676863592291843
AZ_APS_N,110,0.006109274957896091
AZ_APS_N,111,0.00805861172744084
AZ_APS_N,112,0.007761016004450659
AZ_APS_N,113,0.008035137864176811
AZ_APS_N,114,0.008797157044939356
AZ_APS_N,115,0.009500030598549756
AZ_APS_N,116,0.011030048325326669
AZ_APS_N,117,0.008028980774196002
AZ_APS_N,118,0.00794812957499477
AZ_APS_N,119,0.006813160264019153
AZ_APS_N,120,0.007097581264288645
AZ_APS_N,121,0.02099981773874534
AZ_APS_N,122,0.01917917137136839
AZ_APS_N,123,0.01772813084354408
AZ_APS_N,124,0.013486734222132365
AZ_APS_N,125,0.02120210251545676
AZ_APS_N,126,0.02343958127836801
AZ_APS_N,127,0.014113449500175878
AZ_APS_N,128,0.017301377278426348
AZ_APS_N,129,0.020711105935669393
AZ_APS_N,130,0.02468423946865331
AZ_APS_N,131,0.017342856969638783
AZ_APS_N,132,0.012258012505324361
AZ_APS_N,133,0.01662215059673434
AZ_APS_N,134,0.014866061925262079
AZ_APS_N,135,0.0233298284126573
AZ_APS_N,136,0.02703220492790177
AZ_APS_N,137,0.026479074270972715
AZ_APS_N,138,0.025555494710618045
AZ_APS_N,139,0.020542059131032624
AZ_APS_N,140,0.01881196133206189
AZ_APS_N,141,0.013866394478058094
AZ_APS_N,142,0.016239501671049275
AZ_APS_N,143,0.025426049747642007
AZ_APS_N,144,0.018217483945832016
AZ_APS_N,145,0.019625824959408355
AZ_APS_N,146,0.008922843877886057
AZ_APS_N,147,0.022061100749105552
AZ_APS_N,148,0.018461666114396827
AZ_APS_N,149,0.013261507585926303
AZ_APS_N,150,0.015320849414461983
AZ_APS_N,151,0.016145741633555928
AZ_APS_N,152,0.00750776433153189
AZ_APS_N,153,0.0055639171663581875
AZ_APS_N,154,0.008034375224555254
AZ_APS_N,155,0.0037971808806156284
AZ_APS_N,156,0.004533379880833504
AZ_APS_N,157,0.011933037756518277
AZ_APS_N,158,0.009244058568656987
AZ_APS_N,159,0.0030007617789434672
AZ_APS_N,160,0.004441098517561715
AZ_APS_N,161,0.007185331783922705
AZ_APS_N,162,0.005758943264058532
AZ_APS_N,163,0.008679394173804525
AZ_APS_N,164,0.006790533530799565
AZ_APS_N,165,0.004534813088698969
AZ_APS_N,166,0.003390700808580018
AZ_APS_N,167,0.00268958875057839
AZ_APS_N,168,0.00647623133239944
AZ_APS_N,169,0.007708330262958216
AZ_APS_N,170,0.003660058839156015
AZ_APS_N,171,0.007523125535085788
AZ_APS_N,172,0.00576799971073135
AZ_APS_N,173,0.0037684859313894094
AZ_APS_N,174,0.008236593576495055
AZ_APS_N,175,0.007849039433649297
AZ_APS_N,176,0.004175088324087789
AZ_APS_N,177,0.009870848520983001
AZ_APS_N,178,0.012496221694535146
AZ_APS_N,179,0.005659825212540207
AZ_APS_N,180,0.006710117887661961
AZ_APS_N,181,0.00614436141566915
AZ_APS_N,182,0.006004285452155602
AZ_APS_N,183,0.0031365974432473985
AZ_APS_N,184,0.005593300308925945
AZ_APS_N,185,0.004185760937736004
AZ_APS_N,186,0.010211115375139641
AZ_APS_N,187,0.004794705644319457
AZ_APS_N,188,0.006269817329886167
AZ_APS_N,189,0.0059925922782033255
AZ_APS_N,190,0.004037388804141973
AZ_APS_N,191,0.002917722981318647
AZ_APS_N,192,0.005706521051052929
AZ_APS_N,193,0.002357411821333693
AZ_APS_N,194,0.0023842084631331417
AZ_APS_N,195,0.005378236811363245
AZ_APS_N,196,0.002398106470967918
AZ_APS_N,197,0.002362038140900738
AZ_APS_N,198,0.009005155606535939
AZ_APS_N,199,0.005696390631732502
AZ_APS_N,200,0.008817460215505848
AZ_APS_N,201,0.0054251397639350964
AZ_APS_N,202,0.005325955520448249
AZ_APS_N,203,0.0025808488293556017
AZ_APS_N,204,0.0028235509665142607
AZ_APS_N,205,0.006343644693436669
AZ_APS_N,206,0.006381892272456468
AZ_APS_N,207,0.00838457276176346
AZ_APS_N,208,0.002743039117672286
AZ_APS_N,209,0.0026833062540795815
AZ_APS_N,210,0.002860622479343442
AZ_APS_N,211,0.0062662028395949025
AZ_APS_N,212,0.002706379570798156
AZ_APS_N,213,0.018380346910792666
AZ_APS_N,214,0.016370463211664455
AZ_APS_N,215,0.0033009837751789375
AZ_APS_N,216,0.0027484889191563854
AZ_APS_N,217,0.016372988782238827
AZ_APS_N,218,0.03017851825583742
AZ_APS_N,219,0.017594898879347495
AZ_APS_N,220,0.029283480724202605
AZ_APS_N,221,0.005247538927248917
AZ_APS_N,222,0.0035499322058228926
AZ_APS_N,223,0.0040860312237668405
AZ_APS_N,224,0.004435162191475197
AZ_APS_N,225,0.018091404118461444
AZ_APS_N,226,0.018372484751399982
AZ_APS_N,227,0.02979682568886371
AZ_APS_N,228,0.0038571350381213423
AZ_APS_N,229,0.003197077767400138
AZ_APS_N,230,0.015558194670596824
AZ_APS_N,231,0.01779486858830005
AZ_APS_N,232,0.015124186960813515
AZ_APS_N,233,0.01683161652997492
AZ_APS_N,234,0.045297157324438675
AZ_APS_N,235,0.0048910255164460875
AZ_APS_N,236,0.002467304014167447
AZ_APS_N,237,0.004377493539511228
AZ_APS_N,238,0.003242809200070402
AZ_APS_N,239,0.04260622719028221
AZ_APS_N,240,0.0464268319875339
AZ_APS_N,241,0.003819222119580781
AZ_APS_N,242,0.02814484768682169
AZ_APS_N,243,0.013760061738024767
AZ_APS_N,244,0.004164425619660134
AZ_APS_N,245,0.011917236008876904
AZ_APS_N,246,0.011174201276522935
AZ_APS_N,247,0.014115067466874852
AZ_APS_N,248,0.015725019764112974
AZ_APS_N,249,0.006699936374244718
AZ_APS_N,250,0.0044631850023612975
AZ_APS_N,251,0.0075162943413317656
AZ_APS_N,252,0.006834321619325965
AZ_APS_N,253,0.017439461865921206
AZ_APS_N,254,0.006503805869677139
AZ_APS_N,255,0.015380842989554173
AZ_APS_N,256,0.0120442909424342
AZ_APS_N,257,0.004980644078675052
AZ_APS_N,258,0.014086061001247782
AZ_APS_N,259,0.011745998396922985
AZ_APS_N,260,0.006100732779342996
AZ_APS_N,261,0.0156373399829428
AZ_APS_N,262,0.03912246460155422
AZ_APS_N,263,0.02167509205395028
AZ_APS_N,264,0.005087563047158229
AZ_APS_N,265,0.01677148625936173
AZ_APS_N,266,0.006287434830567106
AZ_APS_N,267,0.007046753074807209
AZ_APS_N,268,0.011072919028621842
AZ_APS_N,269,0.026752654114012987
AZ_APS_N,270,0.028779276362781554
AZ_APS_N,271,0.007774219426739066
AZ_APS_N,272,0.020387189708497854
AZ_APS_N,273,0.00936919617542554
AZ_APS_N,274,0.017201211289208408
AZ_APS_N,275,0.018892782647457227
AZ_APS_N,276,0.017586256813626633
AZ_APS_N,277,0.01702042500783605
AZ_APS_N,278,0.012864581143587048
AZ_APS_N,279,0.018898688598875293
AZ_APS_N,280,0.015703371931495007
AZ_APS_N,281,0.01575757535641628
AZ_APS_N,282,0.02119097832184043
AZ_APS_N,283,0.01690333907406153
AZ_APS_N,284,0.017776094402046468
AZ_APS_N,285,0.015999692684703942
AZ_APS_N,286,0.015602585771965504
AZ_APS_N,287,0.013453922062790372
AZ_APS_N,288,0.012243316510815732
AZ_APS_N,289,0.01668897796532512
AZ_APS_N,290,0.014293478562781663
AZ_APS_N,291,0.015500708386606459
AZ_APS_N,292,0.02094691340350094
AZ_APS_N,293,0.013329357924276914
AZ_APS_N,294,0.017160600087522824
AZ_APS_N,295,0.01298478728787896
AZ_APS_N,296,0.015257733969622315
AZ_APS_N,297,0.022907914356964116
AZ_APS_N,298,0.022338538501346785
AZ_APS_N,299,0.011536423532511558
AZ_APS_N,300,0.018692769349617652
AZ_APS_N,301,0.01683713678528732
AZ_APS_N,302,0.013845798597764325
AZ_APS_N,303,0.020018483432920908
AZ_APS_N,304,0.0182502137890946
AZ_APS_N,305,0.00883287644669511
AZ_APS_N,306,0.007949638544604723
AZ_APS_N,307,0.008393072949672762
AZ_APS_N,308,0.008258560136128478
AZ_APS_N,309,0.009218056283071908
AZ_APS_N,310,0.010576429200839055
AZ_APS_N,311,0.00858146692174915
AZ_APS_N,312,0.01731288633226368
AZ_APS_N,313,0.010669717695089594
AZ_APS_N,314,0.010706871075155259
AZ_APS_N,315,0.013696919665591995
AZ_APS_N,316,0.008984552872115165
AZ_APS_N,317,0.010038156101968542
AZ_APS_N,318,0.012970705200168454
AZ_APS_N,319,0.010230556917032212
AZ_APS_N,320,0.014068924277754146
AZ_APS_N,321,0.008948552238768547
AZ_APS_N,322,0.008544827884740825
AZ_APS_N,323,0.011783840567112226
AZ_APS_N,324,0.011173634025523722
AZ_APS_N,325,0.012882756821069818
AZ_APS_N,326,0.012359508000785713
AZ_APS_N,327,0.011633624564635736
AZ_APS_N,328,0.010623849264389649
AZ_APS_N,329,0.013077858367464418
AZ_APS_N,330,0.018778785715875393
AZ_APS_N,331,0.010921089920480015
AZ_APS_N,332,0.007633500591133432
AZ_APS_N,333,0.011376093172365395
AZ_APS_N,334,0.012599294112872191
AZ_APS_N,335,0.01121474630298739
AZ_APS_N,336,0.006582048878424232
AZ_APS_N,337,0.007395984506146856
AZ_APS_N,338,0.008253913561163813
AZ_APS_N,339,0.009724040761727785
AZ_APS_N,340,0.00766122542296081
AZ_APS_N,341,0.007959938051328252
AZ_APS_N,342,0.008066886093521642
AZ_APS_N,343,0.00736773671602589
AZ_APS_N,344,0.0062796214104209255
AZ_APS_N,345,0.0105522842578594
AZ_APS_N,346,0.00866180971123225
AZ_APS_N,347,0.008397500320242621
AZ_APS_N,348,0.006833546141383899
AZ_APS_N,349,0.00737416822603549
AZ_APS_N,350,0.009999126052045407
AZ_APS_N,351,0.007806891805144674
AZ_APS_N,352,0.0075492374579383004
AZ_APS_N,353,0.011350207349712097
AZ_APS_N,354,0.009063824239385999
AZ_APS_N,355,0.007304309297434533
AZ_APS_N,356,0.007224557111595765
AZ_APS_N,357,0.006731011499671719
AZ_APS_N,358,0.005909434021236765
AZ_APS_N,359,0.0029796883583964396
AZ_APS_N,360,0.006727827765191779
AZ_APS_N,361,0.008844334035311726
AZ_APS_N,362,0.0075485255362465285
AZ_APS_N,363,0.005997165056525874
AZ_APS_N,364,0.0083479795555885
AZ_APS_N,365,0.003862119926724275
AZ_APS_SW,1,0.0010939116257003066
AZ_APS_SW,2,0.002173202037476428
AZ_APS_SW,3,0.003211638482790129
AZ_APS_SW,4,0.003474125156505302
AZ_APS_SW,5,0.002588389348128499
AZ_APS_SW,6,0.0013242822015902247
AZ_APS_SW,7,0.002781997495805942
AZ_APS_SW,8,0.004818799549537867
AZ_APS_SW,9,0.0031461533659507207
AZ_APS_SW,10,0.005061418763803684
AZ_APS_SW,11,0.004873407391714973
AZ_APS_SW,12,0.00319870571526317
AZ_APS_SW,13,0.002125128445686912
AZ_APS_SW,14,0.0009730452901864971
AZ_APS_SW,15,0.0034084446285421225
AZ_APS_SW,16,0.0027634360700822705
AZ_APS_SW,17,0.004470056184708559
AZ_APS_SW,18,0.00458590914192529
AZ_APS_SW,19,0.004186542537369513
AZ_APS_SW,20,0.0014599687254735804
AZ_APS_SW,21,0.0016099227459745026
AZ_APS_SW,22,0.00404868502749544
AZ_APS_SW,23,0.0049490778795692825
AZ_APS_SW,24,0.0053735521637189665
AZ_APS_SW,25,0.006769733419590527
AZ_APS_SW,26,0.006719468103334994
AZ_APS_SW,27,0.0020689635777600365
AZ_APS_SW,28,0.002011559294434753
AZ_APS_SW,29,0.0036410909291394507
AZ_APS_SW,30,0.00369443861286366
AZ_APS_SW,31,0.0028463136427070526
AZ_APS_SW,32,0.011419546876493294
AZ_APS_SW,33,0.009520227751236676
AZ_APS_SW,34,0.0033583241457740584
AZ_APS_SW,35,0.004261856700533688
AZ_APS_SW,36,0.009414917960133832
AZ_APS_SW,37,0.00841132918837716
AZ_APS_SW,38,0.01110041912049128
AZ_APS_SW,39,0.007444199679214041
AZ_APS_SW,40,0.010329164047833538
AZ_APS_SW,41,0.0021962410775492993
AZ_APS_SW,42,0.0022048719194695866
AZ_APS_SW,43,0.008224813630232926
AZ_APS_SW,44,0.008413570397844431
AZ_APS_SW,45,0.00895695313065642
AZ_APS_SW,46,0.006919970151185042
AZ_APS_SW,47,0.011403936099582304
AZ_APS_SW,48,0.005590465302154078
AZ_APS_SW,49,0.0050116362008456854
AZ_APS_SW,50,0.006711978717396972
AZ_APS_SW,51,0.005972115920631611
AZ_APS_SW,52,0.007503515770871166
AZ_APS_SW,53,0.009874751348329998
AZ_APS_SW,54,0.008920980671580692
AZ_APS_SW,55,0.00487254366151612
AZ_APS_SW,56,0.0061989056026583375
AZ_APS_SW,57,0.010005077581364416
AZ_APS_SW,58,0.009234769619403987
AZ_APS_SW,59,0.008835525618565952
AZ_APS_SW,60,0.004088548538712023
AZ_APS_SW,61,0.0027498352610932164
AZ_APS_SW,62,0.0016812100977066276
AZ_APS_SW,63,0.004169381113745969
AZ_APS_SW,64,0.002943149070791326
AZ_APS_SW,65,0.006030287234125734
AZ_APS_SW,66,0.004680046014106321
AZ_APS_SW,67,0.0032347213324258085
AZ_APS_SW,68,0.0021318744071138693
AZ_APS_SW,69,0.0023439600754708327
AZ_APS_SW,70,0.004849218814147716
AZ_APS_SW,71,0.0038204115300315617
AZ_APS_SW,72,0.004171632025340067
AZ_APS_SW,73,0.0036570572634340446
AZ_APS_SW,74,0.005040751513494471
AZ_APS_SW,75,0.0026985682298718604
AZ_APS_SW,76,0.0016087852228937553
AZ_APS_SW,77,0.004051124863025111
AZ_APS_SW,78,0.002838747115675794
AZ_APS_SW,79,0.005560465482270731
AZ_APS_SW,80,0.004498812829804468
AZ_APS_SW,81,0.0037809168754862127
AZ_APS_SW,82,0.0038794637431161377
AZ_APS_SW,83,0.0032727517879552284
AZ_APS_SW,84,0.0034149642855683905
AZ_APS_SW,85,0.00486447321652191
AZ_APS_SW,86,0.004786482249775794
AZ_APS_SW,87,0.004031768888681746
AZ_APS_SW,88,0.004111346368854505
AZ_APS_SW,89,0.002496510272019755
AZ_APS_SW,90,0.0016652169696603331
AZ_APS_SW,91,0.00604831067247639
AZ_APS_SW,92,0.005389557588584925
AZ_APS_SW,93,0.006779951912992806
AZ_APS_SW,94,0.005032585487879988
AZ_APS_SW,95,0.0037980749740978573
AZ_APS_SW,96,0.0049256328778961534
AZ_APS_SW,97,0.0021560903718276974
AZ_APS_SW,98,0.005058886709974631
AZ_APS_SW,99,0.005437658381725866
AZ_APS_SW,100,0.003946667042423355
AZ_APS_SW,101,0.008134684336353452
AZ_APS_SW,102,0.004444437631408348
AZ_APS_SW,103,0.002616729708485039
AZ_APS_SW,104,0.0029865696900245294
AZ_APS_SW,105,0.0034885601958635115
AZ_APS_SW,106,0.007736603261222285
AZ_APS_SW,107,0.004426560819770492
AZ_APS_SW,108,0.006371094235548872
AZ_APS_SW,109,0.004920354180363622
AZ_APS_SW,110,0.0013122483711325182
AZ_APS_SW,111,0.0028092991874937114
AZ_APS_SW,112,0.0050619921992647535
AZ_APS_SW,113,0.006328835722202834
AZ_APS_SW,114,0.005405783795754695
AZ_APS_SW,115,0.003506978175971705
AZ_APS_SW,116,0.0036716800391986175
AZ_APS_SW,117,0.0015001699865618708
AZ_APS_SW,118,0.002390946150600104
AZ_APS_SW,119,0.0033843766978307018
AZ_APS_SW,120,0.0038859118122889186
AZ_APS_SW,121,0.015937326312788797
AZ_APS_SW,122,0.012892636152528045
AZ_APS_SW,123,0.023301564281371645
AZ_APS_SW,124,0.01513085078824589
AZ_APS_SW,125,0.009342002730081933
AZ_APS_SW,126,0.020000604081893063
AZ_APS_SW,127,0.016161499863174132
AZ_APS_SW,128,0.018833932221088815
AZ_APS_SW,129,0.02087239927855977
AZ_APS_SW,130,0.01812710528423096
AZ_APS_SW,131,0.010120700477735844
AZ_APS_SW,132,0.007047900550227198
AZ_APS_SW,133,0.014553803685368998
AZ_APS_SW,134,0.016895546208903225
AZ_APS_SW,135,0.015426203186987215
AZ_APS_SW,136,0.01849258147282817
AZ_APS_SW,137,0.018908789678056575
AZ_APS_SW,138,0.008236784726549477
AZ_APS_SW,139,0.007387658751571296
AZ_APS_SW,140,0.012364421346949305
AZ_APS_SW,141,0.01431278753406673
AZ_APS_SW,142,0.02036448519180647
AZ_APS_SW,143,0.020711516151560926
AZ_APS_SW,144,0.022782382968465974
AZ_APS_SW,145,0.00791725710963933
AZ_APS_SW,146,0.005806133826027789
AZ_APS_SW,147,0.013112175222394341
AZ_APS_SW,148,0.012285424851615705
AZ_APS_SW,149,0.0175298116415081
AZ_APS_SW,150,0.01674702142928909
AZ_APS_SW,151,0.020246558458720153
AZ_APS_SW,152,0.004458938638891421
AZ_APS_SW,153,0.0032848589418215503
AZ_APS_SW,154,0.005692689156408113
AZ_APS_SW,155,0.004898098178791313
AZ_APS_SW,156,0.004287043836566809
AZ_APS_SW,157,0.006854538341345337
AZ_APS_SW,158,0.006169635172896062
AZ_APS_SW,159,0.0024591539473115894
AZ_APS_SW,160,0.0030632966155430654
AZ_APS_SW,161,0.005402163332738468
AZ_APS_SW,162,0.0058182292436252635
AZ_APS_SW,163,0.003566985568397078
AZ_APS_SW,164,0.008354781508029598
AZ_APS_SW,165,0.00466047032806048
AZ_APS_SW,166,0.002824782334124269
AZ_APS_SW,167,0.001696295428757004
AZ_APS_SW,168,0.0054607590507505435
AZ_APS_SW,169,0.003511625296896477
AZ_APS_SW,170,0.003647773295281127
AZ_APS_SW,171,0.003924404315117164
AZ_APS_SW,172,0.007166174521680611
AZ_APS_SW,173,0.002403470367410604
AZ_APS_SW,174,0.002171794205904029
AZ_APS_SW,175,0.006103221671635887
AZ_APS_SW,176,0.006880534403402611
AZ_APS_SW,177,0.006979093668019295
AZ_APS_SW,178,0.0061214593810474055
AZ_APS_SW,179,0.006980514531821773
AZ_APS_SW,180,0.002156269872984843
AZ_APS_SW,181,0.003139130211390615
AZ_APS_SW,182,0.0043409531540898605
AZ_APS_SW,183,0.0032473812341141076
AZ_APS_SW,184,0.002476427587539783
AZ_APS_SW,185,0.0006690156873792627
AZ_APS_SW,186,0.0015483227604499545
AZ_APS_SW,187,0.0017712013781346298
AZ_APS_SW,188,0.0018488872013982729
AZ_APS_SW,189,0.003031890495742668
AZ_APS_SW,190,0.0042349025347032275
AZ_APS_SW,191,0.0041943382217212374
AZ_APS_SW,192,0.002315036920419753
AZ_APS_SW,193,0.0032262434966747354
AZ_APS_SW,194,0.0019881882199639187
AZ_APS_SW,195,0.0011768106126092705
AZ_APS_SW,196,0.0038128023571368953
AZ_APS_SW,197,0.002803252585413453
AZ_APS_SW,198,0.004977334695843724
AZ_APS_SW,199,0.0031132738698404763
AZ_APS_SW,200,0.0027235149472771055
AZ_APS_SW,201,0.0013689095380693469
AZ_APS_SW,202,0.0018251565786967566
AZ_APS_SW,203,0.0032704096960218115
AZ_APS_SW,204,0.002585698596292392
AZ_APS_SW,205,0.003604841597840931
AZ_APS_SW,206,0.004274904239768761
AZ_APS_SW,207,0.00412650671889728
AZ_APS_SW,208,0.0015929287975574502
AZ_APS_SW,209,0.0013578290687727519
AZ_APS_SW,210,0.002595893374571526
AZ_APS_SW,211,0.003569896689822165
AZ_APS_SW,212,0.004654845996681665
AZ_APS_SW,213,0.004835103769829968
AZ_APS_SW,214,0.003932117236855639
AZ_APS_SW,215,0.0027694175414573466
AZ_APS_SW,216,0.0014146819820506887
AZ_APS_SW,217,0.007035738069671877
AZ_APS_SW,218,0.00720801657656793
AZ_APS_SW,219,0.007682222783578153
AZ_APS_SW,220,0.007413803361565836
AZ_APS_SW,221,0.009610431322919005
AZ_APS_SW,222,0.0028375748662984243
AZ_APS_SW,223,0.00253683863332719
AZ_APS_SW,224,0.006178350974300186
AZ_APS_SW,225,0.005457699885674238
AZ_APS_SW,226,0.0047838434218896615
AZ_APS_SW,227,0.00495776824066314
AZ_APS_SW,228,0.005018753419406869
AZ_APS_SW,229,0.003379302561773627
AZ_APS_SW,230,0.002284025868931103
AZ_APS_SW,231,0.003371132505308459
AZ_APS_SW,232,0.004289645076899562
AZ_APS_SW,233,0.005378313405338107
AZ_APS_SW,234,0.007135607042922074
AZ_APS_SW,235,0.007492726916802009
AZ_APS_SW,236,0.0024771356048680403
AZ_APS_SW,237,0.003131260115147761
AZ_APS_SW,238,0.005265952836489058
AZ_APS_SW,239,0.004762828898546221
AZ_APS_SW,240,0.005988332178951453
AZ_APS_SW,241,0.005327077276078771
AZ_APS_SW,242,0.004109870072014829
AZ_APS_SW,243,0.0021727580235089117
AZ_APS_SW,244,0.00197374761944565
AZ_APS_SW,245,0.0020296499562535374
AZ_APS_SW,246,0.003760995716419682
AZ_APS_SW,247,0.0049299117908078085
AZ_APS_SW,248,0.0037032552383632613
AZ_APS_SW,249,0.004480172560090136
AZ_APS_SW,250,0.0020351318605096695
AZ_APS_SW,251,0.0022629034643136432
AZ_APS_SW,252,0.0038119998533964116
AZ_APS_SW,253,0.0036630071868056498
AZ_APS_SW,254,0.005105527249611304
AZ_APS_SW,255,0.003885957386557492
AZ_APS_SW,256,0.004529961095487376
AZ_APS_SW,257,0.002767469547845055
AZ_APS_SW,258,0.0027638229236004825
AZ_APS_SW,259,0.004673502830498287
AZ_APS_SW,260,0.0050317033835835965
AZ_APS_SW,261,0.00403773883800049
AZ_APS_SW,262,0.005706391005166895
AZ_APS_SW,263,0.004796993469382106
AZ_APS_SW,264,0.0015801229891376405
AZ_APS_SW,265,0.002499171555113914
AZ_APS_SW,266,0.00460918335195681
AZ_APS_SW,267,0.00484325595960667
AZ_APS_SW,268,0.003922951851669384
AZ_APS_SW,269,0.004047596222710633
AZ_APS_SW,270,0.0038881715130134544
AZ_APS_SW,271,0.00218728520334006
AZ_APS_SW,272,0.00255205946091265
AZ_APS_SW,273,0.0028874286943743966
AZ_APS_SW,274,0.005746410161847803
AZ_APS_SW,275,0.005672355112325111
AZ_APS_SW,276,0.00459809891063631
AZ_APS_SW,277,0.006775467476821451
AZ_APS_SW,278,0.002574587599954079
AZ_APS_SW,279,0.002681372255273609
AZ_APS_SW,280,0.005392972686755258
AZ_APS_SW,281,0.004799197853076468
AZ_APS_SW,282,0.0055157703907151145
AZ_APS_SW,283,0.008803151378027275
AZ_APS_SW,284,0.004413605689928598
AZ_APS_SW,285,0.003432219263050227
AZ_APS_SW,286,0.0026612527459215795
AZ_APS_SW,287,0.0029994334681381963
AZ_APS_SW,288,0.004533359154745702
AZ_APS_SW,289,0.005600392872896514
AZ_APS_SW,290,0.0056348769890219
AZ_APS_SW,291,0.005560021385387864
AZ_APS_SW,292,0.0025582678232485335
AZ_APS_SW,293,0.003546835089237202
AZ_APS_SW,294,0.003745048804098254
AZ_APS_SW,295,0.008092777218128904
AZ_APS_SW,296,0.004869202049205001
AZ_APS_SW,297,0.007595036015595643
AZ_APS_SW,298,0.005338540904205689
AZ_APS_SW,299,0.002105667941912672
AZ_APS_SW,300,0.004279080900021267
AZ_APS_SW,301,0.005556184867293016
AZ_APS_SW,302,0.00892987591436762
AZ_APS_SW,303,0.007176130108281919
AZ_APS_SW,304,0.0054736453570934755
AZ_APS_SW,305,0.007555021002009751
AZ_APS_SW,306,0.006699133888492116
AZ_APS_SW,307,0.006288913306739357
AZ_APS_SW,308,0.014424852964044423
AZ_APS_SW,309,0.01685158805256919
AZ_APS_SW,310,0.015737758767924763
AZ_APS_SW,311,0.015207675044469583
AZ_APS_SW,312,0.011852135454810642
AZ_APS_SW,313,0.006247306194787033
AZ_APS_SW,314,0.009056778046834687
AZ_APS_SW,315,0.00810046896859522
AZ_APS_SW,316,0.01611637284443497
AZ_APS_SW,317,0.016337013099294688
AZ_APS_SW,318,0.017420865305842116
AZ_APS_SW,319,0.014214290012331439
AZ_APS_SW,320,0.009643126607705704
AZ_APS_SW,321,0.00803490649626419
AZ_APS_SW,322,0.012227953018999949
AZ_APS_SW,323,0.014031519413472103
AZ_APS_SW,324,0.01450498466968619
AZ_APS_SW,325,0.011690047554724704
AZ_APS_SW,326,0.014407277702208792
AZ_APS_SW,327,0.007335593226984088
AZ_APS_SW,328,0.008161758608284268
AZ_APS_SW,329,0.010507171723309724
AZ_APS_SW,330,0.020849689863280098
AZ_APS_SW,331,0.01879903885521588
AZ_APS_SW,332,0.004635357993175287
AZ_APS_SW,333,0.010390576786858327
AZ_APS_SW,334,0.006356719849995463
AZ_APS_SW,335,0.0014626526309472225
AZ_APS_SW,336,0.0030178081186067567
AZ_APS_SW,337,0.002302286928510663
AZ_APS_SW,338,0.0030715919741832734
AZ_APS_SW,339,0.0021120543524572365
AZ_APS_SW,340,0.001764168647268045
AZ_APS_SW,341,0.000983770635391728
AZ_APS_SW,342,0.0016890645293977011
AZ_APS_SW,343,0.0023637756957314076
AZ_APS_SW,344,0.002314026957333869
AZ_APS_SW,345,0.002225170796897521
AZ_APS_SW,346,0.0019381006085248068
AZ_APS_SW,347,0.002143487553026037
AZ_APS_SW,348,0.0015419305071056023
AZ_APS_SW,349,0.0009521036726329869
AZ_APS_SW,350,0.0019117117699144035
AZ_APS_SW,351,0.002319496376789195
AZ_APS_SW,352,0.0020775564304618983
AZ_APS_SW,353,0.00196984702426241
AZ_APS_SW,354,0.002321889408646697
AZ_APS_SW,355,0.0008717177143731204
AZ_APS_SW,356,0.0008728624835405874
AZ_APS_SW,357,0.0020883114218669604
AZ_APS_SW,358,0.0012625826583326106
AZ_APS_SW,359,0.0004613049676928093
AZ_APS_SW,360,0.0021435294135048705
AZ_APS_SW,361,0.001518779305254949
AZ_APS_SW,362,0.0007997107069419422
AZ_APS_SW,363,0.0007862557324803711
AZ_APS_SW,364,0.0014286039230245367
AZ_APS_SW,365,0.0008873668371819586
AZ_NM_N,1,0.0036364893181383626
AZ_NM_N,2,0.003737812830419287
AZ_NM_N,3,0.00425666467185884
AZ_NM_N,4,0.0011312052086652478
AZ_NM_N,5,0.005189849480056097
AZ_NM_N,6,0.004173078826943183
AZ_NM_N,7,0.00039242796979647185
AZ_NM_N,8,0.002196938159105536
AZ_NM_N,9,0.003597863978940096
AZ_NM_N,10,0.006224211805386205
AZ_NM_N,11,0.0013681678621237574
AZ_NM_N,12,0.004307311607037125
AZ_NM_N,13,0.003627638267146225
AZ_NM_N,14,0.004529964020336248
AZ_NM_N,15,0.004146302783667133
AZ_NM_N,16,0.004300016267774337
AZ_NM_N,17,0.004540357996038528
AZ_NM_N,18,0.0047586907075862755
AZ_NM_N,19,0.004961313091209131
AZ_NM_N,20,0.006511610497655244
AZ_NM_N,21,0.0020685060560945135
AZ_NM_N,22,0.004831154717696757
AZ_NM_N,23,0.004363363805142741
AZ_NM_N,24,0.004031501859964809
AZ_NM_N,25,0.002313758782524563
AZ_NM_N,26,0.00609927132201797
AZ_NM_N,27,0.004117018329356768
AZ_NM_N,28,0.0037018157053294387
AZ_NM_N,29,0.003214374125963963
AZ_NM_N,30,0.003107372315582468
AZ_NM_N,31,0.003668459232515186
AZ_NM_N,32,0.004333918283383285
AZ_NM_N,33,0.005038851405297056
AZ_NM_N,34,0.005080060382279977
AZ_NM_N,35,0.006247842305945561
AZ_NM_N,36,0.005715369237875441
AZ_NM_N,37,0.008556374235787879
AZ_NM_N,38,0.005418002218266874
AZ_NM_N,39,0.004960477523468824
AZ_NM_N,40,0.00858894734617964
AZ_NM_N,41,0.003766839186246052
AZ_NM_N,42,0.004661917142534646
AZ_NM_N,43,0.007480638131499453
AZ_NM_N,44,0.007748682867665543
AZ_NM_N,45,0.00553963813972773
AZ_NM_N,46,0.003692820493497493
AZ_NM_N,47,0.006177822297028696
AZ_NM_N,48,0.004364023798667073
AZ_NM_N,49,0.0035470978151185017
AZ_NM_N,50,0.006363970111688771
AZ_NM_N,51,0.004175146008804525
AZ_NM_N,52,0.003311141399229063
AZ_NM_N,53,0.007602790465299742
AZ_NM_N,54,0.005252987577247219
AZ_NM_N,55,0.005107286686953274
AZ_NM_N,56,0.005273460618525915
AZ_NM_N,57,0.005335172642199549
AZ_NM_N,58,0.004985088440296062
AZ_NM_N,59,0.006222802803265357
AZ_NM_N,60,0.004216423161327328
AZ_NM_N,61,0.003931349610474357
AZ_NM_N,62,0.002966038116706542
AZ_NM_N,63,0.004224580366896813
AZ_NM_N,64,0.003271341011873188
AZ_NM_N,65,0.004402076864686448
AZ_NM_N,66,0.0036345039267106343
AZ_NM_N,67,0.0038254052351940153
AZ_NM_N,68,0.0035278046481568765
AZ_NM_N,69,0.0031888075601575554
AZ_NM_N,70,0.0033111916018846105
AZ_NM_N,71,0.0024493875804740563
AZ_NM_N,72,0.0031810344018072534
AZ_NM_N,73,0.006406800629513501
AZ_NM_N,74,0.002011041593184147
AZ_NM_N,75,0.004373071267308331
AZ_NM_N,76,0.00203113887789052
AZ_NM_N,77,0.0069070691992876064
AZ_NM_N,78,0.005574780620522598
AZ_NM_N,79,0.004656782003510852
AZ_NM_N,80,0.003943685507474435
AZ_NM_N,81,0.003741826830274205
AZ_NM_N,82,0.003219892427730825
AZ_NM_N,83,0.0021808533218972627
AZ_NM_N,84,0.005755784174549268
AZ_NM_N,85,0.0048455673768322
AZ_NM_N,86,0.004124543605857355
AZ_NM_N,87,0.0057061089921711826
AZ_NM_N,88,0.003079596443065349
AZ_NM_N,89,0.0008148025374761256
AZ_NM_N,90,0.0014191145661099748
AZ_NM_N,91,0.004639362863532265
AZ_NM_N,92,0.005116140598747882
AZ_NM_N,93,0.005646422355039733
AZ_NM_N,94,0.0036268080510817877
AZ_NM_N,95,0.002754831909805458
AZ_NM_N,96,0.0031739502813321057
AZ_NM_N,97,0.002958488750704043
AZ_NM_N,98,0.002871717779333186
AZ_NM_N,99,0.004335176759151785
AZ_NM_N,100,0.004320713016368375
AZ_NM_N,101,0.004208068827477771
AZ_NM_N,102,0.00498094202041699
AZ_NM_N,103,0.003354791735998883
AZ_NM_N,104,0.002995930650593906
AZ_NM_N,105,0.0018850223694703502
AZ_NM_N,106,0.004545756905804025
AZ_NM_N,107,0.0036973813131354538
AZ_NM_N,108,0.0061869644680631825
AZ_NM_N,109,0.006783090033281829
AZ_NM_N,110,0.003659258012250976
AZ_NM_N,111,0.003087108256384391
AZ_NM_N,112,0.00431095701835412
AZ_NM_N,113,0.007332422367968965
AZ_NM_N,114,0.004123650529659042
AZ_NM_N,115,0.0038576078483296707
AZ_NM_N,116,0.004275725166533108
AZ_NM_N,117,0.005294717665349165
AZ_NM_N,118,0.002028080843896246
AZ_NM_N,119,0.0026112696738528054
AZ_NM_N,120,0.005544729610878698
AZ_NM_N,121,0.0030385637477107538
AZ_NM_N,122,0.005109456251897391
AZ_NM_N,123,0.004968538880949724
AZ_NM_N,124,0.002044866653978632
AZ_NM_N,125,0.0015635486356167204
AZ_NM_N,126,0.003302429498023414
AZ_NM_N,127,0.00403432967366125
AZ_NM_N,128,0.0035136982901450794
AZ_NM_N,129,0.005087850839469841
AZ_NM_N,130,0.0020715512711727262
AZ_NM_N,131,0.0022623455548395842
AZ_NM_N,132,0.0030876248018180345
AZ_NM_N,133,0.0052153965949987445
AZ_NM_N,134,0.0036785554913642674
AZ_NM_N,135,0.0036050717564146168
AZ_NM_N,136,0.002389300296217545
AZ_NM_N,137,0.004277165505846379
AZ_NM_N,138,0.004712397734394627
AZ_NM_N,139,0.002771806711370881
AZ_NM_N,140,0.0023622561808419344
AZ_NM_N,141,0.0022343717089399716
AZ_NM_N,142,0.004917104489693838
AZ_NM_N,143,0.003211277295815084
AZ_NM_N,144,0.0035038290286217607
AZ_NM_N,145,0.0015980390300216647
AZ_NM_N,146,0.0013969303601105215
AZ_NM_N,147,0.0028868526707717932
AZ_NM_N,148,0.0018558218644007564
AZ_NM_N,149,0.0029123787708116235
AZ_NM_N,150,0.003388723327549026
AZ_NM_N,151,0.005104912793593754
AZ_NM_N,152,0.0022247132734637283
AZ_NM_N,153,0.0032502550031375966
AZ_NM_N,154,0.003555128961598993
AZ_NM_N,155,0.0031742008956621944
AZ_NM_N,156,0.004860631709582038
AZ_NM_N,157,0.0037457062563558343
AZ_NM_N,158,0.005874314623075766
AZ_NM_N,159,0.0025395049897360663
AZ_NM_N,160,0.004180140605067797
AZ_NM_N,161,0.003609607523948259
AZ_NM_N,162,0.005097664712598062
AZ_NM_N,163,0.005960252800084082
AZ_NM_N,164,0.004247404884145179
AZ_NM_N,165,0.005887576590490071
AZ_NM_N,166,0.00491022206321112
AZ_NM_N,167,0.0033788920625703873
AZ_NM_N,168,0.004752506900542438
AZ_NM_N,169,0.0038197516272867288
AZ_NM_N,170,0.004114796907889265
AZ_NM_N,171,0.0038452290590387135
AZ_NM_N,172,0.006480296401618821
AZ_NM_N,173,0.0030424940956993076
AZ_NM_N,174,0.0032675990141757994
AZ_NM_N,175,0.006983939346368449
AZ_NM_N,176,0.004695669344198737
AZ_NM_N,177,0.0021624876030688542
AZ_NM_N,178,0.004371805285427636
AZ_NM_N,179,0.004687979955671513
AZ_NM_N,180,0.002340793710880044
AZ_NM_N,181,0.003021140551953754
AZ_NM_N,182,0.004062748280041132
AZ_NM_N,183,0.003288043500921269
AZ_NM_N,184,0.004460364808880631
AZ_NM_N,185,0.0033666226508580303
AZ_NM_N,186,0.003533315551246147
AZ_NM_N,187,0.004296485150021178
AZ_NM_N,188,0.0030631564542405736
AZ_NM_N,189,0.0039098187440994355
AZ_NM_N,190,0.003369432385402843
AZ_NM_N,191,0.004275022144637244
AZ_NM_N,192,0.005276750898697679
AZ_NM_N,193,0.006063143345475948
AZ_NM_N,194,0.002099513249567619
AZ_NM_N,195,0.0040920949042216916
AZ_NM_N,196,0.0030633980025314067
AZ_NM_N,197,0.004139348116799848
AZ_NM_N,198,0.004597791478739136
AZ_NM_N,199,0.003686937256266067
AZ_NM_N,200,0.005982305916508591
AZ_NM_N,201,0.0020921688105739905
AZ_NM_N,202,0.0026289169260806625
AZ_NM_N,203,0.00320198059876543
AZ_NM_N,204,0.002845070427599085
AZ_NM_N,205,0.00347625945202622
AZ_NM_N,206,0.004793779772128454
AZ_NM_N,207,0.005533472375680574
AZ_NM_N,208,0.0031549029706059023
AZ_NM_N,209,0.0029501199844703405
AZ_NM_N,210,0.0026919973981120587
AZ_NM_N,211,0.003665119348304098
AZ_NM_N,212,0.005373926569380133
AZ_NM_N,213,0.006266163510691341
AZ_NM_N,214,0.006779078050118427
AZ_NM_N,215,0.00483448968931452
AZ_NM_N,216,0.00548318641764512
AZ_NM_N,217,0.004651084930689536
AZ_NM_N,218,0.003679860542126494
AZ_NM_N,219,0.007306839835186645
AZ_NM_N,220,0.005211496230333003
AZ_NM_N,221,0.005297774202629839
AZ_NM_N,222,0.005636365793232697
AZ_NM_N,223,0.002603459615464888
AZ_NM_N,224,0.004414482361363094
AZ_NM_N,225,0.006762741576808884
AZ_NM_N,226,0.0060221290425589765
AZ_NM_N,227,0.00497939421617628
AZ_NM_N,228,0.0034586674313619894
AZ_NM_N,229,0.005037669275451871
AZ_NM_N,230,0.0059576584142149915
AZ_NM_N,231,0.005084225277040649
AZ_NM_N,232,0.003358877850251246
AZ_NM_N,233,0.00699939942295995
AZ_NM_N,234,0.003996903498823445
AZ_NM_N,235,0.0033697089773080304
AZ_NM_N,236,0.0072677402475406815
AZ_NM_N,237,0.005372589915252225
AZ_NM_N,238,0.003530247311488709
AZ_NM_N,239,0.007049933472166449
AZ_NM_N,240,0.004643852190293956
AZ_NM_N,241,0.004058721406309873
AZ_NM_N,242,0.004311552006290234
AZ_NM_N,243,0.0033250693469838396
AZ_NM_N,244,0.0017524071476123385
AZ_NM_N,245,0.0024834482901460344
AZ_NM_N,246,0.003348822584878822
AZ_NM_N,247,0.002766859481447549
AZ_NM_N,248,0.00341626248234593
AZ_NM_N,249,0.003366386232550995
AZ_NM_N,250,0.0018454334412640492
AZ_NM_N,251,0.0024198703843848527
AZ_NM_N,252,0.003820095709412989
AZ_NM_N,253,0.0037286962339212353
AZ_NM_N,254,0.0035256675061240595
AZ_NM_N,255,0.003551509053400604
AZ_NM_N,256,0.004145035196552268
AZ_NM_N,257,0.003932263890956753
AZ_NM_N,258,0.003701788315182133
AZ_NM_N,259,0.002006999521992786
AZ_NM_N,260,0.003757583020199676
AZ_NM_N,261,0.004291479958450092
AZ_NM_N,262,0.0030821267708545964
AZ_NM_N,263,0.005130604201157771
AZ_NM_N,264,0.0036560023356955766
AZ_NM_N,265,0.0033365943205116823
AZ_NM_N,266,0.0036622886909173143
AZ_NM_N,267,0.003674760513048285
AZ_NM_N,268,0.004990500482664573
AZ_NM_N,269,0.00337205061353875
AZ_NM_N,270,0.004869309119551576
AZ_NM_N,271,0.0013421366327989034
AZ_NM_N,272,0.001335838974331708
AZ_NM_N,273,0.0017279012773398152
AZ_NM_N,274,0.004407873575339985
AZ_NM_N,275,0.003952990570361406
AZ_NM_N,276,0.003911214742260904
AZ_NM_N,277,0.00411680507822538
AZ_NM_N,278,0.0038824866240387756
AZ_NM_N,279,0.0026717724406889864
AZ_NM_N,280,0.0037855004962503444
AZ_NM_N,281,0.003033072025663498
AZ_NM_N,282,0.003866850162894828
AZ_NM_N,283,0.004018034669003778
AZ_NM_N,284,0.0034334631316467667
AZ_NM_N,285,0.0031721327013792214
AZ_NM_N,286,0.0018553405100057332
AZ_NM_N,287,0.0024281112548051173
AZ_NM_N,288,0.0023574753563590624
AZ_NM_N,289,0.0028888130469928363
AZ_NM_N,290,0.003704194700324861
AZ_NM_N,291,0.0035169831369962863
AZ_NM_N,292,0.0018296438315254485
AZ_NM_N,293,0.0012237653940548698
AZ_NM_N,294,0.001492379310504022
AZ_NM_N,295,0.0010259786592411522
AZ_NM_N,296,0.0019279860530249722
AZ_NM_N,297,0.0021031581860678607
AZ_NM_N,298,0.0035766283206309602
AZ_NM_N,299,0.0028167341434889295
AZ_NM_N,300,0.00264131867040753
AZ_NM_N,301,0.002845063646839654
AZ_NM_N,302,0.003939002131553692
AZ_NM_N,303,0.005676212580194916
AZ_NM_N,304,0.003776242792955057
AZ_NM_N,305,0.02036744653953026
AZ_NM_N,306,0.007279871706217045
AZ_NM_N,307,0.013418157273580141
AZ_NM_N,308,0.017538916785617684
AZ_NM_N,309,0.028856121952094894
AZ_NM_N,310,0.009071908050987601
AZ_NM_N,311,0.014451000440096144
AZ_NM_N,312,0.017887103236693017
AZ_NM_N,313,0.01199925031716203
AZ_NM_N,314,0.015722071304614716
AZ_NM_N,315,0.014018256900959454
AZ_NM_N,316,0.018825823218483292
AZ_NM_N,317,0.01329177263797281
AZ_NM_N,318,0.02503752908437077
AZ_NM_N,319,0.02009521549156465
AZ_NM_N,320,0.021599103197737595
AZ_NM_N,321,0.020030464921110495
AZ_NM_N,322,0.019922110039544076
AZ_NM_N,323,0.010822747741669064
AZ_NM_N,324,0.017076467403246993
AZ_NM_N,325,0.030759055413953195
AZ_NM_N,326,0.018083415165085475
AZ_NM_N,327,0.012380687312747825
AZ_NM_N,328,0.021315402987810636
AZ_NM_N,329,0.02088209487034191
AZ_NM_N,330,0.021069575940662662
AZ_NM_N,331,0.016630480449677222
AZ_NM_N,332,0.015339572529849067
AZ_NM_N,333,0.01753492018586736
AZ_NM_N,334,0.016639482873172046
AZ_NM_N,335,0.01417563979129448
AZ_NM_N,336,0.019137605228540123
AZ_NM_N,337,0.01593318874287015
AZ_NM_N,338,0.013667430814109892
AZ_NM_N,339,0.022742727470233107
AZ_NM_N,340,0.020329573786586973
AZ_NM_N,341,0.010272952925975647
AZ_NM_N,342,0.015125597121554568
AZ_NM_N,343,0.021179746349978202
AZ_NM_N,344,0.013791120245851997
AZ_NM_N,345,0.015931751770112496
AZ_NM_N,346,0.012827224490723215
AZ_NM_N,347,0.023726793873733075
AZ_NM_N,348,0.013460882270121564
AZ_NM_N,349,0.011110491836476713
AZ_NM_N,350,0.016562149688324323
AZ_NM_N,351,0.015944368686363244
AZ_NM_N,352,0.012906450699090391
AZ_NM_N,353,0.01620860179282729
AZ_NM_N,354,0.02583215331104529
AZ_NM_N,355,0.009338277323598468
AZ_NM_N,356,0.009354663450026293
AZ_NM_N,357,0.01069860581915683
AZ_NM_N,358,0.009786493761185185
AZ_NM_N,359,0.010209424349573686
AZ_NM_N,360,0.010326178221684329
AZ_NM_N,361,0.017985783068730464
AZ_NM_N,362,0.014901194522496646
AZ_NM_N,363,0.008962265566158183
AZ_NM_N,364,0.016382439818423432
AZ_NM_N,365,0.011072010386521683
AZ_NW,1,0.004273979975358843
AZ_NW,2,0.0045910842413980175
AZ_NW,3,0.004676074582206529
AZ_NW,4,0.009501532285315244
AZ_NW,5,0.004729255552959835
AZ_NW,6,0.0045367501676692205
AZ_NW,7,0.004475651140357815
AZ_NW,8,0.014095930591018047
AZ_NW,9,0.004790291595735859
AZ_NW,10,0.010285966725054645
AZ_NW,11,0.00951040799922652
AZ_NW,12,0.00972030880032335
AZ_NW,13,0.008927692505513988
AZ_NW,14,0.008852216730910944
AZ_NW,15,0.009312168091509586
AZ_NW,16,0.010077118067790217
AZ_NW,17,0.015249769386459432
AZ_NW,18,0.025058198046386804
AZ_NW,19,0.009556574333294593
AZ_NW,20,0.013281969940790046
AZ_NW,21,0.017584595186355335
AZ_NW,22,0.015067902580054898
AZ_NW,23,0.004844188298189577
AZ_NW,24,0.02097834977830995
AZ_NW,25,0.02568818849734191
AZ_NW,26,0.02480314535776046
AZ_NW,27,0.02351305275387168
AZ_NW,28,0.024938916747124444
AZ_NW,29,0.009963373899758082
AZ_NW,30,0.015129737859307501
AZ_NW,31,0.015579847781834362
AZ_NW,32,0.03859030776054761
AZ_NW,33,0.035078592543345374
AZ_NW,34,0.008527631880912842
AZ_NW,35,0.12086737944891537
AZ_NW,36,0.21931894848161224
AZ_NW,37,0.02692679135552625
AZ_NW,38,0.05624450325780753
AZ_NW,39,0.07542987113168798
AZ_NW,40,0.03808269850591029
AZ_NW,41,0.0534294803660158
AZ_NW,42,0.07147751086922617
AZ_NW,43,0.4062842998156948
AZ_NW,44,0.07577196088441561
AZ_NW,45,0.03822985934680711
AZ_NW,46,0.018711866693284347
AZ_NW,47,0.027745230847867574
AZ_NW,48,0.024271463980309434
AZ_NW,49,0.025388314209396776
AZ_NW,50,0.01815317761683428
AZ_NW,51,0.01864092229643832
AZ_NW,52,0.009522752408821715
AZ_NW,53,0.038117497153258115
AZ_NW,54,0.018092007348259116
AZ_NW,55,0.016459284740040395
AZ_NW,56,0.026927812513566397
AZ_NW,57,0.01846493198103048
AZ_NW,58,0.008936771649532318
AZ_NW,59,0.008977931450000106
AZ_NW,60,0.02718950538089703
AZ_NW,61,0.04960995135249914
AZ_NW,62,0.07959281791026991
AZ_NW,63,0.046203502444352985
AZ_NW,64,0.008858165796873763
AZ_NW,65,0.03906541399652561
AZ_NW,66,0.017935271928273655
AZ_NW,67,0.03632230440353679
AZ_NW,68,0.016336278288474757
AZ_NW,69,0.026912275489374467
AZ_NW,70,0.0266436648251568
AZ_NW,71,0.03574118798994973
AZ_NW,72,0.009276129237842053
AZ_NW,73,0.018124845153564627
AZ_NW,74,0.02654988028897609
AZ_NW,75,0.00812564100631756
AZ_NW,76,0.025398085238480365
AZ_NW,77,0.01797240598157513
AZ_NW,78,0.05516988811978436
AZ_NW,79,0.027022377159605364
AZ_NW,80,0.018057716167347863
AZ_NW,81,0.035383485837907055
AZ_NW,82,0.016335798023546608
AZ_NW,83,0.034441035522241835
AZ_NW,84,0.04493896728631584
AZ_NW,85,0.035607613108036534
AZ_NW,86,0.009187892688511232
AZ_NW,87,0.02680000797186111
AZ_NW,88,0.017327593974946518
AZ_NW,89,0.032345791680079485
AZ_NW,90,0.0389431357164976
AZ_NW,91,0.015260026253274753
AZ_NW,92,0.00745516198697993
AZ_NW,93,0.0329194405629053
AZ_NW,94,0.01902155938025759
AZ_NW,95,0.021524015644478887
AZ_NW,96,3.4912853910449735e-05
AZ_NW,97,0.018118789434197927
AZ_NW,98,0.01095436100782307
AZ_NW,99,0.01494739657265245
AZ_NW,100,0.01492674007422754
AZ_NW,101,0.015402845120428096
AZ_NW,102,0.017673620347628014
AZ_NW,103,0.0033223128292462624
AZ_NW,104,0.003491293836845506
AZ_NW,105,0.003806134092027286
AZ_NW,106,7.759353650211952e-05
AZ_NW,107,7.645939270379878e-05
AZ_NW,108,7.923388189580494e-05
AZ_NW,109,0.003757787946172096
AZ_NW,110,5.9525260950067134e-05
AZ_NW,111,9.081513714023769e-05
AZ_NW,112,7.494438333612623e-05
AZ_NW,113,9.832465465263384e-05
AZ_NW,114,0.00010495658299601049
AZ_NW,115,0.007661922215598077
AZ_NW,116,0.014821972435190987
AZ_NW,117,0.006505217667031327
AZ_NW,118,0.00733164366975914
AZ_NW,119,0.011011373155524019
AZ_NW,120,0.0037097005705359395
AZ_NW,121,0.01710243336619928
AZ_NW,122,0.008821481841002763
AZ_NW,123,0.029150310389227163
AZ_NW,124,0.01137542121063958
AZ_NW,125,0.007803859889117701
AZ_NW,126,0.011870939994091298
AZ_NW,127,0.004068282738234835
AZ_NW,128,0.012479804224098378
AZ_NW,129,0.013105508991002492
AZ_NW,130,0.004277891814573029
AZ_NW,131,0.0076215194146171845
AZ_NW,132,0.0037808310880785402
AZ_NW,133,0.004236516725657144
AZ_NW,134,0.008486965165815676
AZ_NW,135,0.0124258643845106
AZ_NW,136,0.013038671417961976
AZ_NW,137,0.012543265298838667
AZ_NW,138,0.011598008407656773
AZ_NW,139,0.011910335478239711
AZ_NW,140,0.008460069183853731
AZ_NW,141,0.016540606322361512
AZ_NW,142,0.016996969055646287
AZ_NW,143,0.03025718668285378
AZ_NW,144,0.008165292668906038
AZ_NW,145,0.01486809199551246
AZ_NW,146,0.007291320414654519
AZ_NW,147,0.007591416927711683
AZ_NW,148,0.012604136654734078
AZ_NW,149,0.016464467499033037
AZ_NW,150,0.008389175296505357
AZ_NW,151,0.00401035829628054
AZ_NW,152,0.007604583239083811
AZ_NW,153,0.0037544211618655864
AZ_NW,154,0.0039119857042534505
AZ_NW,155,0.0038918454455361493
AZ_NW,156,0.01196822484929367
AZ_NW,157,0.012373459352705425
AZ_NW,158,0.007941088237854058
AZ_NW,159,0.0036437985153998775
AZ_NW,160,0.011758815188219
AZ_NW,161,0.003977504896896569
AZ_NW,162,0.004006554190796653
AZ_NW,163,0.020264959318034254
AZ_NW,164,0.0041350171708531384
AZ_NW,165,0.0040033130207775
AZ_NW,166,0.0036245961319712043
AZ_NW,167,0.0034752821494355617
AZ_NW,168,0.011978142602390298
AZ_NW,169,0.008010334021069163
AZ_NW,170,0.01120972046155123
AZ_NW,171,0.008056728171720519
AZ_NW,172,0.02444301895415933
AZ_NW,173,0.007034279807094488
AZ_NW,174,0.003738857138856451
AZ_NW,175,0.003931970123214937
AZ_NW,176,0.015645879787264366
AZ_NW,177,0.01681230889243334
AZ_NW,178,0.012549686820670057
AZ_NW,179,0.011925706187640996
AZ_NW,180,0.007347216187841594
AZ_NW,181,0.0035878608805530758
AZ_NW,182,0.00299297212679476
AZ_NW,183,0.0057930620246635514
AZ_NW,184,0.00861401897299813
AZ_NW,185,0.010281030029704014
AZ_NW,186,0.0025683639332607527
AZ_NW,187,0.002575136863597568
AZ_NW,188,0.007999393720042903
AZ_NW,189,0.0029465078135491297
AZ_NW,190,0.011506292113388227
AZ_NW,191,0.008540571730838425
AZ_NW,192,0.0030077425581028377
AZ_NW,193,0.0028970343305174057
AZ_NW,194,0.007652505775048419
AZ_NW,195,0.002732266267034664
AZ_NW,196,0.01174069839308297
AZ_NW,197,0.041125074611709146
AZ_NW,198,0.03926848442170323
AZ_NW,199,0.020968679356071034
AZ_NW,200,0.00859070831409446
AZ_NW,201,0.0026344521293538837
AZ_NW,202,0.013164823663235325
AZ_NW,203,0.005813676846372101
AZ_NW,204,0.005989219147290441
AZ_NW,205,0.008928325393620625
AZ_NW,206,0.00293259980177348
AZ_NW,207,0.008934844498253375
AZ_NW,208,0.0026404100729559695
AZ_NW,209,0.007839394695614383
AZ_NW,210,0.008181531267615822
AZ_NW,211,0.005904905922083608
AZ_NW,212,0.006039311371489112
AZ_NW,213,2.18861416724794e-05
AZ_NW,214,0.009596952200246629
AZ_NW,215,0.004390486467091581
AZ_NW,216,0.008970963845841652
AZ_NW,217,0.004882960363971336
AZ_NW,218,0.004975660249948964
AZ_NW,219,0.020277758187363673
AZ_NW,220,0.019569100099466885
AZ_NW,221,0.009842788911254011
AZ_NW,222,0.004510701881990154
AZ_NW,223,0.013375262135728623
AZ_NW,224,0.0097884115292864
AZ_NW,225,0.010200387972400568
AZ_NW,226,0.020217024021824823
AZ_NW,227,0.014750192997403062
AZ_NW,228,0.023382044708834166
AZ_NW,229,0.013374880542615403
AZ_NW,230,0.009052349641616234
AZ_NW,231,0.009710895405356192
AZ_NW,232,0.01457248337408445
AZ_NW,233,0.015046867179126398
AZ_NW,234,0.005163472798588758
AZ_NW,235,0.019764189333365857
AZ_NW,236,0.013060483085364264
AZ_NW,237,0.013525909097370612
AZ_NW,238,0.009828443822652315
AZ_NW,239,0.015101437667181446
AZ_NW,240,0.015837021041530067
AZ_NW,241,0.014876364785450019
AZ_NW,242,0.013968055595936085
AZ_NW,243,0.004323179644798916
AZ_NW,244,0.007985976181612127
AZ_NW,245,0.02459172606657777
AZ_NW,246,0.018267586453777535
AZ_NW,247,0.017938673123563356
AZ_NW,248,0.06279398755953236
AZ_NW,249,0.017152851972551012
AZ_NW,250,0.008228784291270164
AZ_NW,251,0.024660149433634475
AZ_NW,252,0.00869576421076307
AZ_NW,253,0.026625529739495505
AZ_NW,254,0.027852813644673225
AZ_NW,255,0.03529998636785399
AZ_NW,256,0.01737356036954742
AZ_NW,257,0.008400363725624438
AZ_NW,258,0.025132341301392733
AZ_NW,259,0.01788699253786311
AZ_NW,260,0.018305758652278542
AZ_NW,261,0.018367414319351228
AZ_NW,262,0.027080810041942065
AZ_NW,263,0.017457760209731298
AZ_NW,264,0.032807239941088195
AZ_NW,265,0.03301131068868756
AZ_NW,266,0.03527663631408768
AZ_NW,267,0.027822663471431457
AZ_NW,268,0.019058524037080093
AZ_NW,269,0.027590084176596287
AZ_NW,270,0.026495808542457498
AZ_NW,271,0.00795421973342519
AZ_NW,272,0.0337304263844054
AZ_NW,273,0.026246871846404108
AZ_NW,274,0.019175236797034163
AZ_NW,275,0.019794263411855136
AZ_NW,276,0.03920828594202258
AZ_NW,277,0.027864495497064122
AZ_NW,278,0.009005246233760686
AZ_NW,279,0.018719302736027933
AZ_NW,280,0.018824817809605883
AZ_NW,281,0.02905779312053257
AZ_NW,282,0.019259070830624402
AZ_NW,283,0.019883118219596332
AZ_NW,284,0.03761314270942106
AZ_NW,285,0.026306178384663564
AZ_NW,286,0.01854634616038672
AZ_NW,287,0.0353772676438193
AZ_NW,288,0.009697068073131494
AZ_NW,289,0.029301972918745853
AZ_NW,290,0.028200554830327754
AZ_NW,291,0.027804281386178315
AZ_NW,292,0.035654825455442095
AZ_NW,293,0.036234679807842875
AZ_NW,294,0.028716352226499806
AZ_NW,295,0.029110432371820972
AZ_NW,296,0.039283100880015576
AZ_NW,297,0.030134495268184316
AZ_NW,298,0.04870753901777294
AZ_NW,299,0.017940688755927508
AZ_NW,300,0.03857800006207753
AZ_NW,301,0.04838902969475333
AZ_NW,302,0.010112518502652604
AZ_NW,303,0.04075256478087894
AZ_NW,304,0.03998305339463366
AZ_NW,305,0.024934400540223875
AZ_NW,306,0.006030163808511952
AZ_NW,307,0.012460848850468652
AZ_NW,308,0.020403471908723488
AZ_NW,309,0.027796802072050174
AZ_NW,310,0.0070915014178016
AZ_NW,311,0.04787484244558731
AZ_NW,312,0.020701428903437583
AZ_NW,313,4.4647028713587554e-06
AZ_NW,314,0.0256095303324048
AZ_NW,315,0.012342962323528156
AZ_NW,316,0.02082143806253333
AZ_NW,317,0.02023447243789394
AZ_NW,318,0.026547281924983446
AZ_NW,319,0.025595667392178216
AZ_NW,320,0.012744927977926708
AZ_NW,321,0.024461504794830707
AZ_NW,322,0.031835836794236204
AZ_NW,323,0.013242708552207888
AZ_NW,324,0.013693319934851497
AZ_NW,325,0.027234026653847648
AZ_NW,326,0.01945587944570333
AZ_NW,327,0.024203546027882033
AZ_NW,328,0.1117818169535696
AZ_NW,329,0.03250281980707183
AZ_NW,330,0.027524715976418916
AZ_NW,331,0.006436815454395071
AZ_NW,332,0.011461679441772428
AZ_NW,333,0.012107189159358614
AZ_NW,334,0.02516161684416336
AZ_NW,335,0.011949636596339002
AZ_NW,336,0.0046339418740480205
AZ_NW,337,0.0023709610241080563
AZ_NW,338,0.0048723218058835125
AZ_NW,339,0.0070652985096277985
AZ_NW,340,0.006840195316155699
AZ_NW,341,0.0021972733293126115
AZ_NW,342,0.004364919969459525
AZ_NW,343,0.006955002092156951
AZ_NW,344,0.0023830539185652993
AZ_NW,345,0.0023840604183222405
AZ_NW,346,0.00476519311606743
AZ_NW,347,0.0045759026287693055
AZ_NW,348,0.00223510341141787
AZ_NW,349,0.008496506527525628
AZ_NW,350,0.004696792837439011
AZ_NW,351,2.8487048198072236e-05
AZ_NW,352,0.002340977656890789
AZ_NW,353,0.002321857669254605
AZ_NW,354,0.0023091680215746348
AZ_NW,355,0.002144907352975831
AZ_NW,356,0.0021477250870180205
AZ_NW,357,1.2844145257393849e-05
AZ_NW,358,6.2327216301035036e-06
AZ_NW,359,3.540787184750614e-08
AZ_NW,360,0.0022074684836731286
AZ_NW,361,3.496302927699779e-05
AZ_NW,362,0.002179829820776985
AZ_NW,363,0.0042766296336171255
AZ_NW,364,0.004384050512270438
AZ_NW,365,0.002176885462635859
AZ_PHX,1,19406.59113061404
AZ_PHX,2,20529.07146413291
AZ_PHX,3,22823.80942208582
AZ_PHX,4,21913.91369868354
AZ_PHX,5,21395.059518497936
AZ_PHX,6,19251.61090123958
AZ_PHX,7,20354.55824193294
AZ_PHX,8,21982.66513387827
AZ_PHX,9,20396.403721339877
AZ_PHX,10,21542.771254363608
AZ_PHX,11,21545.61220162643
AZ_PHX,12,21087.387619621386
AZ_PHX,13,16175.959765900712
AZ_PHX,14,17326.290819592003
AZ_PHX,15,19618.40081760833
AZ_PHX,16,20372.55658982136
AZ_PHX,17,21110.284852218578
AZ_PHX,18,23105.257034631206
AZ_PHX,19,22178.31205392882
AZ_PHX,20,16979.31138667532
AZ_PHX,21,19707.028526599184
AZ_PHX,22,22128.177907856334
AZ_PHX,23,20138.105130169795
AZ_PHX,24,22735.390525162606
AZ_PHX,25,24575.768283496767
AZ_PHX,26,23734.01484817585
AZ_PHX,27,17910.45930242542
AZ_PHX,28,22781.469818069985
AZ_PHX,29,22931.20600535091
AZ_PHX,30,21155.29569851191
AZ_PHX,31,22928.544071522083
AZ_PHX,32,24321.810444803334
AZ_PHX,33,21615.635389515184
AZ_PHX,34,17218.643066175602
AZ_PHX,35,20791.74129189602
AZ_PHX,36,23697.03042400774
AZ_PHX,37,20187.451960405553
AZ_PHX,38,21701.884593347215
AZ_PHX,39,23890.86458260489
AZ_PHX,40,24364.15380962753
AZ_PHX,41,17914.375993944544
AZ_PHX,42,21855.785351776438
AZ_PHX,43,26835.37893178996
AZ_PHX,44,20987.854373203496
AZ_PHX,45,21899.805645862125
AZ_PHX,46,24799.9858178417
AZ_PHX,47,23954.87110160093
AZ_PHX,48,19170.82362554705
AZ_PHX,49,21120.86283187737
AZ_PHX,50,23741.73161612337
AZ_PHX,51,23196.935192842364
AZ_PHX,52,24409.11287090303
AZ_PHX,53,25168.56598775042
AZ_PHX,54,23285.429436311802
AZ_PHX,55,19083.685199116335
AZ_PHX,56,23286.704483428493
AZ_PHX,57,23458.391772492134
AZ_PHX,58,22136.764891935312
AZ_PHX,59,22375.995521240868
AZ_PHX,60,23841.483949308276
AZ_PHX,61,20246.606309860155
AZ_PHX,62,23042.11919229238
AZ_PHX,63,23736.537184181776
AZ_PHX,64,21980.502156544368
AZ_PHX,65,25011.743947008956
AZ_PHX,66,24407.23437227518
AZ_PHX,67,25662.417941596064
AZ_PHX,68,21313.642994838898
AZ_PHX,69,24518.251548091135
AZ_PHX,70,24362.988383250853
AZ_PHX,71,23236.859359152983
AZ_PHX,72,24686.351980192725
AZ_PHX,73,24363.84812451356
AZ_PHX,74,23994.253374926124
AZ_PHX,75,21704.182706572443
AZ_PHX,76,23435.832412655454
AZ_PHX,77,25233.13704518418
AZ_PHX,78,23906.893182453037
AZ_PHX,79,25204.390456512363
AZ_PHX,80,24403.49640565013
AZ_PHX,81,24686.049762190465
AZ_PHX,82,21809.525991606926
AZ_PHX,83,23065.547974601403
AZ_PHX,84,25293.989534597404
AZ_PHX,85,23432.882070289288
AZ_PHX,86,24426.645360822313
AZ_PHX,87,24450.80116582574
AZ_PHX,88,23349.313629025215
AZ_PHX,89,21529.039878989322
AZ_PHX,90,20469.261233474543
AZ_PHX,91,24950.384813187866
AZ_PHX,92,23974.897974162024
AZ_PHX,93,23283.161456074184
AZ_PHX,94,22654.153464122253
AZ_PHX,95,24279.37985062024
AZ_PHX,96,22612.844092866257
AZ_PHX,97,25253.743504469992
AZ_PHX,98,24433.475526905015
AZ_PHX,99,25667.66496546902
AZ_PHX,100,23542.626014276335
AZ_PHX,101,25602.344382559568
AZ_PHX,102,23325.49397884288
AZ_PHX,103,18886.46999276876
AZ_PHX,104,22548.523934598375
AZ_PHX,105,24670.195141601773
AZ_PHX,106,22504.114939159328
AZ_PHX,107,23436.33207460521
AZ_PHX,108,25775.19523323502
AZ_PHX,109,24497.013431034346
AZ_PHX,110,18194.797805313592
AZ_PHX,111,22677.504139148812
AZ_PHX,112,23521.355342988256
AZ_PHX,113,22611.06141630728
AZ_PHX,114,23522.03321966874
AZ_PHX,115,24907.494600864993
AZ_PHX,116,24234.159876949045
AZ_PHX,117,18347.905685760405
AZ_PHX,118,23262.698569536315
AZ_PHX,119,23933.43639796544
AZ_PHX,120,21311.953727723187
AZ_PHX,121,23824.84065971245
AZ_PHX,122,25103.458323527102
AZ_PHX,123,23392.2220687148
AZ_PHX,124,18734.722059595406
AZ_PHX,125,21057.047788099404
AZ_PHX,126,21966.474497205123
AZ_PHX,127,21791.05903324235
AZ_PHX,128,22915.284401735906
AZ_PHX,129,24907.116662390188
AZ_PHX,130,23953.721496574002
AZ_PHX,131,18673.011219441134
AZ_PHX,132,19778.03901577353
AZ_PHX,133,22916.366108352657
AZ_PHX,134,22505.083706258425
AZ_PHX,135,22352.7527372877
AZ_PHX,136,23976.93830962
AZ_PHX,137,23176.529036224052
AZ_PHX,138,18649.874309177907
AZ_PHX,139,20989.81529767154
AZ_PHX,140,22699.250655544354
AZ_PHX,141,22199.98907106443
AZ_PHX,142,22916.347224396282
AZ_PHX,143,24996.78814123362
AZ_PHX,144,22572.270177852733
AZ_PHX,145,16139.81099647807
AZ_PHX,146,17439.64177910564
AZ_PHX,147,19627.951739328688
AZ_PHX,148,21358.16738859118
AZ_PHX,149,21119.532007148475
AZ_PHX,150,22136.440927933614
AZ_PHX,151,21551.899054925343
AZ_PHX,152,17655.105600828636
AZ_PHX,153,19455.142644757794
AZ_PHX,154,21166.711085257168
AZ_PHX,155,20212.058842132632
AZ_PHX,156,20840.625700284898
AZ_PHX,157,22247.958476242227
AZ_PHX,158,21079.504594343012
AZ_PHX,159,17050.943039947004
AZ_PHX,160,19171.772239551054
AZ_PHX,161,20601.226962057022
AZ_PHX,162,20147.226809354437
AZ_PHX,163,20687.365525855705
AZ_PHX,164,21748.870178700443
AZ_PHX,165,21164.808630238505
AZ_PHX,166,17137.82595453949
AZ_PHX,167,17246.13134369939
AZ_PHX,168,20990.74861808601
AZ_PHX,169,20731.757484937098
AZ_PHX,170,19195.62183419639
AZ_PHX,171,21185.995379051463
AZ_PHX,172,21424.851701645817
AZ_PHX,173,16401.722660137293
AZ_PHX,174,18307.950751835353
AZ_PHX,175,20560.26661806192
AZ_PHX,176,19822.244514273178
AZ_PHX,177,21988.04524589814
AZ_PHX,178,22204.98284294755
AZ_PHX,179,21034.8894319584
AZ_PHX,180,17289.64926190739
AZ_PHX,181,17463.448912503205
AZ_PHX,182,20819.750658383076
AZ_PHX,183,19779.590910507268
AZ_PHX,184,20256.04826821493
AZ_PHX,185,13432.929290134909
AZ_PHX,186,16531.57544153456
AZ_PHX,187,16315.929309177009
AZ_PHX,188,18330.059588087814
AZ_PHX,189,20798.28722838032
AZ_PHX,190,20083.26962369054
AZ_PHX,191,20277.757669435687
AZ_PHX,192,21577.702289562356
AZ_PHX,193,20299.3849572363
AZ_PHX,194,16683.90014276266
AZ_PHX,195,17006.55937992897
AZ_PHX,196,21555.2213917294
AZ_PHX,197,20212.172398277893
AZ_PHX,198,21187.93588406988
AZ_PHX,199,20644.678773217314
AZ_PHX,200,19281.379131466852
AZ_PHX,201,16813.470246458102
AZ_PHX,202,17528.397921544216
AZ_PHX,203,20084.211041486207
AZ_PHX,204,20406.55033964255
AZ_PHX,205,20624.022857727497
AZ_PHX,206,21685.83562025937
AZ_PHX,207,20927.09427004259
AZ_PHX,208,17007.837940826466
AZ_PHX,209,17268.7719876925
AZ_PHX,210,19302.93083843723
AZ_PHX,211,20624.005605677026
AZ_PHX,212,20645.660375637246
AZ_PHX,213,22161.275440666133
AZ_PHX,214,20081.490148380584
AZ_PHX,215,16247.926541255178
AZ_PHX,216,16963.78687860071
AZ_PHX,217,20604.574598932944
AZ_PHX,218,18218.365433723706
AZ_PHX,219,20839.46324254436
AZ_PHX,220,21403.486401584767
AZ_PHX,221,21446.828661546908
AZ_PHX,222,15339.105944666284
AZ_PHX,223,18351.06216522763
AZ_PHX,224,20840.84901769891
AZ_PHX,225,18869.633692580785
AZ_PHX,226,19908.14815003236
AZ_PHX,227,21967.9676209226
AZ_PHX,228,20581.75838832748
AZ_PHX,229,15404.165978981078
AZ_PHX,230,18740.64937828211
AZ_PHX,231,21037.072026513626
AZ_PHX,232,18305.040821986982
AZ_PHX,233,20190.000610846895
AZ_PHX,234,23134.07141073621
AZ_PHX,235,22334.522837189033
AZ_PHX,236,15144.216833856806
AZ_PHX,237,18654.768034264234
AZ_PHX,238,20233.33714839354
AZ_PHX,239,18151.94269817753
AZ_PHX,240,19625.387897604287
AZ_PHX,241,21812.575831281978
AZ_PHX,242,20560.582759187168
AZ_PHX,243,14623.363458977525
AZ_PHX,244,14902.794173159224
AZ_PHX,245,19171.49284172042
AZ_PHX,246,18407.003979317047
AZ_PHX,247,18365.00481289961
AZ_PHX,248,22133.342633558794
AZ_PHX,249,21268.254626222108
AZ_PHX,250,15613.124094503628
AZ_PHX,251,19299.0217448307
AZ_PHX,252,21034.220586381933
AZ_PHX,253,18560.5549686877
AZ_PHX,254,19576.5505066465
AZ_PHX,255,22502.826733662092
AZ_PHX,256,21699.811233823297
AZ_PHX,257,16395.647735521812
AZ_PHX,258,19579.71049396589
AZ_PHX,259,21615.437356069688
AZ_PHX,260,19121.831286638837
AZ_PHX,261,19077.315323706996
AZ_PHX,262,22547.436391207004
AZ_PHX,263,22157.31087396306
AZ_PHX,264,15832.34414291003
AZ_PHX,265,19624.398076579866
AZ_PHX,266,21682.079596007996
AZ_PHX,267,19165.699310212898
AZ_PHX,268,20377.320576564256
AZ_PHX,269,22782.97248298146
AZ_PHX,270,22349.848250235857
AZ_PHX,271,15400.83852703723
AZ_PHX,272,20166.326154374205
AZ_PHX,273,21571.713434444475
AZ_PHX,274,19340.868406708767
AZ_PHX,275,20486.51728470291
AZ_PHX,276,24126.697969750698
AZ_PHX,277,23217.35497911419
AZ_PHX,278,17671.914496172667
AZ_PHX,279,22092.502880463755
AZ_PHX,280,23653.621683076213
AZ_PHX,281,22720.497571775093
AZ_PHX,282,22654.572722490288
AZ_PHX,283,24842.240440914615
AZ_PHX,284,24127.76376666051
AZ_PHX,285,19365.74523711648
AZ_PHX,286,22223.48593658289
AZ_PHX,287,22420.44660433501
AZ_PHX,288,22482.664051369396
AZ_PHX,289,23002.137258491148
AZ_PHX,290,24541.5953777861
AZ_PHX,291,23391.917494159705
AZ_PHX,292,19493.386235691218
AZ_PHX,293,22397.182589517553
AZ_PHX,294,23955.08578851212
AZ_PHX,295,23196.44970824049
AZ_PHX,296,23715.529095668713
AZ_PHX,297,26163.4290454103
AZ_PHX,298,24495.23117564277
AZ_PHX,299,18366.597470999382
AZ_PHX,300,23739.22403473933
AZ_PHX,301,24300.63130753648
AZ_PHX,302,22157.25750705701
AZ_PHX,303,22458.31031614784
AZ_PHX,304,21029.93432904852
AZ_PHX,305,22565.90540925712
AZ_PHX,306,16891.486896541253
AZ_PHX,307,22156.270759151306
AZ_PHX,308,21853.434383788186
AZ_PHX,309,19510.531613604682
AZ_PHX,310,23232.8583211943
AZ_PHX,311,26679.582619932266
AZ_PHX,312,24597.82955165386
AZ_PHX,313,17932.63857369837
AZ_PHX,314,25231.91032976284
AZ_PHX,315,24367.175021952575
AZ_PHX,316,22757.361628766663
AZ_PHX,317,22975.364675482484
AZ_PHX,318,26202.018401470334
AZ_PHX,319,25035.662709943204
AZ_PHX,320,18322.360594887392
AZ_PHX,321,23193.073143255413
AZ_PHX,322,24773.657012626634
AZ_PHX,323,22109.204257825153
AZ_PHX,324,22996.098971483192
AZ_PHX,325,26505.265595049124
AZ_PHX,326,26243.68407280127
AZ_PHX,327,22783.182037203707
AZ_PHX,328,24167.423564189005
AZ_PHX,329,25077.87155463126
AZ_PHX,330,27780.330978163427
AZ_PHX,331,25878.6977389632
AZ_PHX,332,12259.82861119398
AZ_PHX,333,19320.814582561037
AZ_PHX,334,23172.9925533205
AZ_PHX,335,26076.05435191904
AZ_PHX,336,26814.633271224655
AZ_PHX,337,23650.585882595667
AZ_PHX,338,22502.683701277747
AZ_PHX,339,24428.958374306636
AZ_PHX,340,24128.30546321436
AZ_PHX,341,17736.00877782917
AZ_PHX,342,23133.112203133085
AZ_PHX,343,23242.887714291883
AZ_PHX,344,21203.204825931847
AZ_PHX,345,22285.30672042358
AZ_PHX,346,24972.525816023302
AZ_PHX,347,24452.52910288517
AZ_PHX,348,18020.13679985945
AZ_PHX,349,22679.112783262557
AZ_PHX,350,23325.192596603058
AZ_PHX,351,21809.872353079223
AZ_PHX,352,22500.453098679434
AZ_PHX,353,26164.837070329933
AZ_PHX,354,26207.20529149018
AZ_PHX,355,22809.37621887975
AZ_PHX,356,23090.657143198998
AZ_PHX,357,24020.525941930166
AZ_PHX,358,16268.442356077765
AZ_PHX,359,13863.654706893238
AZ_PHX,360,23241.25785404548
AZ_PHX,361,26272.66657239606
AZ_PHX,362,23154.323332136373
AZ_PHX,363,22764.75642189627
AZ_PHX,364,24648.491528439463
AZ_PHX,365,18779.48362682801
AZ_SE,1,13.42140721933892
AZ_SE,2,17.99439282413786
AZ_SE,3,20.7113983781725
AZ_SE,4,20.289354408224657
AZ_SE,5,18.96977457933078
AZ_SE,6,16.68114354365327
AZ_SE,7,19.11439592732046
AZ_SE,8,16.554371928048027
AZ_SE,9,20.61565801405163
AZ_SE,10,22.96914749314965
AZ_SE,11,20.13022607650668
AZ_SE,12,23.198463695933633
AZ_SE,13,14.601216047970773
AZ_SE,14,12.999673262538593
AZ_SE,15,18.344534392092235
AZ_SE,16,22.784238109529205
AZ_SE,17,21.96805246484718
AZ_SE,18,21.005742124441223
AZ_SE,19,15.980370581741644
AZ_SE,20,13.189003531518606
AZ_SE,21,16.407697301205975
AZ_SE,22,22.75975897007311
AZ_SE,23,18.82356151924417
AZ_SE,24,22.415901109933078
AZ_SE,25,24.33324910941976
AZ_SE,26,20.79628520814038
AZ_SE,27,14.017886543156452
AZ_SE,28,19.684328286751636
AZ_SE,29,21.681406949495077
AZ_SE,30,20.306837101116407
AZ_SE,31,24.336723630849743
AZ_SE,32,18.184096213540833
AZ_SE,33,15.099765641548078
AZ_SE,34,12.276414611675069
AZ_SE,35,15.296034301162603
AZ_SE,36,14.235875688804926
AZ_SE,37,12.799309239864872
AZ_SE,38,15.524075972201977
AZ_SE,39,15.61621053326781
AZ_SE,40,19.191276204275965
AZ_SE,41,10.071991420964755
AZ_SE,42,13.335552232410336
AZ_SE,43,18.44956322419227
AZ_SE,44,14.290647454604956
AZ_SE,45,12.689601096269987
AZ_SE,46,16.86405064122747
AZ_SE,47,16.67491780860933
AZ_SE,48,10.74882989007969
AZ_SE,49,11.380684774510186
AZ_SE,50,13.08573840756641
AZ_SE,51,16.0298857147979
AZ_SE,52,17.61081727045087
AZ_SE,53,16.72040920662197
AZ_SE,54,14.230169925226281
AZ_SE,55,11.199763089077376
AZ_SE,56,12.94869226666946
AZ_SE,57,14.659723005252236
AZ_SE,58,14.1753814853798
AZ_SE,59,13.359802485939872
AZ_SE,60,21.698312709655372
AZ_SE,61,18.65031817762795
AZ_SE,62,19.071502939542718
AZ_SE,63,18.255021530489476
AZ_SE,64,18.72488892739194
AZ_SE,65,21.827893916383275
AZ_SE,66,19.48422343412223
AZ_SE,67,21.382416357013117
AZ_SE,68,13.67972535488505
AZ_SE,69,16.83117896886337
AZ_SE,70,20.373748773280855
AZ_SE,71,19.439867519054385
AZ_SE,72,22.139244609275586
AZ_SE,73,19.522514579372604
AZ_SE,74,20.64900218344164
AZ_SE,75,13.281538368722941
AZ_SE,76,15.54622933893581
AZ_SE,77,17.199761405796114
AZ_SE,78,21.284845585730015
AZ_SE,79,24.260554909057994
AZ_SE,80,23.221886667747377
AZ_SE,81,22.41596841371816
AZ_SE,82,16.29937166574515
AZ_SE,83,17.359756189378494
AZ_SE,84,21.34235334239028
AZ_SE,85,18.482915622249532
AZ_SE,86,21.755541333708923
AZ_SE,87,19.257279988594146
AZ_SE,88,15.373517217483311
AZ_SE,89,15.007284464876797
AZ_SE,90,12.74885936462226
AZ_SE,91,18.18336910989753
AZ_SE,92,18.34293221912009
AZ_SE,93,16.482163673536625
AZ_SE,94,16.95672590496206
AZ_SE,95,17.289123247650945
AZ_SE,96,14.935201102620937
AZ_SE,97,18.26367260887099
AZ_SE,98,14.92185075589822
AZ_SE,99,16.151249001697423
AZ_SE,100,17.12601499668321
AZ_SE,101,16.43841623063341
AZ_SE,102,17.514653174281932
AZ_SE,103,13.358748360251006
AZ_SE,104,14.230374528665866
AZ_SE,105,16.622253570777573
AZ_SE,106,15.28891916936038
AZ_SE,107,15.065449102530449
AZ_SE,108,16.999875389409233
AZ_SE,109,16.4111149500307
AZ_SE,110,11.463075646381519
AZ_SE,111,15.297963463863868
AZ_SE,112,16.735858254735277
AZ_SE,113,16.714800166803947
AZ_SE,114,16.05657330698508
AZ_SE,115,17.733073208443976
AZ_SE,116,19.16095054301404
AZ_SE,117,10.065541986987949
AZ_SE,118,15.298304084934886
AZ_SE,119,16.454940029642632
AZ_SE,120,15.374519326951447
AZ_SE,121,16.647201641187603
AZ_SE,122,16.816295352071982
AZ_SE,123,15.76706844922866
AZ_SE,124,13.359532352848827
AZ_SE,125,10.16725609317469
AZ_SE,126,11.037000307781396
AZ_SE,127,13.080399973088094
AZ_SE,128,15.895469751154822
AZ_SE,129,18.076995807096957
AZ_SE,130,17.818095025190907
AZ_SE,131,10.052891656771338
AZ_SE,132,10.417678278597219
AZ_SE,133,14.82696765421025
AZ_SE,134,14.296072840195434
AZ_SE,135,14.89721323136603
AZ_SE,136,16.263936726756718
AZ_SE,137,14.731059709333067
AZ_SE,138,11.505372839986137
AZ_SE,139,12.375867349487653
AZ_SE,140,15.196904469888361
AZ_SE,141,15.948436624564177
AZ_SE,142,14.827655356435946
AZ_SE,143,15.080333259617733
AZ_SE,144,12.123075825007799
AZ_SE,145,7.372698175365404
AZ_SE,146,8.010045355689074
AZ_SE,147,8.766371985936734
AZ_SE,148,12.480456267534764
AZ_SE,149,12.696514172973286
AZ_SE,150,14.478451570750854
AZ_SE,151,13.818898012620092
AZ_SE,152,9.289966678203895
AZ_SE,153,8.212599252913485
AZ_SE,154,8.895316271758379
AZ_SE,155,9.890934802119341
AZ_SE,156,9.86561540930835
AZ_SE,157,11.340852904098698
AZ_SE,158,9.399570795189954
AZ_SE,159,6.5873820526204225
AZ_SE,160,9.812661913485593
AZ_SE,161,10.853157461764713
AZ_SE,162,9.697582437418932
AZ_SE,163,11.395164251411426
AZ_SE,164,11.936059026841974
AZ_SE,165,10.802205396643753
AZ_SE,166,6.40024964955407
AZ_SE,167,6.467482195411384
AZ_SE,168,11.45847324270225
AZ_SE,169,10.364742381244975
AZ_SE,170,7.637945615032045
AZ_SE,171,11.283283447768039
AZ_SE,172,10.824505233909786
AZ_SE,173,5.579791809591463
AZ_SE,174,6.674109854857019
AZ_SE,175,8.463917828634594
AZ_SE,176,9.556823734013888
AZ_SE,177,11.162032560539165
AZ_SE,178,10.968218529953877
AZ_SE,179,10.665261835315958
AZ_SE,180,6.289466622806527
AZ_SE,181,5.886193034190542
AZ_SE,182,9.073979201101787
AZ_SE,183,8.87669541855097
AZ_SE,184,9.245669193658346
AZ_SE,185,5.015558459115227
AZ_SE,186,5.7706627936687465
AZ_SE,187,4.680692033997855
AZ_SE,188,6.2374335613564185
AZ_SE,189,8.864647424825552
AZ_SE,190,8.628187156190306
AZ_SE,191,9.2114290158133
AZ_SE,192,9.719171965664751
AZ_SE,193,9.265441934817588
AZ_SE,194,5.16716793063392
AZ_SE,195,7.622603220738185
AZ_SE,196,10.51901908802331
AZ_SE,197,9.743674931160431
AZ_SE,198,9.309034594288054
AZ_SE,199,10.736392400487965
AZ_SE,200,8.575553567905123
AZ_SE,201,5.644434455905749
AZ_SE,202,5.9521297280773915
AZ_SE,203,7.69488288310685
AZ_SE,204,10.467786642034314
AZ_SE,205,9.729080776369896
AZ_SE,206,9.953926585560522
AZ_SE,207,10.092904740393962
AZ_SE,208,6.3463534948431635
AZ_SE,209,5.496950996704953
AZ_SE,210,8.704469039593057
AZ_SE,211,9.749467806271845
AZ_SE,212,9.771167546670423
AZ_SE,213,11.33529625710438
AZ_SE,214,10.397542097506372
AZ_SE,215,7.659753702821992
AZ_SE,216,7.043000047472589
AZ_SE,217,7.493795693290514
AZ_SE,218,9.53469927807683
AZ_SE,219,11.003307844153069
AZ_SE,220,10.496791753131996
AZ_SE,221,10.534355195958044
AZ_SE,222,6.166494203563738
AZ_SE,223,6.905105504477742
AZ_SE,224,9.642685774833026
AZ_SE,225,8.49892322858436
AZ_SE,226,10.333034786239987
AZ_SE,227,9.549688218490285
AZ_SE,228,8.631911277262024
AZ_SE,229,6.119794185639092
AZ_SE,230,7.445318577382439
AZ_SE,231,8.476362828764826
AZ_SE,232,9.564202936834901
AZ_SE,233,10.250366789694338
AZ_SE,234,13.8407725152099
AZ_SE,235,11.472021694053026
AZ_SE,236,5.981337244066055
AZ_SE,237,6.6360063641054
AZ_SE,238,10.281007458569752
AZ_SE,239,10.914939616112921
AZ_SE,240,11.30473013559331
AZ_SE,241,13.248056448884522
AZ_SE,242,8.119445900398286
AZ_SE,243,6.65336517261891
AZ_SE,244,8.992459681926508
AZ_SE,245,10.072791207965007
AZ_SE,246,15.97247441441286
AZ_SE,247,14.619601950917044
AZ_SE,248,17.534989835808393
AZ_SE,249,15.711726177058155
AZ_SE,250,13.908192909076467
AZ_SE,251,12.5927618227667
AZ_SE,252,11.339337946097881
AZ_SE,253,14.125862666370969
AZ_SE,254,16.822653990145973
AZ_SE,255,16.538738498789474
AZ_SE,256,17.63208402377332
AZ_SE,257,11.651774585097689
AZ_SE,258,13.660146489804157
AZ_SE,259,15.309086980010495
AZ_SE,260,16.395188635217323
AZ_SE,261,17.55428932821368
AZ_SE,262,15.259996235881154
AZ_SE,263,15.27917079599372
AZ_SE,264,11.40468634425186
AZ_SE,265,12.310522363092929
AZ_SE,266,13.67736723590419
AZ_SE,267,15.865148514445188
AZ_SE,268,18.000765108274
AZ_SE,269,18.152842645274063
AZ_SE,270,17.793722399640796
AZ_SE,271,9.449281746440542
AZ_SE,272,12.23128198338551
AZ_SE,273,15.680553814850516
AZ_SE,274,14.08666587712789
AZ_SE,275,17.16437956636103
AZ_SE,276,18.22033654311098
AZ_SE,277,17.25964361250753
AZ_SE,278,14.15032179168376
AZ_SE,279,15.068399834884415
AZ_SE,280,14.487255468721221
AZ_SE,281,15.61412900369426
AZ_SE,282,16.520247052446592
AZ_SE,283,17.9399290403439
AZ_SE,284,17.15613855116721
AZ_SE,285,10.880351555442722
AZ_SE,286,14.133607005531257
AZ_SE,287,12.225077081828248
AZ_SE,288,15.055376412028854
AZ_SE,289,15.73615130884178
AZ_SE,290,15.144652514452117
AZ_SE,291,16.092962709590548
AZ_SE,292,13.270703399253007
AZ_SE,293,13.813683999920475
AZ_SE,294,16.45126362699195
AZ_SE,295,16.492259014591856
AZ_SE,296,17.582752664485373
AZ_SE,297,18.858146047327
AZ_SE,298,18.132340678701393
AZ_SE,299,13.032344948960075
AZ_SE,300,15.559802883081797
AZ_SE,301,17.670650026655576
AZ_SE,302,15.343565332394629
AZ_SE,303,17.69350687073375
AZ_SE,304,15.58121631908567
AZ_SE,305,18.495689258534817
AZ_SE,306,14.313045435504923
AZ_SE,307,16.33606223424154
AZ_SE,308,15.718688414913148
AZ_SE,309,17.804752042757208
AZ_SE,310,23.448688301387318
AZ_SE,311,22.872645874083446
AZ_SE,312,23.931126856027596
AZ_SE,313,13.523319774792885
AZ_SE,314,18.404583829071175
AZ_SE,315,16.185964425362386
AZ_SE,316,22.10202811494595
AZ_SE,317,20.839586397378593
AZ_SE,318,23.620751538587346
AZ_SE,319,19.580377117550686
AZ_SE,320,13.916086989992257
AZ_SE,321,19.877570354906645
AZ_SE,322,21.493958257437026
AZ_SE,323,20.042395419080112
AZ_SE,324,21.78665901555126
AZ_SE,325,23.816495888798443
AZ_SE,326,25.314056477018184
AZ_SE,327,17.95850108387763
AZ_SE,328,20.773833989187562
AZ_SE,329,20.713739225253605
AZ_SE,330,27.50937980429674
AZ_SE,331,21.85026108660563
AZ_SE,332,7.704673412564582
AZ_SE,333,12.474615127502961
AZ_SE,334,18.281360196121774
AZ_SE,335,19.57233973014059
AZ_SE,336,17.924201817371422
AZ_SE,337,17.550916345833997
AZ_SE,338,16.720136649286296
AZ_SE,339,19.440240178219963
AZ_SE,340,16.657976224829138
AZ_SE,341,15.091733962515285
AZ_SE,342,14.843450208551284
AZ_SE,343,13.4360197123619
AZ_SE,344,15.756485902009635
AZ_SE,345,17.35686377372804
AZ_SE,346,17.72955815131171
AZ_SE,347,17.54742361789927
AZ_SE,348,12.727917773097849
AZ_SE,349,13.683460693900228
AZ_SE,350,17.827732218104043
AZ_SE,351,15.965399587369804
AZ_SE,352,18.954964478194736
AZ_SE,353,17.495117780104867
AZ_SE,354,18.477105051394563
AZ_SE,355,13.471299400705114
AZ_SE,356,13.954127966227773
AZ_SE,357,16.07428804081155
AZ_SE,358,8.821347628452413
AZ_SE,359,7.784417156198128
AZ_SE,360,15.071489497101165
AZ_SE,361,18.04150779428479
AZ_SE,362,15.31004615016929
AZ_SE,363,14.74209770043082
AZ_SE,364,16.653117239108386
AZ_SE,365,11.979291991150504
CA_IID,1,0.0002075543993685094
CA_IID,2,0.00020998708941586875
CA_IID,3,0.0003703363815511789
CA_IID,4,0.0003748532450104371
CA_IID,5,0.00042251941169364293
CA_IID,6,0.00014117559598611064
CA_IID,7,0.0002031486761563141
CA_IID,8,0.00042618742846982415
CA_IID,9,0.00044295821315284105
CA_IID,10,0.000503952277917832
CA_IID,11,0.00029677052663832216
CA_IID,12,0.00033604169930931665
CA_IID,13,0.00014074805796071145
CA_IID,14,0.00019881367793327698
CA_IID,15,0.00037944753831024354
CA_IID,16,0.0002772421303763363
CA_IID,17,0.0005537154758572711
CA_IID,18,0.00040278306697680055
CA_IID,19,0.0004487410421451705
CA_IID,20,0.00034622267510579135
CA_IID,21,0.00021001665616112288
CA_IID,22,0.00010084685737835965
CA_IID,23,0.0004001605570825441
CA_IID,24,0.00035455821683973897
CA_IID,25,0.0007108205343306363
CA_IID,26,0.00034122493822325516
CA_IID,27,0.00019183784326929815
CA_IID,28,0.00021934000236313627
CA_IID,29,0.0003399593390144424
CA_IID,30,0.0003898832072762887
CA_IID,31,0.0004160335833700106
CA_IID,32,0.00026823124896768166
CA_IID,33,0.00032767205964213855
CA_IID,34,0.00024263113398610112
CA_IID,35,4.857560862036178e-05
CA_IID,36,0.00019891837698702113
CA_IID,37,0.0004138031788981437
CA_IID,38,0.00048277934195489633
CA_IID,39,0.0003312553830039703
CA_IID,40,0.0006505816235267527
CA_IID,41,0.00013839548747907193
CA_IID,42,0.0001438453269569468
CA_IID,43,0.00038294855254447023
CA_IID,44,0.0003786808670877583
CA_IID,45,0.00047940915567545465
CA_IID,46,0.000570509966102323
CA_IID,47,0.0005033187583314435
CA_IID,48,0.0001442861093769806
CA_IID,49,0.00024594784721506074
CA_IID,50,0.00030603625435761503
CA_IID,51,0.0003789156317819263
CA_IID,52,0.00044810397493997
CA_IID,53,0.0005525201331346731
CA_IID,54,0.0005465101976606541
CA_IID,55,0.00023468988808205736
CA_IID,56,0.00015483946578564208
CA_IID,57,0.0003644209961014632
CA_IID,58,0.00032611867506305144
CA_IID,59,0.00038484923295516085
CA_IID,60,0.0006979830368594076
CA_IID,61,0.00011171069225678903
CA_IID,62,6.519656707334736e-05
CA_IID,63,0.0005452026450091381
CA_IID,64,0.00042129229312600386
CA_IID,65,0.0004962172610807912
CA_IID,66,0.0004312476278788831
CA_IID,67,0.00048447608251985723
CA_IID,68,0.0004204295596029362
CA_IID,69,0.00026847116123436494
CA_IID,70,0.0007441154490569024
CA_IID,71,0.00047714039892177314
CA_IID,72,0.00041798503820829574
CA_IID,73,0.00027771085233736
CA_IID,74,0.000416271611364508
CA_IID,75,0.0002938927980564983
CA_IID,76,0.00020020249365842316
CA_IID,77,0.00048069435237371434
CA_IID,78,0.0006266905809397233
CA_IID,79,0.0006300414730369578
CA_IID,80,0.000502124174870903
CA_IID,81,0.0003603357329672392
CA_IID,82,0.0003066506697019767
CA_IID,83,0.0003966756514732365
CA_IID,84,0.00033516946771238636
CA_IID,85,0.0006718573911908331
CA_IID,86,0.000501649878723088
CA_IID,87,0.0005733970940947134
CA_IID,88,0.0006922998851399263
CA_IID,89,0.00023466057439966133
CA_IID,90,0.0001795904520229968
CA_IID,91,0.0002899021712984111
CA_IID,92,0.00025788811280403473
CA_IID,93,0.00019062595807415288
CA_IID,94,0.0002016129902296985
CA_IID,95,0.0003749829051393125
CA_IID,96,0.000200555931228738
CA_IID,97,0.0001456142325127491
CA_IID,98,0.00028409199530701485
CA_IID,99,0.00021939827452715672
CA_IID,100,0.0003335846486838924
CA_IID,101,0.0004337512150061412
CA_IID,102,0.00031588387214972417
CA_IID,103,0.00012851373181519652
CA_IID,104,0.00018188399041402676
CA_IID,105,0.0003042120579972051
CA_IID,106,0.0002576501457356703
CA_IID,107,0.0003373167130298701
CA_IID,108,0.00024149782935161944
CA_IID,109,0.0002665912506660631
CA_IID,110,0.00019592480412509276
CA_IID,111,0.00014430489906816716
CA_IID,112,0.0002604726092739155
CA_IID,113,0.00030077954366213483
CA_IID,114,0.00019094395700883964
CA_IID,115,0.0004039896229317848
CA_IID,116,0.0003179247220993163
CA_IID,117,9.580814189087133e-05
CA_IID,118,0.00018047667523357202
CA_IID,119,0.0002285584582324933
CA_IID,120,0.0004035705793118098
CA_IID,121,0.00032584732339097105
CA_IID,122,0.0003296851304348342
CA_IID,123,0.00021088432121903197
CA_IID,124,0.00010863405455522941
CA_IID,125,0.00036741489459150064
CA_IID,126,0.0002405750444542329
CA_IID,127,0.0002752798898082341
CA_IID,128,0.0003547669113929215
CA_IID,129,0.0002661503873255092
CA_IID,130,0.0002963553936932006
CA_IID,131,0.0001455278258336439
CA_IID,132,0.0001639896633701871
CA_IID,133,0.0002706789849911436
CA_IID,134,0.00035383612732982773
CA_IID,135,0.00021518134109241974
CA_IID,136,0.0003316034844780547
CA_IID,137,0.0006398151448274695
CA_IID,138,0.0001084757475681017
CA_IID,139,0.00014200196028420694
CA_IID,140,0.0002797354198039773
CA_IID,141,0.00023775381496237295
CA_IID,142,0.0002779385420732316
CA_IID,143,0.0003248012585996243
CA_IID,144,0.0002849449015489673
CA_IID,145,0.0001336743728310942
CA_IID,146,0.0002652331663559225
CA_IID,147,8.924898502964614e-05
CA_IID,148,0.0003003923265269014
CA_IID,149,0.00026885713739165275
CA_IID,150,0.0002736273118580871
CA_IID,151,0.0004216720140961884
CA_IID,152,9.528504967492728e-05
CA_IID,153,0.00017254057656465789
CA_IID,154,0.0002104537458066404
CA_IID,155,0.0002517288855282986
CA_IID,156,0.0002933017476715117
CA_IID,157,0.0003878766470954607
CA_IID,158,0.00036595476782255785
CA_IID,159,9.752097676225563e-05
CA_IID,160,0.00010803843314956473
CA_IID,161,0.00028784021153647376
CA_IID,162,0.00036912809230682953
CA_IID,163,0.00029615799736151875
CA_IID,164,0.0003079671564557539
CA_IID,165,0.00029744093345249574
CA_IID,166,9.939968278304853e-05
CA_IID,167,0.0001717538544278065
CA_IID,168,0.00022013386444749272
CA_IID,169,0.00021402694838293
CA_IID,170,0.0002795959966229148
CA_IID,171,0.0003005740262702679
CA_IID,172,0.0002482101087246015
CA_IID,173,0.00012700629236202872
CA_IID,174,8.02458872724308e-07
CA_IID,175,0.00021186902235462878
CA_IID,176,0.000215455736022675
CA_IID,177,0.00025321297856489535
CA_IID,178,0.0003031398587521903
CA_IID,179,0.00025627354634963486
CA_IID,180,9.678788100361442e-05
CA_IID,181,0.0001687623690656146
CA_IID,182,0.00030190717239606495
CA_IID,183,0.0005700206504421278
CA_IID,184,0.00043550468472910677
CA_IID,185,0.00015233386197177553
CA_IID,186,0.00027844134646769024
CA_IID,187,0.00016860662345022476
CA_IID,188,0.00018064298254135167
CA_IID,189,0.0003102931543463521
CA_IID,190,0.0005015808827930443
CA_IID,191,0.0003166226425239906
CA_IID,192,0.0005804426740868515
CA_IID,193,0.00019118173214542302
CA_IID,194,5.652103474106578e-05
CA_IID,195,6.308031674291113e-05
CA_IID,196,0.00018825821206980837
CA_IID,197,0.00024883290611231424
CA_IID,198,0.0004499125359089416
CA_IID,199,0.00041070004751367914
CA_IID,200,0.0004036883250649139
CA_IID,201,0.00011385763456424129
CA_IID,202,1.0888853749463731e-06
CA_IID,203,0.00018901147669282467
CA_IID,204,0.0003687267447022709
CA_IID,205,0.000188671726106483
CA_IID,206,0.000195436728473455
CA_IID,207,0.00012945011770607376
CA_IID,208,0.00011333976406282533
CA_IID,209,1.0356515662748657e-06
CA_IID,210,0.00012479029754991326
CA_IID,211,0.00018920633149634088
CA_IID,212,0.00032006845585032625
CA_IID,213,0.00013485794669288652
CA_IID,214,8.718264735922606e-05
CA_IID,215,3.8040773336825683e-05
CA_IID,216,2.077418435490193e-05
CA_IID,217,0.00010680750380141712
CA_IID,218,8.523604703032096e-05
CA_IID,219,4.403023673780148e-05
CA_IID,220,9.243929679103085e-05
CA_IID,221,0.00019957991853963256
CA_IID,222,5.7571054669900797e-05
CA_IID,223,0.00012494368963840733
CA_IID,224,6.39413865900838e-05
CA_IID,225,8.43590629238637e-05
CA_IID,226,8.76716524114206e-05
CA_IID,227,9.22217779847594e-05
CA_IID,228,6.535011569186282e-05
CA_IID,229,5.815570642242929e-05
CA_IID,230,6.414470914257207e-05
CA_IID,231,0.0001086912069436717
CA_IID,232,0.00015139133188902092
CA_IID,233,0.00013361688836955576
CA_IID,234,0.00013835901628600397
CA_IID,235,0.00017439941475207675
CA_IID,236,5.645565541976782e-05
CA_IID,237,0.00014363560401599494
CA_IID,238,0.00016764559705292827
CA_IID,239,0.0001314611101345561
CA_IID,240,9.008435964568628e-05
CA_IID,241,0.00016166667507748074
CA_IID,242,8.985662553369278e-05
CA_IID,243,5.6826378531072604e-05
CA_IID,244,6.969002136878985e-10
CA_IID,245,5.7455365736327594e-05
CA_IID,246,7.656857603990443e-05
CA_IID,247,7.97268316262302e-05
CA_IID,248,0.00012409646773905712
CA_IID,249,7.99308334711135e-05
CA_IID,250,5.0893613552376754e-05
CA_IID,251,6.1979289870288485e-09
CA_IID,252,5.857656274065753e-05
CA_IID,253,6.131448211943254e-05
CA_IID,254,0.00014243277975634338
CA_IID,255,0.00016454640027868694
CA_IID,256,0.00013972410142842204
CA_IID,257,7.054627510584475e-05
CA_IID,258,5.7230675438540465e-05
CA_IID,259,0.00010021717318834904
CA_IID,260,6.257101408427819e-05
CA_IID,261,0.00012208239388098311
CA_IID,262,0.00019044025847131483
CA_IID,263,0.0001640679739065617
CA_IID,264,5.339864091601594e-05
CA_IID,265,5.836036258653293e-05
CA_IID,266,0.00013919192393208472
CA_IID,267,8.037195872324907e-05
CA_IID,268,0.00014276109558780423
CA_IID,269,0.0001664117575617873
CA_IID,270,0.0001221839807059667
CA_IID,271,1.7549810706296234e-05
CA_IID,272,5.735196193079264e-05
CA_IID,273,7.864558430446872e-05
CA_IID,274,0.00011173343231907501
CA_IID,275,8.422925745471283e-05
CA_IID,276,0.00011742184226977645
CA_IID,277,0.00028298381786449206
CA_IID,278,9.957630400294064e-05
CA_IID,279,8.791809289223762e-05
CA_IID,280,0.00019557576731597803
CA_IID,281,0.00011963058502498964
CA_IID,282,6.230668399651756e-05
CA_IID,283,0.00021067339778752257
CA_IID,284,0.00011897847545689789
CA_IID,285,0.00010910195422735764
CA_IID,286,5.932066615097336e-05
CA_IID,287,0.00016430424851916552
CA_IID,288,6.317883908071939e-05
CA_IID,289,0.0001795967922895957
CA_IID,290,0.00027526844388730805
CA_IID,291,0.00017782182119791885
CA_IID,292,0.0001042179455290831
CA_IID,293,0.00011586217553312865
CA_IID,294,0.00022299708734328536
CA_IID,295,0.00020000628340845458
CA_IID,296,0.00026247780040113193
CA_IID,297,0.00021195305039395756
CA_IID,298,0.00021514562887083125
CA_IID,299,8.036908740842578e-05
CA_IID,300,0.0001340216580605409
CA_IID,301,0.00025658980860635244
CA_IID,302,0.00017413891957889958
CA_IID,303,0.0001818854435807845
CA_IID,304,0.00026681127542747444
CA_IID,305,0.0004451686574732939
CA_IID,306,0.0003080450701523778
CA_IID,307,0.0005001913021897841
CA_IID,308,0.0005803744695520225
CA_IID,309,0.0006040748957674235
CA_IID,310,0.00043975913231716554
CA_IID,311,0.0003732143958182699
CA_IID,312,0.00035054008034546866
CA_IID,313,0.0002295346388371594
CA_IID,314,0.00033713020949462157
CA_IID,315,0.0005826783647136588
CA_IID,316,0.0005213791064074291
CA_IID,317,0.0007239466139467968
CA_IID,318,0.0008306510666243685
CA_IID,319,0.0006253658514420164
CA_IID,320,0.00030606997648387045
CA_IID,321,0.0002548671594065389
CA_IID,322,0.0007675698809309657
CA_IID,323,0.0005264444509840968
CA_IID,324,0.000712408139924675
CA_IID,325,0.0007437014289055112
CA_IID,326,0.0007146066504550169
CA_IID,327,0.00032689866251000383
CA_IID,328,0.00032999176116578244
CA_IID,329,0.0006825285391258639
CA_IID,330,0.0006457777044775411
CA_IID,331,0.00027136233101281024
CA_IID,332,1.1910093606101735e-06
CA_IID,333,0.00040968678983292756
CA_IID,334,0.0002524948782733199
CA_IID,335,0.0003769905190468726
CA_IID,336,0.0004759603255800228
CA_IID,337,0.0004819128487801203
CA_IID,338,0.0005508551774041499
CA_IID,339,0.0003104617897874807
CA_IID,340,0.0003135958507275247
CA_IID,341,9.281395935610728e-05
CA_IID,342,0.00015147805046180276
CA_IID,343,0.00012483619595875928
CA_IID,344,0.0002706333104066897
CA_IID,345,0.00045295697267667295
CA_IID,346,0.0003320651181140718
CA_IID,347,0.00024265228656540882
CA_IID,348,0.00017238735438078714
CA_IID,349,0.00021643872320924204
CA_IID,350,0.00034315873123706985
CA_IID,351,0.0004213847919132988
CA_IID,352,0.000541288946401385
CA_IID,353,0.00047183928653675525
CA_IID,354,0.00032627325547981837
CA_IID,355,0.0001752378602733581
CA_IID,356,0.0002328896880849942
CA_IID,357,0.0004038164750983129
CA_IID,358,0.00023881967046288996
CA_IID,359,9.428621582369537e-05
CA_IID,360,0.00020667573596624573
CA_IID,361,0.00044516177347912603
CA_IID,362,0.00020460991233419134
CA_IID,363,0.00024345202126786576
CA_IID,364,0.0004044854843520482
CA_IID,365,0.0003527733659689933
CA_LADWP,1,91987.47780547859
CA_LADWP,2,108084.34598380062
CA_LADWP,3,111055.56288128429
CA_LADWP,4,110918.12404283707
CA_LADWP,5,107935.52441928022
CA_LADWP,6,89212.71468866963
CA_LADWP,7,102804.87926759517
CA_LADWP,8,106488.02062712652
CA_LADWP,9,100830.93389145461
CA_LADWP,10,103710.00462135016
CA_LADWP,11,110619.40651065255
CA_LADWP,12,108529.727016432
CA_LADWP,13,77874.53003520663
CA_LADWP,14,90229.08036362535
CA_LADWP,15,98844.39111893422
CA_LADWP,16,98939.51049111957
CA_LADWP,17,103698.1257428398
CA_LADWP,18,110079.12785626184
CA_LADWP,19,107997.20531937697
CA_LADWP,20,86347.44769558248
CA_LADWP,21,102673.73271667257
CA_LADWP,22,99011.63015052587
CA_LADWP,23,103302.31894938595
CA_LADWP,24,105246.24371510698
CA_LADWP,25,114363.37539866554
CA_LADWP,26,110768.20480065097
CA_LADWP,27,82705.39960333823
CA_LADWP,28,108631.76597175516
CA_LADWP,29,108230.756281532
CA_LADWP,30,102144.85721205334
CA_LADWP,31,109092.4471556651
CA_LADWP,32,109705.80137234241
CA_LADWP,33,110552.62229393059
CA_LADWP,34,85429.17321363415
CA_LADWP,35,87071.0395172417
CA_LADWP,36,104544.92086829756
CA_LADWP,37,98768.66771080568
CA_LADWP,38,104664.29835774768
CA_LADWP,39,114369.83635008628
CA_LADWP,40,112328.76219450419
CA_LADWP,41,80417.04620333666
CA_LADWP,42,92631.17862361937
CA_LADWP,43,108558.38923627816
CA_LADWP,44,102151.0458704351
CA_LADWP,45,102130.23388017023
CA_LADWP,46,118576.89448452728
CA_LADWP,47,114546.82436359717
CA_LADWP,48,90386.02900127563
CA_LADWP,49,94620.50130388609
CA_LADWP,50,103274.4386590894
CA_LADWP,51,101620.0835031388
CA_LADWP,52,107949.84105349376
CA_LADWP,53,115312.6744579438
CA_LADWP,54,109943.05662851183
CA_LADWP,55,86472.18736241455
CA_LADWP,56,105828.58309560857
CA_LADWP,57,104330.69800670173
CA_LADWP,58,104707.90201593697
CA_LADWP,59,108545.53370180671
CA_LADWP,60,108317.72985289851
CA_LADWP,61,81939.09037606796
CA_LADWP,62,103098.44434072556
CA_LADWP,63,106871.68995353601
CA_LADWP,64,104915.70966089063
CA_LADWP,65,106063.52887961331
CA_LADWP,66,120487.8847386634
CA_LADWP,67,114462.58127576693
CA_LADWP,68,87887.38752620165
CA_LADWP,69,103754.61494430403
CA_LADWP,70,110951.54557184123
CA_LADWP,71,106898.35117708085
CA_LADWP,72,108662.47931083574
CA_LADWP,73,113096.95975641691
CA_LADWP,74,117021.56370612582
CA_LADWP,75,89132.29499418137
CA_LADWP,76,108348.44537493563
CA_LADWP,77,114979.91043623263
CA_LADWP,78,107923.93132728273
CA_LADWP,79,110210.71456895387
CA_LADWP,80,119402.2364670236
CA_LADWP,81,119177.12718788286
CA_LADWP,82,91356.35049271185
CA_LADWP,83,107677.10096016605
CA_LADWP,84,110746.81823521905
CA_LADWP,85,104684.8943614708
CA_LADWP,86,112824.56672155992
CA_LADWP,87,117098.83619815453
CA_LADWP,88,114096.77958906055
CA_LADWP,89,90034.70792380093
CA_LADWP,90,97958.67780428975
CA_LADWP,91,108089.31209417965
CA_LADWP,92,103846.25191671409
CA_LADWP,93,105916.6003055259
CA_LADWP,94,104643.22869664684
CA_LADWP,95,111103.69301516353
CA_LADWP,96,89332.66510608482
CA_LADWP,97,105984.96344620465
CA_LADWP,98,111139.88363374039
CA_LADWP,99,104162.7933916034
CA_LADWP,100,106515.02666594318
CA_LADWP,101,116784.79848850331
CA_LADWP,102,118232.64092334155
CA_LADWP,103,86657.5271903801
CA_LADWP,104,104685.98943076414
CA_LADWP,105,115512.9503576702
CA_LADWP,106,104769.6283503075
CA_LADWP,107,108604.50575951496
CA_LADWP,108,120743.47007034895
CA_LADWP,109,115583.67533917456
CA_LADWP,110,87536.06363716467
CA_LADWP,111,106462.00445058885
CA_LADWP,112,110975.58202578696
CA_LADWP,113,105913.86577614666
CA_LADWP,114,109006.40963574882
CA_LADWP,115,120130.48348133403
CA_LADWP,116,116701.25026703069
CA_LADWP,117,84563.99423927692
CA_LADWP,118,102245.02643348105
CA_LADWP,119,111443.12637121831
CA_LADWP,120,103635.72040641878
CA_LADWP,121,109621.82227046837
CA_LADWP,122,118196.99473775952
CA_LADWP,123,111889.57546031097
CA_LADWP,124,86837.11817579134
CA_LADWP,125,107113.24637682049
CA_LADWP,126,112138.53359927029
CA_LADWP,127,106766.2519009541
CA_LADWP,128,109772.8144712407
CA_LADWP,129,119156.09655193247
CA_LADWP,130,115949.59289574409
CA_LADWP,131,87230.51927492654
CA_LADWP,132,102316.32009988588
CA_LADWP,133,111591.3317759637
CA_LADWP,134,105212.04843514743
CA_LADWP,135,111209.37857199095
CA_LADWP,136,117050.53044360723
CA_LADWP,137,116179.49284424269
CA_LADWP,138,87347.00907771889
CA_LADWP,139,106902.14861918433
CA_LADWP,140,110221.24818620064
CA_LADWP,141,108592.7370143226
CA_LADWP,142,110707.84998363437
CA_LADWP,143,119324.03500139019
CA_LADWP,144,116860.1690574168
CA_LADWP,145,84615.72377359559
CA_LADWP,146,88741.09981699903
CA_LADWP,147,106139.06320513214
CA_LADWP,148,103670.66515335365
CA_LADWP,149,107758.14054432504
CA_LADWP,150,115415.49650663094
CA_LADWP,151,114044.39886085821
CA_LADWP,152,87060.79011919617
CA_LADWP,153,107757.8678015114
CA_LADWP,154,110100.9734577809
CA_LADWP,155,107064.55383704792
CA_LADWP,156,112267.71284940919
CA_LADWP,157,121727.33443522638
CA_LADWP,158,115665.26657407296
CA_LADWP,159,93422.0012070778
CA_LADWP,160,108122.12391951725
CA_LADWP,161,114422.6520064651
CA_LADWP,162,112709.5995858687
CA_LADWP,163,112097.55323185949
CA_LADWP,164,120867.35291510358
CA_LADWP,165,116792.22461337282
CA_LADWP,166,91218.34269853818
CA_LADWP,167,103960.86548042024
CA_LADWP,168,113032.47884370865
CA_LADWP,169,108572.56055893826
CA_LADWP,170,109761.57533885745
CA_LADWP,171,116522.2723707306
CA_LADWP,172,114335.83391953357
CA_LADWP,173,89901.89457461929
CA_LADWP,174,108963.70423463512
CA_LADWP,175,112640.93339134146
CA_LADWP,176,110641.82756431235
CA_LADWP,177,114435.17864697307
CA_LADWP,178,120041.19221331144
CA_LADWP,179,117714.77236678163
CA_LADWP,180,93302.95710791866
CA_LADWP,181,104505.83406274012
CA_LADWP,182,106816.88965202722
CA_LADWP,183,109533.31147497075
CA_LADWP,184,112280.83411568752
CA_LADWP,185,80299.0749968973
CA_LADWP,186,93800.9010074297
CA_LADWP,187,90894.09678625988
CA_LADWP,188,109206.01060455426
CA_LADWP,189,114113.48449393697
CA_LADWP,190,111725.26082305562
CA_LADWP,191,113635.30007986551
CA_LADWP,192,120557.26704616236
CA_LADWP,193,114769.82101869592
CA_LADWP,194,95435.77788549392
CA_LADWP,195,110592.51927424413
CA_LADWP,196,115657.85686598551
CA_LADWP,197,108769.59983181144
CA_LADWP,198,116403.86933564882
CA_LADWP,199,120294.39168840581
CA_LADWP,200,110690.34575184644
CA_LADWP,201,91447.85411286957
CA_LADWP,202,108162.61629528136
CA_LADWP,203,109869.0046090882
CA_LADWP,204,109038.15434992827
CA_LADWP,205,114053.06300295822
CA_LADWP,206,121718.45292067826
CA_LADWP,207,118269.05882091573
CA_LADWP,208,94969.07265039966
CA_LADWP,209,109392.25227061169
CA_LADWP,210,113758.93990368958
CA_LADWP,211,110514.8705269439
CA_LADWP,212,114059.22258716426
CA_LADWP,213,121609.97792999438
CA_LADWP,214,113866.87795021989
CA_LADWP,215,94502.02633671815
CA_LADWP,216,106944.92956979055
CA_LADWP,217,113102.32857055924
CA_LADWP,218,109575.05989445453
CA_LADWP,219,112430.5462063065
CA_LADWP,220,122868.70083741564
CA_LADWP,221,117214.74300255779
CA_LADWP,222,92853.02885174134
CA_LADWP,223,109995.69187096752
CA_LADWP,224,111919.9244094798
CA_LADWP,225,107350.54548934248
CA_LADWP,226,113816.30213172127
CA_LADWP,227,121418.19024236215
CA_LADWP,228,115091.42996616205
CA_LADWP,229,93894.56018124947
CA_LADWP,230,113469.8735646005
CA_LADWP,231,114688.51378141633
CA_LADWP,232,106049.79710343704
CA_LADWP,233,110393.53804173786
CA_LADWP,234,119809.8335435103
CA_LADWP,235,114253.94901299951
CA_LADWP,236,87877.55425496181
CA_LADWP,237,108892.4391723164
CA_LADWP,238,105314.93184317132
CA_LADWP,239,104096.68438078213
CA_LADWP,240,106036.84745407272
CA_LADWP,241,118252.10573723837
CA_LADWP,242,115121.7934583318
CA_LADWP,243,84357.92108025843
CA_LADWP,244,84295.21108134411
CA_LADWP,245,105275.0904723601
CA_LADWP,246,97899.26359629308
CA_LADWP,247,100467.91412303087
CA_LADWP,248,111333.01354178257
CA_LADWP,249,105280.71418736444
CA_LADWP,250,83234.59156042454
CA_LADWP,251,105798.31975124647
CA_LADWP,252,108905.0695746397
CA_LADWP,253,103432.63952329723
CA_LADWP,254,106525.91719598683
CA_LADWP,255,114998.15378480843
CA_LADWP,256,110928.21775794309
CA_LADWP,257,84753.2711487736
CA_LADWP,258,107674.24157183814
CA_LADWP,259,108968.96450046792
CA_LADWP,260,104989.42863404327
CA_LADWP,261,105426.90360351374
CA_LADWP,262,117029.66891656755
CA_LADWP,263,112205.10347844179
CA_LADWP,264,88364.89833203821
CA_LADWP,265,111980.20292463801
CA_LADWP,266,108234.29654838546
CA_LADWP,267,103572.43761615164
CA_LADWP,268,106904.52746105986
CA_LADWP,269,115597.69747245565
CA_LADWP,270,113437.95480717532
CA_LADWP,271,86336.94942412213
CA_LADWP,272,108928.85297722781
CA_LADWP,273,107546.62266945877
CA_LADWP,274,99419.41546870193
CA_LADWP,275,101978.42913156003
CA_LADWP,276,114540.56262178332
CA_LADWP,277,116100.3031909615
CA_LADWP,278,86177.29298689742
CA_LADWP,279,110647.7979880418
CA_LADWP,280,109959.83890812095
CA_LADWP,281,103959.44314470253
CA_LADWP,282,108001.36978605935
CA_LADWP,283,121231.51058159547
CA_LADWP,284,114933.57487584544
CA_LADWP,285,92107.0996137564
CA_LADWP,286,108552.89570382633
CA_LADWP,287,111224.04651128173
CA_LADWP,288,105153.24075942596
CA_LADWP,289,111849.56373021279
CA_LADWP,290,121706.12475932804
CA_LADWP,291,117695.33562771927
CA_LADWP,292,89342.96772187907
CA_LADWP,293,112722.7401558626
CA_LADWP,294,111866.3165104899
CA_LADWP,295,104412.72464488538
CA_LADWP,296,107532.05965942226
CA_LADWP,297,119961.89484337048
CA_LADWP,298,118952.2596728556
CA_LADWP,299,89066.44977076883
CA_LADWP,300,112701.1845267535
CA_LADWP,301,107712.52688208976
CA_LADWP,302,101911.37833727903
CA_LADWP,303,103866.99765463843
CA_LADWP,304,100587.19907499867
CA_LADWP,305,112401.75523168636
CA_LADWP,306,89505.2979899345
CA_LADWP,307,109855.78753324428
CA_LADWP,308,103692.38560076534
CA_LADWP,309,93929.54885270107
CA_LADWP,310,102965.55178172154
CA_LADWP,311,116212.49206666213
CA_LADWP,312,109182.19683314486
CA_LADWP,313,86276.41652837515
CA_LADWP,314,106055.81974824816
CA_LADWP,315,109199.48286944315
CA_LADWP,316,104593.52056256114
CA_LADWP,317,106162.12234529646
CA_LADWP,318,119506.1397664951
CA_LADWP,319,117409.78666305367
CA_LADWP,320,88249.0500548347
CA_LADWP,321,111766.14060618555
CA_LADWP,322,112851.49843643415
CA_LADWP,323,104279.08298920258
CA_LADWP,324,105553.21770547675
CA_LADWP,325,123525.69095375034
CA_LADWP,326,120568.41422152224
CA_LADWP,327,102024.19789790727
CA_LADWP,328,111624.9010432079
CA_LADWP,329,114481.73270608798
CA_LADWP,330,120319.91553168367
CA_LADWP,331,115592.14028875214
CA_LADWP,332,62603.58543449323
CA_LADWP,333,95793.65260002547
CA_LADWP,334,106631.0150335076
CA_LADWP,335,120975.46521401872
CA_LADWP,336,113319.02391240576
CA_LADWP,337,107289.55371963109
CA_LADWP,338,106053.38650535232
CA_LADWP,339,115283.88284069063
CA_LADWP,340,110722.83414327998
CA_LADWP,341,87960.3670539546
CA_LADWP,342,106784.23654981607
CA_LADWP,343,104353.69693078285
CA_LADWP,344,103891.34505538885
CA_LADWP,345,105074.0814537367
CA_LADWP,346,117304.73555105229
CA_LADWP,347,114569.3520876313
CA_LADWP,348,82097.71191936961
CA_LADWP,349,104689.46220107471
CA_LADWP,350,103748.68159308995
CA_LADWP,351,106733.83832522687
CA_LADWP,352,109589.85266632412
CA_LADWP,353,120551.51434373908
CA_LADWP,354,118262.87220914855
CA_LADWP,355,104617.55573387688
CA_LADWP,356,105708.98079889738
CA_LADWP,357,110534.1814845325
CA_LADWP,358,81964.5491797657
CA_LADWP,359,74715.15485089638
CA_LADWP,360,113931.47252733521
CA_LADWP,361,115789.30060708526
CA_LADWP,362,102966.32607000683
CA_LADWP,363,103872.13845169393
CA_LADWP,364,107621.07168839699
CA_LADWP,365,89003.4320249725
CA_PGE_BAY,1,23826.402588401164
CA_PGE_BAY,2,27019.036778115606
CA_PGE_BAY,3,28309.098577336583
CA_PGE_BAY,4,28751.0793644781
CA_PGE_BAY,5,27788.154821657874
CA_PGE_BAY,6,22158.649232877175
CA_PGE_BAY,7,27073.347936761267
CA_PGE_BAY,8,27477.867433634394
CA_PGE_BAY,9,25142.01088812632
CA_PGE_BAY,10,28463.480534936672
CA_PGE_BAY,11,31461.525278483714
CA_PGE_BAY,12,28096.419395635075
CA_PGE_BAY,13,18746.21351806903
CA_PGE_BAY,14,21724.693240642893
CA_PGE_BAY,15,24904.129539888923
CA_PGE_BAY,16,24233.547232260156
CA_PGE_BAY,17,24666.490128839985
CA_PGE_BAY,18,28318.60812824665
CA_PGE_BAY,19,26840.613409818547
CA_PGE_BAY,20,21071.950036083723
CA_PGE_BAY,21,24009.057122557027
CA_PGE_BAY,22,24720.90434108139
CA_PGE_BAY,23,24652.664254576415
CA_PGE_BAY,24,25204.830414083794
CA_PGE_BAY,25,29124.85611829805
CA_PGE_BAY,26,28403.408650913778
CA_PGE_BAY,27,20289.4808902581
CA_PGE_BAY,28,27605.827121221595
CA_PGE_BAY,29,27307.388328695328
CA_PGE_BAY,30,25650.703072177206
CA_PGE_BAY,31,26911.020750684005
CA_PGE_BAY,32,27975.292239516275
CA_PGE_BAY,33,29275.539633064607
CA_PGE_BAY,34,22350.16214958749
CA_PGE_BAY,35,16428.946204064265
CA_PGE_BAY,36,26356.462326684436
CA_PGE_BAY,37,24133.37858725613
CA_PGE_BAY,38,26383.647306562634
CA_PGE_BAY,39,29491.0941188221
CA_PGE_BAY,40,29879.953646039125
CA_PGE_BAY,41,21632.336806497602
CA_PGE_BAY,42,24016.59732582057
CA_PGE_BAY,43,28833.782706074016
CA_PGE_BAY,44,26150.160584560537
CA_PGE_BAY,45,25926.225031593025
CA_PGE_BAY,46,32090.776770499037
CA_PGE_BAY,47,31661.505093757918
CA_PGE_BAY,48,24597.735128008793
CA_PGE_BAY,49,25187.861076331603
CA_PGE_BAY,50,26299.387427159065
CA_PGE_BAY,51,28406.99667848619
CA_PGE_BAY,52,29297.225037806187
CA_PGE_BAY,53,30478.3661994061
CA_PGE_BAY,54,31340.66883813045
CA_PGE_BAY,55,24265.947327283062
CA_PGE_BAY,56,28184.322522458653
CA_PGE_BAY,57,28685.42184108151
CA_PGE_BAY,58,29321.29810827822
CA_PGE_BAY,59,29390.450008502732
CA_PGE_BAY,60,28130.615186812167
CA_PGE_BAY,61,21713.747926245094
CA_PGE_BAY,62,27283.066737405956
CA_PGE_BAY,63,29762.87687442617
CA_PGE_BAY,64,29309.347755514216
CA_PGE_BAY,65,30377.98428074966
CA_PGE_BAY,66,32084.108409472337
CA_PGE_BAY,67,32008.61053913021
CA_PGE_BAY,68,23778.689221558983
CA_PGE_BAY,69,28063.361129887824
CA_PGE_BAY,70,29435.03177167064
CA_PGE_BAY,71,27747.42900309178
CA_PGE_BAY,72,28450.702085525005
CA_PGE_BAY,73,31731.722771707813
CA_PGE_BAY,74,30840.00882351544
CA_PGE_BAY,75,23795.85893650806
CA_PGE_BAY,76,29102.423949929354
CA_PGE_BAY,77,30449.5830824971
CA_PGE_BAY,78,29082.712684316575
CA_PGE_BAY,79,30438.715826162115
CA_PGE_BAY,80,32256.702820266848
CA_PGE_BAY,81,31223.827655248595
CA_PGE_BAY,82,25955.01628064967
CA_PGE_BAY,83,28165.848992961113
CA_PGE_BAY,84,29264.343143888054
CA_PGE_BAY,85,28951.416895583203
CA_PGE_BAY,86,29615.48615771039
CA_PGE_BAY,87,32343.055875222602
CA_PGE_BAY,88,30374.558127123542
CA_PGE_BAY,89,24064.826831737057
CA_PGE_BAY,90,26214.733899017265
CA_PGE_BAY,91,31920.4825580962
CA_PGE_BAY,92,30525.581369199615
CA_PGE_BAY,93,32179.18409522819
CA_PGE_BAY,94,28409.932394655585
CA_PGE_BAY,95,34323.20053373174
CA_PGE_BAY,96,27435.4357064635
CA_PGE_BAY,97,30860.88974791977
CA_PGE_BAY,98,31742.2146746413
CA_PGE_BAY,99,31777.232224167507
CA_PGE_BAY,100,31743.56471990211
CA_PGE_BAY,101,35048.93507191563
CA_PGE_BAY,102,33640.87317097008
CA_PGE_BAY,103,26198.84694669684
CA_PGE_BAY,104,31152.753151744615
CA_PGE_BAY,105,33815.28944330362
CA_PGE_BAY,106,31787.20448168099
CA_PGE_BAY,107,32380.494325532647
CA_PGE_BAY,108,36418.13111252981
CA_PGE_BAY,109,34378.202002430764
CA_PGE_BAY,110,26448.057276652267
CA_PGE_BAY,111,30905.80838177448
CA_PGE_BAY,112,31576.867526186208
CA_PGE_BAY,113,32758.720706248565
CA_PGE_BAY,114,32830.65560041677
CA_PGE_BAY,115,36140.39998293697
CA_PGE_BAY,116,34675.62241919267
CA_PGE_BAY,117,26791.298113519893
CA_PGE_BAY,118,30503.873575675098
CA_PGE_BAY,119,32706.99234672613
CA_PGE_BAY,120,32569.3200518506
CA_PGE_BAY,121,32408.40749386716
CA_PGE_BAY,122,33082.71718942198
CA_PGE_BAY,123,32924.23966495727
CA_PGE_BAY,124,25752.149650017374
CA_PGE_BAY,125,29357.264410920547
CA_PGE_BAY,126,31991.153191141086
CA_PGE_BAY,127,32224.87774336037
CA_PGE_BAY,128,31628.607322243566
CA_PGE_BAY,129,34752.87693419075
CA_PGE_BAY,130,34682.89391058847
CA_PGE_BAY,131,26480.96916503921
CA_PGE_BAY,132,29055.437446589436
CA_PGE_BAY,133,32357.608785491237
CA_PGE_BAY,134,32499.500941046546
CA_PGE_BAY,135,32664.13231653725
CA_PGE_BAY,136,35087.0970803926
CA_PGE_BAY,137,33987.033073205144
CA_PGE_BAY,138,26360.987788741902
CA_PGE_BAY,139,30286.23032480463
CA_PGE_BAY,140,31657.13794754389
CA_PGE_BAY,141,32135.414715274474
CA_PGE_BAY,142,32041.99156682225
CA_PGE_BAY,143,33443.35941739129
CA_PGE_BAY,144,33429.63590017334
CA_PGE_BAY,145,24261.728850062973
CA_PGE_BAY,146,24596.61644830516
CA_PGE_BAY,147,29270.05450049937
CA_PGE_BAY,148,29678.525212047618
CA_PGE_BAY,149,29732.19013131959
CA_PGE_BAY,150,32150.7329450654
CA_PGE_BAY,151,32212.34764300955
CA_PGE_BAY,152,23234.8104155085
CA_PGE_BAY,153,27104.646335244735
CA_PGE_BAY,154,28953.002559195138
CA_PGE_BAY,155,28871.06400180035
CA_PGE_BAY,156,29529.323191884534
CA_PGE_BAY,157,31446.38660293606
CA_PGE_BAY,158,30329.626151097847
CA_PGE_BAY,159,24526.81890896708
CA_PGE_BAY,160,28301.11532109344
CA_PGE_BAY,161,29726.241443522944
CA_PGE_BAY,162,29208.194836084236
CA_PGE_BAY,163,29719.377996226427
CA_PGE_BAY,164,31020.93716254854
CA_PGE_BAY,165,31403.80439826715
CA_PGE_BAY,166,25341.60821413419
CA_PGE_BAY,167,26198.860775907815
CA_PGE_BAY,168,31055.431057948794
CA_PGE_BAY,169,28482.780345089024
CA_PGE_BAY,170,27884.746434782934
CA_PGE_BAY,171,30465.717306374165
CA_PGE_BAY,172,29761.352195895262
CA_PGE_BAY,173,24297.10996759471
CA_PGE_BAY,174,29431.045275799206
CA_PGE_BAY,175,29249.233136156952
CA_PGE_BAY,176,29219.771680094316
CA_PGE_BAY,177,29611.419834821074
CA_PGE_BAY,178,31494.45647382036
CA_PGE_BAY,179,29658.26649393064
CA_PGE_BAY,180,25251.90460656527
CA_PGE_BAY,181,27477.023604296977
CA_PGE_BAY,182,29294.211559960077
CA_PGE_BAY,183,30396.56976990259
CA_PGE_BAY,184,31059.39422253902
CA_PGE_BAY,185,22881.303425161415
CA_PGE_BAY,186,25506.495989539482
CA_PGE_BAY,187,26610.64311466833
CA_PGE_BAY,188,29761.27612311081
CA_PGE_BAY,189,31620.859577176343
CA_PGE_BAY,190,32142.403740106914
CA_PGE_BAY,191,32549.306409710065
CA_PGE_BAY,192,32766.24401764592
CA_PGE_BAY,193,33178.56304465755
CA_PGE_BAY,194,26690.282131437874
CA_PGE_BAY,195,30322.423717753307
CA_PGE_BAY,196,33051.94010008006
CA_PGE_BAY,197,31868.63231525086
CA_PGE_BAY,198,32295.19738109241
CA_PGE_BAY,199,34469.59314491671
CA_PGE_BAY,200,28126.841135459334
CA_PGE_BAY,201,25902.606423320853
CA_PGE_BAY,202,30355.39152398801
CA_PGE_BAY,203,31681.965203607422
CA_PGE_BAY,204,30690.353712091768
CA_PGE_BAY,205,32133.227956406346
CA_PGE_BAY,206,33757.15001125175
CA_PGE_BAY,207,33671.15841212005
CA_PGE_BAY,208,26653.54363305391
CA_PGE_BAY,209,30361.67530161384
CA_PGE_BAY,210,31633.52362345078
CA_PGE_BAY,211,32457.95281356284
CA_PGE_BAY,212,31929.638137582457
CA_PGE_BAY,213,35571.45080778033
CA_PGE_BAY,214,33045.05669983214
CA_PGE_BAY,215,26005.10211314707
CA_PGE_BAY,216,30580.77407352526
CA_PGE_BAY,217,33554.784199520844
CA_PGE_BAY,218,31502.667911604076
CA_PGE_BAY,219,31734.019563776983
CA_PGE_BAY,220,35792.833718155925
CA_PGE_BAY,221,34564.88669190307
CA_PGE_BAY,222,27611.767133403922
CA_PGE_BAY,223,32450.401406111767
CA_PGE_BAY,224,32967.268643700896
CA_PGE_BAY,225,31418.92171296044
CA_PGE_BAY,226,32641.882069499094
CA_PGE_BAY,227,34800.28795127855
CA_PGE_BAY,228,33721.35702424949
CA_PGE_BAY,229,27962.657117878476
CA_PGE_BAY,230,32666.486115733514
CA_PGE_BAY,231,34512.51379192422
CA_PGE_BAY,232,31733.640997142036
CA_PGE_BAY,233,32701.502931002284
CA_PGE_BAY,234,35726.8997681297
CA_PGE_BAY,235,35943.07347506191
CA_PGE_BAY,236,25429.281860088715
CA_PGE_BAY,237,32684.864518080638
CA_PGE_BAY,238,31940.69158173292
CA_PGE_BAY,239,30871.408741745803
CA_PGE_BAY,240,32342.90064604218
CA_PGE_BAY,241,36829.80715287625
CA_PGE_BAY,242,36787.086401750144
CA_PGE_BAY,243,25366.74568166591
CA_PGE_BAY,244,27054.485539930454
CA_PGE_BAY,245,33918.79035390947
CA_PGE_BAY,246,31640.725314032967
CA_PGE_BAY,247,31763.382734181363
CA_PGE_BAY,248,37193.14475028638
CA_PGE_BAY,249,34920.78456873253
CA_PGE_BAY,250,25752.87976027803
CA_PGE_BAY,251,33284.46825011128
CA_PGE_BAY,252,34794.642415878734
CA_PGE_BAY,253,35022.85441689896
CA_PGE_BAY,254,34147.95543404881
CA_PGE_BAY,255,38743.00793023832
CA_PGE_BAY,256,35156.715147821014
CA_PGE_BAY,257,27534.682590448705
CA_PGE_BAY,258,33172.339122669364
CA_PGE_BAY,259,36212.69472278261
CA_PGE_BAY,260,34999.76343084441
CA_PGE_BAY,261,33870.03946728228
CA_PGE_BAY,262,38599.61773008315
CA_PGE_BAY,263,36587.80152629295
CA_PGE_BAY,264,27501.48831040294
CA_PGE_BAY,265,35367.222669529845
CA_PGE_BAY,266,35457.1738199888
CA_PGE_BAY,267,32274.484052322397
CA_PGE_BAY,268,33840.271238798065
CA_PGE_BAY,269,39471.5297952439
CA_PGE_BAY,270,37540.319142848704
CA_PGE_BAY,271,28958.541561913215
CA_PGE_BAY,272,35224.908799989345
CA_PGE_BAY,273,36206.90519868509
CA_PGE_BAY,274,33178.57924749272
CA_PGE_BAY,275,34062.93898481669
CA_PGE_BAY,276,38111.83239191544
CA_PGE_BAY,277,37352.89789422393
CA_PGE_BAY,278,28080.595570704798
CA_PGE_BAY,279,35976.77872124359
CA_PGE_BAY,280,35943.73933928609
CA_PGE_BAY,281,36668.54342748089
CA_PGE_BAY,282,36561.12618332587
CA_PGE_BAY,283,39208.40725147728
CA_PGE_BAY,284,39087.97181259506
CA_PGE_BAY,285,29234.57629955586
CA_PGE_BAY,286,34956.01912719445
CA_PGE_BAY,287,36361.269456796996
CA_PGE_BAY,288,35661.13093872297
CA_PGE_BAY,289,37038.836386232826
CA_PGE_BAY,290,39882.03079964528
CA_PGE_BAY,291,38928.37573192913
CA_PGE_BAY,292,28353.96608981479
CA_PGE_BAY,293,36512.45671226269
CA_PGE_BAY,294,37038.141725016045
CA_PGE_BAY,295,34228.008136891105
CA_PGE_BAY,296,34973.76285870436
CA_PGE_BAY,297,40760.3050196132
CA_PGE_BAY,298,39343.408295725494
CA_PGE_BAY,299,27270.04432796366
CA_PGE_BAY,300,35686.92422846605
CA_PGE_BAY,301,38094.44568769231
CA_PGE_BAY,302,33315.23444789374
CA_PGE_BAY,303,35474.6202681037
CA_PGE_BAY,304,35383.42777830771
CA_PGE_BAY,305,35920.83704863609
CA_PGE_BAY,306,26598.12635018193
CA_PGE_BAY,307,33960.0175629139
CA_PGE_BAY,308,32118.180037538146
CA_PGE_BAY,309,30091.20985875818
CA_PGE_BAY,310,32574.035697460607
CA_PGE_BAY,311,38318.74479360782
CA_PGE_BAY,312,35697.86321723038
CA_PGE_BAY,313,26662.42729493927
CA_PGE_BAY,314,34783.74447460414
CA_PGE_BAY,315,33211.597068109
CA_PGE_BAY,316,32753.105696329774
CA_PGE_BAY,317,34427.43022210316
CA_PGE_BAY,318,38178.52383901439
CA_PGE_BAY,319,36596.430385895415
CA_PGE_BAY,320,26501.62188906409
CA_PGE_BAY,321,34108.80686406468
CA_PGE_BAY,322,35633.07829652365
CA_PGE_BAY,323,33072.19169420874
CA_PGE_BAY,324,30578.626156136303
CA_PGE_BAY,325,33194.27466230582
CA_PGE_BAY,326,34648.51071723842
CA_PGE_BAY,327,33394.363290218855
CA_PGE_BAY,328,33637.8317393138
CA_PGE_BAY,329,33668.94111612091
CA_PGE_BAY,330,37840.8685441034
CA_PGE_BAY,331,36861.4705502658
CA_PGE_BAY,332,20146.768245978565
CA_PGE_BAY,333,31539.976421663716
CA_PGE_BAY,334,33353.18917047473
CA_PGE_BAY,335,39868.48971881951
CA_PGE_BAY,336,37463.25693296504
CA_PGE_BAY,337,33226.908903196585
CA_PGE_BAY,338,32742.489058764473
CA_PGE_BAY,339,36632.66134841476
CA_PGE_BAY,340,35785.216452265064
CA_PGE_BAY,341,27414.147344998008
CA_PGE_BAY,342,33334.224278725946
CA_PGE_BAY,343,32791.38759469107
CA_PGE_BAY,344,32795.75201183389
CA_PGE_BAY,345,32708.29732638196
CA_PGE_BAY,346,37074.09148958726
CA_PGE_BAY,347,33118.72082399649
CA_PGE_BAY,348,26881.98750266877
CA_PGE_BAY,349,32696.84889350253
CA_PGE_BAY,350,31787.134427577108
CA_PGE_BAY,351,33882.36783074168
CA_PGE_BAY,352,33090.056300284305
CA_PGE_BAY,353,37188.495767499306
CA_PGE_BAY,354,39063.44174132956
CA_PGE_BAY,355,32314.551521810485
CA_PGE_BAY,356,33100.248618098456
CA_PGE_BAY,357,35302.80550970847
CA_PGE_BAY,358,25948.476736659435
CA_PGE_BAY,359,24452.864525459216
CA_PGE_BAY,360,34221.21727381892
CA_PGE_BAY,361,38105.30494101253
CA_PGE_BAY,362,32798.46919336433
CA_PGE_BAY,363,31474.891144235688
CA_PGE_BAY,364,34232.55345843734
CA_PGE_BAY,365,28284.73593973614
CA_PGE_CEN,1,2.141339020276944
CA_PGE_CEN,2,2.0718205892539254
CA_PGE_CEN,3,2.8706264818430864
CA_PGE_CEN,4,3.2220266528565893
CA_PGE_CEN,5,2.531365399265852
CA_PGE_CEN,6,2.337897237303463
CA_PGE_CEN,7,2.381519289515641
CA_PGE_CEN,8,2.775520805622804
CA_PGE_CEN,9,2.679119232800566
CA_PGE_CEN,10,2.7338519531856527
CA_PGE_CEN,11,2.798964597124568
CA_PGE_CEN,12,3.150057464045721
CA_PGE_CEN,13,1.7027511636472663
CA_PGE_CEN,14,2.1225716651090383
CA_PGE_CEN,15,2.772496241205003
CA_PGE_CEN,16,2.879933442877978
CA_PGE_CEN,17,2.829556675509083
CA_PGE_CEN,18,3.3623179631209945
CA_PGE_CEN,19,3.219569948538174
CA_PGE_CEN,20,2.204358672436586
CA_PGE_CEN,21,2.593961677504807
CA_PGE_CEN,22,2.4584274103514723
CA_PGE_CEN,23,2.679363755550339
CA_PGE_CEN,24,3.086749290777544
CA_PGE_CEN,25,4.2644895150680995
CA_PGE_CEN,26,3.6856014112294573
CA_PGE_CEN,27,1.8493598651037133
CA_PGE_CEN,28,2.492029489163427
CA_PGE_CEN,29,3.7405174516425355
CA_PGE_CEN,30,3.03761492868557
CA_PGE_CEN,31,3.4390298653502507
CA_PGE_CEN,32,2.9682707490802605
CA_PGE_CEN,33,3.55496225019324
CA_PGE_CEN,34,2.5791580979406725
CA_PGE_CEN,35,2.058422597560805
CA_PGE_CEN,36,3.0206928787058756
CA_PGE_CEN,37,2.9135442197235024
CA_PGE_CEN,38,3.089000135389004
CA_PGE_CEN,39,3.364333578822809
CA_PGE_CEN,40,3.2476054361809754
CA_PGE_CEN,41,1.8777497668962808
CA_PGE_CEN,42,1.9096649496831013
CA_PGE_CEN,43,3.119835182631898
CA_PGE_CEN,44,2.8538224263369156
CA_PGE_CEN,45,2.7500536339774566
CA_PGE_CEN,46,3.8534465567623055
CA_PGE_CEN,47,3.3188587516968955
CA_PGE_CEN,48,1.9329204483334854
CA_PGE_CEN,49,2.3297120215675893
CA_PGE_CEN,50,2.8710841419196766
CA_PGE_CEN,51,2.5026140946604643
CA_PGE_CEN,52,3.4192668927201066
CA_PGE_CEN,53,3.3339588603541697
CA_PGE_CEN,54,3.2107681926540472
CA_PGE_CEN,55,2.124813953740361
CA_PGE_CEN,56,2.556936732210383
CA_PGE_CEN,57,3.0078565800067794
CA_PGE_CEN,58,3.0535453842889795
CA_PGE_CEN,59,3.1241801251717174
CA_PGE_CEN,60,3.34842988894782
CA_PGE_CEN,61,2.2588449791653047
CA_PGE_CEN,62,2.9494413249592117
CA_PGE_CEN,63,2.803232296885051
CA_PGE_CEN,64,2.919167770709063
CA_PGE_CEN,65,3.1153897305085283
CA_PGE_CEN,66,3.5336898120147473
CA_PGE_CEN,67,2.9484193670604735
CA_PGE_CEN,68,1.9188992451773101
CA_PGE_CEN,69,2.9650440262603133
CA_PGE_CEN,70,2.9886231026305166
CA_PGE_CEN,71,2.947732667397278
CA_PGE_CEN,72,3.0624040857470813
CA_PGE_CEN,73,3.1661092061059026
CA_PGE_CEN,74,3.619836750099424
CA_PGE_CEN,75,1.7769464193131799
CA_PGE_CEN,76,2.529564071950478
CA_PGE_CEN,77,3.204634785097843
CA_PGE_CEN,78,3.1265520619425007
CA_PGE_CEN,79,3.141615395651495
CA_PGE_CEN,80,3.356234645550008
CA_PGE_CEN,81,3.250834777144584
CA_PGE_CEN,82,2.03931154496404
CA_PGE_CEN,83,2.7022524020624155
CA_PGE_CEN,84,3.3371512075725867
CA_PGE_CEN,85,2.6411843890938536
CA_PGE_CEN,86,3.381723608204649
CA_PGE_CEN,87,3.062474833656802
CA_PGE_CEN,88,3.435189529559256
CA_PGE_CEN,89,2.002552466138365
CA_PGE_CEN,90,2.1346873395531647
CA_PGE_CEN,91,2.6794884444063327
CA_PGE_CEN,92,2.887996955666605
CA_PGE_CEN,93,3.3678865002907123
CA_PGE_CEN,94,3.5093157403140918
CA_PGE_CEN,95,3.1673205433391773
CA_PGE_CEN,96,2.247503615262098
CA_PGE_CEN,97,2.343084899387408
CA_PGE_CEN,98,2.7905599692366674
CA_PGE_CEN,99,3.0445834181947773
CA_PGE_CEN,100,2.8697005433068092
CA_PGE_CEN,101,3.534806485856595
CA_PGE_CEN,102,3.530796226379965
CA_PGE_CEN,103,2.1268254177047137
CA_PGE_CEN,104,3.0334114912149857
CA_PGE_CEN,105,3.2552751213810835
CA_PGE_CEN,106,2.297929781638174
CA_PGE_CEN,107,2.708529977300413
CA_PGE_CEN,108,3.5764221853154803
CA_PGE_CEN,109,3.0806408439591206
CA_PGE_CEN,110,1.819321677245864
CA_PGE_CEN,111,2.6866381758231417
CA_PGE_CEN,112,3.3694934732039488
CA_PGE_CEN,113,2.684705362129453
CA_PGE_CEN,114,3.6270838297447265
CA_PGE_CEN,115,3.5832973514428224
CA_PGE_CEN,116,3.9614009393149985
CA_PGE_CEN,117,2.063410500254014
CA_PGE_CEN,118,2.6973540250939583
CA_PGE_CEN,119,3.048020001321129
CA_PGE_CEN,120,2.942164745250489
CA_PGE_CEN,121,3.6961998003769176
CA_PGE_CEN,122,4.5721442653188396
CA_PGE_CEN,123,4.157148284285252
CA_PGE_CEN,124,2.593964037012348
CA_PGE_CEN,125,3.1569131087821525
CA_PGE_CEN,126,3.606705147335812
CA_PGE_CEN,127,4.3463184299332625
CA_PGE_CEN,128,4.0944153085482276
CA_PGE_CEN,129,4.211776120920195
CA_PGE_CEN,130,4.90761161099009
CA_PGE_CEN,131,2.433312232722411
CA_PGE_CEN,132,3.525559446911695
CA_PGE_CEN,133,3.6179107450077628
CA_PGE_CEN,134,3.0190496915223157
CA_PGE_CEN,135,4.80365426947901
CA_PGE_CEN,136,4.575242906986613
CA_PGE_CEN,137,3.9673924856565557
CA_PGE_CEN,138,3.0148289801315915
CA_PGE_CEN,139,3.616710486172263
CA_PGE_CEN,140,3.7711145942742683
CA_PGE_CEN,141,4.379867393634765
CA_PGE_CEN,142,4.032974940269343
CA_PGE_CEN,143,4.101367074239603
CA_PGE_CEN,144,4.066615831425638
CA_PGE_CEN,145,2.0190202984029564
CA_PGE_CEN,146,2.4821264385216155
CA_PGE_CEN,147,3.440668070900529
CA_PGE_CEN,148,3.7238484174577753
CA_PGE_CEN,149,3.189858570933752
CA_PGE_CEN,150,4.2695929741102185
CA_PGE_CEN,151,4.326448746195377
CA_PGE_CEN,152,2.8769637705534414
CA_PGE_CEN,153,4.661051693067483
CA_PGE_CEN,154,4.752198518984001
CA_PGE_CEN,155,4.7916721405932385
CA_PGE_CEN,156,5.532451075215113
CA_PGE_CEN,157,5.248814164396102
CA_PGE_CEN,158,5.796866184975432
CA_PGE_CEN,159,4.226609830805987
CA_PGE_CEN,160,5.099317511125432
CA_PGE_CEN,161,4.596531685488863
CA_PGE_CEN,162,5.926714235997272
CA_PGE_CEN,163,5.639331570775478
CA_PGE_CEN,164,5.228335477435289
CA_PGE_CEN,165,5.212133127412143
CA_PGE_CEN,166,4.161490415604508
CA_PGE_CEN,167,4.032609764268863
CA_PGE_CEN,168,4.595600383462275
CA_PGE_CEN,169,5.3515518172630365
CA_PGE_CEN,170,4.608231716523217
CA_PGE_CEN,171,5.465212160443378
CA_PGE_CEN,172,5.263780779710928
CA_PGE_CEN,173,4.158081281573489
CA_PGE_CEN,174,4.319387059960391
CA_PGE_CEN,175,4.578733603558486
CA_PGE_CEN,176,5.117434543231551
CA_PGE_CEN,177,4.818603505569735
CA_PGE_CEN,178,5.586231503412149
CA_PGE_CEN,179,5.425934023685972
CA_PGE_CEN,180,4.1399274504311405
CA_PGE_CEN,181,3.7222640411922856
CA_PGE_CEN,182,3.902906699947915
CA_PGE_CEN,183,4.971481781662435
CA_PGE_CEN,184,4.847134515734486
CA_PGE_CEN,185,2.568216553764145
CA_PGE_CEN,186,3.432211509747019
CA_PGE_CEN,187,3.278797428424167
CA_PGE_CEN,188,4.331651969631349
CA_PGE_CEN,189,4.6739191378502545
CA_PGE_CEN,190,4.334324136688904
CA_PGE_CEN,191,5.260713802854975
CA_PGE_CEN,192,4.579635794375394
CA_PGE_CEN,193,4.327332219814456
CA_PGE_CEN,194,4.210928927222975
CA_PGE_CEN,195,4.0720792083031485
CA_PGE_CEN,196,4.9375343051333305
CA_PGE_CEN,197,4.60324071402424
CA_PGE_CEN,198,5.053111600281399
CA_PGE_CEN,199,5.1486104587862656
CA_PGE_CEN,200,4.842163586657462
CA_PGE_CEN,201,3.353959477834002
CA_PGE_CEN,202,4.185972480117282
CA_PGE_CEN,203,4.3012185522496225
CA_PGE_CEN,204,3.8710427016337423
CA_PGE_CEN,205,4.930958624667638
CA_PGE_CEN,206,5.152111600384581
CA_PGE_CEN,207,5.052958800974737
CA_PGE_CEN,208,3.7462522458970717
CA_PGE_CEN,209,3.851573591987378
CA_PGE_CEN,210,4.813256704450253
CA_PGE_CEN,211,4.1226154484782676
CA_PGE_CEN,212,4.703442004475825
CA_PGE_CEN,213,6.395177336242788
CA_PGE_CEN,214,5.874836038380722
CA_PGE_CEN,215,3.8740424573607215
CA_PGE_CEN,216,5.159477039002089
CA_PGE_CEN,217,5.2011128397077115
CA_PGE_CEN,218,4.683924095720853
CA_PGE_CEN,219,5.886458405900965
CA_PGE_CEN,220,6.323524980648072
CA_PGE_CEN,221,5.678582483688967
CA_PGE_CEN,222,3.7913503746462425
CA_PGE_CEN,223,4.679630883964036
CA_PGE_CEN,224,5.3139094814386265
CA_PGE_CEN,225,4.980886638401828
CA_PGE_CEN,226,5.657460692076549
CA_PGE_CEN,227,6.653018198649295
CA_PGE_CEN,228,5.644033359037245
CA_PGE_CEN,229,4.048237342026111
CA_PGE_CEN,230,4.905789661230403
CA_PGE_CEN,231,5.536811395542555
CA_PGE_CEN,232,4.986959074174692
CA_PGE_CEN,233,5.0423316814917545
CA_PGE_CEN,234,5.156288415748883
CA_PGE_CEN,235,5.0380554355238205
CA_PGE_CEN,236,3.4338906073965885
CA_PGE_CEN,237,4.315581125586117
CA_PGE_CEN,238,4.655149828548093
CA_PGE_CEN,239,5.024724065606765
CA_PGE_CEN,240,5.0158221102259235
CA_PGE_CEN,241,6.056989490637577
CA_PGE_CEN,242,5.4620860292711
CA_PGE_CEN,243,3.7616015383654373
CA_PGE_CEN,244,3.3972223884002886
CA_PGE_CEN,245,4.297143279342683
CA_PGE_CEN,246,4.067286102456611
CA_PGE_CEN,247,4.557639142313609
CA_PGE_CEN,248,5.006670091576183
CA_PGE_CEN,249,4.912343699347936
CA_PGE_CEN,250,2.83564085091383
CA_PGE_CEN,251,4.046143018985235
CA_PGE_CEN,252,4.381615384792608
CA_PGE_CEN,253,4.973962408668533
CA_PGE_CEN,254,4.881826509518431
CA_PGE_CEN,255,5.192328245322058
CA_PGE_CEN,256,4.223527677730833
CA_PGE_CEN,257,3.353222499949101
CA_PGE_CEN,258,4.550270481624566
CA_PGE_CEN,259,4.753841632261442
CA_PGE_CEN,260,4.723599619582155
CA_PGE_CEN,261,5.428177798333547
CA_PGE_CEN,262,5.044628856751297
CA_PGE_CEN,263,5.153214374370035
CA_PGE_CEN,264,3.293610056394189
CA_PGE_CEN,265,4.548779867241957
CA_PGE_CEN,266,4.76183493727587
CA_PGE_CEN,267,4.494526412570437
CA_PGE_CEN,268,4.373418418732138
CA_PGE_CEN,269,5.198412260358453
CA_PGE_CEN,270,5.093134731199838
CA_PGE_CEN,271,3.6074043253826975
CA_PGE_CEN,272,4.056444430165061
CA_PGE_CEN,273,4.772187730307351
CA_PGE_CEN,274,4.013736577159583
CA_PGE_CEN,275,4.264862022546379
CA_PGE_CEN,276,4.843656431471326
CA_PGE_CEN,277,4.404679360038756
CA_PGE_CEN,278,2.8658699584460923
CA_PGE_CEN,279,3.6190852792701595
CA_PGE_CEN,280,4.157436036992897
CA_PGE_CEN,281,4.501710305681196
CA_PGE_CEN,282,4.793352238102105
CA_PGE_CEN,283,5.0837909235751795
CA_PGE_CEN,284,4.736172034465834
CA_PGE_CEN,285,3.543523262897999
CA_PGE_CEN,286,3.8228399632173304
CA_PGE_CEN,287,4.3246080878778566
CA_PGE_CEN,288,4.593374246570491
CA_PGE_CEN,289,5.443830199280923
CA_PGE_CEN,290,5.462255413021567
CA_PGE_CEN,291,4.8095212377082275
CA_PGE_CEN,292,3.4592548383979933
CA_PGE_CEN,293,3.985781502488921
CA_PGE_CEN,294,4.569370019626327
CA_PGE_CEN,295,4.306794367585889
CA_PGE_CEN,296,4.487310378980521
CA_PGE_CEN,297,4.655900558167768
CA_PGE_CEN,298,5.108068092782322
CA_PGE_CEN,299,2.986782984362737
CA_PGE_CEN,300,4.518175433398539
CA_PGE_CEN,301,5.171537358521895
CA_PGE_CEN,302,4.388464067855004
CA_PGE_CEN,303,4.621661695426623
CA_PGE_CEN,304,4.687798109371878
CA_PGE_CEN,305,4.986139952627189
CA_PGE_CEN,306,3.8934990106138554
CA_PGE_CEN,307,3.9200217653592095
CA_PGE_CEN,308,3.942388248004992
CA_PGE_CEN,309,4.626549756584681
CA_PGE_CEN,310,4.999050184495093
CA_PGE_CEN,311,5.307287341677723
CA_PGE_CEN,312,4.843769254344376
CA_PGE_CEN,313,3.332799127882197
CA_PGE_CEN,314,3.9441419335456662
CA_PGE_CEN,315,4.3324759858463855
CA_PGE_CEN,316,4.51985154898936
CA_PGE_CEN,317,4.737242249266827
CA_PGE_CEN,318,6.116642209160743
CA_PGE_CEN,319,5.597861197667876
CA_PGE_CEN,320,3.023808512908851
CA_PGE_CEN,321,4.09693814731926
CA_PGE_CEN,322,4.641237951157668
CA_PGE_CEN,323,4.499427913575626
CA_PGE_CEN,324,5.213263004388619
CA_PGE_CEN,325,5.742895710229126
CA_PGE_CEN,326,5.996078371488232
CA_PGE_CEN,327,4.391252970402939
CA_PGE_CEN,328,4.775510389548322
CA_PGE_CEN,329,5.735352464512943
CA_PGE_CEN,330,6.192728069767872
CA_PGE_CEN,331,5.241739892666423
CA_PGE_CEN,332,1.976169470191315
CA_PGE_CEN,333,4.001354454846511
CA_PGE_CEN,334,4.708156303633267
CA_PGE_CEN,335,5.2999452855992875
CA_PGE_CEN,336,5.608530064010504
CA_PGE_CEN,337,5.283351515512306
CA_PGE_CEN,338,5.492526323684924
CA_PGE_CEN,339,6.070088486847159
CA_PGE_CEN,340,5.342172620525611
CA_PGE_CEN,341,4.309037556800535
CA_PGE_CEN,342,4.293223871980071
CA_PGE_CEN,343,4.585078440880162
CA_PGE_CEN,344,5.666066381415971
CA_PGE_CEN,345,6.479516990876508
CA_PGE_CEN,346,6.640467448953028
CA_PGE_CEN,347,5.7663605356674585
CA_PGE_CEN,348,3.7848667514797967
CA_PGE_CEN,349,4.324193698241534
CA_PGE_CEN,350,5.019598566245211
CA_PGE_CEN,351,6.225258682701006
CA_PGE_CEN,352,6.275777278282063
CA_PGE_CEN,353,7.147434791461919
CA_PGE_CEN,354,5.061689564320412
CA_PGE_CEN,355,4.10933122553761
CA_PGE_CEN,356,4.898573778357444
CA_PGE_CEN,357,5.814323994316195
CA_PGE_CEN,358,3.7479428593738695
CA_PGE_CEN,359,2.3885699678485595
CA_PGE_CEN,360,5.278346769358666
CA_PGE_CEN,361,6.428813053482145
CA_PGE_CEN,362,4.2444159420138154
CA_PGE_CEN,363,4.2901135700298365
CA_PGE_CEN,364,5.702455121161298
CA_PGE_CEN,365,4.201304015352113
CA_PGE_N,1,0.04812496194869174
CA_PGE_N,2,0.04729472640355024
CA_PGE_N,3,0.051488200731776436
CA_PGE_N,4,0.06835533442085329
CA_PGE_N,5,0.057010059816411454
CA_PGE_N,6,0.04105361598305078
CA_PGE_N,7,0.059482206532946065
CA_PGE_N,8,0.06402762347907177
CA_PGE_N,9,0.06633649104147636
CA_PGE_N,10,0.06864674727040881
CA_PGE_N,11,0.08719509517651043
CA_PGE_N,12,0.07397474362311617
CA_PGE_N,13,0.03636364200621967
CA_PGE_N,14,0.0497448064148701
CA_PGE_N,15,0.05946431971899949
CA_PGE_N,16,0.04183774735553474
CA_PGE_N,17,0.04413458068496856
CA_PGE_N,18,0.07016472102805152
CA_PGE_N,19,0.06411805967638928
CA_PGE_N,20,0.0419496266657917
CA_PGE_N,21,0.06889642213014883
CA_PGE_N,22,0.05726130649783459
CA_PGE_N,23,0.06342279706454046
CA_PGE_N,24,0.06855633941540895
CA_PGE_N,25,0.0704176626352534
CA_PGE_N,26,0.06536924412436168
CA_PGE_N,27,0.030170252112373463
CA_PGE_N,28,0.06559645345090911
CA_PGE_N,29,0.06565401926847513
CA_PGE_N,30,0.05150259069450624
CA_PGE_N,31,0.046194857067710766
CA_PGE_N,32,0.05815390676974625
CA_PGE_N,33,0.06348500907653266
CA_PGE_N,34,0.03438362528804382
CA_PGE_N,35,0.04236378874660224
CA_PGE_N,36,0.04983556378742561
CA_PGE_N,37,0.04224271328659267
CA_PGE_N,38,0.05191916831700412
CA_PGE_N,39,0.0553174931080765
CA_PGE_N,40,0.06629295840843458
CA_PGE_N,41,0.02928346001326947
CA_PGE_N,42,0.04148752067662349
CA_PGE_N,43,0.07802576932672285
CA_PGE_N,44,0.04366276955115708
CA_PGE_N,45,0.040353291207849994
CA_PGE_N,46,0.06293501350800366
CA_PGE_N,47,0.061396120093416336
CA_PGE_N,48,0.04495628638042795
CA_PGE_N,49,0.04739256066483631
CA_PGE_N,50,0.056380981533422025
CA_PGE_N,51,0.04872804295911161
CA_PGE_N,52,0.05801149003103318
CA_PGE_N,53,0.08036303787667416
CA_PGE_N,54,0.06424638903919248
CA_PGE_N,55,0.05758673930140709
CA_PGE_N,56,0.058984291795240826
CA_PGE_N,57,0.04883717153471946
CA_PGE_N,58,0.05058956392365079
CA_PGE_N,59,0.04087109118651234
CA_PGE_N,60,0.04861268995881957
CA_PGE_N,61,0.03970264617050563
CA_PGE_N,62,0.04976632408838904
CA_PGE_N,63,0.06477918615697485
CA_PGE_N,64,0.045567938605840116
CA_PGE_N,65,0.05664085029070801
CA_PGE_N,66,0.06771522461660334
CA_PGE_N,67,0.05868999349034221
CA_PGE_N,68,0.0470081286415941
CA_PGE_N,69,0.06264539444250662
CA_PGE_N,70,0.06735045919330201
CA_PGE_N,71,0.04948285714631291
CA_PGE_N,72,0.048818923358445725
CA_PGE_N,73,0.07761894438545397
CA_PGE_N,74,0.07027949071796173
CA_PGE_N,75,0.0380784998742103
CA_PGE_N,76,0.06200522979282795
CA_PGE_N,77,0.06612765276080655
CA_PGE_N,78,0.0519858160741428
CA_PGE_N,79,0.06529262791440907
CA_PGE_N,80,0.06995475579641115
CA_PGE_N,81,0.07663296646768693
CA_PGE_N,82,0.044538751973156
CA_PGE_N,83,0.06714346473543324
CA_PGE_N,84,0.07214702688403264
CA_PGE_N,85,0.05164578810216123
CA_PGE_N,86,0.07608104904649292
CA_PGE_N,87,0.06954829466293108
CA_PGE_N,88,0.0719607386901045
CA_PGE_N,89,0.04241892323739694
CA_PGE_N,90,0.03977623446034324
CA_PGE_N,91,0.09376625802048064
CA_PGE_N,92,0.06858232508448855
CA_PGE_N,93,0.06667007575663912
CA_PGE_N,94,0.10494619519620979
CA_PGE_N,95,0.10443748492949934
CA_PGE_N,96,0.07053888728481762
CA_PGE_N,97,0.11414722928812235
CA_PGE_N,98,0.10075666458722839
CA_PGE_N,99,0.08221402836331261
CA_PGE_N,100,0.07725910330624013
CA_PGE_N,101,0.10031033697383535
CA_PGE_N,102,0.12726969005468403
CA_PGE_N,103,0.06349695289105786
CA_PGE_N,104,0.08878445950144152
CA_PGE_N,105,0.1246051476691083
CA_PGE_N,106,0.08130008020279085
CA_PGE_N,107,0.0938837622617078
CA_PGE_N,108,0.11450371468082075
CA_PGE_N,109,0.12451742257696315
CA_PGE_N,110,0.06760325889977863
CA_PGE_N,111,0.11919679583412891
CA_PGE_N,112,0.10196256816036962
CA_PGE_N,113,0.06872458517645051
CA_PGE_N,114,0.08393629367174404
CA_PGE_N,115,0.11795578725142941
CA_PGE_N,116,0.1276583874524076
CA_PGE_N,117,0.0579940403539668
CA_PGE_N,118,0.09483811900875717
CA_PGE_N,119,0.0964884874678395
CA_PGE_N,120,0.056782776262637676
CA_PGE_N,121,0.21922130825017294
CA_PGE_N,122,0.2343763570274325
CA_PGE_N,123,0.21047417188824402
CA_PGE_N,124,0.14618508469769093
CA_PGE_N,125,0.23377342538040122
CA_PGE_N,126,0.20374085255925317
CA_PGE_N,127,0.14438498831648336
CA_PGE_N,128,0.17363787132528932
CA_PGE_N,129,0.18968313657642208
CA_PGE_N,130,0.23099112245553163
CA_PGE_N,131,0.12351713638340399
CA_PGE_N,132,0.17223458410479317
CA_PGE_N,133,0.28202127853027653
CA_PGE_N,134,0.14617428947697758
CA_PGE_N,135,0.19496364911621716
CA_PGE_N,136,0.298838065024607
CA_PGE_N,137,0.2747872920015075
CA_PGE_N,138,0.14410046204506874
CA_PGE_N,139,0.23341376950095366
CA_PGE_N,140,0.24636664806601866
CA_PGE_N,141,0.17011395248810196
CA_PGE_N,142,0.24776545312987136
CA_PGE_N,143,0.23582886410419895
CA_PGE_N,144,0.27458410304857334
CA_PGE_N,145,0.1385512020374518
CA_PGE_N,146,0.1416864960804992
CA_PGE_N,147,0.30250201603153565
CA_PGE_N,148,0.18748261258962812
CA_PGE_N,149,0.18272504311190027
CA_PGE_N,150,0.20350748654158826
CA_PGE_N,151,0.20812553713976364
CA_PGE_N,152,0.22353832562944956
CA_PGE_N,153,0.3573061528502278
CA_PGE_N,154,0.267880435793775
CA_PGE_N,155,0.24776077385527445
CA_PGE_N,156,0.32250369501621523
CA_PGE_N,157,0.6120598250614795
CA_PGE_N,158,0.4278017536010043
CA_PGE_N,159,0.22854821599033587
CA_PGE_N,160,0.7378498292369311
CA_PGE_N,161,0.37709909057050056
CA_PGE_N,162,0.2704983115408236
CA_PGE_N,163,0.2741969871026896
CA_PGE_N,164,0.3763237009508764
CA_PGE_N,165,0.300119520963386
CA_PGE_N,166,0.2082246966820087
CA_PGE_N,167,0.2923175518002987
CA_PGE_N,168,0.26289651153878346
CA_PGE_N,169,0.22224947032861422
CA_PGE_N,170,0.29126033384192535
CA_PGE_N,171,0.29699307191389124
CA_PGE_N,172,0.32115979153086793
CA_PGE_N,173,0.22628494558630763
CA_PGE_N,174,0.3287214600422601
CA_PGE_N,175,0.33193082494010645
CA_PGE_N,176,0.20765828330669941
CA_PGE_N,177,0.28632753156404617
CA_PGE_N,178,0.354365119367995
CA_PGE_N,179,0.3648024922580296
CA_PGE_N,180,0.19768381758926318
CA_PGE_N,181,0.2535059731011504
CA_PGE_N,182,0.12299793788759511
CA_PGE_N,183,0.10820484725733276
CA_PGE_N,184,0.11440306421338325
CA_PGE_N,185,0.07949503805567477
CA_PGE_N,186,0.07736106601091376
CA_PGE_N,187,0.09773386544042331
CA_PGE_N,188,0.12319448658001546
CA_PGE_N,189,0.12077312632624751
CA_PGE_N,190,0.11037796132869071
CA_PGE_N,191,0.1174411596595267
CA_PGE_N,192,0.19378551027443028
CA_PGE_N,193,0.15812784702873003
CA_PGE_N,194,0.11032934415636605
CA_PGE_N,195,0.24539562402189535
CA_PGE_N,196,0.171545576918115
CA_PGE_N,197,0.12113784964418697
CA_PGE_N,198,0.15846611626907736
CA_PGE_N,199,0.2621721658119413
CA_PGE_N,200,0.16372556227224497
CA_PGE_N,201,0.10239533960544445
CA_PGE_N,202,0.3734668626146813
CA_PGE_N,203,0.15946021533277463
CA_PGE_N,204,0.09827338289034052
CA_PGE_N,205,0.09937506440812836
CA_PGE_N,206,0.1842457307100153
CA_PGE_N,207,0.16359406698071394
CA_PGE_N,208,0.15196795728665727
CA_PGE_N,209,0.2755794080271111
CA_PGE_N,210,0.13351301193954718
CA_PGE_N,211,0.10421948864952443
CA_PGE_N,212,0.14881388249501967
CA_PGE_N,213,0.24532353212517702
CA_PGE_N,214,0.27861053283867165
CA_PGE_N,215,0.19168415682617518
CA_PGE_N,216,0.2599244858103917
CA_PGE_N,217,0.27693709356818164
CA_PGE_N,218,0.2091068528452445
CA_PGE_N,219,0.222042806120505
CA_PGE_N,220,0.3256525105690907
CA_PGE_N,221,0.23303807557969963
CA_PGE_N,222,0.1581855963531325
CA_PGE_N,223,0.27788711579728753
CA_PGE_N,224,0.2299821128121032
CA_PGE_N,225,0.2097067643402176
CA_PGE_N,226,0.22897197900055197
CA_PGE_N,227,0.29581214862667043
CA_PGE_N,228,0.26176222696161205
CA_PGE_N,229,0.1835114898424365
CA_PGE_N,230,0.23876857109358038
CA_PGE_N,231,0.2817855377763154
CA_PGE_N,232,0.14607505787517536
CA_PGE_N,233,0.21239059273857142
CA_PGE_N,234,0.321368780796869
CA_PGE_N,235,0.24441826963988345
CA_PGE_N,236,0.16038677095996617
CA_PGE_N,237,0.298581587068221
CA_PGE_N,238,0.2361787224757917
CA_PGE_N,239,0.20398318993963283
CA_PGE_N,240,0.22326435457516014
CA_PGE_N,241,0.26302205936893125
CA_PGE_N,242,0.3375576454701183
CA_PGE_N,243,0.19887125863438715
CA_PGE_N,244,0.09625996200075929
CA_PGE_N,245,0.14759933265598604
CA_PGE_N,246,0.11417885947301387
CA_PGE_N,247,0.12079108611773613
CA_PGE_N,248,0.140668606129679
CA_PGE_N,249,0.13037508792342906
CA_PGE_N,250,0.07726417775235125
CA_PGE_N,251,0.1217402524705964
CA_PGE_N,252,0.15960212468007043
CA_PGE_N,253,0.16827289207479848
CA_PGE_N,254,0.12146287481401585
CA_PGE_N,255,0.1594640694172671
CA_PGE_N,256,0.1337448015250007
CA_PGE_N,257,0.1027503667111059
CA_PGE_N,258,0.1668378458424827
CA_PGE_N,259,0.13099637790968313
CA_PGE_N,260,0.1892878680835076
CA_PGE_N,261,0.13842024286633967
CA_PGE_N,262,0.17051652576735243
CA_PGE_N,263,0.20726715893722628
CA_PGE_N,264,0.10149821370838806
CA_PGE_N,265,0.17130110987244504
CA_PGE_N,266,0.15548437577396856
CA_PGE_N,267,0.11550649537651538
CA_PGE_N,268,0.13776715729311562
CA_PGE_N,269,0.17958391831221454
CA_PGE_N,270,0.15096607852820126
CA_PGE_N,271,0.10650850690005009
CA_PGE_N,272,0.14138060374830844
CA_PGE_N,273,0.16391180379781511
CA_PGE_N,274,0.1923174143216943
CA_PGE_N,275,0.1834485606465191
CA_PGE_N,276,0.25613651180859176
CA_PGE_N,277,0.23071922235816583
CA_PGE_N,278,0.1095633683502725
CA_PGE_N,279,0.33718679717473304
CA_PGE_N,280,0.2685770468554304
CA_PGE_N,281,0.2263556896464637
CA_PGE_N,282,0.24925282380888455
CA_PGE_N,283,0.2533297103067815
CA_PGE_N,284,0.22885879231550968
CA_PGE_N,285,0.16126962544667198
CA_PGE_N,286,0.19964576886004176
CA_PGE_N,287,0.22600653919560318
CA_PGE_N,288,0.15916977896502058
CA_PGE_N,289,0.26451881219250134
CA_PGE_N,290,0.29123928302486507
CA_PGE_N,291,0.3028441681504094
CA_PGE_N,292,0.14491435213709042
CA_PGE_N,293,0.28875844844961746
CA_PGE_N,294,0.25823633437625587
CA_PGE_N,295,0.23302254987035925
CA_PGE_N,296,0.15561248727112556
CA_PGE_N,297,0.2641475038691323
CA_PGE_N,298,0.27346936540631694
CA_PGE_N,299,0.1345598646974348
CA_PGE_N,300,0.30645741275506855
CA_PGE_N,301,0.26988421526107814
CA_PGE_N,302,0.2042094328894193
CA_PGE_N,303,0.2259882985839442
CA_PGE_N,304,0.23929146910964608
CA_PGE_N,305,0.3776464793078222
CA_PGE_N,306,0.18881652922934675
CA_PGE_N,307,0.38076227944617685
CA_PGE_N,308,0.37344116499629815
CA_PGE_N,309,0.3082509230491068
CA_PGE_N,310,0.284451404072663
CA_PGE_N,311,0.48361333803446105
CA_PGE_N,312,0.37935215387296894
CA_PGE_N,313,0.2525349103588617
CA_PGE_N,314,0.4824537675815411
CA_PGE_N,315,0.3190402782532188
CA_PGE_N,316,0.2747960180289727
CA_PGE_N,317,0.27814044070614546
CA_PGE_N,318,0.4937946856076562
CA_PGE_N,319,0.37486240376695823
CA_PGE_N,320,0.21773546616451014
CA_PGE_N,321,0.452239829577514
CA_PGE_N,322,0.3748245641833183
CA_PGE_N,323,0.340336519612591
CA_PGE_N,324,0.2766992164327143
CA_PGE_N,325,0.43805863887841273
CA_PGE_N,326,0.4280906281780366
CA_PGE_N,327,0.32125488990930623
CA_PGE_N,328,0.36149408422228263
CA_PGE_N,329,0.3766110519775252
CA_PGE_N,330,0.40820987434812167
CA_PGE_N,331,0.3392912022444327
CA_PGE_N,332,0.15897139029496782
CA_PGE_N,333,0.2992498405253002
CA_PGE_N,334,0.34619880865139485
CA_PGE_N,335,0.3152345035758063
CA_PGE_N,336,0.241320033479843
CA_PGE_N,337,0.21917173869791906
CA_PGE_N,338,0.15756673237379204
CA_PGE_N,339,0.22855384020152258
CA_PGE_N,340,0.2550290017745204
CA_PGE_N,341,0.1509910872856089
CA_PGE_N,342,0.20352553006151053
CA_PGE_N,343,0.21485575139727847
CA_PGE_N,344,0.2082868500129942
CA_PGE_N,345,0.20338304961728704
CA_PGE_N,346,0.3538230701107208
CA_PGE_N,347,0.1977803329211776
CA_PGE_N,348,0.09994396111504673
CA_PGE_N,349,0.2332321020938531
CA_PGE_N,350,0.20344991562960787
CA_PGE_N,351,0.14832287315768353
CA_PGE_N,352,0.18678068842614506
CA_PGE_N,353,0.3077113598488846
CA_PGE_N,354,0.27749019944391173
CA_PGE_N,355,0.16586651268026864
CA_PGE_N,356,0.2126717812821182
CA_PGE_N,357,0.22849695790588348
CA_PGE_N,358,0.0981332466995028
CA_PGE_N,359,0.09031725632047166
CA_PGE_N,360,0.264111924838593
CA_PGE_N,361,0.24554394365059823
CA_PGE_N,362,0.16495993334459233
CA_PGE_N,363,0.16628208750017037
CA_PGE_N,364,0.2201224631021692
CA_PGE_N,365,0.11885548623778963
CA_PGE_S,1,0.1034881182953586
CA_PGE_S,2,0.11095381684391332
CA_PGE_S,3,0.13750095364325055
CA_PGE_S,4,0.12814384600923207
CA_PGE_S,5,0.11842166059600755
CA_PGE_S,6,0.08900360664164476
CA_PGE_S,7,0.07710389188761181
CA_PGE_S,8,0.11942251772513875
CA_PGE_S,9,0.1071832889034682
CA_PGE_S,10,0.14679539620172663
CA_PGE_S,11,0.15910840320531697
CA_PGE_S,12,0.12808400777353404
CA_PGE_S,13,0.05908411266544453
CA_PGE_S,14,0.07449625244690833
CA_PGE_S,15,0.10927579073810412
CA_PGE_S,16,0.1571978690567818
CA_PGE_S,17,0.12781692973477213
CA_PGE_S,18,0.1602788282422929
CA_PGE_S,19,0.14283017477306514
CA_PGE_S,20,0.0750802697260745
CA_PGE_S,21,0.08214031656083005
CA_PGE_S,22,0.11074717068815661
CA_PGE_S,23,0.13979262066656145
CA_PGE_S,24,0.13831427792387538
CA_PGE_S,25,0.1438254430262029
CA_PGE_S,26,0.13298087206375175
CA_PGE_S,27,0.07114483640552666
CA_PGE_S,28,0.10359207604936117
CA_PGE_S,29,0.13549149325717075
CA_PGE_S,30,0.12096659631942283
CA_PGE_S,31,0.14435176215187584
CA_PGE_S,32,0.17093678255329428
CA_PGE_S,33,0.1173176486578789
CA_PGE_S,34,0.0692083059715824
CA_PGE_S,35,0.06197565016797437
CA_PGE_S,36,0.07132199754551848
CA_PGE_S,37,0.10685848112548267
CA_PGE_S,38,0.12888186997150977
CA_PGE_S,39,0.14285067971749207
CA_PGE_S,40,0.138605649063762
CA_PGE_S,41,0.06348485394070615
CA_PGE_S,42,0.0598399796065988
CA_PGE_S,43,0.11622243266172985
CA_PGE_S,44,0.12033924766604705
CA_PGE_S,45,0.12547703050718595
CA_PGE_S,46,0.15514392555814888
CA_PGE_S,47,0.1459406489718222
CA_PGE_S,48,0.08236445276127671
CA_PGE_S,49,0.10674006760948704
CA_PGE_S,50,0.11893320037972695
CA_PGE_S,51,0.10543008905894871
CA_PGE_S,52,0.14442215971762754
CA_PGE_S,53,0.14443850309251638
CA_PGE_S,54,0.13767924455095146
CA_PGE_S,55,0.058153418687313246
CA_PGE_S,56,0.09272967241985895
CA_PGE_S,57,0.10966976109405337
CA_PGE_S,58,0.12821953914486453
CA_PGE_S,59,0.11705235350985663
CA_PGE_S,60,0.18054811909250237
CA_PGE_S,61,0.07624716195870894
CA_PGE_S,62,0.12525847336577856
CA_PGE_S,63,0.20585362915765962
CA_PGE_S,64,0.14769460696938122
CA_PGE_S,65,0.1408748995446015
CA_PGE_S,66,0.20301619183027358
CA_PGE_S,67,0.1594100418033699
CA_PGE_S,68,0.095550688719271
CA_PGE_S,69,0.14431682597007692
CA_PGE_S,70,0.14755562720888496
CA_PGE_S,71,0.16426228962576744
CA_PGE_S,72,0.16055494479920132
CA_PGE_S,73,0.175612320274995
CA_PGE_S,74,0.18957724162149134
CA_PGE_S,75,0.10259008303834627
CA_PGE_S,76,0.14958677662539957
CA_PGE_S,77,0.1863277176318564
CA_PGE_S,78,0.19677964324984934
CA_PGE_S,79,0.1878442588417083
CA_PGE_S,80,0.1753855126253794
CA_PGE_S,81,0.21144048144136376
CA_PGE_S,82,0.13623529051892205
CA_PGE_S,83,0.1639843796273949
CA_PGE_S,84,0.15229382981297038
CA_PGE_S,85,0.14878850453707163
CA_PGE_S,86,0.21181465458237125
CA_PGE_S,87,0.2140260548271133
CA_PGE_S,88,0.2262957621058851
CA_PGE_S,89,0.1064065127446699
CA_PGE_S,90,0.12806263838295887
CA_PGE_S,91,0.15479573174819047
CA_PGE_S,92,0.1438676290289466
CA_PGE_S,93,0.1660172838806715
CA_PGE_S,94,0.19161877431489696
CA_PGE_S,95,0.16748472619703464
CA_PGE_S,96,0.10771814257801601
CA_PGE_S,97,0.13144546779332456
CA_PGE_S,98,0.14454038478910702
CA_PGE_S,99,0.15585487642181362
CA_PGE_S,100,0.1627023626948296
CA_PGE_S,101,0.17259004167409384
CA_PGE_S,102,0.17978350185835867
CA_PGE_S,103,0.11047131976340557
CA_PGE_S,104,0.1373836128050728
CA_PGE_S,105,0.19736140811545058
CA_PGE_S,106,0.15778802584934865
CA_PGE_S,107,0.13188449633379157
CA_PGE_S,108,0.2141015847352249
CA_PGE_S,109,0.192371739436499
CA_PGE_S,110,0.10712102151923822
CA_PGE_S,111,0.12737928145171176
CA_PGE_S,112,0.2147570412578887
CA_PGE_S,113,0.17051593797022396
CA_PGE_S,114,0.2083364493075696
CA_PGE_S,115,0.17595926211193516
CA_PGE_S,116,0.18893423689721262
CA_PGE_S,117,0.1108106760661476
CA_PGE_S,118,0.1345461762582019
CA_PGE_S,119,0.14451554591052373
CA_PGE_S,120,0.12807140967964858
CA_PGE_S,121,0.13552669002855372
CA_PGE_S,122,0.16321619477033647
CA_PGE_S,123,0.15476380563490194
CA_PGE_S,124,0.11461179250991442
CA_PGE_S,125,0.10846870823719133
CA_PGE_S,126,0.14007694249394376
CA_PGE_S,127,0.14734739139642755
CA_PGE_S,128,0.174607683092649
CA_PGE_S,129,0.17485975870851964
CA_PGE_S,130,0.2205751392858298
CA_PGE_S,131,0.10566428705683
CA_PGE_S,132,0.13963884583617148
CA_PGE_S,133,0.1606350293049083
CA_PGE_S,134,0.16851203183370522
CA_PGE_S,135,0.18328947679334245
CA_PGE_S,136,0.2023598186375219
CA_PGE_S,137,0.16483637907209348
CA_PGE_S,138,0.1429540368932391
CA_PGE_S,139,0.15205415248366383
CA_PGE_S,140,0.1860220319316759
CA_PGE_S,141,0.17011704780259784
CA_PGE_S,142,0.20740981574189726
CA_PGE_S,143,0.19670140005099196
CA_PGE_S,144,0.20443411208830947
CA_PGE_S,145,0.11858315149752698
CA_PGE_S,146,0.10910146379386902
CA_PGE_S,147,0.1456465505941093
CA_PGE_S,148,0.14235534864032487
CA_PGE_S,149,0.17134743226397448
CA_PGE_S,150,0.2055166755248338
CA_PGE_S,151,0.19887024280527377
CA_PGE_S,152,0.18256490580903215
CA_PGE_S,153,0.17774177186515233
CA_PGE_S,154,0.2075344660865906
CA_PGE_S,155,0.22680674728966604
CA_PGE_S,156,0.26162838754247936
CA_PGE_S,157,0.3132950758961206
CA_PGE_S,158,0.2772951027019307
CA_PGE_S,159,0.21599653338384248
CA_PGE_S,160,0.22100533381290674
CA_PGE_S,161,0.2270556024215627
CA_PGE_S,162,0.2726407834112047
CA_PGE_S,163,0.2455575718635264
CA_PGE_S,164,0.32180597340427375
CA_PGE_S,165,0.2615689057615631
CA_PGE_S,166,0.19132279083510575
CA_PGE_S,167,0.16976419639886448
CA_PGE_S,168,0.2502457556267517
CA_PGE_S,169,0.23306411872581398
CA_PGE_S,170,0.26945474673356024
CA_PGE_S,171,0.3028189104172417
CA_PGE_S,172,0.2796981956704852
CA_PGE_S,173,0.17974532558513256
CA_PGE_S,174,0.20070984792732413
CA_PGE_S,175,0.19977421373449455
CA_PGE_S,176,0.24061808126911657
CA_PGE_S,177,0.21354497061023714
CA_PGE_S,178,0.26360578484753605
CA_PGE_S,179,0.2184934060947139
CA_PGE_S,180,0.1599731425612179
CA_PGE_S,181,0.1927941977118499
CA_PGE_S,182,0.1470828840962573
CA_PGE_S,183,0.18350147610908224
CA_PGE_S,184,0.18189173324251537
CA_PGE_S,185,0.06785210630105708
CA_PGE_S,186,0.1371713076207468
CA_PGE_S,187,0.11711563071667426
CA_PGE_S,188,0.12887821518970294
CA_PGE_S,189,0.15952588718318317
CA_PGE_S,190,0.16279061395900965
CA_PGE_S,191,0.16432808032889698
CA_PGE_S,192,0.20230298312670483
CA_PGE_S,193,0.1735790677600968
CA_PGE_S,194,0.11932799659563444
CA_PGE_S,195,0.18190178761420325
CA_PGE_S,196,0.17435448180965565
CA_PGE_S,197,0.1696095447191329
CA_PGE_S,198,0.20846287570210179
CA_PGE_S,199,0.22192271222444968
CA_PGE_S,200,0.18908196784733042
CA_PGE_S,201,0.11982594712295006
CA_PGE_S,202,0.10041203096093575
CA_PGE_S,203,0.15978015852705899
CA_PGE_S,204,0.17611100340549302
CA_PGE_S,205,0.19815896854385062
CA_PGE_S,206,0.19483677454582332
CA_PGE_S,207,0.19135202302777607
CA_PGE_S,208,0.11170163119647149
CA_PGE_S,209,0.14407055969271135
CA_PGE_S,210,0.16953720987331156
CA_PGE_S,211,0.15664690541158643
CA_PGE_S,212,0.21090213270675395
CA_PGE_S,213,0.20071995840304918
CA_PGE_S,214,0.1751250013830924
CA_PGE_S,215,0.09962502903998716
CA_PGE_S,216,0.12266861011387047
CA_PGE_S,217,0.14217590567528454
CA_PGE_S,218,0.16039431216654376
CA_PGE_S,219,0.1827228515546601
CA_PGE_S,220,0.1987208717476832
CA_PGE_S,221,0.18416879243047546
CA_PGE_S,222,0.12626502146279214
CA_PGE_S,223,0.15806214135357455
CA_PGE_S,224,0.1662871532077045
CA_PGE_S,225,0.14858351360765254
CA_PGE_S,226,0.1597306870386527
CA_PGE_S,227,0.18228911797083883
CA_PGE_S,228,0.1542877307111215
CA_PGE_S,229,0.13610060940619684
CA_PGE_S,230,0.14157859911316
CA_PGE_S,231,0.15172091067105167
CA_PGE_S,232,0.15953885446062332
CA_PGE_S,233,0.1983969021934919
CA_PGE_S,234,0.21955689615937782
CA_PGE_S,235,0.20945666121721643
CA_PGE_S,236,0.10638551369913384
CA_PGE_S,237,0.14491494507398373
CA_PGE_S,238,0.14100780205851357
CA_PGE_S,239,0.1789949224958495
CA_PGE_S,240,0.18277547905462363
CA_PGE_S,241,0.20907477833871546
CA_PGE_S,242,0.21119160070794044
CA_PGE_S,243,0.08403646499857842
CA_PGE_S,244,0.09795069472018268
CA_PGE_S,245,0.13761909806916378
CA_PGE_S,246,0.13872012988321453
CA_PGE_S,247,0.18798099837546073
CA_PGE_S,248,0.18206181433171847
CA_PGE_S,249,0.12413348066375955
CA_PGE_S,250,0.09120739042573606
CA_PGE_S,251,0.11850742090183299
CA_PGE_S,252,0.1920548793978691
CA_PGE_S,253,0.18281053852815057
CA_PGE_S,254,0.15514959326965627
CA_PGE_S,255,0.20996122431335276
CA_PGE_S,256,0.17050428199865797
CA_PGE_S,257,0.1207110622545205
CA_PGE_S,258,0.13989492183401017
CA_PGE_S,259,0.19602235768693096
CA_PGE_S,260,0.20813088606020347
CA_PGE_S,261,0.19949672910575114
CA_PGE_S,262,0.24159757653126504
CA_PGE_S,263,0.20831043715018027
CA_PGE_S,264,0.13250094650589966
CA_PGE_S,265,0.16548460436730694
CA_PGE_S,266,0.14930252498329272
CA_PGE_S,267,0.14972789236088155
CA_PGE_S,268,0.20058555015309681
CA_PGE_S,269,0.180696033467974
CA_PGE_S,270,0.22486949707692763
CA_PGE_S,271,0.11551139875766
CA_PGE_S,272,0.13355132539758557
CA_PGE_S,273,0.18037478429081213
CA_PGE_S,274,0.22574083398379832
CA_PGE_S,275,0.24204382464246166
CA_PGE_S,276,0.27905592615339375
CA_PGE_S,277,0.23767183057269597
CA_PGE_S,278,0.1685237907451473
CA_PGE_S,279,0.21093526543616112
CA_PGE_S,280,0.22803026100122364
CA_PGE_S,281,0.23469151670159114
CA_PGE_S,282,0.31692002284482085
CA_PGE_S,283,0.2660134257042152
CA_PGE_S,284,0.24632318843809733
CA_PGE_S,285,0.16423516677851108
CA_PGE_S,286,0.18297785375906997
CA_PGE_S,287,0.24108435827297453
CA_PGE_S,288,0.2633870230825941
CA_PGE_S,289,0.24714703283372666
CA_PGE_S,290,0.3336676934124736
CA_PGE_S,291,0.26727367153474657
CA_PGE_S,292,0.15929845564215583
CA_PGE_S,293,0.22472596013369994
CA_PGE_S,294,0.2537067238945185
CA_PGE_S,295,0.2242011292315879
CA_PGE_S,296,0.2280748778416818
CA_PGE_S,297,0.27268096871251185
CA_PGE_S,298,0.275762913717198
CA_PGE_S,299,0.16086126125149838
CA_PGE_S,300,0.22864060246793153
CA_PGE_S,301,0.25072144716681144
CA_PGE_S,302,0.21795231691678363
CA_PGE_S,303,0.2703396461615222
CA_PGE_S,304,0.2887270851056502
CA_PGE_S,305,0.295371488934179
CA_PGE_S,306,0.2048529471548086
CA_PGE_S,307,0.2644004995850819
CA_PGE_S,308,0.23455115729253725
CA_PGE_S,309,0.18929467687419388
CA_PGE_S,310,0.2547640243470608
CA_PGE_S,311,0.2906860863317785
CA_PGE_S,312,0.27771149313655735
CA_PGE_S,313,0.1814572333878414
CA_PGE_S,314,0.21602572402777864
CA_PGE_S,315,0.2805965395921818
CA_PGE_S,316,0.2626419416319308
CA_PGE_S,317,0.2830170833241317
CA_PGE_S,318,0.28417172131368024
CA_PGE_S,319,0.2952066727554007
CA_PGE_S,320,0.1464347961613283
CA_PGE_S,321,0.25045834318889537
CA_PGE_S,322,0.28285287591087527
CA_PGE_S,323,0.24888192419469832
CA_PGE_S,324,0.2113558024148755
CA_PGE_S,325,0.30820129860248674
CA_PGE_S,326,0.31224342033814995
CA_PGE_S,327,0.22478006367093284
CA_PGE_S,328,0.2069017248404707
CA_PGE_S,329,0.24184929222245127
CA_PGE_S,330,0.3601352443444596
CA_PGE_S,331,0.3238620693133163
CA_PGE_S,332,0.09066483860273818
CA_PGE_S,333,0.242093949702762
CA_PGE_S,334,0.2708795913165285
CA_PGE_S,335,0.20592471999916653
CA_PGE_S,336,0.22315489995090407
CA_PGE_S,337,0.20197511316488176
CA_PGE_S,338,0.16519573298927956
CA_PGE_S,339,0.24841675573258448
CA_PGE_S,340,0.20052761226159393
CA_PGE_S,341,0.10825539094421346
CA_PGE_S,342,0.1853004689761292
CA_PGE_S,343,0.19011831670227336
CA_PGE_S,344,0.18542469964820807
CA_PGE_S,345,0.1915702326780226
CA_PGE_S,346,0.24321761407210649
CA_PGE_S,347,0.23003052663838894
CA_PGE_S,348,0.13231219058865548
CA_PGE_S,349,0.17484638228412788
CA_PGE_S,350,0.1753167625856278
CA_PGE_S,351,0.19675594708066987
CA_PGE_S,352,0.2264254728762159
CA_PGE_S,353,0.2404183090531762
CA_PGE_S,354,0.20767135784346438
CA_PGE_S,355,0.15196017747641774
CA_PGE_S,356,0.14389892166995577
CA_PGE_S,357,0.1928486962638748
CA_PGE_S,358,0.11472502959752684
CA_PGE_S,359,0.07076448673223994
CA_PGE_S,360,0.19902236664043296
CA_PGE_S,361,0.22210139114182462
CA_PGE_S,362,0.1777899118172474
CA_PGE_S,363,0.13052122531855925
CA_PGE_S,364,0.1850548351299996
CA_PGE_S,365,0.12749486706570812
CA_SCE_CEN,1,58.79900019989799
CA_SCE_CEN,2,72.98465632883378
CA_SCE_CEN,3,41.47810898840189
CA_SCE_CEN,4,124.00143966029414
CA_SCE_CEN,5,50.24461755448675
CA_SCE_CEN,6,143.5573907034213
CA_SCE_CEN,7,209.07522968725584
CA_SCE_CEN,8,87.65335608630026
CA_SCE_CEN,9,71.72276008395671
CA_SCE_CEN,10,60.278457340103266
CA_SCE_CEN,11,8.892674635605804
CA_SCE_CEN,12,54.22626621927772
CA_SCE_CEN,13,97.59518053176767
CA_SCE_CEN,14,283.4838363580482
CA_SCE_CEN,15,498.57394789988746
CA_SCE_CEN,16,143.1325394834012
CA_SCE_CEN,17,315.7126653146061
CA_SCE_CEN,18,173.3972464831589
CA_SCE_CEN,19,81.58473137702897
CA_SCE_CEN,20,122.61601146773876
CA_SCE_CEN,21,388.52251860956505
CA_SCE_CEN,22,100.7623495352036
CA_SCE_CEN,23,202.04300049636896
CA_SCE_CEN,24,201.82957299707977
CA_SCE_CEN,25,169.58283603757317
CA_SCE_CEN,26,104.62391363584484
CA_SCE_CEN,27,173.0733690722257
CA_SCE_CEN,28,135.1720052115781
CA_SCE_CEN,29,130.32587622315944
CA_SCE_CEN,30,68.7227065045473
CA_SCE_CEN,31,134.63630586247035
CA_SCE_CEN,32,75.96945603472793
CA_SCE_CEN,33,71.16332209891488
CA_SCE_CEN,34,160.4508073871261
CA_SCE_CEN,35,0.2732886568436919
CA_SCE_CEN,36,0.45682784728149867
CA_SCE_CEN,37,53.66968198979659
CA_SCE_CEN,38,66.69487318594098
CA_SCE_CEN,39,128.46466492065954
CA_SCE_CEN,40,113.16276506219072
CA_SCE_CEN,41,162.08565014193562
CA_SCE_CEN,42,228.7133965903848
CA_SCE_CEN,43,74.43930788838496
CA_SCE_CEN,44,135.08522577744603
CA_SCE_CEN,45,214.11090433231158
CA_SCE_CEN,46,202.76577102580316
CA_SCE_CEN,47,280.66576951543203
CA_SCE_CEN,48,259.99595158655933
CA_SCE_CEN,49,92.87569634896882
CA_SCE_CEN,50,0.0007562068517428539
CA_SCE_CEN,51,35.320598670417446
CA_SCE_CEN,52,69.50415708690022
CA_SCE_CEN,53,151.91480489472755
CA_SCE_CEN,54,129.23617999463707
CA_SCE_CEN,55,256.2975346249226
CA_SCE_CEN,56,311.50617249985027
CA_SCE_CEN,57,72.80482614602992
CA_SCE_CEN,58,188.80732192756724
CA_SCE_CEN,59,62.79251660701552
CA_SCE_CEN,60,57.48192282979137
CA_SCE_CEN,61,52.02773038873754
CA_SCE_CEN,62,199.1642787447436
CA_SCE_CEN,63,89.32586946718436
CA_SCE_CEN,64,118.87437746169887
CA_SCE_CEN,65,135.82480573196742
CA_SCE_CEN,66,127.67201758879219
CA_SCE_CEN,67,110.64952004226355
CA_SCE_CEN,68,82.74887771147779
CA_SCE_CEN,69,58.47193765323118
CA_SCE_CEN,70,64.25604348679134
CA_SCE_CEN,71,194.4214968405222
CA_SCE_CEN,72,86.24947287940059
CA_SCE_CEN,73,24.722040062378138
CA_SCE_CEN,74,67.19726370224396
CA_SCE_CEN,75,210.19356332399096
CA_SCE_CEN,76,109.96447452503536
CA_SCE_CEN,77,70.44029166774037
CA_SCE_CEN,78,139.94764360709635
CA_SCE_CEN,79,182.7130167140724
CA_SCE_CEN,80,179.84704915220595
CA_SCE_CEN,81,174.53044385772685
CA_SCE_CEN,82,100.67305123504204
CA_SCE_CEN,83,45.074907238994
CA_SCE_CEN,84,128.28771127976094
CA_SCE_CEN,85,152.12448557024706
CA_SCE_CEN,86,150.0618978712043
CA_SCE_CEN,87,147.63710682761234
CA_SCE_CEN,88,151.97706647479208
CA_SCE_CEN,89,15.644501612886769
CA_SCE_CEN,90,171.8120888931101
CA_SCE_CEN,91,6.067365898558011
CA_SCE_CEN,92,9.91383944824769
CA_SCE_CEN,93,2.8073512156043514
CA_SCE_CEN,94,9.900840706206136
CA_SCE_CEN,95,2.0174469488570184
CA_SCE_CEN,96,14.576826888923863
CA_SCE_CEN,97,7.759185796685439
CA_SCE_CEN,98,4.121360973427295
CA_SCE_CEN,99,9.69030178022279
CA_SCE_CEN,100,5.954225520511589
CA_SCE_CEN,101,11.891194580905037
CA_SCE_CEN,102,27.617872079166446
CA_SCE_CEN,103,2.234444755925804
CA_SCE_CEN,104,7.4290030463147305
CA_SCE_CEN,105,9.31675668108168
CA_SCE_CEN,106,15.879360449198773
CA_SCE_CEN,107,3.9267129566634837
CA_SCE_CEN,108,29.431316963499466
CA_SCE_CEN,109,14.142699861759041
CA_SCE_CEN,110,13.628007732960757
CA_SCE_CEN,111,15.349981632785099
CA_SCE_CEN,112,20.60701647383559
CA_SCE_CEN,113,17.501712727137125
CA_SCE_CEN,114,28.417208595204887
CA_SCE_CEN,115,16.180834202372314
CA_SCE_CEN,116,3.8278056576418855
CA_SCE_CEN,117,4.44636776141206
CA_SCE_CEN,118,3.3922538599816052
CA_SCE_CEN,119,5.5010666779363415
CA_SCE_CEN,120,7.129356507686289
CA_SCE_CEN,121,42.74317569995637
CA_SCE_CEN,122,55.98124862621189
CA_SCE_CEN,123,191.72402842294386
CA_SCE_CEN,124,134.979281893242
CA_SCE_CEN,125,46.83278707526185
CA_SCE_CEN,126,38.49846720224734
CA_SCE_CEN,127,15.677587411903643
CA_SCE_CEN,128,45.354985547439945
CA_SCE_CEN,129,67.39825039701948
CA_SCE_CEN,130,104.71389484372597
CA_SCE_CEN,131,101.9295458757426
CA_SCE_CEN,132,110.69639509513267
CA_SCE_CEN,133,225.0350800773804
CA_SCE_CEN,134,193.25523743946093
CA_SCE_CEN,135,135.3655428863007
CA_SCE_CEN,136,81.32119267846832
CA_SCE_CEN,137,236.36519171369918
CA_SCE_CEN,138,384.5177263836868
CA_SCE_CEN,139,513.3030797753107
CA_SCE_CEN,140,200.5568533044644
CA_SCE_CEN,141,57.16080387920912
CA_SCE_CEN,142,226.08104566744
CA_SCE_CEN,143,135.10716548051874
CA_SCE_CEN,144,104.72298673672987
CA_SCE_CEN,145,226.43166061510888
CA_SCE_CEN,146,143.08605421254848
CA_SCE_CEN,147,445.26184660793234
CA_SCE_CEN,148,26.079474289132513
CA_SCE_CEN,149,126.9741735114129
CA_SCE_CEN,150,117.98817513990353
CA_SCE_CEN,151,115.7032771046905
CA_SCE_CEN,152,0.7755821980390313
CA_SCE_CEN,153,1.0106611481396168
CA_SCE_CEN,154,0.9516758265385583
CA_SCE_CEN,155,0.8608639234362209
CA_SCE_CEN,156,1.1170129066995111
CA_SCE_CEN,157,1.077010010583213
CA_SCE_CEN,158,0.8966287672244188
CA_SCE_CEN,159,0.6827269741881062
CA_SCE_CEN,160,1.2654135278570102
CA_SCE_CEN,161,1.1157056761138047
CA_SCE_CEN,162,1.125483839916767
CA_SCE_CEN,163,0.9071893032003642
CA_SCE_CEN,164,1.0262629361296245
CA_SCE_CEN,165,1.133318715380384
CA_SCE_CEN,166,0.8575584359041291
CA_SCE_CEN,167,1.101703881702359
CA_SCE_CEN,168,1.2191276436075535
CA_SCE_CEN,169,1.0285699117213294
CA_SCE_CEN,170,1.5614025504218199
CA_SCE_CEN,171,1.0035239379188243
CA_SCE_CEN,172,0.9462906817111304
CA_SCE_CEN,173,0.7413667443173502
CA_SCE_CEN,174,0.94182201080453
CA_SCE_CEN,175,1.0200596958678974
CA_SCE_CEN,176,1.0185123587801592
CA_SCE_CEN,177,1.0042051829455976
CA_SCE_CEN,178,1.1153689131214723
CA_SCE_CEN,179,1.1160013566049312
CA_SCE_CEN,180,0.7517988233901511
CA_SCE_CEN,181,0.9378822290266311
CA_SCE_CEN,182,1.043855671068296
CA_SCE_CEN,183,1.0368618430515057
CA_SCE_CEN,184,0.978800779496437
CA_SCE_CEN,185,0.4459393214847928
CA_SCE_CEN,186,0.7701939243547802
CA_SCE_CEN,187,0.9518022076612558
CA_SCE_CEN,188,1.208564327171074
CA_SCE_CEN,189,1.0142953572055702
CA_SCE_CEN,190,1.1050553891524684
CA_SCE_CEN,191,0.9952594356955156
CA_SCE_CEN,192,0.974546541707899
CA_SCE_CEN,193,1.2191674168741644
CA_SCE_CEN,194,0.8411042244167257
CA_SCE_CEN,195,1.0364785361919056
CA_SCE_CEN,196,1.0233456271690127
CA_SCE_CEN,197,1.0159086466285996
CA_SCE_CEN,198,1.0920337063631047
CA_SCE_CEN,199,1.3562537010880402
CA_SCE_CEN,200,1.4177808169551238
CA_SCE_CEN,201,0.783306449087745
CA_SCE_CEN,202,1.5167908263065542
CA_SCE_CEN,203,1.2249575518062905
CA_SCE_CEN,204,0.9857071053568486
CA_SCE_CEN,205,1.1636108295689074
CA_SCE_CEN,206,1.164511490158554
CA_SCE_CEN,207,1.2143343488261127
CA_SCE_CEN,208,0.8152036439376016
CA_SCE_CEN,209,1.2528272947295405
CA_SCE_CEN,210,0.8585643720695499
CA_SCE_CEN,211,1.0284625572136206
CA_SCE_CEN,212,1.1268308545274999
CA_SCE_CEN,213,1.0169557190815273
CA_SCE_CEN,214,0.8288148697547941
CA_SCE_CEN,215,0.7636369400190712
CA_SCE_CEN,216,0.9262815890249798
CA_SCE_CEN,217,0.8731514975718762
CA_SCE_CEN,218,0.793521783734024
CA_SCE_CEN,219,0.8390694451846377
CA_SCE_CEN,220,1.0715744029706489
CA_SCE_CEN,221,0.827023707022637
CA_SCE_CEN,222,0.7834158850507261
CA_SCE_CEN,223,0.9303976896191279
CA_SCE_CEN,224,0.8361085892826116
CA_SCE_CEN,225,0.7414306841750483
CA_SCE_CEN,226,0.9145901465391058
CA_SCE_CEN,227,0.9102290960937482
CA_SCE_CEN,228,0.859783551806985
CA_SCE_CEN,229,0.8509193855400079
CA_SCE_CEN,230,0.9531203511948793
CA_SCE_CEN,231,0.8111033202568677
CA_SCE_CEN,232,0.711772515422221
CA_SCE_CEN,233,0.7632906249775423
CA_SCE_CEN,234,0.9953839088047703
CA_SCE_CEN,235,0.9573322662118995
CA_SCE_CEN,236,0.6754019019622821
CA_SCE_CEN,237,1.0069604615625607
CA_SCE_CEN,238,0.6733098392069553
CA_SCE_CEN,239,0.8495754396573882
CA_SCE_CEN,240,0.8587365120612889
CA_SCE_CEN,241,0.8573987354403385
CA_SCE_CEN,242,1.047466585946748
CA_SCE_CEN,243,0.6104997195761612
CA_SCE_CEN,244,0.7033780277468867
CA_SCE_CEN,245,1.6822877752365217
CA_SCE_CEN,246,1.174695382980624
CA_SCE_CEN,247,1.2231811550958611
CA_SCE_CEN,248,1.1946017101348059
CA_SCE_CEN,249,1.1781754424992203
CA_SCE_CEN,250,0.6940654818106212
CA_SCE_CEN,251,1.4521609759242067
CA_SCE_CEN,252,1.1512688344929072
CA_SCE_CEN,253,1.3772319824850654
CA_SCE_CEN,254,1.3956201877781615
CA_SCE_CEN,255,1.5345099467965333
CA_SCE_CEN,256,1.3450381584224227
CA_SCE_CEN,257,0.7639745758471143
CA_SCE_CEN,258,1.4919783214299578
CA_SCE_CEN,259,1.0853273340899139
CA_SCE_CEN,260,1.2046455533514984
CA_SCE_CEN,261,1.0772711764247878
CA_SCE_CEN,262,1.451376146617582
CA_SCE_CEN,263,1.2803434183191023
CA_SCE_CEN,264,0.8349199419262638
CA_SCE_CEN,265,1.7548802465842885
CA_SCE_CEN,266,1.2681076286849609
CA_SCE_CEN,267,1.4264983353613345
CA_SCE_CEN,268,1.4969572091413823
CA_SCE_CEN,269,1.4517105860305892
CA_SCE_CEN,270,1.3476560174478778
CA_SCE_CEN,271,0.717968809718001
CA_SCE_CEN,272,1.6561469992329105
CA_SCE_CEN,273,1.6087153053114487
CA_SCE_CEN,274,0.6627716201457567
CA_SCE_CEN,275,0.6604763770687347
CA_SCE_CEN,276,0.8274151273235434
CA_SCE_CEN,277,0.7585998619863731
CA_SCE_CEN,278,0.40411019492078437
CA_SCE_CEN,279,0.8108263878589622
CA_SCE_CEN,280,0.8726373474108069
CA_SCE_CEN,281,0.8842621639328341
CA_SCE_CEN,282,0.6445406031700631
CA_SCE_CEN,283,0.86280504276631
CA_SCE_CEN,284,0.7953983542154561
CA_SCE_CEN,285,0.5628999067851604
CA_SCE_CEN,286,0.6937311366191601
CA_SCE_CEN,287,0.898650110476375
CA_SCE_CEN,288,0.9346505045849892
CA_SCE_CEN,289,0.8460132038848914
CA_SCE_CEN,290,0.8392929379079953
CA_SCE_CEN,291,0.8564537342291721
CA_SCE_CEN,292,0.6345132490573481
CA_SCE_CEN,293,1.0000318066836547
CA_SCE_CEN,294,0.705884675623055
CA_SCE_CEN,295,0.6815387052793516
CA_SCE_CEN,296,0.7382536737898633
CA_SCE_CEN,297,0.8654404382956065
CA_SCE_CEN,298,0.7956937138608184
CA_SCE_CEN,299,0.5942482616921007
CA_SCE_CEN,300,0.8795170225916932
CA_SCE_CEN,301,0.7994617452875481
CA_SCE_CEN,302,0.6839318173876575
CA_SCE_CEN,303,0.8632201744381065
CA_SCE_CEN,304,0.7483561947161641
CA_SCE_CEN,305,0.8041249331647016
CA_SCE_CEN,306,0.5264030764390436
CA_SCE_CEN,307,0.6598330282492855
CA_SCE_CEN,308,0.5957588821704916
CA_SCE_CEN,309,0.6202236436398976
CA_SCE_CEN,310,0.7549243158626658
CA_SCE_CEN,311,0.7818395614749006
CA_SCE_CEN,312,0.6128898514580478
CA_SCE_CEN,313,0.44036113000612676
CA_SCE_CEN,314,0.7123829062766615
CA_SCE_CEN,315,0.7383209670288361
CA_SCE_CEN,316,0.6237443016810036
CA_SCE_CEN,317,0.6642543700971678
CA_SCE_CEN,318,0.849588878538829
CA_SCE_CEN,319,0.7520569502836902
CA_SCE_CEN,320,0.46253503172232907
CA_SCE_CEN,321,0.8344873710868153
CA_SCE_CEN,322,0.5462223547337003
CA_SCE_CEN,323,0.7681179573477924
CA_SCE_CEN,324,0.6256136829924205
CA_SCE_CEN,325,0.8407781701042335
CA_SCE_CEN,326,0.7524594068427609
CA_SCE_CEN,327,0.622829675298693
CA_SCE_CEN,328,0.699748272043044
CA_SCE_CEN,329,0.7994559121046824
CA_SCE_CEN,330,0.7475243021520384
CA_SCE_CEN,331,0.9042399998653108
CA_SCE_CEN,332,0.3546278676284022
CA_SCE_CEN,333,0.6495161662467607
CA_SCE_CEN,334,0.9037896214401805
CA_SCE_CEN,335,0.8727615116636027
CA_SCE_CEN,336,0.7395672982605037
CA_SCE_CEN,337,0.6515672184244139
CA_SCE_CEN,338,0.7936300151626751
CA_SCE_CEN,339,0.7933424494396492
CA_SCE_CEN,340,0.7245824435692343
CA_SCE_CEN,341,0.5136561794697128
CA_SCE_CEN,342,0.6541582052716293
CA_SCE_CEN,343,0.5920963909492819
CA_SCE_CEN,344,0.5968975209125317
CA_SCE_CEN,345,0.5351637229532221
CA_SCE_CEN,346,0.7207729763188726
CA_SCE_CEN,347,0.6709444043416509
CA_SCE_CEN,348,0.42741311527284515
CA_SCE_CEN,349,0.7487529800124716
CA_SCE_CEN,350,0.6943402262130465
CA_SCE_CEN,351,0.7233022809163719
CA_SCE_CEN,352,0.676714644941242
CA_SCE_CEN,353,0.7394527660765943
CA_SCE_CEN,354,0.7872664298583766
CA_SCE_CEN,355,0.6453667857686705
CA_SCE_CEN,356,0.6690695248528143
CA_SCE_CEN,357,0.7013090622670043
CA_SCE_CEN,358,0.34880704796911227
CA_SCE_CEN,359,0.32096478958954
CA_SCE_CEN,360,0.6906698976111239
CA_SCE_CEN,361,0.6979083190731746
CA_SCE_CEN,362,0.8099356196157358
CA_SCE_CEN,363,0.5146089466402933
CA_SCE_CEN,364,0.6177818459015502
CA_SCE_CEN,365,0.47991052721160327
CA_SCE_S,1,342.7978394331349
CA_SCE_S,2,523.6031311471278
CA_SCE_S,3,595.9275579993493
CA_SCE_S,4,618.92767092643
CA_SCE_S,5,537.3945081975228
CA_SCE_S,6,511.79718472241484
CA_SCE_S,7,386.5393002959457
CA_SCE_S,8,486.6669748015255
CA_SCE_S,9,589.1013480017707
CA_SCE_S,10,578.2441182508372
CA_SCE_S,11,620.0048626695059
CA_SCE_S,12,601.0676112335348
CA_SCE_S,13,415.2917505405605
CA_SCE_S,14,314.0381725187616
CA_SCE_S,15,387.6299733555603
CA_SCE_S,16,534.950731541114
CA_SCE_S,17,714.0640349682742
CA_SCE_S,18,655.720911550993
CA_SCE_S,19,523.7400081155586
CA_SCE_S,20,405.01729124006545
CA_SCE_S,21,380.78252763646634
CA_SCE_S,22,457.6737663079291
CA_SCE_S,23,678.4163953015717
CA_SCE_S,24,718.6912561931499
CA_SCE_S,25,709.9854566844565
CA_SCE_S,26,617.1695684132669
CA_SCE_S,27,488.27703052898096
CA_SCE_S,28,410.02991359862915
CA_SCE_S,29,495.50068575047936
CA_SCE_S,30,574.7533900538579
CA_SCE_S,31,651.3535341587624
CA_SCE_S,32,474.1648239719805
CA_SCE_S,33,502.21997694139884
CA_SCE_S,34,447.97785247703644
CA_SCE_S,35,293.2215797500893
CA_SCE_S,36,385.01992078535073
CA_SCE_S,37,436.2973100496157
CA_SCE_S,38,504.0760975650212
CA_SCE_S,39,566.8258661382772
CA_SCE_S,40,543.5135704560337
CA_SCE_S,41,479.90741159755
CA_SCE_S,42,364.238770076041
CA_SCE_S,43,495.951007833083
CA_SCE_S,44,495.06670169506833
CA_SCE_S,45,535.9849758691162
CA_SCE_S,46,571.2967078372533
CA_SCE_S,47,567.3108050047924
CA_SCE_S,48,550.0589606899149
CA_SCE_S,49,333.9891777432856
CA_SCE_S,50,603.0222421630397
CA_SCE_S,51,467.61531983880286
CA_SCE_S,52,579.7798580541914
CA_SCE_S,53,552.7576914084048
CA_SCE_S,54,532.154478978964
CA_SCE_S,55,436.02646390623147
CA_SCE_S,56,388.34946466775904
CA_SCE_S,57,468.22154121718967
CA_SCE_S,58,542.1144310829394
CA_SCE_S,59,582.5104086776782
CA_SCE_S,60,468.8719911896287
CA_SCE_S,61,356.10950550347405
CA_SCE_S,62,353.59587744906133
CA_SCE_S,63,448.86995668868985
CA_SCE_S,64,520.8980894499064
CA_SCE_S,65,556.8637851506876
CA_SCE_S,66,621.1109461573892
CA_SCE_S,67,598.4883976374017
CA_SCE_S,68,415.42640797866295
CA_SCE_S,69,400.42655773175557
CA_SCE_S,70,451.9647950151258
CA_SCE_S,71,688.11180994474
CA_SCE_S,72,600.3884396447644
CA_SCE_S,73,511.6436198651172
CA_SCE_S,74,544.3734633396688
CA_SCE_S,75,470.5569774983041
CA_SCE_S,76,387.6782869826086
CA_SCE_S,77,464.84483377459003
CA_SCE_S,78,530.7039811190748
CA_SCE_S,79,553.3957753276761
CA_SCE_S,80,622.3967074813191
CA_SCE_S,81,545.5239308862821
CA_SCE_S,82,460.81038510484575
CA_SCE_S,83,409.0357413193169
CA_SCE_S,84,470.2126737933097
CA_SCE_S,85,488.5242967119793
CA_SCE_S,86,698.5909941298327
CA_SCE_S,87,639.4744861646172
CA_SCE_S,88,651.0012695521737
CA_SCE_S,89,330.9408055382832
CA_SCE_S,90,312.59737720339774
CA_SCE_S,91,419.71188572714277
CA_SCE_S,92,427.80760914369773
CA_SCE_S,93,458.72035778986947
CA_SCE_S,94,522.2511678466947
CA_SCE_S,95,483.44102275900207
CA_SCE_S,96,328.715160050321
CA_SCE_S,97,401.7679258835715
CA_SCE_S,98,406.2624520430111
CA_SCE_S,99,428.557867084618
CA_SCE_S,100,461.9825377909512
CA_SCE_S,101,545.4116979733308
CA_SCE_S,102,527.8826600217989
CA_SCE_S,103,298.43214617549467
CA_SCE_S,104,399.7828965001051
CA_SCE_S,105,447.6170921150177
CA_SCE_S,106,438.40284598126135
CA_SCE_S,107,454.4203623082527
CA_SCE_S,108,570.5695560883385
CA_SCE_S,109,503.90033776210737
CA_SCE_S,110,290.17711979011364
CA_SCE_S,111,405.2672737761505
CA_SCE_S,112,459.68734144895313
CA_SCE_S,113,444.7443623384341
CA_SCE_S,114,463.77363960117515
CA_SCE_S,115,573.7473018952629
CA_SCE_S,116,526.4766296031969
CA_SCE_S,117,302.31407616671004
CA_SCE_S,118,393.1820463164388
CA_SCE_S,119,444.35073371474806
CA_SCE_S,120,426.70599580353564
CA_SCE_S,121,578.9712551770416
CA_SCE_S,122,553.2381824301469
CA_SCE_S,123,536.2332796844444
CA_SCE_S,124,423.47641202625425
CA_SCE_S,125,333.9893156053404
CA_SCE_S,126,430.7325894110414
CA_SCE_S,127,428.0384932567274
CA_SCE_S,128,592.0603662609063
CA_SCE_S,129,649.712559012891
CA_SCE_S,130,543.5656944544153
CA_SCE_S,131,398.12983728111095
CA_SCE_S,132,374.6669890799012
CA_SCE_S,133,537.8675149950832
CA_SCE_S,134,522.0368276388541
CA_SCE_S,135,539.0462421562148
CA_SCE_S,136,640.7310540547268
CA_SCE_S,137,575.6222942168217
CA_SCE_S,138,667.1212154437395
CA_SCE_S,139,370.14424856041956
CA_SCE_S,140,531.9365150412168
CA_SCE_S,141,499.27720969266613
CA_SCE_S,142,544.3663327596635
CA_SCE_S,143,683.064703080888
CA_SCE_S,144,631.8008871160647
CA_SCE_S,145,680.817146471716
CA_SCE_S,146,254.32759959064856
CA_SCE_S,147,456.2676563717274
CA_SCE_S,148,560.5111501606792
CA_SCE_S,149,518.0855217215419
CA_SCE_S,150,571.7822905713039
CA_SCE_S,151,514.1748914652638
CA_SCE_S,152,271.67092974813215
CA_SCE_S,153,386.233376278074
CA_SCE_S,154,375.8305542452845
CA_SCE_S,155,418.98169035148305
CA_SCE_S,156,450.0732182637323
CA_SCE_S,157,539.0332580330409
CA_SCE_S,158,452.15082957169165
CA_SCE_S,159,297.4753876531646
CA_SCE_S,160,390.76184505299375
CA_SCE_S,161,399.7931132308687
CA_SCE_S,162,439.9804065239683
CA_SCE_S,163,449.2043245389656
CA_SCE_S,164,491.94082710719
CA_SCE_S,165,474.4475792690762
CA_SCE_S,166,333.21394013408064
CA_SCE_S,167,378.0385979235273
CA_SCE_S,168,421.23219579058673
CA_SCE_S,169,412.9919452876587
CA_SCE_S,170,445.06306934889983
CA_SCE_S,171,515.0995581702107
CA_SCE_S,172,448.77313887843184
CA_SCE_S,173,293.79339164460737
CA_SCE_S,174,367.0838003106354
CA_SCE_S,175,400.7619945456901
CA_SCE_S,176,436.7863166948565
CA_SCE_S,177,446.0793411438982
CA_SCE_S,178,515.948246823245
CA_SCE_S,179,481.4215241725915
CA_SCE_S,180,316.0700777845179
CA_SCE_S,181,360.20078256809256
CA_SCE_S,182,369.86932095939585
CA_SCE_S,183,455.1894666975593
CA_SCE_S,184,459.9221330870563
CA_SCE_S,185,243.98268382774813
CA_SCE_S,186,325.53286741665346
CA_SCE_S,187,302.74991569404483
CA_SCE_S,188,402.3833616176762
CA_SCE_S,189,403.67949370681066
CA_SCE_S,190,437.0176876748763
CA_SCE_S,191,447.92803529219157
CA_SCE_S,192,516.9262006588444
CA_SCE_S,193,463.1361920444067
CA_SCE_S,194,308.30229320383
CA_SCE_S,195,396.12087879396904
CA_SCE_S,196,420.6125061194316
CA_SCE_S,197,433.6387329723688
CA_SCE_S,198,466.8564073095879
CA_SCE_S,199,550.961095395818
CA_SCE_S,200,477.3783789409499
CA_SCE_S,201,305.49032341320935
CA_SCE_S,202,408.5544525604587
CA_SCE_S,203,405.4078251092239
CA_SCE_S,204,436.7088691788981
CA_SCE_S,205,460.49222122243793
CA_SCE_S,206,509.4733008910782
CA_SCE_S,207,490.0012854202531
CA_SCE_S,208,324.72536592673066
CA_SCE_S,209,382.49652655332255
CA_SCE_S,210,404.89038243104477
CA_SCE_S,211,455.48812265927853
CA_SCE_S,212,465.0371650320155
CA_SCE_S,213,539.2864767074282
CA_SCE_S,214,499.7728465743204
CA_SCE_S,215,334.6445668837597
CA_SCE_S,216,410.0574379630509
CA_SCE_S,217,412.1283442571747
CA_SCE_S,218,455.580965450923
CA_SCE_S,219,491.19519816673926
CA_SCE_S,220,578.3732014275699
CA_SCE_S,221,511.90978472183195
CA_SCE_S,222,332.1939264145518
CA_SCE_S,223,421.04251777463446
CA_SCE_S,224,429.47790283350434
CA_SCE_S,225,462.2504289188379
CA_SCE_S,226,486.88990012485533
CA_SCE_S,227,566.4399649060049
CA_SCE_S,228,517.7808462013872
CA_SCE_S,229,332.59478125113526
CA_SCE_S,230,429.12931460931304
CA_SCE_S,231,434.046710147883
CA_SCE_S,232,454.2280803492814
CA_SCE_S,233,496.70665549530116
CA_SCE_S,234,561.1347207492531
CA_SCE_S,235,508.61904018931733
CA_SCE_S,236,296.96924925928863
CA_SCE_S,237,417.08231045789745
CA_SCE_S,238,406.8087037328612
CA_SCE_S,239,466.01249295803075
CA_SCE_S,240,494.03607087046976
CA_SCE_S,241,568.0309167728228
CA_SCE_S,242,524.7467592926752
CA_SCE_S,243,303.6318603157007
CA_SCE_S,244,291.61196790040606
CA_SCE_S,245,412.3878731673299
CA_SCE_S,246,374.8329735906379
CA_SCE_S,247,503.5055833595569
CA_SCE_S,248,581.0274091500307
CA_SCE_S,249,517.2189895289214
CA_SCE_S,250,326.67825479772813
CA_SCE_S,251,403.09328356760454
CA_SCE_S,252,443.6344888142904
CA_SCE_S,253,526.9449491133162
CA_SCE_S,254,511.4273201415067
CA_SCE_S,255,606.1489133196119
CA_SCE_S,256,525.3975612940776
CA_SCE_S,257,329.0057595298108
CA_SCE_S,258,414.19455039463264
CA_SCE_S,259,443.4109782048706
CA_SCE_S,260,532.061504013424
CA_SCE_S,261,525.908141750786
CA_SCE_S,262,589.3686391172541
CA_SCE_S,263,529.7164618501132
CA_SCE_S,264,345.8466052023594
CA_SCE_S,265,436.02558996331123
CA_SCE_S,266,452.75662908523077
CA_SCE_S,267,494.655749923273
CA_SCE_S,268,514.4052190458802
CA_SCE_S,269,583.7213640834276
CA_SCE_S,270,547.2167045884559
CA_SCE_S,271,331.5880126244131
CA_SCE_S,272,424.6724210868267
CA_SCE_S,273,442.0454080275513
CA_SCE_S,274,463.2148261875319
CA_SCE_S,275,480.20928357169703
CA_SCE_S,276,596.1448359337714
CA_SCE_S,277,497.15541634107
CA_SCE_S,278,324.49548908594625
CA_SCE_S,279,416.2283819286216
CA_SCE_S,280,444.78439616719976
CA_SCE_S,281,510.117419266978
CA_SCE_S,282,518.7392790623303
CA_SCE_S,283,599.7968047338593
CA_SCE_S,284,545.0341282567007
CA_SCE_S,285,340.2860826600633
CA_SCE_S,286,414.5798358204488
CA_SCE_S,287,442.00134829908586
CA_SCE_S,288,509.96093110075407
CA_SCE_S,289,521.3358907157412
CA_SCE_S,290,608.68722504138
CA_SCE_S,291,530.9891811714687
CA_SCE_S,292,341.59754100682665
CA_SCE_S,293,418.52339637374394
CA_SCE_S,294,440.0146122651778
CA_SCE_S,295,485.1110956454276
CA_SCE_S,296,495.3527763268638
CA_SCE_S,297,582.676029464997
CA_SCE_S,298,594.4330941254054
CA_SCE_S,299,315.6602153114869
CA_SCE_S,300,446.10476580751106
CA_SCE_S,301,416.71495651151065
CA_SCE_S,302,488.21603918271086
CA_SCE_S,303,501.92406878777723
CA_SCE_S,304,480.4796044440926
CA_SCE_S,305,537.0564950887195
CA_SCE_S,306,339.92162793641717
CA_SCE_S,307,424.92675968360817
CA_SCE_S,308,400.91863090478125
CA_SCE_S,309,452.5484173308529
CA_SCE_S,310,493.855325362997
CA_SCE_S,311,598.8506579667563
CA_SCE_S,312,530.826419886068
CA_SCE_S,313,314.98266435124805
CA_SCE_S,314,425.74154478156674
CA_SCE_S,315,442.86081817022534
CA_SCE_S,316,472.8893677400363
CA_SCE_S,317,541.3593437600854
CA_SCE_S,318,607.8480024142627
CA_SCE_S,319,543.7522449505079
CA_SCE_S,320,336.3574634448931
CA_SCE_S,321,447.18892545179955
CA_SCE_S,322,448.03819751107255
CA_SCE_S,323,516.6484682394936
CA_SCE_S,324,521.3130729848134
CA_SCE_S,325,601.5780527279817
CA_SCE_S,326,560.8988605704346
CA_SCE_S,327,421.79838684599633
CA_SCE_S,328,436.3760572556241
CA_SCE_S,329,455.76350727355725
CA_SCE_S,330,659.3405034504322
CA_SCE_S,331,619.0406107117007
CA_SCE_S,332,225.49640684173846
CA_SCE_S,333,407.1817587009856
CA_SCE_S,334,419.9523249989373
CA_SCE_S,335,581.5025875092222
CA_SCE_S,336,576.7628868542322
CA_SCE_S,337,695.8357973872696
CA_SCE_S,338,719.6175878839572
CA_SCE_S,339,804.1792988315428
CA_SCE_S,340,744.5846485179516
CA_SCE_S,341,400.0729483005547
CA_SCE_S,342,505.7384912235482
CA_SCE_S,343,504.0361715006627
CA_SCE_S,344,685.3872116877789
CA_SCE_S,345,700.9678503767013
CA_SCE_S,346,796.7287725643041
CA_SCE_S,347,720.8929003283783
CA_SCE_S,348,375.2049994835159
CA_SCE_S,349,557.0631514945474
CA_SCE_S,350,504.2556574429111
CA_SCE_S,351,717.8227928248061
CA_SCE_S,352,787.7751238916419
CA_SCE_S,353,816.1893458307095
CA_SCE_S,354,862.415509324087
CA_SCE_S,355,575.9767720356427
CA_SCE_S,356,543.9296685427904
CA_SCE_S,357,571.5064449715352
CA_SCE_S,358,494.4651558369078
CA_SCE_S,359,256.4774714173512
CA_SCE_S,360,591.7456712613639
CA_SCE_S,361,695.3919396065376
CA_SCE_S,362,454.8460339888046
CA_SCE_S,363,484.33138789694385
CA_SCE_S,364,520.0151335616561
CA_SCE_S,365,515.4041302766276
CA_SCE_SE,1,0.0
CA_SCE_SE,2,0.0
CA_SCE_SE,3,0.0
CA_SCE_SE,4,0.0
CA_SCE_SE,5,0.0
CA_SCE_SE,6,0.0
CA_SCE_SE,7,0.0
CA_SCE_SE,8,0.0
CA_SCE_SE,9,0.0
CA_SCE_SE,10,0.0
CA_SCE_SE,11,0.0
CA_SCE_SE,12,0.0
CA_SCE_SE,13,0.0
CA_SCE_SE,14,0.0
CA_SCE_SE,15,0.0
CA_SCE_SE,16,0.0
CA_SCE_SE,17,0.0
CA_SCE_SE,18,0.0
CA_SCE_SE,19,0.0
CA_SCE_SE,20,0.0
CA_SCE_SE,21,0.0
CA_SCE_SE,22,0.0
CA_SCE_SE,23,0.0
CA_SCE_SE,24,0.0
CA_SCE_SE,25,0.0
CA_SCE_SE,26,0.0
CA_SCE_SE,27,0.0
CA_SCE_SE,28,0.0
CA_SCE_SE,29,0.0
CA_SCE_SE,30,0.0
CA_SCE_SE,31,0.0
CA_SCE_SE,32,0.0
CA_SCE_SE,33,0.0
CA_SCE_SE,34,0.0
CA_SCE_SE,35,0.0
CA_SCE_SE,36,0.0
CA_SCE_SE,37,0.0
CA_SCE_SE,38,0.0
CA_SCE_SE,39,0.0
CA_SCE_SE,40,0.0
CA_SCE_SE,41,0.0
CA_SCE_SE,42,0.0
CA_SCE_SE,43,0.0
CA_SCE_SE,44,0.0
CA_SCE_SE,45,0.0
CA_SCE_SE,46,0.0
CA_SCE_SE,47,0.0
CA_SCE_SE,48,0.0
CA_SCE_SE,49,0.0
CA_SCE_SE,50,0.0
CA_SCE_SE,51,0.0
CA_SCE_SE,52,0.0
CA_SCE_SE,53,0.0
CA_SCE_SE,54,0.0
CA_SCE_SE,55,0.0
CA_SCE_SE,56,0.0
CA_SCE_SE,57,0.0
CA_SCE_SE,58,0.0
CA_SCE_SE,59,0.0
CA_SCE_SE,60,0.0
CA_SCE_SE,61,0.0
CA_SCE_SE,62,0.0
CA_SCE_SE,63,0.0
CA_SCE_SE,64,0.0
CA_SCE_SE,65,0.0
CA_SCE_SE,66,0.0
CA_SCE_SE,67,0.0
CA_SCE_SE,68,0.0
CA_SCE_SE,69,0.0
CA_SCE_SE,70,0.0
CA_SCE_SE,71,0.0
CA_SCE_SE,72,0.0
CA_SCE_SE,73,0.0
CA_SCE_SE,74,0.0
CA_SCE_SE,75,0.0
CA_SCE_SE,76,0.0
CA_SCE_SE,77,0.0
CA_SCE_SE,78,0.0
CA_SCE_SE,79,0.0
CA_SCE_SE,80,0.0
CA_SCE_SE,81,0.0
CA_SCE_SE,82,0.0
CA_SCE_SE,83,0.0
CA_SCE_SE,84,0.0
CA_SCE_SE,85,0.0
CA_SCE_SE,86,0.0
CA_SCE_SE,87,0.0
CA_SCE_SE,88,0.0
CA_SCE_SE,89,0.0
CA_SCE_SE,90,0.0
CA_SCE_SE,91,0.0
CA_SCE_SE,92,0.0
CA_SCE_SE,93,0.0
CA_SCE_SE,94,0.0
CA_SCE_SE,95,0.0
CA_SCE_SE,96,0.0
CA_SCE_SE,97,0.0
CA_SCE_SE,98,0.0
CA_SCE_SE,99,0.0
CA_SCE_SE,100,0.0
CA_SCE_SE,101,0.0
CA_SCE_SE,102,0.0
CA_SCE_SE,103,0.0
CA_SCE_SE,104,0.0
CA_SCE_SE,105,0.0
CA_SCE_SE,106,0.0
CA_SCE_SE,107,0.0
CA_SCE_SE,108,0.0
CA_SCE_SE,109,0.0
CA_SCE_SE,110,0.0
CA_SCE_SE,111,0.0
CA_SCE_SE,112,0.0
CA_SCE_SE,113,0.0
CA_SCE_SE,114,0.0
CA_SCE_SE,115,0.0
CA_SCE_SE,116,0.0
CA_SCE_SE,117,0.0
CA_SCE_SE,118,0.0
CA_SCE_SE,119,0.0
CA_SCE_SE,120,0.0
CA_SCE_SE,121,0.0
CA_SCE_SE,122,0.0
CA_SCE_SE,123,0.0
CA_SCE_SE,124,0.0
CA_SCE_SE,125,0.0
CA_SCE_SE,126,0.0
CA_SCE_SE,127,0.0
CA_SCE_SE,128,0.0
CA_SCE_SE,129,0.0
CA_SCE_SE,130,0.0
CA_SCE_SE,131,0.0
CA_SCE_SE,132,0.0
CA_SCE_SE,133,0.0
CA_SCE_SE,134,0.0
CA_SCE_SE,135,0.0
CA_SCE_SE,136,0.0
CA_SCE_SE,137,0.0
CA_SCE_SE,138,0.0
CA_SCE_SE,139,0.0
CA_SCE_SE,140,0.0
CA_SCE_SE,141,0.0
CA_SCE_SE,142,0.0
CA_SCE_SE,143,0.0
CA_SCE_SE,144,0.0
CA_SCE_SE,145,0.0
CA_SCE_SE,146,0.0
CA_SCE_SE,147,0.0
CA_SCE_SE,148,0.0
CA_SCE_SE,149,0.0
CA_SCE_SE,150,0.0
CA_SCE_SE,151,0.0
CA_SCE_SE,152,0.0
CA_SCE_SE,153,0.0
CA_SCE_SE,154,0.0
CA_SCE_SE,155,0.0
CA_SCE_SE,156,0.0
CA_SCE_SE,157,0.0
CA_SCE_SE,158,0.0
CA_SCE_SE,159,0.0
CA_SCE_SE,160,0.0
CA_SCE_SE,161,0.0
CA_SCE_SE,162,0.0
CA_SCE_SE,163,0.0
CA_SCE_SE,164,0.0
CA_SCE_SE,165,0.0
CA_SCE_SE,166,0.0
CA_SCE_SE,167,0.0
CA_SCE_SE,168,0.0
CA_SCE_SE,169,0.0
CA_SCE_SE,170,0.0
CA_SCE_SE,171,0.0
CA_SCE_SE,172,0.0
CA_SCE_SE,173,0.0
CA_SCE_SE,174,0.0
CA_SCE_SE,175,0.0
CA_SCE_SE,176,0.0
CA_SCE_SE,177,0.0
CA_SCE_SE,178,0.0
CA_SCE_SE,179,0.0
CA_SCE_SE,180,0.0
CA_SCE_SE,181,0.0
CA_SCE_SE,182,0.0
CA_SCE_SE,183,0.0
CA_SCE_SE,184,0.0
CA_SCE_SE,185,0.0
CA_SCE_SE,186,0.0
CA_SCE_SE,187,0.0
CA_SCE_SE,188,0.0
CA_SCE_SE,189,0.0
CA_SCE_SE,190,0.0
CA_SCE_SE,191,0.0
CA_SCE_SE,192,0.0
CA_SCE_SE,193,0.0
CA_SCE_SE,194,0.0
CA_SCE_SE,195,0.0
CA_SCE_SE,196,0.0
CA_SCE_SE,197,0.0
CA_SCE_SE,198,0.0
CA_SCE_SE,199,0.0
CA_SCE_SE,200,0.0
CA_SCE_SE,201,0.0
CA_SCE_SE,202,0.0
CA_SCE_SE,203,0.0
CA_SCE_SE,204,0.0
CA_SCE_SE,205,0.0
CA_SCE_SE,206,0.0
CA_SCE_SE,207,0.0
CA_SCE_SE,208,0.0
CA_SCE_SE,209,0.0
CA_SCE_SE,210,0.0
CA_SCE_SE,211,0.0
CA_SCE_SE,212,0.0
CA_SCE_SE,213,0.0
CA_SCE_SE,214,0.0
CA_SCE_SE,215,0.0
CA_SCE_SE,216,0.0
CA_SCE_SE,217,0.0
CA_SCE_SE,218,0.0
CA_SCE_SE,219,0.0
CA_SCE_SE,220,0.0
CA_SCE_SE,221,0.0
CA_SCE_SE,222,0.0
CA_SCE_SE,223,0.0
CA_SCE_SE,224,0.0
CA_SCE_SE,225,0.0
CA_SCE_SE,226,0.0
CA_SCE_SE,227,0.0
CA_SCE_SE,228,0.0
CA_SCE_SE,229,0.0
CA_SCE_SE,230,0.0
CA_SCE_SE,231,0.0
CA_SCE_SE,232,0.0
CA_SCE_SE,233,0.0
CA_SCE_SE,234,0.0
CA_SCE_SE,235,0.0
CA_SCE_SE,236,0.0
CA_SCE_SE,237,0.0
CA_SCE_SE,238,0.0
CA_SCE_SE,239,0.0
CA_SCE_SE,240,0.0
CA_SCE_SE,241,0.0
CA_SCE_SE,242,0.0
CA_SCE_SE,243,0.0
CA_SCE_SE,244,0.0
CA_SCE_SE,245,0.0
CA_SCE_SE,246,0.0
CA_SCE_SE,247,0.0
CA_SCE_SE,248,0.0
CA_SCE_SE,249,0.0
CA_SCE_SE,250,0.0
CA_SCE_SE,251,0.0
CA_SCE_SE,252,0.0
CA_SCE_SE,253,0.0
CA_SCE_SE,254,0.0
CA_SCE_SE,255,0.0
CA_SCE_SE,256,0.0
CA_SCE_SE,257,0.0
CA_SCE_SE,258,0.0
CA_SCE_SE,259,0.0
CA_SCE_SE,260,0.0
CA_SCE_SE,261,0.0
CA_SCE_SE,262,0.0
CA_SCE_SE,263,0.0
CA_SCE_SE,264,0.0
CA_SCE_SE,265,0.0
CA_SCE_SE,266,0.0
CA_SCE_SE,267,0.0
CA_SCE_SE,268,0.0
CA_SCE_SE,269,0.0
CA_SCE_SE,270,0.0
CA_SCE_SE,271,0.0
CA_SCE_SE,272,0.0
CA_SCE_SE,273,0.0
CA_SCE_SE,274,0.0
CA_SCE_SE,275,0.0
CA_SCE_SE,276,0.0
CA_SCE_SE,277,0.0
CA_SCE_SE,278,0.0
CA_SCE_SE,279,0.0
CA_SCE_SE,280,0.0
CA_SCE_SE,281,0.0
CA_SCE_SE,282,0.0
CA_SCE_SE,283,0.0
CA_SCE_SE,284,0.0
CA_SCE_SE,285,0.0
CA_SCE_SE,286,0.0
CA_SCE_SE,287,0.0
CA_SCE_SE,288,0.0
CA_SCE_SE,289,0.0
CA_SCE_SE,290,0.0
CA_SCE_SE,291,0.0
CA_SCE_SE,292,0.0
CA_SCE_SE,293,0.0
CA_SCE_SE,294,0.0
CA_SCE_SE,295,0.0
CA_SCE_SE,296,0.0
CA_SCE_SE,297,0.0
CA_SCE_SE,298,0.0
CA_SCE_SE,299,0.0
CA_SCE_SE,300,0.0
CA_SCE_SE,301,0.0
CA_SCE_SE,302,0.0
CA_SCE_SE,303,0.0
CA_SCE_SE,304,0.0
CA_SCE_SE,305,0.0
CA_SCE_SE,306,0.0
CA_SCE_SE,307,0.0
CA_SCE_SE,308,0.0
CA_SCE_SE,309,0.0
CA_SCE_SE,310,0.0
CA_SCE_SE,311,0.0
CA_SCE_SE,312,0.0
CA_SCE_SE,313,0.0
CA_SCE_SE,314,0.0
CA_SCE_SE,315,0.0
CA_SCE_SE,316,0.0
CA_SCE_SE,317,0.0
CA_SCE_SE,318,0.0
CA_SCE_SE,319,0.0
CA_SCE_SE,320,0.0
CA_SCE_SE,321,0.0
CA_SCE_SE,322,0.0
CA_SCE_SE,323,0.0
CA_SCE_SE,324,0.0
CA_SCE_SE,325,0.0
CA_SCE_SE,326,0.0
CA_SCE_SE,327,0.0
CA_SCE_SE,328,0.0
CA_SCE_SE,329,0.0
CA_SCE_SE,330,0.0
CA_SCE_SE,331,0.0
CA_SCE_SE,332,0.0
CA_SCE_SE,333,0.0
CA_SCE_SE,334,0.0
CA_SCE_SE,335,0.0
CA_SCE_SE,336,0.0
CA_SCE_SE,337,0.0
CA_SCE_SE,338,0.0
CA_SCE_SE,339,0.0
CA_SCE_SE,340,0.0
CA_SCE_SE,341,0.0
CA_SCE_SE,342,0.0
CA_SCE_SE,343,0.0
CA_SCE_SE,344,0.0
CA_SCE_SE,345,0.0
CA_SCE_SE,346,0.0
CA_SCE_SE,347,0.0
CA_SCE_SE,348,0.0
CA_SCE_SE,349,0.0
CA_SCE_SE,350,0.0
CA_SCE_SE,351,0.0
CA_SCE_SE,352,0.0
CA_SCE_SE,353,0.0
CA_SCE_SE,354,0.0
CA_SCE_SE,355,0.0
CA_SCE_SE,356,0.0
CA_SCE_SE,357,0.0
CA_SCE_SE,358,0.0
CA_SCE_SE,359,0.0
CA_SCE_SE,360,0.0
CA_SCE_SE,361,0.0
CA_SCE_SE,362,0.0
CA_SCE_SE,363,0.0
CA_SCE_SE,364,0.0
CA_SCE_SE,365,0.0
CA_SCE_VLY,1,8.943507048187341e-06
CA_SCE_VLY,2,2.711200560552696e-05
CA_SCE_VLY,3,4.264068402709377e-05
CA_SCE_VLY,4,3.083716924931902e-05
CA_SCE_VLY,5,2.1297680883275515e-05
CA_SCE_VLY,6,5.4053683108284325e-06
CA_SCE_VLY,7,2.0414350337150384e-05
CA_SCE_VLY,8,1.8405914317900767e-05
CA_SCE_VLY,9,3.8267692704756204e-05
CA_SCE_VLY,10,3.870161500047316e-05
CA_SCE_VLY,11,2.7291622166108722e-05
CA_SCE_VLY,12,2.8999973953312627e-05
CA_SCE_VLY,13,0.0
CA_SCE_VLY,14,5.707340299522122e-06
CA_SCE_VLY,15,3.74076317419215e-05
CA_SCE_VLY,16,2.231557310789399e-05
CA_SCE_VLY,17,4.145936146211741e-05
CA_SCE_VLY,18,3.312326447679718e-05
CA_SCE_VLY,19,2.5823197414323966e-05
CA_SCE_VLY,20,1.9906972686059717e-05
CA_SCE_VLY,21,2.70746936448732e-05
CA_SCE_VLY,22,1.4466985280602003e-05
CA_SCE_VLY,23,3.619520783480769e-05
CA_SCE_VLY,24,7.142054209250574e-05
CA_SCE_VLY,25,3.7549606281805334e-05
CA_SCE_VLY,26,1.635627897723157e-05
CA_SCE_VLY,27,1.378237652783266e-05
CA_SCE_VLY,28,2.8310984202433126e-05
CA_SCE_VLY,29,2.608887266027996e-05
CA_SCE_VLY,30,2.5662236225763064e-05
CA_SCE_VLY,31,5.473831076960172e-05
CA_SCE_VLY,32,5.489922405513745e-05
CA_SCE_VLY,33,3.194547040843546e-05
CA_SCE_VLY,34,1.4188716576360536e-05
CA_SCE_VLY,35,1.7393629231786543e-05
CA_SCE_VLY,36,1.8164831186761777e-05
CA_SCE_VLY,37,4.165121334865429e-05
CA_SCE_VLY,38,3.924908162584431e-05
CA_SCE_VLY,39,4.8427289804764146e-05
CA_SCE_VLY,40,4.365549976273683e-05
CA_SCE_VLY,41,6.739212759241681e-06
CA_SCE_VLY,42,3.4975240395887942e-06
CA_SCE_VLY,43,2.7999964411159535e-05
CA_SCE_VLY,44,5.940496482552527e-05
CA_SCE_VLY,45,7.018256696150854e-05
CA_SCE_VLY,46,6.260012261640961e-05
CA_SCE_VLY,47,3.680185346924373e-05
CA_SCE_VLY,48,7.018316572681631e-06
CA_SCE_VLY,49,1.077712309643149e-05
CA_SCE_VLY,50,3.352858876265637e-05
CA_SCE_VLY,51,6.716514541557948e-05
CA_SCE_VLY,52,2.8689063602777758e-05
CA_SCE_VLY,53,3.6386342208169035e-05
CA_SCE_VLY,54,2.3984583048906633e-05
CA_SCE_VLY,55,3.4298736175999334e-06
CA_SCE_VLY,56,7.4876729143517805e-06
CA_SCE_VLY,57,3.0467866411794256e-05
CA_SCE_VLY,58,2.3852124496208876e-05
CA_SCE_VLY,59,4.423190461511352e-05
CA_SCE_VLY,60,2.0380955160658505e-05
CA_SCE_VLY,61,6.986426927870168e-06
CA_SCE_VLY,62,1.3516652924571938e-05
CA_SCE_VLY,63,2.8426153026888594e-05
CA_SCE_VLY,64,3.5143025445229554e-05
CA_SCE_VLY,65,4.434846092024795e-05
CA_SCE_VLY,66,3.296573455211035e-05
CA_SCE_VLY,67,3.751635089066994e-05
CA_SCE_VLY,68,7.51462042439412e-06
CA_SCE_VLY,69,1.1185226903852916e-05
CA_SCE_VLY,70,2.2574872644461972e-05
CA_SCE_VLY,71,3.411989295534677e-05
CA_SCE_VLY,72,3.1960050743460024e-05
CA_SCE_VLY,73,3.473445011805412e-05
CA_SCE_VLY,74,1.7357776449685034e-05
CA_SCE_VLY,75,2.450977942524813e-06
CA_SCE_VLY,76,1.1106014783302758e-05
CA_SCE_VLY,77,2.290712349107177e-05
CA_SCE_VLY,78,3.1953044858887455e-05
CA_SCE_VLY,79,2.0439734894898237e-05
CA_SCE_VLY,80,3.2910390222109605e-05
CA_SCE_VLY,81,2.4037903950876656e-05
CA_SCE_VLY,82,2.0456948797130633e-05
CA_SCE_VLY,83,2.204659852755305e-05
CA_SCE_VLY,84,3.0752245613947705e-05
CA_SCE_VLY,85,3.923910183058347e-05
CA_SCE_VLY,86,2.989214413049054e-05
CA_SCE_VLY,87,4.783086631340901e-05
CA_SCE_VLY,88,2.8873976722014624e-05
CA_SCE_VLY,89,2.4460037640644575e-05
CA_SCE_VLY,90,1.4967181653103737e-05
CA_SCE_VLY,91,4.153511292298685e-05
CA_SCE_VLY,92,4.863773694214237e-05
CA_SCE_VLY,93,7.562971344497349e-05
CA_SCE_VLY,94,9.959159373091354e-05
CA_SCE_VLY,95,5.000998113090274e-05
CA_SCE_VLY,96,2.230013248493905e-05
CA_SCE_VLY,97,2.9858589491269842e-05
CA_SCE_VLY,98,5.8782784986842544e-05
CA_SCE_VLY,99,6.043097010475847e-05
CA_SCE_VLY,100,7.36788054888696e-05
CA_SCE_VLY,101,6.498313758939335e-05
CA_SCE_VLY,102,7.148187038105506e-05
CA_SCE_VLY,103,2.6765490275790325e-05
CA_SCE_VLY,104,5.9465204809165627e-05
CA_SCE_VLY,105,5.6541757289714816e-05
CA_SCE_VLY,106,7.912016246283148e-05
CA_SCE_VLY,107,6.833745085348919e-05
CA_SCE_VLY,108,7.291064399602187e-05
CA_SCE_VLY,109,5.008640545338622e-05
CA_SCE_VLY,110,5.742034057602318e-06
CA_SCE_VLY,111,1.2152980930539865e-05
CA_SCE_VLY,112,4.2801183834639256e-05
CA_SCE_VLY,113,7.503460192700833e-05
CA_SCE_VLY,114,8.840465871809879e-05
CA_SCE_VLY,115,6.651510369885884e-05
CA_SCE_VLY,116,7.866646885432618e-05
CA_SCE_VLY,117,1.5669684324892968e-05
CA_SCE_VLY,118,1.804343489110941e-05
CA_SCE_VLY,119,4.287628829022209e-05
CA_SCE_VLY,120,6.0594912821405265e-05
CA_SCE_VLY,121,2.5336225828693828e-05
CA_SCE_VLY,122,3.6948959752632754e-05
CA_SCE_VLY,123,2.7683197732860893e-05
CA_SCE_VLY,124,1.4810010829604282e-05
CA_SCE_VLY,125,1.3879836593479839e-05
CA_SCE_VLY,126,1.496922749279215e-05
CA_SCE_VLY,127,1.7514796454993566e-05
CA_SCE_VLY,128,2.0045699458642616e-05
CA_SCE_VLY,129,3.72037383806389e-05
CA_SCE_VLY,130,3.3698178809611826e-05
CA_SCE_VLY,131,6.52237561054083e-06
CA_SCE_VLY,132,7.050151034303727e-06
CA_SCE_VLY,133,1.9813775171164157e-05
CA_SCE_VLY,134,2.241910865017329e-05
CA_SCE_VLY,135,2.827346333069973e-05
CA_SCE_VLY,136,1.603101691545982e-05
CA_SCE_VLY,137,1.8269731116852526e-05
CA_SCE_VLY,138,6.5487850730877325e-06
CA_SCE_VLY,139,1.4479828690650712e-05
CA_SCE_VLY,140,1.4947694667986299e-05
CA_SCE_VLY,141,2.2846206177827142e-05
CA_SCE_VLY,142,2.2856654860790326e-05
CA_SCE_VLY,143,3.685509117710516e-05
CA_SCE_VLY,144,1.5431975665596595e-05
CA_SCE_VLY,145,6.3098093338044255e-06
CA_SCE_VLY,146,1.065568584061575e-05
CA_SCE_VLY,147,1.643066140790512e-05
CA_SCE_VLY,148,2.2090662762928143e-05
CA_SCE_VLY,149,2.689057184352305e-05
CA_SCE_VLY,150,3.8656554165281565e-05
CA_SCE_VLY,151,3.026474045850379e-05
CA_SCE_VLY,152,4.3722043552006334e-05
CA_SCE_VLY,153,0.0001424377710706595
CA_SCE_VLY,154,0.0001609463371786788
CA_SCE_VLY,155,0.0001488958916063467
CA_SCE_VLY,156,0.00016866689730455866
CA_SCE_VLY,157,0.00019642765240108327
CA_SCE_VLY,158,0.00013478958988641019
CA_SCE_VLY,159,5.921287328477332e-05
CA_SCE_VLY,160,8.231155202365279e-05
CA_SCE_VLY,161,0.000182066929805478
CA_SCE_VLY,162,0.0001019674695706153
CA_SCE_VLY,163,0.0002897948597852326
CA_SCE_VLY,164,0.00023023055509392167
CA_SCE_VLY,165,8.556467728984827e-05
CA_SCE_VLY,166,7.553772027351967e-05
CA_SCE_VLY,167,1.5790124745614886e-05
CA_SCE_VLY,168,8.450020779184922e-05
CA_SCE_VLY,169,0.00021333678867295957
CA_SCE_VLY,170,0.0001771188791754351
CA_SCE_VLY,171,0.00022513230086346686
CA_SCE_VLY,172,0.00011431242789465833
CA_SCE_VLY,173,0.0
CA_SCE_VLY,174,0.00012742708998992995
CA_SCE_VLY,175,0.00014647415962604096
CA_SCE_VLY,176,0.00018218735467873055
CA_SCE_VLY,177,0.00011655028963800522
CA_SCE_VLY,178,0.0001746570226902633
CA_SCE_VLY,179,0.00013481282435985902
CA_SCE_VLY,180,2.956870916744239e-05
CA_SCE_VLY,181,4.665152472893667e-05
CA_SCE_VLY,182,1.6068274587517457e-05
CA_SCE_VLY,183,2.250766246446922e-05
CA_SCE_VLY,184,3.8670378018903866e-05
CA_SCE_VLY,185,8.988207039595977e-06
CA_SCE_VLY,186,1.728925695513703e-05
CA_SCE_VLY,187,4.974177179656235e-06
CA_SCE_VLY,188,5.329269888899103e-06
CA_SCE_VLY,189,3.027570191810047e-05
CA_SCE_VLY,190,3.062897141274323e-05
CA_SCE_VLY,191,3.3704120734922746e-05
CA_SCE_VLY,192,2.005428541214097e-05
CA_SCE_VLY,193,2.538081276911076e-05
CA_SCE_VLY,194,1.4835366913533545e-05
CA_SCE_VLY,195,2.483552313373714e-05
CA_SCE_VLY,196,1.6660824534459027e-05
CA_SCE_VLY,197,3.308016083161437e-05
CA_SCE_VLY,198,2.5681959351987357e-05
CA_SCE_VLY,199,2.1264230249018973e-05
CA_SCE_VLY,200,2.3887079202555928e-05
CA_SCE_VLY,201,7.536237585898321e-06
CA_SCE_VLY,202,2.816213939728883e-06
CA_SCE_VLY,203,3.345497668925513e-05
CA_SCE_VLY,204,2.7272114978586282e-05
CA_SCE_VLY,205,3.0611937522622797e-05
CA_SCE_VLY,206,3.747493142840778e-05
CA_SCE_VLY,207,2.855852399713806e-05
CA_SCE_VLY,208,5.001306489319791e-06
CA_SCE_VLY,209,1.0714135554585692e-05
CA_SCE_VLY,210,1.3766451035546888e-05
CA_SCE_VLY,211,3.3489465933101506e-05
CA_SCE_VLY,212,3.123168001285773e-05
CA_SCE_VLY,213,2.9777148859166028e-05
CA_SCE_VLY,214,2.0255058914968602e-05
CA_SCE_VLY,215,5.041322697824914e-06
CA_SCE_VLY,216,1.1027131654469496e-05
CA_SCE_VLY,217,2.2645232878509737e-05
CA_SCE_VLY,218,1.6947488203154426e-05
CA_SCE_VLY,219,2.2992528454406146e-05
CA_SCE_VLY,220,3.0396943046932176e-05
CA_SCE_VLY,221,2.6494724098440934e-05
CA_SCE_VLY,222,5.079394520266162e-06
CA_SCE_VLY,223,5.538041685950386e-06
CA_SCE_VLY,224,1.4054392269913187e-05
CA_SCE_VLY,225,2.804224913052084e-05
CA_SCE_VLY,226,2.0390677053152532e-05
CA_SCE_VLY,227,2.448122397220905e-05
CA_SCE_VLY,228,1.7343186422133366e-05
CA_SCE_VLY,229,1.2873682509730827e-05
CA_SCE_VLY,230,1.7019303797940086e-05
CA_SCE_VLY,231,2.3097259758608116e-05
CA_SCE_VLY,232,2.8714268600784328e-05
CA_SCE_VLY,233,3.243014399743263e-05
CA_SCE_VLY,234,3.0627030229242974e-05
CA_SCE_VLY,235,3.186225232349741e-05
CA_SCE_VLY,236,1.2511501586422722e-05
CA_SCE_VLY,237,8.185403857265616e-06
CA_SCE_VLY,238,8.334163544030945e-06
CA_SCE_VLY,239,2.9101741472182777e-05
CA_SCE_VLY,240,2.05902474831205e-05
CA_SCE_VLY,241,4.8830624760506965e-05
CA_SCE_VLY,242,2.6740127168109672e-05
CA_SCE_VLY,243,7.556541034962266e-06
CA_SCE_VLY,244,2.4717292896265747e-05
CA_SCE_VLY,245,4.251564790331326e-05
CA_SCE_VLY,246,4.2494385390543605e-05
CA_SCE_VLY,247,4.424809197848131e-05
CA_SCE_VLY,248,4.081353114525275e-05
CA_SCE_VLY,249,2.4644145111346733e-05
CA_SCE_VLY,250,1.673828889420762e-05
CA_SCE_VLY,251,1.831874242463348e-05
CA_SCE_VLY,252,2.8897675793066633e-05
CA_SCE_VLY,253,4.033117098504242e-05
CA_SCE_VLY,254,3.513365237701791e-05
CA_SCE_VLY,255,7.102945621345308e-05
CA_SCE_VLY,256,3.9388211972979286e-05
CA_SCE_VLY,257,2.610112820784502e-05
CA_SCE_VLY,258,1.411567541088128e-05
CA_SCE_VLY,259,3.955235747089058e-05
CA_SCE_VLY,260,8.231308428083892e-05
CA_SCE_VLY,261,4.0150293725449115e-05
CA_SCE_VLY,262,6.785419373758029e-05
CA_SCE_VLY,263,4.0378029826440714e-05
CA_SCE_VLY,264,1.316539520748129e-05
CA_SCE_VLY,265,1.4389304151908651e-05
CA_SCE_VLY,266,3.433259864613532e-05
CA_SCE_VLY,267,4.956185529549693e-05
CA_SCE_VLY,268,4.527434313687839e-05
CA_SCE_VLY,269,7.183092497461141e-05
CA_SCE_VLY,270,2.5113941388996075e-05
CA_SCE_VLY,271,2.5972189283720047e-05
CA_SCE_VLY,272,1.886078686738946e-05
CA_SCE_VLY,273,3.3947030838018004e-05
CA_SCE_VLY,274,5.209141982802299e-05
CA_SCE_VLY,275,2.8839733802752865e-05
CA_SCE_VLY,276,3.0424390615591446e-05
CA_SCE_VLY,277,2.6499092961629657e-05
CA_SCE_VLY,278,5.1332119697860906e-06
CA_SCE_VLY,279,1.1329410306401662e-05
CA_SCE_VLY,280,2.032189477331446e-05
CA_SCE_VLY,281,3.3420846170734015e-05
CA_SCE_VLY,282,3.991247708113764e-05
CA_SCE_VLY,283,3.4296648624892334e-05
CA_SCE_VLY,284,2.679226209540976e-05
CA_SCE_VLY,285,1.3108841379138328e-05
CA_SCE_VLY,286,2.1947128522268242e-05
CA_SCE_VLY,287,2.2830293437161434e-05
CA_SCE_VLY,288,4.591307606450209e-05
CA_SCE_VLY,289,4.977303679594592e-05
CA_SCE_VLY,290,2.512935928472069e-05
CA_SCE_VLY,291,2.094214927736776e-05
CA_SCE_VLY,292,7.822800163188255e-06
CA_SCE_VLY,293,1.98268044428925e-05
CA_SCE_VLY,294,2.610818599124819e-05
CA_SCE_VLY,295,2.975914727272672e-05
CA_SCE_VLY,296,2.9755913387242945e-05
CA_SCE_VLY,297,3.3818113919012306e-05
CA_SCE_VLY,298,2.161827542929763e-05
CA_SCE_VLY,299,5.083675019121936e-06
CA_SCE_VLY,300,2.633427063169007e-05
CA_SCE_VLY,301,2.9396533393738128e-05
CA_SCE_VLY,302,2.0904717427464192e-05
CA_SCE_VLY,303,3.9200208525382695e-05
CA_SCE_VLY,304,2.41305700179362e-05
CA_SCE_VLY,305,1.7608799246664787e-05
CA_SCE_VLY,306,1.0130047479479e-05
CA_SCE_VLY,307,5.477443244044913e-06
CA_SCE_VLY,308,1.9190781650682088e-05
CA_SCE_VLY,309,1.712479378315552e-05
CA_SCE_VLY,310,2.9055214309011183e-05
CA_SCE_VLY,311,3.984281244245014e-05
CA_SCE_VLY,312,1.729830369194077e-05
CA_SCE_VLY,313,2.519350534778209e-06
CA_SCE_VLY,314,2.741792535602679e-06
CA_SCE_VLY,315,4.112882630428654e-05
CA_SCE_VLY,316,2.00923351183279e-05
CA_SCE_VLY,317,5.08588486456557e-05
CA_SCE_VLY,318,4.8770738358792695e-05
CA_SCE_VLY,319,2.0636536565820844e-05
CA_SCE_VLY,320,2.5105189405562673e-06
CA_SCE_VLY,321,1.6560550257894917e-05
CA_SCE_VLY,322,8.460335286662538e-06
CA_SCE_VLY,323,3.1938598943446385e-05
CA_SCE_VLY,324,2.6486043751149124e-05
CA_SCE_VLY,325,1.8411409391332416e-05
CA_SCE_VLY,326,2.654704458664419e-05
CA_SCE_VLY,327,2.4215838672109886e-05
CA_SCE_VLY,328,1.8852124050370977e-05
CA_SCE_VLY,329,2.8205096077832676e-05
CA_SCE_VLY,330,4.564520786989208e-05
CA_SCE_VLY,331,3.239232353990151e-05
CA_SCE_VLY,332,0.0
CA_SCE_VLY,333,2.695885281260567e-05
CA_SCE_VLY,334,1.9131508879959862e-05
CA_SCE_VLY,335,2.8696379863711542e-05
CA_SCE_VLY,336,3.629240701479676e-05
CA_SCE_VLY,337,5.38763230049043e-05
CA_SCE_VLY,338,2.5066538748623374e-05
CA_SCE_VLY,339,5.949254662422508e-05
CA_SCE_VLY,340,4.915841203630061e-05
CA_SCE_VLY,341,1.0691654915890186e-05
CA_SCE_VLY,342,2.3047207419928846e-05
CA_SCE_VLY,343,3.0772569820403925e-05
CA_SCE_VLY,344,4.141829559294012e-05
CA_SCE_VLY,345,3.7700834785577085e-05
CA_SCE_VLY,346,7.33260128167135e-05
CA_SCE_VLY,347,3.2772294820088905e-05
CA_SCE_VLY,348,1.7168248464402833e-05
CA_SCE_VLY,349,1.9366555531089626e-05
CA_SCE_VLY,350,2.311706810015301e-05
CA_SCE_VLY,351,5.4158493375817725e-05
CA_SCE_VLY,352,5.481841155853782e-05
CA_SCE_VLY,353,4.103770106355356e-05
CA_SCE_VLY,354,3.315303444214979e-05
CA_SCE_VLY,355,1.459529555095569e-05
CA_SCE_VLY,356,7.4258923187335346e-06
CA_SCE_VLY,357,4.2807545972422165e-05
CA_SCE_VLY,358,3.432895095304424e-05
CA_SCE_VLY,359,3.1603417631801165e-06
CA_SCE_VLY,360,3.18266022035679e-05
CA_SCE_VLY,361,5.225562736473199e-05
CA_SCE_VLY,362,1.4762038514035428e-05
CA_SCE_VLY,363,3.2874578152240544e-05
CA_SCE_VLY,364,1.508489204375567e-05
CA_SCE_VLY,365,2.0926076749961722e-05
CA_SDGE,1,1896.2595177750122
CA_SDGE,2,2124.1160467629643
CA_SDGE,3,2010.1590392942192
CA_SDGE,4,1950.9534459241067
CA_SDGE,5,2067.0509325966464
CA_SDGE,6,1370.3750697725611
CA_SDGE,7,1713.134377068209
CA_SDGE,8,1757.7777420389855
CA_SDGE,9,1590.0925801710757
CA_SDGE,10,1809.4148564056263
CA_SDGE,11,2079.3298302775115
CA_SDGE,12,1981.026940207028
CA_SDGE,13,1336.4278812020764
CA_SDGE,14,1712.6200161236457
CA_SDGE,15,1606.3050446345
CA_SDGE,16,1627.4543669221355
CA_SDGE,17,1782.5669699790924
CA_SDGE,18,1946.297615724775
CA_SDGE,19,2156.984844628497
CA_SDGE,20,1466.5154945492343
CA_SDGE,21,1667.9474675014444
CA_SDGE,22,1665.6915040227968
CA_SDGE,23,1772.9085320073182
CA_SDGE,24,1982.3596468255234
CA_SDGE,25,2350.774329570801
CA_SDGE,26,2060.989099149903
CA_SDGE,27,1289.7009207424032
CA_SDGE,28,2020.5157077446875
CA_SDGE,29,2063.7848719451904
CA_SDGE,30,1765.3374740650875
CA_SDGE,31,2059.614233067551
CA_SDGE,32,2294.706637252826
CA_SDGE,33,2327.3490024464477
CA_SDGE,34,1610.868771581882
CA_SDGE,35,1871.992093577349
CA_SDGE,36,1980.0871786292016
CA_SDGE,37,1802.718456335567
CA_SDGE,38,1946.359527890008
CA_SDGE,39,2276.5126598938778
CA_SDGE,40,2395.805858156728
CA_SDGE,41,1462.3162053206372
CA_SDGE,42,1875.3619797380645
CA_SDGE,43,2402.494338320488
CA_SDGE,44,2068.5498576518635
CA_SDGE,45,2027.3436622228978
CA_SDGE,46,2709.7585680641832
CA_SDGE,47,2535.3551316246712
CA_SDGE,48,1671.7814978999647
CA_SDGE,49,2229.6852110628597
CA_SDGE,50,2148.441614530413
CA_SDGE,51,2222.0691409472147
CA_SDGE,52,2358.3867187620535
CA_SDGE,53,2545.8576295488765
CA_SDGE,54,2353.590178560904
CA_SDGE,55,1548.0093447855074
CA_SDGE,56,2159.074660052308
CA_SDGE,57,2321.1099994672823
CA_SDGE,58,2118.976951805009
CA_SDGE,59,2212.8723101662335
CA_SDGE,60,2668.59434633787
CA_SDGE,61,1485.8762669227856
CA_SDGE,62,2365.806499287065
CA_SDGE,63,2517.8151652301513
CA_SDGE,64,2275.471480148954
CA_SDGE,65,2330.0453210784017
CA_SDGE,66,2816.6355730036366
CA_SDGE,67,2580.5536582214013
CA_SDGE,68,1972.1526396524991
CA_SDGE,69,2623.5571721556503
CA_SDGE,70,2721.5693080136202
CA_SDGE,71,2461.8905052730306
CA_SDGE,72,2631.8692747879822
CA_SDGE,73,2581.0428556016586
CA_SDGE,74,2648.35124240417
CA_SDGE,75,1806.010416016506
CA_SDGE,76,2606.1406589922344
CA_SDGE,77,2708.969449281714
CA_SDGE,78,2652.2187588519582
CA_SDGE,79,2574.4394728437974
CA_SDGE,80,2830.9506354614687
CA_SDGE,81,3026.641405821389
CA_SDGE,82,1913.0974183588048
CA_SDGE,83,2507.3603202193067
CA_SDGE,84,2646.278389038125
CA_SDGE,85,2549.8679988342974
CA_SDGE,86,2636.9494116474343
CA_SDGE,87,2869.9680264052568
CA_SDGE,88,2636.309289093433
CA_SDGE,89,1956.2517160313957
CA_SDGE,90,2084.5908675887745
CA_SDGE,91,3092.2268255802724
CA_SDGE,92,2895.7342498425746
CA_SDGE,93,3247.754683761617
CA_SDGE,94,3096.52279178941
CA_SDGE,95,3015.0331586334637
CA_SDGE,96,2491.8576447482524
CA_SDGE,97,2990.016153768128
CA_SDGE,98,2990.856502274937
CA_SDGE,99,2732.7969940345283
CA_SDGE,100,2990.0173218926666
CA_SDGE,101,3383.634126777537
CA_SDGE,102,3817.404911802992
CA_SDGE,103,2210.595918297427
CA_SDGE,104,3102.477453846641
CA_SDGE,105,3326.2054632857867
CA_SDGE,106,2889.4121875349906
CA_SDGE,107,3016.599583169316
CA_SDGE,108,3564.691385187086
CA_SDGE,109,3641.270479794555
CA_SDGE,110,2616.1716986924203
CA_SDGE,111,3266.958167776327
CA_SDGE,112,3406.959780073761
CA_SDGE,113,3352.7391088079844
CA_SDGE,114,3422.821324965973
CA_SDGE,115,3843.09557542016
CA_SDGE,116,3428.0239234640767
CA_SDGE,117,2371.438119419071
CA_SDGE,118,3042.187672040981
CA_SDGE,119,3082.871039013856
CA_SDGE,120,3008.8345745451716
CA_SDGE,121,2901.7294290938885
CA_SDGE,122,3435.7981445784762
CA_SDGE,123,3097.981803307752
CA_SDGE,124,2095.0681207202088
CA_SDGE,125,2871.4570125188084
CA_SDGE,126,3022.587557406347
CA_SDGE,127,2840.782128241877
CA_SDGE,128,2730.4148625062726
CA_SDGE,129,3235.7912583481607
CA_SDGE,130,3386.6965623209753
CA_SDGE,131,2365.8334199612577
CA_SDGE,132,2937.24751394069
CA_SDGE,133,3105.342748210726
CA_SDGE,134,2827.610648807554
CA_SDGE,135,3217.404711519442
CA_SDGE,136,3535.349760893579
CA_SDGE,137,3415.6031058503145
CA_SDGE,138,1982.2745689756011
CA_SDGE,139,2718.7470515738355
CA_SDGE,140,2954.1818790125785
CA_SDGE,141,2784.678667663191
CA_SDGE,142,2994.538162794232
CA_SDGE,143,3412.9616485985393
CA_SDGE,144,3476.160530371143
CA_SDGE,145,1773.5140149138547
CA_SDGE,146,2559.6976542403886
CA_SDGE,147,2660.343892318578
CA_SDGE,148,2813.5223415762803
CA_SDGE,149,2751.763234616886
CA_SDGE,150,3148.33655091827
CA_SDGE,151,3172.270578145117
CA_SDGE,152,2206.841487739675
CA_SDGE,153,3665.621484825809
CA_SDGE,154,3602.2968873439304
CA_SDGE,155,3419.2238761269364
CA_SDGE,156,3516.9137897878436
CA_SDGE,157,3979.1859626621876
CA_SDGE,158,3968.6718817998535
CA_SDGE,159,2566.658269311335
CA_SDGE,160,3272.9538329142233
CA_SDGE,161,3744.1768738432957
CA_SDGE,162,3638.6458095486396
CA_SDGE,163,3707.3799629485197
CA_SDGE,164,4260.358859990512
CA_SDGE,165,3867.918956715097
CA_SDGE,166,2974.457128533617
CA_SDGE,167,3479.757492544854
CA_SDGE,168,3804.6424497540893
CA_SDGE,169,3535.130118479641
CA_SDGE,170,3519.4749493161553
CA_SDGE,171,4007.899174278436
CA_SDGE,172,3713.6391182392003
CA_SDGE,173,2858.9189309422236
CA_SDGE,174,3477.0756629082894
CA_SDGE,175,3263.913426184781
CA_SDGE,176,3522.7448526406274
CA_SDGE,177,3616.9175044640238
CA_SDGE,178,3875.750549899836
CA_SDGE,179,3819.2347308899466
CA_SDGE,180,2717.190831355641
CA_SDGE,181,3470.556214720112
CA_SDGE,182,3342.8793724209454
CA_SDGE,183,3275.5118358078385
CA_SDGE,184,3514.5331042518987
CA_SDGE,185,1920.7933703551832
CA_SDGE,186,2685.4032679347138
CA_SDGE,187,2991.339283942893
CA_SDGE,188,3045.721649420017
CA_SDGE,189,3486.356728331539
CA_SDGE,190,3521.1946422628957
CA_SDGE,191,3526.175230972895
CA_SDGE,192,3726.6383489463838
CA_SDGE,193,3822.5035501078564
CA_SDGE,194,3018.033073418012
CA_SDGE,195,3519.319914881751
CA_SDGE,196,3584.9777695101784
CA_SDGE,197,3429.7790974104523
CA_SDGE,198,3609.360557120081
CA_SDGE,199,3916.042777947403
CA_SDGE,200,3588.701920833277
CA_SDGE,201,2501.116807565674
CA_SDGE,202,3412.342469936373
CA_SDGE,203,3338.10594008386
CA_SDGE,204,3296.8292519025613
CA_SDGE,205,3363.54813874887
CA_SDGE,206,3668.220779667994
CA_SDGE,207,3813.7298000221663
CA_SDGE,208,2661.7293855032513
CA_SDGE,209,3131.7885049524825
CA_SDGE,210,3495.5815356130734
CA_SDGE,211,3412.843844986639
CA_SDGE,212,3562.5442085263653
CA_SDGE,213,4025.3679774390152
CA_SDGE,214,3866.0641560012896
CA_SDGE,215,2962.799651145823
CA_SDGE,216,3599.20483509903
CA_SDGE,217,3721.9757842626427
CA_SDGE,218,3490.5856286262765
CA_SDGE,219,3528.1805859931706
CA_SDGE,220,4069.768476483374
CA_SDGE,221,3911.2665831051686
CA_SDGE,222,2566.4334567331066
CA_SDGE,223,3357.8054417273775
CA_SDGE,224,3597.388554980854
CA_SDGE,225,3416.541037544114
CA_SDGE,226,3660.6368233678177
CA_SDGE,227,4027.8719508399017
CA_SDGE,228,3877.2023383329106
CA_SDGE,229,3172.394376909394
CA_SDGE,230,3449.4109292062435
CA_SDGE,231,3650.8533220741306
CA_SDGE,232,3408.513308929156
CA_SDGE,233,3454.058892367343
CA_SDGE,234,4197.294468453691
CA_SDGE,235,3972.1247333459924
CA_SDGE,236,2400.067765578371
CA_SDGE,237,3504.7082026038984
CA_SDGE,238,3442.325427988314
CA_SDGE,239,3263.3456751499916
CA_SDGE,240,3461.802045112054
CA_SDGE,241,4121.953228208232
CA_SDGE,242,4126.4795021216305
CA_SDGE,243,2710.0188663564645
CA_SDGE,244,2257.1905208897188
CA_SDGE,245,3249.307520493358
CA_SDGE,246,2746.1680687984385
CA_SDGE,247,2782.7984441611484
CA_SDGE,248,3307.2476555471544
CA_SDGE,249,3175.7135849574443
CA_SDGE,250,2203.308330044013
CA_SDGE,251,3017.5308582472135
CA_SDGE,252,3217.120525822106
CA_SDGE,253,2862.3709645548847
CA_SDGE,254,3007.9462283566577
CA_SDGE,255,3511.005672365996
CA_SDGE,256,3459.4220598415804
CA_SDGE,257,2618.6951052112986
CA_SDGE,258,3562.45325720788
CA_SDGE,259,3508.728506569404
CA_SDGE,260,3072.9343825546075
CA_SDGE,261,3201.8360523745673
CA_SDGE,262,3807.448748405882
CA_SDGE,263,3658.797926619237
CA_SDGE,264,2787.228640745098
CA_SDGE,265,3526.8586188137083
CA_SDGE,266,3263.5536296789355
CA_SDGE,267,3058.8028855767234
CA_SDGE,268,3264.630824258606
CA_SDGE,269,3597.947496968178
CA_SDGE,270,3558.4963248197773
CA_SDGE,271,2506.4516493569217
CA_SDGE,272,3382.6136829059956
CA_SDGE,273,3231.9097651177644
CA_SDGE,274,2874.417029688016
CA_SDGE,275,2832.60360407722
CA_SDGE,276,2991.009643636206
CA_SDGE,277,3522.8242900325536
CA_SDGE,278,2325.3729247746664
CA_SDGE,279,2682.9692307481655
CA_SDGE,280,2967.1081825820165
CA_SDGE,281,2978.479170864033
CA_SDGE,282,3312.6715168029536
CA_SDGE,283,3592.909812818002
CA_SDGE,284,3604.1321296834285
CA_SDGE,285,1959.8637931006688
CA_SDGE,286,2669.146388932296
CA_SDGE,287,3524.178534561118
CA_SDGE,288,3228.1706480952266
CA_SDGE,289,3558.24685145873
CA_SDGE,290,3814.2207344841277
CA_SDGE,291,3180.500404534719
CA_SDGE,292,2317.253434804355
CA_SDGE,293,2763.8284517195198
CA_SDGE,294,3293.7595284040453
CA_SDGE,295,3002.7813941215622
CA_SDGE,296,2925.7090606332117
CA_SDGE,297,3407.7689546727115
CA_SDGE,298,3371.737499853773
CA_SDGE,299,1798.5799978420976
CA_SDGE,300,2771.706005863325
CA_SDGE,301,3255.5822793579714
CA_SDGE,302,2840.7986013650634
CA_SDGE,303,2885.105071272194
CA_SDGE,304,2900.4765453646287
CA_SDGE,305,3151.721446937528
CA_SDGE,306,1860.6249615490672
CA_SDGE,307,2695.6348913577363
CA_SDGE,308,2628.5201213205028
CA_SDGE,309,2279.109334590583
CA_SDGE,310,2558.876337936186
CA_SDGE,311,3133.35429298557
CA_SDGE,312,3064.012723928437
CA_SDGE,313,1773.2435210921155
CA_SDGE,314,2935.4134871410097
CA_SDGE,315,2948.0000484306684
CA_SDGE,316,2636.7918472714823
CA_SDGE,317,2774.3160083454545
CA_SDGE,318,3331.1459654320456
CA_SDGE,319,3228.603530115218
CA_SDGE,320,2125.8332991685643
CA_SDGE,321,2554.133036908132
CA_SDGE,322,3073.920028069015
CA_SDGE,323,2606.7337734132257
CA_SDGE,324,2746.8219790873295
CA_SDGE,325,3198.9151958487605
CA_SDGE,326,3262.738368563667
CA_SDGE,327,2271.0649925105135
CA_SDGE,328,2529.9568723047173
CA_SDGE,329,3165.1912605325215
CA_SDGE,330,3446.018808645081
CA_SDGE,331,3289.770726678204
CA_SDGE,332,1243.8987409883082
CA_SDGE,333,2523.364622061292
CA_SDGE,334,2437.161818605517
CA_SDGE,335,3516.323805611619
CA_SDGE,336,3423.452930706059
CA_SDGE,337,3020.610630374565
CA_SDGE,338,2960.545209994745
CA_SDGE,339,3295.819888285162
CA_SDGE,340,3151.325402676813
CA_SDGE,341,2358.08797468735
CA_SDGE,342,3044.269119587817
CA_SDGE,343,2951.6915029818097
CA_SDGE,344,2880.8551563959254
CA_SDGE,345,3021.9652089100123
CA_SDGE,346,3297.790744982296
CA_SDGE,347,3461.2810192980887
CA_SDGE,348,1881.4605858060754
CA_SDGE,349,3171.3363858785956
CA_SDGE,350,2798.5121826302234
CA_SDGE,351,3074.915379248985
CA_SDGE,352,2862.8269957926955
CA_SDGE,353,3074.636353648153
CA_SDGE,354,2793.0493054758717
CA_SDGE,355,2709.8358785355395
CA_SDGE,356,2596.022577924768
CA_SDGE,357,3356.2408771734167
CA_SDGE,358,2145.006786832321
CA_SDGE,359,1780.1897830519247
CA_SDGE,360,3191.7638830510655
CA_SDGE,361,3521.408137891039
CA_SDGE,362,3099.271272987909
CA_SDGE,363,2730.053693958936
CA_SDGE,364,2769.0203837862027
CA_SDGE,365,2117.4612094514323
CA_SMUD,1,232.28594120724725
CA_SMUD,2,245.9023983071544
CA_SMUD,3,282.52576937751
CA_SMUD,4,289.316048026128
CA_SMUD,5,282.2246448149365
CA_SMUD,6,201.99257625844967
CA_SMUD,7,245.785150592175
CA_SMUD,8,266.668409783381
CA_SMUD,9,265.38518568911303
CA_SMUD,10,258.1366247364485
CA_SMUD,11,292.9402789174712
CA_SMUD,12,283.5208868762608
CA_SMUD,13,176.93929946593423
CA_SMUD,14,205.71378625410347
CA_SMUD,15,249.50438732269987
CA_SMUD,16,243.33135312166988
CA_SMUD,17,253.56878319347015
CA_SMUD,18,284.4283327257726
CA_SMUD,19,299.420577802483
CA_SMUD,20,189.93280845925597
CA_SMUD,21,239.18454483207404
CA_SMUD,22,240.7853933158872
CA_SMUD,23,270.34343705349795
CA_SMUD,24,286.6334500634844
CA_SMUD,25,300.3627117773264
CA_SMUD,26,294.774411013081
CA_SMUD,27,175.3304598628636
CA_SMUD,28,246.77258797312646
CA_SMUD,29,274.8435517384341
CA_SMUD,30,268.6499908706711
CA_SMUD,31,275.6389153786463
CA_SMUD,32,252.36849926110042
CA_SMUD,33,260.12154803004273
CA_SMUD,34,175.388802815096
CA_SMUD,35,184.2860354017884
CA_SMUD,36,230.95147213853897
CA_SMUD,37,227.34262389768625
CA_SMUD,38,241.813057288159
CA_SMUD,39,261.3058006686779
CA_SMUD,40,269.4272050453912
CA_SMUD,41,163.96267521467965
CA_SMUD,42,189.40046060811778
CA_SMUD,43,249.57501622294566
CA_SMUD,44,228.4548959365893
CA_SMUD,45,232.56785275600402
CA_SMUD,46,270.22107990276606
CA_SMUD,47,263.16306244125735
CA_SMUD,48,172.13060219349555
CA_SMUD,49,195.94697062792088
CA_SMUD,50,230.97868578021635
CA_SMUD,51,235.66256477088922
CA_SMUD,52,242.85617430171038
CA_SMUD,53,264.9512284839034
CA_SMUD,54,250.9836211249651
CA_SMUD,55,177.66161150137248
CA_SMUD,56,208.61582215413725
CA_SMUD,57,240.6125453139318
CA_SMUD,58,234.00182829814628
CA_SMUD,59,238.270951655246
CA_SMUD,60,287.9009017524263
CA_SMUD,61,180.33555627339643
CA_SMUD,62,239.93281931519394
CA_SMUD,63,272.6153295707987
CA_SMUD,64,268.65369300306054
CA_SMUD,65,276.50128153457393
CA_SMUD,66,315.9767239678874
CA_SMUD,67,299.11132248272884
CA_SMUD,68,198.4452665432853
CA_SMUD,69,268.17344606609623
CA_SMUD,70,292.47534453705265
CA_SMUD,71,277.76810574193576
CA_SMUD,72,280.3760154055266
CA_SMUD,73,291.39316528291266
CA_SMUD,74,303.2945172399792
CA_SMUD,75,192.71747566982393
CA_SMUD,76,262.96805143188504
CA_SMUD,77,301.900187948741
CA_SMUD,78,285.505044126057
CA_SMUD,79,283.51524715853344
CA_SMUD,80,315.44664625549007
CA_SMUD,81,315.01289870719995
CA_SMUD,82,210.20088941100425
CA_SMUD,83,267.5738403486879
CA_SMUD,84,299.75248605211925
CA_SMUD,85,285.4955244284573
CA_SMUD,86,300.92030863684835
CA_SMUD,87,322.31257427942415
CA_SMUD,88,318.1933787732204
CA_SMUD,89,206.89757537850778
CA_SMUD,90,245.17417971610638
CA_SMUD,91,344.82851287946545
CA_SMUD,92,339.18922502718317
CA_SMUD,93,345.43971941783616
CA_SMUD,94,355.5447095825016
CA_SMUD,95,380.751199740182
CA_SMUD,96,249.31682076073744
CA_SMUD,97,324.6927629114157
CA_SMUD,98,349.42097627584155
CA_SMUD,99,333.134108339197
CA_SMUD,100,354.78341112218544
CA_SMUD,101,403.5464201132452
CA_SMUD,102,401.38976883894685
CA_SMUD,103,252.4855826630039
CA_SMUD,104,333.39113062776846
CA_SMUD,105,374.73194972007144
CA_SMUD,106,353.69955834986564
CA_SMUD,107,354.85061021709924
CA_SMUD,108,416.0143550010695
CA_SMUD,109,380.47593367782866
CA_SMUD,110,246.08637205841657
CA_SMUD,111,325.6994525720929
CA_SMUD,112,357.3705268933502
CA_SMUD,113,348.9120445401572
CA_SMUD,114,354.7343064006389
CA_SMUD,115,399.8054322999303
CA_SMUD,116,402.59531758147466
CA_SMUD,117,239.36486017074864
CA_SMUD,118,333.8234828127449
CA_SMUD,119,370.2013231893961
CA_SMUD,120,338.06378951638027
CA_SMUD,121,317.3566835576347
CA_SMUD,122,332.4396995343992
CA_SMUD,123,324.08407820637353
CA_SMUD,124,208.43257310592904
CA_SMUD,125,273.4796525972084
CA_SMUD,126,317.7677608968233
CA_SMUD,127,297.56374501022435
CA_SMUD,128,305.0438842470523
CA_SMUD,129,347.81989335950624
CA_SMUD,130,335.6331621692419
CA_SMUD,131,214.18653962668236
CA_SMUD,132,279.4742341518365
CA_SMUD,133,311.97045850063034
CA_SMUD,134,297.9945711467083
CA_SMUD,135,314.71722768936047
CA_SMUD,136,349.7107781265434
CA_SMUD,137,332.42961726852997
CA_SMUD,138,205.83853084592434
CA_SMUD,139,292.0932731415668
CA_SMUD,140,320.81644677203724
CA_SMUD,141,309.0321762998312
CA_SMUD,142,298.45097706227983
CA_SMUD,143,339.00378891801796
CA_SMUD,144,340.2604385273549
CA_SMUD,145,205.72550372062267
CA_SMUD,146,206.9513248072553
CA_SMUD,147,280.79140339606363
CA_SMUD,148,291.9016705710415
CA_SMUD,149,287.28457820491496
CA_SMUD,150,333.6841467595889
CA_SMUD,151,338.98003666497397
CA_SMUD,152,245.50156240262126
CA_SMUD,153,334.70653839809984
CA_SMUD,154,358.19528618162894
CA_SMUD,155,366.16044898690444
CA_SMUD,156,373.30363873602096
CA_SMUD,157,423.7667750528391
CA_SMUD,158,410.1946254075818
CA_SMUD,159,278.48496745610066
CA_SMUD,160,362.32506096228377
CA_SMUD,161,388.7126044300949
CA_SMUD,162,376.13348548927667
CA_SMUD,163,389.86735206137297
CA_SMUD,164,435.52190008283236
CA_SMUD,165,408.2110864397802
CA_SMUD,166,289.7827957459022
CA_SMUD,167,349.4715655472985
CA_SMUD,168,409.36467167037057
CA_SMUD,169,369.26112609518094
CA_SMUD,170,358.3510411035264
CA_SMUD,171,417.3579214789567
CA_SMUD,172,385.52678024602073
CA_SMUD,173,277.8580588391817
CA_SMUD,174,352.5306829550601
CA_SMUD,175,382.21684218396433
CA_SMUD,176,372.67895052837395
CA_SMUD,177,384.8864948496052
CA_SMUD,178,423.0681944569244
CA_SMUD,179,404.04896410825665
CA_SMUD,180,287.21868385147087
CA_SMUD,181,338.431894894925
CA_SMUD,182,339.6170132431834
CA_SMUD,183,367.050912053037
CA_SMUD,184,396.58942078572863
CA_SMUD,185,229.27588466521584
CA_SMUD,186,288.0197180512939
CA_SMUD,187,286.3948541276074
CA_SMUD,188,347.62345683936206
CA_SMUD,189,391.16721061725383
CA_SMUD,190,389.6465525629794
CA_SMUD,191,376.66517381118564
CA_SMUD,192,411.34526555289864
CA_SMUD,193,409.0146520468645
CA_SMUD,194,284.7233316166264
CA_SMUD,195,359.99971578959065
CA_SMUD,196,388.5793712318082
CA_SMUD,197,387.77386283899176
CA_SMUD,198,380.60113263881254
CA_SMUD,199,425.092638803793
CA_SMUD,200,426.54057282032875
CA_SMUD,201,269.1369313890495
CA_SMUD,202,361.2461152682849
CA_SMUD,203,379.9695496543067
CA_SMUD,204,377.6627791560832
CA_SMUD,205,385.37496530875967
CA_SMUD,206,424.4056639526908
CA_SMUD,207,416.28359435431395
CA_SMUD,208,284.3166429782914
CA_SMUD,209,357.2489047738175
CA_SMUD,210,393.30861885129053
CA_SMUD,211,376.29869661850404
CA_SMUD,212,395.2438699030921
CA_SMUD,213,417.6717820355385
CA_SMUD,214,424.5973454620778
CA_SMUD,215,290.09554587380757
CA_SMUD,216,358.91117431464755
CA_SMUD,217,401.1196886831653
CA_SMUD,218,367.75575716582875
CA_SMUD,219,363.86223879735707
CA_SMUD,220,432.9304785955117
CA_SMUD,221,425.6298017431668
CA_SMUD,222,275.8534594737365
CA_SMUD,223,378.430529075256
CA_SMUD,224,402.34807966534487
CA_SMUD,225,369.12994125712123
CA_SMUD,226,391.8253961127226
CA_SMUD,227,433.6357922701447
CA_SMUD,228,419.9917531885546
CA_SMUD,229,279.65058095032293
CA_SMUD,230,389.69913358958024
CA_SMUD,231,404.9633810887243
CA_SMUD,232,388.30421261852945
CA_SMUD,233,390.2046593951913
CA_SMUD,234,447.2155953542594
CA_SMUD,235,429.2041910396113
CA_SMUD,236,268.1857418259772
CA_SMUD,237,382.70499816648703
CA_SMUD,238,373.67183166130366
CA_SMUD,239,380.98106134228675
CA_SMUD,240,376.61646772129455
CA_SMUD,241,447.8346403999343
CA_SMUD,242,427.43145145041115
CA_SMUD,243,259.08794222987103
CA_SMUD,244,261.13039208725814
CA_SMUD,245,364.883397742217
CA_SMUD,246,340.9258716042424
CA_SMUD,247,359.1332741747615
CA_SMUD,248,419.7762634330673
CA_SMUD,249,401.40918796539836
CA_SMUD,250,263.50115093365457
CA_SMUD,251,374.8929151141041
CA_SMUD,252,392.23975562835517
CA_SMUD,253,370.3750781618843
CA_SMUD,254,377.16428189047133
CA_SMUD,255,411.07222868916165
CA_SMUD,256,413.3860365631032
CA_SMUD,257,262.97406280166075
CA_SMUD,258,373.3195613235126
CA_SMUD,259,410.9445185593086
CA_SMUD,260,386.5966644671852
CA_SMUD,261,375.03670841294013
CA_SMUD,262,442.6289207994126
CA_SMUD,263,417.4123761199389
CA_SMUD,264,263.44178520461793
CA_SMUD,265,392.6370727371505
CA_SMUD,266,399.4439086000309
CA_SMUD,267,368.2737339577893
CA_SMUD,268,365.35097653562264
CA_SMUD,269,422.1697551166272
CA_SMUD,270,423.8264124717499
CA_SMUD,271,272.577694498732
CA_SMUD,272,370.15411843565323
CA_SMUD,273,411.2354562332757
CA_SMUD,274,348.55200377601847
CA_SMUD,275,347.3462033188673
CA_SMUD,276,408.554018583793
CA_SMUD,277,425.9514103642723
CA_SMUD,278,259.37435265194273
CA_SMUD,279,368.56676397240534
CA_SMUD,280,391.849755526905
CA_SMUD,281,378.54929101807744
CA_SMUD,282,382.52890069551404
CA_SMUD,283,446.7366364311075
CA_SMUD,284,412.1173598829159
CA_SMUD,285,272.2075787404142
CA_SMUD,286,364.5868084345851
CA_SMUD,287,404.93534305631414
CA_SMUD,288,364.42458149543995
CA_SMUD,289,376.8280188239154
CA_SMUD,290,432.6886090403168
CA_SMUD,291,424.5180728310205
CA_SMUD,292,276.1529979370662
CA_SMUD,293,378.3742831106731
CA_SMUD,294,403.5913396559984
CA_SMUD,295,364.60114334283406
CA_SMUD,296,352.20948420659926
CA_SMUD,297,434.1262218265868
CA_SMUD,298,423.2684259067234
CA_SMUD,299,251.59785947486776
CA_SMUD,300,366.58203837929256
CA_SMUD,301,396.77873185322613
CA_SMUD,302,353.48530710509175
CA_SMUD,303,350.66451990959547
CA_SMUD,304,319.45196118352357
CA_SMUD,305,417.2892395462627
CA_SMUD,306,279.8542850381393
CA_SMUD,307,373.24397707944706
CA_SMUD,308,351.41949411686454
CA_SMUD,309,315.4072330142209
CA_SMUD,310,351.051544536174
CA_SMUD,311,433.5240932687699
CA_SMUD,312,420.5521211933904
CA_SMUD,313,265.4101219679545
CA_SMUD,314,365.59022360415736
CA_SMUD,315,397.93380047910483
CA_SMUD,316,361.6066421226908
CA_SMUD,317,405.544466692132
CA_SMUD,318,446.89137563720266
CA_SMUD,319,456.1019360851996
CA_SMUD,320,262.63500063430524
CA_SMUD,321,392.4275177996542
CA_SMUD,322,413.4311575091038
CA_SMUD,323,363.649005506497
CA_SMUD,324,366.40651640830004
CA_SMUD,325,449.89321430654354
CA_SMUD,326,436.79254236886754
CA_SMUD,327,340.9335405953517
CA_SMUD,328,372.9932564167048
CA_SMUD,329,401.02293800701256
CA_SMUD,330,457.3473833187773
CA_SMUD,331,420.88156103236884
CA_SMUD,332,192.71654344369702
CA_SMUD,333,331.6806937749691
CA_SMUD,334,352.34914020907684
CA_SMUD,335,445.96015338231456
CA_SMUD,336,415.3627221318576
CA_SMUD,337,365.96090859383446
CA_SMUD,338,366.72777658403334
CA_SMUD,339,386.42477723805786
CA_SMUD,340,361.71896476362423
CA_SMUD,341,260.35381208662506
CA_SMUD,342,363.36268865123736
CA_SMUD,343,339.62101901651164
CA_SMUD,344,363.5776443276237
CA_SMUD,345,358.91157706829875
CA_SMUD,346,396.7398412427122
CA_SMUD,347,406.9402609049088
CA_SMUD,348,254.45729568934217
CA_SMUD,349,370.4709736034492
CA_SMUD,350,346.26546895416806
CA_SMUD,351,374.45964212638097
CA_SMUD,352,385.6701432461571
CA_SMUD,353,418.45550278293445
CA_SMUD,354,402.9963647897616
CA_SMUD,355,320.256666123597
CA_SMUD,356,343.42251072191686
CA_SMUD,357,376.3366356927707
CA_SMUD,358,263.4301038265147
CA_SMUD,359,215.9051275800415
CA_SMUD,360,380.54954604911234
CA_SMUD,361,395.0792270364635
CA_SMUD,362,320.0271854809684
CA_SMUD,363,322.49075846485437
CA_SMUD,364,362.71429474918506
CA_SMUD,365,269.46384788872916
CO_DEN,1,23701.229040970786
CO_DEN,2,26762.166583770675
CO_DEN,3,26068.36086592338
CO_DEN,4,23386.05537908686
CO_DEN,5,24175.089604394856
CO_DEN,6,22959.673690936994
CO_DEN,7,22423.39898304447
CO_DEN,8,21319.009141194394
CO_DEN,9,19267.648615800033
CO_DEN,10,19409.618295305547
CO_DEN,11,21902.87235320792
CO_DEN,12,20009.346435976855
CO_DEN,13,17231.979547968636
CO_DEN,14,16806.132255052857
CO_DEN,15,18951.950426312353
CO_DEN,16,19993.194406976985
CO_DEN,17,18084.362297783482
CO_DEN,18,20956.175166081845
CO_DEN,19,21208.5323801637
CO_DEN,20,18352.324022221896
CO_DEN,21,20750.761153166997
CO_DEN,22,20971.786334151824
CO_DEN,23,19015.049963352292
CO_DEN,24,20119.631965470257
CO_DEN,25,22044.78947338303
CO_DEN,26,21429.465690132136
CO_DEN,27,18683.64691532946
CO_DEN,28,21681.670629953012
CO_DEN,29,21208.635329846395
CO_DEN,30,19078.25306291915
CO_DEN,31,19930.294968253114
CO_DEN,32,22139.126518419373
CO_DEN,33,20687.544820119605
CO_DEN,34,14801.798949677224
CO_DEN,35,22501.59886547091
CO_DEN,36,21255.571202875082
CO_DEN,37,18667.895544665564
CO_DEN,38,19993.119817067924
CO_DEN,39,22202.226759591118
CO_DEN,40,22565.237663688295
CO_DEN,41,18478.262540601492
CO_DEN,42,20703.144321767
CO_DEN,43,22943.60436929725
CO_DEN,44,19898.46525052319
CO_DEN,45,20576.860306167855
CO_DEN,46,25547.09688195797
CO_DEN,47,23038.279723810272
CO_DEN,48,22580.709243713452
CO_DEN,49,21760.290079157574
CO_DEN,50,27929.005705797284
CO_DEN,51,23369.521637702477
CO_DEN,52,21413.03781976599
CO_DEN,53,23654.037592531586
CO_DEN,54,23448.558875636398
CO_DEN,55,21617.76571297734
CO_DEN,56,24647.16659927407
CO_DEN,57,21792.11068757203
CO_DEN,58,19109.59873787067
CO_DEN,59,21539.434964549542
CO_DEN,60,23528.226261811546
CO_DEN,61,19346.67005412213
CO_DEN,62,21003.75051192788
CO_DEN,63,23086.578226100257
CO_DEN,64,20940.490218394607
CO_DEN,65,21287.55967322145
CO_DEN,66,23228.606527166383
CO_DEN,67,24932.865510846626
CO_DEN,68,23985.642711323082
CO_DEN,69,24506.345588232918
CO_DEN,70,22897.272797805505
CO_DEN,71,22266.010156520122
CO_DEN,72,22281.868594637355
CO_DEN,73,13886.422049334558
CO_DEN,74,24916.83158695634
CO_DEN,75,25042.58478843132
CO_DEN,76,25279.483226421424
CO_DEN,77,23244.40329865709
CO_DEN,78,21934.614920982905
CO_DEN,79,21697.9061192757
CO_DEN,80,23938.661276469244
CO_DEN,81,25200.876327089303
CO_DEN,82,22912.656614522304
CO_DEN,83,22313.120214330087
CO_DEN,84,22660.725437544254
CO_DEN,85,21697.903277100257
CO_DEN,86,22455.335163176413
CO_DEN,87,23433.764166242432
CO_DEN,88,23055.160109371755
CO_DEN,89,22044.90073668039
CO_DEN,90,21808.36223161674
CO_DEN,91,23355.42104917295
CO_DEN,92,21319.762072376718
CO_DEN,93,21288.231165831534
CO_DEN,94,20672.59837048069
CO_DEN,95,21651.246856187132
CO_DEN,96,17974.354470336635
CO_DEN,97,20720.09009257063
CO_DEN,98,21666.902875986994
CO_DEN,99,19662.835726382484
CO_DEN,100,20073.070955002702
CO_DEN,101,20893.74386555572
CO_DEN,102,20893.73989505161
CO_DEN,103,17564.021971215905
CO_DEN,104,19236.79782068065
CO_DEN,105,20593.939612270766
CO_DEN,106,19489.262200374546
CO_DEN,107,19773.282983380846
CO_DEN,108,20862.104233260103
CO_DEN,109,21398.628879948934
CO_DEN,110,16664.464459188264
CO_DEN,111,19568.161296875172
CO_DEN,112,20451.899476272076
CO_DEN,113,19347.237103979296
CO_DEN,114,20230.94891644023
CO_DEN,115,21367.14555078471
CO_DEN,116,20278.35603347361
CO_DEN,117,16159.587416104565
CO_DEN,118,19426.244623603438
CO_DEN,119,20294.06130011922
CO_DEN,120,19252.51710217357
CO_DEN,121,20057.364112867206
CO_DEN,122,21225.10536496981
CO_DEN,123,20057.29190828391
CO_DEN,124,16980.136086504583
CO_DEN,125,19568.13568227055
CO_DEN,126,18984.314432160987
CO_DEN,127,18794.936595137344
CO_DEN,128,20262.482200759187
CO_DEN,129,21445.90112091211
CO_DEN,130,21083.057143007747
CO_DEN,131,17343.13638691467
CO_DEN,132,19268.331432232837
CO_DEN,133,20467.707081191948
CO_DEN,134,19788.989287242093
CO_DEN,135,20293.955018095832
CO_DEN,136,21098.82514001838
CO_DEN,137,21303.970920537675
CO_DEN,138,17090.634598866276
CO_DEN,139,19946.885519403328
CO_DEN,140,20404.4178296363
CO_DEN,141,20357.2260667339
CO_DEN,142,21035.66990282954
CO_DEN,143,22550.577032054156
CO_DEN,144,22629.541710825648
CO_DEN,145,18573.981416606264
CO_DEN,146,19504.963612490516
CO_DEN,147,21256.680637422625
CO_DEN,148,21004.189527235558
CO_DEN,149,21335.32015554043
CO_DEN,150,22203.395591137458
CO_DEN,151,23244.80629556722
CO_DEN,152,19473.151613576647
CO_DEN,153,21508.96584158827
CO_DEN,154,22345.125340901337
CO_DEN,155,22234.891570383515
CO_DEN,156,22629.141699095377
CO_DEN,157,23449.98946028366
CO_DEN,158,23465.517161888616
CO_DEN,159,20719.755276240725
CO_DEN,160,22850.093688873298
CO_DEN,161,23386.75491651972
CO_DEN,162,22771.312376623304
CO_DEN,163,22692.367832872595
CO_DEN,164,23781.286241360882
CO_DEN,165,23702.341091932456
CO_DEN,166,21161.52127931271
CO_DEN,167,23733.959063912527
CO_DEN,168,23355.25842210965
CO_DEN,169,23165.725886128155
CO_DEN,170,23449.818949550623
CO_DEN,171,23796.847058988726
CO_DEN,172,25012.053913887543
CO_DEN,173,21666.701106154364
CO_DEN,174,24901.523067478098
CO_DEN,175,24207.216612172673
CO_DEN,176,23244.611566025913
CO_DEN,177,24743.441789423643
CO_DEN,178,25154.003954114633
CO_DEN,179,25438.280155624278
CO_DEN,180,22439.795536116733
CO_DEN,181,24444.016267281557
CO_DEN,182,24522.97528678666
CO_DEN,183,24286.26183461457
CO_DEN,184,24901.56616991437
CO_DEN,185,18447.65921724264
CO_DEN,186,21003.848702374784
CO_DEN,187,22455.62348049187
CO_DEN,188,26842.586375665975
CO_DEN,189,24933.241757691245
CO_DEN,190,23370.896846510353
CO_DEN,191,23639.128145419272
CO_DEN,192,25027.81356234645
CO_DEN,193,24491.322377104316
CO_DEN,194,21729.609259442346
CO_DEN,195,25595.437810021358
CO_DEN,196,23954.68234279476
CO_DEN,197,23370.76381841558
CO_DEN,198,24743.664910146726
CO_DEN,199,25154.060363782683
CO_DEN,200,23528.404692611377
CO_DEN,201,20735.53061185817
CO_DEN,202,25248.65317268558
CO_DEN,203,24870.04954859736
CO_DEN,204,23149.950691736245
CO_DEN,205,23765.366763523754
CO_DEN,206,24807.01324399516
CO_DEN,207,24743.88148824004
CO_DEN,208,22061.166481463726
CO_DEN,209,25311.643204005133
CO_DEN,210,24491.31378312826
CO_DEN,211,23576.054405478077
CO_DEN,212,24175.572975056486
CO_DEN,213,25753.82742386114
CO_DEN,214,24743.77130056695
CO_DEN,215,21998.080395581845
CO_DEN,216,24491.240779982632
CO_DEN,217,24380.668294374267
CO_DEN,218,23023.706155336346
CO_DEN,219,23212.829013342915
CO_DEN,220,24838.433240666232
CO_DEN,221,23797.00358109453
CO_DEN,222,22061.010839282564
CO_DEN,223,25469.565461057442
CO_DEN,224,23970.63886478795
CO_DEN,225,22203.14838649679
CO_DEN,226,23497.139525615457
CO_DEN,227,24365.10088386672
CO_DEN,228,23907.56990939793
CO_DEN,229,20562.166345989535
CO_DEN,230,25438.19579759275
CO_DEN,231,23765.189101014923
CO_DEN,232,22234.694165855697
CO_DEN,233,22992.09214665639
CO_DEN,234,24459.78965427945
CO_DEN,235,23781.1230006184
CO_DEN,236,20167.429046012265
CO_DEN,237,24822.63297912968
CO_DEN,238,23512.97681537188
CO_DEN,239,21066.959107354643
CO_DEN,240,22329.3457817266
CO_DEN,241,25690.48362131888
CO_DEN,242,24585.93803783874
CO_DEN,243,18936.678519567595
CO_DEN,244,19820.43811486604
CO_DEN,245,25217.240545636447
CO_DEN,246,22124.18344941357
CO_DEN,247,21840.201540341706
CO_DEN,248,23686.399798583658
CO_DEN,249,23717.99265327834
CO_DEN,250,19914.45106649695
CO_DEN,251,23370.54944931766
CO_DEN,252,22566.19691717986
CO_DEN,253,20562.075699256682
CO_DEN,254,21698.25074134526
CO_DEN,255,23765.51557495253
CO_DEN,256,23371.046076205228
CO_DEN,257,19220.777636841733
CO_DEN,258,24159.710683314555
CO_DEN,259,23860.265318014528
CO_DEN,260,20530.507721052203
CO_DEN,261,22518.76569172672
CO_DEN,262,24838.413375435077
CO_DEN,263,23844.277609314617
CO_DEN,264,20451.385567484183
CO_DEN,265,24286.11739471141
CO_DEN,266,22518.888613577783
CO_DEN,267,20861.925841038654
CO_DEN,268,22140.04862929607
CO_DEN,269,23939.149912901474
CO_DEN,270,24238.74928424071
CO_DEN,271,18984.03899437587
CO_DEN,272,24144.082742550792
CO_DEN,273,23623.513719320224
CO_DEN,274,21067.086117943807
CO_DEN,275,21382.76791515619
CO_DEN,276,23607.87815532527
CO_DEN,277,23796.81689943649
CO_DEN,278,19330.94412804167
CO_DEN,279,23638.939051666966
CO_DEN,280,23481.179472511376
CO_DEN,281,21618.82432531287
CO_DEN,282,20814.61846370465
CO_DEN,283,23986.533037614638
CO_DEN,284,24049.59984654177
CO_DEN,285,18889.37943973128
CO_DEN,286,22376.935086146448
CO_DEN,287,23544.75666354194
CO_DEN,288,20830.280772869995
CO_DEN,289,21098.617176068536
CO_DEN,290,23339.488813029493
CO_DEN,291,22660.964015026155
CO_DEN,292,18242.314874886193
CO_DEN,293,20893.56393466361
CO_DEN,294,22329.654038846213
CO_DEN,295,20435.931138747503
CO_DEN,296,21051.378653818694
CO_DEN,297,22755.68513193764
CO_DEN,298,22881.99917971146
CO_DEN,299,16853.66681984662
CO_DEN,300,22171.706578124842
CO_DEN,301,21824.671258829894
CO_DEN,302,19662.788248284563
CO_DEN,303,20120.273084849196
CO_DEN,304,19283.911200916864
CO_DEN,305,21840.165168006122
CO_DEN,306,17058.781859367653
CO_DEN,307,20325.19066372228
CO_DEN,308,19173.419803949244
CO_DEN,309,17958.28992974937
CO_DEN,310,18132.062693824704
CO_DEN,311,21098.752190657884
CO_DEN,312,15496.72978370084
CO_DEN,313,16490.671916397678
CO_DEN,314,20435.793955654965
CO_DEN,315,20940.665175379352
CO_DEN,316,18826.296626594063
CO_DEN,317,19457.471331652112
CO_DEN,318,21824.409407141804
CO_DEN,319,21035.483493895266
CO_DEN,320,17200.704362162
CO_DEN,321,20467.466162922676
CO_DEN,322,20577.903183938626
CO_DEN,323,18384.462539281267
CO_DEN,324,19694.15257611487
CO_DEN,325,21398.357037908456
CO_DEN,326,22802.837293757108
CO_DEN,327,20640.99262747959
CO_DEN,328,20293.926802366328
CO_DEN,329,21067.09081273543
CO_DEN,330,21461.644225629665
CO_DEN,331,21761.429542401194
CO_DEN,332,10304.733249851759
CO_DEN,333,18731.57053699587
CO_DEN,334,22818.614250392646
CO_DEN,335,24112.46801714634
CO_DEN,336,22518.953459969383
CO_DEN,337,19315.517503899144
CO_DEN,338,19410.01239120338
CO_DEN,339,20199.209197668966
CO_DEN,340,20199.16636067388
CO_DEN,341,17358.576919284882
CO_DEN,342,20483.2853314021
CO_DEN,343,19410.206301267433
CO_DEN,344,19536.383645678776
CO_DEN,345,20025.636837088914
CO_DEN,346,21019.674955829654
CO_DEN,347,21256.421413748896
CO_DEN,348,18179.17061830869
CO_DEN,349,21461.526053680718
CO_DEN,350,20972.34331556647
CO_DEN,351,20530.514827337167
CO_DEN,352,21366.810227788388
CO_DEN,353,24743.855041994902
CO_DEN,354,26353.373174007324
CO_DEN,355,24870.049843845387
CO_DEN,356,24759.584816985618
CO_DEN,357,24854.172266669128
CO_DEN,358,19378.658929733683
CO_DEN,359,18621.198026191556
CO_DEN,360,27947.043912110526
CO_DEN,361,29083.19932439174
CO_DEN,362,26700.47170348956
CO_DEN,363,25990.401072278743
CO_DEN,364,24538.703318713582
CO_DEN,365,21650.87787435801
CO_E,1,0.7184077398296328
CO_E,2,0.8783156847530942
CO_E,3,0.8475648022548955
CO_E,4,0.7566262275095715
CO_E,5,0.7797379196729552
CO_E,6,0.6775220768857927
CO_E,7,0.7173268429393608
CO_E,8,0.591875833704657
CO_E,9,0.6608553653362843
CO_E,10,0.7062532397178732
CO_E,11,0.7491297782250368
CO_E,12,0.6040204978540227
CO_E,13,0.5175438919272132
CO_E,14,0.423748719339081
CO_E,15,0.5461140741877123
CO_E,16,0.6912464051820323
CO_E,17,0.587452866929183
CO_E,18,0.6515783746648532
CO_E,19,0.7474274762562455
CO_E,20,0.569065814818626
CO_E,21,0.7393483724628395
CO_E,22,0.7352877699414241
CO_E,23,0.6971216567749603
CO_E,24,0.6789775149529098
CO_E,25,0.7843291224975034
CO_E,26,0.6894174552132748
CO_E,27,0.5518391106645867
CO_E,28,0.7710617579621238
CO_E,29,0.6104201184915888
CO_E,30,0.5930273138999139
CO_E,31,0.6602532055552099
CO_E,32,0.7362324772962472
CO_E,33,0.7382179072755248
CO_E,34,0.5098521442489008
CO_E,35,0.9675261623415427
CO_E,36,0.690450575065676
CO_E,37,0.5226808206129303
CO_E,38,0.7602460152588331
CO_E,39,0.7741115243623702
CO_E,40,0.7946624590575009
CO_E,41,0.4463978520086089
CO_E,42,0.6362591127623969
CO_E,43,0.8703790153370423
CO_E,44,0.6921150977172128
CO_E,45,0.7637017972483887
CO_E,46,1.0513788297730904
CO_E,47,0.6823416371172202
CO_E,48,0.5563016145212998
CO_E,49,0.7430769354127807
CO_E,50,0.8827327959611364
CO_E,51,0.8220950318529108
CO_E,52,0.7728832994391495
CO_E,53,0.8142638070532472
CO_E,54,0.9244158302841922
CO_E,55,0.6858593110694319
CO_E,56,0.8708525912753757
CO_E,57,0.6909840674485261
CO_E,58,0.9295396931380004
CO_E,59,0.7674024915608637
CO_E,60,0.5977708036838951
CO_E,61,0.39343880704844547
CO_E,62,0.407229820848038
CO_E,63,0.5488424375303974
CO_E,64,0.4415507045284954
CO_E,65,0.5445126633032565
CO_E,66,0.5529728826848839
CO_E,67,0.5537920591038625
CO_E,68,0.5080814061714894
CO_E,69,0.594516991430224
CO_E,70,0.47480190092120045
CO_E,71,0.52384089053235
CO_E,72,0.5673110544190155
CO_E,73,0.2499357843932231
CO_E,74,0.5168475924779669
CO_E,75,0.6271878346406193
CO_E,76,0.5680734421996786
CO_E,77,0.5817661205521332
CO_E,78,0.5639463591208193
CO_E,79,0.5499138693491846
CO_E,80,0.5842415931420686
CO_E,81,0.6461192501471363
CO_E,82,0.5883887457190533
CO_E,83,0.5591177284685241
CO_E,84,0.4753941024824318
CO_E,85,0.6661512433650997
CO_E,86,0.6030933924275148
CO_E,87,0.5512162491655046
CO_E,88,0.5507885617060212
CO_E,89,0.4827861210711664
CO_E,90,0.48190858559585537
CO_E,91,0.568810930745086
CO_E,92,0.4702847748015836
CO_E,93,0.4530014199969035
CO_E,94,0.6339697425802713
CO_E,95,0.454550294514702
CO_E,96,0.34071370278794794
CO_E,97,0.48044629010054246
CO_E,98,0.5606682437556055
CO_E,99,0.44232295976585184
CO_E,100,0.5284903854597665
CO_E,101,0.4755944130968378
CO_E,102,0.47006642102585056
CO_E,103,0.3666022040749015
CO_E,104,0.3943826526929949
CO_E,105,0.43102524546279714
CO_E,106,0.4489292544462746
CO_E,107,0.48323175026237014
CO_E,108,0.551166671490894
CO_E,109,0.5887074113719026
CO_E,110,0.4199188910474678
CO_E,111,0.45469804123207935
CO_E,112,0.4624973863616298
CO_E,113,0.43142774908874615
CO_E,114,0.4665817588632763
CO_E,115,0.5096487662057778
CO_E,116,0.4052532314531946
CO_E,117,0.31620699387190593
CO_E,118,0.34752381796340415
CO_E,119,0.4865290036702294
CO_E,120,0.47350571072738196
CO_E,121,0.47362271500746844
CO_E,122,0.5386347984226209
CO_E,123,0.5439488220471659
CO_E,124,0.38326605190862467
CO_E,125,0.5059286937485774
CO_E,126,0.41980011957720237
CO_E,127,0.41418690441147693
CO_E,128,0.516657200865616
CO_E,129,0.684902922791288
CO_E,130,0.5607733056199888
CO_E,131,0.3568923909499506
CO_E,132,0.4688474034121917
CO_E,133,0.4559144135227846
CO_E,134,0.5728447705845455
CO_E,135,0.6034514113298337
CO_E,136,0.5758149019861707
CO_E,137,0.58903890319669
CO_E,138,0.3659224195561515
CO_E,139,0.4948360876812438
CO_E,140,0.6176274997801621
CO_E,141,0.46004362207397476
CO_E,142,0.5994455020116468
CO_E,143,0.6902061332074314
CO_E,144,0.6236183159373575
CO_E,145,0.42559797362151414
CO_E,146,0.5390611098166199
CO_E,147,0.5303010127864134
CO_E,148,0.518905121315742
CO_E,149,0.7833109948569859
CO_E,150,0.6668700449438514
CO_E,151,0.8276151391523834
CO_E,152,0.7020934228135686
CO_E,153,0.6767649179733178
CO_E,154,0.9173364800322461
CO_E,155,0.6852015513656773
CO_E,156,0.9598090586991337
CO_E,157,0.7895299699898153
CO_E,158,0.989485983337336
CO_E,159,0.8165276492415358
CO_E,160,0.9127909249088708
CO_E,161,0.8300775814948683
CO_E,162,0.8028092905912962
CO_E,163,0.8275035989049372
CO_E,164,0.7793286317037904
CO_E,165,0.8239977047940409
CO_E,166,0.8902844342909142
CO_E,167,0.7366932485680502
CO_E,168,0.7492658868391289
CO_E,169,0.90342942486581
CO_E,170,0.8542008435251776
CO_E,171,0.9962662869268043
CO_E,172,0.9031798099406941
CO_E,173,0.6736930556474414
CO_E,174,0.9261283791705722
CO_E,175,0.9121531937402103
CO_E,176,0.8527531268318901
CO_E,177,1.2569110572603654
CO_E,178,1.0051910606631353
CO_E,179,0.7672280443242468
CO_E,180,0.8315496874429648
CO_E,181,0.8358678083318865
CO_E,182,0.7257162318443673
CO_E,183,0.7565869271821695
CO_E,184,0.9167150662891873
CO_E,185,0.4567557147614754
CO_E,186,0.7103730830921156
CO_E,187,0.7318404279107219
CO_E,188,0.892216189508252
CO_E,189,0.7639344365711103
CO_E,190,0.858937693847515
CO_E,191,0.9012586029671448
CO_E,192,0.9134134218134699
CO_E,193,0.8744250105424477
CO_E,194,0.8498142986924264
CO_E,195,1.3065938094393932
CO_E,196,0.9081075378375449
CO_E,197,0.9469095827458868
CO_E,198,0.9821955392198085
CO_E,199,0.9347522429506638
CO_E,200,1.05624425152925
CO_E,201,0.6963108014160486
CO_E,202,0.9425182987968046
CO_E,203,0.8488557287444848
CO_E,204,0.8613598094232583
CO_E,205,0.9250327408299904
CO_E,206,0.7877134589894061
CO_E,207,0.7798172257332109
CO_E,208,0.6862396178831832
CO_E,209,1.0882337739687553
CO_E,210,0.8650657625729589
CO_E,211,0.823065941578086
CO_E,212,0.9727492072048707
CO_E,213,0.8933161612852298
CO_E,214,0.9634885132510577
CO_E,215,0.7270759155158142
CO_E,216,0.9724160999064779
CO_E,217,1.067314883252887
CO_E,218,0.8862413107078708
CO_E,219,1.1195014527485512
CO_E,220,0.9942171363160967
CO_E,221,0.8735925169042602
CO_E,222,0.9158978203025137
CO_E,223,1.0397267575636195
CO_E,224,0.8187253915940342
CO_E,225,0.8206453836043293
CO_E,226,0.8758034359496845
CO_E,227,0.8808109925844099
CO_E,228,0.7799316373905912
CO_E,229,0.5592173453211279
CO_E,230,0.8587005436674632
CO_E,231,1.1066256153654868
CO_E,232,0.8562339689985372
CO_E,233,0.9502226438778063
CO_E,234,0.8731361769987064
CO_E,235,0.9814629076810483
CO_E,236,0.79981175937066
CO_E,237,0.9971796081040303
CO_E,238,0.8410494530744208
CO_E,239,0.794362124972586
CO_E,240,0.8763646827027051
CO_E,241,1.0940361004271784
CO_E,242,0.9916046547914584
CO_E,243,0.6369275400162908
CO_E,244,0.6455294730756674
CO_E,245,0.9170989798292948
CO_E,246,0.9273128246565479
CO_E,247,0.8626730274723221
CO_E,248,1.0787941296279537
CO_E,249,1.0248754203569583
CO_E,250,1.3379696363196003
CO_E,251,1.2940727053220091
CO_E,252,0.820324169564914
CO_E,253,0.7363474139852174
CO_E,254,0.8004475269746051
CO_E,255,0.8716067141498369
CO_E,256,0.7955721110130919
CO_E,257,0.6346822625882409
CO_E,258,1.1605586050432293
CO_E,259,0.8066398008283863
CO_E,260,0.7464420584613722
CO_E,261,0.9006338264601551
CO_E,262,1.0572407669593673
CO_E,263,0.9872666104645521
CO_E,264,0.9254211968824363
CO_E,265,0.9940203624758136
CO_E,266,0.7822293322532343
CO_E,267,0.723396599226167
CO_E,268,0.8660796999108762
CO_E,269,0.8149192927375547
CO_E,270,1.047383776353415
CO_E,271,0.6603222352524721
CO_E,272,0.9988990896645004
CO_E,273,0.8280940049849147
CO_E,274,0.7419402665110375
CO_E,275,0.6781792257261317
CO_E,276,0.7111981769610398
CO_E,277,1.143622635867234
CO_E,278,0.9582743131501105
CO_E,279,1.1949803592950472
CO_E,280,1.1587144449634863
CO_E,281,1.3464824113280611
CO_E,282,0.7110371189388314
CO_E,283,0.7991360940394362
CO_E,284,0.8628383259056333
CO_E,285,0.6596003077024987
CO_E,286,0.7215906267534609
CO_E,287,0.7077810037688747
CO_E,288,0.8281925949023111
CO_E,289,0.7780406177964073
CO_E,290,0.834939276617525
CO_E,291,0.7679965720187307
CO_E,292,0.6964243578384105
CO_E,293,0.6813822639528238
CO_E,294,0.6745572692000505
CO_E,295,0.6521417305234679
CO_E,296,0.6808435551315373
CO_E,297,0.734815713522174
CO_E,298,0.6697349232377137
CO_E,299,0.5984833965322446
CO_E,300,0.8087262614248565
CO_E,301,0.676432481170939
CO_E,302,0.5315866853029788
CO_E,303,0.6986225226957684
CO_E,304,0.6581690322650512
CO_E,305,0.9385640551438327
CO_E,306,0.6403872983206585
CO_E,307,0.9321512960159294
CO_E,308,0.6813864937062553
CO_E,309,0.6561801073869505
CO_E,310,0.4791473491929271
CO_E,311,0.6365824853753917
CO_E,312,0.3501748147825301
CO_E,313,0.6230111895921181
CO_E,314,0.7905031110962845
CO_E,315,0.9135144987681303
CO_E,316,0.6116077481486906
CO_E,317,0.6847262797564779
CO_E,318,0.9210443585777014
CO_E,319,0.783031063860039
CO_E,320,0.7462054831235224
CO_E,321,0.6909395575382586
CO_E,322,0.7202092308967373
CO_E,323,0.5729449780645693
CO_E,324,0.7136391878124733
CO_E,325,0.874888976011494
CO_E,326,0.9135885211728064
CO_E,327,0.7524001533837676
CO_E,328,0.6335320467183196
CO_E,329,0.7388544170571363
CO_E,330,0.7164134033815279
CO_E,331,0.7728344588699938
CO_E,332,0.3623952618345178
CO_E,333,0.6613903884130652
CO_E,334,0.9152763513276637
CO_E,335,0.9079539532564948
CO_E,336,0.6293986960203055
CO_E,337,0.4905349845079664
CO_E,338,0.6864739896198345
CO_E,339,0.5498896178607661
CO_E,340,0.5797399611413909
CO_E,341,0.5728808041093729
CO_E,342,0.5088347705187523
CO_E,343,0.5085470919369437
CO_E,344,0.5514724480223882
CO_E,345,0.4966018512004668
CO_E,346,0.6542893531294196
CO_E,347,0.6353309335231239
CO_E,348,0.5467783190434207
CO_E,349,0.6242944720692146
CO_E,350,0.5977303957251453
CO_E,351,0.6058407595505516
CO_E,352,0.6393576114554387
CO_E,353,0.6407067379704388
CO_E,354,0.7119013722632903
CO_E,355,0.5806647901922414
CO_E,356,0.6385886425429457
CO_E,357,0.7630070829122994
CO_E,358,0.3911235631988925
CO_E,359,0.3801857831684905
CO_E,360,0.8140495918000884
CO_E,361,0.8872572317186092
CO_E,362,0.7896310366587124
CO_E,363,0.6904570484137084
CO_E,364,0.6600409775083008
CO_E,365,0.5439535878480372
CO_NW,1,1.3307953894149585
CO_NW,2,1.7397659977382027
CO_NW,3,1.2354021637563057
CO_NW,4,0.8262177963811299
CO_NW,5,0.8117021235433942
CO_NW,6,1.2069794406973486
CO_NW,7,0.8760079395304259
CO_NW,8,0.7089141811631372
CO_NW,9,0.47376204651657366
CO_NW,10,0.48454759207202663
CO_NW,11,0.5987366147028389
CO_NW,12,0.5229593688613902
CO_NW,13,0.49432668270055474
CO_NW,14,0.3307315418253187
CO_NW,15,0.6046946301629249
CO_NW,16,0.8386047338334288
CO_NW,17,0.24963944009907157
CO_NW,18,0.5392569877535125
CO_NW,19,0.5807006575126011
CO_NW,20,0.5824533592655567
CO_NW,21,0.6968054056629717
CO_NW,22,0.6213024738001199
CO_NW,23,0.5446517644587179
CO_NW,24,0.6548188040412433
CO_NW,25,0.6744590278953548
CO_NW,26,0.6345185639798825
CO_NW,27,0.6588366989154227
CO_NW,28,0.8612508885904255
CO_NW,29,0.6183099228800177
CO_NW,30,0.5733397492666419
CO_NW,31,0.6449684820107433
CO_NW,32,1.0883184892533482
CO_NW,33,0.8023809459992538
CO_NW,34,0.3854542426374006
CO_NW,35,1.3320573436893237
CO_NW,36,0.9504072916611771
CO_NW,37,0.6713605785898457
CO_NW,38,0.8103122215045492
CO_NW,39,1.0697666064659619
CO_NW,40,1.0000820850299978
CO_NW,41,1.001340759639744
CO_NW,42,1.0812268022001146
CO_NW,43,1.3115681649949078
CO_NW,44,0.8816439693741539
CO_NW,45,0.9984197793364449
CO_NW,46,1.5009662716329208
CO_NW,47,1.4892801559254525
CO_NW,48,1.540168760931895
CO_NW,49,1.1693775633550156
CO_NW,50,2.705383018963577
CO_NW,51,1.5219276301381173
CO_NW,52,1.2009242631405441
CO_NW,53,1.0818196172434822
CO_NW,54,1.3119373135132533
CO_NW,55,1.7049183848664458
CO_NW,56,2.0993323758785234
CO_NW,57,0.9631155215599834
CO_NW,58,0.4249371107832118
CO_NW,59,1.0569444444200486
CO_NW,60,0.8675706158583721
CO_NW,61,0.5988137186152219
CO_NW,62,0.5121344065778117
CO_NW,63,0.673254120822735
CO_NW,64,0.657269975039108
CO_NW,65,0.6592162757295189
CO_NW,66,0.6861466811170384
CO_NW,67,0.7669367235517869
CO_NW,68,1.167857248723857
CO_NW,69,1.184014146713035
CO_NW,70,0.7093982272099302
CO_NW,71,0.6730281702198035
CO_NW,72,0.5225050355832
CO_NW,73,0.6944500237924695
CO_NW,74,1.0351312222214655
CO_NW,75,1.409857270247102
CO_NW,76,1.3135223381777381
CO_NW,77,0.6472241213269803
CO_NW,78,0.6274333985959327
CO_NW,79,0.6269210282109886
CO_NW,80,0.759875715833998
CO_NW,81,0.9745743670791949
CO_NW,82,0.9700813461681829
CO_NW,83,0.817690935067371
CO_NW,84,0.5230724012797373
CO_NW,85,0.5060264929928262
CO_NW,86,0.624643261136307
CO_NW,87,0.6912388061143891
CO_NW,88,0.5449992275773697
CO_NW,89,0.8519094020094106
CO_NW,90,0.6888835077696758
CO_NW,91,0.15231470968950053
CO_NW,92,0.13808551403475242
CO_NW,93,0.12431649313409995
CO_NW,94,0.11148715823857168
CO_NW,95,0.07268581197767604
CO_NW,96,0.06586737236044905
CO_NW,97,0.11615394180631188
CO_NW,98,0.09485611619960727
CO_NW,99,0.06999169431510607
CO_NW,100,0.06044889533454595
CO_NW,101,0.06213456686748902
CO_NW,102,0.07185494960745203
CO_NW,103,0.06419119452005016
CO_NW,104,0.06615264564417331
CO_NW,105,0.06811361794448718
CO_NW,106,0.045032806578448284
CO_NW,107,0.0518446441594353
CO_NW,108,0.06272303816478053
CO_NW,109,0.06085963485841288
CO_NW,110,0.04188882466856922
CO_NW,111,0.04738974229099618
CO_NW,112,0.046836000901118745
CO_NW,113,0.056655833905273296
CO_NW,114,0.05599846462973772
CO_NW,115,0.06110871866682676
CO_NW,116,0.05419030014302853
CO_NW,117,0.023945835471162292
CO_NW,118,0.04032674683489737
CO_NW,119,0.049165773265384315
CO_NW,120,0.04798596809362729
CO_NW,121,0.03652493075100854
CO_NW,122,0.03947364253124342
CO_NW,123,0.04065234764393424
CO_NW,124,0.02763130561642684
CO_NW,125,0.018908825725202777
CO_NW,126,0.022307787053925006
CO_NW,127,0.031955824330641855
CO_NW,128,0.032982573313495266
CO_NW,129,0.03274022221025029
CO_NW,130,0.03333229803213872
CO_NW,131,0.020741568342111768
CO_NW,132,0.017753812934346053
CO_NW,133,0.024458684589268604
CO_NW,134,0.0337008309425941
CO_NW,135,0.03522217166469062
CO_NW,136,0.03124436703345795
CO_NW,137,0.028323693133747475
CO_NW,138,0.014396725570279543
CO_NW,139,0.027389890698287407
CO_NW,140,0.026689357946299695
CO_NW,141,0.0322039009922231
CO_NW,142,0.038615385093531754
CO_NW,143,0.03309489711338489
CO_NW,144,0.04291547000475497
CO_NW,145,0.03588920794572093
CO_NW,146,0.03183681211718605
CO_NW,147,0.034294457051605366
CO_NW,148,0.037108024660004
CO_NW,149,0.047680977313475294
CO_NW,150,0.054353089907770775
CO_NW,151,0.040298278734983414
CO_NW,152,0.11207828169607631
CO_NW,153,0.09646360763270047
CO_NW,154,0.09727180593030903
CO_NW,155,0.09361717715478737
CO_NW,156,0.09899460592863253
CO_NW,157,0.042332449538265766
CO_NW,158,0.09546005369237187
CO_NW,159,0.10625632938503787
CO_NW,160,0.13361625155596993
CO_NW,161,0.1153685667551824
CO_NW,162,0.11548111268970543
CO_NW,163,0.13228386946271006
CO_NW,164,0.1600254940732148
CO_NW,165,0.1546302031814436
CO_NW,166,0.1370427345724237
CO_NW,167,0.18631416959042127
CO_NW,168,0.12744977443915273
CO_NW,169,0.13236179676014134
CO_NW,170,0.1453996863869156
CO_NW,171,0.1619414979341758
CO_NW,172,0.20224087293533777
CO_NW,173,0.1696134238181517
CO_NW,174,0.23301962918964284
CO_NW,175,0.18962779420271852
CO_NW,176,0.20093616269302803
CO_NW,177,0.17820809705652413
CO_NW,178,0.17979849206539808
CO_NW,179,0.19927774319224467
CO_NW,180,0.19931224243623874
CO_NW,181,0.18056311856342275
CO_NW,182,0.2338812265821413
CO_NW,183,0.2049860499140112
CO_NW,184,0.2053029947304491
CO_NW,185,0.07787886177085511
CO_NW,186,0.17722352521331627
CO_NW,187,0.2461056449231113
CO_NW,188,0.28321148887781883
CO_NW,189,0.24035858829948648
CO_NW,190,0.15979815952776324
CO_NW,191,0.1652318897185949
CO_NW,192,0.20843875194521952
CO_NW,193,0.1821104172075032
CO_NW,194,0.20978431608565765
CO_NW,195,0.3135576406553322
CO_NW,196,0.224788789619978
CO_NW,197,0.2037860540968216
CO_NW,198,0.22489265204802097
CO_NW,199,0.1900210187526021
CO_NW,200,0.26489391841399706
CO_NW,201,0.23048939985969052
CO_NW,202,0.2721160266598668
CO_NW,203,0.22265805878825934
CO_NW,204,0.16831374354735104
CO_NW,205,0.14971482868739652
CO_NW,206,0.20193451428436762
CO_NW,207,0.215409238022833
CO_NW,208,0.21761732322641403
CO_NW,209,0.2623091513005452
CO_NW,210,0.1972722194924881
CO_NW,211,0.1897826505724178
CO_NW,212,0.20751284879993764
CO_NW,213,0.1533130917682384
CO_NW,214,0.1453479416616267
CO_NW,215,0.14570903167392216
CO_NW,216,0.166428712714863
CO_NW,217,0.17510583167248675
CO_NW,218,0.1355093406230851
CO_NW,219,0.157368892102612
CO_NW,220,0.14085949476557955
CO_NW,221,0.1286104999724677
CO_NW,222,0.1483471890071555
CO_NW,223,0.20748385861257457
CO_NW,224,0.1434179348140491
CO_NW,225,0.14100340335426464
CO_NW,226,0.14552413963358188
CO_NW,227,0.14530015323269488
CO_NW,228,0.1276024433697995
CO_NW,229,0.14031962271757834
CO_NW,230,0.19182268232882432
CO_NW,231,0.1514253011639998
CO_NW,232,0.12184501610828158
CO_NW,233,0.12400400683356808
CO_NW,234,0.15272605318035856
CO_NW,235,0.12417093323609985
CO_NW,236,0.11022302186138015
CO_NW,237,0.15320311865228003
CO_NW,238,0.1304408740575608
CO_NW,239,0.10805489244749067
CO_NW,240,0.1355085011062317
CO_NW,241,0.1644915140111312
CO_NW,242,0.13702066172395486
CO_NW,243,0.09301170418571324
CO_NW,244,0.07389034568096789
CO_NW,245,0.1624197961328868
CO_NW,246,0.09900177809307241
CO_NW,247,0.08584346359891232
CO_NW,248,0.06852234436731167
CO_NW,249,0.09092153877382476
CO_NW,250,0.05777830761160534
CO_NW,251,0.08147453863142022
CO_NW,252,0.06533918708154308
CO_NW,253,0.059200949553555426
CO_NW,254,0.06743877162906918
CO_NW,255,0.06432795795813727
CO_NW,256,0.08222615381987428
CO_NW,257,0.06215640802019043
CO_NW,258,0.10799537829046775
CO_NW,259,0.06696217018864496
CO_NW,260,0.05727622875947852
CO_NW,261,0.07245873665709958
CO_NW,262,0.10287706275714972
CO_NW,263,0.09495086898189398
CO_NW,264,0.09510169968390879
CO_NW,265,0.11903260159154963
CO_NW,266,0.06990634678197342
CO_NW,267,0.06735508115886012
CO_NW,268,0.07756066664421624
CO_NW,269,0.08165310203969045
CO_NW,270,0.09080289651793022
CO_NW,271,0.057547388980896653
CO_NW,272,0.12035866038498083
CO_NW,273,0.08109350939477558
CO_NW,274,0.0444964972546865
CO_NW,275,0.05060104708670157
CO_NW,276,0.054380548220622334
CO_NW,277,0.058189146693317435
CO_NW,278,0.040350954859992245
CO_NW,279,0.07137732432178011
CO_NW,280,0.05614867208640083
CO_NW,281,0.043361229850370324
CO_NW,282,0.044139281456354866
CO_NW,283,0.05957892214453031
CO_NW,284,0.05303138730919968
CO_NW,285,0.03235946555874702
CO_NW,286,0.05465777012102774
CO_NW,287,0.05326930231424832
CO_NW,288,0.044972344645896764
CO_NW,289,0.03990413649457125
CO_NW,290,0.03917748173102719
CO_NW,291,0.040680682196249554
CO_NW,292,0.031094531816754898
CO_NW,293,0.03634601772298531
CO_NW,294,0.03783072348322367
CO_NW,295,0.042363732129932635
CO_NW,296,0.03342787243291313
CO_NW,297,0.03969540554917124
CO_NW,298,0.039863774285572744
CO_NW,299,0.034010522059716476
CO_NW,300,0.040593652132945725
CO_NW,301,0.02343812504490909
CO_NW,302,0.0285430498794564
CO_NW,303,0.03079759484198241
CO_NW,304,0.031405946688592194
CO_NW,305,0.04010521079984005
CO_NW,306,0.02540615490039638
CO_NW,307,0.028224491499649184
CO_NW,308,0.02526492568092287
CO_NW,309,0.03098965576949983
CO_NW,310,0.026470344318510954
CO_NW,311,0.04016493377014731
CO_NW,312,0.031479531843079424
CO_NW,313,0.03083806181791652
CO_NW,314,0.034285350466838366
CO_NW,315,0.036708408374695016
CO_NW,316,0.03220429592690791
CO_NW,317,0.03031813564139693
CO_NW,318,0.03258154852732992
CO_NW,319,0.03833608981765656
CO_NW,320,0.02755199192808397
CO_NW,321,0.028089587575616276
CO_NW,322,0.027498522831217252
CO_NW,323,0.030413448767098516
CO_NW,324,0.03295163034270278
CO_NW,325,0.03904198638432257
CO_NW,326,0.04151635521042184
CO_NW,327,0.029167600106095187
CO_NW,328,0.0297208555631032
CO_NW,329,0.037098244910587275
CO_NW,330,0.030605736043445884
CO_NW,331,0.031322618209118185
CO_NW,332,0.01278589044335963
CO_NW,333,0.02178455624175498
CO_NW,334,0.043026786730590814
CO_NW,335,0.24943765735752796
CO_NW,336,0.14533324090621302
CO_NW,337,0.14155322466249778
CO_NW,338,0.13792369613029332
CO_NW,339,0.1398691423706081
CO_NW,340,0.15167088981308385
CO_NW,341,0.13670739412582372
CO_NW,342,0.16698267392751023
CO_NW,343,0.11959527427899372
CO_NW,344,0.15245900827768769
CO_NW,345,0.16836740109310222
CO_NW,346,0.18829707745054777
CO_NW,347,0.17570920162994316
CO_NW,348,0.18735313128885708
CO_NW,349,0.2381953558968224
CO_NW,350,0.23489003966374816
CO_NW,351,0.17476526768503772
CO_NW,352,0.25507456961140185
CO_NW,353,0.3695297303498504
CO_NW,354,0.4594405177786137
CO_NW,355,0.48224743627446753
CO_NW,356,0.4239436753446624
CO_NW,357,0.389468922855162
CO_NW,358,0.22324148852167622
CO_NW,359,0.19049528748076794
CO_NW,360,0.562272841747809
CO_NW,361,0.5571897146823354
CO_NW,362,0.45145845468623713
CO_NW,363,0.47670759010292724
CO_NW,364,0.31934960110570926
CO_NW,365,0.32546550953465975
CO_SW,1,0.058853098264397524
CO_SW,2,0.10196360696449973
CO_SW,3,0.07073739796062968
CO_SW,4,0.0752110090084722
CO_SW,5,0.09154737803159492
CO_SW,6,0.06329650915522174
CO_SW,7,0.06894390327553868
CO_SW,8,0.0685097460691764
CO_SW,9,0.04139773293567016
CO_SW,10,0.046183192833849994
CO_SW,11,0.0619980497779759
CO_SW,12,0.06682333581917434
CO_SW,13,0.060585544982212976
CO_SW,14,0.07332361819684123
CO_SW,15,0.09973284958141893
CO_SW,16,0.03479790946149448
CO_SW,17,0.03650430979142623
CO_SW,18,0.04522697074253203
CO_SW,19,0.04965058037527451
CO_SW,20,0.04046662108315959
CO_SW,21,0.05854046883074024
CO_SW,22,0.0494871733688293
CO_SW,23,0.033963708469549006
CO_SW,24,0.04275946763849871
CO_SW,25,0.06460450255043361
CO_SW,26,0.05709688148792151
CO_SW,27,0.06326311048624807
CO_SW,28,0.042710896083257816
CO_SW,29,0.04609899008411072
CO_SW,30,0.031003115387717276
CO_SW,31,0.034133469073303974
CO_SW,32,0.04889557360952523
CO_SW,33,0.045695825375863364
CO_SW,34,0.055542319382270194
CO_SW,35,0.0687285229090131
CO_SW,36,0.04164759780997453
CO_SW,37,0.05008503083481951
CO_SW,38,0.06868072078588461
CO_SW,39,0.05405985329938411
CO_SW,40,0.059501883174022184
CO_SW,41,0.055194035334910206
CO_SW,42,0.05049027022514729
CO_SW,43,0.05398933222797175
CO_SW,44,0.03294751162961051
CO_SW,45,0.04040497632985048
CO_SW,46,0.0862991483818415
CO_SW,47,0.07605913005657354
CO_SW,48,0.06737918058058025
CO_SW,49,0.04903560894219633
CO_SW,50,0.10036083851442629
CO_SW,51,0.06659060136763806
CO_SW,52,0.053912550316883585
CO_SW,53,0.05987178063697423
CO_SW,54,0.042937955281620255
CO_SW,55,0.0644302066603042
CO_SW,56,0.0713021926892032
CO_SW,57,0.049148412103445546
CO_SW,58,0.059584730961175635
CO_SW,59,0.055693624787671064
CO_SW,60,0.052479274015870325
CO_SW,61,0.06824006666750895
CO_SW,62,0.08490172148269176
CO_SW,63,0.07063153653390764
CO_SW,64,0.041006186908082845
CO_SW,65,0.05267248699789156
CO_SW,66,0.05595585031249245
CO_SW,67,0.08314357532435361
CO_SW,68,0.07974399101000468
CO_SW,69,0.053318677523676396
CO_SW,70,0.03975841438783184
CO_SW,71,0.04240461006952653
CO_SW,72,0.07220261751825859
CO_SW,73,0.07474031298280807
CO_SW,74,0.10463427964596363
CO_SW,75,0.11583174588272603
CO_SW,76,0.09059038918585126
CO_SW,77,0.05049683545500438
CO_SW,78,0.03828321785676723
CO_SW,79,0.04388247631467796
CO_SW,80,0.049450728983609984
CO_SW,81,0.05247611483522321
CO_SW,82,0.06285488776250703
CO_SW,83,0.09595665910681343
CO_SW,84,0.055104991109733804
CO_SW,85,0.0513818129635882
CO_SW,86,0.06072820809846535
CO_SW,87,0.050362283832555206
CO_SW,88,0.0526907262515438
CO_SW,89,0.07743383249982577
CO_SW,90,0.06209501695842655
CO_SW,91,0.008892998525506929
CO_SW,92,0.007998289780370274
CO_SW,93,0.007590902813619702
CO_SW,94,0.006104262820689921
CO_SW,95,0.009194894167546026
CO_SW,96,0.006560911030021676
CO_SW,97,0.006788303562546433
CO_SW,98,0.006069994773461508
CO_SW,99,0.0061687564329987185
CO_SW,100,0.005077511605223238
CO_SW,101,0.00490126361227691
CO_SW,102,0.0046793770529246275
CO_SW,103,0.004085706218518668
CO_SW,104,0.003908657980445919
CO_SW,105,0.005264740514260343
CO_SW,106,0.00503266423761882
CO_SW,107,0.004432095223051463
CO_SW,108,0.0060065216890687195
CO_SW,109,0.005909729793889985
CO_SW,110,0.003143642898790121
CO_SW,111,0.0037262107439242063
CO_SW,112,0.004557830005649863
CO_SW,113,0.005359152173461683
CO_SW,114,0.005306670647284039
CO_SW,115,0.005682147527583699
CO_SW,116,0.004875790945141327
CO_SW,117,0.003980687306215851
CO_SW,118,0.003988315859230464
CO_SW,119,0.0045410539197125255
CO_SW,120,0.004853938509467118
CO_SW,121,0.00952812820972118
CO_SW,122,0.007868621000091012
CO_SW,123,0.0072791875719661345
CO_SW,124,0.006089763307743828
CO_SW,125,0.00659107941092525
CO_SW,126,0.0067941065135461096
CO_SW,127,0.0063984609333769225
CO_SW,128,0.0073291088620134415
CO_SW,129,0.009142129630101128
CO_SW,130,0.009445035034747421
CO_SW,131,0.006265291775735766
CO_SW,132,0.00659749564907919
CO_SW,133,0.007096353212494305
CO_SW,134,0.007842180801242967
CO_SW,135,0.007844271246221212
CO_SW,136,0.00967751295213439
CO_SW,137,0.008974667391584888
CO_SW,138,0.006437691496893378
CO_SW,139,0.007761181980620819
CO_SW,140,0.007671533540026767
CO_SW,141,0.007954308819485195
CO_SW,142,0.009180467997332055
CO_SW,143,0.010393877152029874
CO_SW,144,0.008398119681296756
CO_SW,145,0.009668384208506369
CO_SW,146,0.00786784128557889
CO_SW,147,0.008475447157857264
CO_SW,148,0.009237495258312632
CO_SW,149,0.008476596657544773
CO_SW,150,0.007883302928603899
CO_SW,151,0.008576749315571687
CO_SW,152,0.014226664719838094
CO_SW,153,0.013568688575588149
CO_SW,154,0.015396773278872566
CO_SW,155,0.016674771058212814
CO_SW,156,0.016139971268322954
CO_SW,157,0.01684403227573587
CO_SW,158,0.01724196374846142
CO_SW,159,0.015420886751372067
CO_SW,160,0.013110836483960761
CO_SW,161,0.013071451792491681
CO_SW,162,0.01662409002327732
CO_SW,163,0.013755006009569177
CO_SW,164,0.017417481275006048
CO_SW,165,0.01737735787031376
CO_SW,166,0.01800293448458253
CO_SW,167,0.01739217546847218
CO_SW,168,0.015930040971261845
CO_SW,169,0.015192615008207247
CO_SW,170,0.01961665494987436
CO_SW,171,0.0189293482698221
CO_SW,172,0.01596440382532189
CO_SW,173,0.02005770788882535
CO_SW,174,0.024801410292488488
CO_SW,175,0.016564963343319528
CO_SW,176,0.01753041897715248
CO_SW,177,0.018276779521558453
CO_SW,178,0.017003692214327935
CO_SW,179,0.020582718472841315
CO_SW,180,0.01604683753107231
CO_SW,181,0.020007224413011587
CO_SW,182,0.0237369574226316
CO_SW,183,0.017466301933772556
CO_SW,184,0.018828921368267127
CO_SW,185,0.00925512145392394
CO_SW,186,0.018478893697337895
CO_SW,187,0.022201473369865686
CO_SW,188,0.030741485414440602
CO_SW,189,0.023332488488804964
CO_SW,190,0.01666860211094229
CO_SW,191,0.017728670634363345
CO_SW,192,0.02106760795739122
CO_SW,193,0.017342362586514656
CO_SW,194,0.02034490030903198
CO_SW,195,0.021114198076944608
CO_SW,196,0.0207885389105674
CO_SW,197,0.017736913411907092
CO_SW,198,0.023187019484412357
CO_SW,199,0.020810315199473985
CO_SW,200,0.018251723780464107
CO_SW,201,0.017252200595038947
CO_SW,202,0.025239272112188266
CO_SW,203,0.023588203997378245
CO_SW,204,0.015321521646526861
CO_SW,205,0.02031872073343515
CO_SW,206,0.01702600475615383
CO_SW,207,0.018470653688275544
CO_SW,208,0.023710785060721475
CO_SW,209,0.02403196844886971
CO_SW,210,0.020133784327520544
CO_SW,211,0.020377896659906622
CO_SW,212,0.019354703621299898
CO_SW,213,0.01685409461428963
CO_SW,214,0.015048335625648472
CO_SW,215,0.016136045153130156
CO_SW,216,0.0166300993941158
CO_SW,217,0.017257727966008385
CO_SW,218,0.018315591760734058
CO_SW,219,0.014535738800244575
CO_SW,220,0.013966983739589748
CO_SW,221,0.018412010455937166
CO_SW,222,0.01896489802467383
CO_SW,223,0.016938764503819943
CO_SW,224,0.01620270069942094
CO_SW,225,0.014662291490388061
CO_SW,226,0.020863006210511126
CO_SW,227,0.019794650701940097
CO_SW,228,0.015034720654671992
CO_SW,229,0.015766609268383934
CO_SW,230,0.020923311522996556
CO_SW,231,0.014677882552963028
CO_SW,232,0.014819042288607295
CO_SW,233,0.017481964475628973
CO_SW,234,0.01837207716679661
CO_SW,235,0.014378508609557627
CO_SW,236,0.012989925166329411
CO_SW,237,0.017739270680329537
CO_SW,238,0.01459365215831871
CO_SW,239,0.017986120438352085
CO_SW,240,0.016507896243717797
CO_SW,241,0.024025659786729214
CO_SW,242,0.016690662954995408
CO_SW,243,0.011325900554424648
CO_SW,244,0.008506647478167248
CO_SW,245,0.010615562885336095
CO_SW,246,0.009017789288590311
CO_SW,247,0.007428202139386228
CO_SW,248,0.008798986718934828
CO_SW,249,0.00983011475436291
CO_SW,250,0.006325814948143456
CO_SW,251,0.007254404222749212
CO_SW,252,0.009329579053934075
CO_SW,253,0.010401946610665182
CO_SW,254,0.008209005712409675
CO_SW,255,0.010320189370867993
CO_SW,256,0.00837649578045816
CO_SW,257,0.006605970704083227
CO_SW,258,0.012171364304559484
CO_SW,259,0.010008752021825417
CO_SW,260,0.007843919556805202
CO_SW,261,0.009576363944156605
CO_SW,262,0.00879101625589775
CO_SW,263,0.007918789577248765
CO_SW,264,0.007277108595219921
CO_SW,265,0.01042621812162898
CO_SW,266,0.00761139696119372
CO_SW,267,0.00753677241503393
CO_SW,268,0.007695296909500178
CO_SW,269,0.008359210952228994
CO_SW,270,0.009853518239648883
CO_SW,271,0.0064701740298262695
CO_SW,272,0.008225207414595377
CO_SW,273,0.008274594059731182
CO_SW,274,0.00695578491563813
CO_SW,275,0.006478142032196193
CO_SW,276,0.006264224291536212
CO_SW,277,0.005484902819049201
CO_SW,278,0.006610250850544347
CO_SW,279,0.006955232004816957
CO_SW,280,0.006197414892594378
CO_SW,281,0.006751925892362638
CO_SW,282,0.006939924625512093
CO_SW,283,0.00664133816380496
CO_SW,284,0.007410329712985849
CO_SW,285,0.004835746035995036
CO_SW,286,0.006377725117064184
CO_SW,287,0.007551811015288111
CO_SW,288,0.007825374047405296
CO_SW,289,0.0067559775252178395
CO_SW,290,0.006954870140922617
CO_SW,291,0.006316758748237627
CO_SW,292,0.0053321637209408895
CO_SW,293,0.00483285402183673
CO_SW,294,0.007735967753942398
CO_SW,295,0.006540125266390221
CO_SW,296,0.005402092320800715
CO_SW,297,0.0064649059740257975
CO_SW,298,0.006794785116757935
CO_SW,299,0.004294628780174873
CO_SW,300,0.0064332289831003555
CO_SW,301,0.0051724448889354626
CO_SW,302,0.0058317732555273625
CO_SW,303,0.006016290142677138
CO_SW,304,0.005038202930667238
CO_SW,305,0.013647762851658569
CO_SW,306,0.011336574178168378
CO_SW,307,0.012862748135948131
CO_SW,308,0.011076652630466591
CO_SW,309,0.009329656360568657
CO_SW,310,0.01113234386726524
CO_SW,311,0.012938723317001606
CO_SW,312,0.010419108812401798
CO_SW,313,0.010630204588909838
CO_SW,314,0.013440218890614117
CO_SW,315,0.014646974590943095
CO_SW,316,0.01106399673303188
CO_SW,317,0.012452724440468325
CO_SW,318,0.01326883207797758
CO_SW,319,0.012283135707800047
CO_SW,320,0.011518143341485354
CO_SW,321,0.009358575488926933
CO_SW,322,0.01194102841506801
CO_SW,323,0.012476616809550723
CO_SW,324,0.017409167829294456
CO_SW,325,0.013387854111829314
CO_SW,326,0.01725879097177331
CO_SW,327,0.013370103388491273
CO_SW,328,0.011480681462973914
CO_SW,329,0.012745095100535835
CO_SW,330,0.01784457158719993
CO_SW,331,0.01786978701416461
CO_SW,332,0.004168510271194251
CO_SW,333,0.010691770783218289
CO_SW,334,0.018287047682624357
CO_SW,335,0.022450443448669304
CO_SW,336,0.02016874746586871
CO_SW,337,0.018588298293445955
CO_SW,338,0.018490441032747454
CO_SW,339,0.015480597313648346
CO_SW,340,0.016665501676469525
CO_SW,341,0.014961836544738509
CO_SW,342,0.014584950655653824
CO_SW,343,0.020835696512052013
CO_SW,344,0.01716742650784573
CO_SW,345,0.019615992110885504
CO_SW,346,0.01841877048530025
CO_SW,347,0.02125445557400995
CO_SW,348,0.01824356484286587
CO_SW,349,0.020545831981145287
CO_SW,350,0.01647556707909752
CO_SW,351,0.023849894577098307
CO_SW,352,0.017330447650167224
CO_SW,353,0.029906894260188666
CO_SW,354,0.031351160676857934
CO_SW,355,0.03189451704662733
CO_SW,356,0.02901920790326834
CO_SW,357,0.038724760072615425
CO_SW,358,0.01961823691470773
CO_SW,359,0.027414371612825984
CO_SW,360,0.05513106057995178
CO_SW,361,0.07678134925677076
CO_SW,362,0.049103463519857025
CO_SW,363,0.0404176004574824
CO_SW,364,0.05709506424131956
CO_SW,365,0.03599373240670375
ID_E,1,779.5673486539996
ID_E,2,936.8446887898574
ID_E,3,895.252887681829
ID_E,4,857.2881046367911
ID_E,5,767.8678820991587
ID_E,6,769.712549466345
ID_E,7,736.1571448644198
ID_E,8,769.2371853492956
ID_E,9,609.5086356248557
ID_E,10,645.3636624080708
ID_E,11,961.4203255298764
ID_E,12,601.8727944392605
ID_E,13,555.3395041040185
ID_E,14,591.3057559145917
ID_E,15,814.170274454007
ID_E,16,718.3448932679568
ID_E,17,631.5274673397361
ID_E,18,782.7402853035787
ID_E,19,707.015564824093
ID_E,20,561.8558582131982
ID_E,21,538.9134232785079
ID_E,22,781.8013340749759
ID_E,23,696.7015903412561
ID_E,24,858.483817320914
ID_E,25,875.1332007210984
ID_E,26,796.9448520354659
ID_E,27,575.4667341213087
ID_E,28,577.8885828407957
ID_E,29,739.2114905267521
ID_E,30,638.9764166630528
ID_E,31,646.0432354295341
ID_E,32,749.572387110213
ID_E,33,648.2526369973316
ID_E,34,427.82295042956724
ID_E,35,530.4451351953345
ID_E,36,605.3648725706764
ID_E,37,724.032150222375
ID_E,38,746.6393549056761
ID_E,39,936.5236535038009
ID_E,40,734.9882078655589
ID_E,41,571.571089648984
ID_E,42,701.20792933069
ID_E,43,713.8736581504692
ID_E,44,822.4604766188594
ID_E,45,759.1353884435796
ID_E,46,997.467853273776
ID_E,47,890.6341457275378
ID_E,48,677.76568779006
ID_E,49,572.1185092632871
ID_E,50,956.7443137686719
ID_E,51,801.8972015230661
ID_E,52,768.0270774146383
ID_E,53,777.4284865854603
ID_E,54,804.2230710914076
ID_E,55,743.6157882747164
ID_E,56,682.9026910268425
ID_E,57,546.0993638162854
ID_E,58,669.1285560444674
ID_E,59,689.6256244710879
ID_E,60,675.0952312230021
ID_E,61,482.18543435603993
ID_E,62,707.6550849007729
ID_E,63,730.1568178148791
ID_E,64,633.4388454317615
ID_E,65,784.1969991124713
ID_E,66,898.4907039925462
ID_E,67,817.9412967383771
ID_E,68,840.8958871722481
ID_E,69,660.8000293436938
ID_E,70,714.0748828551447
ID_E,71,697.6424601808528
ID_E,72,824.430500300745
ID_E,73,707.5467661520253
ID_E,74,608.5813200795228
ID_E,75,757.8859295316223
ID_E,76,690.9206284380236
ID_E,77,682.3213094140657
ID_E,78,620.4755905753939
ID_E,79,643.181479345624
ID_E,80,862.5269864239756
ID_E,81,780.640969572073
ID_E,82,663.8914746239242
ID_E,83,464.33486960493764
ID_E,84,658.0738145716326
ID_E,85,645.7969845781494
ID_E,86,715.1761967333621
ID_E,87,711.2215240037403
ID_E,88,613.3671207608694
ID_E,89,525.8539588929118
ID_E,90,350.1255169502503
ID_E,91,625.7247925389036
ID_E,92,490.29139356903784
ID_E,93,480.9077014249042
ID_E,94,450.69233523331
ID_E,95,491.28290350584155
ID_E,96,336.85046416483596
ID_E,97,418.9542793843622
ID_E,98,527.1381115061339
ID_E,99,458.51715019499
ID_E,100,567.6397134616898
ID_E,101,339.098802269995
ID_E,102,439.06964836383077
ID_E,103,405.74749503571746
ID_E,104,337.11925280122
ID_E,105,345.48426662780145
ID_E,106,425.0069175490293
ID_E,107,394.3499858904075
ID_E,108,436.75994185733305
ID_E,109,470.6764213698103
ID_E,110,299.38963590622785
ID_E,111,286.1757705294813
ID_E,112,406.05924694288814
ID_E,113,352.5450681978622
ID_E,114,380.9868427713522
ID_E,115,350.3827621041341
ID_E,116,517.5955507404605
ID_E,117,239.96770585577826
ID_E,118,384.6767647701675
ID_E,119,425.82919769469646
ID_E,120,443.6855005780388
ID_E,121,400.73922416318175
ID_E,122,416.006048872124
ID_E,123,375.194850399867
ID_E,124,326.8565269384747
ID_E,125,384.9818438315215
ID_E,126,359.0873309830088
ID_E,127,397.07627643331466
ID_E,128,520.3021784280802
ID_E,129,581.7345101926973
ID_E,130,654.0432942248111
ID_E,131,333.54205020840413
ID_E,132,415.46645890988714
ID_E,133,453.21293936501553
ID_E,134,618.1847772842183
ID_E,135,604.0677906769456
ID_E,136,640.4832175605746
ID_E,137,496.24400872378675
ID_E,138,452.16464295935424
ID_E,139,419.9190593066962
ID_E,140,674.4653752316419
ID_E,141,549.9686066464549
ID_E,142,556.6374324846435
ID_E,143,541.7337979617151
ID_E,144,685.0694607730148
ID_E,145,453.35444700825485
ID_E,146,426.9635401300805
ID_E,147,684.7542909397638
ID_E,148,529.856582097874
ID_E,149,539.312990708292
ID_E,150,711.9249542123819
ID_E,151,713.2414691693233
ID_E,152,671.7304229498518
ID_E,153,617.2351918563152
ID_E,154,720.2874979722579
ID_E,155,743.8014082548684
ID_E,156,864.3934735145831
ID_E,157,869.9819294494778
ID_E,158,840.4700820939031
ID_E,159,776.9654047335567
ID_E,160,831.2686355755752
ID_E,161,790.1636300395918
ID_E,162,744.192135122935
ID_E,163,928.5792766378718
ID_E,164,1049.8309462356758
ID_E,165,885.9876163023439
ID_E,166,649.3027874500476
ID_E,167,754.566024716309
ID_E,168,898.7873461081731
ID_E,169,1002.9677780013023
ID_E,170,919.1426892120775
ID_E,171,921.3373245415831
ID_E,172,982.7003942879131
ID_E,173,756.3457358409114
ID_E,174,867.6881214943958
ID_E,175,878.9311757369559
ID_E,176,914.5706173314088
ID_E,177,874.1021269846576
ID_E,178,1012.4273634938822
ID_E,179,918.4316827336098
ID_E,180,745.4521147841847
ID_E,181,875.3276271956621
ID_E,182,888.2770768659212
ID_E,183,1096.3951204519997
ID_E,184,932.7546757720539
ID_E,185,541.4973582438839
ID_E,186,815.5631180452382
ID_E,187,756.9365543646068
ID_E,188,1121.3759371838055
ID_E,189,981.6249921798862
ID_E,190,999.2335954873907
ID_E,191,1010.0196340402771
ID_E,192,919.6587526884279
ID_E,193,973.1914703404155
ID_E,194,814.6809023768355
ID_E,195,1084.6763056662837
ID_E,196,944.2853936384492
ID_E,197,886.467839319867
ID_E,198,979.7695739222556
ID_E,199,1149.0943811570073
ID_E,200,1102.8996156226103
ID_E,201,1106.4106161870807
ID_E,202,1161.2403246757626
ID_E,203,1097.616699253759
ID_E,204,1054.5899040554928
ID_E,205,1104.8777940991158
ID_E,206,1108.9088876304177
ID_E,207,1061.2016245021412
ID_E,208,901.7844227880704
ID_E,209,1094.195356046928
ID_E,210,1000.0152686378807
ID_E,211,918.291897653577
ID_E,212,1007.1478514153357
ID_E,213,869.0342978511843
ID_E,214,1003.850053414878
ID_E,215,847.235155317168
ID_E,216,888.5085491580242
ID_E,217,944.0435533694318
ID_E,218,825.9988116391777
ID_E,219,1128.8159697182205
ID_E,220,1113.1932986295612
ID_E,221,957.3605195152264
ID_E,222,943.8524997563793
ID_E,223,971.9697064308339
ID_E,224,1001.2393955324737
ID_E,225,921.4857846471447
ID_E,226,1023.918486879848
ID_E,227,1074.8342024336444
ID_E,228,939.7975275038858
ID_E,229,796.628705563662
ID_E,230,963.1527922137283
ID_E,231,865.6630186148656
ID_E,232,907.2820921439672
ID_E,233,877.5940948499974
ID_E,234,908.1553304518161
ID_E,235,837.6772909283335
ID_E,236,771.6782746834224
ID_E,237,1013.3007376126216
ID_E,238,945.161140769264
ID_E,239,887.2475479208804
ID_E,240,939.1381571422535
ID_E,241,982.7304715825248
ID_E,242,1058.0421978442637
ID_E,243,818.8812345215642
ID_E,244,789.5214680368643
ID_E,245,1023.352179003345
ID_E,246,836.8488813220861
ID_E,247,896.8576784752372
ID_E,248,980.3043033743077
ID_E,249,807.4816693638015
ID_E,250,767.4771261810986
ID_E,251,897.7771297476302
ID_E,252,824.3070064061715
ID_E,253,816.2131806744134
ID_E,254,749.8085599514809
ID_E,255,993.9087186799098
ID_E,256,870.8986911493492
ID_E,257,739.42026646727
ID_E,258,846.6453104253073
ID_E,259,808.9091313757214
ID_E,260,939.3275374506405
ID_E,261,877.0297635928434
ID_E,262,1081.2621943500515
ID_E,263,774.2177922572494
ID_E,264,717.064046778034
ID_E,265,704.8827098369218
ID_E,266,806.4746969684446
ID_E,267,768.416779670859
ID_E,268,843.1198440814948
ID_E,269,1000.6534934586988
ID_E,270,899.9081549439419
ID_E,271,636.0874788496811
ID_E,272,785.187256384709
ID_E,273,886.8018602744571
ID_E,274,600.3072226293425
ID_E,275,796.3840295285634
ID_E,276,970.0833595220505
ID_E,277,775.884488203756
ID_E,278,637.2452432614723
ID_E,279,695.5833268027926
ID_E,280,705.2506830062439
ID_E,281,663.0681151326653
ID_E,282,699.1534547522034
ID_E,283,775.5386984413219
ID_E,284,704.3919982745662
ID_E,285,580.633024269511
ID_E,286,537.8546450543433
ID_E,287,746.7714750160309
ID_E,288,778.6639136363991
ID_E,289,667.2741974969937
ID_E,290,779.6484632314882
ID_E,291,673.9633840540295
ID_E,292,466.5279641501868
ID_E,293,619.9039253674191
ID_E,294,626.4403707642634
ID_E,295,722.2833683161235
ID_E,296,625.9833738531047
ID_E,297,678.3263304593032
ID_E,298,654.0960363139717
ID_E,299,407.65352292842755
ID_E,300,484.80962353637665
ID_E,301,587.3444161697074
ID_E,302,481.68441203622274
ID_E,303,612.132338250514
ID_E,304,540.7755724584225
ID_E,305,342.0764090871635
ID_E,306,294.87006334806875
ID_E,307,297.49372057364934
ID_E,308,476.2196348542663
ID_E,309,275.580569820324
ID_E,310,438.3970009043222
ID_E,311,403.80366024211423
ID_E,312,381.4375181585715
ID_E,313,221.60048673520447
ID_E,314,363.4337751007201
ID_E,315,275.6464366392731
ID_E,316,294.8857031362661
ID_E,317,355.8715955132186
ID_E,318,314.1242293728843
ID_E,319,274.34125121831215
ID_E,320,183.65647523798623
ID_E,321,349.4828390857472
ID_E,322,297.2052816757674
ID_E,323,388.41714471647833
ID_E,324,266.4514990490087
ID_E,325,293.9018896400546
ID_E,326,380.6774859154256
ID_E,327,322.6840786427823
ID_E,328,278.2381647562252
ID_E,329,261.5039050402794
ID_E,330,327.83156662583696
ID_E,331,434.04415281120055
ID_E,332,110.69519496422868
ID_E,333,225.57813915369994
ID_E,334,419.54836524897286
ID_E,335,647.5702038163404
ID_E,336,673.9582034128263
ID_E,337,637.5833124515187
ID_E,338,610.5023676102536
ID_E,339,746.5138124336404
ID_E,340,560.1821480054705
ID_E,341,427.6411369338003
ID_E,342,499.7450816367972
ID_E,343,799.4349548614007
ID_E,344,629.3481487827905
ID_E,345,708.956553516514
ID_E,346,721.2845355200111
ID_E,347,665.880033846487
ID_E,348,482.0229621484081
ID_E,349,485.3332752809634
ID_E,350,641.1476694040546
ID_E,351,778.5810323803075
ID_E,352,671.8901848324826
ID_E,353,880.1689964317013
ID_E,354,1002.9832775384443
ID_E,355,788.8879046832222
ID_E,356,672.2497456916964
ID_E,357,783.410852337538
ID_E,358,558.024904610495
ID_E,359,395.36998632910814
ID_E,360,895.0514120687493
ID_E,361,889.8829021267628
ID_E,362,819.051530318571
ID_E,363,617.0872557650756
ID_E,364,855.8662537154804
ID_E,365,733.8934801388453
ID_S_OR_E,1,1964.3443622947366
ID_S_OR_E,2,2503.6637881617476
ID_S_OR_E,3,2613.4162253468007
ID_S_OR_E,4,2591.3941846670123
ID_S_OR_E,5,2679.2833148699897
ID_S_OR_E,6,1984.3082591648974
ID_S_OR_E,7,2271.97719942286
ID_S_OR_E,8,2479.8926238368026
ID_S_OR_E,9,2008.0899878309738
ID_S_OR_E,10,1974.4952291123352
ID_S_OR_E,11,2701.69255200653
ID_S_OR_E,12,1873.8963102770963
ID_S_OR_E,13,1488.210719318464
ID_S_OR_E,14,1500.2790803905189
ID_S_OR_E,15,2215.9825545588633
ID_S_OR_E,16,2040.1121994003645
ID_S_OR_E,17,1698.9191655701165
ID_S_OR_E,18,2270.79830787361
ID_S_OR_E,19,2218.232865458025
ID_S_OR_E,20,1456.4936760903793
ID_S_OR_E,21,1808.7390715771965
ID_S_OR_E,22,2349.2376945117076
ID_S_OR_E,23,2316.148372426803
ID_S_OR_E,24,2326.8381499910192
ID_S_OR_E,25,2702.420548089593
ID_S_OR_E,26,2239.373734296428
ID_S_OR_E,27,1443.474461822568
ID_S_OR_E,28,1776.3771222638215
ID_S_OR_E,29,2315.8562751950017
ID_S_OR_E,30,2240.3071756965137
ID_S_OR_E,31,2260.7255856276306
ID_S_OR_E,32,2458.6559329205447
ID_S_OR_E,33,2305.774618688375
ID_S_OR_E,34,1632.5579531193544
ID_S_OR_E,35,2027.9339543558526
ID_S_OR_E,36,2325.879072696512
ID_S_OR_E,37,2148.93431449067
ID_S_OR_E,38,2456.0531576633493
ID_S_OR_E,39,2688.6567554578346
ID_S_OR_E,40,2358.7442126260726
ID_S_OR_E,41,1720.1425910138078
ID_S_OR_E,42,1719.6993169772832
ID_S_OR_E,43,2260.246079569953
ID_S_OR_E,44,2413.817734491111
ID_S_OR_E,45,2512.4005824626856
ID_S_OR_E,46,2614.229690140488
ID_S_OR_E,47,2711.8450437110428
ID_S_OR_E,48,1775.6417840457511
ID_S_OR_E,49,1774.917992368166
ID_S_OR_E,50,2700.994193639947
ID_S_OR_E,51,2547.0075961947755
ID_S_OR_E,52,2524.005274648761
ID_S_OR_E,53,2891.1665933006516
ID_S_OR_E,54,2535.7553482246753
ID_S_OR_E,55,1852.0712634761867
ID_S_OR_E,56,2261.570684180414
ID_S_OR_E,57,2238.3177576840912
ID_S_OR_E,58,2558.776073360233
ID_S_OR_E,59,2468.9730466150745
ID_S_OR_E,60,2283.7462020234384
ID_S_OR_E,61,1566.1206200841225
ID_S_OR_E,62,2082.0651470456896
ID_S_OR_E,63,2413.1012607861226
ID_S_OR_E,64,2015.8232257390302
ID_S_OR_E,65,2423.417158878144
ID_S_OR_E,66,2413.1334652221517
ID_S_OR_E,67,2324.537007853068
ID_S_OR_E,68,1554.9554777347407
ID_S_OR_E,69,1852.6832769553312
ID_S_OR_E,70,2599.3815962259087
ID_S_OR_E,71,2534.52212952101
ID_S_OR_E,72,2400.1501670808443
ID_S_OR_E,73,2569.990520067438
ID_S_OR_E,74,2412.6563211139933
ID_S_OR_E,75,1720.1445745323824
ID_S_OR_E,76,2094.76645332444
ID_S_OR_E,77,2447.262065649132
ID_S_OR_E,78,2050.956104819508
ID_S_OR_E,79,2368.4564939838615
ID_S_OR_E,80,2546.9079821097325
ID_S_OR_E,81,2303.671268128723
ID_S_OR_E,82,1675.4855133097108
ID_S_OR_E,83,2192.8093386918476
ID_S_OR_E,84,2326.9028210262613
ID_S_OR_E,85,2336.5540472938583
ID_S_OR_E,86,2424.8468826896697
ID_S_OR_E,87,2636.2985549509913
ID_S_OR_E,88,2415.305331399784
ID_S_OR_E,89,1763.178993798882
ID_S_OR_E,90,1742.0129365232253
ID_S_OR_E,91,2291.659535731969
ID_S_OR_E,92,2249.5098397773927
ID_S_OR_E,93,2369.8975741290637
ID_S_OR_E,94,2117.231724630787
ID_S_OR_E,95,2105.33329764042
ID_S_OR_E,96,1720.5384635286666
ID_S_OR_E,97,1885.336603509758
ID_S_OR_E,98,2314.7013316130115
ID_S_OR_E,99,2391.860457042372
ID_S_OR_E,100,2468.5056922765284
ID_S_OR_E,101,2315.0400957652564
ID_S_OR_E,102,2236.9266944960177
ID_S_OR_E,103,1422.8458877013793
ID_S_OR_E,104,1764.8363479114316
ID_S_OR_E,105,2348.4120129040616
ID_S_OR_E,106,2501.4322378030597
ID_S_OR_E,107,2434.3397844942037
ID_S_OR_E,108,2501.0639045789435
ID_S_OR_E,109,2204.0182713567356
ID_S_OR_E,110,1245.2539870936728
ID_S_OR_E,111,1742.3800470530853
ID_S_OR_E,112,2127.9512444703273
ID_S_OR_E,113,2128.330407437191
ID_S_OR_E,114,2204.2133780488525
ID_S_OR_E,115,2370.2778150764675
ID_S_OR_E,116,2347.0405747297646
ID_S_OR_E,117,1432.4579718422474
ID_S_OR_E,118,1686.574841111845
ID_S_OR_E,119,2292.04326692455
ID_S_OR_E,120,2116.6569507897902
ID_S_OR_E,121,2545.390798600106
ID_S_OR_E,122,2634.428440866596
ID_S_OR_E,123,2072.8680809335406
ID_S_OR_E,124,1598.629264339697
ID_S_OR_E,125,2074.036717019787
ID_S_OR_E,126,2237.351843361982
ID_S_OR_E,127,2159.8831428252406
ID_S_OR_E,128,2291.479649362171
ID_S_OR_E,129,2502.7219732803737
ID_S_OR_E,130,2555.116424532016
ID_S_OR_E,131,1476.7303101482594
ID_S_OR_E,132,1786.7225816540608
ID_S_OR_E,133,2149.9452792276265
ID_S_OR_E,134,2411.9983118875066
ID_S_OR_E,135,2304.632399473297
ID_S_OR_E,136,2601.2536066914536
ID_S_OR_E,137,2182.4629418370664
ID_S_OR_E,138,1664.5938374578707
ID_S_OR_E,139,1853.3316179889125
ID_S_OR_E,140,2688.422257090486
ID_S_OR_E,141,2501.597912967037
ID_S_OR_E,142,2633.6822366648776
ID_S_OR_E,143,2943.2588314024442
ID_S_OR_E,144,2478.6147631303493
ID_S_OR_E,145,1597.8466669894615
ID_S_OR_E,146,1687.3501082347173
ID_S_OR_E,147,2093.8318048223923
ID_S_OR_E,148,2358.2955443233172
ID_S_OR_E,149,2733.1866172788164
ID_S_OR_E,150,2469.387256802046
ID_S_OR_E,151,2335.078958132594
ID_S_OR_E,152,1687.7067054929098
ID_S_OR_E,153,2250.4081283408773
ID_S_OR_E,154,2536.2655237943723
ID_S_OR_E,155,2469.3172084592475
ID_S_OR_E,156,2756.0510880072525
ID_S_OR_E,157,2856.0847975068696
ID_S_OR_E,158,2424.5955640126413
ID_S_OR_E,159,1874.7303358696665
ID_S_OR_E,160,2392.5596078473086
ID_S_OR_E,161,2635.738691124071
ID_S_OR_E,162,2248.8493152640553
ID_S_OR_E,163,2667.2483209641805
ID_S_OR_E,164,2702.066838013007
ID_S_OR_E,165,2271.260038554613
ID_S_OR_E,166,2018.0178758136208
ID_S_OR_E,167,2272.34527274597
ID_S_OR_E,168,2611.776438649262
ID_S_OR_E,169,2736.069841378685
ID_S_OR_E,170,2635.006051520876
ID_S_OR_E,171,2899.628733309557
ID_S_OR_E,172,2611.720553409381
ID_S_OR_E,173,2151.1326414172354
ID_S_OR_E,174,2381.86144284689
ID_S_OR_E,175,2436.274478008279
ID_S_OR_E,176,2857.0115598482475
ID_S_OR_E,177,2964.6798684959776
ID_S_OR_E,178,3329.328196950279
ID_S_OR_E,179,2877.8655773389382
ID_S_OR_E,180,2491.6007454600804
ID_S_OR_E,181,2492.7548520717687
ID_S_OR_E,182,3120.527156143376
ID_S_OR_E,183,2902.9881410121793
ID_S_OR_E,184,2670.5526785075285
ID_S_OR_E,185,1533.889243749823
ID_S_OR_E,186,2270.4064567737382
ID_S_OR_E,187,2526.0162808685227
ID_S_OR_E,188,3185.7650537578784
ID_S_OR_E,189,3177.8912643557373
ID_S_OR_E,190,4015.1082050284276
ID_S_OR_E,191,3309.017279980657
ID_S_OR_E,192,3729.111194289023
ID_S_OR_E,193,3561.4468780776115
ID_S_OR_E,194,2935.282962522634
ID_S_OR_E,195,3596.466192238603
ID_S_OR_E,196,3342.660344644382
ID_S_OR_E,197,3044.3016230005915
ID_S_OR_E,198,3518.1503466754157
ID_S_OR_E,199,3607.8997156627206
ID_S_OR_E,200,3121.9732753237377
ID_S_OR_E,201,2448.7566601687327
ID_S_OR_E,202,2832.749986682999
ID_S_OR_E,203,2990.7691156896867
ID_S_OR_E,204,3366.787428816195
ID_S_OR_E,205,3265.8390446057037
ID_S_OR_E,206,3256.15455820808
ID_S_OR_E,207,3199.767096948445
ID_S_OR_E,208,2537.676764777757
ID_S_OR_E,209,2988.34399415691
ID_S_OR_E,210,3364.8327182884873
ID_S_OR_E,211,3364.725269157626
ID_S_OR_E,212,3331.450142093476
ID_S_OR_E,213,3248.1029058710537
ID_S_OR_E,214,2831.363850793562
ID_S_OR_E,215,2148.4528152974144
ID_S_OR_E,216,2897.292931427119
ID_S_OR_E,217,3127.172337481366
ID_S_OR_E,218,2986.000933195758
ID_S_OR_E,219,3436.569710191834
ID_S_OR_E,220,3218.0421599967485
ID_S_OR_E,221,3235.014402067545
ID_S_OR_E,222,2268.1994249593326
ID_S_OR_E,223,3029.7440405593293
ID_S_OR_E,224,3006.052210775273
ID_S_OR_E,225,2998.601106952336
ID_S_OR_E,226,2997.259065254735
ID_S_OR_E,227,3143.28884821636
ID_S_OR_E,228,3087.984890635591
ID_S_OR_E,229,2095.066555990514
ID_S_OR_E,230,2942.6021701107343
ID_S_OR_E,231,2886.1737086472726
ID_S_OR_E,232,2721.6917518504733
ID_S_OR_E,233,2909.321702305098
ID_S_OR_E,234,3141.3882083961507
ID_S_OR_E,235,2963.8044925622858
ID_S_OR_E,236,2346.2912678623484
ID_S_OR_E,237,2886.04199829861
ID_S_OR_E,238,2842.2990058379164
ID_S_OR_E,239,2447.9157194432514
ID_S_OR_E,240,2943.770299625043
ID_S_OR_E,241,3163.146603363855
ID_S_OR_E,242,2889.221213806783
ID_S_OR_E,243,2147.5070325744155
ID_S_OR_E,244,1963.547439779125
ID_S_OR_E,245,2747.61178140904
ID_S_OR_E,246,2901.5094112659995
ID_S_OR_E,247,2967.624685134092
ID_S_OR_E,248,2724.350698757571
ID_S_OR_E,249,2955.7657512731776
ID_S_OR_E,250,2240.2328977064453
ID_S_OR_E,251,2560.776483152002
ID_S_OR_E,252,2714.059333994366
ID_S_OR_E,253,2537.0134295345133
ID_S_OR_E,254,2581.7047462640007
ID_S_OR_E,255,3055.225828692499
ID_S_OR_E,256,2703.635664395303
ID_S_OR_E,257,2051.3813543266688
ID_S_OR_E,258,2383.562116106401
ID_S_OR_E,259,2657.633059130098
ID_S_OR_E,260,2835.0247903679215
ID_S_OR_E,261,2746.090609796762
ID_S_OR_E,262,3032.9320489039133
ID_S_OR_E,263,2405.8463848982747
ID_S_OR_E,264,1688.4930597711582
ID_S_OR_E,265,2428.0981068563715
ID_S_OR_E,266,2504.1692341020675
ID_S_OR_E,267,2482.083862543511
ID_S_OR_E,268,2746.56605749688
ID_S_OR_E,269,2659.331397167315
ID_S_OR_E,270,2713.381171190992
ID_S_OR_E,271,1721.283859432571
ID_S_OR_E,272,2306.7815109124936
ID_S_OR_E,273,2504.3879123285246
ID_S_OR_E,274,2526.460495195348
ID_S_OR_E,275,2538.222138174908
ID_S_OR_E,276,2858.851518695466
ID_S_OR_E,277,2493.979847733444
ID_S_OR_E,278,1632.9621947194157
ID_S_OR_E,279,2539.1394512656702
ID_S_OR_E,280,2460.6907283274636
ID_S_OR_E,281,2714.019124124265
ID_S_OR_E,282,2505.6890722375697
ID_S_OR_E,283,2935.041430791079
ID_S_OR_E,284,2593.4577172096688
ID_S_OR_E,285,1754.0857241957244
ID_S_OR_E,286,2273.072422546997
ID_S_OR_E,287,2438.7897371275917
ID_S_OR_E,288,2527.0956574296606
ID_S_OR_E,289,2813.47405114314
ID_S_OR_E,290,2847.0330890432174
ID_S_OR_E,291,2416.2701805008487
ID_S_OR_E,292,1600.0135637387054
ID_S_OR_E,293,2262.1672933604373
ID_S_OR_E,294,2726.619659895101
ID_S_OR_E,295,2449.5771514095827
ID_S_OR_E,296,2757.9603400283972
ID_S_OR_E,297,2780.7141368412454
ID_S_OR_E,298,2736.347852034576
ID_S_OR_E,299,1511.4889834849453
ID_S_OR_E,300,2096.849246671636
ID_S_OR_E,301,2515.8022048965126
ID_S_OR_E,302,2217.3317743542434
ID_S_OR_E,303,2184.4736670703
ID_S_OR_E,304,2096.5202243475355
ID_S_OR_E,305,2249.4743414357386
ID_S_OR_E,306,1709.3631547923794
ID_S_OR_E,307,1852.999749257866
ID_S_OR_E,308,2216.0308744433296
ID_S_OR_E,309,1996.4320788629152
ID_S_OR_E,310,2217.368526850008
ID_S_OR_E,311,2535.4108569490845
ID_S_OR_E,312,2294.041330235167
ID_S_OR_E,313,1511.0246524130293
ID_S_OR_E,314,1919.8111783376883
ID_S_OR_E,315,2282.7966063828826
ID_S_OR_E,316,2323.580877167038
ID_S_OR_E,317,2524.484148857946
ID_S_OR_E,318,2624.7450857843173
ID_S_OR_E,319,2425.851126309705
ID_S_OR_E,320,1609.6835038331296
ID_S_OR_E,321,1853.8745559052197
ID_S_OR_E,322,2865.483118983514
ID_S_OR_E,323,2316.321062556103
ID_S_OR_E,324,2601.6462823124148
ID_S_OR_E,325,2823.4483437237723
ID_S_OR_E,326,2425.8479985423114
ID_S_OR_E,327,2161.154859136545
ID_S_OR_E,328,2030.1258166124062
ID_S_OR_E,329,2447.9208291907316
ID_S_OR_E,330,2579.021372972856
ID_S_OR_E,331,2547.676044587053
ID_S_OR_E,332,993.1811642262431
ID_S_OR_E,333,1719.959171105797
ID_S_OR_E,334,2062.6442975356376
ID_S_OR_E,335,2600.526154331977
ID_S_OR_E,336,2679.398613720844
ID_S_OR_E,337,2843.346069204267
ID_S_OR_E,338,2302.514736253611
ID_S_OR_E,339,2214.520202181065
ID_S_OR_E,340,2159.5477397820137
ID_S_OR_E,341,1730.6426388921757
ID_S_OR_E,342,1862.5970653022537
ID_S_OR_E,343,2655.8177685756796
ID_S_OR_E,344,2425.5245059520507
ID_S_OR_E,345,2304.262736584416
ID_S_OR_E,346,2589.6739557830397
ID_S_OR_E,347,2423.0243266814246
ID_S_OR_E,348,1729.7528044983444
ID_S_OR_E,349,2027.9932367125755
ID_S_OR_E,350,2546.0602772255525
ID_S_OR_E,351,2489.3235679567892
ID_S_OR_E,352,2921.213788353032
ID_S_OR_E,353,2890.1181920020467
ID_S_OR_E,354,3109.1466993535178
ID_S_OR_E,355,2325.0323649716497
ID_S_OR_E,356,2360.441414211265
ID_S_OR_E,357,2724.1634742904375
ID_S_OR_E,358,1762.5074010457558
ID_S_OR_E,359,1378.1506122845988
ID_S_OR_E,360,2817.501288628039
ID_S_OR_E,361,3115.614027910645
ID_S_OR_E,362,2466.027930652763
ID_S_OR_E,363,2194.1469363987517
ID_S_OR_E,364,3106.62210526759
ID_S_OR_E,365,2348.43136060835
MT_NE,1,7.929454701194557
MT_NE,2,13.598638696792696
MT_NE,3,47.0080542625089
MT_NE,4,47.64910732111133
MT_NE,5,41.834093726973464
MT_NE,6,20.293675709637927
MT_NE,7,20.728122553691264
MT_NE,8,38.16280900354716
MT_NE,9,43.02395440473878
MT_NE,10,51.24714110350189
MT_NE,11,25.79550122886375
MT_NE,12,35.07423910791082
MT_NE,13,12.19131710372825
MT_NE,14,11.092925812052298
MT_NE,15,26.231014896500636
MT_NE,16,45.73683780498726
MT_NE,17,29.58972574199089
MT_NE,18,44.26679823081698
MT_NE,19,45.84314561025227
MT_NE,20,20.37800976248353
MT_NE,21,18.085707978185255
MT_NE,22,36.54248983328673
MT_NE,23,55.382734122918116
MT_NE,24,48.781119139564794
MT_NE,25,48.31894296847978
MT_NE,26,43.690679625870196
MT_NE,27,29.19980871095528
MT_NE,28,16.460840016004738
MT_NE,29,41.596547255276775
MT_NE,30,38.59494481236634
MT_NE,31,48.010379207802806
MT_NE,32,36.96840191995491
MT_NE,33,33.9620680716609
MT_NE,34,18.521444191107616
MT_NE,35,13.972770544518763
MT_NE,36,27.21122423229054
MT_NE,37,26.253069148839735
MT_NE,38,19.86265525712623
MT_NE,39,25.177438638819122
MT_NE,40,31.977126843315457
MT_NE,41,20.89113897826848
MT_NE,42,9.640399129480315
MT_NE,43,30.265100889814327
MT_NE,44,36.16696407867956
MT_NE,45,26.920454427228165
MT_NE,46,29.354066961644243
MT_NE,47,23.989230520101586
MT_NE,48,17.837954534356985
MT_NE,49,15.966885281477019
MT_NE,50,20.523197046742027
MT_NE,51,28.09662169957123
MT_NE,52,39.60455269558488
MT_NE,53,38.09039250569172
MT_NE,54,29.563684083195646
MT_NE,55,14.483104158703153
MT_NE,56,11.79382782911688
MT_NE,57,26.403675747200616
MT_NE,58,35.50644183216498
MT_NE,59,29.269623543378387
MT_NE,60,42.987247353361404
MT_NE,61,23.70687111150304
MT_NE,62,12.088746320913698
MT_NE,63,26.60940177842993
MT_NE,64,43.94863436582096
MT_NE,65,40.63246476474537
MT_NE,66,28.87192067045796
MT_NE,67,31.46255865886499
MT_NE,68,24.809731808285257
MT_NE,69,11.679536334319003
MT_NE,70,24.38600392171306
MT_NE,71,50.27669585406151
MT_NE,72,48.83410885662147
MT_NE,73,39.40145060401295
MT_NE,74,33.423365074590215
MT_NE,75,18.940467067364846
MT_NE,76,26.35455438906705
MT_NE,77,21.808581736257576
MT_NE,78,41.36607458619376
MT_NE,79,42.118887797772146
MT_NE,80,46.77798934996549
MT_NE,81,37.12138893895893
MT_NE,82,17.077671688681956
MT_NE,83,16.63891731576149
MT_NE,84,31.963430176760408
MT_NE,85,32.117597865103015
MT_NE,86,31.888055374706337
MT_NE,87,30.734241183028086
MT_NE,88,24.20813560133827
MT_NE,89,23.087963974420084
MT_NE,90,12.539162099713893
MT_NE,91,44.2240120070959
MT_NE,92,67.66157138187786
MT_NE,93,70.38872374654528
MT_NE,94,55.30124209116845
MT_NE,95,60.62245274761328
MT_NE,96,37.28199263341075
MT_NE,97,34.11653457949862
MT_NE,98,42.09311414854704
MT_NE,99,86.3312502370886
MT_NE,100,78.99431392837639
MT_NE,101,64.0363858213677
MT_NE,102,74.63624569696871
MT_NE,103,44.2465078418951
MT_NE,104,26.805524091201733
MT_NE,105,40.57476903782963
MT_NE,106,84.7296596424677
MT_NE,107,80.61570205589098
MT_NE,108,87.93552850215704
MT_NE,109,59.64020078274822
MT_NE,110,40.05071256499607
MT_NE,111,48.32383041932588
MT_NE,112,62.6070702155871
MT_NE,113,69.36072988123622
MT_NE,114,70.43029867300008
MT_NE,115,76.48773713055972
MT_NE,116,88.54699140672206
MT_NE,117,47.860665313895396
MT_NE,118,38.852021761384805
MT_NE,119,60.889661828700554
MT_NE,120,78.0758189473968
MT_NE,121,69.36080927301244
MT_NE,122,60.832168474798685
MT_NE,123,45.505029500334736
MT_NE,124,29.108107659109972
MT_NE,125,43.21278097067856
MT_NE,126,45.47869793662601
MT_NE,127,49.187699861932984
MT_NE,128,43.14071004622368
MT_NE,129,51.29163436253151
MT_NE,130,57.99960271792319
MT_NE,131,33.266472856308
MT_NE,132,36.43001165875671
MT_NE,133,38.7193624825669
MT_NE,134,68.38219568961726
MT_NE,135,64.16212681188885
MT_NE,136,71.64452500374264
MT_NE,137,58.75812574590563
MT_NE,138,54.179757809252024
MT_NE,139,33.615691966861206
MT_NE,140,78.91259107749671
MT_NE,141,94.32227500258752
MT_NE,142,70.13868507144298
MT_NE,143,76.91581530659256
MT_NE,144,65.00596385312977
MT_NE,145,51.790422365836584
MT_NE,146,42.38335328059208
MT_NE,147,33.02018732019367
MT_NE,148,35.89892883613986
MT_NE,149,68.89435224099236
MT_NE,150,64.4527817399158
MT_NE,151,87.29031905519328
MT_NE,152,20.3481585402495
MT_NE,153,12.187353754715168
MT_NE,154,17.935811382663882
MT_NE,155,26.480753338441634
MT_NE,156,29.70070036960932
MT_NE,157,18.735132029330536
MT_NE,158,20.82076953253516
MT_NE,159,20.191676523529438
MT_NE,160,13.067303065085044
MT_NE,161,22.474436148236034
MT_NE,162,29.27796522851736
MT_NE,163,23.23153193695372
MT_NE,164,21.574534129160362
MT_NE,165,22.38426615803297
MT_NE,166,18.890799262010542
MT_NE,167,11.82268494356484
MT_NE,168,17.39325661681057
MT_NE,169,34.78113521971941
MT_NE,170,21.213861965508478
MT_NE,171,26.024111742212412
MT_NE,172,31.085723141047072
MT_NE,173,19.33444753968751
MT_NE,174,14.45672524184303
MT_NE,175,17.326471224416323
MT_NE,176,25.263182740588
MT_NE,177,28.116778934998116
MT_NE,178,29.57500376617892
MT_NE,179,25.069549381661208
MT_NE,180,17.615984277715043
MT_NE,181,15.325198055051136
MT_NE,182,17.129947875792677
MT_NE,183,19.780428937472983
MT_NE,184,13.456179113624579
MT_NE,185,7.345867717707343
MT_NE,186,13.62122840449445
MT_NE,187,16.57996898440662
MT_NE,188,9.427707972430351
MT_NE,189,15.517987835350876
MT_NE,190,19.52343733511127
MT_NE,191,20.09452013281613
MT_NE,192,20.47116404290069
MT_NE,193,20.203803464890502
MT_NE,194,15.058558197325356
MT_NE,195,8.93231719701009
MT_NE,196,14.188346301115319
MT_NE,197,24.762466556639712
MT_NE,198,19.46330924860533
MT_NE,199,17.760082037593946
MT_NE,200,13.328824606654646
MT_NE,201,13.847648325138337
MT_NE,202,7.728867791618877
MT_NE,203,14.307664466164548
MT_NE,204,17.322709755579613
MT_NE,205,19.15415778718582
MT_NE,206,13.141516844283366
MT_NE,207,18.239280468880764
MT_NE,208,16.06576982884992
MT_NE,209,9.87079789920696
MT_NE,210,8.447290037069864
MT_NE,211,19.761533828238385
MT_NE,212,17.591892463299335
MT_NE,213,13.941142070899572
MT_NE,214,17.01976525870979
MT_NE,215,15.578859347959567
MT_NE,216,10.171761926136222
MT_NE,217,13.880708734362287
MT_NE,218,26.423839006769306
MT_NE,219,21.354324941349496
MT_NE,220,20.2523971964946
MT_NE,221,17.09233012465805
MT_NE,222,15.84331289770923
MT_NE,223,10.869375506754336
MT_NE,224,16.502067802196976
MT_NE,225,23.451244769412746
MT_NE,226,22.99450005640613
MT_NE,227,23.556106429175372
MT_NE,228,14.774416356552578
MT_NE,229,12.49950146082502
MT_NE,230,7.27217623078463
MT_NE,231,12.311797381494316
MT_NE,232,20.677601299989785
MT_NE,233,19.881486643877544
MT_NE,234,13.355558938362387
MT_NE,235,16.69854721673025
MT_NE,236,19.447370821675886
MT_NE,237,11.729027184968071
MT_NE,238,15.026276407801982
MT_NE,239,17.460974519012257
MT_NE,240,19.993669374964327
MT_NE,241,18.796844497878833
MT_NE,242,13.624046996547323
MT_NE,243,14.688992174721403
MT_NE,244,14.273790906209094
MT_NE,245,21.031649635794178
MT_NE,246,20.818229594818682
MT_NE,247,25.268575423373623
MT_NE,248,30.64962299223465
MT_NE,249,27.509846111442382
MT_NE,250,19.45568569737144
MT_NE,251,21.17935213171766
MT_NE,252,24.755212635442916
MT_NE,253,32.03641329037558
MT_NE,254,35.086825336606985
MT_NE,255,26.55748935833517
MT_NE,256,25.04996144342852
MT_NE,257,15.134206695308322
MT_NE,258,17.363899539743226
MT_NE,259,26.67137362859309
MT_NE,260,32.50126846373531
MT_NE,261,26.50589373577908
MT_NE,262,34.515384950294255
MT_NE,263,29.611370316975083
MT_NE,264,19.278331080589233
MT_NE,265,19.798886299288085
MT_NE,266,26.2497917446291
MT_NE,267,30.769405604378715
MT_NE,268,33.60525274491146
MT_NE,269,30.38729783192203
MT_NE,270,37.999763880143895
MT_NE,271,23.898347508869932
MT_NE,272,23.433261824276936
MT_NE,273,29.27414785645298
MT_NE,274,81.35010462155135
MT_NE,275,66.72241815200768
MT_NE,276,58.50475129971489
MT_NE,277,68.11872090686866
MT_NE,278,43.556828151401554
MT_NE,279,36.59408870980989
MT_NE,280,58.550508507935675
MT_NE,281,78.11962921083668
MT_NE,282,74.03265514431841
MT_NE,283,57.83151555423763
MT_NE,284,58.38886694084226
MT_NE,285,33.57288843718002
MT_NE,286,22.430906325972337
MT_NE,287,43.84154108193697
MT_NE,288,70.79437930832543
MT_NE,289,60.28818896135306
MT_NE,290,57.2521851882176
MT_NE,291,58.51791827024668
MT_NE,292,35.01239356773573
MT_NE,293,41.746581506067905
MT_NE,294,59.29268464942253
MT_NE,295,73.05252168491313
MT_NE,296,59.44098710758047
MT_NE,297,70.07277376465048
MT_NE,298,56.2564110502496
MT_NE,299,27.09732180147333
MT_NE,300,46.865319619280726
MT_NE,301,57.14306234313336
MT_NE,302,54.666567590474095
MT_NE,303,57.50318190592663
MT_NE,304,63.243914282160866
MT_NE,305,84.11881879001072
MT_NE,306,60.686721571766704
MT_NE,307,59.44598024239739
MT_NE,308,71.41529758230803
MT_NE,309,83.67123939495454
MT_NE,310,87.62053773648735
MT_NE,311,95.37231582955512
MT_NE,312,97.94651142765854
MT_NE,313,97.07921487830954
MT_NE,314,74.88553284465051
MT_NE,315,78.14231196948718
MT_NE,316,97.60817573830244
MT_NE,317,103.15016375147503
MT_NE,318,92.58227080097721
MT_NE,319,78.3161556709604
MT_NE,320,75.34523051137393
MT_NE,321,38.98858767887865
MT_NE,322,111.17232263347698
MT_NE,323,105.04494364606715
MT_NE,324,116.97173648541002
MT_NE,325,99.80489775857787
MT_NE,326,65.35269269898254
MT_NE,327,71.26254509608799
MT_NE,328,64.78516187867564
MT_NE,329,56.28566497200713
MT_NE,330,114.49096376177715
MT_NE,331,95.7164747928775
MT_NE,332,30.528220498215703
MT_NE,333,62.03520772068674
MT_NE,334,78.09671883948664
MT_NE,335,26.49953403764361
MT_NE,336,31.13337765380605
MT_NE,337,36.94188626259488
MT_NE,338,35.53731548835898
MT_NE,339,50.51806641691129
MT_NE,340,53.724952040700344
MT_NE,341,27.13483433904814
MT_NE,342,32.39979522564066
MT_NE,343,49.975604715768924
MT_NE,344,43.927781204257585
MT_NE,345,45.79936016748432
MT_NE,346,38.2238335635699
MT_NE,347,39.434614297775774
MT_NE,348,17.38774914244134
MT_NE,349,19.264675951542266
MT_NE,350,34.93389943931251
MT_NE,351,45.987039279216845
MT_NE,352,36.396709626992056
MT_NE,353,37.877437375614186
MT_NE,354,31.061921032065683
MT_NE,355,19.79273026896351
MT_NE,356,14.902695014956809
MT_NE,357,20.015374881286633
MT_NE,358,22.56824565969087
MT_NE,359,7.59119372101387
MT_NE,360,16.243006450351263
MT_NE,361,20.69737225395523
MT_NE,362,21.152583059567824
MT_NE,363,14.86848731918531
MT_NE,364,14.841428165144183
MT_NE,365,22.553010176985318
MT_NW,1,26.50484689451176
MT_NW,2,27.705520540921572
MT_NW,3,58.08409005006115
MT_NW,4,102.80800979175852
MT_NW,5,107.33013930385368
MT_NW,6,41.988338851334824
MT_NW,7,50.10979722455682
MT_NW,8,81.59740765730767
MT_NW,9,79.74100269690732
MT_NW,10,75.93865612967117
MT_NW,11,54.10238733975556
MT_NW,12,73.12378743879385
MT_NW,13,21.197863787565204
MT_NW,14,48.167042937161035
MT_NW,15,43.883454768660265
MT_NW,16,80.64387189911263
MT_NW,17,67.16943641117818
MT_NW,18,91.92384650983227
MT_NW,19,92.18145080410237
MT_NW,20,28.969127261774855
MT_NW,21,54.90666385491468
MT_NW,22,71.9862349308542
MT_NW,23,78.59780944717792
MT_NW,24,63.701624182089425
MT_NW,25,97.14621395698097
MT_NW,26,72.65664749439132
MT_NW,27,44.27748810473715
MT_NW,28,41.12986952283798
MT_NW,29,44.53487888487307
MT_NW,30,21.811719314611786
MT_NW,31,49.578930132095245
MT_NW,32,35.321165737644286
MT_NW,33,27.296575437088357
MT_NW,34,20.620164313055916
MT_NW,35,14.312125299817325
MT_NW,36,25.559846009776958
MT_NW,37,26.80524266660453
MT_NW,38,31.747890426972713
MT_NW,39,34.13792968058981
MT_NW,40,33.55725808337132
MT_NW,41,19.40910795919149
MT_NW,42,12.77994062761235
MT_NW,43,45.8753456836202
MT_NW,44,33.52058208773409
MT_NW,45,27.588074522461408
MT_NW,46,37.76035922197919
MT_NW,47,32.07763730566337
MT_NW,48,17.1289985811383
MT_NW,49,19.892232176214673
MT_NW,50,18.936041563020527
MT_NW,51,28.07784148571352
MT_NW,52,28.08128457703209
MT_NW,53,27.767042508230315
MT_NW,54,27.497558716610445
MT_NW,55,13.326838634944552
MT_NW,56,15.972112917932689
MT_NW,57,33.99917877563334
MT_NW,58,52.25577561287728
MT_NW,59,27.104122107612774
MT_NW,60,46.20846450915385
MT_NW,61,25.436013456258525
MT_NW,62,19.541627980769665
MT_NW,63,27.186785411298192
MT_NW,64,42.477783735692284
MT_NW,65,39.12591794086886
MT_NW,66,37.20630493080302
MT_NW,67,32.33293363431182
MT_NW,68,19.611571609387557
MT_NW,69,18.501204307697385
MT_NW,70,28.289597339817725
MT_NW,71,54.571049070974155
MT_NW,72,37.747964506317835
MT_NW,73,34.254488222159054
MT_NW,74,31.353553579923965
MT_NW,75,17.26074484882702
MT_NW,76,18.737778885298198
MT_NW,77,27.487973713720802
MT_NW,78,39.15800118428512
MT_NW,79,31.805084482126368
MT_NW,80,44.86077683444052
MT_NW,81,31.827057020691118
MT_NW,82,20.769459210959887
MT_NW,83,21.39680177207177
MT_NW,84,34.25726660244502
MT_NW,85,35.49360444386692
MT_NW,86,30.20025777199711
MT_NW,87,36.317692201821615
MT_NW,88,27.700141233069616
MT_NW,89,21.83869583975826
MT_NW,90,16.165538656958717
MT_NW,91,57.50728867953236
MT_NW,92,59.63797129374661
MT_NW,93,62.96195132627203
MT_NW,94,60.37952323417474
MT_NW,95,62.89814013135003
MT_NW,96,37.826337978305645
MT_NW,97,43.44866636497035
MT_NW,98,61.801970743017144
MT_NW,99,76.96801872454253
MT_NW,100,69.64315695121455
MT_NW,101,65.16978290996192
MT_NW,102,60.61537596269829
MT_NW,103,45.23870025864866
MT_NW,104,39.11218394328209
MT_NW,105,61.07431135334329
MT_NW,106,82.19310537182317
MT_NW,107,73.84592485511828
MT_NW,108,102.3035554922521
MT_NW,109,61.518945887351045
MT_NW,110,33.183388729787616
MT_NW,111,52.01470196510291
MT_NW,112,63.83385759687792
MT_NW,113,67.57591485996508
MT_NW,114,82.78886390760532
MT_NW,115,84.7658068364135
MT_NW,116,81.63744050488849
MT_NW,117,63.36518032532674
MT_NW,118,50.986501434458766
MT_NW,119,99.26837536491338
MT_NW,120,71.62611237405373
MT_NW,121,191.19340537315517
MT_NW,122,202.1627736487135
MT_NW,123,236.73589241811842
MT_NW,124,107.4831716127829
MT_NW,125,154.46582047628542
MT_NW,126,174.786589811578
MT_NW,127,209.08052526662786
MT_NW,128,208.99526758275053
MT_NW,129,229.97636418866924
MT_NW,130,250.8431238542955
MT_NW,131,146.28205223814842
MT_NW,132,153.259402043375
MT_NW,133,185.3567414059429
MT_NW,134,255.6793996777926
MT_NW,135,206.45408664603605
MT_NW,136,279.19102462905977
MT_NW,137,286.401715902556
MT_NW,138,184.67712226989678
MT_NW,139,223.08341210231578
MT_NW,140,285.8058939541413
MT_NW,141,324.32374714784515
MT_NW,142,243.12361902339808
MT_NW,143,310.07025319925054
MT_NW,144,342.3989136694412
MT_NW,145,190.58903776073703
MT_NW,146,159.91529063161505
MT_NW,147,169.4561482379024
MT_NW,148,204.3066100415048
MT_NW,149,255.82715384745853
MT_NW,150,252.7103572655491
MT_NW,151,281.76335484632204
MT_NW,152,197.02341710308997
MT_NW,153,222.7254880766915
MT_NW,154,361.36462892859953
MT_NW,155,300.26869461475377
MT_NW,156,366.3579865764331
MT_NW,157,294.9772229325281
MT_NW,158,343.35247025397905
MT_NW,159,214.943320942186
MT_NW,160,208.4330227633936
MT_NW,161,323.19504583931007
MT_NW,162,316.9634179921025
MT_NW,163,359.8732024397275
MT_NW,164,253.11183591176436
MT_NW,165,325.01832150380244
MT_NW,166,255.40466756823747
MT_NW,167,200.46252850882703
MT_NW,168,256.2025775453749
MT_NW,169,290.7781763074525
MT_NW,170,206.20615795019089
MT_NW,171,302.67230811486587
MT_NW,172,301.03053442476414
MT_NW,173,253.85791265566175
MT_NW,174,199.08397193791413
MT_NW,175,313.7380294048756
MT_NW,176,294.6045665596582
MT_NW,177,246.68200961014261
MT_NW,178,339.17516055333107
MT_NW,179,327.42886211851516
MT_NW,180,237.431997895675
MT_NW,181,243.05320322349982
MT_NW,182,229.0324385586606
MT_NW,183,213.62264263153276
MT_NW,184,173.34882739900988
MT_NW,185,112.68403219448841
MT_NW,186,169.09678429969642
MT_NW,187,211.51069323798168
MT_NW,188,143.77230512594784
MT_NW,189,185.21079803310167
MT_NW,190,172.89313789055274
MT_NW,191,281.3220036496286
MT_NW,192,252.10208443463628
MT_NW,193,265.42444046064134
MT_NW,194,204.35328072704266
MT_NW,195,180.1529388196965
MT_NW,196,223.27329362907312
MT_NW,197,245.4312019327238
MT_NW,198,226.2819976741147
MT_NW,199,244.36694367530075
MT_NW,200,229.99796854485174
MT_NW,201,198.47637767607313
MT_NW,202,123.68072062513063
MT_NW,203,196.71454680908442
MT_NW,204,222.43688361669027
MT_NW,205,254.28568213164874
MT_NW,206,196.24466690735522
MT_NW,207,257.22310712460717
MT_NW,208,239.75598875242517
MT_NW,209,159.12364468894836
MT_NW,210,179.78445800474336
MT_NW,211,197.65768336464726
MT_NW,212,256.5603853962305
MT_NW,213,210.18422444247093
MT_NW,214,262.1409230811438
MT_NW,215,224.91357828935546
MT_NW,216,187.20406616514703
MT_NW,217,306.94502813687905
MT_NW,218,239.95703507798524
MT_NW,219,217.98638601247995
MT_NW,220,243.93015217203865
MT_NW,221,199.06583768844277
MT_NW,222,181.77069783992297
MT_NW,223,224.32428468386078
MT_NW,224,245.16433475101897
MT_NW,225,193.10483143795358
MT_NW,226,233.710026709473
MT_NW,227,280.45860883240323
MT_NW,228,205.06471514280983
MT_NW,229,160.15126251392755
MT_NW,230,141.90582703306615
MT_NW,231,124.69764111393242
MT_NW,232,222.12399900194504
MT_NW,233,210.48056193346753
MT_NW,234,237.43734752527598
MT_NW,235,273.5801645413542
MT_NW,236,165.9635035971518
MT_NW,237,218.2167405951018
MT_NW,238,173.31210188832983
MT_NW,239,170.0873888667675
MT_NW,240,249.19375586244448
MT_NW,241,243.1755010484172
MT_NW,242,183.99570820738126
MT_NW,243,146.4217802187265
MT_NW,244,194.91763229002444
MT_NW,245,241.02725953372416
MT_NW,246,205.17917299039817
MT_NW,247,220.1854839276143
MT_NW,248,266.200611306568
MT_NW,249,317.8704958084172
MT_NW,250,119.2154495273492
MT_NW,251,189.55439145628822
MT_NW,252,242.31655167084404
MT_NW,253,175.31783213894144
MT_NW,254,262.4803544117591
MT_NW,255,249.6554480892021
MT_NW,256,259.0111480468172
MT_NW,257,180.05682805976602
MT_NW,258,176.359180800943
MT_NW,259,242.78420185975966
MT_NW,260,239.8206627342117
MT_NW,261,302.2411690940899
MT_NW,262,227.76505655356934
MT_NW,263,264.25503348121447
MT_NW,264,160.9405979274256
MT_NW,265,147.60699606036724
MT_NW,266,200.9474030105624
MT_NW,267,198.93575098458822
MT_NW,268,211.0374570911675
MT_NW,269,166.06957747230516
MT_NW,270,271.9224077784237
MT_NW,271,122.56663933954917
MT_NW,272,173.28569870218934
MT_NW,273,238.6837333943392
MT_NW,274,159.32738425533384
MT_NW,275,175.0593216769206
MT_NW,276,232.9997385457432
MT_NW,277,216.73722217410304
MT_NW,278,143.84823078808327
MT_NW,279,213.88308118332301
MT_NW,280,241.89929263474093
MT_NW,281,264.54942341158744
MT_NW,282,203.64083001597828
MT_NW,283,236.98611940067642
MT_NW,284,214.94119659348559
MT_NW,285,142.08038513042922
MT_NW,286,138.989456486188
MT_NW,287,220.8201013547656
MT_NW,288,203.07011042016111
MT_NW,289,179.17037423229368
MT_NW,290,212.10339607250936
MT_NW,291,213.47434130564247
MT_NW,292,99.80685112586781
MT_NW,293,201.60072327184042
MT_NW,294,159.209845370427
MT_NW,295,175.2685041741314
MT_NW,296,155.09645204210625
MT_NW,297,178.12065487750468
MT_NW,298,172.66532464725046
MT_NW,299,76.90817589889473
MT_NW,300,120.42115063018063
MT_NW,301,155.07829983722263
MT_NW,302,185.99084566098085
MT_NW,303,148.3691070426709
MT_NW,304,150.24050895802245
MT_NW,305,247.71307062555633
MT_NW,306,137.0801064901759
MT_NW,307,211.17125150401858
MT_NW,308,212.49542380466738
MT_NW,309,220.77250977128534
MT_NW,310,238.7434915578053
MT_NW,311,301.12838834401657
MT_NW,312,194.87908762711552
MT_NW,313,174.46788024912678
MT_NW,314,210.2706632347157
MT_NW,315,186.43649858915313
MT_NW,316,242.8613180823503
MT_NW,317,231.80339543019414
MT_NW,318,210.24739903673196
MT_NW,319,248.45809286014097
MT_NW,320,180.91981225414702
MT_NW,321,175.9149747962638
MT_NW,322,251.97176357761907
MT_NW,323,204.724025468513
MT_NW,324,217.14329804186946
MT_NW,325,211.24862362698966
MT_NW,326,256.3815327031283
MT_NW,327,198.2816641881717
MT_NW,328,193.18192619032027
MT_NW,329,176.40914609571308
MT_NW,330,301.4616661867186
MT_NW,331,247.20878462533202
MT_NW,332,129.28781702653527
MT_NW,333,195.08298146368048
MT_NW,334,186.34597844756178
MT_NW,335,104.48786614202693
MT_NW,336,112.32356441335716
MT_NW,337,115.98193782277755
MT_NW,338,120.90820788431202
MT_NW,339,116.889422955143
MT_NW,340,110.71395956903838
MT_NW,341,77.72281958489786
MT_NW,342,98.99598944536241
MT_NW,343,130.1994346181883
MT_NW,344,97.53882415022541
MT_NW,345,135.49908071707364
MT_NW,346,126.6041247670142
MT_NW,347,94.99973935903976
MT_NW,348,64.60112715548169
MT_NW,349,67.036606050567
MT_NW,350,79.6126348587916
MT_NW,351,116.99315845693963
MT_NW,352,84.85654593581474
MT_NW,353,100.39253893217527
MT_NW,354,105.64960445681608
MT_NW,355,65.68639660628965
MT_NW,356,36.86978588038507
MT_NW,357,56.87394433904994
MT_NW,358,59.55682139797538
MT_NW,359,37.20902028401924
MT_NW,360,68.43801615964539
MT_NW,361,70.4014815004624
MT_NW,362,49.75288356647385
MT_NW,363,63.42973677680501
MT_NW,364,66.77806332605161
MT_NW,365,81.66271879121005
MT_SE,1,79.755034687168
MT_SE,2,132.87895396957597
MT_SE,3,225.37048095068369
MT_SE,4,316.60586180656196
MT_SE,5,276.4451394484783
MT_SE,6,130.9464042098669
MT_SE,7,120.59904883215128
MT_SE,8,207.7249567481972
MT_SE,9,257.7760698210602
MT_SE,10,274.7768128548904
MT_SE,11,231.61289687110474
MT_SE,12,149.04829012041648
MT_SE,13,84.5609957837907
MT_SE,14,47.590206202909215
MT_SE,15,62.221065637404976
MT_SE,16,222.39840633318045
MT_SE,17,245.08338909847708
MT_SE,18,213.79709024455994
MT_SE,19,227.4853424844654
MT_SE,20,126.8300339519421
MT_SE,21,108.93663937784856
MT_SE,22,169.84108365504724
MT_SE,23,283.14610421524816
MT_SE,24,261.5517525379707
MT_SE,25,275.3190137124772
MT_SE,26,212.81337392449285
MT_SE,27,154.59798278070082
MT_SE,28,113.5250659920766
MT_SE,29,148.81076801619372
MT_SE,30,202.2235967622162
MT_SE,31,237.50084776296688
MT_SE,32,276.7060155770956
MT_SE,33,239.9062566605425
MT_SE,34,151.33795957746793
MT_SE,35,112.14068188536032
MT_SE,36,195.48882479611885
MT_SE,37,233.60931471061576
MT_SE,38,195.0336760139147
MT_SE,39,241.80299580841125
MT_SE,40,265.8892749873132
MT_SE,41,158.26023779060404
MT_SE,42,76.86577281225993
MT_SE,43,205.06503205619282
MT_SE,44,294.44643140861865
MT_SE,45,274.0597681615158
MT_SE,46,225.487322543468
MT_SE,47,208.56236979330924
MT_SE,48,128.5055134877997
MT_SE,49,96.50889787141045
MT_SE,50,140.79075527014163
MT_SE,51,203.74969274873726
MT_SE,52,231.45181079632368
MT_SE,53,248.24488010768823
MT_SE,54,230.29178444863567
MT_SE,55,107.17013951412743
MT_SE,56,116.02782224849753
MT_SE,57,189.16690321195665
MT_SE,58,301.3059135809317
MT_SE,59,250.77721916702833
MT_SE,60,257.33700657786306
MT_SE,61,151.2149546527645
MT_SE,62,110.04439709418642
MT_SE,63,201.82623496726035
MT_SE,64,256.73953881806375
MT_SE,65,261.1855014656565
MT_SE,66,231.65292490299188
MT_SE,67,220.65354603729088
MT_SE,68,138.0158665585983
MT_SE,69,103.51894022205636
MT_SE,70,191.8405251949266
MT_SE,71,297.60080093485317
MT_SE,72,263.5829080590342
MT_SE,73,287.0509760439139
MT_SE,74,234.53820209702644
MT_SE,75,103.38818838295235
MT_SE,76,109.79408126338636
MT_SE,77,157.75641336062918
MT_SE,78,243.64113751602486
MT_SE,79,248.90644081211644
MT_SE,80,332.7877289544737
MT_SE,81,250.90794703919377
MT_SE,82,132.77291805189805
MT_SE,83,84.9472519109666
MT_SE,84,196.48324967642384
MT_SE,85,270.0510899214817
MT_SE,86,240.8846509857523
MT_SE,87,251.92389485681713
MT_SE,88,228.4966644109587
MT_SE,89,158.38716652330822
MT_SE,90,85.88598602502998
MT_SE,91,283.7174602967297
MT_SE,92,397.0134379720724
MT_SE,93,443.40586693175624
MT_SE,94,339.0115601487293
MT_SE,95,403.9119322870296
MT_SE,96,161.9690920196574
MT_SE,97,208.49093076907948
MT_SE,98,351.6675214921449
MT_SE,99,466.4933391117384
MT_SE,100,488.24460431520436
MT_SE,101,436.9920484441667
MT_SE,102,487.94210523253486
MT_SE,103,239.23939134077108
MT_SE,104,177.57791480620938
MT_SE,105,335.1519828724083
MT_SE,106,441.2939272759203
MT_SE,107,553.1644571200418
MT_SE,108,586.3013101198413
MT_SE,109,415.1056569333179
MT_SE,110,229.37901383028748
MT_SE,111,278.45102357450156
MT_SE,112,323.2978344167524
MT_SE,113,485.77209962773713
MT_SE,114,436.93911247187987
MT_SE,115,483.48049202672155
MT_SE,116,515.6052479641587
MT_SE,117,261.802336521748
MT_SE,118,245.78938682517483
MT_SE,119,467.6403769093647
MT_SE,120,528.2868472326566
MT_SE,121,450.6005063576865
MT_SE,122,433.54801107617885
MT_SE,123,402.2807545472747
MT_SE,124,197.27935127792523
MT_SE,125,221.13314630655114
MT_SE,126,286.95582447750746
MT_SE,127,333.68103097890327
MT_SE,128,432.37950187850015
MT_SE,129,439.14928792679734
MT_SE,130,422.93117154025117
MT_SE,131,214.46653663837586
MT_SE,132,228.61215550824528
MT_SE,133,314.8526479219724
MT_SE,134,452.29102589419466
MT_SE,135,463.61114666492284
MT_SE,136,537.3753199685755
MT_SE,137,493.6003903170131
MT_SE,138,299.5312557268985
MT_SE,139,303.38631779678025
MT_SE,140,380.7241314577505
MT_SE,141,564.753953292845
MT_SE,142,473.73242699416954
MT_SE,143,476.94967398513097
MT_SE,144,427.40319139349606
MT_SE,145,280.28693898710225
MT_SE,146,268.63776357730967
MT_SE,147,218.75285399660487
MT_SE,148,377.2343622911594
MT_SE,149,429.5385093723488
MT_SE,150,555.6994506190509
MT_SE,151,483.5528334542394
MT_SE,152,243.04947195434502
MT_SE,153,196.77945954162504
MT_SE,154,261.77246840934583
MT_SE,155,323.521984467734
MT_SE,156,300.5203735377387
MT_SE,157,311.54840698738883
MT_SE,158,321.47241571936127
MT_SE,159,204.9925732830225
MT_SE,160,189.10556972988022
MT_SE,161,313.021431399379
MT_SE,162,326.7435430343962
MT_SE,163,394.72457577679666
MT_SE,164,297.947490882771
MT_SE,165,293.07496201838023
MT_SE,166,207.19186161616605
MT_SE,167,172.85631324134636
MT_SE,168,238.9325888391851
MT_SE,169,322.3447168387391
MT_SE,170,292.85153531737416
MT_SE,171,337.31116674124536
MT_SE,172,330.6918406182507
MT_SE,173,207.71363858224902
MT_SE,174,216.4414069612892
MT_SE,175,238.03479173786204
MT_SE,176,298.04186302516666
MT_SE,177,335.20349280443656
MT_SE,178,359.3399792906332
MT_SE,179,286.88870774057307
MT_SE,180,192.5327995310541
MT_SE,181,150.87490491409335
MT_SE,182,234.8628138786628
MT_SE,183,253.97703008642333
MT_SE,184,259.0197873252652
MT_SE,185,120.47050372239445
MT_SE,186,190.59833205874799
MT_SE,187,157.82198402415253
MT_SE,188,133.75436804663062
MT_SE,189,216.7279252549436
MT_SE,190,252.27761648653623
MT_SE,191,266.8523720453829
MT_SE,192,275.5892107138958
MT_SE,193,275.48765602606375
MT_SE,194,191.76381907346672
MT_SE,195,156.14158242424614
MT_SE,196,284.5370792102934
MT_SE,197,294.4340203752204
MT_SE,198,300.23273907147404
MT_SE,199,303.34220087027046
MT_SE,200,258.09153769817095
MT_SE,201,180.50194249469752
MT_SE,202,152.09594537242177
MT_SE,203,195.84120592751387
MT_SE,204,276.31185271413636
MT_SE,205,300.33557191678534
MT_SE,206,269.388544678775
MT_SE,207,290.7258201057958
MT_SE,208,218.1370429034308
MT_SE,209,208.19277407996123
MT_SE,210,247.62928277793483
MT_SE,211,266.39402012318317
MT_SE,212,262.6030950662248
MT_SE,213,288.7826895836314
MT_SE,214,245.5481990777226
MT_SE,215,188.8747478562362
MT_SE,216,155.31210430206556
MT_SE,217,257.6355971099281
MT_SE,218,278.3265919887431
MT_SE,219,351.97887144351245
MT_SE,220,307.26640346232796
MT_SE,221,243.27520533560474
MT_SE,222,161.4155609131691
MT_SE,223,198.26204332170994
MT_SE,224,218.58507029293568
MT_SE,225,268.1129906620629
MT_SE,226,293.0496303226363
MT_SE,227,300.95348276588686
MT_SE,228,239.35013276732255
MT_SE,229,187.84635512733735
MT_SE,230,153.1083308956488
MT_SE,231,180.84306228137984
MT_SE,232,282.11776544138377
MT_SE,233,303.6983287798586
MT_SE,234,287.4822929010322
MT_SE,235,306.3307510048881
MT_SE,236,194.5692931195737
MT_SE,237,175.00300319098216
MT_SE,238,218.13863604260172
MT_SE,239,260.98463170438254
MT_SE,240,303.92437472562807
MT_SE,241,274.8297662950697
MT_SE,242,243.84090036858416
MT_SE,243,146.35406153888954
MT_SE,244,215.7079759889929
MT_SE,245,210.70610588931862
MT_SE,246,237.19891176882732
MT_SE,247,357.01476619591824
MT_SE,248,340.39621020068995
MT_SE,249,378.34899451041275
MT_SE,250,266.9739390949566
MT_SE,251,221.63430078494935
MT_SE,252,307.6695439305122
MT_SE,253,297.2396087774596
MT_SE,254,324.5465130437158
MT_SE,255,380.83421011421245
MT_SE,256,376.773940714452
MT_SE,257,216.7325239605295
MT_SE,258,199.0396407172547
MT_SE,259,309.03563487118834
MT_SE,260,381.2542552849679
MT_SE,261,333.2355192934213
MT_SE,262,362.1928334224433
MT_SE,263,344.7591067960201
MT_SE,264,209.06302465765938
MT_SE,265,185.32182231787996
MT_SE,266,322.3915996686287
MT_SE,267,340.5765831313058
MT_SE,268,362.06274430782867
MT_SE,269,335.492528213643
MT_SE,270,404.8316672283472
MT_SE,271,232.377032303501
MT_SE,272,181.8349928330437
MT_SE,273,305.6965357210146
MT_SE,274,527.1881512806748
MT_SE,275,493.11823665582506
MT_SE,276,521.4407083622012
MT_SE,277,532.4175218919136
MT_SE,278,272.06859763140517
MT_SE,279,343.0456998928395
MT_SE,280,454.47347584667733
MT_SE,281,624.2221840186735
MT_SE,282,506.7325340114092
MT_SE,283,491.54107061694066
MT_SE,284,438.1121049059612
MT_SE,285,318.07012856635384
MT_SE,286,286.18944165796756
MT_SE,287,443.3892344961381
MT_SE,288,519.4684093765652
MT_SE,289,576.0658288066445
MT_SE,290,519.5463612663214
MT_SE,291,461.41566353684703
MT_SE,292,284.2917599218312
MT_SE,293,289.7256947721675
MT_SE,294,451.00469348660727
MT_SE,295,650.3795930736223
MT_SE,296,587.1232285678878
MT_SE,297,501.3698613625285
MT_SE,298,455.34981178828195
MT_SE,299,218.19783752633592
MT_SE,300,285.02552842073635
MT_SE,301,332.9481436951875
MT_SE,302,484.73391183779154
MT_SE,303,448.99687133331526
MT_SE,304,517.1378819036933
MT_SE,305,598.6055943317708
MT_SE,306,417.1200523186416
MT_SE,307,421.7673554723109
MT_SE,308,599.5029668347131
MT_SE,309,727.8493327575283
MT_SE,310,704.7910184888366
MT_SE,311,658.4367495061219
MT_SE,312,578.5804139518596
MT_SE,313,433.7894234062027
MT_SE,314,430.94633296204165
MT_SE,315,560.2808168008573
MT_SE,316,779.6529373296098
MT_SE,317,725.8665163089663
MT_SE,318,759.6028895333611
MT_SE,319,720.6975926551777
MT_SE,320,373.6221373545535
MT_SE,321,369.4988591857612
MT_SE,322,683.1151401282661
MT_SE,323,746.0016658506829
MT_SE,324,675.637644313781
MT_SE,325,848.9949682952242
MT_SE,326,897.1838102548959
MT_SE,327,400.7945357595022
MT_SE,328,394.3209602380847
MT_SE,329,610.7725866146603
MT_SE,330,692.2485567778888
MT_SE,331,715.6064868099304
MT_SE,332,170.19753256093782
MT_SE,333,621.3021339484012
MT_SE,334,418.5506388738297
MT_SE,335,282.76420509506266
MT_SE,336,362.7953089626763
MT_SE,337,386.772350905066
MT_SE,338,501.531880551385
MT_SE,339,465.261460198691
MT_SE,340,459.75395691404213
MT_SE,341,250.53317632778223
MT_SE,342,242.7192323741019
MT_SE,343,411.3304615234355
MT_SE,344,516.6956460616574
MT_SE,345,575.7251215913383
MT_SE,346,458.0194869915394
MT_SE,347,436.46603541077167
MT_SE,348,213.440714545409
MT_SE,349,209.8762515025004
MT_SE,350,331.2231794987454
MT_SE,351,469.57765144887844
MT_SE,352,365.7941987476725
MT_SE,353,392.12551838220446
MT_SE,354,312.98307279726794
MT_SE,355,169.62229562857155
MT_SE,356,150.75962474434607
MT_SE,357,253.67634507108463
MT_SE,358,264.62245029275243
MT_SE,359,125.84081318282729
MT_SE,360,228.9100329514727
MT_SE,361,275.9072978214666
MT_SE,362,218.1158501787207
MT_SE,363,171.18748604122246
MT_SE,364,208.70609927237325
MT_SE,365,302.0266133329537
MT_SW,1,1711.8222926203389
MT_SW,2,2231.819537103287
MT_SW,3,2238.6267384628954
MT_SW,4,2088.9746831083603
MT_SW,5,2014.2250357189666
MT_SW,6,1697.6077964025076
MT_SW,7,1835.7912310632187
MT_SW,8,1902.5761702937941
MT_SW,9,1455.4465604581565
MT_SW,10,1619.9422423781798
MT_SW,11,1634.9624915508919
MT_SW,12,1731.457808639272
MT_SW,13,990.0618730616709
MT_SW,14,1215.4301472533934
MT_SW,15,1796.236320213224
MT_SW,16,1638.2687308010327
MT_SW,17,1520.6426565383213
MT_SW,18,1627.478370387847
MT_SW,19,1742.6305867547403
MT_SW,20,1282.258322014134
MT_SW,21,1456.1148571264125
MT_SW,22,1471.184997268162
MT_SW,23,1472.881428153963
MT_SW,24,1663.3667707978382
MT_SW,25,1832.1077247347182
MT_SW,26,1765.7310144042535
MT_SW,27,1293.7653349114478
MT_SW,28,1472.8427655324037
MT_SW,29,1420.2146616310606
MT_SW,30,1380.5001409400893
MT_SW,31,1699.866397061735
MT_SW,32,1761.3925464055321
MT_SW,33,1826.336216920979
MT_SW,34,1305.060534523301
MT_SW,35,1613.8215444371847
MT_SW,36,1781.8072341406867
MT_SW,37,1598.4510244275211
MT_SW,38,1410.760238076058
MT_SW,39,2005.5969112970847
MT_SW,40,1943.27353938823
MT_SW,41,1367.9159853791607
MT_SW,42,1268.0242822479386
MT_SW,43,1668.7377585940876
MT_SW,44,1613.923453316611
MT_SW,45,1587.109260003167
MT_SW,46,2335.2004200370334
MT_SW,47,2224.533342658113
MT_SW,48,1841.1222899067093
MT_SW,49,1606.1855841403628
MT_SW,50,2634.2975792036405
MT_SW,51,2147.3008506229876
MT_SW,52,1957.224207536814
MT_SW,53,2002.1947017685527
MT_SW,54,1742.5169934242354
MT_SW,55,1536.6984354110853
MT_SW,56,1792.5064470112236
MT_SW,57,1399.475316820455
MT_SW,58,1806.333315555138
MT_SW,59,1744.5243597842314
MT_SW,60,1865.7846070845808
MT_SW,61,1573.2498743830663
MT_SW,62,1688.0039262466385
MT_SW,63,1774.6418155280808
MT_SW,64,1781.693339171634
MT_SW,65,1879.92993507871
MT_SW,66,1911.116214787607
MT_SW,67,1924.3983269613923
MT_SW,68,1766.0866024948166
MT_SW,69,1993.013002201414
MT_SW,70,1843.0414515139598
MT_SW,71,1757.070647353057
MT_SW,72,1898.2317059773472
MT_SW,73,2031.4158945080953
MT_SW,74,1957.0467348542138
MT_SW,75,1684.1746246174014
MT_SW,76,1977.9380497598931
MT_SW,77,1770.0189195500564
MT_SW,78,1556.0640126813503
MT_SW,79,1822.4147221761425
MT_SW,80,1808.2766695630262
MT_SW,81,2058.8204976685897
MT_SW,82,1569.3530152705532
MT_SW,83,1728.9349527949305
MT_SW,84,1677.6575493028283
MT_SW,85,1696.0719056877158
MT_SW,86,1872.0426432717095
MT_SW,87,2173.656712268619
MT_SW,88,2375.117204174295
MT_SW,89,1673.0512223848768
MT_SW,90,1454.9615265462296
MT_SW,91,1761.846869765271
MT_SW,92,1476.8118156292078
MT_SW,93,1546.6832893340093
MT_SW,94,1434.0933942188035
MT_SW,95,1557.8774488177567
MT_SW,96,1232.9903073046896
MT_SW,97,1511.0131642876968
MT_SW,98,1345.962192381615
MT_SW,99,1426.969250020804
MT_SW,100,1398.2715874760006
MT_SW,101,1392.1044052670447
MT_SW,102,1330.6136875770042
MT_SW,103,936.0255687634008
MT_SW,104,1189.6646059869681
MT_SW,105,1375.3307247072357
MT_SW,106,1151.3140718747886
MT_SW,107,1187.0743083877871
MT_SW,108,1181.959336834486
MT_SW,109,1261.9871434350036
MT_SW,110,991.9075252156523
MT_SW,111,1102.2793801950183
MT_SW,112,1168.1163754373931
MT_SW,113,1327.2344928547764
MT_SW,114,1223.1958691647637
MT_SW,115,1252.411068918007
MT_SW,116,1381.5791674238974
MT_SW,117,947.7929700826624
MT_SW,118,1103.6441000388013
MT_SW,119,1137.449914281787
MT_SW,120,1118.64659522549
MT_SW,121,1225.7368145215053
MT_SW,122,1162.6694028633726
MT_SW,123,1208.1282204726392
MT_SW,124,893.5727078494442
MT_SW,125,1057.5648719209023
MT_SW,126,1126.1248974987166
MT_SW,127,1172.898490206555
MT_SW,128,1391.8378930850222
MT_SW,129,1420.1300639062272
MT_SW,130,1381.0529778841874
MT_SW,131,1051.5607786668197
MT_SW,132,1102.311135834993
MT_SW,133,1332.9356631109683
MT_SW,134,1300.3941492282938
MT_SW,135,1423.018041320253
MT_SW,136,1399.7287007369744
MT_SW,137,1441.8454120104775
MT_SW,138,897.3928316571961
MT_SW,139,1161.9406613134063
MT_SW,140,1269.2996169728508
MT_SW,141,1400.1522348108724
MT_SW,142,1436.120084067067
MT_SW,143,1530.0067437272653
MT_SW,144,1712.8475463907223
MT_SW,145,1221.9737552585816
MT_SW,146,1095.134254657899
MT_SW,147,1344.8257852147715
MT_SW,148,1322.7120476434145
MT_SW,149,1305.7558515463502
MT_SW,150,1316.6042885382008
MT_SW,151,1412.2793533265985
MT_SW,152,1495.1415714295924
MT_SW,153,1543.0894292773423
MT_SW,154,1443.014709016709
MT_SW,155,1570.181277382018
MT_SW,156,1959.6687825535375
MT_SW,157,1880.3909639272601
MT_SW,158,1848.7346056002548
MT_SW,159,1623.521107952045
MT_SW,160,1600.038855387708
MT_SW,161,1927.0440925761588
MT_SW,162,1864.864031519593
MT_SW,163,2259.321362920025
MT_SW,164,2083.84553618171
MT_SW,165,1842.3271121265689
MT_SW,166,1866.7934530308573
MT_SW,167,1625.335989873127
MT_SW,168,1958.2340262970076
MT_SW,169,2221.8625793929386
MT_SW,170,2077.541927673824
MT_SW,171,2092.2237004045446
MT_SW,172,2112.512475677362
MT_SW,173,1884.2821769701739
MT_SW,174,2188.981940027738
MT_SW,175,1913.5144685785224
MT_SW,176,1906.9019304857281
MT_SW,177,2289.941780628308
MT_SW,178,2361.846769908455
MT_SW,179,2279.116686622914
MT_SW,180,2227.048141082285
MT_SW,181,2340.2255034093887
MT_SW,182,2358.7426116029164
MT_SW,183,2274.716796831152
MT_SW,184,2407.401276533167
MT_SW,185,1469.4761349821413
MT_SW,186,2201.6460547761526
MT_SW,187,2378.2418190478074
MT_SW,188,2771.5986154247835
MT_SW,189,2300.0296272559326
MT_SW,190,2341.241401890034
MT_SW,191,2395.0559506809795
MT_SW,192,2769.6996249397384
MT_SW,193,2730.2377598091603
MT_SW,194,2328.8933211522667
MT_SW,195,2602.2072639448797
MT_SW,196,2416.039940258754
MT_SW,197,2518.343761134551
MT_SW,198,2448.5017332233037
MT_SW,199,2579.883916247194
MT_SW,200,2495.347069444799
MT_SW,201,2233.6535755541654
MT_SW,202,2969.2709857775185
MT_SW,203,2345.670140650485
MT_SW,204,2341.8434987005676
MT_SW,205,2446.792626680461
MT_SW,206,2668.83531759563
MT_SW,207,2484.5697200515215
MT_SW,208,2339.2627284970654
MT_SW,209,2303.356094524751
MT_SW,210,2026.9697897372812
MT_SW,211,2296.0390418746483
MT_SW,212,2661.2252675101777
MT_SW,213,2428.55676974436
MT_SW,214,2161.563237957964
MT_SW,215,2246.0667728921458
MT_SW,216,2385.1502784764198
MT_SW,217,2066.0095413199647
MT_SW,218,2163.1810896281604
MT_SW,219,2432.4949939858143
MT_SW,220,2403.8534555251586
MT_SW,221,2578.903667579466
MT_SW,222,2200.208623877391
MT_SW,223,2519.865455152205
MT_SW,224,2179.7098009109204
MT_SW,225,2249.53336104647
MT_SW,226,2334.286623196652
MT_SW,227,2300.6669001874866
MT_SW,228,2228.51413177135
MT_SW,229,1969.9988719095293
MT_SW,230,2353.832499988365
MT_SW,231,1975.593630840434
MT_SW,232,2010.299182960239
MT_SW,233,2168.123445933542
MT_SW,234,2371.2059842090966
MT_SW,235,2337.5657116102807
MT_SW,236,1952.9578101942056
MT_SW,237,2232.188115420852
MT_SW,238,2018.8428926736535
MT_SW,239,2076.0703647489136
MT_SW,240,2219.7517814290313
MT_SW,241,2241.8281221571433
MT_SW,242,2242.569004957598
MT_SW,243,1637.3369558592913
MT_SW,244,1749.877522248091
MT_SW,245,2147.6201777148954
MT_SW,246,1815.76980481811
MT_SW,247,1754.7633460084871
MT_SW,248,1952.181704386558
MT_SW,249,1999.8434202857748
MT_SW,250,1490.003772553467
MT_SW,251,2220.09110649323
MT_SW,252,1800.2201575856711
MT_SW,253,1812.681260043674
MT_SW,254,1952.6773154473979
MT_SW,255,1944.422332816805
MT_SW,256,2038.8829530540672
MT_SW,257,1440.3143337654542
MT_SW,258,1948.3763824607458
MT_SW,259,1743.6881814601325
MT_SW,260,1839.7887794560213
MT_SW,261,1793.9436536643086
MT_SW,262,2135.1802163099624
MT_SW,263,1874.1462206951169
MT_SW,264,1426.2620874839797
MT_SW,265,1716.666276323234
MT_SW,266,1721.0152503840486
MT_SW,267,1627.2989480271667
MT_SW,268,1716.908964758504
MT_SW,269,1941.0928275434335
MT_SW,270,1643.481141808762
MT_SW,271,1358.7886993812756
MT_SW,272,1709.6071702174158
MT_SW,273,1678.6291806547674
MT_SW,274,1364.955438246647
MT_SW,275,1453.1656958854371
MT_SW,276,1539.230667673205
MT_SW,277,1388.7299051412929
MT_SW,278,1180.8162872814858
MT_SW,279,1457.7533995142321
MT_SW,280,1192.179263700988
MT_SW,281,1145.742564309604
MT_SW,282,1370.222049072913
MT_SW,283,1462.8610850489733
MT_SW,284,1466.8430491689146
MT_SW,285,1144.1201945725925
MT_SW,286,1334.1574792138338
MT_SW,287,1458.4066237035033
MT_SW,288,1338.464622574602
MT_SW,289,1456.53098630288
MT_SW,290,1412.6112852862216
MT_SW,291,1271.5810504096598
MT_SW,292,1007.1093037460287
MT_SW,293,1175.7101277833815
MT_SW,294,1224.9942881679572
MT_SW,295,1348.2766037140261
MT_SW,296,1136.059007041824
MT_SW,297,1341.4642481988324
MT_SW,298,1380.4554788148253
MT_SW,299,812.8976604377432
MT_SW,300,1080.332713549332
MT_SW,301,1136.0907533085738
MT_SW,302,1145.2561594133504
MT_SW,303,1114.0462368421483
MT_SW,304,1099.450609511024
MT_SW,305,836.0332008838596
MT_SW,306,749.9788019438438
MT_SW,307,758.9138767992137
MT_SW,308,800.2912834552923
MT_SW,309,766.3927873363011
MT_SW,310,894.7352815243446
MT_SW,311,904.1933079968871
MT_SW,312,832.6847978472936
MT_SW,313,678.8897552275
MT_SW,314,727.8617974979426
MT_SW,315,815.8260619769226
MT_SW,316,724.2245414494256
MT_SW,317,885.4560929937848
MT_SW,318,899.1429147983739
MT_SW,319,880.6660921078623
MT_SW,320,690.9339721235577
MT_SW,321,666.7047193268677
MT_SW,322,718.7919935392076
MT_SW,323,850.7591029055
MT_SW,324,889.6400300573082
MT_SW,325,944.2278587272771
MT_SW,326,866.1948298205473
MT_SW,327,1001.1426641689022
MT_SW,328,923.5730547592057
MT_SW,329,940.9444136329005
MT_SW,330,1190.351811985891
MT_SW,331,940.7396630744898
MT_SW,332,401.2348192853219
MT_SW,333,813.8411422692337
MT_SW,334,994.5998542839443
MT_SW,335,1550.2685813875746
MT_SW,336,1422.0827907704977
MT_SW,337,1372.945344112483
MT_SW,338,1316.2158497220958
MT_SW,339,1405.7575648269535
MT_SW,340,1274.1745926343524
MT_SW,341,992.7560816350491
MT_SW,342,1190.3506627909044
MT_SW,343,1347.4365301484374
MT_SW,344,1260.7881574251353
MT_SW,345,1294.8488706325513
MT_SW,346,1410.8867525960447
MT_SW,347,1357.43465273275
MT_SW,348,1100.6260283697316
MT_SW,349,1309.2569331914883
MT_SW,350,1405.714287775233
MT_SW,351,1340.2159397084902
MT_SW,352,1425.396956286246
MT_SW,353,1862.5554539222271
MT_SW,354,2199.7157659013533
MT_SW,355,1996.1738996100084
MT_SW,356,1835.303083239423
MT_SW,357,1689.7226149159987
MT_SW,358,1198.120757333428
MT_SW,359,1113.903654675214
MT_SW,360,2290.986344520454
MT_SW,361,2638.979142306612
MT_SW,362,1970.6133905278957
MT_SW,363,1771.6307083042464
MT_SW,364,1791.1202059746904
MT_SW,365,1679.0676316826004
NM_N,1,1341.1804983541663
NM_N,2,1802.1835094987057
NM_N,3,1994.9925706187194
NM_N,4,1718.3863327874622
NM_N,5,2120.740591036981
NM_N,6,1542.3415492272993
NM_N,7,1341.193163988368
NM_N,8,1793.8317256102155
NM_N,9,1768.6690962487905
NM_N,10,2137.507280881065
NM_N,11,1768.6888085438409
NM_N,12,1894.4183624058508
NM_N,13,1450.1550370058037
NM_N,14,1508.8315000645453
NM_N,15,1567.4994701354472
NM_N,16,1894.4120990036613
NM_N,17,1994.9841870799455
NM_N,18,2347.0542693521343
NM_N,19,2112.3587917038594
NM_N,20,1450.145680647928
NM_N,21,1550.742548572177
NM_N,22,2062.056772816628
NM_N,23,2062.0493142369987
NM_N,24,2246.4682654542257
NM_N,25,2321.90831320208
NM_N,26,2045.291404774183
NM_N,27,1316.020013542023
NM_N,28,1559.1287584182792
NM_N,29,1961.4780343938646
NM_N,30,1978.234941978025
NM_N,31,1994.986119012194
NM_N,32,2045.3200918395064
NM_N,33,1869.2901367451252
NM_N,34,1391.4851328879552
NM_N,35,1768.7044063583485
NM_N,36,2204.590408640353
NM_N,37,2078.847842769753
NM_N,38,2070.4625606610375
NM_N,39,2137.528286629852
NM_N,40,2129.1430462144954
NM_N,41,1391.4894496816694
NM_N,42,1341.196761236116
NM_N,43,2011.7907633898192
NM_N,44,2120.7539729216096
NM_N,45,2011.7821488324778
NM_N,46,2078.850384898124
NM_N,47,2070.465820772559
NM_N,48,1290.8986764307856
NM_N,49,1550.7606222032373
NM_N,50,1936.3511262782904
NM_N,51,1844.143585368073
NM_N,52,1978.2566338696943
NM_N,53,2330.320682619209
NM_N,54,2070.4667269445704
NM_N,55,1324.4282964822137
NM_N,56,1533.9939207546106
NM_N,57,1818.9904382092207
NM_N,58,1642.9614594290629
NM_N,59,2313.554366194023
NM_N,60,2212.9635930304376
NM_N,61,1483.6950618635108
NM_N,62,1601.0524814498483
NM_N,63,2187.826052769164
NM_N,64,2187.821368218823
NM_N,65,2204.5785154944715
NM_N,66,2171.0527335036622
NM_N,67,2263.2635777719006
NM_N,68,1550.7561019308246
NM_N,69,1659.7268301684605
NM_N,70,1978.265054754722
NM_N,71,2045.3171136295653
NM_N,72,1919.5826719180106
NM_N,73,2623.7005294405294
NM_N,74,1642.9640517677403
NM_N,75,1525.604147313371
NM_N,76,1533.9898398580267
NM_N,77,2414.1484597972885
NM_N,78,2254.8743256220355
NM_N,79,2330.329032021224
NM_N,80,2246.496974917669
NM_N,81,2045.3186521564849
NM_N,82,1450.1663701449265
NM_N,83,1458.5510604272874
NM_N,84,2162.67864784034
NM_N,85,2137.519874667361
NM_N,86,2162.679742104948
NM_N,87,2187.817620790795
NM_N,88,1919.5884885906546
NM_N,89,1198.6932646530147
NM_N,90,1316.0456578085425
NM_N,91,1835.762944573057
NM_N,92,1969.8798276674108
NM_N,93,2070.4739770694746
NM_N,94,1986.6444057099886
NM_N,95,1819.0019911817112
NM_N,96,1307.6633953166565
NM_N,97,1710.0298031047657
NM_N,98,2087.242092980425
NM_N,99,2020.1752607896392
NM_N,100,2129.1510772238676
NM_N,101,2313.5676293745755
NM_N,102,2120.76903289375
NM_N,103,1458.5528639293655
NM_N,104,1642.969269976279
NM_N,105,1651.3508970540172
NM_N,106,2112.3808372139015
NM_N,107,1969.884202161455
NM_N,108,2212.9682498806096
NM_N,109,2254.881976609929
NM_N,110,1341.1961459845986
NM_N,111,1911.2099118251185
NM_N,112,1944.7338634419527
NM_N,113,2137.5259980421533
NM_N,114,2246.506907851912
NM_N,115,2087.230140345779
NM_N,116,2045.3225256146027
NM_N,117,1483.692515631446
NM_N,118,1626.2032505122393
NM_N,119,1995.0330479820461
NM_N,120,2162.678065784649
NM_N,121,1944.7402303434849
NM_N,122,2238.123203129263
NM_N,123,2036.9443667136488
NM_N,124,1374.7295811823592
NM_N,125,1693.265737293979
NM_N,126,1927.971725510217
NM_N,127,2229.7406437331774
NM_N,128,2070.475411257761
NM_N,129,2305.184642207815
NM_N,130,1969.887035324275
NM_N,131,1416.641702957314
NM_N,132,1726.7945770880212
NM_N,133,2347.0989936817095
NM_N,134,2330.3274060530193
NM_N,135,2087.2429546911944
NM_N,136,2036.9413064245157
NM_N,137,2204.592106281743
NM_N,138,1559.140285085827
NM_N,139,1684.882643256936
NM_N,140,2347.1024825111317
NM_N,141,2053.7107864599025
NM_N,142,2254.891911177308
NM_N,143,2280.039337810474
NM_N,144,2078.860642142639
NM_N,145,1416.6393134156854
NM_N,146,1718.4130126910075
NM_N,147,2003.4171065598753
NM_N,148,2087.237523663585
NM_N,149,2405.777247694621
NM_N,150,2028.5638386407454
NM_N,151,2338.7156673187624
NM_N,152,1492.0813470250723
NM_N,153,1617.8155336605716
NM_N,154,2095.6203585403023
NM_N,155,2045.3177485333283
NM_N,156,2145.911499819298
NM_N,157,2271.6522968784825
NM_N,158,2070.4683111913873
NM_N,159,1441.7837950760484
NM_N,160,1743.5550253778824
NM_N,161,2095.6219684540306
NM_N,162,2246.493854992094
NM_N,163,2271.6519535699545
NM_N,164,2204.5838023331867
NM_N,165,2087.237229163419
NM_N,166,1500.4610598294598
NM_N,167,1684.8754015352517
NM_N,168,2087.230688758715
NM_N,169,2372.2263070204485
NM_N,170,1927.9662528864553
NM_N,171,2162.675516808611
NM_N,172,2078.851154162904
NM_N,173,1601.0542480172862
NM_N,174,1735.1738611957762
NM_N,175,2171.0564745198785
NM_N,176,2137.51569136588
NM_N,177,2120.7675368734317
NM_N,178,2414.1571122903792
NM_N,179,2338.707500452389
NM_N,180,1592.6667969651455
NM_N,181,1617.816745576694
NM_N,182,1944.73967542568
NM_N,183,2112.3882400102434
NM_N,184,2112.385277920768
NM_N,185,1299.284358220841
NM_N,186,1617.8226154154277
NM_N,187,1567.5247129304196
NM_N,188,1726.7935186341042
NM_N,189,1995.0353491673604
NM_N,190,1986.6502488451852
NM_N,191,2212.9788407624064
NM_N,192,2372.243942739912
NM_N,193,2238.1233078101623
NM_N,194,1559.1421972222765
NM_N,195,1785.4704919649096
NM_N,196,2212.9807596200208
NM_N,197,2112.3853234806074
NM_N,198,2321.949363682048
NM_N,199,2422.5432813542243
NM_N,200,2020.179188153287
NM_N,201,1450.17140930405
NM_N,202,1701.6483205248496
NM_N,203,2053.712012245935
NM_N,204,2129.152677007089
NM_N,205,2120.7737530105865
NM_N,206,2229.742556551348
NM_N,207,2363.8614914215927
NM_N,208,1617.8228372054948
NM_N,209,1701.6480420636058
NM_N,210,2070.479277302008
NM_N,211,2246.508038755409
NM_N,212,2104.006819422722
NM_N,213,2288.4142708146046
NM_N,214,2221.3565142995903
NM_N,215,1592.669510761358
NM_N,216,1869.2862052771177
NM_N,217,1852.5276371416503
NM_N,218,2011.7883722583974
NM_N,219,2112.382197991058
NM_N,220,2263.2639574190334
NM_N,221,2456.0664935425716
NM_N,222,1659.7278023452507
NM_N,223,1810.616959633162
NM_N,224,2137.5279882821633
NM_N,225,2162.6718566886066
NM_N,226,2137.528247223248
NM_N,227,2414.1505878127973
NM_N,228,2020.176735009044
NM_N,229,1592.6670605647944
NM_N,230,2062.086797513449
NM_N,231,2254.8850629053863
NM_N,232,2179.4318892575707
NM_N,233,2414.1447086061457
NM_N,234,2481.205515583333
NM_N,235,2154.291470772695
NM_N,236,1617.8111756718963
NM_N,237,1902.8221555412392
NM_N,238,2078.851242041959
NM_N,239,2388.9928832556507
NM_N,240,2296.800558530296
NM_N,241,2372.2421333602483
NM_N,242,2078.8547230015483
NM_N,243,1684.8781596050653
NM_N,244,1517.2264151372067
NM_N,245,1810.6127900298834
NM_N,246,2087.2320144566847
NM_N,247,2288.4179604615474
NM_N,248,2212.9708242512943
NM_N,249,2288.4174906317976
NM_N,250,1533.9920198275336
NM_N,251,1751.9353850146194
NM_N,252,2271.6462653963354
NM_N,253,2280.0274260213905
NM_N,254,2305.1748673296815
NM_N,255,2212.971205984986
NM_N,256,2456.0598163273717
NM_N,257,1575.901834930557
NM_N,258,2028.5579937095874
NM_N,259,1995.0291364300142
NM_N,260,2330.318001563749
NM_N,261,2372.2345014948055
NM_N,262,2556.654940182988
NM_N,263,2313.553806431319
NM_N,264,1777.0787143558016
NM_N,265,2338.7086039381966
NM_N,266,2137.5294976477658
NM_N,267,2321.937680549792
NM_N,268,2489.5890480743565
NM_N,269,2347.0894213717843
NM_N,270,2456.064835177829
NM_N,271,1492.0792889765264
NM_N,272,1785.4711920289114
NM_N,273,2104.0026103865644
NM_N,274,2363.8615774937803
NM_N,275,2296.8057328369428
NM_N,276,2414.1607901714674
NM_N,277,2615.3368622217045
NM_N,278,1751.9394052837276
NM_N,279,2062.0977001202323
NM_N,280,2380.6312050928923
NM_N,281,2280.0392096622377
NM_N,282,2338.718326251652
NM_N,283,2514.750474637803
NM_N,284,2355.484790583896
NM_N,285,1768.7083139534523
NM_N,286,1927.977721998785
NM_N,287,1927.9760183608919
NM_N,288,2036.9462798240675
NM_N,289,2087.2421481852803
NM_N,290,2514.750589489577
NM_N,291,2372.24753010949
NM_N,292,1416.6425754725904
NM_N,293,1710.0331330804813
NM_N,294,2112.3938846003575
NM_N,295,2112.3908059205082
NM_N,296,2389.0127229481695
NM_N,297,2405.7777006135234
NM_N,298,2405.7774058295017
NM_N,299,1584.289530689053
NM_N,300,1735.177955823473
NM_N,301,2221.364653470126
NM_N,302,2036.9445907701993
NM_N,303,2456.072232861336
NM_N,304,2062.0929533192784
NM_N,305,2221.3389491079242
NM_N,306,1399.8635632363157
NM_N,307,1953.1090588498018
NM_N,308,2036.924085443055
NM_N,309,2154.2619341858676
NM_N,310,1961.473707864565
NM_N,311,1743.5407265382958
NM_N,312,1827.3598460280416
NM_N,313,1584.2693101738926
NM_N,314,1777.0733673874297
NM_N,315,1693.2489008910507
NM_N,316,2020.1544380687415
NM_N,317,2330.306712838448
NM_N,318,2263.241300446996
NM_N,319,2070.4493284496816
NM_N,320,1533.9724500367818
NM_N,321,1768.68119581317
NM_N,322,2204.573885656959
NM_N,323,2288.4053630783
NM_N,324,2028.530442657732
NM_N,325,2229.704238529837
NM_N,326,2045.3051157733296
NM_N,327,1584.2749602651998
NM_N,328,1735.1535069924782
NM_N,329,2221.3345270667046
NM_N,330,2313.5400736683655
NM_N,331,2053.683699074009
NM_N,332,1173.5239962544204
NM_N,333,1592.653475536317
NM_N,334,1768.6887811446172
NM_N,335,1844.1411698217737
NM_N,336,2313.5551280749874
NM_N,337,2330.316562515512
NM_N,338,2212.963980089746
NM_N,339,2363.8431398789535
NM_N,340,2221.340926240432
NM_N,341,1299.2765910124854
NM_N,342,1726.783083069076
NM_N,343,2238.112287606194
NM_N,344,2003.4055546225222
NM_N,345,2103.992706839069
NM_N,346,2204.587213194725
NM_N,347,2263.2532429537778
NM_N,348,1475.3067870116874
NM_N,349,1827.3790302494026
NM_N,350,2103.994460836298
NM_N,351,2103.987882827447
NM_N,352,2028.550099726925
NM_N,353,2548.2653931069785
NM_N,354,2355.4569969325216
NM_N,355,1542.3718598575947
NM_N,356,1743.5556107456543
NM_N,357,1860.9072756752587
NM_N,358,1248.9838798048845
NM_N,359,1257.3615704156132
NM_N,360,1961.4957086324364
NM_N,361,2070.4643932913445
NM_N,362,1827.3709859415865
NM_N,363,1718.4085895960832
NM_N,364,2120.7563293249223
NM_N,365,1575.8996262613152
NM_S_TX_EPE,1,66721.50617681564
NM_S_TX_EPE,2,74717.80314827457
NM_S_TX_EPE,3,85379.47240217659
NM_S_TX_EPE,4,83530.8600752677
NM_S_TX_EPE,5,84240.2094415753
NM_S_TX_EPE,6,65066.38570008892
NM_S_TX_EPE,7,74889.71961865028
NM_S_TX_EPE,8,67000.95285750252
NM_S_TX_EPE,9,89205.63545456895
NM_S_TX_EPE,10,82993.4780484282
NM_S_TX_EPE,11,89162.62732532047
NM_S_TX_EPE,12,81510.29785791524
NM_S_TX_EPE,13,58854.216355472825
NM_S_TX_EPE,14,63217.76741864706
NM_S_TX_EPE,15,49310.30343475302
NM_S_TX_EPE,16,71364.51151932763
NM_S_TX_EPE,17,80113.12628745666
NM_S_TX_EPE,18,88990.6912817751
NM_S_TX_EPE,19,83294.41470120793
NM_S_TX_EPE,20,59133.662031080305
NM_S_TX_EPE,21,72030.85410448555
NM_S_TX_EPE,22,72374.79734959162
NM_S_TX_EPE,23,69172.00210057346
NM_S_TX_EPE,24,72052.37272958255
NM_S_TX_EPE,25,94429.00885817772
NM_S_TX_EPE,26,81660.77604191714
NM_S_TX_EPE,27,60272.921557829024
NM_S_TX_EPE,28,72310.28800649924
NM_S_TX_EPE,29,81660.76687771875
NM_S_TX_EPE,30,81918.71904092866
NM_S_TX_EPE,31,82929.01258296632
NM_S_TX_EPE,32,90409.34571338081
NM_S_TX_EPE,33,84154.20249513847
NM_S_TX_EPE,34,58273.833283766995
NM_S_TX_EPE,35,71772.89027810346
NM_S_TX_EPE,36,84820.55824769655
NM_S_TX_EPE,37,79812.14950867994
NM_S_TX_EPE,38,86862.62143773328
NM_S_TX_EPE,39,94106.54046531284
NM_S_TX_EPE,40,91140.18491649437
NM_S_TX_EPE,41,60530.839229293924
NM_S_TX_EPE,42,67645.78779147039
NM_S_TX_EPE,43,83874.76343659426
NM_S_TX_EPE,44,81467.29679196369
NM_S_TX_EPE,45,81789.72762965022
NM_S_TX_EPE,46,95374.76591722907
NM_S_TX_EPE,47,89076.6357202516
NM_S_TX_EPE,48,59864.48387892166
NM_S_TX_EPE,49,68849.52670019875
NM_S_TX_EPE,50,75921.49168268555
NM_S_TX_EPE,51,87142.0522265193
NM_S_TX_EPE,52,90796.26567839237
NM_S_TX_EPE,53,95095.32876474394
NM_S_TX_EPE,54,89119.62638556382
NM_S_TX_EPE,55,61562.61422605346
NM_S_TX_EPE,56,74201.8620992538
NM_S_TX_EPE,57,82692.52465958413
NM_S_TX_EPE,58,85572.89393306647
NM_S_TX_EPE,59,89420.56601952588
NM_S_TX_EPE,60,88969.16650587814
NM_S_TX_EPE,61,62787.8503631246
NM_S_TX_EPE,62,74051.39891828848
NM_S_TX_EPE,63,84154.20398739395
NM_S_TX_EPE,64,85379.44305469474
NM_S_TX_EPE,65,88087.86059949776
NM_S_TX_EPE,66,88066.3616579464
NM_S_TX_EPE,67,93547.66603201325
NM_S_TX_EPE,68,75835.51132031022
NM_S_TX_EPE,69,78479.43874533342
NM_S_TX_EPE,70,85852.33289276312
NM_S_TX_EPE,71,86970.09884416037
NM_S_TX_EPE,72,91247.66376663784
NM_S_TX_EPE,73,89506.55501764147
NM_S_TX_EPE,74,84498.12814853682
NM_S_TX_EPE,75,70526.1699426034
NM_S_TX_EPE,76,78264.4855308511
NM_S_TX_EPE,77,90301.87000134232
NM_S_TX_EPE,78,89055.14841796603
NM_S_TX_EPE,79,93160.7442621223
NM_S_TX_EPE,80,89871.96714415867
NM_S_TX_EPE,81,92773.8333108785
NM_S_TX_EPE,82,68699.06351281806
NM_S_TX_EPE,83,75212.14537092365
NM_S_TX_EPE,84,87657.9399372115
NM_S_TX_EPE,85,88560.75557439827
NM_S_TX_EPE,86,90323.36056645727
NM_S_TX_EPE,87,95460.75100666565
NM_S_TX_EPE,88,83380.3697145422
NM_S_TX_EPE,89,63024.297407236365
NM_S_TX_EPE,90,69623.36425773537
NM_S_TX_EPE,91,86841.11533460328
NM_S_TX_EPE,92,91032.7066942202
NM_S_TX_EPE,93,88689.71227550902
NM_S_TX_EPE,94,89979.43784649226
NM_S_TX_EPE,95,88388.77636801284
NM_S_TX_EPE,96,67645.79247756637
NM_S_TX_EPE,97,78801.86110427286
NM_S_TX_EPE,98,85250.46028623673
NM_S_TX_EPE,99,85701.86710920771
NM_S_TX_EPE,100,86282.23808232434
NM_S_TX_EPE,101,93999.05863925244
NM_S_TX_EPE,102,91226.16128917193
NM_S_TX_EPE,103,64743.919934326696
NM_S_TX_EPE,104,76802.79619517633
NM_S_TX_EPE,105,88324.291523024
NM_S_TX_EPE,106,86927.10271313794
NM_S_TX_EPE,107,89678.49836902578
NM_S_TX_EPE,108,93590.6543933093
NM_S_TX_EPE,109,91097.1952745206
NM_S_TX_EPE,110,52212.14726220581
NM_S_TX_EPE,111,78414.94605382954
NM_S_TX_EPE,112,88840.18285866128
NM_S_TX_EPE,113,89442.0552204835
NM_S_TX_EPE,114,94751.39542597915
NM_S_TX_EPE,115,96642.99261510232
NM_S_TX_EPE,116,85508.40961975431
NM_S_TX_EPE,117,65861.68278142883
NM_S_TX_EPE,118,75083.17223261448
NM_S_TX_EPE,119,86862.61087961649
NM_S_TX_EPE,120,88560.74430996153
NM_S_TX_EPE,121,89076.62632072534
NM_S_TX_EPE,122,92343.91939057576
NM_S_TX_EPE,123,86604.66603345655
NM_S_TX_EPE,124,63174.760504815655
NM_S_TX_EPE,125,74438.31084620296
NM_S_TX_EPE,126,90000.92838076218
NM_S_TX_EPE,127,90344.85541394846
NM_S_TX_EPE,128,94364.47833178051
NM_S_TX_EPE,129,94772.88984438084
NM_S_TX_EPE,130,95890.64560254764
NM_S_TX_EPE,131,66871.95648715788
NM_S_TX_EPE,132,70096.25533852229
NM_S_TX_EPE,133,82477.56313333836
NM_S_TX_EPE,134,92580.37313654859
NM_S_TX_EPE,135,90258.86902584032
NM_S_TX_EPE,136,85959.81197324157
NM_S_TX_EPE,137,93010.2761749911
NM_S_TX_EPE,138,69236.44423380947
NM_S_TX_EPE,139,80585.97266091473
NM_S_TX_EPE,140,91161.67312085103
NM_S_TX_EPE,141,92515.88134608071
NM_S_TX_EPE,142,88367.2811436947
NM_S_TX_EPE,143,98663.54292128992
NM_S_TX_EPE,144,86131.7668193307
NM_S_TX_EPE,145,68527.09943701228
NM_S_TX_EPE,146,65474.76153684349
NM_S_TX_EPE,147,72697.19101638865
NM_S_TX_EPE,148,73707.4772460552
NM_S_TX_EPE,149,92386.90902868922
NM_S_TX_EPE,150,81983.17108457473
NM_S_TX_EPE,151,85680.36720362629
NM_S_TX_EPE,152,68075.6978644371
NM_S_TX_EPE,153,71299.99928018721
NM_S_TX_EPE,154,90366.35083050535
NM_S_TX_EPE,155,90968.22762284803
NM_S_TX_EPE,156,90796.26010190434
NM_S_TX_EPE,157,97524.29474963322
NM_S_TX_EPE,158,92988.78237844614
NM_S_TX_EPE,159,71278.50302529757
NM_S_TX_EPE,160,79704.66840777802
NM_S_TX_EPE,161,87120.55534407479
NM_S_TX_EPE,162,89420.56732028518
NM_S_TX_EPE,163,95116.8166660225
NM_S_TX_EPE,164,97416.82579027541
NM_S_TX_EPE,165,92838.31126783403
NM_S_TX_EPE,166,74137.37918565287
NM_S_TX_EPE,167,77834.57790998221
NM_S_TX_EPE,168,92150.4685969162
NM_S_TX_EPE,169,90796.27496816817
NM_S_TX_EPE,170,81639.25226768827
NM_S_TX_EPE,171,91548.59850057928
NM_S_TX_EPE,172,90925.23043226381
NM_S_TX_EPE,173,73514.01399214617
NM_S_TX_EPE,174,78651.39709964104
NM_S_TX_EPE,175,90258.87754661993
NM_S_TX_EPE,176,94428.98317525635
NM_S_TX_EPE,177,93676.63246285619
NM_S_TX_EPE,178,98427.0961010573
NM_S_TX_EPE,179,94171.02850088126
NM_S_TX_EPE,180,73728.97283636259
NM_S_TX_EPE,181,75814.01619574355
NM_S_TX_EPE,182,89055.13052849167
NM_S_TX_EPE,183,88625.22711106078
NM_S_TX_EPE,184,90559.80800005402
NM_S_TX_EPE,185,51416.81967016347
NM_S_TX_EPE,186,67065.41322070472
NM_S_TX_EPE,187,71235.50783333764
NM_S_TX_EPE,188,75771.02177950414
NM_S_TX_EPE,189,59971.9578009656
NM_S_TX_EPE,190,83595.32123362909
NM_S_TX_EPE,191,86970.08613034482
NM_S_TX_EPE,192,92816.81626833702
NM_S_TX_EPE,193,89055.13386352001
NM_S_TX_EPE,194,70891.58483087331
NM_S_TX_EPE,195,76931.76903041084
NM_S_TX_EPE,196,88732.70193574138
NM_S_TX_EPE,197,90430.83633521532
NM_S_TX_EPE,198,92924.29289093206
NM_S_TX_EPE,199,93160.73894405756
NM_S_TX_EPE,200,87163.54352079834
NM_S_TX_EPE,201,71557.9376038949
NM_S_TX_EPE,202,76050.45898890813
NM_S_TX_EPE,203,85014.01131234577
NM_S_TX_EPE,204,88560.7422306079
NM_S_TX_EPE,205,91914.00842012982
NM_S_TX_EPE,206,94042.04835389068
NM_S_TX_EPE,207,93268.21771080709
NM_S_TX_EPE,208,74094.38410453155
NM_S_TX_EPE,209,79898.12182129778
NM_S_TX_EPE,210,91484.10196191976
NM_S_TX_EPE,211,90817.7505855337
NM_S_TX_EPE,212,95740.17592432443
NM_S_TX_EPE,213,96342.0525562734
NM_S_TX_EPE,214,90387.84490333563
NM_S_TX_EPE,215,70870.08962651386
NM_S_TX_EPE,216,74610.28242607952
NM_S_TX_EPE,217,84799.05999835592
NM_S_TX_EPE,218,83767.29301187948
NM_S_TX_EPE,219,88324.29460738704
NM_S_TX_EPE,220,91720.56178367084
NM_S_TX_EPE,221,88689.71703727324
NM_S_TX_EPE,222,65797.19456399202
NM_S_TX_EPE,223,77576.63137663355
NM_S_TX_EPE,224,88388.78530527046
NM_S_TX_EPE,225,86626.17020181751
NM_S_TX_EPE,226,90409.3438312098
NM_S_TX_EPE,227,93160.74780319443
NM_S_TX_EPE,228,88775.69774693782
NM_S_TX_EPE,229,65367.28910239313
NM_S_TX_EPE,230,75814.01793035219
NM_S_TX_EPE,231,86948.59648541188
NM_S_TX_EPE,232,84971.03876100121
NM_S_TX_EPE,233,87335.51904138685
NM_S_TX_EPE,234,93440.19339671718
NM_S_TX_EPE,235,88474.76924474748
NM_S_TX_EPE,236,64528.97277339233
NM_S_TX_EPE,237,75663.54759711532
NM_S_TX_EPE,238,83788.78595061463
NM_S_TX_EPE,239,80843.93554628405
NM_S_TX_EPE,240,83358.87514466366
NM_S_TX_EPE,241,92214.95024229254
NM_S_TX_EPE,242,88023.36038332742
NM_S_TX_EPE,243,61476.63415559533
NM_S_TX_EPE,244,62486.91683003714
NM_S_TX_EPE,245,75083.1781605764
NM_S_TX_EPE,246,77877.57398726419
NM_S_TX_EPE,247,83315.88643112802
NM_S_TX_EPE,248,92214.95389685618
NM_S_TX_EPE,249,91032.70737501864
NM_S_TX_EPE,250,65410.280188382596
NM_S_TX_EPE,251,76673.8317615684
NM_S_TX_EPE,252,87228.04083416752
NM_S_TX_EPE,253,83724.3046049542
NM_S_TX_EPE,254,85959.8186182921
NM_S_TX_EPE,255,96685.9806314253
NM_S_TX_EPE,256,93719.63052522049
NM_S_TX_EPE,257,66678.50507234773
NM_S_TX_EPE,258,82907.47551940543
NM_S_TX_EPE,259,87249.5312152843
NM_S_TX_EPE,260,88109.35521046097
NM_S_TX_EPE,261,89828.97675235147
NM_S_TX_EPE,262,97438.31790282732
NM_S_TX_EPE,263,94214.0247729079
NM_S_TX_EPE,264,68269.1634019582
NM_S_TX_EPE,265,82778.50738648318
NM_S_TX_EPE,266,86088.78495234952
NM_S_TX_EPE,267,86604.68043961687
NM_S_TX_EPE,268,88732.71560445506
NM_S_TX_EPE,269,97631.77749294767
NM_S_TX_EPE,270,89957.94320026376
NM_S_TX_EPE,271,68075.70080506227
NM_S_TX_EPE,272,83294.38679040091
NM_S_TX_EPE,273,86970.09186252284
NM_S_TX_EPE,274,84455.13618682211
NM_S_TX_EPE,275,87614.94467952049
NM_S_TX_EPE,276,97481.2986572913
NM_S_TX_EPE,277,90731.77186241935
NM_S_TX_EPE,278,68441.11744530128
NM_S_TX_EPE,279,81617.74761131563
NM_S_TX_EPE,280,90538.30876639737
NM_S_TX_EPE,281,89055.1337014772
NM_S_TX_EPE,282,90839.24338069758
NM_S_TX_EPE,283,97782.23389592276
NM_S_TX_EPE,284,95654.19485839302
NM_S_TX_EPE,285,69021.48806064909
NM_S_TX_EPE,286,82456.06534437307
NM_S_TX_EPE,287,82778.49632511158
NM_S_TX_EPE,288,89914.94652342216
NM_S_TX_EPE,289,92451.39352773012
NM_S_TX_EPE,290,101522.42035341858
NM_S_TX_EPE,291,97846.72009836782
NM_S_TX_EPE,292,71321.48797556895
NM_S_TX_EPE,293,90086.90425451769
NM_S_TX_EPE,294,96148.58642544967
NM_S_TX_EPE,295,93526.16052490984
NM_S_TX_EPE,296,93719.61950006813
NM_S_TX_EPE,297,98620.55314917032
NM_S_TX_EPE,298,98233.6361506386
NM_S_TX_EPE,299,66721.49168071609
NM_S_TX_EPE,300,84971.01868877212
NM_S_TX_EPE,301,91376.62557111829
NM_S_TX_EPE,302,87743.91897514883
NM_S_TX_EPE,303,90387.8414621719
NM_S_TX_EPE,304,81854.19981021856
NM_S_TX_EPE,305,90624.2974367311
NM_S_TX_EPE,306,65302.80592275031
NM_S_TX_EPE,307,79210.27624850979
NM_S_TX_EPE,308,77060.7501881573
NM_S_TX_EPE,309,83638.32554685109
NM_S_TX_EPE,310,90968.24034633371
NM_S_TX_EPE,311,96277.56671914509
NM_S_TX_EPE,312,85379.44065737685
NM_S_TX_EPE,313,68075.70808817474
NM_S_TX_EPE,314,84154.20061985274
NM_S_TX_EPE,315,83982.23878408957
NM_S_TX_EPE,316,87357.01333728843
NM_S_TX_EPE,317,91226.17884708634
NM_S_TX_EPE,318,100125.23603458985
NM_S_TX_EPE,319,96750.46872211939
NM_S_TX_EPE,320,67258.87781043268
NM_S_TX_EPE,321,82950.46783489942
NM_S_TX_EPE,322,88195.3263259259
NM_S_TX_EPE,323,92064.48756579895
NM_S_TX_EPE,324,90022.44171627265
NM_S_TX_EPE,325,99243.92895087533
NM_S_TX_EPE,326,98857.00900657945
NM_S_TX_EPE,327,79231.7748621951
NM_S_TX_EPE,328,81746.72596480532
NM_S_TX_EPE,329,89334.5819446386
NM_S_TX_EPE,330,94536.45241657046
NM_S_TX_EPE,331,90323.3710582327
NM_S_TX_EPE,332,38799.075138021515
NM_S_TX_EPE,333,70311.21455486471
NM_S_TX_EPE,334,86067.28552263974
NM_S_TX_EPE,335,89614.00682391884
NM_S_TX_EPE,336,91957.0004951638
NM_S_TX_EPE,337,87657.9426840836
NM_S_TX_EPE,338,88754.20343456362
NM_S_TX_EPE,339,95138.31198198709
NM_S_TX_EPE,340,89807.47321113058
NM_S_TX_EPE,341,69128.96695032847
NM_S_TX_EPE,342,78500.92621454874
NM_S_TX_EPE,343,87507.46648773854
NM_S_TX_EPE,344,90925.22584345205
NM_S_TX_EPE,345,94192.51619933805
NM_S_TX_EPE,346,97309.33718297046
NM_S_TX_EPE,347,94557.93666170635
NM_S_TX_EPE,348,68441.11660090715
NM_S_TX_EPE,349,81037.37293816608
NM_S_TX_EPE,350,84390.64637885387
NM_S_TX_EPE,351,91699.06350506097
NM_S_TX_EPE,352,93289.71537458315
NM_S_TX_EPE,353,97244.85387155789
NM_S_TX_EPE,354,95718.68622332854
NM_S_TX_EPE,355,80027.09525829073
NM_S_TX_EPE,356,79059.80294814469
NM_S_TX_EPE,357,80177.56233942637
NM_S_TX_EPE,358,53222.42563598983
NM_S_TX_EPE,359,57779.43860924449
NM_S_TX_EPE,360,74588.78071783115
NM_S_TX_EPE,361,89871.95230278804
NM_S_TX_EPE,362,70397.19214601668
NM_S_TX_EPE,363,77275.6908998946
NM_S_TX_EPE,364,77985.04342319285
NM_S_TX_EPE,365,61498.12722000412
NV_N,1,13.375115327458563
NV_N,2,18.576124304590394
NV_N,3,18.066401142009926
NV_N,4,18.09240435427706
NV_N,5,14.226717966016748
NV_N,6,11.62780607980717
NV_N,7,18.45938554752732
NV_N,8,14.932172131416865
NV_N,9,14.33579746771725
NV_N,10,11.504729545587528
NV_N,11,17.747928463199543
NV_N,12,15.691371269040111
NV_N,13,9.096789725616825
NV_N,14,11.664888648542616
NV_N,15,18.940571354617667
NV_N,16,14.781658255071287
NV_N,17,17.247164453304634
NV_N,18,17.401951214973145
NV_N,19,17.162753563998333
NV_N,20,14.727601335767705
NV_N,21,18.100744301213126
NV_N,22,14.762612288170441
NV_N,23,16.166726776181633
NV_N,24,20.703539469406536
NV_N,25,18.229786736163735
NV_N,26,17.095379123089856
NV_N,27,11.60284826774831
NV_N,28,13.714176003445855
NV_N,29,16.065476650902216
NV_N,30,16.543873980722505
NV_N,31,15.214183468156872
NV_N,32,18.014817245337856
NV_N,33,21.27637211006439
NV_N,34,13.918079797559768
NV_N,35,13.133893553397215
NV_N,36,17.393473964300394
NV_N,37,15.834253420726132
NV_N,38,16.34522632339414
NV_N,39,19.688272369292033
NV_N,40,18.65300310478576
NV_N,41,15.238025777066857
NV_N,42,17.023847185756427
NV_N,43,21.37041102124991
NV_N,44,18.59291885044529
NV_N,45,19.107388914496067
NV_N,46,21.611939193447483
NV_N,47,20.551770140003246
NV_N,48,13.489318509318725
NV_N,49,14.165140021936894
NV_N,50,21.88892107722168
NV_N,51,17.440703052346567
NV_N,52,18.787405881445242
NV_N,53,19.387847932396202
NV_N,54,17.584637633911413
NV_N,55,14.181758456756702
NV_N,56,17.089915440717146
NV_N,57,18.396916284435772
NV_N,58,18.898801307864893
NV_N,59,17.131225757126177
NV_N,60,16.179202285305458
NV_N,61,10.521351212750133
NV_N,62,16.588447208673028
NV_N,63,22.00612379433587
NV_N,64,20.264083250781177
NV_N,65,19.92561237078831
NV_N,66,21.191414186957296
NV_N,67,19.003640099089605
NV_N,68,16.82442930964267
NV_N,69,19.69382727180169
NV_N,70,21.909693294483343
NV_N,71,22.235240051040417
NV_N,72,21.419455721920674
NV_N,73,20.81504275751089
NV_N,74,20.707468066670728
NV_N,75,18.83167402752704
NV_N,76,19.671715614406533
NV_N,77,19.82041876645713
NV_N,78,21.471237513610888
NV_N,79,21.567504759635714
NV_N,80,21.188974539111502
NV_N,81,21.801192700767697
NV_N,82,19.063362407667068
NV_N,83,20.265911327972717
NV_N,84,20.679008665283696
NV_N,85,21.562088265245652
NV_N,86,19.73923411615909
NV_N,87,22.465263386549672
NV_N,88,22.552529767275075
NV_N,89,15.329783849933879
NV_N,90,16.88055470540981
NV_N,91,17.351564140633222
NV_N,92,14.501386134483877
NV_N,93,17.500721124917227
NV_N,94,16.239322327033296
NV_N,95,18.414646831670467
NV_N,96,15.032194817472371
NV_N,97,13.460144419698851
NV_N,98,15.805973095885852
NV_N,99,18.000357801050054
NV_N,100,16.045162680730066
NV_N,101,17.190112138364697
NV_N,102,18.29078518448879
NV_N,103,12.31063051129675
NV_N,104,13.021016143576974
NV_N,105,16.241491470141714
NV_N,106,17.239792418486633
NV_N,107,17.243516666839444
NV_N,108,17.491834220199287
NV_N,109,16.93968293892397
NV_N,110,13.967684711535927
NV_N,111,12.932637670026597
NV_N,112,16.927378529079103
NV_N,113,17.79497458046688
NV_N,114,16.885389943773877
NV_N,115,18.24308864343601
NV_N,116,17.32833310274214
NV_N,117,14.130556730091678
NV_N,118,15.000441970155343
NV_N,119,16.431586953976307
NV_N,120,17.221013025839568
NV_N,121,18.324817521304418
NV_N,122,22.440140260673665
NV_N,123,19.329897775634866
NV_N,124,14.997924772308137
NV_N,125,17.065020401704526
NV_N,126,20.4403266234345
NV_N,127,21.994002839877975
NV_N,128,20.384879660331016
NV_N,129,21.134338584354367
NV_N,130,21.079862874407368
NV_N,131,17.495991660399987
NV_N,132,15.217410475425586
NV_N,133,21.089172047854245
NV_N,134,21.045452511832703
NV_N,135,23.474626071170036
NV_N,136,22.056551158341353
NV_N,137,22.779849961402583
NV_N,138,16.04945663126405
NV_N,139,18.673642746628563
NV_N,140,21.685039612196206
NV_N,141,24.493517218887288
NV_N,142,23.119829190747232
NV_N,143,23.509488566102036
NV_N,144,20.993061677907615
NV_N,145,13.839051266695881
NV_N,146,13.564381434374162
NV_N,147,15.850729490481813
NV_N,148,22.95926516445029
NV_N,149,21.135376877852188
NV_N,150,22.414336374501474
NV_N,151,20.170585952954404
NV_N,152,20.81487985573669
NV_N,153,27.299569828751167
NV_N,154,26.61416844131503
NV_N,155,30.567956924457786
NV_N,156,30.26821587987272
NV_N,157,32.45798007720082
NV_N,158,30.560965853508563
NV_N,159,25.125477451097332
NV_N,160,27.937871003950697
NV_N,161,31.079381185259596
NV_N,162,31.16019528531975
NV_N,163,29.195940284221777
NV_N,164,34.05515729469622
NV_N,165,31.078001275488546
NV_N,166,29.619139884666286
NV_N,167,28.929620937446284
NV_N,168,28.408224288747473
NV_N,169,32.75110346846976
NV_N,170,31.332348962916655
NV_N,171,31.615721232627827
NV_N,172,31.597179417387103
NV_N,173,27.880485137167135
NV_N,174,32.46014822537645
NV_N,175,34.630577097655014
NV_N,176,35.54328002774236
NV_N,177,33.01382322126377
NV_N,178,34.72307024093576
NV_N,179,29.12556135368827
NV_N,180,30.055598816174935
NV_N,181,30.400206688167263
NV_N,182,27.15014929704249
NV_N,183,31.149687251221607
NV_N,184,28.155263836142733
NV_N,185,20.682334306882932
NV_N,186,24.976746338361085
NV_N,187,24.88954078537341
NV_N,188,28.595933599757707
NV_N,189,28.325348422143623
NV_N,190,30.56082244923517
NV_N,191,31.965069401804666
NV_N,192,35.6491053100181
NV_N,193,29.174930100901847
NV_N,194,26.279510656558774
NV_N,195,31.45789941463524
NV_N,196,34.14514716987891
NV_N,197,27.23401163610612
NV_N,198,29.79866796531201
NV_N,199,35.1158568399899
NV_N,200,32.99672277283356
NV_N,201,24.978715578125342
NV_N,202,28.104530516388444
NV_N,203,32.17691447939234
NV_N,204,32.70604313026503
NV_N,205,32.654358111449255
NV_N,206,37.8813226700555
NV_N,207,32.769243723909575
NV_N,208,26.55857182117492
NV_N,209,29.65842158784077
NV_N,210,30.169583409623392
NV_N,211,31.94011087033316
NV_N,212,32.574916246635
NV_N,213,31.99077061847219
NV_N,214,30.71402575866773
NV_N,215,24.11249885425995
NV_N,216,26.602859127772035
NV_N,217,26.53851488936455
NV_N,218,26.20623435158609
NV_N,219,27.456319450579162
NV_N,220,30.144458921958947
NV_N,221,33.042117228267
NV_N,222,24.6380719686084
NV_N,223,31.146757825589866
NV_N,224,28.09040578874686
NV_N,225,27.086310913813097
NV_N,226,26.12306021985057
NV_N,227,31.037532343620093
NV_N,228,28.446175036851617
NV_N,229,22.627255070788635
NV_N,230,27.35205902307644
NV_N,231,31.83653257119761
NV_N,232,26.75892592304766
NV_N,233,27.705012052802136
NV_N,234,34.08527134459149
NV_N,235,33.01669182857946
NV_N,236,25.80170447756307
NV_N,237,35.044885644878335
NV_N,238,30.865524097915362
NV_N,239,32.209120558721054
NV_N,240,31.002979255509317
NV_N,241,35.36722960217719
NV_N,242,32.57104119161516
NV_N,243,22.536088962801564
NV_N,244,27.79632181379705
NV_N,245,31.50673117486804
NV_N,246,27.208099741366624
NV_N,247,24.499780317252903
NV_N,248,28.083970741348544
NV_N,249,24.979399579583166
NV_N,250,19.440395741994998
NV_N,251,23.702061937200426
NV_N,252,25.3631593557992
NV_N,253,21.180367744223517
NV_N,254,23.127492570938756
NV_N,255,27.644259570368487
NV_N,256,27.36738392784234
NV_N,257,19.79978696166604
NV_N,258,24.04180287474637
NV_N,259,24.061199413014965
NV_N,260,26.6571703285634
NV_N,261,24.55231779276712
NV_N,262,27.910888660784348
NV_N,263,28.191690599885828
NV_N,264,20.775211582192757
NV_N,265,24.473810707787624
NV_N,266,28.09311689337622
NV_N,267,23.08472125823359
NV_N,268,25.072413863804062
NV_N,269,27.599368767681998
NV_N,270,26.45865251692837
NV_N,271,23.134816389093228
NV_N,272,24.521438558557996
NV_N,273,25.648772442889463
NV_N,274,16.56771929003376
NV_N,275,17.52702320868964
NV_N,276,18.615560551836392
NV_N,277,21.181188251000062
NV_N,278,14.548852443629638
NV_N,279,19.501111731294113
NV_N,280,21.381249381894815
NV_N,281,21.47473613062048
NV_N,282,18.637384115874433
NV_N,283,21.93744583082405
NV_N,284,20.064953598432954
NV_N,285,15.188544495038053
NV_N,286,17.39683190855274
NV_N,287,21.43290558991861
NV_N,288,18.453565655860327
NV_N,289,19.044204146604734
NV_N,290,23.109081205589437
NV_N,291,21.613123054316162
NV_N,292,16.9221741969914
NV_N,293,17.828523331521737
NV_N,294,20.76480940861764
NV_N,295,20.841020605301598
NV_N,296,19.52549032867345
NV_N,297,21.98820115155408
NV_N,298,21.27412879574717
NV_N,299,14.411317955769704
NV_N,300,18.825154209885643
NV_N,301,19.34770289242857
NV_N,302,20.19394701606338
NV_N,303,18.281234150444057
NV_N,304,15.051191652025695
NV_N,305,20.710075523052556
NV_N,306,13.316214743807047
NV_N,307,17.112824550138978
NV_N,308,17.204422790804575
NV_N,309,17.21058566409086
NV_N,310,19.322991446805094
NV_N,311,21.301842466053166
NV_N,312,18.73656481021813
NV_N,313,13.41055692397704
NV_N,314,15.497432717512222
NV_N,315,16.274324331728476
NV_N,316,18.51870891752444
NV_N,317,20.493371079873423
NV_N,318,22.43817703528448
NV_N,319,19.39144985699538
NV_N,320,12.920855018224712
NV_N,321,16.94000226250289
NV_N,322,19.662800199919864
NV_N,323,17.335301603916626
NV_N,324,17.76666792628182
NV_N,325,20.24016265711391
NV_N,326,20.791440314258505
NV_N,327,17.50798974063737
NV_N,328,18.95567018853229
NV_N,329,20.53578818563138
NV_N,330,21.654876953118297
NV_N,331,22.24441913667352
NV_N,332,9.425988977928775
NV_N,333,17.254896963052715
NV_N,334,16.317723008151713
NV_N,335,18.066281678878468
NV_N,336,19.880053587760603
NV_N,337,17.250243066610086
NV_N,338,17.732141189664542
NV_N,339,19.430669551953457
NV_N,340,18.649792087238136
NV_N,341,12.53814353430625
NV_N,342,16.80067242171687
NV_N,343,15.779556553548018
NV_N,344,18.786041088054283
NV_N,345,17.120624884498557
NV_N,346,19.73546370610698
NV_N,347,19.123572623882453
NV_N,348,11.912887684552688
NV_N,349,15.381449318717188
NV_N,350,16.915081904752615
NV_N,351,19.110780247588522
NV_N,352,18.20227087693433
NV_N,353,19.72503481000707
NV_N,354,22.479234297156545
NV_N,355,17.61864728948627
NV_N,356,18.71035641852629
NV_N,357,20.683379666771916
NV_N,358,13.791842637546521
NV_N,359,12.612456185239415
NV_N,360,20.086167592631707
NV_N,361,20.45972656194097
NV_N,362,16.8134111455208
NV_N,363,16.417203275849932
NV_N,364,21.596917563991187
NV_N,365,16.736447863577705
NV_S,1,19155.4267206557
NV_S,2,19032.62572991942
NV_S,3,19033.13545336806
NV_S,4,20961.74963518088
NV_S,5,20495.215276878498
NV_S,6,15464.533676223162
NV_S,7,20961.382623896614
NV_S,8,20917.869863770942
NV_S,9,18637.025988955163
NV_S,10,17699.056966767683
NV_S,11,22702.574278573215
NV_S,12,21434.55068322991
NV_S,13,14361.62458669857
NV_S,14,17957.616832444874
NV_S,15,19808.42135732779
NV_S,16,18542.500119156844
NV_S,17,18798.754637738748
NV_S,18,22114.92020034626
NV_S,19,21456.59933343518
NV_S,20,14426.553810763084
NV_S,21,20397.261211077173
NV_S,22,19036.4392428134
NV_S,23,19434.87513623986
NV_S,24,19406.818321293897
NV_S,25,24513.132593289352
NV_S,26,24232.026974674456
NV_S,27,15699.758656562622
NV_S,28,22447.88800504377
NV_S,29,20940.256561322294
NV_S,30,17905.697842607216
NV_S,31,18447.9875849328
NV_S,32,20115.10711110017
NV_S,33,22510.885786014922
NV_S,34,16426.563494867758
NV_S,35,21437.108160945554
NV_S,36,19551.248400315446
NV_S,37,17765.287449650772
NV_S,38,18094.05650828646
NV_S,39,23241.593955590644
NV_S,40,23407.269240624326
NV_S,41,17530.683654767032
NV_S,42,23314.818387532403
NV_S,43,30107.752474738783
NV_S,44,19761.728975703958
NV_S,45,18820.414415530304
NV_S,46,22298.870198656885
NV_S,47,22182.330356446633
NV_S,48,15509.712168299131
NV_S,49,20330.636808598225
NV_S,50,21334.273124410767
NV_S,51,18304.64105183218
NV_S,52,19055.93442109076
NV_S,53,21713.09423359943
NV_S,54,21244.497398843112
NV_S,55,16049.979780164715
NV_S,56,21927.072186365775
NV_S,57,21032.00509991793
NV_S,58,18514.862973851312
NV_S,59,19833.7506755555
NV_S,60,21575.182995187555
NV_S,61,14077.959998178554
NV_S,62,23738.613946312034
NV_S,63,21334.156042324124
NV_S,64,18936.85785809663
NV_S,65,19642.796404912686
NV_S,66,22816.730903567517
NV_S,67,21854.59858583604
NV_S,68,16188.45724310921
NV_S,69,20819.028290864975
NV_S,70,22910.09263338338
NV_S,71,20510.7268562567
NV_S,72,20582.102646851115
NV_S,73,21758.70716959539
NV_S,74,21523.614723417853
NV_S,75,17503.57012794333
NV_S,76,21783.37037267565
NV_S,77,22888.66190446052
NV_S,78,20793.730756161356
NV_S,79,21499.234556497526
NV_S,80,23875.133444472838
NV_S,81,23709.881205929072
NV_S,82,18255.978387971372
NV_S,83,21641.65616344564
NV_S,84,21123.8031456798
NV_S,85,19100.1998658771
NV_S,86,19737.062784679343
NV_S,87,22345.05700731255
NV_S,88,21474.729658323864
NV_S,89,15648.991716474959
NV_S,90,19881.04135111269
NV_S,91,21997.370544424073
NV_S,92,18730.94040934579
NV_S,93,19268.901126169807
NV_S,94,20069.842601512988
NV_S,95,23830.867637446765
NV_S,96,16496.009386647915
NV_S,97,21083.981876333135
NV_S,98,22187.07615351319
NV_S,99,20185.681577348823
NV_S,100,20540.436806237543
NV_S,101,22985.372091115863
NV_S,102,23242.991442775445
NV_S,103,16381.130939648534
NV_S,104,22425.061132970455
NV_S,105,22704.080684676777
NV_S,106,19763.08210215916
NV_S,107,20115.878411749833
NV_S,108,23526.03042082323
NV_S,109,23479.542567667955
NV_S,110,16355.953883257069
NV_S,111,21625.46943485083
NV_S,112,22562.274784124744
NV_S,113,19786.04692222668
NV_S,114,19786.956506935356
NV_S,115,22819.67909879257
NV_S,116,22561.873829552616
NV_S,117,16308.751006691462
NV_S,118,22423.08170714388
NV_S,119,21857.17050811768
NV_S,120,19833.66088828678
NV_S,121,20279.437126609806
NV_S,122,23238.842315124162
NV_S,123,22254.112459483902
NV_S,124,15696.363795929177
NV_S,125,21856.537287000872
NV_S,126,22017.802006233716
NV_S,127,20017.047916510895
NV_S,128,20206.81705774489
NV_S,129,23522.387916408472
NV_S,130,22793.3225356902
NV_S,131,16634.66560332188
NV_S,132,21764.304885198508
NV_S,133,22087.71316500097
NV_S,134,20605.99674633344
NV_S,135,20932.847612035945
NV_S,136,23592.02571061002
NV_S,137,24085.222459147953
NV_S,138,16659.632140575606
NV_S,139,23665.968625778278
NV_S,140,23192.557415402138
NV_S,141,23542.54874007606
NV_S,142,22109.20252555501
NV_S,143,22038.25262457239
NV_S,144,21476.28921974664
NV_S,145,15438.802428797175
NV_S,146,18049.797348697648
NV_S,147,20775.831479052576
NV_S,148,19475.122834632795
NV_S,149,19876.786528956105
NV_S,150,22180.468019604294
NV_S,151,22700.151807188362
NV_S,152,16372.626690321116
NV_S,153,21822.782522985268
NV_S,154,21423.6278860639
NV_S,155,19820.313944407488
NV_S,156,19585.41366290535
NV_S,157,22146.904144270597
NV_S,158,22666.241208053787
NV_S,159,16791.676133258054
NV_S,160,22269.02426460005
NV_S,161,22148.28274316796
NV_S,162,20078.441730814062
NV_S,163,19092.56589120673
NV_S,164,21792.50693325499
NV_S,165,21701.404080269673
NV_S,166,17351.662524913772
NV_S,167,21609.472451601865
NV_S,168,20998.473789680607
NV_S,169,20029.8108181252
NV_S,170,18431.869419438033
NV_S,171,22312.386418931135
NV_S,172,21865.524917902698
NV_S,173,15989.241048984499
NV_S,174,21229.621888264053
NV_S,175,21886.011522506786
NV_S,176,19791.818619051483
NV_S,177,19982.508093899443
NV_S,178,22732.63911043866
NV_S,179,22150.236563019575
NV_S,180,17280.666059223542
NV_S,181,22807.52198075271
NV_S,182,19988.37176779514
NV_S,183,19349.332169028403
NV_S,184,20152.006841814313
NV_S,185,15126.199116470787
NV_S,186,17567.984938739926
NV_S,187,16203.912013639008
NV_S,188,21068.846259114605
NV_S,189,20504.636618273275
NV_S,190,19726.24106993875
NV_S,191,19607.23681171235
NV_S,192,22849.313086694892
NV_S,193,21891.467337827475
NV_S,194,16931.64227703139
NV_S,195,22030.30421391222
NV_S,196,23086.017245540206
NV_S,197,17800.927695962237
NV_S,198,19021.403329367364
NV_S,199,22144.246267540984
NV_S,200,19465.08514478919
NV_S,201,15756.94279605914
NV_S,202,19775.73736635624
NV_S,203,22970.385476757838
NV_S,204,20947.135966345588
NV_S,205,20994.22765593524
NV_S,206,23435.08110088619
NV_S,207,23181.473157801
NV_S,208,16743.20303440672
NV_S,209,20856.10375466409
NV_S,210,22313.83274040521
NV_S,211,21112.54191437004
NV_S,212,20829.66725732377
NV_S,213,22970.57143262416
NV_S,214,23042.40841311496
NV_S,215,16510.44930395756
NV_S,216,20788.59935638699
NV_S,217,21400.18377789748
NV_S,218,18907.395812180624
NV_S,219,18788.54572659208
NV_S,220,23042.977983705598
NV_S,221,24145.520429756558
NV_S,222,18156.32366943521
NV_S,223,23230.13547023175
NV_S,224,21186.95185692898
NV_S,225,18977.07550932975
NV_S,226,18695.798733002237
NV_S,227,21889.604810327568
NV_S,228,21962.75593134629
NV_S,229,16182.654297130523
NV_S,230,21469.930000061177
NV_S,231,21583.045771417106
NV_S,232,18412.922840336272
NV_S,233,18670.697016411155
NV_S,234,23462.397220469553
NV_S,235,22028.74565885983
NV_S,236,16320.599861211997
NV_S,237,21956.157446639852
NV_S,238,21301.776765523675
NV_S,239,18454.51265012569
NV_S,240,19090.759094268993
NV_S,241,23178.875234808107
NV_S,242,23252.231418809348
NV_S,243,16018.105677044785
NV_S,244,18976.365498400177
NV_S,245,24546.895622938515
NV_S,246,18929.913715967126
NV_S,247,18744.462017369326
NV_S,248,22645.198200900082
NV_S,249,22036.78271349061
NV_S,250,15786.001118099335
NV_S,251,21379.49998805627
NV_S,252,22224.55897173631
NV_S,253,18606.661416425923
NV_S,254,19921.834417752645
NV_S,255,25256.358162125212
NV_S,256,23563.194875570443
NV_S,257,16797.001823747487
NV_S,258,24954.2005895352
NV_S,259,23778.181080359936
NV_S,260,19048.06465664364
NV_S,261,18156.40942357531
NV_S,262,23303.93134605737
NV_S,263,22809.73049681072
NV_S,264,17031.226421654363
NV_S,265,25024.328588460387
NV_S,266,22786.309068264498
NV_S,267,18416.597044889986
NV_S,268,19496.529455910455
NV_S,269,23468.88288171964
NV_S,270,23705.22362049781
NV_S,271,17217.026834869386
NV_S,272,24577.400917807558
NV_S,273,23165.073448758827
NV_S,274,18329.034037847225
NV_S,275,18233.994724917604
NV_S,276,23524.90669444098
NV_S,277,23922.181105038402
NV_S,278,16661.13274474908
NV_S,279,24017.941190569054
NV_S,280,23733.821025885576
NV_S,281,20393.887219247765
NV_S,282,20796.564609559082
NV_S,283,26249.905070479843
NV_S,284,23899.777337438227
NV_S,285,18518.573230664148
NV_S,286,25737.005634841826
NV_S,287,24016.009396710437
NV_S,288,19808.908333404022
NV_S,289,20772.63778727562
NV_S,290,25307.933344995476
NV_S,291,25097.74928287208
NV_S,292,18516.83960096219
NV_S,293,26536.254020012024
NV_S,294,24581.157546957496
NV_S,295,21076.60100010254
NV_S,296,21266.07654840109
NV_S,297,27449.37443004885
NV_S,298,25239.208290647093
NV_S,299,16896.47030176434
NV_S,300,24935.897235947326
NV_S,301,23641.774563364084
NV_S,302,20089.4079790767
NV_S,303,20185.40070095328
NV_S,304,20094.550734440738
NV_S,305,23663.932193274173
NV_S,306,17132.7654277522
NV_S,307,24631.849536590198
NV_S,308,22138.637699559353
NV_S,309,18210.79116048952
NV_S,310,19478.758876074713
NV_S,311,24651.180520658283
NV_S,312,23383.66567694905
NV_S,313,17603.071130625543
NV_S,314,24868.664950950515
NV_S,315,21692.687755216397
NV_S,316,19056.20311805468
NV_S,317,19736.308521221785
NV_S,318,24861.72420636371
NV_S,319,23829.890834421443
NV_S,320,15627.880643300261
NV_S,321,23550.102255253878
NV_S,322,23241.61942776002
NV_S,323,18869.226507346364
NV_S,324,19362.715188331546
NV_S,325,23805.522119669677
NV_S,326,23993.130859733363
NV_S,327,17622.49369981442
NV_S,328,26605.68687991323
NV_S,329,23287.786444279787
NV_S,330,22181.227249633514
NV_S,331,22415.837730266307
NV_S,332,11562.415119370187
NV_S,333,17222.90675455995
NV_S,334,18023.524005111656
NV_S,335,21102.89574128171
NV_S,336,21595.002016680362
NV_S,337,19504.351626707652
NV_S,338,19597.949737595554
NV_S,339,22559.771493078522
NV_S,340,25500.552652135753
NV_S,341,17862.663568548145
NV_S,342,27736.801985811573
NV_S,343,23127.902660142678
NV_S,344,20490.655923301292
NV_S,345,20821.6013710432
NV_S,346,23664.906804803148
NV_S,347,24300.558756709353
NV_S,348,17345.848774837625
NV_S,349,26068.301048970025
NV_S,350,21009.966932044874
NV_S,351,19737.691112054068
NV_S,352,19785.639625930213
NV_S,353,22488.917121062244
NV_S,354,22156.882890036737
NV_S,355,16987.342981441587
NV_S,356,20490.731607970818
NV_S,357,20794.51861400819
NV_S,358,14168.76951576472
NV_S,359,13864.188872931405
NV_S,360,19995.435749489174
NV_S,361,20982.902285134947
NV_S,362,18046.548318958856
NV_S,363,20046.144718311436
NV_S,364,21052.32510089112
NV_S,365,16188.54510427433
OR_E,1,1.2633682840706195
OR_E,2,2.1309947116390235
OR_E,3,1.948173487500571
OR_E,4,2.6815347024390306
OR_E,5,2.5342935349963516
OR_E,6,2.058264896706041
OR_E,7,2.2041362300233125
OR_E,8,2.332496640130174
OR_E,9,1.7993688502219214
OR_E,10,1.5981949236778588
OR_E,11,2.661560934065518
OR_E,12,2.41759975594209
OR_E,13,0.606430490984933
OR_E,14,1.2622561446613325
OR_E,15,1.8627462943805109
OR_E,16,1.6227356265251147
OR_E,17,1.5855582667321808
OR_E,18,1.152480181418235
OR_E,19,2.2516514640523697
OR_E,20,1.2405490372192924
OR_E,21,1.7057822246640721
OR_E,22,2.5612596450829277
OR_E,23,2.2219710246374036
OR_E,24,2.0870940851879163
OR_E,25,2.8554268631885127
OR_E,26,2.61522519810537
OR_E,27,1.5110237472730472
OR_E,28,2.106635319969925
OR_E,29,2.6277667828556255
OR_E,30,2.012045205087416
OR_E,31,1.6399454960798003
OR_E,32,2.44272036302634
OR_E,33,2.5006302409778147
OR_E,34,1.7726563488881055
OR_E,35,2.026327675923332
OR_E,36,2.4567111912824666
OR_E,37,2.2467511286183632
OR_E,38,2.191467686943032
OR_E,39,3.137445412931167
OR_E,40,2.393723391009668
OR_E,41,1.5147571033969052
OR_E,42,1.800627359360204
OR_E,43,2.156827627097327
OR_E,44,2.3316439992352618
OR_E,45,2.259250769497599
OR_E,46,2.4883973999943008
OR_E,47,2.3728288048438793
OR_E,48,1.8429864577550235
OR_E,49,2.0786010530733963
OR_E,50,2.8135500428132385
OR_E,51,2.3172769459513236
OR_E,52,2.453060744226077
OR_E,53,3.422905703636716
OR_E,54,2.689342297860349
OR_E,55,2.0657257045451876
OR_E,56,2.504490037029225
OR_E,57,2.343881787631171
OR_E,58,2.456180900528598
OR_E,59,2.6950328890082584
OR_E,60,1.5054425384715877
OR_E,61,1.5458399708248183
OR_E,62,1.5699975690143795
OR_E,63,1.9433892850683918
OR_E,64,1.761045972018648
OR_E,65,1.9639882345629065
OR_E,66,1.8677215858899345
OR_E,67,1.6276208273413222
OR_E,68,1.2954357093263174
OR_E,69,1.5023939224684613
OR_E,70,1.8046510907458733
OR_E,71,1.8419529871006863
OR_E,72,1.7496082237028456
OR_E,73,1.9281366362263463
OR_E,74,1.819194209415068
OR_E,75,1.1418860843019947
OR_E,76,1.6194346791562164
OR_E,77,1.549760702435947
OR_E,78,1.6810889710121781
OR_E,79,1.8028112864993047
OR_E,80,1.92328169499782
OR_E,81,1.8325773069257376
OR_E,82,1.477370457770257
OR_E,83,1.566309499115643
OR_E,84,1.6454408429674205
OR_E,85,1.6831737828339581
OR_E,86,1.7925786024392505
OR_E,87,2.037012050593813
OR_E,88,2.10721262955979
OR_E,89,1.1769801041099448
OR_E,90,1.4259840834460649
OR_E,91,1.2667262455786443
OR_E,92,1.5244441247746272
OR_E,93,1.5436247021057359
OR_E,94,1.7743112854349328
OR_E,95,1.4884620438613574
OR_E,96,1.143220578352932
OR_E,97,1.3343750295636925
OR_E,98,1.3412797359156758
OR_E,99,1.5327525112378697
OR_E,100,1.6918936363571615
OR_E,101,1.5873712921511587
OR_E,102,1.580045607849454
OR_E,103,1.1807254460075025
OR_E,104,1.220636269734157
OR_E,105,1.559759296704199
OR_E,106,1.2128770850917943
OR_E,107,1.669821081060148
OR_E,108,1.6082811886765798
OR_E,109,1.7668724612350177
OR_E,110,1.1041555917688008
OR_E,111,1.2919223445733297
OR_E,112,1.3387630554065457
OR_E,113,1.6969309470320997
OR_E,114,1.360315629869277
OR_E,115,1.7619407034307477
OR_E,116,1.3831889165145401
OR_E,117,1.0202051036437794
OR_E,118,1.416816491152966
OR_E,119,1.5480399720739717
OR_E,120,1.312218451285204
OR_E,121,2.5834619932919742
OR_E,122,2.5379597299065377
OR_E,123,2.649010477437231
OR_E,124,1.7726438792270092
OR_E,125,2.1008681477778017
OR_E,126,2.4778359907184972
OR_E,127,2.643018572978636
OR_E,128,2.7234389068515523
OR_E,129,3.0408271729641383
OR_E,130,2.58931211247111
OR_E,131,1.7662962439238472
OR_E,132,1.9474584644044315
OR_E,133,2.8068628729365317
OR_E,134,2.5981908406950964
OR_E,135,2.571408216337826
OR_E,136,2.679759336338731
OR_E,137,2.3283283493907283
OR_E,138,1.9564510089879354
OR_E,139,2.0031966090948807
OR_E,140,2.721860047958544
OR_E,141,2.5311148511096033
OR_E,142,2.53280526870304
OR_E,143,3.0705800334309825
OR_E,144,3.4042700933995786
OR_E,145,1.9817444736798957
OR_E,146,1.503665187779374
OR_E,147,2.5193862036264174
OR_E,148,2.4796083361792713
OR_E,149,2.890444081327066
OR_E,150,2.618662927236073
OR_E,151,3.223625906942003
OR_E,152,1.764138248458031
OR_E,153,2.235179581628885
OR_E,154,2.3719278030175923
OR_E,155,2.6859104430246994
OR_E,156,2.3852524385888314
OR_E,157,2.542555999034605
OR_E,158,2.413859411469567
OR_E,159,1.4632466427766424
OR_E,160,1.9213234604566831
OR_E,161,2.290749881684754
OR_E,162,2.6949608817549486
OR_E,163,2.374784683419832
OR_E,164,2.205032253753317
OR_E,165,2.817616961986749
OR_E,166,1.8339837878664038
OR_E,167,1.9252417531494292
OR_E,168,2.8985211838501534
OR_E,169,2.3037339669177275
OR_E,170,2.0672391363550147
OR_E,171,2.591929069308409
OR_E,172,2.5441088517881094
OR_E,173,1.9842147646984443
OR_E,174,1.9514218996775017
OR_E,175,2.25999851024252
OR_E,176,2.161021124435868
OR_E,177,2.5477695932112776
OR_E,178,2.6965698349761547
OR_E,179,2.6405459382653445
OR_E,180,1.8562832720344329
OR_E,181,2.3822394979280124
OR_E,182,2.1504578050091023
OR_E,183,1.8153577678933337
OR_E,184,2.0396912142973576
OR_E,185,1.1917409379815405
OR_E,186,1.939078426185266
OR_E,187,1.5605107251110428
OR_E,188,1.2441475881360005
OR_E,189,2.024017119399611
OR_E,190,2.4034458648800996
OR_E,191,1.835726342886301
OR_E,192,2.1152724921938613
OR_E,193,2.3053795324246376
OR_E,194,1.9096995493722224
OR_E,195,2.2214793790635485
OR_E,196,2.4034552525455837
OR_E,197,1.9852936508626813
OR_E,198,2.46932325273106
OR_E,199,2.014245982415183
OR_E,200,2.3231470055985257
OR_E,201,2.0278655844554834
OR_E,202,2.4034838387008923
OR_E,203,2.6774322164136732
OR_E,204,2.0673325359529824
OR_E,205,2.1906098103200957
OR_E,206,2.2756470860556117
OR_E,207,1.961639829688762
OR_E,208,1.9330039859687196
OR_E,209,1.8796106868722278
OR_E,210,2.599302730484602
OR_E,211,2.0943050644086267
OR_E,212,2.178067582217621
OR_E,213,2.153604567332644
OR_E,214,2.206334541930851
OR_E,215,1.6764485300950565
OR_E,216,2.096327321613324
OR_E,217,2.483553148210885
OR_E,218,1.8761845768974896
OR_E,219,2.489342065882746
OR_E,220,2.2012811651474298
OR_E,221,2.521582479019117
OR_E,222,1.3877095355776685
OR_E,223,2.03717406707374
OR_E,224,1.7650295440893922
OR_E,225,1.8417942475200846
OR_E,226,2.1801349293254733
OR_E,227,2.115572910111544
OR_E,228,2.1933129233551614
OR_E,229,1.3303139315310197
OR_E,230,1.5142316901612125
OR_E,231,2.077653779796361
OR_E,232,1.6860687383261865
OR_E,233,1.9677601817879498
OR_E,234,2.198159576886887
OR_E,235,2.3644395784536854
OR_E,236,1.750106515964284
OR_E,237,1.6310261619795712
OR_E,238,1.8403535501224149
OR_E,239,1.952290797274394
OR_E,240,2.1539334402501367
OR_E,241,2.0188882783627187
OR_E,242,2.1729063283561945
OR_E,243,1.7430072794370137
OR_E,244,1.3661227122328092
OR_E,245,1.8750319237916755
OR_E,246,1.7534451556874073
OR_E,247,1.9655856355880863
OR_E,248,2.001125528002416
OR_E,249,2.403754657487835
OR_E,250,1.4677436822108765
OR_E,251,2.042884867717835
OR_E,252,2.265299238911054
OR_E,253,1.7934926078380626
OR_E,254,2.276579497643427
OR_E,255,2.353509853867973
OR_E,256,1.8355163836551993
OR_E,257,1.6078901351018307
OR_E,258,1.7225629211560058
OR_E,259,1.8746096347109944
OR_E,260,2.014083338272011
OR_E,261,2.122645525656557
OR_E,262,2.353280588115509
OR_E,263,1.667999514790057
OR_E,264,1.5568667401661518
OR_E,265,1.753307795975797
OR_E,266,1.8308872879520375
OR_E,267,1.8287467551983645
OR_E,268,1.8180492901646703
OR_E,269,2.113160190816603
OR_E,270,2.0061530797187292
OR_E,271,1.3013817287085887
OR_E,272,1.7471123911926312
OR_E,273,1.6691537683631275
OR_E,274,2.6251010488908424
OR_E,275,2.1379026727921224
OR_E,276,2.79670324771709
OR_E,277,2.5632929805215134
OR_E,278,2.2274589113673997
OR_E,279,2.1948588988607387
OR_E,280,2.184802012198982
OR_E,281,2.413958218512311
OR_E,282,2.7697319147838964
OR_E,283,2.8405180356395965
OR_E,284,2.585888166261931
OR_E,285,2.013176208135726
OR_E,286,2.4457105295126995
OR_E,287,2.712106185000557
OR_E,288,2.7217411358370067
OR_E,289,3.3350492376241925
OR_E,290,3.261589582428334
OR_E,291,2.626371329266511
OR_E,292,2.453047067620893
OR_E,293,2.321809004639281
OR_E,294,2.765504047775158
OR_E,295,2.5628465940300313
OR_E,296,2.828352026804839
OR_E,297,2.4724711581081595
OR_E,298,2.5409465201316053
OR_E,299,2.2911383776021332
OR_E,300,2.247255940249158
OR_E,301,2.347236405809019
OR_E,302,2.4501389614956994
OR_E,303,2.342805682052793
OR_E,304,2.288185113912768
OR_E,305,2.2719106380424026
OR_E,306,1.8053361190070862
OR_E,307,1.9698184410704758
OR_E,308,2.385450433652145
OR_E,309,2.423840991110044
OR_E,310,2.0890975600075676
OR_E,311,2.2225568364280837
OR_E,312,2.0538452983993487
OR_E,313,1.7807154087885326
OR_E,314,1.4762442582668622
OR_E,315,1.9827371791555994
OR_E,316,2.5884640589738255
OR_E,317,1.8754785467560922
OR_E,318,2.06476605828072
OR_E,319,2.7737783078246685
OR_E,320,1.3907961008417569
OR_E,321,1.8396834981309873
OR_E,322,2.106745181168488
OR_E,323,2.0948652951550977
OR_E,324,1.8585344711733753
OR_E,325,2.2457750626737774
OR_E,326,2.310548954342346
OR_E,327,2.233548749644561
OR_E,328,1.696797390526898
OR_E,329,2.4182142414386574
OR_E,330,2.2581332497500677
OR_E,331,1.9828235420326907
OR_E,332,0.9263432868208303
OR_E,333,2.1153899591523295
OR_E,334,1.875210825445661
OR_E,335,1.5762514867480635
OR_E,336,1.2099353609721248
OR_E,337,0.7086483381648179
OR_E,338,0.7918818241081738
OR_E,339,1.0730327556169916
OR_E,340,2.06752393407135
OR_E,341,1.4135916898802052
OR_E,342,1.5869274185610578
OR_E,343,2.0748983610452503
OR_E,344,2.001328500069544
OR_E,345,2.18301263439136
OR_E,346,2.041972808977514
OR_E,347,1.7861698356349502
OR_E,348,1.53375581012883
OR_E,349,1.978527877761495
OR_E,350,2.0023755578682216
OR_E,351,2.3228014020027246
OR_E,352,2.2307302534057714
OR_E,353,2.2696610548560203
OR_E,354,2.0875415707513123
OR_E,355,1.4556503845977653
OR_E,356,1.4590786437959595
OR_E,357,2.185686017315282
OR_E,358,1.6836002696309078
OR_E,359,1.2572060799143852
OR_E,360,2.1373755370675633
OR_E,361,2.002971848706618
OR_E,362,1.648152200946208
OR_E,363,1.5823091749707097
OR_E,364,1.9307885001330387
OR_E,365,1.7755039766723666
OR_PDX,1,5403.246799352175
OR_PDX,2,7418.684765739236
OR_PDX,3,8586.79342910516
OR_PDX,4,8352.294567882174
OR_PDX,5,8789.473823354465
OR_PDX,6,6781.447904291599
OR_PDX,7,6602.490496994543
OR_PDX,8,7212.621404541537
OR_PDX,9,6520.070856163224
OR_PDX,10,6899.922096501175
OR_PDX,11,8215.38993185564
OR_PDX,12,7646.724381857481
OR_PDX,13,3387.185242701134
OR_PDX,14,5213.0647182979255
OR_PDX,15,6157.55779981031
OR_PDX,16,4159.937443664827
OR_PDX,17,3045.4300818216993
OR_PDX,18,5970.209342408241
OR_PDX,19,7208.583411021124
OR_PDX,20,5382.727080553677
OR_PDX,21,6409.043376348659
OR_PDX,22,7285.7385972927295
OR_PDX,23,7458.396949887333
OR_PDX,24,7301.711868175782
OR_PDX,25,8569.179684033328
OR_PDX,26,8160.260697140511
OR_PDX,27,5963.646347966797
OR_PDX,28,6803.912338600352
OR_PDX,29,7943.911425634683
OR_PDX,30,7290.954887457698
OR_PDX,31,7686.020148547267
OR_PDX,32,8806.041072288232
OR_PDX,33,8087.267244737437
OR_PDX,34,5624.022632047957
OR_PDX,35,6119.639921777087
OR_PDX,36,7941.849206054485
OR_PDX,37,7456.6172365559305
OR_PDX,38,7562.990231404337
OR_PDX,39,8705.101574637305
OR_PDX,40,8076.645685139298
OR_PDX,41,5371.731090327006
OR_PDX,42,5895.715896747736
OR_PDX,43,7834.438584597797
OR_PDX,44,7853.669845317355
OR_PDX,45,7807.469022652851
OR_PDX,46,8692.704059418942
OR_PDX,47,7843.262403859783
OR_PDX,48,5828.439984364677
OR_PDX,49,6534.993994964252
OR_PDX,50,7485.969174410673
OR_PDX,51,7753.02423656906
OR_PDX,52,8345.083346328158
OR_PDX,53,9071.624056386896
OR_PDX,54,8720.867258425382
OR_PDX,55,6253.208670436521
OR_PDX,56,7055.715821887777
OR_PDX,57,7765.834884063099
OR_PDX,58,8214.694909021116
OR_PDX,59,8220.747779293222
OR_PDX,60,7773.335013657501
OR_PDX,61,6435.143571163774
OR_PDX,62,6799.520815229891
OR_PDX,63,8076.073272603431
OR_PDX,64,7565.659576228595
OR_PDX,65,7936.632069852751
OR_PDX,66,8532.077687240757
OR_PDX,67,8161.449780692146
OR_PDX,68,6319.5761761944705
OR_PDX,69,6800.993014313902
OR_PDX,70,8625.001060677707
OR_PDX,71,8741.89555972477
OR_PDX,72,8121.553334883225
OR_PDX,73,8964.877772274778
OR_PDX,74,7994.1431836690335
OR_PDX,75,6449.612538672879
OR_PDX,76,7159.386084186696
OR_PDX,77,8451.701693677673
OR_PDX,78,8100.165944866544
OR_PDX,79,9846.361769793424
OR_PDX,80,9267.923001723879
OR_PDX,81,8573.322404699493
OR_PDX,82,7667.232433702815
OR_PDX,83,7114.834075106471
OR_PDX,84,8201.165049359764
OR_PDX,85,8109.611680790149
OR_PDX,86,8593.55423883227
OR_PDX,87,9148.631037002151
OR_PDX,88,8996.97299912956
OR_PDX,89,6790.6482597421855
OR_PDX,90,6937.963300130989
OR_PDX,91,8833.16996720163
OR_PDX,92,9071.585637264268
OR_PDX,93,9170.979137645578
OR_PDX,94,8823.857973092452
OR_PDX,95,9166.227201767546
OR_PDX,96,7418.461045574641
OR_PDX,97,7611.178258154138
OR_PDX,98,8142.450408822208
OR_PDX,99,9073.571635930968
OR_PDX,100,8988.968240467502
OR_PDX,101,9566.781710302692
OR_PDX,102,9129.008664245759
OR_PDX,103,6709.106176510448
OR_PDX,104,7379.551284899179
OR_PDX,105,8800.844947173826
OR_PDX,106,8376.90228679911
OR_PDX,107,8753.902251568486
OR_PDX,108,9014.194515595216
OR_PDX,109,8588.326510319564
OR_PDX,110,6571.693942090132
OR_PDX,111,7409.910456515009
OR_PDX,112,8254.28944269204
OR_PDX,113,8492.473639420788
OR_PDX,114,8950.918707843994
OR_PDX,115,9608.847100691328
OR_PDX,116,8992.223474169512
OR_PDX,117,6685.786757900643
OR_PDX,118,7515.162595757152
OR_PDX,119,8685.243269453766
OR_PDX,120,8449.663280041628
OR_PDX,121,8651.52063971373
OR_PDX,122,9356.00327969417
OR_PDX,123,9245.194491935252
OR_PDX,124,6842.7891601267
OR_PDX,125,7678.236978219958
OR_PDX,126,8294.654034852514
OR_PDX,127,8655.002319920104
OR_PDX,128,8809.329229571631
OR_PDX,129,9739.89403663933
OR_PDX,130,8816.15480480017
OR_PDX,131,6706.397945960165
OR_PDX,132,7078.076888802683
OR_PDX,133,9365.199006802664
OR_PDX,134,9125.802379776382
OR_PDX,135,8747.634736500933
OR_PDX,136,10142.010512995548
OR_PDX,137,9008.703742994276
OR_PDX,138,6771.599880105811
OR_PDX,139,7687.001238772726
OR_PDX,140,9107.966096623597
OR_PDX,141,9136.400630235219
OR_PDX,142,9703.210515350695
OR_PDX,143,10117.60175499493
OR_PDX,144,9969.302116386392
OR_PDX,145,6805.932633851878
OR_PDX,146,6371.168234859724
OR_PDX,147,7731.398456859902
OR_PDX,148,8832.667334625698
OR_PDX,149,8910.566087968722
OR_PDX,150,9390.919667609673
OR_PDX,151,9423.76203559765
OR_PDX,152,7342.783004552805
OR_PDX,153,8181.169185614807
OR_PDX,154,9671.435902848472
OR_PDX,155,10068.52630529379
OR_PDX,156,9775.313312310971
OR_PDX,157,9965.157786383983
OR_PDX,158,9548.13061774194
OR_PDX,159,7030.272573134392
OR_PDX,160,8402.269871024979
OR_PDX,161,9405.655212873435
OR_PDX,162,9807.320678671378
OR_PDX,163,9641.10520709152
OR_PDX,164,10154.34128338323
OR_PDX,165,9661.064667912382
OR_PDX,166,7858.191685070561
OR_PDX,167,8586.619629308907
OR_PDX,168,10153.200127529004
OR_PDX,169,9925.562015451489
OR_PDX,170,9340.752298899
OR_PDX,171,10288.61385094691
OR_PDX,172,9832.851874154841
OR_PDX,173,8069.30919096196
OR_PDX,174,8510.849634969742
OR_PDX,175,9579.297900491834
OR_PDX,176,9786.944821503992
OR_PDX,177,10670.618670467795
OR_PDX,178,11011.53523124052
OR_PDX,179,10265.842480802185
OR_PDX,180,7464.836061404755
OR_PDX,181,9127.410209823982
OR_PDX,182,9694.015176204673
OR_PDX,183,9391.387223911293
OR_PDX,184,9427.240939170986
OR_PDX,185,6725.415626419643
OR_PDX,186,8457.04358792186
OR_PDX,187,7359.897086643997
OR_PDX,188,8160.951960123942
OR_PDX,189,9432.612726648875
OR_PDX,190,10232.147364947923
OR_PDX,191,9839.989088292265
OR_PDX,192,10155.798555415691
OR_PDX,193,9932.718686997909
OR_PDX,194,8325.836651876245
OR_PDX,195,8657.871891490387
OR_PDX,196,9883.750979950162
OR_PDX,197,9433.293191947345
OR_PDX,198,10097.180159802298
OR_PDX,199,10287.809731393363
OR_PDX,200,9587.52558472902
OR_PDX,201,7944.4740498016345
OR_PDX,202,8904.688063930784
OR_PDX,203,10282.262648835305
OR_PDX,204,10079.518950170212
OR_PDX,205,9903.07829474328
OR_PDX,206,10309.817264423738
OR_PDX,207,10304.065763782666
OR_PDX,208,8120.302498031812
OR_PDX,209,8781.155170702346
OR_PDX,210,10284.292081350748
OR_PDX,211,10375.499737235517
OR_PDX,212,10105.151423060668
OR_PDX,213,10707.723890012232
OR_PDX,214,10179.128736925377
OR_PDX,215,8300.886432780699
OR_PDX,216,8927.50393443885
OR_PDX,217,9828.545152963296
OR_PDX,218,9724.096817347528
OR_PDX,219,9980.262190941345
OR_PDX,220,10371.325186227199
OR_PDX,221,10088.759155454265
OR_PDX,222,7915.186688598914
OR_PDX,223,8983.612413041537
OR_PDX,224,9732.676946982141
OR_PDX,225,9838.509841053552
OR_PDX,226,9816.17140287592
OR_PDX,227,10645.042933222328
OR_PDX,228,9772.392095504096
OR_PDX,229,7711.4510892618955
OR_PDX,230,8699.51000772532
OR_PDX,231,8978.604984473272
OR_PDX,232,9284.290619761854
OR_PDX,233,9826.918944438796
OR_PDX,234,10846.284746411486
OR_PDX,235,10151.913283695823
OR_PDX,236,7603.199714379651
OR_PDX,237,8936.349719460397
OR_PDX,238,9089.270542632725
OR_PDX,239,9255.778422351867
OR_PDX,240,9521.58770106174
OR_PDX,241,9697.6893201151
OR_PDX,242,9449.01419231295
OR_PDX,243,7533.823886272062
OR_PDX,244,7393.7698594689355
OR_PDX,245,8715.477030098426
OR_PDX,246,9018.917653040056
OR_PDX,247,8769.749151639575
OR_PDX,248,10014.69272269166
OR_PDX,249,10025.106336940233
OR_PDX,250,7384.859476276692
OR_PDX,251,9363.150382538937
OR_PDX,252,9789.331507201303
OR_PDX,253,9395.6701323993
OR_PDX,254,9954.348523431217
OR_PDX,255,10941.694489233103
OR_PDX,256,9695.63924111962
OR_PDX,257,7824.601912659432
OR_PDX,258,8911.769773115742
OR_PDX,259,9835.485710724632
OR_PDX,260,9898.762253970674
OR_PDX,261,9491.911423223306
OR_PDX,262,10876.622356639611
OR_PDX,263,8950.547648250562
OR_PDX,264,7315.196816907037
OR_PDX,265,8322.237427325874
OR_PDX,266,9149.319773064348
OR_PDX,267,9017.69224354056
OR_PDX,268,9870.21832110756
OR_PDX,269,10085.2196265334
OR_PDX,270,9966.622685851555
OR_PDX,271,7151.179410710637
OR_PDX,272,8733.544355762024
OR_PDX,273,8664.35643943502
OR_PDX,274,8934.793840712184
OR_PDX,275,8628.764778450375
OR_PDX,276,9812.49103939845
OR_PDX,277,9940.569399275288
OR_PDX,278,7452.9480096992675
OR_PDX,279,8200.741674529774
OR_PDX,280,8984.573231834289
OR_PDX,281,9127.733780215942
OR_PDX,282,9103.496230579649
OR_PDX,283,9956.79674176831
OR_PDX,284,9447.806446405637
OR_PDX,285,7976.797684459107
OR_PDX,286,8408.930653440499
OR_PDX,287,8993.523859927465
OR_PDX,288,9217.850665375763
OR_PDX,289,9479.014483365467
OR_PDX,290,10309.520144411756
OR_PDX,291,9758.120392427429
OR_PDX,292,7474.9443338409355
OR_PDX,293,8213.16144934102
OR_PDX,294,9206.747079399009
OR_PDX,295,8834.36493385478
OR_PDX,296,9517.386696940648
OR_PDX,297,10233.795534159526
OR_PDX,298,9457.053236695663
OR_PDX,299,6759.280154700889
OR_PDX,300,8411.096716557424
OR_PDX,301,8859.870545743084
OR_PDX,302,8407.57232535632
OR_PDX,303,8393.463534757635
OR_PDX,304,8517.781406987098
OR_PDX,305,9242.114810928297
OR_PDX,306,6814.259791944239
OR_PDX,307,8501.319855930999
OR_PDX,308,8443.088019100756
OR_PDX,309,8274.907764395526
OR_PDX,310,8858.769214579796
OR_PDX,311,9205.866744950212
OR_PDX,312,9094.546810994845
OR_PDX,313,6855.325021989454
OR_PDX,314,7882.186282141278
OR_PDX,315,8569.470711791306
OR_PDX,316,9118.550713556566
OR_PDX,317,8478.613781650236
OR_PDX,318,9907.947779150587
OR_PDX,319,9912.253729101541
OR_PDX,320,6519.583936284985
OR_PDX,321,8118.402114571487
OR_PDX,322,8437.111040843334
OR_PDX,323,8137.7756573735705
OR_PDX,324,8536.168847880506
OR_PDX,325,9756.474401197149
OR_PDX,326,9005.264203217213
OR_PDX,327,8377.66766895419
OR_PDX,328,7923.331612417144
OR_PDX,329,8837.650881063917
OR_PDX,330,10065.696037756754
OR_PDX,331,9630.489382267488
OR_PDX,332,3754.0830903381852
OR_PDX,333,8140.9279409289165
OR_PDX,334,8246.73066581714
OR_PDX,335,8314.445774681404
OR_PDX,336,8999.031523259844
OR_PDX,337,7762.624599863629
OR_PDX,338,8180.056353456197
OR_PDX,339,9089.8614413904
OR_PDX,340,9608.611806728857
OR_PDX,341,7123.8844394668495
OR_PDX,342,7713.6052941765365
OR_PDX,343,8622.49877133697
OR_PDX,344,8163.216434172741
OR_PDX,345,9105.528368364672
OR_PDX,346,9292.950192335162
OR_PDX,347,8766.298803896327
OR_PDX,348,6803.908168157095
OR_PDX,349,8080.741731984063
OR_PDX,350,8668.850129718327
OR_PDX,351,8832.441915283878
OR_PDX,352,9238.465050109256
OR_PDX,353,9883.549614748787
OR_PDX,354,9302.01866614614
OR_PDX,355,7777.656526424896
OR_PDX,356,7844.108935207639
OR_PDX,357,8901.804136607157
OR_PDX,358,7438.649660664435
OR_PDX,359,5760.524653140543
OR_PDX,360,8936.521569988183
OR_PDX,361,8750.125231123186
OR_PDX,362,7754.139912962156
OR_PDX,363,7581.952254187251
OR_PDX,364,8176.297567339121
OR_PDX,365,7820.816974312135
OR_W,1,58.68559165785313
OR_W,2,8.385876670579266
OR_W,3,31.10383913745323
OR_W,4,62.22658790485814
OR_W,5,95.57236594602652
OR_W,6,23.758952842149313
OR_W,7,47.138492441560714
OR_W,8,11.535631018698815
OR_W,9,27.655922260252876
OR_W,10,31.744082226446587
OR_W,11,37.700305953759226
OR_W,12,28.01089127776042
OR_W,13,1.0722988250221384
OR_W,14,0.8130795242356167
OR_W,15,14.14897798058024
OR_W,16,12.55808361060327
OR_W,17,3.3494429577103637
OR_W,18,11.289416866770948
OR_W,19,47.1281592109758
OR_W,20,6.353795654189307
OR_W,21,36.40041371822728
OR_W,22,66.16052536516408
OR_W,23,100.56556631148031
OR_W,24,42.810174118868815
OR_W,25,43.90130142338135
OR_W,26,61.43704425467891
OR_W,27,7.740739924866927
OR_W,28,91.89811475669454
OR_W,29,69.18223021523724
OR_W,30,8.403229193755815
OR_W,31,7.235718964246055
OR_W,32,41.639090224532985
OR_W,33,10.586950436706259
OR_W,34,53.87770977209201
OR_W,35,61.82989459479671
OR_W,36,39.87225996154785
OR_W,37,72.74876977356561
OR_W,38,41.17258163638678
OR_W,39,8.068354041708629
OR_W,40,44.86833185783846
OR_W,41,95.9334845572314
OR_W,42,45.84470146188916
OR_W,43,74.81276399473708
OR_W,44,75.19068094550916
OR_W,45,30.777155227331665
OR_W,46,34.84576976025782
OR_W,47,55.91561946358013
OR_W,48,28.444747716883242
OR_W,49,43.92719687270514
OR_W,50,60.503629102982515
OR_W,51,8.485717591924569
OR_W,52,8.655496057274988
OR_W,53,9.400776908355637
OR_W,54,61.68214412857234
OR_W,55,89.67235971892131
OR_W,56,34.41889926900822
OR_W,57,7.372801690368381
OR_W,58,38.60104936593505
OR_W,59,8.68635445214634
OR_W,60,26.30565863394324
OR_W,61,24.225758446777466
OR_W,62,8.111802596198741
OR_W,63,8.469031255130911
OR_W,64,31.04885633882864
OR_W,65,81.06884882220405
OR_W,66,62.31219547217373
OR_W,67,43.52741094842674
OR_W,68,21.964885418098334
OR_W,69,6.706661489162439
OR_W,70,8.742517534510304
OR_W,71,53.26130374572141
OR_W,72,69.53710994552242
OR_W,73,54.556074858896395
OR_W,74,80.80522526829601
OR_W,75,59.44709264717521
OR_W,76,99.03371141905139
OR_W,77,66.25905298711398
OR_W,78,67.43961316828857
OR_W,79,11.645809325471792
OR_W,80,64.42052448957118
OR_W,81,78.20546646011049
OR_W,82,8.443745269819189
OR_W,83,55.027710309450796
OR_W,84,56.91993707384044
OR_W,85,71.75738498590468
OR_W,86,8.762342875011274
OR_W,87,8.383212941143537
OR_W,88,55.727040772753575
OR_W,89,74.58377954229793
OR_W,90,48.97169332879037
OR_W,91,51.138108742067715
OR_W,92,97.87394781888672
OR_W,93,55.45891710923546
OR_W,94,6.747907323651539
OR_W,95,48.47237078970644
OR_W,96,39.09979813341364
OR_W,97,44.960666389403045
OR_W,98,5.745478406035877
OR_W,99,58.49115111387086
OR_W,100,89.7756422687272
OR_W,101,76.86583885395662
OR_W,102,69.89727650412618
OR_W,103,45.894420813057685
OR_W,104,5.1623309721986255
OR_W,105,6.387814215854811
OR_W,106,5.5732483830369475
OR_W,107,63.0774203112634
OR_W,108,54.77570936678447
OR_W,109,47.49520423585487
OR_W,110,37.70441768347701
OR_W,111,41.6220766143607
OR_W,112,49.340735899717394
OR_W,113,5.659637993292987
OR_W,114,6.13515527534349
OR_W,115,44.41382022321332
OR_W,116,6.1038842555830595
OR_W,117,39.83719484655087
OR_W,118,74.03826221630041
OR_W,119,5.859340804363104
OR_W,120,66.5627507201334
OR_W,121,52.41570410746058
OR_W,122,64.37109321080486
OR_W,123,7.738487984397606
OR_W,124,4.069350901787917
OR_W,125,61.80358055219523
OR_W,126,5.865854045594915
OR_W,127,46.868400908118126
OR_W,128,59.756406870720106
OR_W,129,38.086792622790234
OR_W,130,60.95095793003221
OR_W,131,49.988534599555734
OR_W,132,48.06668244644905
OR_W,133,41.03679806390097
OR_W,134,34.62755677644836
OR_W,135,36.96948256767149
OR_W,136,79.14360287884327
OR_W,137,77.25447192611114
OR_W,138,4.276099299052702
OR_W,139,64.93093252355204
OR_W,140,56.35251874799744
OR_W,141,37.89648304636608
OR_W,142,6.346792922667784
OR_W,143,95.31041865918272
OR_W,144,95.69558311379056
OR_W,145,70.28836475506421
OR_W,146,58.810411263593274
OR_W,147,94.86336033049272
OR_W,148,74.0849773094062
OR_W,149,56.75136360415978
OR_W,150,74.61308090506992
OR_W,151,88.37637025649836
OR_W,152,53.18071233862936
OR_W,153,42.8108464968728
OR_W,154,10.751643483706385
OR_W,155,60.10227599626396
OR_W,156,60.390951004176905
OR_W,157,67.18693153226863
OR_W,158,55.330514375188315
OR_W,159,70.83025660113773
OR_W,160,52.30168848906018
OR_W,161,58.16464341058777
OR_W,162,49.72516375007366
OR_W,163,7.634218868137385
OR_W,164,65.31627876216773
OR_W,165,91.58011605304229
OR_W,166,41.525469019997566
OR_W,167,62.809085006825384
OR_W,168,79.5294026453482
OR_W,169,63.71898443919535
OR_W,170,7.18394444875295
OR_W,171,7.404603662831208
OR_W,172,83.45359441033706
OR_W,173,48.671913095263015
OR_W,174,107.14873438077596
OR_W,175,49.87681137686895
OR_W,176,7.652763161856353
OR_W,177,9.286148479425108
OR_W,178,89.34696115819034
OR_W,179,81.2805469979369
OR_W,180,74.74315572346394
OR_W,181,74.63601677902915
OR_W,182,57.32549239351103
OR_W,183,57.20600686633321
OR_W,184,68.40804442522841
OR_W,185,35.418927744844765
OR_W,186,27.047428026352183
OR_W,187,42.15008795972529
OR_W,188,42.368082211017025
OR_W,189,55.09665828249884
OR_W,190,34.522324283926515
OR_W,191,35.58955720883127
OR_W,192,46.20578741204957
OR_W,193,68.3552590611755
OR_W,194,50.027649722525986
OR_W,195,66.07173434874095
OR_W,196,50.299564498846806
OR_W,197,70.2263861955431
OR_W,198,37.54481304506394
OR_W,199,75.71132964027854
OR_W,200,57.32283695592022
OR_W,201,29.79083541316487
OR_W,202,76.88206418668928
OR_W,203,49.12168016296248
OR_W,204,37.8996814090715
OR_W,205,78.46473260891258
OR_W,206,6.196956972115277
OR_W,207,33.87918524596521
OR_W,208,60.74685688429782
OR_W,209,86.83767192164599
OR_W,210,133.8446549166407
OR_W,211,54.93615290122564
OR_W,212,87.03728767432091
OR_W,213,72.84114515727617
OR_W,214,75.9788992343267
OR_W,215,41.7655808555385
OR_W,216,75.98959544041422
OR_W,217,6.991109862172942
OR_W,218,39.31160842142233
OR_W,219,58.049901436941916
OR_W,220,90.40720254145893
OR_W,221,40.0337673050509
OR_W,222,65.66726075496358
OR_W,223,92.8144680844413
OR_W,224,52.56354523880861
OR_W,225,68.6403504317992
OR_W,226,55.154611587656625
OR_W,227,5.722406004328334
OR_W,228,71.42452489000894
OR_W,229,3.7308887120103242
OR_W,230,90.09412509134746
OR_W,231,68.24425735827347
OR_W,232,77.86148961185529
OR_W,233,62.39714796421324
OR_W,234,83.92716431532429
OR_W,235,69.52145053016476
OR_W,236,78.22165483001737
OR_W,237,51.872204990326004
OR_W,238,4.99191659119176
OR_W,239,31.26156932665394
OR_W,240,38.796134209005345
OR_W,241,34.03335764751487
OR_W,242,75.96868107230762
OR_W,243,55.050643461720085
OR_W,244,73.46010016287651
OR_W,245,136.88765144199385
OR_W,246,38.14784612214764
OR_W,247,47.03883178220064
OR_W,248,73.32462694413765
OR_W,249,78.24512229589295
OR_W,250,64.59522236549206
OR_W,251,77.2945973866642
OR_W,252,62.22957096120695
OR_W,253,64.73861754443277
OR_W,254,101.95406722122385
OR_W,255,126.12023446278914
OR_W,256,34.36478402524963
OR_W,257,91.21684308222785
OR_W,258,96.07484906318561
OR_W,259,42.0601276285641
OR_W,260,118.51309893297051
OR_W,261,76.49399418157766
OR_W,262,82.86705444156487
OR_W,263,61.294853976417976
OR_W,264,55.41505752368959
OR_W,265,41.95448604718485
OR_W,266,70.98620081853605
OR_W,267,5.714085122846635
OR_W,268,70.40139017544023
OR_W,269,71.6170402644613
OR_W,270,117.51623916001994
OR_W,271,54.36388421605433
OR_W,272,65.61486560705787
OR_W,273,30.5674781894438
OR_W,274,34.72567294507886
OR_W,275,55.90260952481442
OR_W,276,34.56105739924485
OR_W,277,72.07500567417615
OR_W,278,78.40907837653825
OR_W,279,54.78726789211942
OR_W,280,36.54015483158923
OR_W,281,72.34400576726998
OR_W,282,88.37484762636974
OR_W,283,92.99316061830451
OR_W,284,11.810081234976712
OR_W,285,52.578334794131976
OR_W,286,56.91054430403183
OR_W,287,74.34225323698504
OR_W,288,56.69591238163003
OR_W,289,92.08667448459497
OR_W,290,66.48424448545921
OR_W,291,10.452401059615276
OR_W,292,44.32355409467238
OR_W,293,95.43481261361251
OR_W,294,10.583595899971979
OR_W,295,95.92688637890268
OR_W,296,77.80908038163898
OR_W,297,74.17078409187424
OR_W,298,61.61279273872526
OR_W,299,43.8615625142935
OR_W,300,41.17755101187263
OR_W,301,45.00817606396947
OR_W,302,74.1401035150758
OR_W,303,56.81312611509416
OR_W,304,9.26280531579487
OR_W,305,38.656820595612544
OR_W,306,56.22321310502031
OR_W,307,8.369103485103324
OR_W,308,7.076448563745999
OR_W,309,76.889019555427
OR_W,310,68.0534186251408
OR_W,311,76.99509184613296
OR_W,312,58.57626690711653
OR_W,313,78.19958732468109
OR_W,314,86.78504330915507
OR_W,315,7.061110027694614
OR_W,316,95.08320848702245
OR_W,317,38.98596995616211
OR_W,318,67.8070578002284
OR_W,319,98.24313899726098
OR_W,320,48.23138465482051
OR_W,321,7.574496369898188
OR_W,322,7.417901621825444
OR_W,323,41.10539396103855
OR_W,324,48.372964945391125
OR_W,325,8.501349115844798
OR_W,326,39.346101856745584
OR_W,327,82.54085095459311
OR_W,328,55.2070063508312
OR_W,329,49.41342394727579
OR_W,330,77.16049256851738
OR_W,331,65.99159219965928
OR_W,332,3.827659262152346
OR_W,333,104.96213032759795
OR_W,334,105.64951587116808
OR_W,335,48.02110751270095
OR_W,336,50.6224875065269
OR_W,337,37.88242340109742
OR_W,338,35.61401367821642
OR_W,339,56.391681225578125
OR_W,340,75.88647672278485
OR_W,341,6.700870090524315
OR_W,342,52.50867408009243
OR_W,343,76.1013062739459
OR_W,344,68.98761122410316
OR_W,345,108.58095021777582
OR_W,346,62.89695139668453
OR_W,347,46.62163415647206
OR_W,348,7.7377064088481395
OR_W,349,7.708047528492297
OR_W,350,8.067055856045668
OR_W,351,64.57510950842209
OR_W,352,42.486802732621555
OR_W,353,74.32646053035141
OR_W,354,73.49746563957935
OR_W,355,43.685305966498156
OR_W,356,6.697100300057608
OR_W,357,7.109449415058213
OR_W,358,26.256844172731007
OR_W,359,4.3924642111622285
OR_W,360,39.33101545100824
OR_W,361,70.46424115302895
OR_W,362,5.96355852867093
OR_W,363,6.9791613278222915
OR_W,364,71.67910922476632
OR_W,365,61.284921626482834
OR_WA_BPA,1,93.55162690825861
OR_WA_BPA,2,0.16563228353789083
OR_WA_BPA,3,51.68430476963678
OR_WA_BPA,4,17.705672209467064
OR_WA_BPA,5,27.325800513020837
OR_WA_BPA,6,13.175858430562759
OR_WA_BPA,7,45.22326565019518
OR_WA_BPA,8,0.17245353857205567
OR_WA_BPA,9,0.18009375611090647
OR_WA_BPA,10,18.20203028023038
OR_WA_BPA,11,0.1917337813709804
OR_WA_BPA,12,0.18379031675264493
OR_WA_BPA,13,16.79561536839845
OR_WA_BPA,14,75.49992717354183
OR_WA_BPA,15,42.864397044783246
OR_WA_BPA,16,16.607367525051252
OR_WA_BPA,17,0.1480929430146245
OR_WA_BPA,18,0.24636813267516747
OR_WA_BPA,19,0.19186487740928881
OR_WA_BPA,20,32.6933771402833
OR_WA_BPA,21,0.1348223963801569
OR_WA_BPA,22,0.17416273208848468
OR_WA_BPA,23,0.09956685524069779
OR_WA_BPA,24,28.36416953834218
OR_WA_BPA,25,21.89819353343907
OR_WA_BPA,26,30.441852362451886
OR_WA_BPA,27,58.19361162891403
OR_WA_BPA,28,76.94679634053537
OR_WA_BPA,29,94.93505846831172
OR_WA_BPA,30,32.25006983218221
OR_WA_BPA,31,73.76759059254586
OR_WA_BPA,32,75.47585741904291
OR_WA_BPA,33,84.05173549959265
OR_WA_BPA,34,92.21829248300809
OR_WA_BPA,35,131.28856604372112
OR_WA_BPA,36,2.2484339412707763
OR_WA_BPA,37,3.244072087824339
OR_WA_BPA,38,85.36524520695727
OR_WA_BPA,39,80.99060401289532
OR_WA_BPA,40,77.36878551647865
OR_WA_BPA,41,135.45707062183223
OR_WA_BPA,42,31.21259317110443
OR_WA_BPA,43,41.148043718346784
OR_WA_BPA,44,1.0673703134168044
OR_WA_BPA,45,51.43975760823202
OR_WA_BPA,46,0.2866263708972326
OR_WA_BPA,47,34.03974014610266
OR_WA_BPA,48,39.05868675307021
OR_WA_BPA,49,83.74194900484078
OR_WA_BPA,50,3.9370412884261343
OR_WA_BPA,51,3.9541479749005206
OR_WA_BPA,52,2.358982455327804
OR_WA_BPA,53,124.1320779060569
OR_WA_BPA,54,35.37647023972912
OR_WA_BPA,55,32.69705975867978
OR_WA_BPA,56,19.234117608777385
OR_WA_BPA,57,0.2519072004205804
OR_WA_BPA,58,25.53533524227514
OR_WA_BPA,59,0.9141772956558594
OR_WA_BPA,60,44.0583951850338
OR_WA_BPA,61,15.438792235289899
OR_WA_BPA,62,29.64539980398115
OR_WA_BPA,63,5.00283183153214
OR_WA_BPA,64,39.65854107486826
OR_WA_BPA,65,10.274575611520056
OR_WA_BPA,66,77.87253605501655
OR_WA_BPA,67,58.28941560529572
OR_WA_BPA,68,35.01113019307749
OR_WA_BPA,69,17.351453419641206
OR_WA_BPA,70,6.625570541741921
OR_WA_BPA,71,4.880165409428665
OR_WA_BPA,72,104.87200969251332
OR_WA_BPA,73,60.18908481239379
OR_WA_BPA,74,65.0712647660749
OR_WA_BPA,75,101.76153850757595
OR_WA_BPA,76,58.59115471013859
OR_WA_BPA,77,17.064644852680303
OR_WA_BPA,78,41.422520319593005
OR_WA_BPA,79,46.174235727856676
OR_WA_BPA,80,94.93393121971604
OR_WA_BPA,81,28.46604800480398
OR_WA_BPA,82,80.49595018646139
OR_WA_BPA,83,91.9797583569633
OR_WA_BPA,84,0.20396160284357648
OR_WA_BPA,85,48.90511926235985
OR_WA_BPA,86,45.142238356211564
OR_WA_BPA,87,43.273689410030336
OR_WA_BPA,88,114.80585212183234
OR_WA_BPA,89,94.22496289679447
OR_WA_BPA,90,121.38166106997801
OR_WA_BPA,91,69.03299484122147
OR_WA_BPA,92,93.12140769014187
OR_WA_BPA,93,0.20487984645668622
OR_WA_BPA,94,0.2030270509305306
OR_WA_BPA,95,6.39621910972786
OR_WA_BPA,96,84.04983665011252
OR_WA_BPA,97,0.1470585945900774
OR_WA_BPA,98,38.90758390184387
OR_WA_BPA,99,32.755393156945416
OR_WA_BPA,100,88.30924361971971
OR_WA_BPA,101,106.27032577736833
OR_WA_BPA,102,67.86527810532618
OR_WA_BPA,103,147.05812735208553
OR_WA_BPA,104,70.22961774970929
OR_WA_BPA,105,45.552119120739555
OR_WA_BPA,106,4.6314134543324945
OR_WA_BPA,107,99.5391075425683
OR_WA_BPA,108,105.02953809695617
OR_WA_BPA,109,57.621944360047934
OR_WA_BPA,110,64.19611324691873
OR_WA_BPA,111,0.14943705972478766
OR_WA_BPA,112,0.16399255913658262
OR_WA_BPA,113,63.52967961259062
OR_WA_BPA,114,35.65772785252991
OR_WA_BPA,115,88.23102513741681
OR_WA_BPA,116,97.09981259582725
OR_WA_BPA,117,43.62283200377163
OR_WA_BPA,118,0.15115539841738473
OR_WA_BPA,119,21.184925853069334
OR_WA_BPA,120,9.381901165311023
OR_WA_BPA,121,32.974815302298005
OR_WA_BPA,122,79.97898095492087
OR_WA_BPA,123,95.48693654042785
OR_WA_BPA,124,65.01935407579131
OR_WA_BPA,125,95.168674628591
OR_WA_BPA,126,67.07166991890132
OR_WA_BPA,127,82.3682833447448
OR_WA_BPA,128,48.587662472059066
OR_WA_BPA,129,9.310726596247543
OR_WA_BPA,130,17.18177892117237
OR_WA_BPA,131,88.5034059805024
OR_WA_BPA,132,0.11620788940170462
OR_WA_BPA,133,82.14763747771079
OR_WA_BPA,134,0.22499766890595985
OR_WA_BPA,135,109.59449811012263
OR_WA_BPA,136,137.90839899634165
OR_WA_BPA,137,0.17769250937079312
OR_WA_BPA,138,71.16635925893891
OR_WA_BPA,139,144.36002613637672
OR_WA_BPA,140,136.7306513899023
OR_WA_BPA,141,70.12205914588742
OR_WA_BPA,142,104.39196864586079
OR_WA_BPA,143,159.04091133411436
OR_WA_BPA,144,153.8146779294049
OR_WA_BPA,145,71.67388027140325
OR_WA_BPA,146,124.64636501038032
OR_WA_BPA,147,0.1203098391997494
OR_WA_BPA,148,103.93309801245232
OR_WA_BPA,149,44.01802532162907
OR_WA_BPA,150,0.19368230170557793
OR_WA_BPA,151,56.90514702952991
OR_WA_BPA,152,0.10736386991886629
OR_WA_BPA,153,0.11775912126008344
OR_WA_BPA,154,0.1210496662423369
OR_WA_BPA,155,0.14341101420566568
OR_WA_BPA,156,0.1922763551662233
OR_WA_BPA,157,0.17864699534828304
OR_WA_BPA,158,0.1413554228645898
OR_WA_BPA,159,0.12320464317518123
OR_WA_BPA,160,0.12001195189676382
OR_WA_BPA,161,0.1855462754061613
OR_WA_BPA,162,0.14641693072233675
OR_WA_BPA,163,0.18384162886101837
OR_WA_BPA,164,0.19672451608512498
OR_WA_BPA,165,0.17640283494526077
OR_WA_BPA,166,0.09968766395789329
OR_WA_BPA,167,0.11143349430130763
OR_WA_BPA,168,0.17805917777419059
OR_WA_BPA,169,0.20960264552769256
OR_WA_BPA,170,0.1695510174530734
OR_WA_BPA,171,0.21091409639918635
OR_WA_BPA,172,0.13162086561823136
OR_WA_BPA,173,0.10655530286890089
OR_WA_BPA,174,0.12265011607325152
OR_WA_BPA,175,0.17251351249144034
OR_WA_BPA,176,0.19918597616211517
OR_WA_BPA,177,0.1928594617108728
OR_WA_BPA,178,0.1877889123156948
OR_WA_BPA,179,0.1559408794305825
OR_WA_BPA,180,0.09691396573087095
OR_WA_BPA,181,0.11475192195535465
OR_WA_BPA,182,0.19091191802277965
OR_WA_BPA,183,0.22004072251101867
OR_WA_BPA,184,0.1864272057291118
OR_WA_BPA,185,0.073089362593808
OR_WA_BPA,186,0.10869660741103694
OR_WA_BPA,187,0.11117557622663757
OR_WA_BPA,188,0.1373469777867181
OR_WA_BPA,189,0.1779362349290369
OR_WA_BPA,190,0.1772760970336756
OR_WA_BPA,191,0.18604906547156988
OR_WA_BPA,192,0.1847640658852724
OR_WA_BPA,193,0.18108329761501493
OR_WA_BPA,194,0.11070637877243883
OR_WA_BPA,195,0.13660739519230028
OR_WA_BPA,196,0.14325544704555038
OR_WA_BPA,197,0.19249096079233946
OR_WA_BPA,198,0.17310887863205363
OR_WA_BPA,199,0.19696159462573457
OR_WA_BPA,200,0.14565559658317376
OR_WA_BPA,201,0.11354686559548402
OR_WA_BPA,202,0.1208479540179716
OR_WA_BPA,203,0.16503338632190914
OR_WA_BPA,204,0.16630180963196378
OR_WA_BPA,205,0.26432670096583943
OR_WA_BPA,206,0.18894747306969067
OR_WA_BPA,207,0.17086484770183824
OR_WA_BPA,208,0.11108122203062776
OR_WA_BPA,209,0.14440486326056678
OR_WA_BPA,210,0.19930640198133198
OR_WA_BPA,211,0.2172664578758752
OR_WA_BPA,212,0.21485504215057785
OR_WA_BPA,213,0.22775687809014322
OR_WA_BPA,214,0.1960137289292511
OR_WA_BPA,215,0.10925864808204008
OR_WA_BPA,216,0.1546055327126418
OR_WA_BPA,217,0.2107533244210946
OR_WA_BPA,218,0.25134112860506647
OR_WA_BPA,219,0.2468834471996479
OR_WA_BPA,220,0.2810434668858382
OR_WA_BPA,221,0.22681987529083522
OR_WA_BPA,222,0.16046130513958584
OR_WA_BPA,223,0.150475396740128
OR_WA_BPA,224,0.26382099063457753
OR_WA_BPA,225,0.22133404047725355
OR_WA_BPA,226,0.19347027589546137
OR_WA_BPA,227,0.2587645854910177
OR_WA_BPA,228,0.20021332657739818
OR_WA_BPA,229,0.12726971369017315
OR_WA_BPA,230,0.16223940314669785
OR_WA_BPA,231,0.17876170195376315
OR_WA_BPA,232,0.22056957546516592
OR_WA_BPA,233,0.20940645706938255
OR_WA_BPA,234,0.27659859483458343
OR_WA_BPA,235,0.20165630691405842
OR_WA_BPA,236,0.12545824087660873
OR_WA_BPA,237,0.12740434694179253
OR_WA_BPA,238,0.20969284343116534
OR_WA_BPA,239,0.24582186399346936
OR_WA_BPA,240,0.2218245260640534
OR_WA_BPA,241,0.21448135464038057
OR_WA_BPA,242,0.18180607263954032
OR_WA_BPA,243,0.14059838229619542
OR_WA_BPA,244,0.08600609207132878
OR_WA_BPA,245,0.11178561499087034
OR_WA_BPA,246,0.17231162762432994
OR_WA_BPA,247,0.19752386548151746
OR_WA_BPA,248,0.19306587913257162
OR_WA_BPA,249,0.19102853086328633
OR_WA_BPA,250,0.13473234023347666
OR_WA_BPA,251,0.12501606027465578
OR_WA_BPA,252,0.21795851738631597
OR_WA_BPA,253,0.21974130514770387
OR_WA_BPA,254,0.19440042340072614
OR_WA_BPA,255,0.24884399979122102
OR_WA_BPA,256,0.2160420874793081
OR_WA_BPA,257,0.12078854034742224
OR_WA_BPA,258,0.14573689499547723
OR_WA_BPA,259,0.1985190420565214
OR_WA_BPA,260,0.20291873252025466
OR_WA_BPA,261,0.2929195759282637
OR_WA_BPA,262,0.2558416892188827
OR_WA_BPA,263,0.17952286514519988
OR_WA_BPA,264,0.15140533955373375
OR_WA_BPA,265,0.1451566969347123
OR_WA_BPA,266,0.19500980262993517
OR_WA_BPA,267,0.17515852877522772
OR_WA_BPA,268,0.2030160593252739
OR_WA_BPA,269,0.2024400421734384
OR_WA_BPA,270,0.16562502292939751
OR_WA_BPA,271,0.10101721642992118
OR_WA_BPA,272,0.14112152044992815
OR_WA_BPA,273,0.18293373730668966
OR_WA_BPA,274,0.34285137253524256
OR_WA_BPA,275,0.39296541396820417
OR_WA_BPA,276,0.39709624096701984
OR_WA_BPA,277,0.3019884247488245
OR_WA_BPA,278,0.20617725262022862
OR_WA_BPA,279,0.29410519813217895
OR_WA_BPA,280,0.3026180865940973
OR_WA_BPA,281,0.33117069352158296
OR_WA_BPA,282,0.345159601064407
OR_WA_BPA,283,0.4323767664681297
OR_WA_BPA,284,0.3227918329315272
OR_WA_BPA,285,0.21688458260831905
OR_WA_BPA,286,0.26334391327095924
OR_WA_BPA,287,0.31779144054752545
OR_WA_BPA,288,0.289319621753001
OR_WA_BPA,289,0.31756619594120156
OR_WA_BPA,290,0.39092268575917233
OR_WA_BPA,291,0.35430217423835975
OR_WA_BPA,292,0.2255411474724264
OR_WA_BPA,293,0.2648327030066254
OR_WA_BPA,294,0.34214150388730474
OR_WA_BPA,295,0.38606085847643135
OR_WA_BPA,296,0.43494167430699865
OR_WA_BPA,297,0.4486042328483519
OR_WA_BPA,298,0.3231062428106124
OR_WA_BPA,299,0.2030060422364833
OR_WA_BPA,300,0.2317363089373439
OR_WA_BPA,301,0.34559140242539527
OR_WA_BPA,302,0.3431744062385967
OR_WA_BPA,303,0.36110594726784123
OR_WA_BPA,304,0.38761269064323794
OR_WA_BPA,305,0.37784173082784384
OR_WA_BPA,306,0.2969462967040973
OR_WA_BPA,307,0.29029512715913525
OR_WA_BPA,308,0.3716789067604054
OR_WA_BPA,309,0.38909433220178413
OR_WA_BPA,310,0.40631021000690243
OR_WA_BPA,311,0.42858090378936725
OR_WA_BPA,312,0.36061777593296107
OR_WA_BPA,313,0.25480204964775466
OR_WA_BPA,314,0.2803015775582895
OR_WA_BPA,315,0.3039102386153363
OR_WA_BPA,316,0.38227090257242363
OR_WA_BPA,317,0.35634323707276816
OR_WA_BPA,318,0.44253905671302746
OR_WA_BPA,319,0.3350855440861766
OR_WA_BPA,320,0.23730079932152195
OR_WA_BPA,321,0.2733701913252982
OR_WA_BPA,322,0.3947098419955556
OR_WA_BPA,323,0.4144589086811631
OR_WA_BPA,324,0.4394193295902608
OR_WA_BPA,325,0.49635028546288606
OR_WA_BPA,326,0.34307488040663137
OR_WA_BPA,327,0.36544836751440557
OR_WA_BPA,328,0.276493345299188
OR_WA_BPA,329,0.37608688783328986
OR_WA_BPA,330,0.45402550848536133
OR_WA_BPA,331,0.4578920586810786
OR_WA_BPA,332,0.13288847221162128
OR_WA_BPA,333,0.2975711200789459
OR_WA_BPA,334,0.32012944969041796
OR_WA_BPA,335,0.4124169051209642
OR_WA_BPA,336,0.4431963578709897
OR_WA_BPA,337,0.46194612359748527
OR_WA_BPA,338,0.4183987739746469
OR_WA_BPA,339,0.4016461247828346
OR_WA_BPA,340,0.40388012537909834
OR_WA_BPA,341,0.26386639340638185
OR_WA_BPA,342,0.32482900828868705
OR_WA_BPA,343,0.3996431588751147
OR_WA_BPA,344,0.5067797095889142
OR_WA_BPA,345,0.5011318362420517
OR_WA_BPA,346,0.4136123094278951
OR_WA_BPA,347,0.4154842191595461
OR_WA_BPA,348,0.2768323878354376
OR_WA_BPA,349,0.31284462347927855
OR_WA_BPA,350,0.3934116901197218
OR_WA_BPA,351,0.3607367757664579
OR_WA_BPA,352,0.48836990721392
OR_WA_BPA,353,0.3484077627956101
OR_WA_BPA,354,0.3888510252183463
OR_WA_BPA,355,0.3257411974285415
OR_WA_BPA,356,0.2941601828686835
OR_WA_BPA,357,0.3141857183407482
OR_WA_BPA,358,0.23614361726585892
OR_WA_BPA,359,0.1876366254992767
OR_WA_BPA,360,0.3762054344727522
OR_WA_BPA,361,0.36235604787800535
OR_WA_BPA,362,0.3089067554183394
OR_WA_BPA,363,0.2749290440150945
OR_WA_BPA,364,0.35365428461227605
OR_WA_BPA,365,0.27760658539578775
UT_N,1,11284.932996863185
UT_N,2,13753.301488254867
UT_N,3,14263.073417531194
UT_N,4,14149.272818873042
UT_N,5,13562.844727034913
UT_N,6,12975.962640276819
UT_N,7,12554.637909813924
UT_N,8,13434.930623802198
UT_N,9,12084.807907454131
UT_N,10,12048.12920534887
UT_N,11,14048.638068407925
UT_N,12,13237.42271653891
UT_N,13,10299.222106874937
UT_N,14,10801.936848224334
UT_N,15,14212.270954307845
UT_N,16,13035.652370246677
UT_N,17,11780.070331145696
UT_N,18,15048.823911707059
UT_N,19,13977.111534909292
UT_N,20,10815.103526139432
UT_N,21,13563.34549327299
UT_N,22,14477.02625476645
UT_N,23,13163.585802985586
UT_N,24,13729.78191925465
UT_N,25,14195.806450402155
UT_N,26,14145.007048997246
UT_N,27,10995.190035756474
UT_N,28,13217.194432767936
UT_N,29,13860.028256727292
UT_N,30,12408.77408984343
UT_N,31,12783.559891893356
UT_N,32,14349.539006164432
UT_N,33,13277.811305879715
UT_N,34,11605.56364908696
UT_N,35,13100.07904358026
UT_N,36,13746.69271540321
UT_N,37,13173.919853969346
UT_N,38,13056.338166099571
UT_N,39,14440.30687044176
UT_N,40,14017.530092491643
UT_N,41,12550.300972219326
UT_N,42,12014.196469242937
UT_N,43,15406.88480391478
UT_N,44,13524.681385201653
UT_N,45,12898.328373405568
UT_N,46,15150.417991198246
UT_N,47,14996.165592817753
UT_N,48,11823.300185360024
UT_N,49,11666.259482068464
UT_N,50,15820.5197160231
UT_N,51,14406.438428272268
UT_N,52,13572.687730826865
UT_N,53,15591.465994636432
UT_N,54,13886.327412160044
UT_N,55,11155.490459828288
UT_N,56,13743.416059454537
UT_N,57,13857.670254960265
UT_N,58,14326.525005320893
UT_N,59,14794.411963912424
UT_N,60,14601.208847510516
UT_N,61,9974.776381766329
UT_N,62,13794.261126894135
UT_N,63,13856.763088716378
UT_N,64,14027.95613038842
UT_N,65,14784.579968646125
UT_N,66,14607.793570524398
UT_N,67,14834.416181558632
UT_N,68,11601.358122542848
UT_N,69,13291.052936200807
UT_N,70,14275.287956953736
UT_N,71,14356.676279518426
UT_N,72,15026.800040566968
UT_N,73,13639.517297490118
UT_N,74,14467.183746879065
UT_N,75,12540.997640868482
UT_N,76,13592.484296913537
UT_N,77,14013.330550052808
UT_N,78,14509.952497775706
UT_N,79,14083.865722893459
UT_N,80,15394.508084539082
UT_N,81,14701.362617181998
UT_N,82,12105.538775378553
UT_N,83,12698.536811885422
UT_N,84,14781.780319619696
UT_N,85,13559.105831044368
UT_N,86,14730.489205342106
UT_N,87,14315.7391055289
UT_N,88,15257.20181247017
UT_N,89,11385.09107383224
UT_N,90,12196.310219718831
UT_N,91,14667.938330580779
UT_N,92,13838.820632364972
UT_N,93,14096.986942674113
UT_N,94,11910.312452732773
UT_N,95,12875.806897921802
UT_N,96,11562.33961960993
UT_N,97,12439.84152576804
UT_N,98,14184.983756737862
UT_N,99,12760.534376475163
UT_N,100,13695.40790886635
UT_N,101,14211.284744510322
UT_N,102,13588.668831255678
UT_N,103,10713.95565283529
UT_N,104,12037.768729654468
UT_N,105,13749.986741553155
UT_N,106,13246.809995590853
UT_N,107,13796.546394324785
UT_N,108,14077.26758068368
UT_N,109,13809.21272486231
UT_N,110,10345.281131654328
UT_N,111,12396.580701984107
UT_N,112,14031.21109620851
UT_N,113,13487.55652646584
UT_N,114,14104.553315533496
UT_N,115,14858.36713446557
UT_N,116,13434.440573404463
UT_N,117,10409.735355742794
UT_N,118,12188.23760007873
UT_N,119,13143.34804197357
UT_N,120,12746.881834402144
UT_N,121,13856.216388052388
UT_N,122,13984.138851090323
UT_N,123,13655.431356409916
UT_N,124,10507.541762425228
UT_N,125,11365.319372406744
UT_N,126,13066.699282910538
UT_N,127,13016.85373311347
UT_N,128,13712.814848132413
UT_N,129,13464.517194422338
UT_N,130,13156.01258145074
UT_N,131,10549.830876772325
UT_N,132,11763.137866758747
UT_N,133,13032.826519568629
UT_N,134,13223.748310482222
UT_N,135,14244.64343873963
UT_N,136,14586.527496603696
UT_N,137,13997.328880698944
UT_N,138,10271.927375428737
UT_N,139,12420.104623825933
UT_N,140,13920.698226357925
UT_N,141,13417.504738462321
UT_N,142,14188.731538222126
UT_N,143,14137.939889894622
UT_N,144,13490.84371173708
UT_N,145,10282.77465100293
UT_N,146,10239.51270535422
UT_N,147,12035.442236494271
UT_N,148,13531.774531539366
UT_N,149,13404.335920812497
UT_N,150,14302.54787575183
UT_N,151,13346.928591897557
UT_N,152,10958.972297185235
UT_N,153,12782.187680622968
UT_N,154,13957.85388905018
UT_N,155,13812.481463788681
UT_N,156,14151.08360197676
UT_N,157,14808.540074265644
UT_N,158,13840.261681848717
UT_N,159,11940.885346102708
UT_N,160,12654.763668568403
UT_N,161,14647.701017490464
UT_N,162,14316.195920119431
UT_N,163,15046.013450004248
UT_N,164,14999.472729929572
UT_N,165,14121.479983499172
UT_N,166,11991.221426058059
UT_N,167,12011.438915727162
UT_N,168,15173.927360929642
UT_N,169,14714.494975399168
UT_N,170,13126.403757373215
UT_N,171,14326.05052812436
UT_N,172,13796.539972068636
UT_N,173,11853.403904482551
UT_N,174,12533.903922087682
UT_N,175,14339.700893335425
UT_N,176,14091.37356989962
UT_N,177,13153.71155872721
UT_N,178,14446.928059870406
UT_N,179,13746.205327972702
UT_N,180,11719.894745708241
UT_N,181,12671.70922405222
UT_N,182,13002.27228326659
UT_N,183,13618.78436749356
UT_N,184,13849.678232513494
UT_N,185,9864.252731914086
UT_N,186,11263.716939577667
UT_N,187,11766.92811302213
UT_N,188,13307.970413099214
UT_N,189,14154.878613095643
UT_N,190,14335.940511616995
UT_N,191,14671.23536359078
UT_N,192,14915.781619055171
UT_N,193,13933.381667928554
UT_N,194,11689.317686653194
UT_N,195,12547.56846195139
UT_N,196,14389.542029508119
UT_N,197,14158.651452873408
UT_N,198,14369.80600408961
UT_N,199,14302.548300143932
UT_N,200,11776.294915185312
UT_N,201,10878.080801311107
UT_N,202,11535.541675557673
UT_N,203,13525.203432321572
UT_N,204,13839.807483359675
UT_N,205,13532.285864345573
UT_N,206,14707.922084449632
UT_N,207,14583.759928259928
UT_N,208,11706.249875233545
UT_N,209,13485.237570512365
UT_N,210,14295.48132196116
UT_N,211,13719.434722805086
UT_N,212,14104.563172529577
UT_N,213,14868.75688094479
UT_N,214,12983.020640050097
UT_N,215,11672.388981160097
UT_N,216,12759.201966203029
UT_N,217,13713.341756963622
UT_N,218,13464.528842540194
UT_N,219,14737.53122515185
UT_N,220,14530.159217471883
UT_N,221,14007.701064359644
UT_N,222,11940.427076910277
UT_N,223,13070.021447006176
UT_N,224,12949.139279143857
UT_N,225,13967.744871212893
UT_N,226,13253.387893609428
UT_N,227,14653.824255608986
UT_N,228,13729.297755172984
UT_N,229,11102.895307353392
UT_N,230,12759.205611834834
UT_N,231,13736.36543326387
UT_N,232,13444.802975738547
UT_N,233,14064.596578252726
UT_N,234,14664.17667544868
UT_N,235,14148.7939951118
UT_N,236,10751.629887659648
UT_N,237,13000.445580366484
UT_N,238,13022.491097987655
UT_N,239,12579.479985751941
UT_N,240,13456.965425506563
UT_N,241,14486.416313596412
UT_N,242,13313.09190372982
UT_N,243,10480.76895192048
UT_N,244,10829.190362456919
UT_N,245,13270.736944244281
UT_N,246,12744.541145472682
UT_N,247,12951.874419123846
UT_N,248,13980.791831237038
UT_N,249,13963.902100198451
UT_N,250,10754.392318676251
UT_N,251,12992.827178838512
UT_N,252,13893.825637887607
UT_N,253,13217.119620432806
UT_N,254,14031.134467878948
UT_N,255,14915.696758079204
UT_N,256,13950.259975579182
UT_N,257,10847.920998165424
UT_N,258,13167.299181056644
UT_N,259,13032.79770058719
UT_N,260,12768.010427432968
UT_N,261,14301.510611869775
UT_N,262,14503.270444931348
UT_N,263,14409.175205069912
UT_N,264,10911.926936153242
UT_N,265,13188.031066311083
UT_N,266,14118.134205865761
UT_N,267,13655.383992102867
UT_N,268,14003.847973635968
UT_N,269,14215.488957319283
UT_N,270,14949.048038465859
UT_N,271,11545.35693696321
UT_N,272,13113.19712163614
UT_N,273,14875.243800246786
UT_N,274,13290.318561430438
UT_N,275,13672.159144509877
UT_N,276,14945.609515114713
UT_N,277,14375.645693877956
UT_N,278,11116.363228285423
UT_N,279,13518.809863856286
UT_N,280,14610.357439811773
UT_N,281,13813.263997021393
UT_N,282,13674.989887407879
UT_N,283,15183.476343622617
UT_N,284,14596.674278683306
UT_N,285,12006.388386896517
UT_N,286,13210.236271842112
UT_N,287,13679.156964758968
UT_N,288,13943.489458055023
UT_N,289,14194.967289263055
UT_N,290,15545.13284867013
UT_N,291,13830.616371301092
UT_N,292,11901.21303674745
UT_N,293,13107.443716666055
UT_N,294,13591.684745246544
UT_N,295,13320.439157134508
UT_N,296,13648.170421852448
UT_N,297,14194.58725582036
UT_N,298,15035.868882027655
UT_N,299,10909.407697401664
UT_N,300,11732.813200197892
UT_N,301,13337.794390802685
UT_N,302,13103.684876507657
UT_N,303,13102.713811973572
UT_N,304,11575.226492922686
UT_N,305,13798.75843416795
UT_N,306,10912.346812148542
UT_N,307,11526.058651741892
UT_N,308,12927.351270363275
UT_N,309,11900.856948971032
UT_N,310,12985.230799916537
UT_N,311,13618.204704570859
UT_N,312,12467.42321905387
UT_N,313,10449.139836846387
UT_N,314,11742.329235767302
UT_N,315,13045.898469668244
UT_N,316,12446.818217132151
UT_N,317,14017.471991798142
UT_N,318,14994.989177925128
UT_N,319,14101.611372674142
UT_N,320,10416.707474283774
UT_N,321,12365.960999842246
UT_N,322,13404.741339928427
UT_N,323,13986.39719660157
UT_N,324,14402.605035108238
UT_N,325,14455.693975543214
UT_N,326,14274.683363874226
UT_N,327,12594.48328138752
UT_N,328,12299.621009325047
UT_N,329,13927.148916864873
UT_N,330,14849.377640522342
UT_N,331,13947.41340789328
UT_N,332,7478.081133995972
UT_N,333,10553.554677300777
UT_N,334,12734.590549345114
UT_N,335,14501.4347053471
UT_N,336,14225.38312265085
UT_N,337,13699.645234430574
UT_N,338,12975.407098301772
UT_N,339,14178.325545898535
UT_N,340,13481.395097595974
UT_N,341,11247.218073239872
UT_N,342,11910.786255560624
UT_N,343,14208.412748246026
UT_N,344,13384.098308261606
UT_N,345,13209.605590323818
UT_N,346,14355.610026239521
UT_N,347,13512.013763412593
UT_N,348,10858.791154959226
UT_N,349,12008.636598601477
UT_N,350,14091.359951841752
UT_N,351,13391.144849021915
UT_N,352,13381.75261523913
UT_N,353,15318.281812727153
UT_N,354,15615.962121192562
UT_N,355,13659.186532954667
UT_N,356,13670.531203114988
UT_N,357,13659.695526362855
UT_N,358,11005.99078286521
UT_N,359,9488.957899084626
UT_N,360,15513.009600699104
UT_N,361,16330.309085635976
UT_N,362,14555.076318212885
UT_N,363,14340.664771047801
UT_N,364,14832.046066201867
UT_N,365,11967.189897984112
UT_S,1,0.018547020302054257
UT_S,2,0.03576335727887437
UT_S,3,0.0480273836860925
UT_S,4,0.04867913875904597
UT_S,5,0.05409058105190424
UT_S,6,0.026434729144814467
UT_S,7,0.023086750839388197
UT_S,8,0.035051874555236145
UT_S,9,0.033014838409099724
UT_S,10,0.03734981735435305
UT_S,11,0.042490963723048794
UT_S,12,0.03795964196536003
UT_S,13,0.03275780049983328
UT_S,14,0.035612625897635294
UT_S,15,0.04292882081981583
UT_S,16,0.03933721739111661
UT_S,17,0.04511846509863374
UT_S,18,0.053714846660706875
UT_S,19,0.048763941538383045
UT_S,20,0.027914555373824642
UT_S,21,0.04044783162885856
UT_S,22,0.04898096779993765
UT_S,23,0.03904590917258378
UT_S,24,0.040003496761299884
UT_S,25,0.05867098013133408
UT_S,26,0.05050962580941715
UT_S,27,0.02351729609039448
UT_S,28,0.040607557464069445
UT_S,29,0.04234279629941913
UT_S,30,0.04372523889588857
UT_S,31,0.042377933076825094
UT_S,32,0.09021155472259869
UT_S,33,0.10058265121318866
UT_S,34,0.07503539606117693
UT_S,35,0.06632763264076214
UT_S,36,0.06506133297957546
UT_S,37,0.06134452967054198
UT_S,38,0.06624057301690925
UT_S,39,0.09402854827920674
UT_S,40,0.08144895673738144
UT_S,41,0.09608608820754751
UT_S,42,0.09837795374100473
UT_S,43,0.3285481645904594
UT_S,44,0.08181664269855485
UT_S,45,0.04802909053145183
UT_S,46,0.07479099692887282
UT_S,47,0.07603042468053987
UT_S,48,0.06913575759729904
UT_S,49,0.05602093964834528
UT_S,50,0.1008300606468481
UT_S,51,0.09076274822521371
UT_S,52,0.0803738150367422
UT_S,53,0.0933791414784139
UT_S,54,0.06123566738478239
UT_S,55,0.06666352404461967
UT_S,56,0.051965091389764434
UT_S,57,0.0848092218401261
UT_S,58,0.07594706645884078
UT_S,59,0.06069061320618119
UT_S,60,0.02258535530933413
UT_S,61,0.014497085820120397
UT_S,62,0.014341352872386044
UT_S,63,0.01766876827622123
UT_S,64,0.011635025299460956
UT_S,65,0.02329531596822259
UT_S,66,0.017365835547164345
UT_S,67,0.020461396709864035
UT_S,68,0.016503402000754813
UT_S,69,0.01783888207607252
UT_S,70,0.01821018951136689
UT_S,71,0.019405949077842995
UT_S,72,0.023409282030583328
UT_S,73,0.019910708315613614
UT_S,74,0.022134691899444513
UT_S,75,0.01713022226492621
UT_S,76,0.022320869906128124
UT_S,77,0.01692408019145049
UT_S,78,0.02029024321179175
UT_S,79,0.027955393545656772
UT_S,80,0.03322158471879614
UT_S,81,0.02266433436747544
UT_S,82,0.01484612250476951
UT_S,83,0.018994027832045565
UT_S,84,0.020290046639083667
UT_S,85,0.01604913834713104
UT_S,86,0.016751974345414113
UT_S,87,0.01827587741224427
UT_S,88,0.024189826988601195
UT_S,89,0.014314859416666024
UT_S,90,0.015083053114092705
UT_S,91,0.06246161462565303
UT_S,92,0.0502056983960576
UT_S,93,0.06574437391632396
UT_S,94,0.05170443199354147
UT_S,95,0.028332275987462786
UT_S,96,0.04519336626649281
UT_S,97,0.04533812706565953
UT_S,98,0.03795242428695987
UT_S,99,0.039628019476982884
UT_S,100,0.055212882031313595
UT_S,101,0.05498217388244094
UT_S,102,0.0609413040184636
UT_S,103,0.04778590082494101
UT_S,104,0.04147590749367526
UT_S,105,0.0607873732863584
UT_S,106,0.03284412730188699
UT_S,107,0.04475829873901452
UT_S,108,0.04659322280971609
UT_S,109,0.05034348875237321
UT_S,110,0.030263684699906118
UT_S,111,0.05229040417070553
UT_S,112,0.04654703438436668
UT_S,113,0.04521521871371192
UT_S,114,0.05306196202657213
UT_S,115,0.0720907754055584
UT_S,116,0.03804020249486101
UT_S,117,0.029703345063619935
UT_S,118,0.04691921223207663
UT_S,119,0.0512007461585972
UT_S,120,0.04606829798137236
UT_S,121,0.07739702924180288
UT_S,122,0.08784801422626137
UT_S,123,0.06742215616365849
UT_S,124,0.06135947640997215
UT_S,125,0.047290819070737095
UT_S,126,0.061251342790337164
UT_S,127,0.07364727603333288
UT_S,128,0.0712206342249108
UT_S,129,0.05628193041597106
UT_S,130,0.05836360660538861
UT_S,131,0.05214644027141586
UT_S,132,0.041519245895851264
UT_S,133,0.06230928158052135
UT_S,134,0.06604071191147413
UT_S,135,0.08067196492338069
UT_S,136,0.0837778581026251
UT_S,137,0.05705457441125838
UT_S,138,0.035285657664071865
UT_S,139,0.04372692763425297
UT_S,140,0.0489909288280589
UT_S,141,0.03802115985730182
UT_S,142,0.0667812958363638
UT_S,143,0.05110253695114839
UT_S,144,0.04755975096920948
UT_S,145,0.031452721217887794
UT_S,146,0.03952686310127786
UT_S,147,0.052185854024421545
UT_S,148,0.05503547510328791
UT_S,149,0.047830048657802576
UT_S,150,0.05039587801460946
UT_S,151,0.06787565072628113
UT_S,152,0.05398177450464517
UT_S,153,0.07320914716581584
UT_S,154,0.05501994009128944
UT_S,155,0.07135675264036932
UT_S,156,0.06639921584845372
UT_S,157,0.06577508799380738
UT_S,158,0.0704353151273079
UT_S,159,0.06076684134222829
UT_S,160,0.05117280453431653
UT_S,161,0.07416852991522356
UT_S,162,0.04868266366481089
UT_S,163,0.06154912552580929
UT_S,164,0.058645503120040014
UT_S,165,0.06224798112100285
UT_S,166,0.04515580682000039
UT_S,167,0.053272312750577595
UT_S,168,0.08077963082251109
UT_S,169,0.04944049332462238
UT_S,170,0.0596313617426448
UT_S,171,0.06333122950986184
UT_S,172,0.051180554894041594
UT_S,173,0.06027938087103488
UT_S,174,0.044375268567691556
UT_S,175,0.0590678129563323
UT_S,176,0.07379883487583742
UT_S,177,0.04403359677984916
UT_S,178,0.05234350014453426
UT_S,179,0.06535572999712937
UT_S,180,0.03097841095808784
UT_S,181,0.04147130548915453
UT_S,182,0.03480926142802764
UT_S,183,0.040267811937975614
UT_S,184,0.03587540422136678
UT_S,185,0.027952525640888196
UT_S,186,0.034812063813712615
UT_S,187,0.028327827640864372
UT_S,188,0.036166222638928325
UT_S,189,0.04823332070970316
UT_S,190,0.04260430764006265
UT_S,191,0.05518079488308037
UT_S,192,0.0446725206395369
UT_S,193,0.03752835318478702
UT_S,194,0.02591829144105423
UT_S,195,0.025937199374409328
UT_S,196,0.05112934173140953
UT_S,197,0.05223876669006923
UT_S,198,0.04864722453293883
UT_S,199,0.05020084465342697
UT_S,200,0.04368920173964115
UT_S,201,0.04305294851937883
UT_S,202,0.03802686297740439
UT_S,203,0.04667454744771001
UT_S,204,0.0375407706785001
UT_S,205,0.03102794626901026
UT_S,206,0.04265178537975524
UT_S,207,0.048509002321246865
UT_S,208,0.029747091136367903
UT_S,209,0.0484293131996548
UT_S,210,0.050397944330511785
UT_S,211,0.03085034206426969
UT_S,212,0.043029636505859906
UT_S,213,0.03869390044956003
UT_S,214,0.034803515669994706
UT_S,215,0.018714103825844364
UT_S,216,0.03043649248969135
UT_S,217,0.03116436557722968
UT_S,218,0.04440079572246857
UT_S,219,0.04121227239467198
UT_S,220,0.03894408598215446
UT_S,221,0.040989391358091515
UT_S,222,0.03194300028591242
UT_S,223,0.029061460927317487
UT_S,224,0.04445458014565279
UT_S,225,0.03329434815133536
UT_S,226,0.034450489240945355
UT_S,227,0.0430987378526806
UT_S,228,0.0370745449399986
UT_S,229,0.025780954834516596
UT_S,230,0.02701260350219699
UT_S,231,0.03576021896164591
UT_S,232,0.0319874726695222
UT_S,233,0.04544246322131714
UT_S,234,0.04703028235382976
UT_S,235,0.04020234949441868
UT_S,236,0.022104269751217983
UT_S,237,0.03281313736980263
UT_S,238,0.04135439744461655
UT_S,239,0.03774923441113105
UT_S,240,0.05411840360371491
UT_S,241,0.0408751658025997
UT_S,242,0.03284308046762789
UT_S,243,0.02904568444967616
UT_S,244,0.07430198234434855
UT_S,245,0.10834687265385724
UT_S,246,0.07119110416453925
UT_S,247,0.11220448333398378
UT_S,248,0.14534308503155752
UT_S,249,0.09922013884209839
UT_S,250,0.06233240991857625
UT_S,251,0.09775015221788104
UT_S,252,0.11670038731811987
UT_S,253,0.11544957303465161
UT_S,254,0.12317536394916324
UT_S,255,0.12953349660205885
UT_S,256,0.09524296359418438
UT_S,257,0.10799334840101886
UT_S,258,0.1025130618599999
UT_S,259,0.0913477201141982
UT_S,260,0.11726750916277313
UT_S,261,0.1137030518299073
UT_S,262,0.1228387070618822
UT_S,263,0.156645107353145
UT_S,264,0.06862607592966576
UT_S,265,0.08332701593885337
UT_S,266,0.11827342427882655
UT_S,267,0.11501032894139991
UT_S,268,0.11746601789646106
UT_S,269,0.11470762215484671
UT_S,270,0.1628680460056734
UT_S,271,0.09202202821831947
UT_S,272,0.10725833779190244
UT_S,273,0.13127897896575452
UT_S,274,0.2652428280311763
UT_S,275,0.2757119067118703
UT_S,276,0.31163920689431074
UT_S,277,0.3015413632462729
UT_S,278,0.20396181731563426
UT_S,279,0.348019674532284
UT_S,280,0.2562860488022273
UT_S,281,0.2630095869048462
UT_S,282,0.2476281654677645
UT_S,283,0.40105350861839145
UT_S,284,0.2933453827577337
UT_S,285,0.3527698526695858
UT_S,286,0.41929378321919736
UT_S,287,0.34448907161558645
UT_S,288,0.2862561072458796
UT_S,289,0.4107695033578971
UT_S,290,0.36999444419216587
UT_S,291,0.3335823254715576
UT_S,292,0.2560499135251948
UT_S,293,0.25534499434271335
UT_S,294,0.33477950340862317
UT_S,295,0.23950986975991817
UT_S,296,0.261983165360348
UT_S,297,0.30370991256167523
UT_S,298,0.336860531346785
UT_S,299,0.27229870422475344
UT_S,300,0.27153268233217975
UT_S,301,0.3072232198460783
UT_S,302,0.23733992899027512
UT_S,303,0.23421839610138123
UT_S,304,0.3173288145425672
UT_S,305,0.148284578853775
UT_S,306,0.13584311411615158
UT_S,307,0.13888714147853395
UT_S,308,0.14580881164524695
UT_S,309,0.12504465645277701
UT_S,310,0.1404386267058969
UT_S,311,0.13283770115127877
UT_S,312,0.12304241959089857
UT_S,313,0.10224852455111677
UT_S,314,0.13766065020074106
UT_S,315,0.14958740008620344
UT_S,316,0.13524417695305754
UT_S,317,0.1395496502351672
UT_S,318,0.2782592503331968
UT_S,319,0.19234566461249855
UT_S,320,0.12418221808893451
UT_S,321,0.09003676674506299
UT_S,322,0.1295039662175509
UT_S,323,0.14529603403589827
UT_S,324,0.14731068851580784
UT_S,325,0.18149833112616456
UT_S,326,0.1358404918305049
UT_S,327,0.1418344938171903
UT_S,328,0.1478904453202921
UT_S,329,0.17803634610610433
UT_S,330,0.16651421484105966
UT_S,331,0.13915149272941424
UT_S,332,0.057617966959217046
UT_S,333,0.10519113556848314
UT_S,334,0.15253066096674422
UT_S,335,0.13010520151768165
UT_S,336,0.08979886136069912
UT_S,337,0.08182557503878139
UT_S,338,0.09488367070151363
UT_S,339,0.11665888310096108
UT_S,340,0.1142327415536535
UT_S,341,0.08491745032871884
UT_S,342,0.06499463762834672
UT_S,343,0.1243192814119628
UT_S,344,0.0598364245175108
UT_S,345,0.07578923453701307
UT_S,346,0.11160282665718708
UT_S,347,0.07752270422232128
UT_S,348,0.0812791923465438
UT_S,349,0.05293028166424388
UT_S,350,0.08741689274547428
UT_S,351,0.07989307821071484
UT_S,352,0.08996332371946983
UT_S,353,0.1082302152830845
UT_S,354,0.08679701761461267
UT_S,355,0.08931470088382083
UT_S,356,0.07518021179956487
UT_S,357,0.0674143261918991
UT_S,358,0.06621282510589024
UT_S,359,0.05123757750014591
UT_S,360,0.08281354613504423
UT_S,361,0.0956540365719755
UT_S,362,0.09871344682224771
UT_S,363,0.06937616755864205
UT_S,364,0.07514151704892803
UT_S,365,0.07423248199532106
WA_ID_AVA,1,11.41796420657193
WA_ID_AVA,2,87.69326234826357
WA_ID_AVA,3,48.09498953861925
WA_ID_AVA,4,73.36013562439364
WA_ID_AVA,5,60.27775962688694
WA_ID_AVA,6,65.92032615348045
WA_ID_AVA,7,61.33801143581556
WA_ID_AVA,8,54.38072756956053
WA_ID_AVA,9,31.107260656628984
WA_ID_AVA,10,52.01056922898676
WA_ID_AVA,11,49.032057040098124
WA_ID_AVA,12,64.86867621362057
WA_ID_AVA,13,51.46852125403544
WA_ID_AVA,14,15.014699069756547
WA_ID_AVA,15,88.68626909254964
WA_ID_AVA,16,89.0856348022452
WA_ID_AVA,17,25.893796444646664
WA_ID_AVA,18,31.126881527434385
WA_ID_AVA,19,91.14196046840514
WA_ID_AVA,20,78.2445482476595
WA_ID_AVA,21,13.629505957394668
WA_ID_AVA,22,87.70753160147318
WA_ID_AVA,23,148.87500160566432
WA_ID_AVA,24,88.72551053878252
WA_ID_AVA,25,111.89072805318857
WA_ID_AVA,26,109.43172009209196
WA_ID_AVA,27,46.28071737970304
WA_ID_AVA,28,85.72183453106983
WA_ID_AVA,29,63.587144104331344
WA_ID_AVA,30,155.912668449698
WA_ID_AVA,31,55.06539828076978
WA_ID_AVA,32,83.32865701749536
WA_ID_AVA,33,89.14979633789953
WA_ID_AVA,34,49.166080898701416
WA_ID_AVA,35,10.965866153669683
WA_ID_AVA,36,72.3257111328587
WA_ID_AVA,37,117.12480765669532
WA_ID_AVA,38,53.95800362652828
WA_ID_AVA,39,29.9087017265826
WA_ID_AVA,40,80.81721865478517
WA_ID_AVA,41,56.50000760638757
WA_ID_AVA,42,37.28116272021122
WA_ID_AVA,43,34.06760832340862
WA_ID_AVA,44,167.40124736405676
WA_ID_AVA,45,58.778703859457885
WA_ID_AVA,46,58.55250869924113
WA_ID_AVA,47,76.0810338858385
WA_ID_AVA,48,44.2102024756248
WA_ID_AVA,49,10.021424254613812
WA_ID_AVA,50,122.97478877306854
WA_ID_AVA,51,123.26808678040223
WA_ID_AVA,52,78.00431369323358
WA_ID_AVA,53,40.50251344881641
WA_ID_AVA,54,110.56880584236616
WA_ID_AVA,55,126.41974406824544
WA_ID_AVA,56,27.730166580433163
WA_ID_AVA,57,54.707146924804945
WA_ID_AVA,58,62.034247226927455
WA_ID_AVA,59,52.645135591840365
WA_ID_AVA,60,52.07374298968665
WA_ID_AVA,61,24.520088536479772
WA_ID_AVA,62,16.13029941320144
WA_ID_AVA,63,86.07675850713004
WA_ID_AVA,64,102.0986512005752
WA_ID_AVA,65,161.76095195455258
WA_ID_AVA,66,106.46902428374281
WA_ID_AVA,67,105.2377297758413
WA_ID_AVA,68,21.318810921857786
WA_ID_AVA,69,29.075984671852016
WA_ID_AVA,70,112.2529089712316
WA_ID_AVA,71,89.80422376687743
WA_ID_AVA,72,60.948033602515565
WA_ID_AVA,73,146.92704536415056
WA_ID_AVA,74,114.95757264773358
WA_ID_AVA,75,61.495459057520414
WA_ID_AVA,76,71.99994773185794
WA_ID_AVA,77,138.53788466252396
WA_ID_AVA,78,111.51741521632341
WA_ID_AVA,79,121.07166413256138
WA_ID_AVA,80,92.17395998971064
WA_ID_AVA,81,115.47231171470408
WA_ID_AVA,82,74.02300891697828
WA_ID_AVA,83,80.28334744747109
WA_ID_AVA,84,117.64250905828236
WA_ID_AVA,85,89.02809188394804
WA_ID_AVA,86,57.331227843431755
WA_ID_AVA,87,59.06671370564232
WA_ID_AVA,88,50.57199322369674
WA_ID_AVA,89,80.17459019703693
WA_ID_AVA,90,16.597754068595385
WA_ID_AVA,91,100.00693338115086
WA_ID_AVA,92,59.04153814282713
WA_ID_AVA,93,128.18693816398746
WA_ID_AVA,94,124.7644122548615
WA_ID_AVA,95,140.8206848710938
WA_ID_AVA,96,22.583196445427845
WA_ID_AVA,97,116.88700366966198
WA_ID_AVA,98,38.545278947912855
WA_ID_AVA,99,108.64571273610653
WA_ID_AVA,100,75.02000203978804
WA_ID_AVA,101,50.254614956736866
WA_ID_AVA,102,68.54191816230858
WA_ID_AVA,103,60.084538390136494
WA_ID_AVA,104,77.30949640022789
WA_ID_AVA,105,76.66192379169253
WA_ID_AVA,106,105.53646444318456
WA_ID_AVA,107,54.52311322987933
WA_ID_AVA,108,41.10745701184338
WA_ID_AVA,109,86.92949864970913
WA_ID_AVA,110,29.222499511330287
WA_ID_AVA,111,11.972839052613033
WA_ID_AVA,112,133.93788965386227
WA_ID_AVA,113,74.79391393655767
WA_ID_AVA,114,138.69864178273565
WA_ID_AVA,115,38.35196181759333
WA_ID_AVA,116,99.46762271848117
WA_ID_AVA,117,72.12798762904067
WA_ID_AVA,118,13.959936190834926
WA_ID_AVA,119,76.5671325366965
WA_ID_AVA,120,110.08258545084443
WA_ID_AVA,121,129.4672500501245
WA_ID_AVA,122,103.1427617297039
WA_ID_AVA,123,62.139143782746146
WA_ID_AVA,124,79.96442741120973
WA_ID_AVA,125,12.383988082468367
WA_ID_AVA,126,26.17598518435005
WA_ID_AVA,127,55.79983155265093
WA_ID_AVA,128,96.14748919055634
WA_ID_AVA,129,161.52811652357911
WA_ID_AVA,130,150.12166650179213
WA_ID_AVA,131,56.362660659660804
WA_ID_AVA,132,11.51328007633568
WA_ID_AVA,133,109.96959568087745
WA_ID_AVA,134,139.44669891705595
WA_ID_AVA,135,63.95355025156043
WA_ID_AVA,136,16.848014764907983
WA_ID_AVA,137,138.72670609011627
WA_ID_AVA,138,41.13192516911881
WA_ID_AVA,139,11.539254792390254
WA_ID_AVA,140,51.16026649567337
WA_ID_AVA,141,69.62065711976929
WA_ID_AVA,142,45.476757461895545
WA_ID_AVA,143,85.79691920579732
WA_ID_AVA,144,50.41940359613302
WA_ID_AVA,145,79.13456384909425
WA_ID_AVA,146,9.94646839994945
WA_ID_AVA,147,196.87588490193363
WA_ID_AVA,148,70.79449438405662
WA_ID_AVA,149,37.00182326695743
WA_ID_AVA,150,182.12689903342567
WA_ID_AVA,151,91.96833629596307
WA_ID_AVA,152,10.951493670271606
WA_ID_AVA,153,13.110656282299997
WA_ID_AVA,154,15.372564840995885
WA_ID_AVA,155,18.262088278499828
WA_ID_AVA,156,18.449647025854624
WA_ID_AVA,157,19.698068804751994
WA_ID_AVA,158,17.57319194006604
WA_ID_AVA,159,11.38291988004424
WA_ID_AVA,160,13.494426143461755
WA_ID_AVA,161,17.204602847167475
WA_ID_AVA,162,18.39689831570916
WA_ID_AVA,163,19.58853943893182
WA_ID_AVA,164,19.01216488156965
WA_ID_AVA,165,17.713086512996497
WA_ID_AVA,166,12.905271196638775
WA_ID_AVA,167,14.83694886169925
WA_ID_AVA,168,19.156337337761858
WA_ID_AVA,169,19.162617412265618
WA_ID_AVA,170,18.336875753454965
WA_ID_AVA,171,21.14728102740435
WA_ID_AVA,172,18.435637600547228
WA_ID_AVA,173,13.440401876373516
WA_ID_AVA,174,14.668232069830822
WA_ID_AVA,175,19.019978741568877
WA_ID_AVA,176,20.522249595309354
WA_ID_AVA,177,19.95677730320446
WA_ID_AVA,178,22.484005679270872
WA_ID_AVA,179,18.666298396939844
WA_ID_AVA,180,12.586338522341386
WA_ID_AVA,181,14.90402065184152
WA_ID_AVA,182,18.809278336217485
WA_ID_AVA,183,21.33694484504159
WA_ID_AVA,184,19.312917511444596
WA_ID_AVA,185,10.077279664138024
WA_ID_AVA,186,13.7168044492912
WA_ID_AVA,187,13.419277247646704
WA_ID_AVA,188,15.753264041068826
WA_ID_AVA,189,21.561827719141842
WA_ID_AVA,190,19.1800912465512
WA_ID_AVA,191,19.381007938154053
WA_ID_AVA,192,20.976796391449174
WA_ID_AVA,193,18.63948576162344
WA_ID_AVA,194,13.184444120299327
WA_ID_AVA,195,14.927540234012643
WA_ID_AVA,196,19.68274541234411
WA_ID_AVA,197,20.034161668560735
WA_ID_AVA,198,21.509581531324365
WA_ID_AVA,199,20.96639156627155
WA_ID_AVA,200,19.85632896895586
WA_ID_AVA,201,12.375973004698825
WA_ID_AVA,202,13.655405977227693
WA_ID_AVA,203,17.936390821629935
WA_ID_AVA,204,21.482878294374128
WA_ID_AVA,205,20.309124596118608
WA_ID_AVA,206,21.398060338937523
WA_ID_AVA,207,19.311538989636006
WA_ID_AVA,208,13.633779224294045
WA_ID_AVA,209,14.335767121674428
WA_ID_AVA,210,19.597767079800118
WA_ID_AVA,211,21.29835082414335
WA_ID_AVA,212,20.605016075373566
WA_ID_AVA,213,21.63339965421613
WA_ID_AVA,214,20.578620975212974
WA_ID_AVA,215,14.848659868794151
WA_ID_AVA,216,15.534473513467828
WA_ID_AVA,217,21.50455461637681
WA_ID_AVA,218,23.59488509234157
WA_ID_AVA,219,22.223630048691362
WA_ID_AVA,220,24.154688166734736
WA_ID_AVA,221,21.06421950552674
WA_ID_AVA,222,14.365277796740767
WA_ID_AVA,223,16.735918195844437
WA_ID_AVA,224,21.399496946956504
WA_ID_AVA,225,21.509789899554374
WA_ID_AVA,226,21.140045308610183
WA_ID_AVA,227,24.796856172885192
WA_ID_AVA,228,19.603012602533784
WA_ID_AVA,229,15.823395557705805
WA_ID_AVA,230,18.83044700510274
WA_ID_AVA,231,19.758436555408476
WA_ID_AVA,232,20.783477751625018
WA_ID_AVA,233,19.99528328454872
WA_ID_AVA,234,25.653718333648822
WA_ID_AVA,235,21.38024250887487
WA_ID_AVA,236,13.537288995954093
WA_ID_AVA,237,17.557781287441376
WA_ID_AVA,238,19.100324389978805
WA_ID_AVA,239,22.080278958809274
WA_ID_AVA,240,21.394586055463762
WA_ID_AVA,241,22.519618922868293
WA_ID_AVA,242,19.385350565461042
WA_ID_AVA,243,12.169033694269109
WA_ID_AVA,244,11.460829139952148
WA_ID_AVA,245,13.413542790111249
WA_ID_AVA,246,16.60549433996419
WA_ID_AVA,247,17.88495659473144
WA_ID_AVA,248,17.65713499480143
WA_ID_AVA,249,16.247264840222492
WA_ID_AVA,250,12.518826293996314
WA_ID_AVA,251,13.282598505335784
WA_ID_AVA,252,19.34478687478417
WA_ID_AVA,253,22.216131706114744
WA_ID_AVA,254,19.94062852151128
WA_ID_AVA,255,20.790724139117522
WA_ID_AVA,256,18.777333665651874
WA_ID_AVA,257,12.513831481186617
WA_ID_AVA,258,13.782858456908787
WA_ID_AVA,259,16.83039068580466
WA_ID_AVA,260,18.256869013032308
WA_ID_AVA,261,18.439117875429382
WA_ID_AVA,262,19.260414771870625
WA_ID_AVA,263,17.99142735800064
WA_ID_AVA,264,12.215297281812951
WA_ID_AVA,265,12.81930464523294
WA_ID_AVA,266,16.681172301380162
WA_ID_AVA,267,17.181326035483973
WA_ID_AVA,268,17.440710019581676
WA_ID_AVA,269,19.39683210335526
WA_ID_AVA,270,17.279787191877833
WA_ID_AVA,271,11.340951992016269
WA_ID_AVA,272,14.292018029159276
WA_ID_AVA,273,17.118479127344827
WA_ID_AVA,274,18.27423810710803
WA_ID_AVA,275,19.569540717608547
WA_ID_AVA,276,20.989257994418466
WA_ID_AVA,277,18.483303195909627
WA_ID_AVA,278,11.616326717269125
WA_ID_AVA,279,15.53542919231797
WA_ID_AVA,280,18.319140700917867
WA_ID_AVA,281,19.071858709212975
WA_ID_AVA,282,21.299032491734852
WA_ID_AVA,283,20.469420941735393
WA_ID_AVA,284,18.596593227108368
WA_ID_AVA,285,11.861942148442672
WA_ID_AVA,286,14.574196670273656
WA_ID_AVA,287,18.328014160308463
WA_ID_AVA,288,19.911271569645656
WA_ID_AVA,289,18.126057549103997
WA_ID_AVA,290,20.172457449669615
WA_ID_AVA,291,18.730184309943084
WA_ID_AVA,292,13.128988748652478
WA_ID_AVA,293,15.28298179793141
WA_ID_AVA,294,21.30561849020221
WA_ID_AVA,295,20.501441395785633
WA_ID_AVA,296,20.00842126284906
WA_ID_AVA,297,22.986832765027195
WA_ID_AVA,298,19.706605950094357
WA_ID_AVA,299,11.640230543527798
WA_ID_AVA,300,13.93310726312884
WA_ID_AVA,301,18.18194231878913
WA_ID_AVA,302,17.660118540499425
WA_ID_AVA,303,17.818375493037333
WA_ID_AVA,304,18.418937808089428
WA_ID_AVA,305,18.142785159899017
WA_ID_AVA,306,13.42212054606512
WA_ID_AVA,307,14.990165828911703
WA_ID_AVA,308,18.75776662816478
WA_ID_AVA,309,20.27305618972814
WA_ID_AVA,310,18.771867926099585
WA_ID_AVA,311,20.88996172397481
WA_ID_AVA,312,17.703274532092543
WA_ID_AVA,313,12.320192218436869
WA_ID_AVA,314,15.336352484251467
WA_ID_AVA,315,16.644792205269745
WA_ID_AVA,316,19.250853733933287
WA_ID_AVA,317,17.9018844137129
WA_ID_AVA,318,20.69960946450691
WA_ID_AVA,319,19.98997156987164
WA_ID_AVA,320,12.319273882168764
WA_ID_AVA,321,14.34571089017116
WA_ID_AVA,322,19.800248758169708
WA_ID_AVA,323,21.45274054413827
WA_ID_AVA,324,21.67658051523997
WA_ID_AVA,325,22.792132064262294
WA_ID_AVA,326,19.214473747317346
WA_ID_AVA,327,15.04529908573408
WA_ID_AVA,328,15.96750520385691
WA_ID_AVA,329,20.327801345903744
WA_ID_AVA,330,22.101015081581934
WA_ID_AVA,331,20.940060339010298
WA_ID_AVA,332,5.882584802259467
WA_ID_AVA,333,16.947166401909392
WA_ID_AVA,334,15.787047072983746
WA_ID_AVA,335,15.829895072655148
WA_ID_AVA,336,20.44435943757448
WA_ID_AVA,337,22.25274826494095
WA_ID_AVA,338,18.426893483709723
WA_ID_AVA,339,19.864461650493606
WA_ID_AVA,340,18.584569989043274
WA_ID_AVA,341,11.43635645375851
WA_ID_AVA,342,15.488834471351865
WA_ID_AVA,343,20.4600832089905
WA_ID_AVA,344,19.574645603849874
WA_ID_AVA,345,20.416598313215783
WA_ID_AVA,346,22.0928520376478
WA_ID_AVA,347,18.370138631582073
WA_ID_AVA,348,11.240889367237155
WA_ID_AVA,349,15.70031082790985
WA_ID_AVA,350,19.45093888790073
WA_ID_AVA,351,19.32094325533906
WA_ID_AVA,352,20.583141247072387
WA_ID_AVA,353,18.620229566899205
WA_ID_AVA,354,19.416502289638764
WA_ID_AVA,355,13.757177793183184
WA_ID_AVA,356,13.581426149322427
WA_ID_AVA,357,17.26597986129622
WA_ID_AVA,358,12.300681481151265
WA_ID_AVA,359,8.455719327932002
WA_ID_AVA,360,15.41069763764152
WA_ID_AVA,361,19.37485368274105
WA_ID_AVA,362,13.588220705935855
WA_ID_AVA,363,13.174033510071764
WA_ID_AVA,364,17.645671205696477
WA_ID_AVA,365,12.836247242403287
WA_N_CEN,1,4.993478911172311e-05
WA_N_CEN,2,0.00011786463907753134
WA_N_CEN,3,0.0001262266786946029
WA_N_CEN,4,0.00012872929056011832
WA_N_CEN,5,6.97491398439661e-05
WA_N_CEN,6,6.175007601842888e-05
WA_N_CEN,7,6.33472846968595e-05
WA_N_CEN,8,8.168022844928262e-05
WA_N_CEN,9,3.959310970145612e-05
WA_N_CEN,10,0.0001364692025811467
WA_N_CEN,11,6.0254327855960936e-05
WA_N_CEN,12,0.0001250319638489398
WA_N_CEN,13,2.367990957209367e-05
WA_N_CEN,14,2.51109870480493e-05
WA_N_CEN,15,0.00010124617022824127
WA_N_CEN,16,9.069030928980727e-05
WA_N_CEN,17,4.895303925498685e-05
WA_N_CEN,18,4.017803285614098e-05
WA_N_CEN,19,0.00011184728983032902
WA_N_CEN,20,5.035032454404797e-05
WA_N_CEN,21,2.446205716260898e-05
WA_N_CEN,22,4.299260343479433e-05
WA_N_CEN,23,7.295795853507844e-05
WA_N_CEN,24,8.866927385454111e-05
WA_N_CEN,25,8.980804514589243e-05
WA_N_CEN,26,0.00012681129963443857
WA_N_CEN,27,6.367609287430707e-05
WA_N_CEN,28,3.63637851809236e-05
WA_N_CEN,29,0.00010621683490127439
WA_N_CEN,30,5.74191746401529e-05
WA_N_CEN,31,7.470678664550516e-05
WA_N_CEN,32,0.0001299600303440629
WA_N_CEN,33,0.0001446873821662635
WA_N_CEN,34,4.9563081491703996e-05
WA_N_CEN,35,8.160665263398066e-05
WA_N_CEN,36,0.00016467824835474852
WA_N_CEN,37,0.00013676203454108824
WA_N_CEN,38,0.00013875628260236016
WA_N_CEN,39,0.00011455163864901209
WA_N_CEN,40,0.00011020608878876156
WA_N_CEN,41,4.6289953461067305e-05
WA_N_CEN,42,9.333575900172623e-05
WA_N_CEN,43,0.0001354990958409821
WA_N_CEN,44,0.0001565562664418024
WA_N_CEN,45,7.724520040018909e-05
WA_N_CEN,46,0.00013626057398165284
WA_N_CEN,47,0.00013083414517185083
WA_N_CEN,48,8.363505113217484e-05
WA_N_CEN,49,9.622684745327219e-05
WA_N_CEN,50,0.00012143891178615328
WA_N_CEN,51,0.0001751164498641515
WA_N_CEN,52,0.00017312641281329392
WA_N_CEN,53,0.0001769382954193169
WA_N_CEN,54,9.211974158560612e-05
WA_N_CEN,55,6.617251017751257e-05
WA_N_CEN,56,3.289602282475527e-05
WA_N_CEN,57,0.00013405808470554493
WA_N_CEN,58,0.00019508603990360825
WA_N_CEN,59,0.000135691637841808
WA_N_CEN,60,0.00019235252976327995
WA_N_CEN,61,3.600154501412325e-05
WA_N_CEN,62,6.746994160142644e-05
WA_N_CEN,63,0.00016393164494237438
WA_N_CEN,64,0.00011584927851972624
WA_N_CEN,65,0.00013737189745052469
WA_N_CEN,66,8.03339562549906e-05
WA_N_CEN,67,0.00016620207306044645
WA_N_CEN,68,3.567503049812489e-05
WA_N_CEN,69,5.1375041378655346e-05
WA_N_CEN,70,0.00011568013461994342
WA_N_CEN,71,0.00010237672126348164
WA_N_CEN,72,9.965216229368934e-05
WA_N_CEN,73,9.650668498428267e-05
WA_N_CEN,74,7.4882376224203e-05
WA_N_CEN,75,3.4601285027626924e-05
WA_N_CEN,76,3.519364491274628e-05
WA_N_CEN,77,0.00010814762267997466
WA_N_CEN,78,9.565132966313435e-05
WA_N_CEN,79,8.146880184577003e-05
WA_N_CEN,80,9.519086123226041e-05
WA_N_CEN,81,9.308066077196221e-05
WA_N_CEN,82,0.00010282878085442718
WA_N_CEN,83,0.0001652347091412572
WA_N_CEN,84,0.00015545408438182463
WA_N_CEN,85,9.69623576696048e-05
WA_N_CEN,86,6.125805381080664e-05
WA_N_CEN,87,0.00028597648820307894
WA_N_CEN,88,0.00020021301608984409
WA_N_CEN,89,3.5281608947834855e-05
WA_N_CEN,90,5.09050741928483e-05
WA_N_CEN,91,6.86737654095181e-05
WA_N_CEN,92,8.928270647229995e-05
WA_N_CEN,93,7.452037025736228e-05
WA_N_CEN,94,7.673446174180586e-05
WA_N_CEN,95,0.00014391758864250157
WA_N_CEN,96,5.043447995929011e-05
WA_N_CEN,97,6.867348789967414e-05
WA_N_CEN,98,0.00015821918868245602
WA_N_CEN,99,0.00010806621438364433
WA_N_CEN,100,7.20494858788679e-05
WA_N_CEN,101,0.00018165627474220876
WA_N_CEN,102,8.88526787756557e-05
WA_N_CEN,103,7.890057673871219e-05
WA_N_CEN,104,4.786796735654855e-05
WA_N_CEN,105,0.00016347353883494685
WA_N_CEN,106,0.00012885324497824118
WA_N_CEN,107,9.022465664479482e-05
WA_N_CEN,108,0.00016217551597423298
WA_N_CEN,109,6.80667988831062e-05
WA_N_CEN,110,4.616271162010259e-05
WA_N_CEN,111,0.00011176351267993242
WA_N_CEN,112,0.00015749043434901136
WA_N_CEN,113,7.052531344226721e-05
WA_N_CEN,114,9.229666504149229e-05
WA_N_CEN,115,7.487083991479275e-05
WA_N_CEN,116,0.00017859930442832477
WA_N_CEN,117,6.546365043480861e-05
WA_N_CEN,118,6.739219464554057e-05
WA_N_CEN,119,0.00010461611896263875
WA_N_CEN,120,0.00012565825142651577
WA_N_CEN,121,8.702478433586039e-05
WA_N_CEN,122,5.428426348211545e-05
WA_N_CEN,123,5.455003014659747e-05
WA_N_CEN,124,3.6288145859980834e-05
WA_N_CEN,125,0.00010318716120408051
WA_N_CEN,126,6.932241806803384e-05
WA_N_CEN,127,0.00011253214393177782
WA_N_CEN,128,7.184103887535449e-05
WA_N_CEN,129,0.0001361946835998651
WA_N_CEN,130,9.613861059897518e-05
WA_N_CEN,131,7.384798457412527e-05
WA_N_CEN,132,6.17803396874984e-05
WA_N_CEN,133,9.67017172610683e-05
WA_N_CEN,134,0.00011387867210946099
WA_N_CEN,135,5.754734569833644e-05
WA_N_CEN,136,0.00014980700045338555
WA_N_CEN,137,0.00013269630938326973
WA_N_CEN,138,6.079787698713605e-05
WA_N_CEN,139,6.192281812298156e-05
WA_N_CEN,140,6.976311194743415e-05
WA_N_CEN,141,0.00011489553438842993
WA_N_CEN,142,7.191854640051321e-05
WA_N_CEN,143,8.557547776291893e-05
WA_N_CEN,144,0.00012098121634994019
WA_N_CEN,145,3.5960404312963834e-05
WA_N_CEN,146,5.876449183701469e-05
WA_N_CEN,147,6.058116392807811e-05
WA_N_CEN,148,6.964605636044335e-05
WA_N_CEN,149,8.648520251147547e-05
WA_N_CEN,150,0.0001257711393270312
WA_N_CEN,151,9.500354694400299e-05
WA_N_CEN,152,6.04971400747064e-05
WA_N_CEN,153,6.322063284591381e-05
WA_N_CEN,154,0.00010224638291942251
WA_N_CEN,155,8.195798483457709e-05
WA_N_CEN,156,6.995755097214087e-05
WA_N_CEN,157,6.946561364226225e-05
WA_N_CEN,158,7.73527815982156e-05
WA_N_CEN,159,2.0224340926716516e-05
WA_N_CEN,160,3.072181731013617e-05
WA_N_CEN,161,5.816308947210276e-05
WA_N_CEN,162,8.024515621774901e-05
WA_N_CEN,163,4.766819637314965e-05
WA_N_CEN,164,0.00010401622449401921
WA_N_CEN,165,6.865555741640025e-05
WA_N_CEN,166,3.127951816025865e-05
WA_N_CEN,167,5.234684267809925e-05
WA_N_CEN,168,5.777718227929375e-05
WA_N_CEN,169,5.7991352030265914e-05
WA_N_CEN,170,5.4990944729693333e-05
WA_N_CEN,171,4.6694136211910136e-05
WA_N_CEN,172,5.620458614370258e-05
WA_N_CEN,173,4.217986927684543e-05
WA_N_CEN,174,5.241886295684865e-05
WA_N_CEN,175,0.00012736485369665076
WA_N_CEN,176,9.363263657285205e-05
WA_N_CEN,177,7.247961933153278e-05
WA_N_CEN,178,8.516351795394557e-05
WA_N_CEN,179,7.025491610560892e-05
WA_N_CEN,180,5.059554884363017e-05
WA_N_CEN,181,7.539683312332367e-05
WA_N_CEN,182,0.00010246660581935394
WA_N_CEN,183,6.732747079367743e-05
WA_N_CEN,184,7.701828543462948e-05
WA_N_CEN,185,3.166994884584715e-05
WA_N_CEN,186,4.646397317575353e-05
WA_N_CEN,187,2.2897820348366166e-05
WA_N_CEN,188,4.717327179167329e-05
WA_N_CEN,189,7.906998203219501e-05
WA_N_CEN,190,0.00013137258929193392
WA_N_CEN,191,7.735348681053485e-05
WA_N_CEN,192,8.966689338982012e-05
WA_N_CEN,193,6.273060144438884e-05
WA_N_CEN,194,4.547778817839714e-05
WA_N_CEN,195,3.546748003386612e-05
WA_N_CEN,196,8.970990362090661e-05
WA_N_CEN,197,0.00010317645144543372
WA_N_CEN,198,5.143918826625049e-05
WA_N_CEN,199,9.211590528757637e-05
WA_N_CEN,200,9.05220951642984e-05
WA_N_CEN,201,2.3421354201936212e-05
WA_N_CEN,202,6.137833124686489e-05
WA_N_CEN,203,6.555368499454693e-05
WA_N_CEN,204,0.00011915989524308882
WA_N_CEN,205,5.291259501155708e-05
WA_N_CEN,206,0.0001174367491035361
WA_N_CEN,207,6.341658217687891e-05
WA_N_CEN,208,4.558165378163597e-05
WA_N_CEN,209,3.6004446926614847e-05
WA_N_CEN,210,0.00017351134991072968
WA_N_CEN,211,0.00014583952517529652
WA_N_CEN,212,5.300637118137157e-05
WA_N_CEN,213,5.454562921227642e-05
WA_N_CEN,214,7.57956005706421e-05
WA_N_CEN,215,2.9334336723681162e-05
WA_N_CEN,216,8.069549540809996e-05
WA_N_CEN,217,5.6039582342347165e-05
WA_N_CEN,218,5.647327045625766e-05
WA_N_CEN,219,9.154211149289914e-05
WA_N_CEN,220,7.841204614718801e-05
WA_N_CEN,221,7.849919757664195e-05
WA_N_CEN,222,5.0073935327849006e-05
WA_N_CEN,223,5.143307046041427e-05
WA_N_CEN,224,4.466436044145727e-05
WA_N_CEN,225,6.810108096928605e-05
WA_N_CEN,226,6.669081734007773e-05
WA_N_CEN,227,0.00012005520519501242
WA_N_CEN,228,7.744229958209434e-05
WA_N_CEN,229,2.0332969539835038e-05
WA_N_CEN,230,6.07875454115769e-05
WA_N_CEN,231,7.810120262144876e-05
WA_N_CEN,232,9.060328887362318e-05
WA_N_CEN,233,5.788939721371008e-05
WA_N_CEN,234,0.00011689222851828366
WA_N_CEN,235,0.00014484289163268864
WA_N_CEN,236,3.0047155270845066e-05
WA_N_CEN,237,7.105999919233392e-05
WA_N_CEN,238,6.460013426868418e-05
WA_N_CEN,239,0.00011385789995544017
WA_N_CEN,240,4.559790094381713e-05
WA_N_CEN,241,6.600318296990992e-05
WA_N_CEN,242,8.349628184369393e-05
WA_N_CEN,243,4.807963899785713e-05
WA_N_CEN,244,0.00010205040112418676
WA_N_CEN,245,0.0001307997771147556
WA_N_CEN,246,0.00017698298250233115
WA_N_CEN,247,0.0003030085733429007
WA_N_CEN,248,0.00017768179797845445
WA_N_CEN,249,0.00022667840263780264
WA_N_CEN,250,0.00018248897329503508
WA_N_CEN,251,0.00010590501236137804
WA_N_CEN,252,0.00014693035799173302
WA_N_CEN,253,0.00018907494045345184
WA_N_CEN,254,0.00018515588178178436
WA_N_CEN,255,0.00011972853270710075
WA_N_CEN,256,0.00020400468341099672
WA_N_CEN,257,0.00016087845701645307
WA_N_CEN,258,0.00010371788805386637
WA_N_CEN,259,0.0001709889608399491
WA_N_CEN,260,0.00021066516363017583
WA_N_CEN,261,0.0002796751314208059
WA_N_CEN,262,0.00017988561015024732
WA_N_CEN,263,0.00022812722496701461
WA_N_CEN,264,5.1903106445867394e-05
WA_N_CEN,265,0.00010759995614936019
WA_N_CEN,266,0.0001399805935570191
WA_N_CEN,267,0.00011549139010303817
WA_N_CEN,268,0.00018072930942808168
WA_N_CEN,269,0.00015012343434628526
WA_N_CEN,270,0.00017000005521088966
WA_N_CEN,271,4.994048378869662e-05
WA_N_CEN,272,0.00013089277190405068
WA_N_CEN,273,0.00014045888902453852
WA_N_CEN,274,0.0001066487754469381
WA_N_CEN,275,6.165764232261503e-05
WA_N_CEN,276,9.087878582014499e-05
WA_N_CEN,277,0.00010434786027610514
WA_N_CEN,278,4.1175842455562056e-05
WA_N_CEN,279,8.410624300231838e-05
WA_N_CEN,280,7.204738600469114e-05
WA_N_CEN,281,0.00011428811045749481
WA_N_CEN,282,9.52151149400553e-05
WA_N_CEN,283,7.784641112875842e-05
WA_N_CEN,284,0.00010376016442463894
WA_N_CEN,285,4.134089076318544e-05
WA_N_CEN,286,6.74885405859156e-05
WA_N_CEN,287,8.760432657273891e-05
WA_N_CEN,288,0.00020856687154924327
WA_N_CEN,289,0.00012084816246282651
WA_N_CEN,290,0.00010737534733172444
WA_N_CEN,291,0.00010331860992692703
WA_N_CEN,292,4.288328381591491e-05
WA_N_CEN,293,5.650442602989744e-05
WA_N_CEN,294,0.00012160460442423108
WA_N_CEN,295,0.00010920486655403395
WA_N_CEN,296,8.050099564666478e-05
WA_N_CEN,297,9.439982541999386e-05
WA_N_CEN,298,5.9398393738367244e-05
WA_N_CEN,299,5.405970841288676e-05
WA_N_CEN,300,9.824389560619222e-05
WA_N_CEN,301,9.214892823576306e-05
WA_N_CEN,302,0.00011425657603262554
WA_N_CEN,303,9.612084568531734e-05
WA_N_CEN,304,8.084756685341903e-05
WA_N_CEN,305,0.00011921539102610484
WA_N_CEN,306,3.62055761182412e-05
WA_N_CEN,307,6.795022589211792e-05
WA_N_CEN,308,0.00013319726202268382
WA_N_CEN,309,0.00011374105983444017
WA_N_CEN,310,0.00011083418770456507
WA_N_CEN,311,8.969274154481754e-05
WA_N_CEN,312,8.586586047983538e-05
WA_N_CEN,313,6.803222400968931e-05
WA_N_CEN,314,6.553754077857918e-05
WA_N_CEN,315,6.566844474813763e-05
WA_N_CEN,316,0.00010790153451702604
WA_N_CEN,317,0.00012061977392943588
WA_N_CEN,318,0.00010661285029952643
WA_N_CEN,319,0.00013858309046354612
WA_N_CEN,320,4.894624871863876e-05
WA_N_CEN,321,4.937340827156428e-05
WA_N_CEN,322,7.155605565406067e-05
WA_N_CEN,323,9.541990994810896e-05
WA_N_CEN,324,7.480972804797597e-05
WA_N_CEN,325,0.00010980458745848578
WA_N_CEN,326,8.753984616042344e-05
WA_N_CEN,327,6.62295611860869e-05
WA_N_CEN,328,3.511022590162107e-05
WA_N_CEN,329,8.936204102438471e-05
WA_N_CEN,330,9.493273212298431e-05
WA_N_CEN,331,0.0001369138382275657
WA_N_CEN,332,4.4349935979989455e-05
WA_N_CEN,333,8.214308100896033e-05
WA_N_CEN,334,6.66701486645499e-05
WA_N_CEN,335,7.234716171253342e-05
WA_N_CEN,336,0.0001036830079570315
WA_N_CEN,337,0.00011134830850489301
WA_N_CEN,338,0.00018781670504493822
WA_N_CEN,339,0.00013300752895342222
WA_N_CEN,340,0.00012941070262473698
WA_N_CEN,341,4.770925088968094e-05
WA_N_CEN,342,7.177320748202919e-05
WA_N_CEN,343,0.00021156338892681714
WA_N_CEN,344,0.00016795252770979895
WA_N_CEN,345,0.00024914089706111936
WA_N_CEN,346,0.0001644305864764024
WA_N_CEN,347,5.0055941323424286e-05
WA_N_CEN,348,9.174092115897227e-05
WA_N_CEN,349,7.176680860936701e-05
WA_N_CEN,350,0.00020845705239037025
WA_N_CEN,351,0.0001062007201125501
WA_N_CEN,352,0.0001079073285821622
WA_N_CEN,353,0.00020515057370086055
WA_N_CEN,354,0.00018028577094116713
WA_N_CEN,355,9.250868740585028e-05
WA_N_CEN,356,8.993962322438251e-05
WA_N_CEN,357,9.600306994150977e-05
WA_N_CEN,358,8.930770131817525e-05
WA_N_CEN,359,4.147182441545056e-05
WA_N_CEN,360,9.648109556769307e-05
WA_N_CEN,361,5.14269428563272e-05
WA_N_CEN,362,0.00021235721397247024
WA_N_CEN,363,0.00010929726366695307
WA_N_CEN,364,0.00014540820861814953
WA_N_CEN,365,0.00013789709797906792
WA_SEATAC,1,22361.12219479811
WA_SEATAC,2,27435.39398430111
WA_SEATAC,3,29381.88583428569
WA_SEATAC,4,30633.04096239084
WA_SEATAC,5,29875.972660400887
WA_SEATAC,6,21832.837602520845
WA_SEATAC,7,24469.86995363441
WA_SEATAC,8,25391.69901182237
WA_SEATAC,9,23280.12022199793
WA_SEATAC,10,27633.08613079093
WA_SEATAC,11,26806.12196996693
WA_SEATAC,12,26940.27162115073
WA_SEATAC,13,18303.03227419404
WA_SEATAC,14,21169.557943867116
WA_SEATAC,15,22225.560955400204
WA_SEATAC,16,24366.89445098953
WA_SEATAC,17,20777.49663077345
WA_SEATAC,18,25292.89410318189
WA_SEATAC,19,26512.922531564418
WA_SEATAC,20,19556.915895584807
WA_SEATAC,21,22193.970453530357
WA_SEATAC,22,26841.437243755754
WA_SEATAC,23,25455.021583169775
WA_SEATAC,24,27104.028615614658
WA_SEATAC,25,28850.99070990678
WA_SEATAC,26,26939.244244466026
WA_SEATAC,27,20579.70706676312
WA_SEATAC,28,22986.063626818333
WA_SEATAC,29,25953.571554831906
WA_SEATAC,30,26215.80008922327
WA_SEATAC,31,28159.757540931278
WA_SEATAC,32,28757.927888745915
WA_SEATAC,33,27539.140361348665
WA_SEATAC,34,20714.055931204264
WA_SEATAC,35,23516.438013812087
WA_SEATAC,36,27968.294412937365
WA_SEATAC,37,26151.884159461322
WA_SEATAC,38,28329.003987535896
WA_SEATAC,39,29517.324508617003
WA_SEATAC,40,27968.265951040572
WA_SEATAC,41,19526.3743751854
WA_SEATAC,42,21868.153288223173
WA_SEATAC,43,28625.99287648981
WA_SEATAC,44,26251.965692718117
WA_SEATAC,45,27373.151130867413
WA_SEATAC,46,30835.19351501361
WA_SEATAC,47,30044.360292369893
WA_SEATAC,48,23221.027593406296
WA_SEATAC,49,24045.310619801287
WA_SEATAC,50,27176.480196169374
WA_SEATAC,51,29286.42099871187
WA_SEATAC,52,28559.858163432396
WA_SEATAC,53,31659.26692458399
WA_SEATAC,54,29615.636444480264
WA_SEATAC,55,23352.552755091747
WA_SEATAC,56,25958.504928595685
WA_SEATAC,57,29944.77254247567
WA_SEATAC,58,29021.11968930299
WA_SEATAC,59,29119.782830930813
WA_SEATAC,60,30664.1107645875
WA_SEATAC,61,22160.892002512144
WA_SEATAC,62,24930.18196827194
WA_SEATAC,63,27334.7124196859
WA_SEATAC,64,28884.09899093269
WA_SEATAC,65,28815.7150049008
WA_SEATAC,66,31126.243386589253
WA_SEATAC,67,28982.585899941543
WA_SEATAC,68,22423.235119792087
WA_SEATAC,69,24599.53453097424
WA_SEATAC,70,30202.25425248963
WA_SEATAC,71,29507.39108646065
WA_SEATAC,72,29112.361468243616
WA_SEATAC,73,30893.853691029854
WA_SEATAC,74,30203.411310241205
WA_SEATAC,75,23051.39526549053
WA_SEATAC,76,25456.952417108016
WA_SEATAC,77,29609.26207564886
WA_SEATAC,78,28585.75025628328
WA_SEATAC,79,29934.288788293736
WA_SEATAC,80,30366.193132297165
WA_SEATAC,81,29640.84868059679
WA_SEATAC,82,24863.580193752892
WA_SEATAC,83,26578.197446042057
WA_SEATAC,84,31716.282615606066
WA_SEATAC,85,28652.01139873151
WA_SEATAC,86,29276.75750650942
WA_SEATAC,87,32210.410473781743
WA_SEATAC,88,29871.696894884517
WA_SEATAC,89,23413.084172214196
WA_SEATAC,90,25292.658853650726
WA_SEATAC,91,28759.202734512437
WA_SEATAC,92,27306.15032985882
WA_SEATAC,93,29087.26433094563
WA_SEATAC,94,26480.587267853873
WA_SEATAC,95,30869.949965764787
WA_SEATAC,96,25462.859476973477
WA_SEATAC,97,27506.492194497656
WA_SEATAC,98,29551.004765622663
WA_SEATAC,99,28856.475664581278
WA_SEATAC,100,29121.4203346083
WA_SEATAC,101,31330.8787537466
WA_SEATAC,102,30804.947889410283
WA_SEATAC,103,24177.030882408384
WA_SEATAC,104,26122.848975875222
WA_SEATAC,105,30903.41334451247
WA_SEATAC,106,29384.466696265026
WA_SEATAC,107,29911.309762212895
WA_SEATAC,108,32288.369865197197
WA_SEATAC,109,30541.02073902691
WA_SEATAC,110,23979.659290087726
WA_SEATAC,111,27211.196418475014
WA_SEATAC,112,31661.934429301557
WA_SEATAC,113,28659.819003657693
WA_SEATAC,114,30275.143097175187
WA_SEATAC,115,33375.50026831065
WA_SEATAC,116,31793.810413963885
WA_SEATAC,117,25265.538793236152
WA_SEATAC,118,29255.058666784396
WA_SEATAC,119,30835.663357887097
WA_SEATAC,120,29284.436688938873
WA_SEATAC,121,30871.140282560707
WA_SEATAC,122,31464.090536199987
WA_SEATAC,123,31464.953622766086
WA_SEATAC,124,24772.500764796085
WA_SEATAC,125,28695.67540644288
WA_SEATAC,126,31927.36423625847
WA_SEATAC,127,30342.872320993083
WA_SEATAC,128,30770.210747824505
WA_SEATAC,129,35784.33054183452
WA_SEATAC,130,32552.44977816699
WA_SEATAC,131,25364.92745343086
WA_SEATAC,132,28036.59892676835
WA_SEATAC,133,31860.869515034796
WA_SEATAC,134,30706.027793962927
WA_SEATAC,135,30607.4877179053
WA_SEATAC,136,36280.64430953259
WA_SEATAC,137,32884.56748434305
WA_SEATAC,138,26587.294710438837
WA_SEATAC,139,29587.432076722453
WA_SEATAC,140,33543.07697731272
WA_SEATAC,141,33840.724780520766
WA_SEATAC,142,34201.81067207212
WA_SEATAC,143,35389.79941364181
WA_SEATAC,144,32949.128504522516
WA_SEATAC,145,26027.13098333968
WA_SEATAC,146,26190.335056128646
WA_SEATAC,147,29192.955573130093
WA_SEATAC,148,32389.86986342233
WA_SEATAC,149,33114.5271121538
WA_SEATAC,150,35356.96309449493
WA_SEATAC,151,33544.377507824734
WA_SEATAC,152,26816.2500801621
WA_SEATAC,153,29058.035908782913
WA_SEATAC,154,33378.4678792158
WA_SEATAC,155,33969.61862700389
WA_SEATAC,156,33507.239805184145
WA_SEATAC,157,34925.007544989836
WA_SEATAC,158,33343.24213117827
WA_SEATAC,159,28234.78713658689
WA_SEATAC,160,29849.583589587768
WA_SEATAC,161,35389.43664111209
WA_SEATAC,162,33771.37154890681
WA_SEATAC,163,34694.100823623034
WA_SEATAC,164,36278.55133437106
WA_SEATAC,165,35487.87643832647
WA_SEATAC,166,30048.16114277278
WA_SEATAC,167,32224.000476178793
WA_SEATAC,168,35618.414170583725
WA_SEATAC,169,35750.5342694033
WA_SEATAC,170,33606.48818447199
WA_SEATAC,171,36639.417140618585
WA_SEATAC,172,34398.27630627899
WA_SEATAC,173,31169.51838205142
WA_SEATAC,174,31894.181851581638
WA_SEATAC,175,36146.55925361473
WA_SEATAC,176,36211.03515727899
WA_SEATAC,177,36871.68797283781
WA_SEATAC,178,37199.060478444146
WA_SEATAC,179,37202.94046409269
WA_SEATAC,180,30378.503119071705
WA_SEATAC,181,32355.939488145523
WA_SEATAC,182,34958.79959637013
WA_SEATAC,183,37101.072027422066
WA_SEATAC,184,35123.316821368644
WA_SEATAC,185,26058.20283911699
WA_SEATAC,186,29717.323790503422
WA_SEATAC,187,29717.5650265809
WA_SEATAC,188,32289.13331345342
WA_SEATAC,189,36374.92195800057
WA_SEATAC,190,36443.43353462312
WA_SEATAC,191,35585.20068678091
WA_SEATAC,192,35979.56044586394
WA_SEATAC,193,35519.94166737316
WA_SEATAC,194,30674.757612344918
WA_SEATAC,195,32388.882339469834
WA_SEATAC,196,36508.841682962666
WA_SEATAC,197,35716.50522240598
WA_SEATAC,198,35979.06527406922
WA_SEATAC,199,36804.569421732915
WA_SEATAC,200,34462.81175006277
WA_SEATAC,201,29091.687479407618
WA_SEATAC,202,31862.223125730678
WA_SEATAC,203,35652.68238586277
WA_SEATAC,204,36936.0173815547
WA_SEATAC,205,36904.090856287294
WA_SEATAC,206,37497.007049892716
WA_SEATAC,207,36212.28024042016
WA_SEATAC,208,30608.362860967693
WA_SEATAC,209,33214.41769612002
WA_SEATAC,210,37300.79162093546
WA_SEATAC,211,37365.13452394211
WA_SEATAC,212,37233.87623708099
WA_SEATAC,213,36341.86027814446
WA_SEATAC,214,35979.96578717452
WA_SEATAC,215,30574.102717984835
WA_SEATAC,216,32025.255421259837
WA_SEATAC,217,36374.98859794407
WA_SEATAC,218,36603.88664670269
WA_SEATAC,219,36572.262502191734
WA_SEATAC,220,37230.28456719576
WA_SEATAC,221,37464.35414539852
WA_SEATAC,222,30343.562612866685
WA_SEATAC,223,33443.04507690136
WA_SEATAC,224,36804.018098678265
WA_SEATAC,225,37100.91677467705
WA_SEATAC,226,36078.45624632515
WA_SEATAC,227,39572.462414419075
WA_SEATAC,228,36574.91201244836
WA_SEATAC,229,27603.30960703149
WA_SEATAC,230,34463.87036489593
WA_SEATAC,231,35914.80687431271
WA_SEATAC,232,34857.83407232037
WA_SEATAC,233,35386.585289299685
WA_SEATAC,234,38020.693049793605
WA_SEATAC,235,36045.14396304684
WA_SEATAC,236,30080.477224558665
WA_SEATAC,237,32749.26278985151
WA_SEATAC,238,34199.572979197605
WA_SEATAC,239,34229.52454922087
WA_SEATAC,240,34263.26119058624
WA_SEATAC,241,36242.003037178874
WA_SEATAC,242,33902.31493948541
WA_SEATAC,243,27243.986028939053
WA_SEATAC,244,28828.744100426342
WA_SEATAC,245,31565.63027442187
WA_SEATAC,246,33278.32953098218
WA_SEATAC,247,33376.02062544704
WA_SEATAC,248,35521.080219980955
WA_SEATAC,249,34037.71357796924
WA_SEATAC,250,27507.81356809117
WA_SEATAC,251,31994.788092113544
WA_SEATAC,252,35981.31872899628
WA_SEATAC,253,35384.445872935554
WA_SEATAC,254,34429.91393157479
WA_SEATAC,255,36969.83476212994
WA_SEATAC,256,35684.9035929896
WA_SEATAC,257,28530.78695780912
WA_SEATAC,258,30872.215664991345
WA_SEATAC,259,34894.96701808686
WA_SEATAC,260,33738.69656660399
WA_SEATAC,261,34893.37452836913
WA_SEATAC,262,36443.49408910639
WA_SEATAC,263,34662.805926661764
WA_SEATAC,264,27706.023318944164
WA_SEATAC,265,31500.154720209575
WA_SEATAC,266,34829.07747026007
WA_SEATAC,267,31957.76319314221
WA_SEATAC,268,33178.54930806606
WA_SEATAC,269,36014.3333676837
WA_SEATAC,270,34036.5604135723
WA_SEATAC,271,25990.987970581664
WA_SEATAC,272,31168.70841845449
WA_SEATAC,273,33145.75007620775
WA_SEATAC,274,30207.55575217086
WA_SEATAC,275,30404.158492892693
WA_SEATAC,276,33603.517680719735
WA_SEATAC,277,32715.173081062418
WA_SEATAC,278,24538.648973426734
WA_SEATAC,279,30045.29257471585
WA_SEATAC,280,31032.479144602927
WA_SEATAC,281,31757.63514174741
WA_SEATAC,282,30270.481061073267
WA_SEATAC,283,33637.02870301753
WA_SEATAC,284,31923.089717133116
WA_SEATAC,285,24307.405289949405
WA_SEATAC,286,28561.38447388801
WA_SEATAC,287,31494.4028378726
WA_SEATAC,288,31096.8883907239
WA_SEATAC,289,29382.788234018375
WA_SEATAC,290,33769.36776941317
WA_SEATAC,291,31988.924047104138
WA_SEATAC,292,25263.05872749983
WA_SEATAC,293,29649.63397869444
WA_SEATAC,294,32580.34033049841
WA_SEATAC,295,30238.258856418117
WA_SEATAC,296,31261.656654809794
WA_SEATAC,297,34690.4452327486
WA_SEATAC,298,32284.954632618836
WA_SEATAC,299,23284.710094851984
WA_SEATAC,300,27539.127535707285
WA_SEATAC,301,30240.623637920995
WA_SEATAC,302,28624.261684642548
WA_SEATAC,303,27601.163297929666
WA_SEATAC,304,29019.405927339525
WA_SEATAC,305,29679.606050913142
WA_SEATAC,306,23480.831779999065
WA_SEATAC,307,28131.95841806802
WA_SEATAC,308,28689.06711406876
WA_SEATAC,309,27730.59433968784
WA_SEATAC,310,28359.052679936147
WA_SEATAC,311,30699.74767678367
WA_SEATAC,312,29185.10023154439
WA_SEATAC,313,23778.940201993104
WA_SEATAC,314,26844.72065458971
WA_SEATAC,315,28823.23623146425
WA_SEATAC,316,28259.60852980475
WA_SEATAC,317,28194.99147182421
WA_SEATAC,318,31887.854789834808
WA_SEATAC,319,31492.690688358012
WA_SEATAC,320,22789.00958446941
WA_SEATAC,321,27538.664503788554
WA_SEATAC,322,31459.846898870208
WA_SEATAC,323,28620.336345809897
WA_SEATAC,324,30368.994160093313
WA_SEATAC,325,32842.64023634127
WA_SEATAC,326,31163.486707149736
WA_SEATAC,327,27273.887272139345
WA_SEATAC,328,28130.976711524287
WA_SEATAC,329,31492.306591635624
WA_SEATAC,330,33965.30180413358
WA_SEATAC,331,31689.610830803944
WA_SEATAC,332,14117.114887325359
WA_SEATAC,333,26744.093657818397
WA_SEATAC,334,27504.15530254687
WA_SEATAC,335,29912.935317940693
WA_SEATAC,336,31558.199712446396
WA_SEATAC,337,28619.620162647865
WA_SEATAC,338,29316.486285861123
WA_SEATAC,339,31888.85829177412
WA_SEATAC,340,31296.104338261874
WA_SEATAC,341,23581.86431150846
WA_SEATAC,342,28032.476160153303
WA_SEATAC,343,31096.311938800503
WA_SEATAC,344,29711.093808451562
WA_SEATAC,345,30304.298233776117
WA_SEATAC,346,32909.48124736256
WA_SEATAC,347,30471.3178200685
WA_SEATAC,348,22625.160429347772
WA_SEATAC,349,28428.25783219694
WA_SEATAC,350,30965.32502396915
WA_SEATAC,351,28622.616914687245
WA_SEATAC,352,29644.15448465266
WA_SEATAC,353,30207.176535662365
WA_SEATAC,354,30767.340649266203
WA_SEATAC,355,26087.341719888558
WA_SEATAC,356,26813.512301219314
WA_SEATAC,357,29020.686781835764
WA_SEATAC,358,22954.089213903448
WA_SEATAC,359,20714.076212643376
WA_SEATAC,360,28362.494953521684
WA_SEATAC,361,30503.41697648623
WA_SEATAC,362,26615.45631691169
WA_SEATAC,363,26021.95123322475
WA_SEATAC,364,29152.26162849354
WA_SEATAC,365,24537.382642142555
WA_W,1,0.07416137228280417
WA_W,2,0.05559230272775346
WA_W,3,0.10118811525041356
WA_W,4,0.07894448292940993
WA_W,5,0.08880640810211285
WA_W,6,0.0943360723987704
WA_W,7,0.05377948853257257
WA_W,8,0.08088724231728878
WA_W,9,0.05042288322544095
WA_W,10,0.08366787175040466
WA_W,11,0.08311355500797285
WA_W,12,0.058972853451449356
WA_W,13,0.04522429779744704
WA_W,14,0.053292070349009985
WA_W,15,0.06445756187778547
WA_W,16,0.0641649945929163
WA_W,17,0.010412277266969916
WA_W,18,0.08525560791673056
WA_W,19,0.07121484106598401
WA_W,20,0.03740987490875458
WA_W,21,0.04154259373937435
WA_W,22,0.09123843130712772
WA_W,23,0.06813309940440855
WA_W,24,0.06901632171794542
WA_W,25,0.10164257522058405
WA_W,26,0.0777487605769019
WA_W,27,0.0810721891226976
WA_W,28,0.051452501805370844
WA_W,29,0.06199724902684997
WA_W,30,0.06094390412657683
WA_W,31,0.05709337560408205
WA_W,32,0.13358022167347355
WA_W,33,0.07229956900932984
WA_W,34,0.0858446028875372
WA_W,35,0.05871651367992522
WA_W,36,0.10239836028533472
WA_W,37,0.09371607255308624
WA_W,38,0.11092902133526988
WA_W,39,0.10684742913928556
WA_W,40,0.08811221047055072
WA_W,41,0.049340386925956825
WA_W,42,0.06217624979737908
WA_W,43,0.12381070877395947
WA_W,44,0.09387503208729733
WA_W,45,0.10035321986280836
WA_W,46,0.12450435657440961
WA_W,47,0.1270045881262773
WA_W,48,0.07355030738894842
WA_W,49,0.07051763686595085
WA_W,50,0.11788574147029643
WA_W,51,0.1244449599056321
WA_W,52,0.09996177205990925
WA_W,53,0.11788186765433752
WA_W,54,0.09573834294638107
WA_W,55,0.08596747357077389
WA_W,56,0.07232222446984249
WA_W,57,0.1301464840473722
WA_W,58,0.11697892849477641
WA_W,59,0.11623890194890318
WA_W,60,0.09345996202077465
WA_W,61,0.07900451043476858
WA_W,62,0.05249847435681617
WA_W,63,0.0764022453527047
WA_W,64,0.08595905787580549
WA_W,65,0.08791709964438421
WA_W,66,0.1312519389294536
WA_W,67,0.0893683902811453
WA_W,68,0.06785243157004493
WA_W,69,0.06262968149255409
WA_W,70,0.11038773181099062
WA_W,71,0.09682417912624858
WA_W,72,0.07540151070632087
WA_W,73,0.1095160624437754
WA_W,74,0.08160665546403063
WA_W,75,0.07600213357322157
WA_W,76,0.0617873810937133
WA_W,77,0.12035268616916316
WA_W,78,0.09652581276838774
WA_W,79,0.09508651637450571
WA_W,80,0.13806538762029802
WA_W,81,0.10562820035804159
WA_W,82,0.08177826919326228
WA_W,83,0.06416066018105636
WA_W,84,0.10619137770628034
WA_W,85,0.09173726272971588
WA_W,86,0.07468029390941246
WA_W,87,0.11826090155753267
WA_W,88,0.082657384460416
WA_W,89,0.08258275084515673
WA_W,90,0.06722445383145123
WA_W,91,0.08596330150694745
WA_W,92,0.05789141833972993
WA_W,93,0.08228278083723066
WA_W,94,0.09037104622564046
WA_W,95,0.07424546103728132
WA_W,96,0.06928928436429109
WA_W,97,0.08086930593493626
WA_W,98,0.07764654182196973
WA_W,99,0.0689522427322355
WA_W,100,0.10606544715781761
WA_W,101,0.10704885602339186
WA_W,102,0.07329744849440899
WA_W,103,0.05578226284927635
WA_W,104,0.061072493000185954
WA_W,105,0.09096704663675825
WA_W,106,0.05425354078802804
WA_W,107,0.0690714381161299
WA_W,108,0.11140797194772294
WA_W,109,0.08520739950680375
WA_W,110,0.049836568635036924
WA_W,111,0.07050026401885016
WA_W,112,0.09787917068222159
WA_W,113,0.06748828901108049
WA_W,114,0.04893418167166925
WA_W,115,0.14340876960468166
WA_W,116,0.07370744579029137
WA_W,117,0.08671948326524016
WA_W,118,0.0743957472581761
WA_W,119,0.07700408168932112
WA_W,120,0.07403590652768315
WA_W,121,0.061571642301532954
WA_W,122,0.07682348000932585
WA_W,123,0.06546227581425704
WA_W,124,0.034084212523907136
WA_W,125,0.054820063787615184
WA_W,126,0.07056198708313144
WA_W,127,0.04782881205531771
WA_W,128,0.040631040676917744
WA_W,129,0.08619241879084635
WA_W,130,0.054449345325933055
WA_W,131,0.048931001874849805
WA_W,132,0.041923296849459994
WA_W,133,0.0629737799040555
WA_W,134,0.05243070531804018
WA_W,135,0.08163779519398914
WA_W,136,0.08515256014807693
WA_W,137,0.06019031011247978
WA_W,138,0.03454659844617611
WA_W,139,0.05953466222786974
WA_W,140,0.06706503868403478
WA_W,141,0.0651033683720407
WA_W,142,0.05694127531280876
WA_W,143,0.06457779950290152
WA_W,144,0.07620047337651731
WA_W,145,0.04390331774687391
WA_W,146,0.043430018860865414
WA_W,147,0.06215903827003912
WA_W,148,0.06301670113805741
WA_W,149,0.06546827801916823
WA_W,150,0.07524816148961148
WA_W,151,0.07339124711915403
WA_W,152,0.03718789128796857
WA_W,153,0.06246166422085804
WA_W,154,0.08236512725630453
WA_W,155,0.05014517272553973
WA_W,156,0.06144009854938952
WA_W,157,0.07319717292562877
WA_W,158,0.07644124579937966
WA_W,159,0.033182627408563856
WA_W,160,0.05067839200323376
WA_W,161,0.08041950615291246
WA_W,162,0.052866926217145664
WA_W,163,0.09018363713281265
WA_W,164,0.08378703024984423
WA_W,165,0.07686313565880633
WA_W,166,0.05141550620267043
WA_W,167,0.07237861705857122
WA_W,168,0.09130667885542287
WA_W,169,0.07330352329151382
WA_W,170,0.07241657928602079
WA_W,171,0.09602234928659978
WA_W,172,0.07771785220954298
WA_W,173,0.07286116344359578
WA_W,174,0.07247474964488063
WA_W,175,0.06944970517890398
WA_W,176,0.07712417135274255
WA_W,177,0.0724028405797356
WA_W,178,0.08416394465563876
WA_W,179,0.08483936786651511
WA_W,180,0.049970620429722404
WA_W,181,0.08160285129763567
WA_W,182,0.05598962161604748
WA_W,183,0.06983790659177147
WA_W,184,0.06313748002002136
WA_W,185,0.03738676170864092
WA_W,186,0.06698994286645449
WA_W,187,0.05294640820388351
WA_W,188,0.05468985011459033
WA_W,189,0.08275608990745209
WA_W,190,0.07902509212731447
WA_W,191,0.06693037479680285
WA_W,192,0.0594671141692996
WA_W,193,0.0724048366329306
WA_W,194,0.05273701763137278
WA_W,195,0.07737716150613197
WA_W,196,0.08401038987739375
WA_W,197,0.07395322830197927
WA_W,198,0.07016895972673827
WA_W,199,0.0862782783654857
WA_W,200,0.06362181224565008
WA_W,201,0.0509980348580817
WA_W,202,0.07369888775461478
WA_W,203,0.06442157215931178
WA_W,204,0.0759302553124237
WA_W,205,0.07940728518911885
WA_W,206,0.11561211411137559
WA_W,207,0.06627697996734533
WA_W,208,0.03422816101575013
WA_W,209,0.07200936526172091
WA_W,210,0.10946926252264129
WA_W,211,0.07247362751472566
WA_W,212,0.06146783260727859
WA_W,213,0.05661266792915052
WA_W,214,0.07084860807236454
WA_W,215,0.05189311606530911
WA_W,216,0.0746806760439301
WA_W,217,0.07295210295719265
WA_W,218,0.055790426050681734
WA_W,219,0.04807187032699136
WA_W,220,0.049854153937500895
WA_W,221,0.06782159890835564
WA_W,222,0.03466632966619261
WA_W,223,0.04320124020846289
WA_W,224,0.04687639851399083
WA_W,225,0.054582067760200685
WA_W,226,0.04942040066095048
WA_W,227,0.06225701631209614
WA_W,228,0.0504742303734172
WA_W,229,0.03627940249757379
WA_W,230,0.04256702633374071
WA_W,231,0.044111737578138084
WA_W,232,0.0404831405997099
WA_W,233,0.04000488606448105
WA_W,234,0.06645206446818719
WA_W,235,0.04958957561896163
WA_W,236,0.02721300487609447
WA_W,237,0.028800090743267868
WA_W,238,0.0488240315834768
WA_W,239,0.03659773942181546
WA_W,240,0.051970112028115356
WA_W,241,0.05565817125622562
WA_W,242,0.04643662258674672
WA_W,243,0.019012950158353466
WA_W,244,0.015786803460819666
WA_W,245,0.010793290583868725
WA_W,246,0.021285360795359504
WA_W,247,0.011466679016242612
WA_W,248,0.015278946669336154
WA_W,249,0.016560082345742078
WA_W,250,0.009856513929300766
WA_W,251,0.017292575787394147
WA_W,252,0.02222473762790459
WA_W,253,0.015165709623030276
WA_W,254,0.017138065652730714
WA_W,255,0.01954365757064796
WA_W,256,0.019034404743421877
WA_W,257,0.008314940504373458
WA_W,258,0.0116025831390373
WA_W,259,0.017624373862505167
WA_W,260,0.01038186792101233
WA_W,261,0.014966276130744917
WA_W,262,0.01649289310631525
WA_W,263,0.013738902563169161
WA_W,264,0.007133523338267529
WA_W,265,0.013860252257694237
WA_W,266,0.012527096965798349
WA_W,267,0.012904132702917804
WA_W,268,0.01140952961160505
WA_W,269,0.01976775018140439
WA_W,270,0.016554482360676907
WA_W,271,0.005157863687663935
WA_W,272,0.009888289730344748
WA_W,273,0.013514672385040732
WA_W,274,0.011992862897079482
WA_W,275,0.01213366211697619
WA_W,276,0.021899233708602462
WA_W,277,0.01624582630380099
WA_W,278,0.008094187031134108
WA_W,279,0.010255339063337776
WA_W,280,0.013402874803018057
WA_W,281,0.019866007787035577
WA_W,282,0.015889816835170573
WA_W,283,0.021662716230502612
WA_W,284,0.018022853030667755
WA_W,285,0.009101084903717367
WA_W,286,0.009661450309126945
WA_W,287,0.015912214510608085
WA_W,288,0.012625385863449655
WA_W,289,0.011890912732142489
WA_W,290,0.015864853355296627
WA_W,291,0.011618378466351038
WA_W,292,0.0112457167850617
WA_W,293,0.013133034387231431
WA_W,294,0.02281196868350668
WA_W,295,0.012276837724908193
WA_W,296,0.01727034460709898
WA_W,297,0.0179963282204679
WA_W,298,0.01616698646679255
WA_W,299,0.011080899680526477
WA_W,300,0.010036591437042244
WA_W,301,0.01647437088487844
WA_W,302,0.009629376651223242
WA_W,303,0.013750419400195243
WA_W,304,0.018498857341755125
WA_W,305,0.03290275804464389
WA_W,306,0.013818339480249927
WA_W,307,0.02108569493508438
WA_W,308,0.021579712698405307
WA_W,309,0.022203261459657436
WA_W,310,0.021635813841915243
WA_W,311,0.03019946010149785
WA_W,312,0.02530102715444855
WA_W,313,0.012327310312816139
WA_W,314,0.0203407112252435
WA_W,315,0.0322655126567385
WA_W,316,0.02106333404253462
WA_W,317,0.020349154675865053
WA_W,318,0.032161770776567775
WA_W,319,0.024326374566528752
WA_W,320,0.014776190757961903
WA_W,321,0.023178753775776377
WA_W,322,0.03145553999354053
WA_W,323,0.022095526319221025
WA_W,324,0.029018897315409964
WA_W,325,0.029224478318240633
WA_W,326,0.016622472691964728
WA_W,327,0.015420356754889666
WA_W,328,0.023435882773148748
WA_W,329,0.02821684080873072
WA_W,330,0.026012847978553594
WA_W,331,0.0369717620969219
WA_W,332,0.00448976215742101
WA_W,333,0.01556394394847278
WA_W,334,0.020692235665490867
WA_W,335,0.024532903672209574
WA_W,336,0.019345127675401953
WA_W,337,0.017001598672450813
WA_W,338,0.02366735111699289
WA_W,339,0.019850401485180757
WA_W,340,0.026330858371847038
WA_W,341,0.021036859154874205
WA_W,342,0.0259561344200522
WA_W,343,0.03407845847885646
WA_W,344,0.020887036865405818
WA_W,345,0.024415365826056072
WA_W,346,0.03345338246783841
WA_W,347,0.022073406400068798
WA_W,348,0.0077822053551495655
WA_W,349,0.02109064460115497
WA_W,350,0.02298384750651317
WA_W,351,0.014409998465884444
WA_W,352,0.02562215523017077
WA_W,353,0.022613908142722294
WA_W,354,0.02096488739623547
WA_W,355,0.018823342009902422
WA_W,356,0.015248490630799852
WA_W,357,0.021161543014632567
WA_W,358,0.016658959046698108
WA_W,359,0.014060892052841114
WA_W,360,0.021266877539400247
WA_W,361,0.019186832423143323
WA_W,362,0.027202865455687522
WA_W,363,0.020753229216554293
WA_W,364,0.018082483425222378
WA_W,365,0.020266463312566065
WY_NE,1,606.8371052238091
WY_NE,2,908.5665992167617
WY_NE,3,1007.5196888266613
WY_NE,4,1213.3783412619734
WY_NE,5,966.3952456782398
WY_NE,6,887.9522044842264
WY_NE,7,781.4056999721623
WY_NE,8,703.2053748971624
WY_NE,9,848.346529451481
WY_NE,10,1034.6351685498585
WY_NE,11,1136.0763549952776
WY_NE,12,858.5638623808234
WY_NE,13,481.0573793712794
WY_NE,14,488.6154300186726
WY_NE,15,673.4731993452959
WY_NE,16,1058.0068577637342
WY_NE,17,1150.7937723600692
WY_NE,18,1033.1713005794916
WY_NE,19,962.3213802050116
WY_NE,20,653.9952268183303
WY_NE,21,572.580944284457
WY_NE,22,920.5461456564409
WY_NE,23,875.3842949629864
WY_NE,24,769.5661676277075
WY_NE,25,960.6739897788627
WY_NE,26,969.5732280172945
WY_NE,27,593.2199917438084
WY_NE,28,572.2236203464847
WY_NE,29,775.402231292795
WY_NE,30,983.8462574524922
WY_NE,31,1005.7548987643999
WY_NE,32,911.2088787003704
WY_NE,33,588.9222914596309
WY_NE,34,458.89771345057864
WY_NE,35,473.62239546584277
WY_NE,36,946.7835697037226
WY_NE,37,1078.6237145236742
WY_NE,38,945.046836610208
WY_NE,39,1032.615684623005
WY_NE,40,864.1406618884714
WY_NE,41,643.4731200326808
WY_NE,42,505.4726464336094
WY_NE,43,851.9424717429334
WY_NE,44,1072.3089603136666
WY_NE,45,1041.9201403514357
WY_NE,46,1113.9677545832317
WY_NE,47,968.8768608697854
WY_NE,48,602.1881760906185
WY_NE,49,659.222893484809
WY_NE,50,847.616918536828
WY_NE,51,1032.6775193096594
WY_NE,52,1181.906293540694
WY_NE,53,1175.6943880565511
WY_NE,54,1031.0052768827495
WY_NE,55,547.7853967916861
WY_NE,56,599.5162990059546
WY_NE,57,887.4703720437976
WY_NE,58,976.8874139273055
WY_NE,59,1088.8199786991502
WY_NE,60,956.5429831607686
WY_NE,61,725.3484822345264
WY_NE,62,555.0619532118066
WY_NE,63,910.9755577718128
WY_NE,64,1006.9373707335706
WY_NE,65,1056.2916925748443
WY_NE,66,1260.7712673488554
WY_NE,67,1177.039803515819
WY_NE,68,680.8740361987692
WY_NE,69,632.9801656526895
WY_NE,70,980.8284559210689
WY_NE,71,1036.309145021632
WY_NE,72,1171.5881506145931
WY_NE,73,1076.8032368542927
WY_NE,74,987.9166739904572
WY_NE,75,690.6626714161957
WY_NE,76,754.5466314116607
WY_NE,77,946.6817430755602
WY_NE,78,1049.6716266271367
WY_NE,79,1147.6354142495911
WY_NE,80,1081.3615127808605
WY_NE,81,992.7942776440909
WY_NE,82,677.936380262195
WY_NE,83,518.1397622062608
WY_NE,84,664.5732525923966
WY_NE,85,976.7639805849242
WY_NE,86,1154.8946702398573
WY_NE,87,1227.4899986311166
WY_NE,88,955.2797549136238
WY_NE,89,754.9342450033043
WY_NE,90,525.4663763423258
WY_NE,91,955.7422482265954
WY_NE,92,1051.3838945008088
WY_NE,93,1182.2127853408451
WY_NE,94,1256.6991945517934
WY_NE,95,943.6213721516194
WY_NE,96,715.4518908327929
WY_NE,97,681.3869265197484
WY_NE,98,965.8636568695626
WY_NE,99,1054.4629230179498
WY_NE,100,1187.8779823055465
WY_NE,101,1127.1529699645394
WY_NE,102,1056.0349199190132
WY_NE,103,620.6341899737106
WY_NE,104,576.7228034345027
WY_NE,105,909.0309138102172
WY_NE,106,982.8578348379956
WY_NE,107,1187.1438754485046
WY_NE,108,1180.5663691007405
WY_NE,109,960.629401480986
WY_NE,110,592.7846010467856
WY_NE,111,574.590546344356
WY_NE,112,925.2135146322544
WY_NE,113,1078.23913357532
WY_NE,114,1057.839533288092
WY_NE,115,1133.37860168424
WY_NE,116,839.1582123956849
WY_NE,117,580.9800327606141
WY_NE,118,600.6641143508313
WY_NE,119,1047.3133940392838
WY_NE,120,1092.6058183265263
WY_NE,121,991.5024336613905
WY_NE,122,1377.3127643743942
WY_NE,123,1133.4239536431542
WY_NE,124,608.1027406929747
WY_NE,125,725.0935546249069
WY_NE,126,781.3629508290471
WY_NE,127,1200.6719047986164
WY_NE,128,1127.5047042380784
WY_NE,129,1227.1096490237678
WY_NE,130,905.2236288949019
WY_NE,131,791.955073664347
WY_NE,132,593.8134493671627
WY_NE,133,1288.6991441772266
WY_NE,134,1147.5101924506575
WY_NE,135,1568.5050115746074
WY_NE,136,1204.899175501385
WY_NE,137,1020.2936667284089
WY_NE,138,724.5833718790904
WY_NE,139,668.3516467899815
WY_NE,140,1084.422673584844
WY_NE,141,1046.061258761665
WY_NE,142,1310.245601177843
WY_NE,143,1171.069015284442
WY_NE,144,1026.2497585072563
WY_NE,145,779.2228541296876
WY_NE,146,556.0334635092387
WY_NE,147,736.1694649673998
WY_NE,148,1059.951712326692
WY_NE,149,1027.7255853315146
WY_NE,150,1107.885188375319
WY_NE,151,1020.89095822252
WY_NE,152,716.877869776599
WY_NE,153,739.6222916965147
WY_NE,154,955.3168049323601
WY_NE,155,943.6927723184533
WY_NE,156,1295.4984482384968
WY_NE,157,1214.4117787021576
WY_NE,158,1108.6882374283268
WY_NE,159,755.6296306108197
WY_NE,160,789.901442259148
WY_NE,161,1115.167068571234
WY_NE,162,1224.6937347317717
WY_NE,163,1363.9693671401508
WY_NE,164,1240.94716999514
WY_NE,165,1125.2683098169634
WY_NE,166,742.3990766869846
WY_NE,167,685.975911387071
WY_NE,168,956.7767247194053
WY_NE,169,1337.687380094008
WY_NE,170,1300.7989505301575
WY_NE,171,1022.0778980267842
WY_NE,172,1096.1151025943873
WY_NE,173,917.2665340894132
WY_NE,174,733.2817996863853
WY_NE,175,1098.7614945942287
WY_NE,176,1266.1140844086108
WY_NE,177,1571.8773780068886
WY_NE,178,1387.7307509553614
WY_NE,179,1244.6372401841077
WY_NE,180,777.4177024440984
WY_NE,181,638.9548090383171
WY_NE,182,932.0201170163778
WY_NE,183,1203.704404979164
WY_NE,184,1050.9774812856217
WY_NE,185,535.7633983466898
WY_NE,186,807.6101048507444
WY_NE,187,767.7539901356386
WY_NE,188,782.6050586585741
WY_NE,189,1051.1430076075462
WY_NE,190,1288.0325735694312
WY_NE,191,1283.689945091796
WY_NE,192,1255.4937211293352
WY_NE,193,1174.307355178491
WY_NE,194,801.0779209492235
WY_NE,195,873.5892780719314
WY_NE,196,1118.033600941659
WY_NE,197,1141.690872480227
WY_NE,198,1284.4649273679343
WY_NE,199,1323.123725712768
WY_NE,200,1061.4692280219258
WY_NE,201,728.7052073823397
WY_NE,202,786.1875495225969
WY_NE,203,1021.8191499882164
WY_NE,204,1216.4537030279762
WY_NE,205,1370.167962611596
WY_NE,206,1384.7055671214107
WY_NE,207,1127.5668346164232
WY_NE,208,969.9681978742373
WY_NE,209,691.65473344249
WY_NE,210,1057.1357473389414
WY_NE,211,1069.3898509522337
WY_NE,212,1202.0490738837573
WY_NE,213,1460.690362832031
WY_NE,214,1154.554336899062
WY_NE,215,763.2931231328107
WY_NE,216,936.1300150968653
WY_NE,217,999.6287222337518
WY_NE,218,1264.2089193479376
WY_NE,219,1439.3196719893485
WY_NE,220,1380.0282309711467
WY_NE,221,1211.189980836401
WY_NE,222,890.5181336982863
WY_NE,223,748.0339271076114
WY_NE,224,1071.589266638407
WY_NE,225,1266.0562537311737
WY_NE,226,1340.3211663007505
WY_NE,227,1324.852118998695
WY_NE,228,1298.388585987763
WY_NE,229,851.6127537929603
WY_NE,230,666.6327400473535
WY_NE,231,1223.0762059085785
WY_NE,232,1274.956263901722
WY_NE,233,1274.5522009904369
WY_NE,234,1326.6504160524216
WY_NE,235,1035.7032047251414
WY_NE,236,688.3387313321764
WY_NE,237,777.1113270819637
WY_NE,238,881.384026761388
WY_NE,239,1235.7491303918855
WY_NE,240,1161.1621549576653
WY_NE,241,1150.6189781293283
WY_NE,242,1210.7007563817283
WY_NE,243,851.8737271718345
WY_NE,244,615.5734689375182
WY_NE,245,664.3085165245232
WY_NE,246,1004.2696020952269
WY_NE,247,1362.4337456047554
WY_NE,248,1169.572921824093
WY_NE,249,1074.9738123859863
WY_NE,250,922.7757667263502
WY_NE,251,743.8787396304942
WY_NE,252,1164.1994441143722
WY_NE,253,1277.441996986287
WY_NE,254,1209.6617713585922
WY_NE,255,1150.7562052369954
WY_NE,256,1182.7469746578624
WY_NE,257,790.8452124964617
WY_NE,258,940.3093050327801
WY_NE,259,1239.4886419429497
WY_NE,260,1198.3274054405003
WY_NE,261,1324.2668621832772
WY_NE,262,1333.9398816736389
WY_NE,263,1128.283046458895
WY_NE,264,674.3228117345603
WY_NE,265,860.7908765138849
WY_NE,266,1080.700054298918
WY_NE,267,1160.990029344336
WY_NE,268,1356.2305855234358
WY_NE,269,1295.6540884642911
WY_NE,270,1184.530835560896
WY_NE,271,698.037791071153
WY_NE,272,896.5275273883539
WY_NE,273,1029.8945173176696
WY_NE,274,1109.6667382785097
WY_NE,275,1538.8725707563538
WY_NE,276,1294.7558966564202
WY_NE,277,1272.161021223985
WY_NE,278,828.7187213650722
WY_NE,279,910.6869821476124
WY_NE,280,998.291736081575
WY_NE,281,1234.0200707687877
WY_NE,282,1284.264735691849
WY_NE,283,1287.048278845129
WY_NE,284,1071.44637835169
WY_NE,285,813.4493933752151
WY_NE,286,788.3161174250029
WY_NE,287,1121.1433520145424
WY_NE,288,1269.7189289275252
WY_NE,289,1365.9008611870863
WY_NE,290,1436.3373329804097
WY_NE,291,1302.7834869123838
WY_NE,292,875.5787739727309
WY_NE,293,1075.0142161783608
WY_NE,294,1508.6335876072565
WY_NE,295,1505.8891398357462
WY_NE,296,1498.1919844626545
WY_NE,297,1645.0441605223543
WY_NE,298,1259.9348812491196
WY_NE,299,732.5454733588051
WY_NE,300,1177.4783512108488
WY_NE,301,1071.3038345737
WY_NE,302,1171.584815213691
WY_NE,303,1457.3603729417844
WY_NE,304,1152.439903196789
WY_NE,305,1185.618671095003
WY_NE,306,865.0239879281532
WY_NE,307,1082.2343857123476
WY_NE,308,1447.5388758984207
WY_NE,309,1232.6646363198204
WY_NE,310,1460.517192795428
WY_NE,311,1359.9532457620742
WY_NE,312,979.084198686531
WY_NE,313,702.8864186211036
WY_NE,314,1167.635694294648
WY_NE,315,1052.2807160774014
WY_NE,316,1197.0113596826734
WY_NE,317,1326.6114638753033
WY_NE,318,1304.7821747546266
WY_NE,319,1049.4770525482631
WY_NE,320,807.3725850912336
WY_NE,321,846.5536314900841
WY_NE,322,1123.266446598251
WY_NE,323,1192.3599875357402
WY_NE,324,1164.705060231016
WY_NE,325,1376.449678878782
WY_NE,326,1054.1968771237964
WY_NE,327,746.1946996998491
WY_NE,328,837.3429562854268
WY_NE,329,1016.203807636792
WY_NE,330,1296.7807147891676
WY_NE,331,991.29768515561
WY_NE,332,319.1038383556577
WY_NE,333,800.2839926711487
WY_NE,334,838.2888917563712
WY_NE,335,918.0302016065689
WY_NE,336,1264.1792652547333
WY_NE,337,1215.7654522482094
WY_NE,338,1335.2801434181483
WY_NE,339,1385.7797746217868
WY_NE,340,1251.0490852647638
WY_NE,341,806.5838600195395
WY_NE,342,868.6192398619211
WY_NE,343,1181.3839038647418
WY_NE,344,1385.7971434301446
WY_NE,345,1241.7992363550038
WY_NE,346,1202.6329782352636
WY_NE,347,1139.0677974529874
WY_NE,348,683.8555580063066
WY_NE,349,848.083890889427
WY_NE,350,1295.0319307199015
WY_NE,351,1326.1317438489668
WY_NE,352,1266.4750646447728
WY_NE,353,966.4657306641673
WY_NE,354,1134.2002038881246
WY_NE,355,806.8427684938429
WY_NE,356,692.6564075699245
WY_NE,357,822.4407117510274
WY_NE,358,568.1341875315545
WY_NE,359,392.3623939390764
WY_NE,360,1102.3294090340678
WY_NE,361,1069.968016995069
WY_NE,362,792.0783446280424
WY_NE,363,714.6752337799794
WY_NE,364,799.3159275503372
WY_NE,365,772.5277609833148
WY_NW,1,0.07745751487701381
WY_NW,2,0.08561997348201698
WY_NW,3,0.1050144289959901
WY_NW,4,0.1290174956448646
WY_NW,5,0.08847642097965001
WY_NW,6,0.08304685223989218
WY_NW,7,0.07896498949409982
WY_NW,8,0.1270437586090133
WY_NW,9,0.12672878859790077
WY_NW,10,0.18493023908625883
WY_NW,11,0.10362455351032121
WY_NW,12,0.03205913895261353
WY_NW,13,0.03429516630693618
WY_NW,14,0.061008735621123175
WY_NW,15,0.04673824165288006
WY_NW,16,0.0953310468529549
WY_NW,17,0.18923727736345386
WY_NW,18,0.14736153122899256
WY_NW,19,0.05697037762566377
WY_NW,20,0.056917762897334356
WY_NW,21,0.02776357579721343
WY_NW,22,0.12971296429497964
WY_NW,23,0.1327785100746212
WY_NW,24,0.0990483787204856
WY_NW,25,0.180415976241742
WY_NW,26,0.16300820690540027
WY_NW,27,0.04144400821003777
WY_NW,28,0.06603424780961756
WY_NW,29,0.09360636696280836
WY_NW,30,0.14193872220047493
WY_NW,31,0.17704623045689716
WY_NW,32,0.5161683456874633
WY_NW,33,0.3116608701899178
WY_NW,34,0.2028068908451987
WY_NW,35,0.16320613057470867
WY_NW,36,0.5623087111605011
WY_NW,37,0.8813936553421072
WY_NW,38,0.470226162018301
WY_NW,39,0.27031760330961313
WY_NW,40,0.3947019853068019
WY_NW,41,0.2623656566107188
WY_NW,42,0.10471034445953926
WY_NW,43,0.2354119689121343
WY_NW,44,0.5365672976558493
WY_NW,45,0.585992998097137
WY_NW,46,0.23388906167959267
WY_NW,47,0.26271330068543586
WY_NW,48,0.23818732690991895
WY_NW,49,0.26417299773629316
WY_NW,50,0.2032376837242379
WY_NW,51,0.20858372685539023
WY_NW,52,0.5901559184145907
WY_NW,53,0.1891015444074175
WY_NW,54,0.148147695704322
WY_NW,55,0.17752151947413747
WY_NW,56,0.17181850390269654
WY_NW,57,0.2347918530876433
WY_NW,58,0.49151104103269827
WY_NW,59,0.2522302942673604
WY_NW,60,0.5690692861777951
WY_NW,61,0.4016328086683427
WY_NW,62,0.16441954014584037
WY_NW,63,0.7315570856761788
WY_NW,64,0.5440341195326308
WY_NW,65,0.4160410205775533
WY_NW,66,0.5271369296116305
WY_NW,67,0.5831860776231664
WY_NW,68,0.3079266724178511
WY_NW,69,0.22504577542290669
WY_NW,70,0.32557859042926596
WY_NW,71,0.45315116249343296
WY_NW,72,0.7821145839229487
WY_NW,73,0.24798174466097528
WY_NW,74,0.20180149572663486
WY_NW,75,0.2280876732425089
WY_NW,76,0.2939219003185161
WY_NW,77,0.3330989434176787
WY_NW,78,0.6170521855272416
WY_NW,79,0.46775679044147195
WY_NW,80,0.6346505197169602
WY_NW,81,0.4675439182380165
WY_NW,82,0.37758172252589584
WY_NW,83,0.0019658325156012564
WY_NW,84,0.7519744000648755
WY_NW,85,0.5866643964370624
WY_NW,86,0.5811772889491098
WY_NW,87,0.5402661689557332
WY_NW,88,0.5865579939359344
WY_NW,89,0.20397308274393391
WY_NW,90,0.06882387745231915
WY_NW,91,0.9628666341185306
WY_NW,92,0.7821617396701943
WY_NW,93,1.13130198229665
WY_NW,94,0.9596622946035834
WY_NW,95,0.8320306294367699
WY_NW,96,0.35229842520815513
WY_NW,97,0.4664467151732936
WY_NW,98,0.7231715992399157
WY_NW,99,1.1415553873315272
WY_NW,100,1.2493308808782362
WY_NW,101,0.6901368679688921
WY_NW,102,1.469635194092723
WY_NW,103,0.8496354469077163
WY_NW,104,0.8822279204044614
WY_NW,105,0.9305416724777165
WY_NW,106,1.267029606581097
WY_NW,107,0.7719486222930221
WY_NW,108,2.731682137370613
WY_NW,109,1.0402124509479747
WY_NW,110,0.4168429389313109
WY_NW,111,0.6963506708135866
WY_NW,112,0.9500520090694602
WY_NW,113,1.5874726208285788
WY_NW,114,0.8057075722341821
WY_NW,115,1.4841970721416642
WY_NW,116,1.026255380816105
WY_NW,117,0.9631435316457624
WY_NW,118,0.7817138886975965
WY_NW,119,1.071343827609692
WY_NW,120,1.8215026290910972
WY_NW,121,3.7897075575754333
WY_NW,122,1.7607595419488662
WY_NW,123,1.8656638195117188
WY_NW,124,0.8832783902447409
WY_NW,125,1.9270556966126955
WY_NW,126,1.0079266151028436
WY_NW,127,1.3319111234985994
WY_NW,128,1.2007100377423277
WY_NW,129,1.5168811120520482
WY_NW,130,3.6209142043706417
WY_NW,131,1.1093071588978125
WY_NW,132,1.032861799980582
WY_NW,133,1.8147883255019646
WY_NW,134,3.3014117135135526
WY_NW,135,1.4433885418671866
WY_NW,136,2.4950189560885265
WY_NW,137,2.239646770179281
WY_NW,138,1.8703985415082844
WY_NW,139,0.697450614968681
WY_NW,140,2.17319582468926
WY_NW,141,1.6735728964096008
WY_NW,142,1.9215968493224713
WY_NW,143,2.400744451511364
WY_NW,144,2.6047755266091563
WY_NW,145,1.560265877313243
WY_NW,146,1.2211536927292481
WY_NW,147,1.9239743986723485
WY_NW,148,3.6766494095270605
WY_NW,149,2.19560848827666
WY_NW,150,1.6985014687977653
WY_NW,151,4.773190954516494
WY_NW,152,0.5121741531844923
WY_NW,153,0.703287946755157
WY_NW,154,0.9743542366893252
WY_NW,155,0.6551633757191901
WY_NW,156,1.1680497739545697
WY_NW,157,0.7813778413416479
WY_NW,158,0.784137249359417
WY_NW,159,0.7668390758655288
WY_NW,160,0.500532231879913
WY_NW,161,0.5225996939102905
WY_NW,162,0.6797645653935127
WY_NW,163,0.5037459026145601
WY_NW,164,1.2118510109034135
WY_NW,165,0.9344124650122615
WY_NW,166,0.4527409682637985
WY_NW,167,0.6118848650960359
WY_NW,168,0.7244123455939449
WY_NW,169,0.791998609169808
WY_NW,170,0.8249550651627173
WY_NW,171,0.7410806086012487
WY_NW,172,0.7374532418736617
WY_NW,173,0.5036075268142709
WY_NW,174,0.3318418578057567
WY_NW,175,0.5583170585246362
WY_NW,176,0.812014309938379
WY_NW,177,0.7983030511737436
WY_NW,178,0.7484976241527933
WY_NW,179,0.6723254880749667
WY_NW,180,0.4335551684005462
WY_NW,181,0.8508706504875362
WY_NW,182,0.5972298135892664
WY_NW,183,0.4308590786710593
WY_NW,184,0.38433383889889317
WY_NW,185,0.2761402893906533
WY_NW,186,0.3918803330919083
WY_NW,187,0.23607727167083595
WY_NW,188,0.39183027132873205
WY_NW,189,0.4899664654112075
WY_NW,190,0.5274673294226837
WY_NW,191,0.3755824864168781
WY_NW,192,0.320779534332743
WY_NW,193,0.4480437667035475
WY_NW,194,0.2679335270678973
WY_NW,195,0.18501226309261737
WY_NW,196,0.44588494766610576
WY_NW,197,0.4861010774346375
WY_NW,198,0.34721976497248785
WY_NW,199,0.27000523946653177
WY_NW,200,0.42684895794276584
WY_NW,201,0.28097941518587705
WY_NW,202,0.3080148368419785
WY_NW,203,0.38254015952922416
WY_NW,204,0.459336451906173
WY_NW,205,0.33454237830597705
WY_NW,206,0.41317611950451383
WY_NW,207,0.4238778922287749
WY_NW,208,0.3868071283392407
WY_NW,209,0.2839007277185434
WY_NW,210,0.44059634862207453
WY_NW,211,0.42854890295128956
WY_NW,212,0.38709665900774604
WY_NW,213,1.2876690853605202
WY_NW,214,0.8519795551381825
WY_NW,215,0.9920624007778454
WY_NW,216,0.8477230430208662
WY_NW,217,0.8616264797897422
WY_NW,218,0.5686131243762078
WY_NW,219,1.216274917893777
WY_NW,220,1.1790263638618423
WY_NW,221,1.2319317644482766
WY_NW,222,1.383645697305365
WY_NW,223,0.7754570318205596
WY_NW,224,0.8040738667919688
WY_NW,225,0.7184384437147529
WY_NW,226,0.9754008600220951
WY_NW,227,0.9151578868026354
WY_NW,228,0.8607071612170796
WY_NW,229,0.6518021604862937
WY_NW,230,0.7240603708747203
WY_NW,231,0.5417272921249735
WY_NW,232,0.6960353701858831
WY_NW,233,0.6931184255886634
WY_NW,234,0.9227516585716075
WY_NW,235,0.9584946328016931
WY_NW,236,1.1296765529708348
WY_NW,237,0.9472128907877637
WY_NW,238,0.8714513075632276
WY_NW,239,0.8164681782309695
WY_NW,240,0.9757036051922501
WY_NW,241,0.7946153244757509
WY_NW,242,0.7485543765306657
WY_NW,243,0.5513645763521527
WY_NW,244,0.4024216188157777
WY_NW,245,1.1639399221876503
WY_NW,246,0.9173140483985733
WY_NW,247,1.5753688334965867
WY_NW,248,1.1409851208241348
WY_NW,249,1.1846078523950045
WY_NW,250,0.726045593855022
WY_NW,251,0.6219540757220077
WY_NW,252,1.3083695287815187
WY_NW,253,1.2558834228919518
WY_NW,254,1.0046246701546209
WY_NW,255,1.2429582800954784
WY_NW,256,0.6128161761917104
WY_NW,257,0.9619543252436584
WY_NW,258,0.8096394869106902
WY_NW,259,0.8912427927025973
WY_NW,260,1.604370662171326
WY_NW,261,1.5626639159231726
WY_NW,262,0.7612235862680865
WY_NW,263,1.0965102324007097
WY_NW,264,1.091457425923863
WY_NW,265,1.1883213499361596
WY_NW,266,0.7709629984460882
WY_NW,267,0.8954969845039352
WY_NW,268,0.9412153188554256
WY_NW,269,0.8663412786334194
WY_NW,270,0.7970684843676443
WY_NW,271,0.872402659775765
WY_NW,272,0.30951663972305477
WY_NW,273,1.3543297218699921
WY_NW,274,2.0127354962448476
WY_NW,275,3.7068178888763192
WY_NW,276,3.1752722615306386
WY_NW,277,3.3999681486684032
WY_NW,278,1.1460046583678087
WY_NW,279,1.9050360305351421
WY_NW,280,3.2593660453847932
WY_NW,281,2.827923579351028
WY_NW,282,2.7871295104491773
WY_NW,283,3.756948789471913
WY_NW,284,4.239970898699629
WY_NW,285,1.1432474426834132
WY_NW,286,1.4866750739376358
WY_NW,287,1.9639823721294087
WY_NW,288,3.022270019885683
WY_NW,289,3.183790382371301
WY_NW,290,4.269137644214475
WY_NW,291,1.4302221824523267
WY_NW,292,2.708268471828218
WY_NW,293,1.6556066874676896
WY_NW,294,3.9480135835954284
WY_NW,295,2.272919885017996
WY_NW,296,3.2666099246065547
WY_NW,297,3.159311988912762
WY_NW,298,1.5187347119918764
WY_NW,299,2.209491116000175
WY_NW,300,3.2746261298609816
WY_NW,301,4.091932789925645
WY_NW,302,1.8040608018357327
WY_NW,303,4.753618423873721
WY_NW,304,1.9343004130744017
WY_NW,305,7.32230008084295
WY_NW,306,3.613352254150703
WY_NW,307,2.635442631052825
WY_NW,308,6.878855204458161
WY_NW,309,15.34655662530071
WY_NW,310,5.295547798459619
WY_NW,311,7.4861725316318815
WY_NW,312,3.9274592888626105
WY_NW,313,4.557302417528467
WY_NW,314,4.809481727220176
WY_NW,315,6.798214690165429
WY_NW,316,6.880215176362414
WY_NW,317,8.309707861126919
WY_NW,318,7.577748948870086
WY_NW,319,5.772579702105979
WY_NW,320,3.4723964023481306
WY_NW,321,3.3024355710703874
WY_NW,322,6.932048873360549
WY_NW,323,6.4780406785533895
WY_NW,324,5.178714711647789
WY_NW,325,9.008761685525752
WY_NW,326,6.355099440863349
WY_NW,327,4.104585560401452
WY_NW,328,2.875780510233975
WY_NW,329,5.371742370728192
WY_NW,330,6.859067083821275
WY_NW,331,6.288523947545893
WY_NW,332,1.1160927711833568
WY_NW,333,4.031633662592102
WY_NW,334,4.839105328258457
WY_NW,335,0.347259443546539
WY_NW,336,0.7509815231160712
WY_NW,337,0.698523785416511
WY_NW,338,0.712157631174248
WY_NW,339,1.1249004629541521
WY_NW,340,0.39814113009930524
WY_NW,341,0.2004446245538492
WY_NW,342,0.26669569927719905
WY_NW,343,0.8849286915166616
WY_NW,344,1.256679472690353
WY_NW,345,1.3356044275237717
WY_NW,346,0.6323065544975759
WY_NW,347,0.4096909314253969
WY_NW,348,0.42898110967055864
WY_NW,349,0.3134295765868358
WY_NW,350,0.5797990974335225
WY_NW,351,0.6317737372280993
WY_NW,352,0.4118036751481376
WY_NW,353,0.575473501888463
WY_NW,354,0.5104876366181234
WY_NW,355,0.23407753225312544
WY_NW,356,0.17019230959577455
WY_NW,357,0.26681836390557795
WY_NW,358,0.32245503117880014
WY_NW,359,0.16682849967723784
WY_NW,360,0.3685877917499429
WY_NW,361,0.325159164353341
WY_NW,362,0.4064591594159564
WY_NW,363,0.20678172534297215
WY_NW,364,0.23473813633924767
WY_NW,365,0.3877918936473783
WY_SE,1,8.398891114828714
WY_SE,2,9.176105308003926
WY_SE,3,22.872543274101798
WY_SE,4,28.81627090639691
WY_SE,5,24.985661761611997
WY_SE,6,13.346818696759211
WY_SE,7,8.204367833231231
WY_SE,8,22.890437097782232
WY_SE,9,36.58608359711272
WY_SE,10,33.21614666118502
WY_SE,11,32.94428337844054
WY_SE,12,19.11219541834695
WY_SE,13,8.991122729191417
WY_SE,14,11.522780906545037
WY_SE,15,13.921162078615437
WY_SE,16,27.472890509437132
WY_SE,17,20.714453677050408
WY_SE,18,26.191351003935704
WY_SE,19,22.04264563081155
WY_SE,20,13.5139402302272
WY_SE,21,7.580326228502826
WY_SE,22,27.30864942523451
WY_SE,23,24.770015224245043
WY_SE,24,29.65897997048525
WY_SE,25,39.02420772214388
WY_SE,26,23.449704230211047
WY_SE,27,12.232112274061087
WY_SE,28,7.647850583861584
WY_SE,29,17.72667224685276
WY_SE,30,34.92811956297702
WY_SE,31,32.67550758969306
WY_SE,32,35.713368094310816
WY_SE,33,30.830981372517776
WY_SE,34,6.551748639228644
WY_SE,35,7.277171063461674
WY_SE,36,25.67195269097311
WY_SE,37,35.80929812564788
WY_SE,38,35.74580702287429
WY_SE,39,37.01702730839649
WY_SE,40,23.55491016443362
WY_SE,41,13.732736595377002
WY_SE,42,11.638028980389777
WY_SE,43,19.926113736315163
WY_SE,44,37.16460432699236
WY_SE,45,39.38764071958493
WY_SE,46,25.057683769612
WY_SE,47,13.88422691352961
WY_SE,48,13.640306348061172
WY_SE,49,7.530333864178954
WY_SE,50,15.076612800367677
WY_SE,51,20.517440266298063
WY_SE,52,23.363083754549095
WY_SE,53,25.47709290394209
WY_SE,54,19.41830136686359
WY_SE,55,12.644721945033968
WY_SE,56,7.9031647080430725
WY_SE,57,11.525061436844378
WY_SE,58,34.53492740143287
WY_SE,59,28.075791018594813
WY_SE,60,15.033305129617295
WY_SE,61,13.054322905783904
WY_SE,62,4.485969925015164
WY_SE,63,18.83004661423637
WY_SE,64,32.09855479310093
WY_SE,65,21.554931161087453
WY_SE,66,20.969432992075376
WY_SE,67,13.3445428555486
WY_SE,68,11.37514890712058
WY_SE,69,5.44611289364727
WY_SE,70,11.72624613398244
WY_SE,71,28.87248642896605
WY_SE,72,19.791259896305522
WY_SE,73,9.51503445190806
WY_SE,74,11.613584115814739
WY_SE,75,7.657837635313758
WY_SE,76,6.859159868331785
WY_SE,77,11.891239914450752
WY_SE,78,20.83942210415088
WY_SE,79,19.886144845639976
WY_SE,80,20.981907030594147
WY_SE,81,17.948050411339388
WY_SE,82,14.494262739218717
WY_SE,83,6.241613296696854
WY_SE,84,14.43275825163001
WY_SE,85,22.084835540241702
WY_SE,86,18.68209835394117
WY_SE,87,17.482733891804575
WY_SE,88,28.442041397478057
WY_SE,89,7.825707997319791
WY_SE,90,6.808496376041751
WY_SE,91,153.40495638246838
WY_SE,92,221.76351844826624
WY_SE,93,201.86811230960348
WY_SE,94,182.35849090503066
WY_SE,95,117.5459903897219
WY_SE,96,24.247253173009515
WY_SE,97,54.709371864410045
WY_SE,98,113.30247932998644
WY_SE,99,181.80498580475356
WY_SE,100,223.56300155236661
WY_SE,101,196.0471848867578
WY_SE,102,179.09070842564728
WY_SE,103,111.71738743205643
WY_SE,104,72.00750462381988
WY_SE,105,187.86149665853705
WY_SE,106,219.15512009409522
WY_SE,107,203.7608499017318
WY_SE,108,310.52339121298246
WY_SE,109,197.28221356859936
WY_SE,110,80.27492105128226
WY_SE,111,93.44806940745815
WY_SE,112,185.98236544950245
WY_SE,113,203.46739626589329
WY_SE,114,232.84922682467595
WY_SE,115,280.7094695359841
WY_SE,116,168.67500565947665
WY_SE,117,156.95331661236165
WY_SE,118,101.31659654008774
WY_SE,119,132.90034411677402
WY_SE,120,171.64187571579956
WY_SE,121,169.98422308264585
WY_SE,122,180.35884902845538
WY_SE,123,184.6990409641243
WY_SE,124,69.41391184644475
WY_SE,125,69.33710781104237
WY_SE,126,108.05870976779184
WY_SE,127,150.78257891470454
WY_SE,128,226.40130061729585
WY_SE,129,184.97869153249283
WY_SE,130,173.7451518658702
WY_SE,131,138.70661921940365
WY_SE,132,61.26567229152765
WY_SE,133,114.15081590433232
WY_SE,134,204.4245274840429
WY_SE,135,202.40207137209535
WY_SE,136,179.93617752534615
WY_SE,137,147.50135450713918
WY_SE,138,91.23414417785435
WY_SE,139,76.52395683045137
WY_SE,140,144.64355809788904
WY_SE,141,171.38023077650092
WY_SE,142,144.40740957670633
WY_SE,143,136.7593294898858
WY_SE,144,112.65969850335762
WY_SE,145,61.85221235436879
WY_SE,146,55.151655524195874
WY_SE,147,53.34208015640323
WY_SE,148,96.09360878562296
WY_SE,149,157.53410282492794
WY_SE,150,180.13200159029336
WY_SE,151,135.12035914908537
WY_SE,152,15.434627228013284
WY_SE,153,23.2491824089202
WY_SE,154,38.34778268896515
WY_SE,155,52.973530914064504
WY_SE,156,40.843245929991895
WY_SE,157,44.51081758799186
WY_SE,158,32.80177993053331
WY_SE,159,33.51359429930285
WY_SE,160,14.731964940245486
WY_SE,161,31.329371397357228
WY_SE,162,46.074787746432214
WY_SE,163,43.61251925535767
WY_SE,164,54.01137835913437
WY_SE,165,35.587145866333664
WY_SE,166,16.646824978873838
WY_SE,167,16.479047456854204
WY_SE,168,29.725953763292427
WY_SE,169,45.576993425803416
WY_SE,170,27.95831956275495
WY_SE,171,33.761943857155494
WY_SE,172,30.54855406017034
WY_SE,173,19.17921819668839
WY_SE,174,13.7493978237715
WY_SE,175,23.40318717098598
WY_SE,176,35.09849045331753
WY_SE,177,37.878215296078196
WY_SE,178,40.00113808028267
WY_SE,179,27.843647629215308
WY_SE,180,21.25228859690041
WY_SE,181,18.535376919377164
WY_SE,182,15.73565227614293
WY_SE,183,34.69356567355726
WY_SE,184,25.335646825524865
WY_SE,185,12.761846814380176
WY_SE,186,13.489007913674573
WY_SE,187,9.367879170642903
WY_SE,188,13.490407778737993
WY_SE,189,17.427860501528368
WY_SE,190,28.640534131113725
WY_SE,191,25.841779735738122
WY_SE,192,28.6566377755957
WY_SE,193,24.72499819969486
WY_SE,194,18.421753241648545
WY_SE,195,8.738413368711953
WY_SE,196,24.046778185490798
WY_SE,197,28.73907504758711
WY_SE,198,23.664269999395596
WY_SE,199,30.625706736655598
WY_SE,200,25.137887627928027
WY_SE,201,17.9865334546364
WY_SE,202,14.402947224785338
WY_SE,203,21.953908400051787
WY_SE,204,38.26289695989209
WY_SE,205,24.495464215844812
WY_SE,206,21.254750336308298
WY_SE,207,27.59659892854902
WY_SE,208,15.094672556953508
WY_SE,209,13.175121948104291
WY_SE,210,31.269799423500963
WY_SE,211,28.072297959682828
WY_SE,212,31.06578168311938
WY_SE,213,88.53792689021691
WY_SE,214,84.77798152102314
WY_SE,215,74.32668620989062
WY_SE,216,66.92220613290856
WY_SE,217,87.74811132833334
WY_SE,218,104.4652247874409
WY_SE,219,155.13074417935192
WY_SE,220,104.86111665695192
WY_SE,221,87.56451078109376
WY_SE,222,61.057224036408826
WY_SE,223,39.43179142076405
WY_SE,224,69.63279589301295
WY_SE,225,94.02012385384796
WY_SE,226,91.09675574960178
WY_SE,227,109.86299779317305
WY_SE,228,92.89993804554472
WY_SE,229,49.52102362310372
WY_SE,230,51.151321648304844
WY_SE,231,57.04599863741802
WY_SE,232,104.83138193825125
WY_SE,233,95.31095932237017
WY_SE,234,89.3883537847954
WY_SE,235,67.79307719723451
WY_SE,236,69.22483811323954
WY_SE,237,39.33144291269159
WY_SE,238,87.71634370503008
WY_SE,239,116.00642989474701
WY_SE,240,114.00457820050748
WY_SE,241,103.74009720699867
WY_SE,242,102.7376491924997
WY_SE,243,58.45454877473002
WY_SE,244,11.077036263437543
WY_SE,245,10.655081480199833
WY_SE,246,26.168100991633402
WY_SE,247,31.91575316645806
WY_SE,248,31.17073143132721
WY_SE,249,32.30843112341543
WY_SE,250,25.900850404397474
WY_SE,251,11.188053380548926
WY_SE,252,32.405570842441435
WY_SE,253,38.97593036481928
WY_SE,254,33.131323902288
WY_SE,255,35.70951540730949
WY_SE,256,27.169254147433122
WY_SE,257,25.39527494600821
WY_SE,258,16.232054096639313
WY_SE,259,30.8817237477832
WY_SE,260,47.65166516731375
WY_SE,261,54.467824760685566
WY_SE,262,28.179220156974015
WY_SE,263,26.09090709511597
WY_SE,264,19.35046444653279
WY_SE,265,14.89761348975983
WY_SE,266,25.411166826104505
WY_SE,267,39.30200272545523
WY_SE,268,45.48483595447295
WY_SE,269,28.199512232696865
WY_SE,270,23.637232079437272
WY_SE,271,22.78790698453879
WY_SE,272,12.631990497530179
WY_SE,273,34.688667688599416
WY_SE,274,88.0448049568759
WY_SE,275,155.45125907760837
WY_SE,276,116.08516460960598
WY_SE,277,110.51291428167336
WY_SE,278,50.450521156689085
WY_SE,279,47.21086854807279
WY_SE,280,88.70655392028158
WY_SE,281,109.16294201110397
WY_SE,282,110.18683749197798
WY_SE,283,90.97089605785744
WY_SE,284,110.60584846586127
WY_SE,285,63.882801388262266
WY_SE,286,41.73431298235562
WY_SE,287,61.6343112682446
WY_SE,288,129.5719838594323
WY_SE,289,106.83727955300319
WY_SE,290,104.16555766520152
WY_SE,291,64.52826173089286
WY_SE,292,76.72356684661321
WY_SE,293,39.62135105148683
WY_SE,294,89.32020546611595
WY_SE,295,116.97134455179149
WY_SE,296,166.470631274325
WY_SE,297,113.81059582637337
WY_SE,298,71.9801115283676
WY_SE,299,62.50951925664786
WY_SE,300,57.63394914703504
WY_SE,301,135.05347437076202
WY_SE,302,76.64769002163104
WY_SE,303,153.09757376708637
WY_SE,304,115.30695374737684
WY_SE,305,262.84514746832053
WY_SE,306,228.47930745652113
WY_SE,307,116.70000010004475
WY_SE,308,335.3153610618412
WY_SE,309,454.41546661867784
WY_SE,310,302.07719456059806
WY_SE,311,330.3239648689468
WY_SE,312,213.0338329068044
WY_SE,313,194.60318400846364
WY_SE,314,144.29576781247837
WY_SE,315,331.11816147122835
WY_SE,316,357.6589984916798
WY_SE,317,392.8988314235371
WY_SE,318,348.03170716641256
WY_SE,319,329.17769317031826
WY_SE,320,197.14133469386314
WY_SE,321,125.16641304807878
WY_SE,322,298.22726776640815
WY_SE,323,348.4288033859578
WY_SE,324,362.58014086678367
WY_SE,325,365.8251842060657
WY_SE,326,385.307071671135
WY_SE,327,254.98096427270443
WY_SE,328,165.74955630032693
WY_SE,329,321.2315762459357
WY_SE,330,367.56560784711274
WY_SE,331,277.5507980166
WY_SE,332,107.11815249683926
WY_SE,333,248.29870782575867
WY_SE,334,170.12829059868693
WY_SE,335,27.202165906373207
WY_SE,336,72.7991090270877
WY_SE,337,54.96026932576376
WY_SE,338,55.95834971357647
WY_SE,339,89.8003615559177
WY_SE,340,51.330103044965774
WY_SE,341,27.836518193828024
WY_SE,342,30.69239967213906
WY_SE,343,52.010583011276346
WY_SE,344,89.67496932572209
WY_SE,345,77.92151696852379
WY_SE,346,40.598175483812724
WY_SE,347,45.67278683867964
WY_SE,348,28.40659254160417
WY_SE,349,20.697021906054825
WY_SE,350,42.967752542659795
WY_SE,351,50.894090613759545
WY_SE,352,33.883155336848866
WY_SE,353,28.339629047408522
WY_SE,354,24.467507381571764
WY_SE,355,20.664891122976805
WY_SE,356,12.852204067631021
WY_SE,357,18.584798878793677
WY_SE,358,23.73368107028182
WY_SE,359,9.807603463509675
WY_SE,360,23.385356624115087
WY_SE,361,27.012129191545643
WY_SE,362,19.089732261017577
WY_SE,363,12.741003390102444
WY_SE,364,19.42936106413323
WY_SE,365,25.335724859938388
WY_SW,1,0.024418827700733697
WY_SW,2,0.04303315767267805
WY_SW,3,0.06067792632739487
WY_SW,4,0.057967875185666914
WY_SW,5,0.061066820560223986
WY_SW,6,0.06169491927511031
WY_SW,7,0.026072236580253434
WY_SW,8,0.0665945820467876
WY_SW,9,0.10147110504974252
WY_SW,10,0.06032860062076052
WY_SW,11,0.0897847754930596
WY_SW,12,0.0635106870034647
WY_SW,13,0.024106632874366537
WY_SW,14,0.050303967561171385
WY_SW,15,0.06070067444803788
WY_SW,16,0.031237362796672368
WY_SW,17,0.09618164843021582
WY_SW,18,0.07971054796312566
WY_SW,19,0.05245301141967255
WY_SW,20,0.06280252685976298
WY_SW,21,0.03010170317173743
WY_SW,22,0.04141577926580561
WY_SW,23,0.07942843479306932
WY_SW,24,0.05546192460032196
WY_SW,25,0.13616065085314005
WY_SW,26,0.06500794305566795
WY_SW,27,0.04572893076424018
WY_SW,28,0.08159070824973179
WY_SW,29,0.05451630298470683
WY_SW,30,0.07947827930393164
WY_SW,31,0.04748509817879286
WY_SW,32,0.05749933986525556
WY_SW,33,0.1736433176670366
WY_SW,34,0.043729020052445396
WY_SW,35,0.010910377692268991
WY_SW,36,0.28912469619637915
WY_SW,37,0.2337924531417378
WY_SW,38,0.11500208521844442
WY_SW,39,0.15639206359017538
WY_SW,40,0.1126198714278232
WY_SW,41,0.10317526711883733
WY_SW,42,0.05468304850797712
WY_SW,43,0.11016151412622052
WY_SW,44,0.07972026402486108
WY_SW,45,0.1632128259122152
WY_SW,46,0.1303123892689004
WY_SW,47,0.0878061963514862
WY_SW,48,0.08443815796140573
WY_SW,49,0.0679154850332661
WY_SW,50,0.09055985511334763
WY_SW,51,0.10726753048957052
WY_SW,52,0.08356681579126846
WY_SW,53,0.1330956500671094
WY_SW,54,0.10195336531802196
WY_SW,55,0.0474694625538501
WY_SW,56,0.019798710246849278
WY_SW,57,0.12556723388927704
WY_SW,58,0.19459182483730214
WY_SW,59,0.12294111648607016
WY_SW,60,0.08887501873006282
WY_SW,61,0.06283491629991769
WY_SW,62,0.011192500563136124
WY_SW,63,0.050318413597605555
WY_SW,64,0.07208736136021344
WY_SW,65,0.03586803454674635
WY_SW,66,0.10357311283148918
WY_SW,67,0.03944362388506603
WY_SW,68,0.04708360847904695
WY_SW,69,0.012227742313713071
WY_SW,70,0.04385784525895873
WY_SW,71,0.1080808110585984
WY_SW,72,0.07405733527216868
WY_SW,73,0.006680995190777067
WY_SW,74,0.028996431691037446
WY_SW,75,0.030725097327058713
WY_SW,76,0.025681260076534818
WY_SW,77,0.035600878516899456
WY_SW,78,0.03343381654038517
WY_SW,79,0.06089470607617223
WY_SW,80,0.09817144301339369
WY_SW,81,0.05038530031305902
WY_SW,82,0.048828529873011305
WY_SW,83,0.01912052107794478
WY_SW,84,0.060777909566963315
WY_SW,85,0.07438344969621918
WY_SW,86,0.054723204884610466
WY_SW,87,0.08831189057699032
WY_SW,88,0.07457236173124755
WY_SW,89,0.05128980929389278
WY_SW,90,0.013909085440995244
WY_SW,91,0.573163854888875
WY_SW,92,0.6861781831468005
WY_SW,93,1.2063413542523187
WY_SW,94,0.5686532302737386
WY_SW,95,0.6654144773019783
WY_SW,96,0.34792731887996664
WY_SW,97,0.24552381686736124
WY_SW,98,0.8881978860160971
WY_SW,99,0.4077189487230015
WY_SW,100,0.9253724527460191
WY_SW,101,0.676436593604076
WY_SW,102,0.8029458604099688
WY_SW,103,0.4718035958392455
WY_SW,104,0.14339846495868427
WY_SW,105,1.0641793659281809
WY_SW,106,0.5826330814733987
WY_SW,107,0.66427152794648
WY_SW,108,1.2847476181984476
WY_SW,109,0.8493193282157944
WY_SW,110,0.30875325241106155
WY_SW,111,0.12894576970856408
WY_SW,112,0.8334656739322559
WY_SW,113,0.912482687878703
WY_SW,114,0.8951746935810972
WY_SW,115,1.0788520868014757
WY_SW,116,1.2726080670157907
WY_SW,117,0.9393035571322932
WY_SW,118,0.24234109254163697
WY_SW,119,0.8506042243275329
WY_SW,120,0.6837849702926309
WY_SW,121,0.5718890792248722
WY_SW,122,0.5900643763260841
WY_SW,123,0.9811406311377258
WY_SW,124,0.21240747028889173
WY_SW,125,0.2118835556919631
WY_SW,126,0.6463530861552327
WY_SW,127,0.24161439957326042
WY_SW,128,0.508232570974299
WY_SW,129,0.46115333320410057
WY_SW,130,0.5457354205554417
WY_SW,131,0.28310348331198304
WY_SW,132,0.12491037839869491
WY_SW,133,0.3013801861283791
WY_SW,134,0.5504565766259875
WY_SW,135,0.43639480360383753
WY_SW,136,0.6141734596920396
WY_SW,137,0.73508144535866
WY_SW,138,0.18066245501761108
WY_SW,139,0.11445621982532657
WY_SW,140,0.386019724648698
WY_SW,141,0.5608464550833244
WY_SW,142,0.3521389078656904
WY_SW,143,0.33357082939285165
WY_SW,144,0.46533073661319
WY_SW,145,0.2311796009401798
WY_SW,146,0.18562400549465072
WY_SW,147,0.16300518743438003
WY_SW,148,0.4716306210080754
WY_SW,149,0.212074598512947
WY_SW,150,0.6968380746753432
WY_SW,151,0.5305050389195134
WY_SW,152,0.2640875819374115
WY_SW,153,0.2241480382828881
WY_SW,154,0.9846721278559002
WY_SW,155,0.806293257976598
WY_SW,156,0.5242790707948224
WY_SW,157,0.6772826266675264
WY_SW,158,0.45943743265382997
WY_SW,159,0.2995347872770133
WY_SW,160,0.25212897175924043
WY_SW,161,0.4019690216180328
WY_SW,162,0.6133761605878446
WY_SW,163,0.33190635744569075
WY_SW,164,0.6533145439784456
WY_SW,165,0.2709020335126771
WY_SW,166,0.17104160461291612
WY_SW,167,0.1691347310826983
WY_SW,168,0.4157244846457424
WY_SW,169,0.7199982407301173
WY_SW,170,0.4305032558306223
WY_SW,171,0.9447724244038067
WY_SW,172,0.4575272277372553
WY_SW,173,0.1642549160477517
WY_SW,174,0.23529113693003958
WY_SW,175,0.6670096883339438
WY_SW,176,0.41597946057177015
WY_SW,177,0.37408912771512653
WY_SW,178,0.3802425274921327
WY_SW,179,0.3575322659463913
WY_SW,180,0.2299154615777824
WY_SW,181,0.10592826557328608
WY_SW,182,0.1366824866645788
WY_SW,183,0.10761995863669568
WY_SW,184,0.1025424111738917
WY_SW,185,0.04317749144543308
WY_SW,186,0.07847191589502153
WY_SW,187,0.043615609236075645
WY_SW,188,0.03347237633469324
WY_SW,189,0.18018944000390894
WY_SW,190,0.11107080674518088
WY_SW,191,0.07401535425541744
WY_SW,192,0.15803859158899217
WY_SW,193,0.12395512768772496
WY_SW,194,0.05713551125060205
WY_SW,195,0.059151812625799535
WY_SW,196,0.1279443066639666
WY_SW,197,0.23247351753901013
WY_SW,198,0.21069360875073162
WY_SW,199,0.1287426978601681
WY_SW,200,0.13105157324551636
WY_SW,201,0.1408584865314288
WY_SW,202,0.1338630936777894
WY_SW,203,0.13603062651355352
WY_SW,204,0.11132714080281995
WY_SW,205,0.12278249806337306
WY_SW,206,0.1383184634353594
WY_SW,207,0.14382651111999373
WY_SW,208,0.06608654162839399
WY_SW,209,0.057688350430576886
WY_SW,210,0.1566753080680582
WY_SW,211,0.10885089785064847
WY_SW,212,0.18590318457079552
WY_SW,213,0.36664219789100394
WY_SW,214,0.3510973529346069
WY_SW,215,0.18722477335369436
WY_SW,216,0.14166160640489858
WY_SW,217,0.23182876476625158
WY_SW,218,0.19746569875905184
WY_SW,219,0.48802643607568896
WY_SW,220,0.3838432775819362
WY_SW,221,0.33375947529090777
WY_SW,222,0.14351496599151367
WY_SW,223,0.09626338064994928
WY_SW,224,0.36817290129661123
WY_SW,225,0.18409777861010368
WY_SW,226,0.3936612589704351
WY_SW,227,0.20733320686110873
WY_SW,228,0.35709823464571877
WY_SW,229,0.09245824374154053
WY_SW,230,0.16933724237045408
WY_SW,231,0.26338045178102865
WY_SW,232,0.164206803115013
WY_SW,233,0.2101025875462179
WY_SW,234,0.3025800338091601
WY_SW,235,0.2869309258277463
WY_SW,236,0.1929001893737468
WY_SW,237,0.08925109669209298
WY_SW,238,0.3972663031643223
WY_SW,239,0.29640095778174613
WY_SW,240,0.2680556913725428
WY_SW,241,0.33774040414793405
WY_SW,242,0.31056723870804465
WY_SW,243,0.20631772853401253
WY_SW,244,0.14193302876969605
WY_SW,245,0.13786631790889817
WY_SW,246,0.18640348432468948
WY_SW,247,0.2709156441102763
WY_SW,248,0.3110138511399053
WY_SW,249,0.4178080215709304
WY_SW,250,0.19375067305504884
WY_SW,251,0.11930425204243715
WY_SW,252,0.4181774164305745
WY_SW,253,0.44294672467462676
WY_SW,254,0.27926205618946337
WY_SW,255,0.391070471148848
WY_SW,256,0.2637247433279921
WY_SW,257,0.13496798054122777
WY_SW,258,0.1443919727774592
WY_SW,259,0.43769419912517266
WY_SW,260,0.4243929315129508
WY_SW,261,0.4688141074283044
WY_SW,262,0.39952215025132864
WY_SW,263,0.18483543671439043
WY_SW,264,0.18398370030174077
WY_SW,265,0.1752418841906578
WY_SW,266,0.2839681018373733
WY_SW,267,0.33504964191486897
WY_SW,268,0.47094434322048284
WY_SW,269,0.3641192687860652
WY_SW,270,0.2658795753053544
WY_SW,271,0.12870627513641159
WY_SW,272,0.17207670844995765
WY_SW,273,0.36005118465034097
WY_SW,274,0.5785519821270035
WY_SW,275,0.8288352301087397
WY_SW,276,0.8328069710473065
WY_SW,277,0.8917399650589126
WY_SW,278,0.300414550200873
WY_SW,279,0.47477666618663394
WY_SW,280,0.8120342634446076
WY_SW,281,0.660635175948294
WY_SW,282,0.6943818606526457
WY_SW,283,0.7642701486391992
WY_SW,284,0.6002210044338425
WY_SW,285,0.35598944668767174
WY_SW,286,0.24159966246857995
WY_SW,287,0.543590533045224
WY_SW,288,0.6274703872254732
WY_SW,289,0.5360366461306827
WY_SW,290,1.0036686886292339
WY_SW,291,0.4241544563432454
WY_SW,292,0.3067347330218318
WY_SW,293,0.4124757202141973
WY_SW,294,0.9368987820182463
WY_SW,295,0.9060357377473038
WY_SW,296,0.6562793803650265
WY_SW,297,0.5963654942461364
WY_SW,298,0.5675634184904005
WY_SW,299,0.2949367040009496
WY_SW,300,0.29148121821708184
WY_SW,301,1.1326690807986837
WY_SW,302,0.6420264806415523
WY_SW,303,1.1840140358339337
WY_SW,304,0.8429190111460478
WY_SW,305,2.9204056561236436
WY_SW,306,3.046201860617241
WY_SW,307,0.8056453489853244
WY_SW,308,3.4241954322102846
WY_SW,309,4.089072162748458
WY_SW,310,1.892721511964578
WY_SW,311,2.078957771904284
WY_SW,312,1.800915302871161
WY_SW,313,1.4913993019025895
WY_SW,314,1.208025275091648
WY_SW,315,2.078189819805534
WY_SW,316,2.3390056014513263
WY_SW,317,3.0167003874796854
WY_SW,318,2.3685002252180944
WY_SW,319,1.7193508895787628
WY_SW,320,1.7691651859050248
WY_SW,321,0.7829459302293931
WY_SW,322,3.9176161018638944
WY_SW,323,2.6997007351659494
WY_SW,324,1.899737389993206
WY_SW,325,3.3166810352026683
WY_SW,326,2.266519592433582
WY_SW,327,2.58693015683191
WY_SW,328,1.1721543675300852
WY_SW,329,2.31094624637977
WY_SW,330,1.7097819406270123
WY_SW,331,1.4553026128412072
WY_SW,332,0.30146639011855675
WY_SW,333,1.78973313282914
WY_SW,334,1.5193325073577326
WY_SW,335,0.15222304275851245
WY_SW,336,0.6029436711681918
WY_SW,337,0.30755127056295406
WY_SW,338,0.59400732222497
WY_SW,339,0.6707292212890938
WY_SW,340,0.36898626590726374
WY_SW,341,0.2500888007750409
WY_SW,342,0.19139952290807888
WY_SW,343,0.3394240904936266
WY_SW,344,0.38599609368613114
WY_SW,345,0.4890859374854236
WY_SW,346,0.30288520475580855
WY_SW,347,0.3407727993259672
WY_SW,348,0.18701059330560563
WY_SW,349,0.1925432774822311
WY_SW,350,0.6756761363249558
WY_SW,351,0.3941226577071241
WY_SW,352,0.27994199796405617
WY_SW,353,0.3333331489411662
WY_SW,354,0.3162316189550787
WY_SW,355,0.15391371579590174
WY_SW,356,0.13354894967846304
WY_SW,357,0.1941924499168544
WY_SW,358,0.2505180047937948
WY_SW,359,0.18879576802308332
WY_SW,360,0.18272287820493194
WY_SW,361,0.28818391941558874
WY_SW,362,0.2392096650376751
WY_SW,363,0.15600657651337546
WY_SW,364,0.19035525122891722
WY_SW,365,0.3476859505039392
