LOAD_AREA,h2_daily_ts,zone_demand_mwh_h2
AZ_APS_E,1,2.449217491841685e-05
AZ_APS_E,2,1.8714226009752194e-05
AZ_APS_E,3,1.5138336617863193e-05
AZ_APS_E,4,2.3335216215604478e-05
AZ_APS_E,5,2.3181135726844623e-05
AZ_APS_E,6,1.8531290920055935e-05
AZ_APS_E,7,3.663978595338128e-06
AZ_APS_E,8,1.926619486621057e-05
AZ_APS_E,9,2.3484272916316676e-05
AZ_APS_E,10,1.2591424794187683e-05
AZ_APS_E,11,3.9503832227781655e-09
AZ_APS_E,12,1.5915008945913294e-05
AZ_APS_E,13,7.320098793671342e-06
AZ_APS_E,14,1.4524022410879532e-05
AZ_APS_E,15,1.9078374358748854e-05
AZ_APS_E,16,2.0624018130345767e-05
AZ_APS_E,17,2.919072588498682e-05
AZ_APS_E,18,2.875355061041251e-05
AZ_APS_E,19,2.3433687356372077e-05
AZ_APS_E,20,2.1792015954259795e-05
AZ_APS_E,21,2.8836340028329166e-05
AZ_APS_E,22,3.2962975852663224e-05
AZ_APS_E,23,1.187223886641788e-05
AZ_APS_E,24,4.297269347284257e-05
AZ_APS_E,25,4.6317689547911484e-05
AZ_APS_E,26,2.4396613027236848e-05
AZ_APS_E,27,1.5441045588392314e-05
AZ_APS_E,28,2.0471764288388976e-05
AZ_APS_E,29,2.038058510285365e-05
AZ_APS_E,30,2.4819223702327547e-05
AZ_APS_E,31,2.5491057950948623e-05
AZ_APS_E,32,0.00010323883310325441
AZ_APS_E,33,4.71901840982275e-05
AZ_APS_E,34,9.108315848479711e-05
AZ_APS_E,35,0.00013798512544150115
AZ_APS_E,36,8.467349164116321e-05
AZ_APS_E,37,6.4202577345882e-05
AZ_APS_E,38,1.663868712739339e-05
AZ_APS_E,39,1.0494398944030752e-06
AZ_APS_E,40,5.0670439250207334e-05
AZ_APS_E,41,0.0001422143548596876
AZ_APS_E,42,7.981579038805745e-05
AZ_APS_E,43,9.30425361240246e-05
AZ_APS_E,44,8.407536325398162e-05
AZ_APS_E,45,8.532615137167748e-05
AZ_APS_E,46,4.978805230036324e-05
AZ_APS_E,47,0.00011486923445802427
AZ_APS_E,48,4.309551704796442e-05
AZ_APS_E,49,9.014475490019584e-05
AZ_APS_E,50,9.658317597322526e-05
AZ_APS_E,51,0.00014977295837689662
AZ_APS_E,52,0.00010122481405485841
AZ_APS_E,53,0.00011841203209514402
AZ_APS_E,54,8.073429538597492e-05
AZ_APS_E,55,4.427937759894128e-05
AZ_APS_E,56,7.964305522569835e-05
AZ_APS_E,57,6.595370743859026e-05
AZ_APS_E,58,4.8450936028925415e-05
AZ_APS_E,59,7.946270034181933e-05
AZ_APS_E,60,1.1162451954518292e-05
AZ_APS_E,61,5.094395883920576e-06
AZ_APS_E,62,5.450621848206793e-06
AZ_APS_E,63,1.9920493266204804e-05
AZ_APS_E,64,1.1003981201534793e-05
AZ_APS_E,65,9.023394809248569e-06
AZ_APS_E,66,2.2170051139679154e-05
AZ_APS_E,67,3.0762551443272957e-05
AZ_APS_E,68,1.7593450565657174e-05
AZ_APS_E,69,1.381693083194152e-05
AZ_APS_E,70,2.197268846064616e-05
AZ_APS_E,71,1.6614652308667917e-05
AZ_APS_E,72,1.708392658686307e-05
AZ_APS_E,73,2.241930224802437e-05
AZ_APS_E,74,2.7237553839259325e-06
AZ_APS_E,75,1.7497961703514596e-05
AZ_APS_E,76,1.3039536071277976e-05
AZ_APS_E,77,1.1160602590479512e-05
AZ_APS_E,78,1.1430072087266351e-05
AZ_APS_E,79,1.3867298361784084e-05
AZ_APS_E,80,1.111277895417073e-05
AZ_APS_E,81,1.634405928276795e-05
AZ_APS_E,82,5.031016615091693e-06
AZ_APS_E,83,7.957898490878915e-06
AZ_APS_E,84,5.535797985973399e-06
AZ_APS_E,85,8.327875423641784e-06
AZ_APS_E,86,8.464456566332537e-06
AZ_APS_E,87,8.35541966145148e-06
AZ_APS_E,88,5.331729656916322e-06
AZ_APS_E,89,2.4904283942227766e-06
AZ_APS_E,90,4.79890738447752e-06
AZ_APS_E,91,1.2486085942597467e-05
AZ_APS_E,92,1.2301834626200326e-05
AZ_APS_E,93,2.3993966539414516e-06
AZ_APS_E,94,7.480246103227296e-06
AZ_APS_E,95,4.704430024616889e-06
AZ_APS_E,96,1.7748547296135095e-05
AZ_APS_E,97,7.121626157242379e-06
AZ_APS_E,98,1.909673460870539e-05
AZ_APS_E,99,1.2411626198677852e-05
AZ_APS_E,100,9.776962834153887e-06
AZ_APS_E,101,2.0151815587480236e-05
AZ_APS_E,102,4.6358212024059255e-06
AZ_APS_E,103,1.2964695948192037e-05
AZ_APS_E,104,1.1382371913043958e-05
AZ_APS_E,105,1.251289021102284e-05
AZ_APS_E,106,1.2532222047271047e-05
AZ_APS_E,107,7.475360877142266e-06
AZ_APS_E,108,1.532242419953454e-05
AZ_APS_E,109,9.751239602467289e-06
AZ_APS_E,110,6.501589019713085e-06
AZ_APS_E,111,1.3918789424546765e-05
AZ_APS_E,112,4.777114371334711e-06
AZ_APS_E,113,7.695237832473579e-06
AZ_APS_E,114,2.434834562127707e-06
AZ_APS_E,115,2.250779185748575e-05
AZ_APS_E,116,1.2127660764987274e-05
AZ_APS_E,117,1.061807780436322e-05
AZ_APS_E,118,1.4215250327391345e-05
AZ_APS_E,119,9.581734181790521e-06
AZ_APS_E,120,4.976017564453853e-06
AZ_APS_E,121,1.0886467282285508e-05
AZ_APS_E,122,1.1208528072755173e-05
AZ_APS_E,123,1.5916830225882195e-05
AZ_APS_E,124,9.64654138998787e-06
AZ_APS_E,125,4.963260012180914e-06
AZ_APS_E,126,7.550058522152297e-06
AZ_APS_E,127,7.727717010246614e-06
AZ_APS_E,128,5.29738611285444e-06
AZ_APS_E,129,1.6633769175210034e-05
AZ_APS_E,130,2.708619656231051e-06
AZ_APS_E,131,1.2098182393266824e-05
AZ_APS_E,132,4.814279211140133e-06
AZ_APS_E,133,2.6765336722693555e-06
AZ_APS_E,134,1.615741124787749e-05
AZ_APS_E,135,5.268664674017187e-06
AZ_APS_E,136,2.763230470964575e-06
AZ_APS_E,137,1.595532340388077e-05
AZ_APS_E,138,4.9230843346799545e-06
AZ_APS_E,139,5.046361209728e-06
AZ_APS_E,140,5.374655816353896e-06
AZ_APS_E,141,7.896627975846608e-06
AZ_APS_E,142,1.3524165794733648e-05
AZ_APS_E,143,8.252778569820192e-06
AZ_APS_E,144,1.0374791937325348e-05
AZ_APS_E,145,7.098156454993414e-06
AZ_APS_E,146,9.254124413162737e-06
AZ_APS_E,147,7.234228094207832e-06
AZ_APS_E,148,8.010475575315353e-06
AZ_APS_E,149,7.858109439600567e-06
AZ_APS_E,150,1.3346146032823624e-05
AZ_APS_E,151,1.0190538953030288e-05
AZ_APS_E,152,3.733075710441367e-06
AZ_APS_E,153,2.6770275333250288e-06
AZ_APS_E,154,2.4172796036508464e-07
AZ_APS_E,155,4.799707875904523e-07
AZ_APS_E,156,1.8016236309300943e-06
AZ_APS_E,157,1.3502823224068274e-06
AZ_APS_E,158,6.702220315414074e-06
AZ_APS_E,159,4.929665940011142e-06
AZ_APS_E,160,1.0258511377231383e-05
AZ_APS_E,161,2.8302076313633736e-06
AZ_APS_E,162,2.59791452943096e-06
AZ_APS_E,163,1.5796950684851047e-06
AZ_APS_E,164,8.247372660668865e-06
AZ_APS_E,165,9.104200941765312e-06
AZ_APS_E,166,1.4073736680019302e-06
AZ_APS_E,167,4.544506951564496e-06
AZ_APS_E,168,3.1093484478384933e-06
AZ_APS_E,169,4.168488020139149e-06
AZ_APS_E,170,5.118676141931581e-06
AZ_APS_E,171,4.192631016009988e-06
AZ_APS_E,172,6.666228149336931e-06
AZ_APS_E,173,1.1498363272997327e-06
AZ_APS_E,174,3.867054724283749e-06
AZ_APS_E,175,1.173976250638899e-05
AZ_APS_E,176,3.840309385461649e-06
AZ_APS_E,177,3.011124609298419e-06
AZ_APS_E,178,5.726556184856657e-06
AZ_APS_E,179,9.337939564337715e-06
AZ_APS_E,180,8.42452062837123e-06
AZ_APS_E,181,4.6722073242946385e-06
AZ_APS_E,182,6.596843629216814e-07
AZ_APS_E,183,1.2953938438157236e-06
AZ_APS_E,184,1.2795452268710981e-06
AZ_APS_E,185,2.880613973246485e-07
AZ_APS_E,186,8.571458544433535e-07
AZ_APS_E,187,5.719762109698845e-07
AZ_APS_E,188,8.955950822601344e-07
AZ_APS_E,189,6.527280519835132e-07
AZ_APS_E,190,8.044601270371371e-07
AZ_APS_E,191,4.780527293413672e-07
AZ_APS_E,192,9.967969103484072e-07
AZ_APS_E,193,8.014267142129481e-07
AZ_APS_E,194,2.853546823048506e-07
AZ_APS_E,195,6.080462073156641e-07
AZ_APS_E,196,6.566788764084293e-07
AZ_APS_E,197,1.156951142526898e-06
AZ_APS_E,198,1.691933405203264e-07
AZ_APS_E,199,8.378110914648882e-07
AZ_APS_E,200,4.797316297065127e-07
AZ_APS_E,201,5.894181583275057e-07
AZ_APS_E,202,2.947000146897972e-07
AZ_APS_E,203,1.4670595886102939e-06
AZ_APS_E,204,1.006878549054565e-06
AZ_APS_E,205,3.3260453509667085e-07
AZ_APS_E,206,4.872352994594198e-07
AZ_APS_E,207,8.328611397445909e-07
AZ_APS_E,208,2.939465315041972e-07
AZ_APS_E,209,1.4616179644864229e-07
AZ_APS_E,210,7.620863621919816e-07
AZ_APS_E,211,9.881409182355756e-07
AZ_APS_E,212,6.680866968345722e-07
AZ_APS_E,213,1.1966758439436792e-06
AZ_APS_E,214,4.812472985124631e-07
AZ_APS_E,215,1.4687652300254453e-07
AZ_APS_E,216,6.002231662578744e-07
AZ_APS_E,217,3.2447091003341403e-07
AZ_APS_E,218,6.648319408638823e-07
AZ_APS_E,219,5.092849644789951e-07
AZ_APS_E,220,1.6383012608106482e-07
AZ_APS_E,221,4.932491944959751e-07
AZ_APS_E,222,7.524562906863173e-07
AZ_APS_E,223,1.1959258814979747e-06
AZ_APS_E,224,3.2766987838066e-07
AZ_APS_E,225,8.51323609513964e-07
AZ_APS_E,226,1.6914129123483543e-07
AZ_APS_E,227,1.6433504296039075e-07
AZ_APS_E,228,0.0
AZ_APS_E,229,2.987031286162997e-07
AZ_APS_E,230,6.056684718981238e-07
AZ_APS_E,231,6.501402794807785e-07
AZ_APS_E,232,6.50005842516248e-07
AZ_APS_E,233,1.3423047150975048e-06
AZ_APS_E,234,1.3761385972948826e-06
AZ_APS_E,235,4.96722533201123e-07
AZ_APS_E,236,7.298627864330307e-07
AZ_APS_E,237,7.548495658296989e-07
AZ_APS_E,238,4.928482771349382e-07
AZ_APS_E,239,5.051948561764263e-07
AZ_APS_E,240,1.76440110974422e-06
AZ_APS_E,241,8.309483390127707e-07
AZ_APS_E,242,9.341470602702484e-07
AZ_APS_E,243,2.880814639194277e-07
AZ_APS_E,244,6.540862576918861e-07
AZ_APS_E,245,6.726119039896494e-07
AZ_APS_E,246,3.204945947496831e-07
AZ_APS_E,247,3.150781469881744e-07
AZ_APS_E,248,6.31148438533044e-07
AZ_APS_E,249,6.028097473115709e-07
AZ_APS_E,250,2.8904081528580315e-07
AZ_APS_E,251,9.641706391562476e-08
AZ_APS_E,252,4.0605116314888017e-07
AZ_APS_E,253,6.242889343240355e-07
AZ_APS_E,254,5.438366626236567e-07
AZ_APS_E,255,4.1392906018943795e-07
AZ_APS_E,256,4.06339215238777e-07
AZ_APS_E,257,5.895772676278394e-07
AZ_APS_E,258,6.869337960982405e-07
AZ_APS_E,259,5.240187036188448e-07
AZ_APS_E,260,7.503622051783257e-07
AZ_APS_E,261,6.451450477630742e-07
AZ_APS_E,262,2.1142267385755527e-07
AZ_APS_E,263,7.153606489713271e-07
AZ_APS_E,264,8.656119353915149e-07
AZ_APS_E,265,3.8721417757890085e-07
AZ_APS_E,266,6.20168222192291e-07
AZ_APS_E,267,8.688837649345717e-07
AZ_APS_E,268,5.571595745395596e-07
AZ_APS_E,269,5.389333740150575e-07
AZ_APS_E,270,4.1416490716146805e-07
AZ_APS_E,271,1.8639029068445388e-07
AZ_APS_E,272,4.942605897080474e-07
AZ_APS_E,273,2.0504439051251153e-07
AZ_APS_E,274,1.2065513277694878e-05
AZ_APS_E,275,2.4902774900990427e-05
AZ_APS_E,276,2.2205232547022656e-05
AZ_APS_E,277,1.8697271429731438e-05
AZ_APS_E,278,1.1302955156179743e-05
AZ_APS_E,279,1.177176117795437e-05
AZ_APS_E,280,2.3676230103020807e-05
AZ_APS_E,281,1.9516954644056986e-05
AZ_APS_E,282,9.68613464605344e-06
AZ_APS_E,283,1.7505088273674394e-05
AZ_APS_E,284,9.47301073000908e-06
AZ_APS_E,285,8.839969546208734e-06
AZ_APS_E,286,1.1683432502723282e-05
AZ_APS_E,287,1.5599149954605947e-05
AZ_APS_E,288,1.2162550002452099e-05
AZ_APS_E,289,7.376053877576393e-06
AZ_APS_E,290,9.465065140057331e-06
AZ_APS_E,291,9.339328027095543e-06
AZ_APS_E,292,1.123130806820925e-05
AZ_APS_E,293,1.3702758377862367e-05
AZ_APS_E,294,1.2057110443707661e-05
AZ_APS_E,295,1.7098289219714158e-05
AZ_APS_E,296,7.425615576009558e-06
AZ_APS_E,297,1.7706669939318908e-05
AZ_APS_E,298,9.821329540839693e-06
AZ_APS_E,299,0.0
AZ_APS_E,300,7.29339681099379e-06
AZ_APS_E,301,9.757105704319809e-06
AZ_APS_E,302,2.029380608846646e-05
AZ_APS_E,303,1.5402272493625414e-05
AZ_APS_E,304,2.013976320734056e-05
AZ_APS_E,305,7.615388062927434e-06
AZ_APS_E,306,7.366540510472226e-06
AZ_APS_E,307,1.5213993018583516e-05
AZ_APS_E,308,1.384772590846001e-05
AZ_APS_E,309,5.662079230169337e-06
AZ_APS_E,310,1.4421371408811722e-05
AZ_APS_E,311,1.114850129881556e-05
AZ_APS_E,312,1.1244082682160661e-05
AZ_APS_E,313,5.037779353209257e-06
AZ_APS_E,314,1.0433308151054332e-05
AZ_APS_E,315,1.0049469950954635e-05
AZ_APS_E,316,1.1300972434862454e-05
AZ_APS_E,317,8.233775558478442e-06
AZ_APS_E,318,1.0806193017310596e-05
AZ_APS_E,319,7.815200065141883e-06
AZ_APS_E,320,2.5920475487082415e-06
AZ_APS_E,321,1.246016614994518e-05
AZ_APS_E,322,7.784626306012517e-06
AZ_APS_E,323,8.082077594883821e-06
AZ_APS_E,324,5.569860642957593e-06
AZ_APS_E,325,1.1090310414086863e-05
AZ_APS_E,326,7.921307187281594e-06
AZ_APS_E,327,7.394206989021669e-06
AZ_APS_E,328,1.0125506090929723e-05
AZ_APS_E,329,1.3238909278939267e-05
AZ_APS_E,330,8.406514251029918e-06
AZ_APS_E,331,1.0454758209559018e-05
AZ_APS_E,332,4.672396002503766e-06
AZ_APS_E,333,4.928753343741002e-06
AZ_APS_E,334,1.0252019355530963e-05
AZ_APS_E,335,9.590135354777196e-06
AZ_APS_E,336,6.956290446381922e-06
AZ_APS_E,337,1.1854920151988118e-05
AZ_APS_E,338,4.872441503319912e-06
AZ_APS_E,339,7.0813893271629035e-06
AZ_APS_E,340,1.3697854754641667e-05
AZ_APS_E,341,6.596859469770964e-06
AZ_APS_E,342,8.743140149227677e-06
AZ_APS_E,343,6.974327175053403e-06
AZ_APS_E,344,1.4286046611471722e-05
AZ_APS_E,345,4.819725988890664e-06
AZ_APS_E,346,9.59293050215768e-06
AZ_APS_E,347,9.165748346470427e-06
AZ_APS_E,348,8.920530426501605e-06
AZ_APS_E,349,6.384510680695043e-06
AZ_APS_E,350,7.112101828856075e-06
AZ_APS_E,351,4.814700640630193e-06
AZ_APS_E,352,1.160953861196416e-05
AZ_APS_E,353,1.6144554071809592e-05
AZ_APS_E,354,1.1417902602064685e-05
AZ_APS_E,355,8.573352307083313e-06
AZ_APS_E,356,8.584611123121066e-06
AZ_APS_E,357,1.0697168439302065e-05
AZ_APS_E,358,4.193294782266484e-06
AZ_APS_E,359,0.0
AZ_APS_E,360,4.392006853146588e-06
AZ_APS_E,361,1.1669694864701104e-05
AZ_APS_E,362,4.369534822080458e-06
AZ_APS_E,363,1.074004565748166e-05
AZ_APS_E,364,6.586093900487836e-06
AZ_APS_E,365,6.545446188036433e-06
AZ_APS_N,1,0.0023286920968663798
AZ_APS_N,2,0.0023245487906437597
AZ_APS_N,3,0.004545208481273974
AZ_APS_N,4,0.0035053297289240047
AZ_APS_N,5,0.003954841732378718
AZ_APS_N,6,0.0038661131713614767
AZ_APS_N,7,0.0019118932425267485
AZ_APS_N,8,0.0035027478878469245
AZ_APS_N,9,0.0030617309182968157
AZ_APS_N,10,0.0036366687991160386
AZ_APS_N,11,0.0021660745905820295
AZ_APS_N,12,0.003686044211909269
AZ_APS_N,13,0.003251700586722239
AZ_APS_N,14,0.004018110835441872
AZ_APS_N,15,0.003902339082518528
AZ_APS_N,16,0.0023920354766847046
AZ_APS_N,17,0.004380420808765319
AZ_APS_N,18,0.004481911741629835
AZ_APS_N,19,0.0026803623218372642
AZ_APS_N,20,0.00278473527043327
AZ_APS_N,21,0.0027340265697087763
AZ_APS_N,22,0.00424326379833925
AZ_APS_N,23,0.002071894862623352
AZ_APS_N,24,0.0036991426449936833
AZ_APS_N,25,0.0033513768052921087
AZ_APS_N,26,0.0037966643962968703
AZ_APS_N,27,0.0026633336808657257
AZ_APS_N,28,0.0036369728040294216
AZ_APS_N,29,0.002217269970026783
AZ_APS_N,30,0.0037184211304075033
AZ_APS_N,31,0.004719021801240164
AZ_APS_N,32,0.0031430503957031878
AZ_APS_N,33,0.00134337351458398
AZ_APS_N,34,0.001576803909407549
AZ_APS_N,35,0.0018058237764696416
AZ_APS_N,36,0.002848969725843204
AZ_APS_N,37,0.0022083419602279063
AZ_APS_N,38,0.0017310345211598653
AZ_APS_N,39,0.0008765410397880902
AZ_APS_N,40,0.0022338858530491024
AZ_APS_N,41,0.0013635847332839875
AZ_APS_N,42,0.0021298778751032547
AZ_APS_N,43,0.003867647763586066
AZ_APS_N,44,0.002432628128524384
AZ_APS_N,45,0.0026977106714047355
AZ_APS_N,46,0.0030411375065249593
AZ_APS_N,47,0.0019993010990620513
AZ_APS_N,48,0.0025464303919565962
AZ_APS_N,49,0.0025154074213959952
AZ_APS_N,50,0.00433366718281868
AZ_APS_N,51,0.003307156450209223
AZ_APS_N,52,0.0036371818392071237
AZ_APS_N,53,0.004793545219216764
AZ_APS_N,54,0.002801509746489376
AZ_APS_N,55,0.0018573252324697663
AZ_APS_N,56,0.0032449430802905773
AZ_APS_N,57,0.0023775691710135496
AZ_APS_N,58,0.0019078728104475824
AZ_APS_N,59,0.0028917322585301853
AZ_APS_N,60,0.0034761511020142528
AZ_APS_N,61,0.0022771753991211105
AZ_APS_N,62,0.0018029220249706727
AZ_APS_N,63,0.0039092109862527485
AZ_APS_N,64,0.0029158668518994247
AZ_APS_N,65,0.00287773500715684
AZ_APS_N,66,0.0030228889470138493
AZ_APS_N,67,0.00410127352688407
AZ_APS_N,68,0.0024334340735537
AZ_APS_N,69,0.002853601604454212
AZ_APS_N,70,0.002084964433457343
AZ_APS_N,71,0.0022693521132730863
AZ_APS_N,72,0.003328956355287339
AZ_APS_N,73,0.0037654564015853916
AZ_APS_N,74,0.0013558781077163738
AZ_APS_N,75,0.0030497401502545787
AZ_APS_N,76,0.0026924637713056985
AZ_APS_N,77,0.0020330918448385796
AZ_APS_N,78,0.0033228869186416495
AZ_APS_N,79,0.0035758006243603244
AZ_APS_N,80,0.003539633287923103
AZ_APS_N,81,0.0030191137574617057
AZ_APS_N,82,0.0032516135619144373
AZ_APS_N,83,0.002713115992228071
AZ_APS_N,84,0.0034004223868330254
AZ_APS_N,85,0.002963669643150584
AZ_APS_N,86,0.003683753019697652
AZ_APS_N,87,0.0033040144751833368
AZ_APS_N,88,0.0034648170166213803
AZ_APS_N,89,0.003108492652322909
AZ_APS_N,90,0.0016864633489891982
AZ_APS_N,91,0.009937755100156232
AZ_APS_N,92,0.009846035193409512
AZ_APS_N,93,0.007487521991587672
AZ_APS_N,94,0.006552186186633719
AZ_APS_N,95,0.006029712405143719
AZ_APS_N,96,0.008959687769251322
AZ_APS_N,97,0.009726406676782378
AZ_APS_N,98,0.005747391131514123
AZ_APS_N,99,0.008748759459661649
AZ_APS_N,100,0.010223115359280641
AZ_APS_N,101,0.019737980824900938
AZ_APS_N,102,0.008640080726964308
AZ_APS_N,103,0.008105759907829057
AZ_APS_N,104,0.010474680749502537
AZ_APS_N,105,0.01150662263925036
AZ_APS_N,106,0.011669330943327103
AZ_APS_N,107,0.007755364010126867
AZ_APS_N,108,0.016684271584340982
AZ_APS_N,109,0.009322436977655833
AZ_APS_N,110,0.008529952722099566
AZ_APS_N,111,0.011251675119317265
AZ_APS_N,112,0.010836163055299853
AZ_APS_N,113,0.011218900208181793
AZ_APS_N,114,0.012282854217460174
AZ_APS_N,115,0.013264227330183117
AZ_APS_N,116,0.015400483917638432
AZ_APS_N,117,0.011210303494692228
AZ_APS_N,118,0.011097416628171318
AZ_APS_N,119,0.00951273847399147
AZ_APS_N,120,0.009909855595448797
AZ_APS_N,121,0.029320574653901865
AZ_APS_N,122,0.02677853365158693
AZ_APS_N,123,0.0247525473953628
AZ_APS_N,124,0.018830582365853964
AZ_APS_N,125,0.029603010719333623
AZ_APS_N,126,0.03272704560004677
AZ_APS_N,127,0.019705621012628113
AZ_APS_N,128,0.024156701282766927
AZ_APS_N,129,0.02891746658501933
AZ_APS_N,130,0.03446487465365413
AZ_APS_N,131,0.024214616470315024
AZ_APS_N,132,0.017115004293951512
AZ_APS_N,133,0.023208344641045788
AZ_APS_N,134,0.020756441027817093
AZ_APS_N,135,0.03257380536088921
AZ_APS_N,136,0.03774317436983016
AZ_APS_N,137,0.03697087677555498
AZ_APS_N,138,0.03568134732415247
AZ_APS_N,139,0.02868143837196437
AZ_APS_N,140,0.026265823993574848
AZ_APS_N,141,0.01936067538930203
AZ_APS_N,142,0.022674078747343097
AZ_APS_N,143,0.03550061238884359
AZ_APS_N,144,0.025435796857155944
AZ_APS_N,145,0.027402164772365477
AZ_APS_N,146,0.012458341939033437
AZ_APS_N,147,0.03080236978761733
AZ_APS_N,148,0.025776731316284447
AZ_APS_N,149,0.018516114188887697
AZ_APS_N,150,0.021391428945076185
AZ_APS_N,151,0.022543168174066833
AZ_APS_N,152,0.010482565482481873
AZ_APS_N,153,0.007768507835348395
AZ_APS_N,154,0.011217835387894491
AZ_APS_N,155,0.005301737704086914
AZ_APS_N,156,0.006329640803749998
AZ_APS_N,157,0.016661264813850142
AZ_APS_N,158,0.012906831513459706
AZ_APS_N,159,0.004189753494657902
AZ_APS_N,160,0.006200794799721013
AZ_APS_N,161,0.010032375499852638
AZ_APS_N,162,0.00804080911568435
AZ_APS_N,163,0.012118430168760172
AZ_APS_N,164,0.009481146351202957
AZ_APS_N,165,0.006331641891508792
AZ_APS_N,166,0.004734198049899631
AZ_APS_N,167,0.003755284390117756
AZ_APS_N,168,0.009042308205714035
AZ_APS_N,169,0.010762601644632221
AZ_APS_N,170,0.005110283801804036
AZ_APS_N,171,0.010504013255085386
AZ_APS_N,172,0.008053453997848233
AZ_APS_N,173,0.005261672956314129
AZ_APS_N,174,0.011500178709070103
AZ_APS_N,175,0.010959064004213771
AZ_APS_N,176,0.00582938339827534
AZ_APS_N,177,0.01378197442270423
AZ_APS_N,178,0.017447599100363274
AZ_APS_N,179,0.00790241752270732
AZ_APS_N,180,0.009368867621106773
AZ_APS_N,181,0.008578941485586682
AZ_APS_N,182,0.008383363228836458
AZ_APS_N,183,0.004379411318617843
AZ_APS_N,184,0.00780953345928201
AZ_APS_N,185,0.005844284821188519
AZ_APS_N,186,0.014257065198427517
AZ_APS_N,187,0.0066945116637070696
AZ_APS_N,188,0.008754106791511536
AZ_APS_N,189,0.008367036869052099
AZ_APS_N,190,0.005637123203229525
AZ_APS_N,191,0.0040738122376803906
AZ_APS_N,192,0.007967615651385008
AZ_APS_N,193,0.0032914890099200946
AZ_APS_N,194,0.003328903283992815
AZ_APS_N,195,0.007509255360963943
AZ_APS_N,196,0.0033483080988978607
AZ_APS_N,197,0.0032979484158980835
AZ_APS_N,198,0.012573268040526105
AZ_APS_N,199,0.007953471256435722
AZ_APS_N,200,0.01231120211246154
AZ_APS_N,201,0.007574742668495858
AZ_APS_N,202,0.007436258656309351
AZ_APS_N,203,0.0036034584544007227
AZ_APS_N,204,0.003942326449340146
AZ_APS_N,205,0.008857186768271975
AZ_APS_N,206,0.008910589183946844
AZ_APS_N,207,0.011706791680804643
AZ_APS_N,208,0.0038299133939573237
AZ_APS_N,209,0.0037465125802907447
AZ_APS_N,210,0.003994086806166274
AZ_APS_N,211,0.008749060131881474
AZ_APS_N,212,0.0037787282363396
AZ_APS_N,213,0.025663191007995363
AZ_APS_N,214,0.02285693117378644
AZ_APS_N,215,0.0046089324400600965
AZ_APS_N,216,0.003837522570058345
AZ_APS_N,217,0.02286045745108517
AZ_APS_N,218,0.042136151297724925
AZ_APS_N,219,0.024566524935496194
AZ_APS_N,220,0.04088647308190293
AZ_APS_N,221,0.007326771059625902
AZ_APS_N,222,0.004956521697094474
AZ_APS_N,223,0.005705039206773018
AZ_APS_N,224,0.006192506323394453
AZ_APS_N,225,0.025259760424994476
AZ_APS_N,226,0.02565221362551129
AZ_APS_N,227,0.041603220700706295
AZ_APS_N,228,0.005385447494944514
AZ_APS_N,229,0.0044638557591112835
AZ_APS_N,230,0.021722817502245004
AZ_APS_N,231,0.0248457286339666
AZ_APS_N,232,0.021116842935542373
AZ_APS_N,233,0.023500807252361602
AZ_APS_N,234,0.06324524809995297
AZ_APS_N,235,0.006828996354787627
AZ_APS_N,236,0.003444923781780908
AZ_APS_N,237,0.006111987623844994
AZ_APS_N,238,0.004527707355459398
AZ_APS_N,239,0.05948809082989739
AZ_APS_N,240,0.06482253370814146
AZ_APS_N,241,0.005332512342256743
AZ_APS_N,242,0.03929667952315555
AZ_APS_N,243,0.019212210432077718
AZ_APS_N,244,0.005814495810912772
AZ_APS_N,245,0.01663920194039357
AZ_APS_N,246,0.015601754586732488
AZ_APS_N,247,0.019707880066205392
AZ_APS_N,248,0.0219557436956738
AZ_APS_N,249,0.0093546518870488
AZ_APS_N,250,0.0062316326114803785
AZ_APS_N,251,0.010494475337712392
AZ_APS_N,252,0.009542284592237361
AZ_APS_N,253,0.02434949912066084
AZ_APS_N,254,0.00908080860075822
AZ_APS_N,255,0.021475193771948918
AZ_APS_N,256,0.016816599845025856
AZ_APS_N,257,0.006954124476226586
AZ_APS_N,258,0.01966738036990111
AZ_APS_N,259,0.016400114856528685
AZ_APS_N,260,0.00851802587649124
AZ_APS_N,261,0.02183332255843247
AZ_APS_N,262,0.05462395713454597
AZ_APS_N,263,0.03026341288312604
AZ_APS_N,264,0.007103407943175209
AZ_APS_N,265,0.023416851567107228
AZ_APS_N,266,0.008778704873759537
AZ_APS_N,267,0.009838887754548756
AZ_APS_N,268,0.015460341277929337
AZ_APS_N,269,0.03735285714850198
AZ_APS_N,270,0.04018248784718382
AZ_APS_N,271,0.010854598069056184
AZ_APS_N,272,0.02846520504453604
AZ_APS_N,273,0.013081552388988938
AZ_APS_N,274,0.024016846527778843
AZ_APS_N,275,0.02637866913543068
AZ_APS_N,276,0.024554458624431733
AZ_APS_N,277,0.02376442730560629
AZ_APS_N,278,0.017961913598696713
AZ_APS_N,279,0.026386915201735174
AZ_APS_N,280,0.02192551834323185
AZ_APS_N,281,0.022001198788970625
AZ_APS_N,282,0.029587478786940208
AZ_APS_N,283,0.023600948417128922
AZ_APS_N,284,0.024819515552669296
AZ_APS_N,285,0.022339250256244253
AZ_APS_N,286,0.02178479768787528
AZ_APS_N,287,0.018784769045971303
AZ_APS_N,288,0.017094485306145796
AZ_APS_N,289,0.023301651015132773
AZ_APS_N,290,0.0199569829832735
AZ_APS_N,291,0.0216425534303238
AZ_APS_N,292,0.029246708036088965
AZ_APS_N,293,0.018610848864000187
AZ_APS_N,294,0.023960143951326965
AZ_APS_N,295,0.018129749018575902
AZ_APS_N,296,0.021303305270134885
AZ_APS_N,297,0.031984716316337265
AZ_APS_N,298,0.031189736688968617
AZ_APS_N,299,0.0161075001522487
AZ_APS_N,300,0.02609940457685034
AZ_APS_N,301,0.02350851479820841
AZ_APS_N,302,0.019331918804210237
AZ_APS_N,303,0.02795040629661787
AZ_APS_N,304,0.025481495244862457
AZ_APS_N,305,0.012332726716298101
AZ_APS_N,306,0.011099523496747487
AZ_APS_N,307,0.011718659897818116
AZ_APS_N,308,0.011530849077719674
AZ_APS_N,309,0.012870526343331355
AZ_APS_N,310,0.014767127306193322
AZ_APS_N,311,0.011981701205668101
AZ_APS_N,312,0.024172770568530812
AZ_APS_N,313,0.014897379496667166
AZ_APS_N,314,0.014949254158981502
AZ_APS_N,315,0.019124049578893198
AZ_APS_N,316,0.012544501885496852
AZ_APS_N,317,0.014015574279592487
AZ_APS_N,318,0.018110087185833568
AZ_APS_N,319,0.014284210061661086
AZ_APS_N,320,0.019643453563165485
AZ_APS_N,321,0.012494236722686429
AZ_APS_N,322,0.011930544684539466
AZ_APS_N,323,0.01645295122824881
AZ_APS_N,324,0.015600962573893288
AZ_APS_N,325,0.01798729102411767
AZ_APS_N,326,0.017256715345386905
AZ_APS_N,327,0.01624321514531623
AZ_APS_N,328,0.014833336619565722
AZ_APS_N,329,0.01825969764818089
AZ_APS_N,330,0.026219503204357203
AZ_APS_N,331,0.015248352928540277
AZ_APS_N,332,0.010658122215031384
AZ_APS_N,333,0.01588364210012479
AZ_APS_N,334,0.01759151189876026
AZ_APS_N,335,0.01565836476735811
AZ_APS_N,336,0.009190053833629091
AZ_APS_N,337,0.010326495141501961
AZ_APS_N,338,0.011524361390548707
AZ_APS_N,339,0.013576997031063699
AZ_APS_N,340,0.01069683245582846
AZ_APS_N,341,0.011113903976594624
AZ_APS_N,342,0.011263228037128467
AZ_APS_N,343,0.01028705473066823
AZ_APS_N,344,0.008767795542471594
AZ_APS_N,345,0.014733415413454224
AZ_APS_N,346,0.012093878215309266
AZ_APS_N,347,0.011724841525245985
AZ_APS_N,348,0.009541201846702341
AZ_APS_N,349,0.010296034597623262
AZ_APS_N,350,0.013961079354600572
AZ_APS_N,351,0.010900216222607806
AZ_APS_N,352,0.010540471504051114
AZ_APS_N,353,0.01584749953903088
AZ_APS_N,354,0.012655182943346843
AZ_APS_N,355,0.010198495468628502
AZ_APS_N,356,0.010087143077489263
AZ_APS_N,357,0.009398039908140077
AZ_APS_N,358,0.008250928819362803
AZ_APS_N,359,0.004160330153558033
AZ_APS_N,360,0.009393594682678665
AZ_APS_N,361,0.012348724144778986
AZ_APS_N,362,0.010539477497656819
AZ_APS_N,363,0.008373421519140493
AZ_APS_N,364,0.011655699150058582
AZ_APS_N,365,0.005392407545752669
AZ_APS_SW,1,0.001527352183963922
AZ_APS_SW,2,0.003034289791014456
AZ_APS_SW,3,0.00448418586615877
AZ_APS_SW,4,0.004850677623757233
AZ_APS_SW,5,0.0036139867526155203
AZ_APS_SW,6,0.0018490024836224877
AZ_APS_SW,7,0.003884308248649575
AZ_APS_SW,8,0.006728152295994893
AZ_APS_SW,9,0.0043927535841791635
AZ_APS_SW,10,0.007066904511507068
AZ_APS_SW,11,0.006804397401222076
AZ_APS_SW,12,0.0044661287486888355
AZ_APS_SW,13,0.0029671680019360174
AZ_APS_SW,14,0.001358594985322257
AZ_APS_SW,15,0.0047589725029123535
AZ_APS_SW,16,0.0038583922299781537
AZ_APS_SW,17,0.0062412263621252585
AZ_APS_SW,18,0.006402983731794289
AZ_APS_SW,19,0.005845376114012526
AZ_APS_SW,20,0.002038452073259167
AZ_APS_SW,21,0.002247822369108826
AZ_APS_SW,22,0.005652895328695709
AZ_APS_SW,23,0.006910050803353082
AZ_APS_SW,24,0.007502714515577088
AZ_APS_SW,25,0.009452104612788777
AZ_APS_SW,26,0.00938192267234969
AZ_APS_SW,27,0.0028887489307105507
AZ_APS_SW,28,0.002808599350574563
AZ_APS_SW,29,0.005083800237585139
AZ_APS_SW,30,0.00515828587182769
AZ_APS_SW,31,0.003974108379780522
AZ_APS_SW,32,0.01594431346364429
AZ_APS_SW,33,0.013292427199844869
AZ_APS_SW,34,0.00468899278332749
AZ_APS_SW,35,0.005950532004936142
AZ_APS_SW,36,0.01314539051456351
AZ_APS_SW,37,0.011744149805230227
AZ_APS_SW,38,0.015498737730064223
AZ_APS_SW,39,0.01039381461060187
AZ_APS_SW,40,0.014421888291826526
AZ_APS_SW,41,0.003066457588983697
AZ_APS_SW,42,0.0030785082290415355
AZ_APS_SW,43,0.011483731195187138
AZ_APS_SW,44,0.011747279049032134
AZ_APS_SW,45,0.012505966299620004
AZ_APS_SW,46,0.009661869638336965
AZ_APS_SW,47,0.015922517229242712
AZ_APS_SW,48,0.007805575137894033
AZ_APS_SW,49,0.006997396605684657
AZ_APS_SW,50,0.00937146576733082
AZ_APS_SW,51,0.008338447165165583
AZ_APS_SW,52,0.010476633514806051
AZ_APS_SW,53,0.013787423667169712
AZ_APS_SW,54,0.012455740474570666
AZ_APS_SW,55,0.006803191435242211
AZ_APS_SW,56,0.008655097713533467
AZ_APS_SW,57,0.0139693890581358
AZ_APS_SW,58,0.012893862004227898
AZ_APS_SW,59,0.012336425569429895
AZ_APS_SW,60,0.0057085539573149425
AZ_APS_SW,61,0.0038394023730051923
AZ_APS_SW,62,0.0023473559052730126
AZ_APS_SW,63,0.005821414820215534
AZ_APS_SW,64,0.00410931290553452
AZ_APS_SW,65,0.008419667695802527
AZ_APS_SW,66,0.006534420452950976
AZ_APS_SW,67,0.004516414832352085
AZ_APS_SW,68,0.0029765869153805143
AZ_APS_SW,69,0.0032727072793496607
AZ_APS_SW,70,0.006770624584564536
AZ_APS_SW,71,0.005334173032761305
AZ_APS_SW,72,0.005824557610417581
AZ_APS_SW,73,0.005106092911857738
AZ_APS_SW,74,0.007038048277461567
AZ_APS_SW,75,0.0037678218081207515
AZ_APS_SW,76,0.0022462341253047836
AZ_APS_SW,77,0.005656301900156516
AZ_APS_SW,78,0.003963543768056228
AZ_APS_SW,79,0.007763688490617548
AZ_APS_SW,80,0.006281377251519632
AZ_APS_SW,81,0.005279029412876908
AZ_APS_SW,82,0.005416623501797037
AZ_APS_SW,83,0.004569514093704953
AZ_APS_SW,84,0.004768075443372825
AZ_APS_SW,85,0.006791923238161321
AZ_APS_SW,86,0.0066830299138830665
AZ_APS_SW,87,0.005629276508898641
AZ_APS_SW,88,0.0057403849707530425
AZ_APS_SW,89,0.003485702433975575
AZ_APS_SW,90,0.0023250258207615834
AZ_APS_SW,91,0.008444832560386346
AZ_APS_SW,92,0.007525061769276528
AZ_APS_SW,93,0.009466371979409733
AZ_APS_SW,94,0.007026646627855181
AZ_APS_SW,95,0.005302986064192673
AZ_APS_SW,96,0.006877316189635479
AZ_APS_SW,97,0.003010397970792582
AZ_APS_SW,98,0.007063369182093926
AZ_APS_SW,99,0.007592221537696743
AZ_APS_SW,100,0.0055104547616127006
AZ_APS_SW,101,0.011357889974916893
AZ_APS_SW,102,0.006205456970509165
AZ_APS_SW,103,0.003653556412785439
AZ_APS_SW,104,0.004169938074932864
AZ_APS_SW,105,0.004870832258164059
AZ_APS_SW,106,0.010802077251830546
AZ_APS_SW,107,0.006180496830534501
AZ_APS_SW,108,0.008895512641321398
AZ_APS_SW,109,0.006869945913997689
AZ_APS_SW,110,0.0018322004890196214
AZ_APS_SW,111,0.003922427688507003
AZ_APS_SW,112,0.007067705159277192
AZ_APS_SW,113,0.00883651003897789
AZ_APS_SW,114,0.007547717285842899
AZ_APS_SW,115,0.004896547993769707
AZ_APS_SW,116,0.005126509669459467
AZ_APS_SW,117,0.0020945822783678264
AZ_APS_SW,118,0.0033383106450864887
AZ_APS_SW,119,0.004725368137009351
AZ_APS_SW,120,0.005425626489151789
AZ_APS_SW,121,0.022252172459361418
AZ_APS_SW,122,0.01800108484267149
AZ_APS_SW,123,0.03253434213403179
AZ_APS_SW,124,0.021126147171043004
AZ_APS_SW,125,0.013043584085920148
AZ_APS_SW,126,0.02792544261107082
AZ_APS_SW,127,0.022565170286355716
AZ_APS_SW,128,0.026296500407053322
AZ_APS_SW,129,0.029142669182500403
AZ_APS_SW,130,0.025309607462202094
AZ_APS_SW,131,0.014130825209960297
AZ_APS_SW,132,0.00984048989410701
AZ_APS_SW,133,0.02032045671843003
AZ_APS_SW,134,0.023590067785330845
AZ_APS_SW,135,0.021538527038537102
AZ_APS_SW,136,0.02581989626590998
AZ_APS_SW,137,0.026401018631103185
AZ_APS_SW,138,0.011500445598502695
AZ_APS_SW,139,0.01031487047353485
AZ_APS_SW,140,0.017263575506497934
AZ_APS_SW,141,0.019983942747453232
AZ_APS_SW,142,0.02843350431813391
AZ_APS_SW,143,0.02891803934073662
AZ_APS_SW,144,0.03180944563095999
AZ_APS_SW,145,0.01105431156714338
AZ_APS_SW,146,0.008106697992073328
AZ_APS_SW,147,0.018307611869122133
AZ_APS_SW,148,0.017153278233081517
AZ_APS_SW,149,0.024475648184096335
AZ_APS_SW,150,0.023382693038425505
AZ_APS_SW,151,0.028268851480468152
AZ_APS_SW,152,0.006225703711588241
AZ_APS_SW,153,0.004586418464647601
AZ_APS_SW,154,0.007948303145696452
AZ_APS_SW,155,0.006838871417841742
AZ_APS_SW,156,0.00598569903883923
AZ_APS_SW,157,0.009570511785187351
AZ_APS_SW,158,0.008614229462595598
AZ_APS_SW,159,0.003433544414271419
AZ_APS_SW,160,0.0042770665069801535
AZ_APS_SW,161,0.007542662286915308
AZ_APS_SW,162,0.008123585976485808
AZ_APS_SW,163,0.004980332112816982
AZ_APS_SW,164,0.01166519623983444
AZ_APS_SW,165,0.006507088293631831
AZ_APS_SW,166,0.003944045721687404
AZ_APS_SW,167,0.0023684184964223305
AZ_APS_SW,168,0.00762447538385482
AZ_APS_SW,169,0.004903036443226536
AZ_APS_SW,170,0.005093130357387096
AZ_APS_SW,171,0.005479370874785612
AZ_APS_SW,172,0.010005627556383711
AZ_APS_SW,173,0.0033557973318064606
AZ_APS_SW,174,0.003032324134396279
AZ_APS_SW,175,0.008521500942474532
AZ_APS_SW,176,0.009606808265839721
AZ_APS_SW,177,0.009744419663804167
AZ_APS_SW,178,0.008546964978732807
AZ_APS_SW,179,0.009746403516412405
AZ_APS_SW,180,0.003010648595685808
AZ_APS_SW,181,0.0043829476453778205
AZ_APS_SW,182,0.00606096884301754
AZ_APS_SW,183,0.004534090966363379
AZ_APS_SW,184,0.003457662388253685
AZ_APS_SW,185,0.0009340997455536547
AZ_APS_SW,186,0.0021618146238644763
AZ_APS_SW,187,0.002473004427027616
AZ_APS_SW,188,0.002581471700833944
AZ_APS_SW,189,0.004233216341628578
AZ_APS_SW,190,0.00591289779109211
AZ_APS_SW,191,0.0058562606820529075
AZ_APS_SW,192,0.0032323239037674576
AZ_APS_SW,193,0.004504577824091568
AZ_APS_SW,194,0.00277596795623157
AZ_APS_SW,195,0.0016430982330314094
AZ_APS_SW,196,0.005323548877604905
AZ_APS_SW,197,0.003913985241534258
AZ_APS_SW,198,0.006949503816772703
AZ_APS_SW,199,0.004346846246683352
AZ_APS_SW,200,0.003802653162332971
AZ_APS_SW,201,0.0019113125077912538
AZ_APS_SW,202,0.0025483382944796774
AZ_APS_SW,203,0.0045662439947815065
AZ_APS_SW,204,0.0036102298442905424
AZ_APS_SW,205,0.005033187835243605
AZ_APS_SW,206,0.0059687493701033574
AZ_APS_SW,207,0.005761552305667018
AZ_APS_SW,208,0.002224094909212476
AZ_APS_SW,209,0.0018958416246029836
AZ_APS_SW,210,0.003624464099146088
AZ_APS_SW,211,0.0049843967077640786
AZ_APS_SW,212,0.006499235433663118
AZ_APS_SW,213,0.006750916736819833
AZ_APS_SW,214,0.005490139887185915
AZ_APS_SW,215,0.003866743739509091
AZ_APS_SW,216,0.001975221365360541
AZ_APS_SW,217,0.009823508274383667
AZ_APS_SW,218,0.01006404868695061
AZ_APS_SW,219,0.010726149599775848
AZ_APS_SW,220,0.010351374361267537
AZ_APS_SW,221,0.01341837212900873
AZ_APS_SW,222,0.003961907038356487
AZ_APS_SW,223,0.00354201010021796
AZ_APS_SW,224,0.008626398725630044
AZ_APS_SW,225,0.007620204085926697
AZ_APS_SW,226,0.006679345503332617
AZ_APS_SW,227,0.006922184545864172
AZ_APS_SW,228,0.007007333879462336
AZ_APS_SW,229,0.0047182834762319855
AZ_APS_SW,230,0.0031890253446284736
AZ_APS_SW,231,0.004706876198631114
AZ_APS_SW,232,0.005989330968521577
AZ_APS_SW,233,0.0075093623037663
AZ_APS_SW,234,0.00996294832677937
AZ_APS_SW,235,0.010461569793534742
AZ_APS_SW,236,0.003458650943258671
AZ_APS_SW,237,0.004371959181225762
AZ_APS_SW,238,0.007352481111363617
AZ_APS_SW,239,0.006650004396272878
AZ_APS_SW,240,0.008361088790849633
AZ_APS_SW,241,0.007437824885127018
AZ_APS_SW,242,0.005738323720877565
AZ_APS_SW,243,0.0030336698454109315
AZ_APS_SW,244,0.0027558055571664628
AZ_APS_SW,245,0.00283385807457851
AZ_APS_SW,246,0.005251214893776355
AZ_APS_SW,247,0.006883290536033368
AZ_APS_SW,248,0.0051705959084848
AZ_APS_SW,249,0.006255351148506387
AZ_APS_SW,250,0.0028415120735316014
AZ_APS_SW,251,0.0031595336105019684
AZ_APS_SW,252,0.005322428397840482
AZ_APS_SW,253,0.005114400373121094
AZ_APS_SW,254,0.007128490100824197
AZ_APS_SW,255,0.005425690121310916
AZ_APS_SW,256,0.006324867393227399
AZ_APS_SW,257,0.00386402389246827
AZ_APS_SW,258,0.0038589323664499063
AZ_APS_SW,259,0.006525284663972217
AZ_APS_SW,260,0.007025415007409868
AZ_APS_SW,261,0.005637611930989342
AZ_APS_SW,262,0.007967434077422926
AZ_APS_SW,263,0.006697705993599786
AZ_APS_SW,264,0.0022062150558514707
AZ_APS_SW,265,0.0034894181971602
AZ_APS_SW,266,0.0064354798811051776
AZ_APS_SW,267,0.006762299068415005
AZ_APS_SW,268,0.005477342901805916
AZ_APS_SW,269,0.0056513751068359925
AZ_APS_SW,270,0.005428781551001064
AZ_APS_SW,271,0.0030539531291064823
AZ_APS_SW,272,0.0035632618756888594
AZ_APS_SW,273,0.004031514446671625
AZ_APS_SW,274,0.008023310022902387
AZ_APS_SW,275,0.007919912144166407
AZ_APS_SW,276,0.006420003452058138
AZ_APS_SW,277,0.009460110675279448
AZ_APS_SW,278,0.0035947163383320754
AZ_APS_SW,279,0.0037438122732177713
AZ_APS_SW,280,0.007529830031653819
AZ_APS_SW,281,0.006700783820154306
AZ_APS_SW,282,0.007701283864781128
AZ_APS_SW,283,0.0122912236848999
AZ_APS_SW,284,0.0061624084901305085
AZ_APS_SW,285,0.004792167359869514
AZ_APS_SW,286,0.0037157208115062897
AZ_APS_SW,287,0.00418789886731713
AZ_APS_SW,288,0.006329611865365282
AZ_APS_SW,289,0.007819436309581655
AZ_APS_SW,290,0.00786758406561492
AZ_APS_SW,291,0.007763068429245129
AZ_APS_SW,292,0.0035719301771766337
AZ_APS_SW,293,0.004952197410131971
AZ_APS_SW,294,0.005228949337044547
AZ_APS_SW,295,0.011299378000969343
AZ_APS_SW,296,0.006798525776023094
AZ_APS_SW,297,0.010604416822317162
AZ_APS_SW,298,0.007453830746153119
AZ_APS_SW,299,0.0029399966635551902
AZ_APS_SW,300,0.005974580948275184
AZ_APS_SW,301,0.007757711767744041
AZ_APS_SW,302,0.01246816027903961
AZ_APS_SW,303,0.01001952784465281
AZ_APS_SW,304,0.007642467630827699
AZ_APS_SW,305,0.010548546661551087
AZ_APS_SW,306,0.009353531432399592
AZ_APS_SW,307,0.008780769166484447
AZ_APS_SW,308,0.02014041185812175
AZ_APS_SW,309,0.02352869209052841
AZ_APS_SW,310,0.021973530274439705
AZ_APS_SW,311,0.021233411499136733
AZ_APS_SW,312,0.016548306596478827
AZ_APS_SW,313,0.00872267607028197
AZ_APS_SW,314,0.012645344838211992
AZ_APS_SW,315,0.01131011745340519
AZ_APS_SW,316,0.022502162590845653
AZ_APS_SW,317,0.022810227124774166
AZ_APS_SW,318,0.024323534046349803
AZ_APS_SW,319,0.01984641755674953
AZ_APS_SW,320,0.013464022265135876
AZ_APS_SW,321,0.011218577165370712
AZ_APS_SW,322,0.017073034338602484
AZ_APS_SW,323,0.0195912277710541
AZ_APS_SW,324,0.020252294146179853
AZ_APS_SW,325,0.01632199461443741
AZ_APS_SW,326,0.020115872751014997
AZ_APS_SW,327,0.01024217502829119
AZ_APS_SW,328,0.011395691884496465
AZ_APS_SW,329,0.01467042794120345
AZ_APS_SW,330,0.029110961616542554
AZ_APS_SW,331,0.026247781244261942
AZ_APS_SW,332,0.006472025699332425
AZ_APS_SW,333,0.014507634597898257
AZ_APS_SW,334,0.008875442693573947
AZ_APS_SW,335,0.0020421994224877633
AZ_APS_SW,336,0.004213554104781824
AZ_APS_SW,337,0.0032145219830909096
AZ_APS_SW,338,0.004288648735231703
AZ_APS_SW,339,0.0029489135612860156
AZ_APS_SW,340,0.002463185117500274
AZ_APS_SW,341,0.0013735700336151109
AZ_APS_SW,342,0.002358322498108586
AZ_APS_SW,343,0.0033003744420075343
AZ_APS_SW,344,0.003230913763049774
AZ_APS_SW,345,0.003106850129834227
AZ_APS_SW,346,0.002706034132580971
AZ_APS_SW,347,0.002992801537617741
AZ_APS_SW,348,0.002152889568241545
AZ_APS_SW,349,0.0013293556715105817
AZ_APS_SW,350,0.0026691892455380454
AZ_APS_SW,351,0.003238550330349952
AZ_APS_SW,352,0.0029007465290835145
AZ_APS_SW,353,0.002750359429314895
AZ_APS_SW,354,0.0032418915531215
AZ_APS_SW,355,0.001217118388330015
AZ_APS_SW,356,0.0012187167493374186
AZ_APS_SW,357,0.0029157629702887345
AZ_APS_SW,358,0.0017628557328886118
AZ_APS_SW,359,0.0006440878159860123
AZ_APS_SW,360,0.002992859984472373
AZ_APS_SW,361,0.002120565166637943
AZ_APS_SW,362,0.0011165800473188674
AZ_APS_SW,363,0.0010977938088821894
AZ_APS_SW,364,0.0019946595964313654
AZ_APS_SW,365,0.00123896816242296
AZ_NM_N,1,0.005077375330447175
AZ_NM_N,2,0.005218846253813669
AZ_NM_N,3,0.005943282738953935
AZ_NM_N,4,0.0015794226017665275
AZ_NM_N,5,0.007246223325154922
AZ_NM_N,6,0.005826577678160134
AZ_NM_N,7,0.0005479196880584
AZ_NM_N,8,0.003067430875136166
AZ_NM_N,9,0.005023445474693926
AZ_NM_N,10,0.008690430991922843
AZ_NM_N,11,0.0019102769576163805
AZ_NM_N,12,0.006013997507165773
AZ_NM_N,13,0.005065017227886045
AZ_NM_N,14,0.006324871476989018
AZ_NM_N,15,0.005789192164362889
AZ_NM_N,16,0.006003811535928249
AZ_NM_N,17,0.006339383857254455
AZ_NM_N,18,0.006644226530079814
AZ_NM_N,19,0.0069271339723955706
AZ_NM_N,20,0.009091705656157694
AZ_NM_N,21,0.002888110125254397
AZ_NM_N,22,0.006745402951923009
AZ_NM_N,23,0.006092259265411357
AZ_NM_N,24,0.005628903675404222
AZ_NM_N,25,0.0032305393293468546
AZ_NM_N,26,0.00851598534599069
AZ_NM_N,27,0.005748304331930819
AZ_NM_N,28,0.005168585989336449
AZ_NM_N,29,0.00448800545311437
AZ_NM_N,30,0.004338606319825475
AZ_NM_N,31,0.005122012682676904
AZ_NM_N,32,0.006051146545781497
AZ_NM_N,33,0.00703539528947158
AZ_NM_N,34,0.00709293249770217
AZ_NM_N,35,0.008723424604742696
AZ_NM_N,36,0.007979969754906705
AZ_NM_N,37,0.011946666045784935
AZ_NM_N,38,0.007564777013402357
AZ_NM_N,39,0.006925967327684037
AZ_NM_N,40,0.01199214559836168
AZ_NM_N,41,0.005259373721410644
AZ_NM_N,42,0.006509108379345331
AZ_NM_N,43,0.01044469106933112
AZ_NM_N,44,0.01081894316023583
AZ_NM_N,45,0.007734608730999076
AZ_NM_N,46,0.005156026605091911
AZ_NM_N,47,0.00862566057058511
AZ_NM_N,48,0.006093180768142572
AZ_NM_N,49,0.004952564235878363
AZ_NM_N,50,0.008885565726158498
AZ_NM_N,51,0.005829463939405004
AZ_NM_N,52,0.00462311481906801
AZ_NM_N,53,0.010615243817307194
AZ_NM_N,54,0.007334378627987957
AZ_NM_N,55,0.007130946679951495
AZ_NM_N,56,0.007362963701566805
AZ_NM_N,57,0.007449127877831424
AZ_NM_N,58,0.006960329827069098
AZ_NM_N,59,0.008688463700949856
AZ_NM_N,60,0.00588709633636683
AZ_NM_N,61,0.005489068104235285
AZ_NM_N,62,0.0041412712771672164
AZ_NM_N,63,0.005898485671162151
AZ_NM_N,64,0.004567544325874202
AZ_NM_N,65,0.0061463115989388965
AZ_NM_N,66,0.005074603267456051
AZ_NM_N,67,0.005341145393513997
AZ_NM_N,68,0.004925626538168502
AZ_NM_N,69,0.0044523086479946
AZ_NM_N,70,0.004623184913519691
AZ_NM_N,71,0.0034199083203052816
AZ_NM_N,72,0.004441455531432253
AZ_NM_N,73,0.008945366978291664
AZ_NM_N,74,0.0028078765205788152
AZ_NM_N,75,0.00610581311490982
AZ_NM_N,76,0.0028359369515742095
AZ_NM_N,77,0.009643856942802124
AZ_NM_N,78,0.0077836757155076205
AZ_NM_N,79,0.006501938544398261
AZ_NM_N,80,0.005506291853194129
AZ_NM_N,81,0.00522445072066529
AZ_NM_N,82,0.004495710271362362
AZ_NM_N,83,0.003044972743545296
AZ_NM_N,84,0.008036398300269329
AZ_NM_N,85,0.006765526338392327
AZ_NM_N,86,0.0057588113484283755
AZ_NM_N,87,0.00796704032242957
AZ_NM_N,88,0.0042998248144882735
AZ_NM_N,89,0.0011376517132421922
AZ_NM_N,90,0.001981410272018536
AZ_NM_N,91,0.006477617419305512
AZ_NM_N,92,0.007143308776850742
AZ_NM_N,93,0.007883704051533082
AZ_NM_N,94,0.005063858055344692
AZ_NM_N,95,0.003846378843630283
AZ_NM_N,96,0.0044315644701938715
AZ_NM_N,97,0.004130730626185398
AZ_NM_N,98,0.0040095783964126264
AZ_NM_N,99,0.0060529036673517625
AZ_NM_N,100,0.006032708956362757
AZ_NM_N,101,0.005875431765161164
AZ_NM_N,102,0.006954540471412621
AZ_NM_N,103,0.004684060726973015
AZ_NM_N,104,0.0041830081285219615
AZ_NM_N,105,0.002631924705058539
AZ_NM_N,106,0.006346921976813317
AZ_NM_N,107,0.005162394558106621
AZ_NM_N,108,0.008638425143670941
AZ_NM_N,109,0.009470753516971245
AZ_NM_N,110,0.005109165663287493
AZ_NM_N,111,0.004310313033288418
AZ_NM_N,112,0.006019087339658316
AZ_NM_N,113,0.01023774777993949
AZ_NM_N,114,0.005757564408684896
AZ_NM_N,115,0.005386107646722157
AZ_NM_N,116,0.005969895572645631
AZ_NM_N,117,0.007392643427174739
AZ_NM_N,118,0.0028316672328967058
AZ_NM_N,119,0.0036459329488564203
AZ_NM_N,120,0.007741717595553873
AZ_NM_N,121,0.004242533735948317
AZ_NM_N,122,0.007133975891523798
AZ_NM_N,123,0.006937222836506594
AZ_NM_N,124,0.0028551040838146425
AZ_NM_N,125,0.0021830734469196152
AZ_NM_N,126,0.00461095100160752
AZ_NM_N,127,0.005632851953604794
AZ_NM_N,128,0.004905930818504401
AZ_NM_N,129,0.007103809767422566
AZ_NM_N,130,0.0028923619457772564
AZ_NM_N,131,0.003158754640580049
AZ_NM_N,132,0.004311034249497897
AZ_NM_N,133,0.007281892972395989
AZ_NM_N,134,0.0051361093817527
AZ_NM_N,135,0.0050335091895394365
AZ_NM_N,136,0.003336012653889916
AZ_NM_N,137,0.005971906617545501
AZ_NM_N,138,0.0065795908940327235
AZ_NM_N,139,0.0038700795701187727
AZ_NM_N,140,0.0032982528497961733
AZ_NM_N,141,0.003119696718875184
AZ_NM_N,142,0.006865408598528054
AZ_NM_N,143,0.004483681566083525
AZ_NM_N,144,0.004892151059895381
AZ_NM_N,145,0.0022312299688748913
AZ_NM_N,146,0.0019504360189923106
AZ_NM_N,147,0.004030710185260757
AZ_NM_N,148,0.002591154085071442
AZ_NM_N,149,0.00406635049086493
AZ_NM_N,150,0.004731437031641414
AZ_NM_N,151,0.007127632178924195
AZ_NM_N,152,0.0031062113219091627
AZ_NM_N,153,0.004538103408768334
AZ_NM_N,154,0.004963777563197068
AZ_NM_N,155,0.004431914385429618
AZ_NM_N,156,0.006786559611085352
AZ_NM_N,157,0.005229867291582993
AZ_NM_N,158,0.008201894063519191
AZ_NM_N,159,0.0035457329469165827
AZ_NM_N,160,0.005836437544339355
AZ_NM_N,161,0.005039842164055567
AZ_NM_N,162,0.007117512191094985
AZ_NM_N,163,0.008321883520853553
AZ_NM_N,164,0.005930353945936994
AZ_NM_N,165,0.008220410819734236
AZ_NM_N,166,0.006855799148484391
AZ_NM_N,167,0.004717710324946404
AZ_NM_N,168,0.006635592513426441
AZ_NM_N,169,0.0053332516567791465
AZ_NM_N,170,0.00574520271672701
AZ_NM_N,171,0.005368824010261791
AZ_NM_N,172,0.009047983977142293
AZ_NM_N,173,0.00424802140555802
AZ_NM_N,174,0.004562319636583752
AZ_NM_N,175,0.009751185345085435
AZ_NM_N,176,0.0065562342144805386
AZ_NM_N,177,0.0030193299767041636
AZ_NM_N,178,0.006104045513080832
AZ_NM_N,179,0.006545498059854806
AZ_NM_N,180,0.003268286306247861
AZ_NM_N,181,0.004218206948056243
AZ_NM_N,182,0.00567253086321665
AZ_NM_N,183,0.004590864841467852
AZ_NM_N,184,0.006227694972853366
AZ_NM_N,185,0.0047005794047380875
AZ_NM_N,186,0.004933321026161189
AZ_NM_N,187,0.0059988812835336195
AZ_NM_N,188,0.004276870809570565
AZ_NM_N,189,0.005459006063566033
AZ_NM_N,190,0.004704502440285526
AZ_NM_N,191,0.005968913992413012
AZ_NM_N,192,0.0073675576893151105
AZ_NM_N,193,0.008465542382795807
AZ_NM_N,194,0.002931403297716497
AZ_NM_N,195,0.005713505499084014
AZ_NM_N,196,0.004277208066530697
AZ_NM_N,197,0.005779481850130063
AZ_NM_N,198,0.006419574206433046
AZ_NM_N,199,0.005147812253015301
AZ_NM_N,200,0.00835267474268797
AZ_NM_N,201,0.002921148771963809
AZ_NM_N,202,0.0036705725711055435
AZ_NM_N,203,0.004470701239145917
AZ_NM_N,204,0.003972372565601679
AZ_NM_N,205,0.00485365759110424
AZ_NM_N,206,0.006693218933216073
AZ_NM_N,207,0.007725999906518211
AZ_NM_N,208,0.004404970044325436
AZ_NM_N,209,0.004119045904052616
AZ_NM_N,210,0.0037586474159641945
AZ_NM_N,211,0.005117349436282823
AZ_NM_N,212,0.007503237271977912
AZ_NM_N,213,0.008749005219688077
AZ_NM_N,214,0.009465151865884739
AZ_NM_N,215,0.0067500593392071165
AZ_NM_N,216,0.007655789145407598
AZ_NM_N,217,0.006493984120648291
AZ_NM_N,218,0.005137931532724533
AZ_NM_N,219,0.0102020286812496
AZ_NM_N,220,0.0072764471663998576
AZ_NM_N,221,0.007396911056095873
AZ_NM_N,222,0.007869662778656663
AZ_NM_N,223,0.0036350283113560783
AZ_NM_N,224,0.006163632525051279
AZ_NM_N,225,0.009442342392430586
AZ_NM_N,226,0.008408276984328273
AZ_NM_N,227,0.006952379380761552
AZ_NM_N,228,0.004829095084818918
AZ_NM_N,229,0.007033744764366668
AZ_NM_N,230,0.008318261161578721
AZ_NM_N,231,0.007098747648541819
AZ_NM_N,232,0.004689765882106801
AZ_NM_N,233,0.009772771167186157
AZ_NM_N,234,0.005580596407057014
AZ_NM_N,235,0.004704888626189879
AZ_NM_N,236,0.010147436665605813
AZ_NM_N,237,0.0075013709954401195
AZ_NM_N,238,0.004929037057891405
AZ_NM_N,239,0.009843328320622272
AZ_NM_N,240,0.0064838855518245435
AZ_NM_N,241,0.0056669084214731975
AZ_NM_N,242,0.006019918079639777
AZ_NM_N,243,0.004642561436986322
AZ_NM_N,244,0.002446763359321835
AZ_NM_N,245,0.003467464903563599
AZ_NM_N,246,0.004675726419351228
AZ_NM_N,247,0.0038631720994872815
AZ_NM_N,248,0.0047698880246059006
AZ_NM_N,249,0.004700249310415021
AZ_NM_N,250,0.002576649457464406
AZ_NM_N,251,0.003378695526828959
AZ_NM_N,252,0.005333732074552082
AZ_NM_N,253,0.005206117388661785
AZ_NM_N,254,0.004922642596436305
AZ_NM_N,255,0.004958723338922763
AZ_NM_N,256,0.005787422321257864
AZ_NM_N,257,0.005490344650035456
AZ_NM_N,258,0.005168547746392209
AZ_NM_N,259,0.0028022328596862714
AZ_NM_N,260,0.0052464499850740694
AZ_NM_N,261,0.005991892885113079
AZ_NM_N,262,0.0043033577339529295
AZ_NM_N,263,0.007163503291846035
AZ_NM_N,264,0.005104619990145035
AZ_NM_N,265,0.004658652950299024
AZ_NM_N,266,0.005113397187636603
AZ_NM_N,267,0.005130810719335339
AZ_NM_N,268,0.0069678862827617215
AZ_NM_N,269,0.004708158088847569
AZ_NM_N,270,0.006798675270848669
AZ_NM_N,271,0.0018739313753714454
AZ_NM_N,272,0.0018651383959499383
AZ_NM_N,273,0.0024125475290835245
AZ_NM_N,274,0.006154405140015232
AZ_NM_N,275,0.00551928386076443
AZ_NM_N,276,0.0054609551980213545
AZ_NM_N,277,0.005748006584312449
AZ_NM_N,278,0.005420844138702781
AZ_NM_N,279,0.003730408724496836
AZ_NM_N,280,0.005285429201507071
AZ_NM_N,281,0.004234866029101131
AZ_NM_N,282,0.005399012043205683
AZ_NM_N,283,0.005610100379925009
AZ_NM_N,284,0.004793904086468679
AZ_NM_N,285,0.004429026710611335
AZ_NM_N,286,0.0025904820036443633
AZ_NM_N,287,0.0033902016769954274
AZ_NM_N,288,0.003291577719425941
AZ_NM_N,289,0.004033447321270884
AZ_NM_N,290,0.005171907613420635
AZ_NM_N,291,0.004910517220087769
AZ_NM_N,292,0.0025546035313113212
AZ_NM_N,293,0.0017086579055895768
AZ_NM_N,294,0.0020837047030573953
AZ_NM_N,295,0.0014325021410108512
AZ_NM_N,296,0.002691911887173253
AZ_NM_N,297,0.002936492467255663
AZ_NM_N,298,0.004993795612370171
AZ_NM_N,299,0.00393280859680908
AZ_NM_N,300,0.0036878882580747515
AZ_NM_N,301,0.0039723630981022195
AZ_NM_N,302,0.005499752783425775
AZ_NM_N,303,0.007925298056370919
AZ_NM_N,304,0.005272503318817512
AZ_NM_N,305,0.02843763904054398
AZ_NM_N,306,0.010164374971652384
AZ_NM_N,307,0.018734833175809686
AZ_NM_N,308,0.02448836105908034
AZ_NM_N,309,0.04028978196117643
AZ_NM_N,310,0.012666469803285424
AZ_NM_N,311,0.020176919747529335
AZ_NM_N,312,0.02497450941328226
AZ_NM_N,313,0.016753712774662644
AZ_NM_N,314,0.021951626968190342
AZ_NM_N,315,0.01957271025375642
AZ_NM_N,316,0.026285178374680383
AZ_NM_N,317,0.018558371161256394
AZ_NM_N,318,0.03495814819921351
AZ_NM_N,319,0.028057541895688348
AZ_NM_N,320,0.030157314965555168
AZ_NM_N,321,0.027967135209377873
AZ_NM_N,322,0.027815846877564356
AZ_NM_N,323,0.015111044632281408
AZ_NM_N,324,0.0238426753770359
AZ_NM_N,325,0.042946714670019925
AZ_NM_N,326,0.025248606008952356
AZ_NM_N,327,0.017286286535252892
AZ_NM_N,328,0.029761204233168023
AZ_NM_N,329,0.02915620645821388
AZ_NM_N,330,0.029417973145283303
AZ_NM_N,331,0.023219975031276145
AZ_NM_N,332,0.021417570719699672
AZ_NM_N,333,0.024482780886776034
AZ_NM_N,334,0.023232544484660448
AZ_NM_N,335,0.01979245296022767
AZ_NM_N,336,0.026720497757702855
AZ_NM_N,337,0.02224639546028483
AZ_NM_N,338,0.019082876361006473
AZ_NM_N,339,0.03175407743630042
AZ_NM_N,340,0.028384759968266424
AZ_NM_N,341,0.014343404639476868
AZ_NM_N,342,0.0211188118442156
AZ_NM_N,343,0.029571796371330995
AZ_NM_N,344,0.019255575251178353
AZ_NM_N,345,0.022244389115870764
AZ_NM_N,346,0.01790975512081178
AZ_NM_N,347,0.033128060430209084
AZ_NM_N,348,0.01879448709596582
AZ_NM_N,349,0.015512801557888476
AZ_NM_N,350,0.023124569575175
AZ_NM_N,351,0.022262005232326368
AZ_NM_N,352,0.018020373126447584
AZ_NM_N,353,0.02263093541164964
AZ_NM_N,354,0.03606762635039873
AZ_NM_N,355,0.013038382561779633
AZ_NM_N,356,0.013061261362405072
AZ_NM_N,357,0.014937713960940242
AZ_NM_N,358,0.01366419577991628
AZ_NM_N,359,0.014254704137871416
AZ_NM_N,360,0.014417719391905556
AZ_NM_N,361,0.025112289151091614
AZ_NM_N,362,0.020805494212602648
AZ_NM_N,363,0.012513383681221188
AZ_NM_N,364,0.022873653270946787
AZ_NM_N,365,0.01545907260460737
AZ_NW,1,0.00596745888444448
AZ_NW,2,0.006410209360717322
AZ_NW,3,0.006528875420753585
AZ_NW,4,0.01326632403023366
AZ_NW,5,0.006603128285351657
AZ_NW,6,0.00633434649919941
AZ_NW,7,0.0062490382068203015
AZ_NW,8,0.019681160586818357
AZ_NW,9,0.006688348636835532
AZ_NW,10,0.01436157489562736
AZ_NW,11,0.01327871656790136
AZ_NW,12,0.013571786354746146
AZ_NW,13,0.012465111738186095
AZ_NW,14,0.012359730200529863
AZ_NW,15,0.013001928069738702
AZ_NW,16,0.014069974143522231
AZ_NW,17,0.021292184880514375
AZ_NW,18,0.03498700682319536
AZ_NW,19,0.013343175386610173
AZ_NW,20,0.01854468434177384
AZ_NW,21,0.024552138610655378
AZ_NW,22,0.021038256996920777
AZ_NW,23,0.006763600827476102
AZ_NW,24,0.02929060044438998
AZ_NW,25,0.03586661836450859
AZ_NW,26,0.0346308946182904
AZ_NW,27,0.032829628675254276
AZ_NW,28,0.034820462699653595
AZ_NW,29,0.013911161128489299
AZ_NW,30,0.02112459326631733
AZ_NW,31,0.021753050224853736
AZ_NW,32,0.05388094381040981
AZ_NW,33,0.04897778181775848
AZ_NW,34,0.011906535108825056
AZ_NW,35,0.1687586562151345
AZ_NW,36,0.3062196863787909
AZ_NW,37,0.03759599278202673
AZ_NW,38,0.07853026046028441
AZ_NW,39,0.10531744585431779
AZ_NW,40,0.053172204561776015
AZ_NW,41,0.07459984116436184
AZ_NW,42,0.09979904204832601
AZ_NW,43,0.5672663111487585
AZ_NW,44,0.10579508181563754
AZ_NW,45,0.05337767493658243
AZ_NW,46,0.02612606886020921
AZ_NW,47,0.038738722520610135
AZ_NW,48,0.03388854515061481
AZ_NW,49,0.035447924899838244
AZ_NW,50,0.025346010434075826
AZ_NW,51,0.02602701416793147
AZ_NW,52,0.01329595220240054
AZ_NW,53,0.05322079147572499
AZ_NW,54,0.025260602672509968
AZ_NW,55,0.02298094645268171
AZ_NW,56,0.03759741855347495
AZ_NW,57,0.025781291217119445
AZ_NW,58,0.012477788311063763
AZ_NW,59,0.012535256857570664
AZ_NW,60,0.03796280197481792
AZ_NW,61,0.06926690032759768
AZ_NW,62,0.11112987686301308
AZ_NW,63,0.06451071430929134
AZ_NW,64,0.01236803646465338
AZ_NW,65,0.054544301370643554
AZ_NW,66,0.02504176398353813
AZ_NW,67,0.05071428957693791
AZ_NW,68,0.022809201159893412
AZ_NW,69,0.03757572529482926
AZ_NW,70,0.03720068303822448
AZ_NW,71,0.049902917430800185
AZ_NW,72,0.012951609542571182
AZ_NW,73,0.025306451800055203
AZ_NW,74,0.03706973825914696
AZ_NW,75,0.011345263406594442
AZ_NW,76,0.035461567503372
AZ_NW,77,0.025093611661245307
AZ_NW,78,0.07702985061051285
AZ_NW,79,0.03772945254530764
AZ_NW,80,0.025212724298402753
AZ_NW,81,0.04940348296982972
AZ_NW,82,0.022808530599612617
AZ_NW,83,0.04808760560451949
AZ_NW,84,0.06274513243782094
AZ_NW,85,0.04971641617894427
AZ_NW,86,0.012828411028943918
AZ_NW,87,0.03741897402348916
AZ_NW,88,0.02419330581986632
AZ_NW,89,0.04516216338132808
AZ_NW,90,0.054373572772771155
AZ_NW,91,0.021306505825244234
AZ_NW,92,0.010409120513121007
AZ_NW,93,0.0459631091372995
AZ_NW,94,0.02655847106774898
AZ_NW,95,0.03005247547417051
AZ_NW,96,4.874637257319697e-05
AZ_NW,97,0.025297996623253983
AZ_NW,98,0.015294807017446897
AZ_NW,99,0.020870002899183154
AZ_NW,100,0.020841161677240625
AZ_NW,101,0.02150591380623015
AZ_NW,102,0.024676438207901653
AZ_NW,103,0.004638712704339451
AZ_NW,104,0.004874649049599428
AZ_NW,105,0.00531423844608637
AZ_NW,106,0.00010833842026509813
AZ_NW,107,0.00010675489471641829
AZ_NW,108,0.00011062871964636363
AZ_NW,109,0.005246736108856075
AZ_NW,110,8.311095263742556e-05
AZ_NW,111,0.00012679881517789617
AZ_NW,112,0.00010463959324957528
AZ_NW,113,0.00013728382850402372
AZ_NW,114,0.00014654352554094294
AZ_NW,115,0.010697805338583605
AZ_NW,116,0.020694881960916397
AZ_NW,117,0.00908277979451974
AZ_NW,118,0.010236660538170147
AZ_NW,119,0.015374409086076313
AZ_NW,120,0.0051795950743580114
AZ_NW,121,0.023878929832416164
AZ_NW,122,0.012316817226462967
AZ_NW,123,0.04070053667060119
AZ_NW,124,0.015882703887032116
AZ_NW,125,0.010895982970618709
AZ_NW,126,0.016574562057581874
AZ_NW,127,0.005680258239551824
AZ_NW,128,0.017424676536293524
AZ_NW,129,0.01829830427714126
AZ_NW,130,0.005972920711548907
AZ_NW,131,0.010641393737439027
AZ_NW,132,0.005278909633928238
AZ_NW,133,0.005915151572861018
AZ_NW,134,0.011849755022884816
AZ_NW,135,0.017349364116294046
AZ_NW,136,0.018204983655295846
AZ_NW,137,0.01751328279005669
AZ_NW,138,0.01619348679992873
AZ_NW,139,0.016629567212787053
AZ_NW,140,0.011812202047101115
AZ_NW,141,0.023094490082206667
AZ_NW,142,0.023731677402449313
AZ_NW,143,0.04224599051232834
AZ_NW,144,0.011400626245812407
AZ_NW,145,0.02075927547271892
AZ_NW,146,0.010180360001361107
AZ_NW,147,0.010599363743390442
AZ_NW,148,0.017598273200784043
AZ_NW,149,0.022988182776055924
AZ_NW,150,0.011713217877697198
AZ_NW,151,0.005599382398354738
AZ_NW,152,0.010617746941773669
AZ_NW,153,0.005242035303742874
AZ_NW,154,0.005462031638252361
AZ_NW,155,0.005433911205655462
AZ_NW,156,0.016710394086942405
AZ_NW,157,0.01727619464090146
AZ_NW,158,0.011087585302306203
AZ_NW,159,0.00508758065063769
AZ_NW,160,0.016418010044510482
AZ_NW,161,0.005553511497889977
AZ_NW,162,0.005594070992312112
AZ_NW,163,0.028294543311508175
AZ_NW,164,0.005773434853649794
AZ_NW,165,0.0055895455736301594
AZ_NW,166,0.00506076970761629
AZ_NW,167,0.004852293051948457
AZ_NW,168,0.01672424155093883
AZ_NW,169,0.011184268339344204
AZ_NW,170,0.015651347536977306
AZ_NW,171,0.011249045242391686
AZ_NW,172,0.034128075344666595
AZ_NW,173,0.009821472204485475
AZ_NW,174,0.005220304348539752
AZ_NW,175,0.005489934482713435
AZ_NW,176,0.0218452460890676
AZ_NW,177,0.023473849350394496
AZ_NW,178,0.01752224871121806
AZ_NW,179,0.016651028257739474
AZ_NW,180,0.010258403354449143
AZ_NW,181,0.005009478849046228
AZ_NW,182,0.004178877348960091
AZ_NW,183,0.00808844675139451
AZ_NW,184,0.012027151354838797
AZ_NW,185,0.014354682133681879
AZ_NW,186,0.003586026668441942
AZ_NW,187,0.003595483236686335
AZ_NW,188,0.01116899316329424
AZ_NW,189,0.004114002482796505
AZ_NW,190,0.016065429762170808
AZ_NW,191,0.011924602114952136
AZ_NW,192,0.004199500267655226
AZ_NW,193,0.004044926123626787
AZ_NW,194,0.010684657822183936
AZ_NW,195,0.0038148720171565643
AZ_NW,196,0.016392714832386072
AZ_NW,197,0.057420061226300195
AZ_NW,198,0.0548278343820008
AZ_NW,199,0.029277098311146804
AZ_NW,200,0.011994604314520645
AZ_NW,201,0.003678300987743063
AZ_NW,202,0.01838112119950272
AZ_NW,203,0.008117229783057078
AZ_NW,204,0.008362327202616938
AZ_NW,205,0.012465995395521083
AZ_NW,206,0.004094583700089508
AZ_NW,207,0.01247509756471317
AZ_NW,208,0.003686619647092492
AZ_NW,209,0.010945597732025691
AZ_NW,210,0.01142329906381819
AZ_NW,211,0.008244606551669234
AZ_NW,212,0.008432267466740626
AZ_NW,213,3.0558086683286845e-05
AZ_NW,214,0.013399552174116678
AZ_NW,215,0.006130128738583794
AZ_NW,216,0.012525528479904324
AZ_NW,217,0.006817735547280963
AZ_NW,218,0.006947165905250232
AZ_NW,219,0.028312413476303293
AZ_NW,220,0.027322963823512614
AZ_NW,221,0.013742796754971419
AZ_NW,222,0.006297977102361736
AZ_NW,223,0.018674941699259182
AZ_NW,224,0.013666873425193017
AZ_NW,225,0.014242087277344268
AZ_NW,226,0.02822761461486181
AZ_NW,227,0.02059466135945885
AZ_NW,228,0.032646711317943285
AZ_NW,229,0.018674408907522477
AZ_NW,230,0.012639161766176759
AZ_NW,231,0.013558643090680002
AZ_NW,232,0.02034653785943358
AZ_NW,233,0.021008886739951323
AZ_NW,234,0.007209395412279357
AZ_NW,235,0.027595353256500574
AZ_NW,236,0.018235437758771938
AZ_NW,237,0.018885279500289617
AZ_NW,238,0.013722767712505643
AZ_NW,239,0.021085079690234196
AZ_NW,240,0.022112123234615293
AZ_NW,241,0.020770826189871708
AZ_NW,242,0.01950261768771737
AZ_NW,243,0.006036152936874437
AZ_NW,244,0.011150259194165285
AZ_NW,245,0.03433570467009576
AZ_NW,246,0.025505751479755073
AZ_NW,247,0.02504651283429698
AZ_NW,248,0.0876748466563337
AZ_NW,249,0.023949325801079942
AZ_NW,250,0.011489275151083144
AZ_NW,251,0.03443123942505489
AZ_NW,252,0.01214128650478658
AZ_NW,253,0.03717536228832073
AZ_NW,254,0.03888893284455003
AZ_NW,255,0.04928689850820673
AZ_NW,256,0.02425748547710115
AZ_NW,257,0.011728839497623959
AZ_NW,258,0.03509052785706955
AZ_NW,259,0.02497435485225956
AZ_NW,260,0.0255590486468913
AZ_NW,261,0.025645134136381306
AZ_NW,262,0.03781103828619885
AZ_NW,263,0.024375047816482937
AZ_NW,264,0.04580645126773463
AZ_NW,265,0.046091380959225464
AZ_NW,266,0.04925429646360115
AZ_NW,267,0.03884683626941012
AZ_NW,268,0.026610082229017323
AZ_NW,269,0.03852210209018987
AZ_NW,270,0.036994241666738925
AZ_NW,271,0.011105919889825051
AZ_NW,272,0.04709543183735216
AZ_NW,273,0.036646668793891446
AZ_NW,274,0.026773040081026794
AZ_NW,275,0.027637343585867342
AZ_NW,276,0.05474378346120298
AZ_NW,277,0.03890524339683122
AZ_NW,278,0.012573394576972373
AZ_NW,279,0.026136451285861916
AZ_NW,280,0.026283774592685015
AZ_NW,281,0.04057136128835347
AZ_NW,282,0.02689009167028345
AZ_NW,283,0.027761405330409394
AZ_NW,284,0.05251659669144041
AZ_NW,285,0.036729474359355585
AZ_NW,286,0.025894964133398923
AZ_NW,287,0.04939480094095543
AZ_NW,288,0.0135393369551791
AZ_NW,289,0.040912292437926163
AZ_NW,290,0.03937445950583186
AZ_NW,291,0.03882117065127647
AZ_NW,292,0.049782335472812085
AZ_NW,293,0.05059194549131183
AZ_NW,294,0.040094631282982435
AZ_NW,295,0.04064485778800545
AZ_NW,296,0.05484824231898646
AZ_NW,297,0.04207468508349255
AZ_NW,298,0.06800692519076003
AZ_NW,299,0.02504932712058951
AZ_NW,300,0.05386375943308334
AZ_NW,301,0.06756221293183744
AZ_NW,302,0.014119401291227811
AZ_NW,303,0.056899951840587895
AZ_NW,304,0.05582553698955785
AZ_NW,305,0.03481415703627937
AZ_NW,306,0.008419495365262897
AZ_NW,307,0.017398210475753503
AZ_NW,308,0.028487938740284487
AZ_NW,309,0.03881072780882028
AZ_NW,310,0.009901366731639338
AZ_NW,311,0.06684428929017454
AZ_NW,312,0.028903955222706054
AZ_NW,313,6.233751905647999e-06
AZ_NW,314,0.03575679347812768
AZ_NW,315,0.017233613775113073
AZ_NW,316,0.029071515605952936
AZ_NW,317,0.02825197661610922
AZ_NW,318,0.037066110345496846
AZ_NW,319,0.03573743762566778
AZ_NW,320,0.017794850264149443
AZ_NW,321,0.03415388582922358
AZ_NW,322,0.044450149092132483
AZ_NW,323,0.01848986641481559
AZ_NW,324,0.019119023526990093
AZ_NW,325,0.03802496390991066
AZ_NW,326,0.027164881754785264
AZ_NW,327,0.03379371607070267
AZ_NW,328,0.15607312166756693
AZ_NW,329,0.04538141075659203
AZ_NW,330,0.038430833050756466
AZ_NW,331,0.008987274575996199
AZ_NW,332,0.01600314021352356
AZ_NW,333,0.01690442021984401
AZ_NW,334,0.03513140324694287
AZ_NW,335,0.016684440611287363
AZ_NW,336,0.00647004847138186
AZ_NW,337,0.0033104068127500497
AZ_NW,338,0.006802881673761459
AZ_NW,339,0.009864781446242228
AZ_NW,340,0.009550485623719308
AZ_NW,341,0.0030678988498205467
AZ_NW,342,0.006094432028651097
AZ_NW,343,0.009710782283833066
AZ_NW,344,0.0033272912742785487
AZ_NW,345,0.003328696579392605
AZ_NW,346,0.006653305387604855
AZ_NW,347,0.006389012338343859
AZ_NW,348,0.0031207183437956757
AZ_NW,349,0.011863076957950962
AZ_NW,350,0.006557802869400996
AZ_NW,351,3.977447012884318e-05
AZ_NW,352,0.0032685431371788447
AZ_NW,353,0.0032418472376313902
AZ_NW,354,0.003224129571375373
AZ_NW,355,0.0029947839048429926
AZ_NW,356,0.0029987181095283227
AZ_NW,357,1.7933380402161352e-05
AZ_NW,358,8.70231266413635e-06
AZ_NW,359,4.943753144700489e-08
AZ_NW,360,0.0030821336297721874
AZ_NW,361,4.881642892315971e-05
AZ_NW,362,0.0030435437006184098
AZ_NW,363,0.0059711584166849884
AZ_NW,364,0.006121142665649729
AZ_NW,365,0.003039432699572651
AZ_PHX,1,27096.063932644178
AZ_PHX,2,28663.30460234548
AZ_PHX,3,31867.28648658637
AZ_PHX,4,30596.86281828665
AZ_PHX,5,29872.423067719075
AZ_PHX,6,26879.67589338663
AZ_PHX,7,28419.644013322064
AZ_PHX,8,30692.855631808587
AZ_PHX,9,28478.069925305837
AZ_PHX,10,30078.66261858509
AZ_PHX,11,30082.629234264503
AZ_PHX,12,29442.84234506007
AZ_PHX,13,22585.359635742334
AZ_PHX,14,24191.48631531952
AZ_PHX,15,27391.79896316671
AZ_PHX,16,28444.77384585083
AZ_PHX,17,29474.812147183406
AZ_PHX,18,32260.25207502449
AZ_PHX,19,30966.02372290892
AZ_PHX,20,23707.023236031382
AZ_PHX,21,27515.543625629954
AZ_PHX,22,30896.024926209087
AZ_PHX,23,28117.42569402631
AZ_PHX,24,31743.833373787707
AZ_PHX,25,34313.42393528376
AZ_PHX,26,33138.14257105703
AZ_PHX,27,25007.119851975025
AZ_PHX,28,31808.17066302032
AZ_PHX,29,32017.236813602227
AZ_PHX,30,29537.657639244222
AZ_PHX,31,32013.520141842364
AZ_PHX,32,33958.84039265539
AZ_PHX,33,30180.397706997872
AZ_PHX,34,24041.185297013675
AZ_PHX,35,29030.052085112726
AZ_PHX,36,33086.503810028546
AZ_PHX,37,28186.325216767953
AZ_PHX,38,30300.82142930146
AZ_PHX,39,33357.14086927969
AZ_PHX,40,34017.96146717473
AZ_PHX,41,25012.588454012977
AZ_PHX,42,30515.702278885714
AZ_PHX,43,37468.36001740951
AZ_PHX,44,29303.87104452557
AZ_PHX,45,30577.164732278583
AZ_PHX,46,34626.48317400014
AZ_PHX,47,33446.50868865353
AZ_PHX,48,26766.878278783635
AZ_PHX,49,29489.581439285437
AZ_PHX,50,33148.91695364962
AZ_PHX,51,32388.2558660766
AZ_PHX,52,34080.73465544226
AZ_PHX,53,35141.10584940637
AZ_PHX,54,32511.81417998038
AZ_PHX,55,26645.212997247818
AZ_PHX,56,32513.59443896345
AZ_PHX,57,32753.30937548066
AZ_PHX,58,30908.01433063497
AZ_PHX,59,31242.03530230805
AZ_PHX,60,33288.1941496918
AZ_PHX,61,28268.918291663376
AZ_PHX,62,32172.097128023866
AZ_PHX,63,33141.66433215439
AZ_PHX,64,30689.835618055004
AZ_PHX,65,34922.14621793998
AZ_PHX,66,34078.11183938068
AZ_PHX,67,35830.636742524104
AZ_PHX,68,29758.746878253794
AZ_PHX,69,34233.11734618428
AZ_PHX,70,34016.33426395297
AZ_PHX,71,32443.99918315527
AZ_PHX,72,34467.82420555353
AZ_PHX,73,34017.5346604607
AZ_PHX,74,33501.49539851154
AZ_PHX,75,30304.03012383499
AZ_PHX,76,32721.8113214278
AZ_PHX,77,35231.2618942598
AZ_PHX,78,33379.52048058355
AZ_PHX,79,35191.12504594601
AZ_PHX,80,34072.8927783942
AZ_PHX,81,34467.40223972472
AZ_PHX,82,30451.113574347146
AZ_PHX,83,32204.809095779394
AZ_PHX,84,35316.225963039506
AZ_PHX,85,32717.691965027752
AZ_PHX,86,34105.21404311802
AZ_PHX,87,34138.94110174012
AZ_PHX,88,32601.01120373369
AZ_PHX,89,30059.49046091346
AZ_PHX,90,28579.795766464013
AZ_PHX,91,34836.4747570596
AZ_PHX,92,33474.470808102225
AZ_PHX,93,32508.6475580269
AZ_PHX,94,31630.407755407094
AZ_PHX,95,33899.59752589187
AZ_PHX,96,31572.73037368476
AZ_PHX,97,35260.033250057204
AZ_PHX,98,34114.750525625524
AZ_PHX,99,35837.962794449486
AZ_PHX,100,32870.919747407446
AZ_PHX,101,35746.76023967211
AZ_PHX,102,32567.75349454355
AZ_PHX,103,26369.855217835768
AZ_PHX,104,31482.92464176335
AZ_PHX,105,34445.265543475085
AZ_PHX,106,31420.919471895948
AZ_PHX,107,32722.50896441126
AZ_PHX,108,35988.099775770526
AZ_PHX,109,34203.464050883376
AZ_PHX,110,25404.121788117034
AZ_PHX,111,31663.010667434846
AZ_PHX,112,32841.220998913566
AZ_PHX,113,31570.241347266452
AZ_PHX,114,32842.16747064315
AZ_PHX,115,34776.59015767974
AZ_PHX,116,33836.46004392089
AZ_PHX,117,25617.89559770867
AZ_PHX,118,32480.07666280141
AZ_PHX,119,33416.580913281985
AZ_PHX,120,29756.388272898606
AZ_PHX,121,33264.95629014691
AZ_PHX,122,35050.20057807734
AZ_PHX,123,32660.921252709006
AZ_PHX,124,26157.98020736958
AZ_PHX,125,29400.48096334741
AZ_PHX,126,30670.24977983524
AZ_PHX,127,30425.329453832608
AZ_PHX,128,31995.00659364453
AZ_PHX,129,34776.06246865869
AZ_PHX,130,33444.90357567427
AZ_PHX,131,26071.81768357016
AZ_PHX,132,27614.690597996523
AZ_PHX,133,31996.516904829354
AZ_PHX,134,31422.272093542695
AZ_PHX,135,31209.58303102924
AZ_PHX,136,33477.319585594436
AZ_PHX,137,32359.764178864352
AZ_PHX,138,26039.513236309078
AZ_PHX,139,29306.60894601458
AZ_PHX,140,31693.373805123483
AZ_PHX,141,30996.289823648724
AZ_PHX,142,31996.49053848374
AZ_PHX,143,34901.26447386007
AZ_PHX,144,31516.07985800146
AZ_PHX,145,22534.8876409046
AZ_PHX,146,24349.750320838906
AZ_PHX,147,27405.134246205802
AZ_PHX,148,29820.913170703316
AZ_PHX,149,29487.723301929196
AZ_PHX,150,30907.562002390245
AZ_PHX,151,30091.40712718634
AZ_PHX,152,24650.587363742765
AZ_PHX,153,27163.853011231527
AZ_PHX,154,29553.596144208004
AZ_PHX,155,28220.682082225285
AZ_PHX,156,29098.305960618203
AZ_PHX,157,31063.266144258592
AZ_PHX,158,29431.83582900128
AZ_PHX,159,23807.03749631992
AZ_PHX,160,26768.20276207526
AZ_PHX,161,28764.050270231448
AZ_PHX,162,28130.161655777487
AZ_PHX,163,28884.31951360584
AZ_PHX,164,30366.424111198314
AZ_PHX,165,29550.93987951588
AZ_PHX,166,23928.34602457241
AZ_PHX,167,24079.565253605233
AZ_PHX,168,29307.91207593833
AZ_PHX,169,28946.300896800298
AZ_PHX,170,26801.50228062174
AZ_PHX,171,29580.52145293581
AZ_PHX,172,29914.019806364973
AZ_PHX,173,22900.5765522364
AZ_PHX,174,25562.109321964963
AZ_PHX,175,28706.860210827166
AZ_PHX,176,27676.411639340637
AZ_PHX,177,30700.36750539185
AZ_PHX,178,31003.262277558806
AZ_PHX,179,29369.54280266799
AZ_PHX,180,24140.326274747124
AZ_PHX,181,24382.99055371916
AZ_PHX,182,29069.159601725925
AZ_PHX,183,27616.857399916516
AZ_PHX,184,28282.10143678704
AZ_PHX,185,18755.45830787374
AZ_PHX,186,23081.8808958427
AZ_PHX,187,22780.789305369093
AZ_PHX,188,25592.978341492453
AZ_PHX,189,29039.191717739795
AZ_PHX,190,28040.86271707994
AZ_PHX,191,28312.412753156717
AZ_PHX,192,30127.434376417685
AZ_PHX,193,28342.609420309178
AZ_PHX,194,23294.561207146144
AZ_PHX,195,23745.06770052637
AZ_PHX,196,30096.045873365027
AZ_PHX,197,28220.84063271729
AZ_PHX,198,29583.23084417752
AZ_PHX,199,28824.718990732854
AZ_PHX,200,26921.239188247186
AZ_PHX,201,23475.470867676504
AZ_PHX,202,24473.67430592955
AZ_PHX,203,28042.177152809898
AZ_PHX,204,28492.236937759437
AZ_PHX,205,28795.878582701782
AZ_PHX,206,30278.413372269984
AZ_PHX,207,29219.03596819911
AZ_PHX,208,23746.85286555546
AZ_PHX,209,24111.17679903248
AZ_PHX,210,26951.330327180163
AZ_PHX,211,28795.85449487206
AZ_PHX,212,28826.089533439095
AZ_PHX,213,30942.236693076902
AZ_PHX,214,28038.378160341425
AZ_PHX,215,22685.841803522675
AZ_PHX,216,23685.347452763664
AZ_PHX,217,28768.72434112843
AZ_PHX,218,25437.027616958545
AZ_PHX,219,29096.682902295142
AZ_PHX,220,29884.188934343303
AZ_PHX,221,29944.70469617984
AZ_PHX,222,21416.919259489187
AZ_PHX,223,25622.302768904796
AZ_PHX,224,29098.61776308194
AZ_PHX,225,26346.34787111979
AZ_PHX,226,27796.352869148144
AZ_PHX,227,30672.33452390162
AZ_PHX,228,28736.86766433725
AZ_PHX,229,21507.75802851302
AZ_PHX,230,26166.25610729467
AZ_PHX,231,29372.590206573677
AZ_PHX,232,25558.04639073297
AZ_PHX,233,28189.883718868383
AZ_PHX,234,32300.483570183318
AZ_PHX,235,31184.12989836753
AZ_PHX,236,21144.8092443542
AZ_PHX,237,26046.346001884212
AZ_PHX,238,28250.391490896982
AZ_PHX,239,25344.286203650718
AZ_PHX,240,27401.55453358085
AZ_PHX,241,30455.37185187066
AZ_PHX,242,28707.301616537407
AZ_PHX,243,20417.57815826207
AZ_PHX,244,20807.727692781176
AZ_PHX,245,26767.81265845374
AZ_PHX,246,25700.410405680002
AZ_PHX,247,25641.769911287898
AZ_PHX,248,30903.23607096328
AZ_PHX,249,29695.374278214887
AZ_PHX,250,21799.511609517365
AZ_PHX,251,26945.872333575408
AZ_PHX,252,29368.60894043639
AZ_PHX,253,25914.802897226058
AZ_PHX,254,27333.366305221243
AZ_PHX,255,31419.12084078776
AZ_PHX,256,30297.926542619036
AZ_PHX,257,22892.09456049147
AZ_PHX,258,27337.77837418566
AZ_PHX,259,30180.121206768443
AZ_PHX,260,26698.47370745361
AZ_PHX,261,26636.31918636817
AZ_PHX,262,31481.406181098937
AZ_PHX,263,30936.70124627284
AZ_PHX,264,22105.593208648224
AZ_PHX,265,27400.172515812796
AZ_PHX,266,30273.169098684637
AZ_PHX,267,26759.723556196313
AZ_PHX,268,28451.42546686407
AZ_PHX,269,31810.268728787592
AZ_PHX,270,31205.52769919283
AZ_PHX,271,21503.112140422905
AZ_PHX,272,28156.828733485472
AZ_PHX,273,30119.07255748384
AZ_PHX,274,27004.299896560802
AZ_PHX,275,28603.88918215777
AZ_PHX,276,33686.41850967242
AZ_PHX,277,32416.766583419398
AZ_PHX,278,24674.05644699461
AZ_PHX,279,30846.214384186416
AZ_PHX,280,33025.89522547087
AZ_PHX,281,31723.039386094664
AZ_PHX,282,31630.993136500983
AZ_PHX,283,34685.48034462777
AZ_PHX,284,33687.90660724777
AZ_PHX,285,27039.033672453344
AZ_PHX,286,31029.09685122096
AZ_PHX,287,31304.09923622039
AZ_PHX,288,31390.969099723112
AZ_PHX,289,32116.27315424417
AZ_PHX,290,34265.71070055499
AZ_PHX,291,32660.49599659052
AZ_PHX,292,27217.249858620722
AZ_PHX,293,31271.61732177281
AZ_PHX,294,33446.80844095067
AZ_PHX,295,32387.578017930973
AZ_PHX,296,33112.3322095976
AZ_PHX,297,36530.16345530675
AZ_PHX,298,34200.975612511626
AZ_PHX,299,25643.99362824076
AZ_PHX,300,33145.41579339737
AZ_PHX,301,33929.269446704166
AZ_PHX,302,30936.62673379981
AZ_PHX,303,31356.965685000727
AZ_PHX,304,29362.624339536807
AZ_PHX,305,31507.19317740813
AZ_PHX,306,23584.400051799374
AZ_PHX,307,30935.2490068122
AZ_PHX,308,30512.419786948605
AZ_PHX,309,27241.188748916593
AZ_PHX,310,32438.412814091498
AZ_PHX,311,37250.83253934012
AZ_PHX,312,34344.22653881142
AZ_PHX,313,25038.087214988263
AZ_PHX,314,35229.54911743773
AZ_PHX,315,34022.17977433454
AZ_PHX,316,31774.510086865208
AZ_PHX,317,32078.89247177591
AZ_PHX,318,36584.0430703244
AZ_PHX,319,34955.542311323625
AZ_PHX,320,25582.228776534266
AZ_PHX,321,32382.863556741344
AZ_PHX,322,34589.72210738232
AZ_PHX,323,30869.533347609828
AZ_PHX,324,32107.842317024482
AZ_PHX,325,37007.44588688828
AZ_PHX,326,36642.21792888563
AZ_PHX,327,31810.561314670664
AZ_PHX,328,33743.280804712704
AZ_PHX,329,35014.47556479884
AZ_PHX,330,38787.73037408318
AZ_PHX,331,36132.61307506788
AZ_PHX,332,17117.539995374824
AZ_PHX,333,26976.300146499398
AZ_PHX,334,32354.826435486015
AZ_PHX,335,36408.16829062273
AZ_PHX,336,37439.39430461537
AZ_PHX,337,33021.65654989131
AZ_PHX,338,31418.921134687676
AZ_PHX,339,34108.44354183969
AZ_PHX,340,33688.662940204784
AZ_PHX,341,24763.54680322425
AZ_PHX,342,32299.144295791233
AZ_PHX,343,32452.416153201844
AZ_PHX,344,29604.549798242715
AZ_PHX,345,31115.41288168913
AZ_PHX,346,34867.38868853391
AZ_PHX,347,34141.353699229214
AZ_PHX,348,25160.254859686745
AZ_PHX,349,31665.256704539348
AZ_PHX,350,32567.332695631292
AZ_PHX,351,30451.597174611295
AZ_PHX,352,31415.806700513964
AZ_PHX,353,36532.12938188212
AZ_PHX,354,36591.28516156254
AZ_PHX,355,31847.134415870172
AZ_PHX,356,32239.867269213195
AZ_PHX,357,33538.17794365434
AZ_PHX,358,22714.48659880494
AZ_PHX,359,19356.850038721688
AZ_PHX,360,32450.140493497336
AZ_PHX,361,36682.68416309766
AZ_PHX,362,32328.75990956329
AZ_PHX,363,31784.834918571098
AZ_PHX,364,34414.96230856602
AZ_PHX,365,26220.477648537737
AZ_SE,1,18.739370847442217
AZ_SE,2,25.12431034952843
AZ_SE,3,28.91787490200337
AZ_SE,4,28.328604467276996
AZ_SE,5,26.48616757729009
AZ_SE,6,23.290712360885507
AZ_SE,7,26.688092236019664
AZ_SE,8,23.113710033265725
AZ_SE,9,28.784199337361752
AZ_SE,10,32.07021185554415
AZ_SE,11,28.10642472325573
AZ_SE,12,32.39039000788458
AZ_SE,13,20.386655279506986
AZ_SE,14,18.150533262360003
AZ_SE,15,25.61318849648962
AZ_SE,16,31.812035834490075
AZ_SE,17,30.672452985530924
AZ_SE,18,29.32884645869731
AZ_SE,19,22.31227215722337
AZ_SE,20,18.414881855997056
AZ_SE,21,22.908918525088925
AZ_SE,22,31.777857326618488
AZ_SE,23,26.282020522445162
AZ_SE,24,31.29775268075934
AZ_SE,25,33.97481139888028
AZ_SE,26,29.036396437102884
AZ_SE,27,19.572193149096428
AZ_SE,28,27.48384887068532
AZ_SE,29,30.27222992947169
AZ_SE,30,28.353014326851067
AZ_SE,31,33.97966262979293
AZ_SE,32,25.389179905078223
AZ_SE,33,21.082745157953187
AZ_SE,34,17.1406978661414
AZ_SE,35,21.35678134045926
AZ_SE,36,19.876556124920437
AZ_SE,37,17.870779011258968
AZ_SE,38,21.67517995339455
AZ_SE,39,21.80382098778558
AZ_SE,40,26.795434781937452
AZ_SE,41,14.06281616563689
AZ_SE,42,18.619497542589443
AZ_SE,43,25.759832898394095
AZ_SE,44,19.953030105220883
AZ_SE,45,17.717601214459336
AZ_SE,46,23.54609273017596
AZ_SE,47,23.282019803102287
AZ_SE,48,15.007838313410199
AZ_SE,49,15.890053032597748
AZ_SE,50,18.270699996246982
AZ_SE,51,22.381406669405123
AZ_SE,52,24.588750670048896
AZ_SE,53,23.345536255870293
AZ_SE,54,19.868589566874725
AZ_SE,55,15.637444755219457
AZ_SE,56,18.079352068603583
AZ_SE,57,20.46834444605526
AZ_SE,58,19.79209230577109
AZ_SE,59,18.65335647307324
AZ_SE,60,30.29583425828195
AZ_SE,61,26.04013297873674
AZ_SE,62,26.62820376146658
AZ_SE,63,25.488207957431623
AZ_SE,64,26.144250893599335
AZ_SE,65,30.47675942119887
AZ_SE,66,27.20445648056456
AZ_SE,67,29.85477030688139
AZ_SE,68,19.10004236716511
AZ_SE,69,23.50019631642891
AZ_SE,70,28.446438408113227
AZ_SE,71,27.142525423101645
AZ_SE,72,30.91147658627454
AZ_SE,73,27.257919724715748
AZ_SE,74,28.83075546561178
AZ_SE,75,18.54408176792441
AZ_SE,76,21.706111147714218
AZ_SE,77,24.014822157121998
AZ_SE,78,29.718539072923267
AZ_SE,79,33.87331357851203
AZ_SE,80,32.423093862852525
AZ_SE,81,31.29784665232041
AZ_SE,82,22.7576710275642
AZ_SE,83,24.238211667194115
AZ_SE,84,29.798833125629486
AZ_SE,85,25.806400515755847
AZ_SE,86,30.375738577680224
AZ_SE,87,26.88759124298952
AZ_SE,88,21.46496530951303
AZ_SE,89,20.953620168469683
AZ_SE,90,17.800339384032977
AZ_SE,91,25.38816470118836
AZ_SE,92,25.6109514945869
AZ_SE,93,23.012890705052065
AZ_SE,94,23.675488709831836
AZ_SE,95,24.13959183788359
AZ_SE,96,20.852975218564836
AZ_SE,97,25.50028685224288
AZ_SE,98,20.83433506451166
AZ_SE,99,22.550857726459537
AZ_SE,100,23.91185521137262
AZ_SE,101,22.95180921465444
AZ_SE,102,24.45448347802731
AZ_SE,103,18.65188467120623
AZ_SE,104,19.868875240326727
AZ_SE,105,23.208488416489914
AZ_SE,106,21.346846980276954
AZ_SE,107,21.034831378098165
AZ_SE,108,23.735735312719093
AZ_SE,109,22.913690348766288
AZ_SE,110,16.00508963622723
AZ_SE,111,21.359474895217954
AZ_SE,112,23.367106679679374
AZ_SE,113,23.337704746436884
AZ_SE,114,22.418668685142208
AZ_SE,115,24.759448073302824
AZ_SE,116,26.753093185166414
AZ_SE,117,14.053811272701868
AZ_SE,118,21.359950480561867
AZ_SE,119,22.974880237862514
AZ_SE,120,21.466364484774335
AZ_SE,121,23.24332165980795
AZ_SE,122,23.479415364771082
AZ_SE,123,22.01445332955591
AZ_SE,124,18.65297930515869
AZ_SE,125,14.195827554981344
AZ_SE,126,15.410190483814024
AZ_SE,127,18.263246314095852
AZ_SE,128,22.193731074040244
AZ_SE,129,25.239643109013222
AZ_SE,130,24.87815808098728
AZ_SE,131,14.036148502666093
AZ_SE,132,14.545474512589331
AZ_SE,133,20.701856435361318
AZ_SE,134,19.960605191119768
AZ_SE,135,20.799935414651806
AZ_SE,136,22.70819570416413
AZ_SE,137,20.56794688944724
AZ_SE,138,16.064146245106578
AZ_SE,139,17.27955675814924
AZ_SE,140,21.218373300234106
AZ_SE,141,22.26768500951262
AZ_SE,142,20.702816625811494
AZ_SE,143,21.055613084133295
AZ_SE,144,16.926601658367126
AZ_SE,145,10.293982068836891
AZ_SE,146,11.183865296092488
AZ_SE,147,12.23987119580062
AZ_SE,148,17.425586938873778
AZ_SE,149,17.72725345925922
AZ_SE,150,20.21524783854941
AZ_SE,151,19.294359401325526
AZ_SE,152,12.970929791355996
AZ_SE,153,11.466677115646974
AZ_SE,154,12.419907070666907
AZ_SE,155,13.810019490185496
AZ_SE,156,13.774667795406907
AZ_SE,157,15.8344385818185
AZ_SE,158,13.123962343087884
AZ_SE,159,9.19750017121673
AZ_SE,160,13.700732538121716
AZ_SE,161,15.153503594514381
AZ_SE,162,13.540055126006898
AZ_SE,163,15.910269712033442
AZ_SE,164,16.6654832019894
AZ_SE,165,15.082362794735285
AZ_SE,166,8.936220303813519
AZ_SE,167,9.030092398538615
AZ_SE,168,15.998663622328245
AZ_SE,169,14.471563826815897
AZ_SE,170,10.664328490565726
AZ_SE,171,15.75405838218404
AZ_SE,172,15.113498495600068
AZ_SE,173,7.790672487814237
AZ_SE,174,9.318592126950957
AZ_SE,175,11.817575640244518
AZ_SE,176,13.343523607366174
AZ_SE,177,15.584764260917137
AZ_SE,178,15.314155304999161
AZ_SE,179,14.891158091759483
AZ_SE,180,8.781541722954051
AZ_SE,181,8.2184790569793
AZ_SE,182,12.669361605123793
AZ_SE,183,12.39390807756232
AZ_SE,184,12.90908031633882
AZ_SE,185,7.002872980186315
AZ_SE,186,8.05717227402791
AZ_SE,187,6.535322445277444
AZ_SE,188,8.708891603714966
AZ_SE,189,12.377086307780763
AZ_SE,190,12.046933396671948
AZ_SE,191,12.861273154240633
AZ_SE,192,13.570199072137731
AZ_SE,193,12.93668760991081
AZ_SE,194,7.214554666342133
AZ_SE,195,10.642906980014583
AZ_SE,196,14.686969586748106
AZ_SE,197,13.60441084663959
AZ_SE,198,12.997552987042521
AZ_SE,199,14.990472717831313
AZ_SE,200,11.973444803874726
AZ_SE,201,7.880928487207355
AZ_SE,202,8.310541844361202
AZ_SE,203,10.743826010017832
AZ_SE,204,14.615437310801214
AZ_SE,205,13.584034050499262
AZ_SE,206,13.897970505377494
AZ_SE,207,14.092015968759638
AZ_SE,208,8.860968877947867
AZ_SE,209,7.675007663059719
AZ_SE,210,12.153440447584293
AZ_SE,211,13.612499032417105
AZ_SE,212,13.642796860057432
AZ_SE,213,15.826680224815156
AZ_SE,214,14.51735977329665
AZ_SE,215,10.694777596079835
AZ_SE,216,9.833647665348371
AZ_SE,217,10.463062051287139
AZ_SE,218,13.312632779167103
AZ_SE,219,15.36314805671402
AZ_SE,220,14.655935115870982
AZ_SE,221,14.708382320096314
AZ_SE,222,8.609843947114477
AZ_SE,223,9.641115173278866
AZ_SE,224,13.463406761072267
AZ_SE,225,11.866451228370368
AZ_SE,226,14.427292732751873
AZ_SE,227,13.333560786821415
AZ_SE,228,12.052133126082069
AZ_SE,229,8.544639983016644
AZ_SE,230,10.395376849745315
AZ_SE,231,11.834951722262266
AZ_SE,232,13.353826671416135
AZ_SE,233,14.311869199349815
AZ_SE,234,19.324901237172895
AZ_SE,235,16.017580375998072
AZ_SE,236,8.351322253203543
AZ_SE,237,9.265390891632814
AZ_SE,238,14.354650619188018
AZ_SE,239,15.239765689327866
AZ_SE,240,15.78400289024039
AZ_SE,241,18.497333308371502
AZ_SE,242,11.336613614112682
AZ_SE,243,9.28962778012657
AZ_SE,244,12.55554161023313
AZ_SE,245,14.063932852207214
AZ_SE,246,22.30124729184008
AZ_SE,247,20.412326228018163
AZ_SE,248,24.482878134110326
AZ_SE,249,21.937182791169384
AZ_SE,250,19.41903561091619
AZ_SE,251,17.5823913196161
AZ_SE,252,15.8323233520716
AZ_SE,253,19.722952647151928
AZ_SE,254,23.488293485746464
AZ_SE,255,23.09188217097784
AZ_SE,256,24.6184439481618
AZ_SE,257,16.268556747636076
AZ_SE,258,19.072705769181983
AZ_SE,259,21.37500588170787
AZ_SE,260,22.891453550892294
AZ_SE,261,24.50982466359413
AZ_SE,262,21.306463914060014
AZ_SE,263,21.33323600933391
AZ_SE,264,15.9235647433267
AZ_SE,265,17.188320130494624
AZ_SE,266,19.09674989079787
AZ_SE,267,22.151395654961664
AZ_SE,268,25.133207523544602
AZ_SE,269,25.34554273674814
AZ_SE,270,24.844128291022248
AZ_SE,271,13.193370262499018
AZ_SE,272,17.077682338409023
AZ_SE,273,21.89365900517189
AZ_SE,274,19.66822491572621
AZ_SE,275,23.965420972909126
AZ_SE,276,25.439779738936924
AZ_SE,277,24.098431488125048
AZ_SE,278,19.757103210677045
AZ_SE,279,21.038951279010853
AZ_SE,280,20.227540104648895
AZ_SE,281,21.800914693835086
AZ_SE,282,23.066063859614367
AZ_SE,283,25.048266382931587
AZ_SE,284,23.953914620605463
AZ_SE,285,15.19147280280709
AZ_SE,286,19.733765525497788
AZ_SE,287,17.069018868964044
AZ_SE,288,21.020767585855207
AZ_SE,289,21.97128589191067
AZ_SE,290,21.145417554653797
AZ_SE,291,22.469476659238858
AZ_SE,292,18.528953658948975
AZ_SE,293,19.287079440589316
AZ_SE,294,22.969747134341418
AZ_SE,295,23.026986122676586
AZ_SE,296,24.549566026420987
AZ_SE,297,26.330308476661635
AZ_SE,298,25.31691727680729
AZ_SE,299,18.196150449742653
AZ_SE,300,21.725062936696464
AZ_SE,301,24.672290956773
AZ_SE,302,21.42314559023292
AZ_SE,303,24.704204367236095
AZ_SE,304,21.754961017563605
AZ_SE,305,25.82423544941879
AZ_SE,306,19.98430283716763
AZ_SE,307,22.808899498500285
AZ_SE,308,21.946903676242062
AZ_SE,309,24.859528209175057
AZ_SE,310,32.73976109842083
AZ_SE,311,31.93547340394167
AZ_SE,312,33.41335626163752
AZ_SE,313,18.881664210533867
AZ_SE,314,25.697031319402182
AZ_SE,315,22.599328441009227
AZ_SE,316,30.859513801934025
AZ_SE,317,29.09685485476426
AZ_SE,318,32.98000094498899
AZ_SE,319,27.33870913400592
AZ_SE,320,19.43005756318715
AZ_SE,321,27.753659235522885
AZ_SE,322,30.010508449902662
AZ_SE,323,27.983792928065164
AZ_SE,324,30.419186017313525
AZ_SE,325,33.253305070998366
AZ_SE,326,35.34424402922674
AZ_SE,327,25.07419722650751
AZ_SE,328,29.005049372591817
AZ_SE,329,28.92114326282672
AZ_SE,330,38.40942022778783
AZ_SE,331,30.507989134354485
AZ_SE,332,10.757495840558173
AZ_SE,333,17.417431364168458
AZ_SE,334,25.5249827914594
AZ_SE,335,27.32748709291434
AZ_SE,336,25.0263075630504
AZ_SE,337,24.505115204545472
AZ_SE,338,23.345155703152773
AZ_SE,339,27.143045740993006
AZ_SE,340,23.258365456280693
AZ_SE,341,21.07153108706901
AZ_SE,342,20.72486987152803
AZ_SE,343,18.759773247972078
AZ_SE,344,21.999677660089446
AZ_SE,345,24.234173189809958
AZ_SE,346,24.754540245228235
AZ_SE,347,24.500238553165456
AZ_SE,348,17.77110010656391
AZ_SE,349,19.105257759403965
AZ_SE,350,24.891613818450296
AZ_SE,351,22.291369206370007
AZ_SE,352,26.46548927039269
AZ_SE,353,24.427207575422447
AZ_SE,354,25.79828762265104
AZ_SE,355,18.809031805770168
AZ_SE,356,19.483171513865056
AZ_SE,357,22.443402527220975
AZ_SE,358,12.316629834879336
AZ_SE,359,10.868836444437559
AZ_SE,360,21.043265157960118
AZ_SE,361,25.19009368235044
AZ_SE,362,21.376345103819062
AZ_SE,363,20.5833584633017
AZ_SE,364,23.251581194848523
AZ_SE,365,16.72584636196001
CA_IID,1,0.00028979367045657675
CA_IID,2,0.0002931902651809111
CA_IID,3,0.0005170747507152406
CA_IID,4,0.0005233813307963765
CA_IID,5,0.0005899342607354612
CA_IID,6,0.000197113596551965
CA_IID,7,0.0002836422677180062
CA_IID,8,0.0005950556556473493
CA_IID,9,0.0006184715276525457
CA_IID,10,0.0007036332681798084
CA_IID,11,0.000414359900149142
CA_IID,12,0.00046919148794533956
CA_IID,13,0.00019651665515242272
CA_IID,14,0.00027758961332812637
CA_IID,15,0.0005297960207405828
CA_IID,16,0.0003870937682429541
CA_IID,17,0.0007731141359831589
CA_IID,18,0.0005623777849667388
CA_IID,19,0.0006265456867376271
CA_IID,20,0.000483406471361093
CA_IID,21,0.00029323154715641596
CA_IID,22,0.000140805403511576
CA_IID,23,0.0005587161580854126
CA_IID,24,0.0004950448044519555
CA_IID,25,0.0009924689252856845
CA_IID,26,0.0004764284814000373
CA_IID,27,0.00026784974398339916
CA_IID,28,0.00030624908243892166
CA_IID,29,0.00047466141386899634
CA_IID,30,0.0005443666143899645
CA_IID,31,0.0005808785529230745
CA_IID,32,0.0003745125056659723
CA_IID,33,0.00045750554629857103
CA_IID,34,0.0003387688581827371
CA_IID,35,6.782272001743245e-05
CA_IID,36,0.0002777357972836107
CA_IID,37,0.0005777643953794539
CA_IID,38,0.0006740709806748964
CA_IID,39,0.0004625086897280404
CA_IID,40,0.0009083615533423445
CA_IID,41,0.00019323192576602382
CA_IID,42,0.0002008411549150935
CA_IID,43,0.0005346842417002163
CA_IID,44,0.0005287255714112823
CA_IID,45,0.0006693654256251682
CA_IID,46,0.0007965631064042559
CA_IID,47,0.0007027487291538748
CA_IID,48,0.00020145658853520937
CA_IID,49,0.00034339975255739957
CA_IID,50,0.0004272969867798988
CA_IID,51,0.0005290533569105228
CA_IID,52,0.0006256561944200259
CA_IID,53,0.0007714451626629634
CA_IID,54,0.0007630539107043339
CA_IID,55,0.0003276810527421733
CA_IID,56,0.00021619150091773363
CA_IID,57,0.0005088155123331382
CA_IID,58,0.0004553366642118798
CA_IID,59,0.0005373380286315208
CA_IID,60,0.000974544826721726
CA_IID,61,0.000155973815235119
CA_IID,62,9.102940015166114e-05
CA_IID,63,0.0007612282665197207
CA_IID,64,0.0005882209210284567
CA_IID,65,0.0006928334059409471
CA_IID,66,0.0006021208576592317
CA_IID,67,0.0006764400206838224
CA_IID,68,0.000587016346637182
CA_IID,69,0.000374847478360173
CA_IID,70,0.001038956282698583
CA_IID,71,0.000666197719476694
CA_IID,72,0.0005836032326313221
CA_IID,73,0.0003877482118872322
CA_IID,74,0.000581210894739999
CA_IID,75,0.000410341929290216
CA_IID,76,0.00027952871945067777
CA_IID,77,0.00067115985575809
CA_IID,78,0.000875004163937954
CA_IID,79,0.0008796827798724563
CA_IID,80,0.0007010808159381106
CA_IID,81,0.000503111545555996
CA_IID,82,0.00042815485189077643
CA_IID,83,0.0005538504284704847
CA_IID,84,0.0004679736520587881
CA_IID,85,0.0009380674175490978
CA_IID,86,0.0007004185894472387
CA_IID,87,0.0008005942010018087
CA_IID,88,0.0009666098400311958
CA_IID,89,0.0003276401241006124
CA_IID,90,0.0002507495694094945
CA_IID,91,0.0004047700966566179
CA_IID,92,0.0003600711090874607
CA_IID,93,0.00026615767356744243
CA_IID,94,0.0002814980970201243
CA_IID,95,0.0005235623661527602
CA_IID,96,0.00028002219957487854
CA_IID,97,0.00020331095384620078
CA_IID,98,0.0003966577548721591
CA_IID,99,0.0003063304437800848
CA_IID,100,0.0004657608802521001
CA_IID,101,0.0006056164410105041
CA_IID,102,0.0004410465257629872
CA_IID,103,0.00017943472246364952
CA_IID,104,0.0002539518764224602
CA_IID,105,0.00042474998917095807
CA_IID,106,0.0003597388523374283
CA_IID,107,0.00047097170029971935
CA_IID,108,0.00033718650429974954
CA_IID,109,0.00037222269090504885
CA_IID,110,0.00027355608117025974
CA_IID,111,0.0002014828232649586
CA_IID,112,0.0003636796604868412
CA_IID,113,0.0004199574098226942
CA_IID,114,0.0002666016732068841
CA_IID,115,0.000564062414537926
CA_IID,116,0.00044389602160380213
CA_IID,117,0.0001337701979946209
CA_IID,118,0.00025198694080618767
CA_IID,119,0.00031912016669659527
CA_IID,120,0.0005634773332817181
CA_IID,121,0.0004549577948779801
CA_IID,122,0.0004603162560483
CA_IID,123,0.0002944430071043786
CA_IID,124,0.00015167812150416107
CA_IID,125,0.0005129956830982103
CA_IID,126,0.0003358980843805902
CA_IID,127,0.0003843540291756095
CA_IID,128,0.0004953361900393246
CA_IID,129,0.00037160714430127864
CA_IID,130,0.00041378027909432327
CA_IID,131,0.0002031903102522032
CA_IID,132,0.00022896728091322392
CA_IID,133,0.0003779301080328987
CA_IID,134,0.0004940366014453603
CA_IID,135,0.0003004426349846963
CA_IID,136,0.00046299471943482177
CA_IID,137,0.0008933290732327889
CA_IID,138,0.00015145708854606308
CA_IID,139,0.00019826739114176027
CA_IID,140,0.0003905749736375157
CA_IID,141,0.0003319589992437107
CA_IID,142,0.0003880661191177426
CA_IID,143,0.00045349724787756924
CA_IID,144,0.00039784860811912826
CA_IID,145,0.00018664016405609904
CA_IID,146,0.0003703264929048015
CA_IID,147,0.00012461210668121998
CA_IID,148,0.0004194167656579625
CA_IID,149,0.00037538638983431903
CA_IID,150,0.000382046650332541
CA_IID,151,0.0005887510988229719
CA_IID,152,0.00013303984097156132
CA_IID,153,0.0002409063220895163
CA_IID,154,0.0002938418248141214
CA_IID,155,0.00035147141144268684
CA_IID,156,0.0004095166870356015
CA_IID,157,0.0005415649949515745
CA_IID,158,0.0005109570103599248
CA_IID,159,0.0001361617093563395
CA_IID,160,0.00015084649705353394
CA_IID,161,0.0004018911266633842
CA_IID,162,0.0005153877010735149
CA_IID,163,0.00041350466842229313
CA_IID,164,0.00042999297013662113
CA_IID,165,0.00041529594222760213
CA_IID,166,0.00013878481498614506
CA_IID,167,0.00023980787707287847
CA_IID,168,0.0003073574964641695
CA_IID,169,0.00029883083729961136
CA_IID,170,0.00039038030681518015
CA_IID,171,0.0004196704602831375
CA_IID,172,0.00034655838985141554
CA_IID,173,0.00017732999033822277
CA_IID,174,1.1204171187156574e-06
CA_IID,175,0.00029581787633025666
CA_IID,176,0.00030082575340683167
CA_IID,177,0.0003535435466018689
CA_IID,178,0.00042325295246338187
CA_IID,179,0.00035781680303352895
CA_IID,180,0.0001351381390955348
CA_IID,181,0.0002356310755891985
CA_IID,182,0.0004215318388432891
CA_IID,183,0.0007958799092202344
CA_IID,184,0.0006080646879693676
CA_IID,185,0.00021269310180820102
CA_IID,186,0.00038876814967664765
CA_IID,187,0.0002354136188950562
CA_IID,188,0.0002522191440516589
CA_IID,189,0.00043324059807532797
CA_IID,190,0.0007003222552626843
CA_IID,191,0.0004420780190921318
CA_IID,192,0.0008104314508631911
CA_IID,193,0.00026693366197601373
CA_IID,194,7.891636200173104e-05
CA_IID,195,8.807462804021487e-05
CA_IID,196,0.0002628517556616039
CA_IID,197,0.00034742795822233495
CA_IID,198,0.0006281813614270245
CA_IID,199,0.0005734317103747078
CA_IID,200,0.0005636417334297108
CA_IID,201,0.00015897144040436653
CA_IID,202,1.5203343820813828e-06
CA_IID,203,0.00026390348629508185
CA_IID,204,0.0005148273275241808
CA_IID,205,0.0002634291163479486
CA_IID,206,0.00027287461532333535
CA_IID,207,0.00018074213249738856
CA_IID,208,0.0001582483740955669
CA_IID,209,1.4460077435989614e-06
CA_IID,210,0.0001742359519932417
CA_IID,211,0.00026417554840934627
CA_IID,212,0.00044688916689042076
CA_IID,213,0.00018829270534025794
CA_IID,214,0.00012172702412100624
CA_IID,215,5.311366738467688e-05
CA_IID,216,2.9005538563698708e-05
CA_IID,217,0.0001491278366206174
CA_IID,218,0.00011900912242418979
CA_IID,219,6.147633562160682e-05
CA_IID,220,0.00012906651554003186
CA_IID,221,0.0002786594614182863
CA_IID,222,8.038243128359382e-05
CA_IID,223,0.0001744501226226234
CA_IID,224,8.927687955736343e-05
CA_IID,225,0.00011778465094145766
CA_IID,226,0.00012240978762483186
CA_IID,227,0.0001287628092661368
CA_IID,228,9.124378933294817e-05
CA_IID,229,8.119873957587575e-05
CA_IID,230,8.95607645964252e-05
CA_IID,231,0.00015175791938111494
CA_IID,232,0.00021137711306969077
CA_IID,233,0.0001865599025287398
CA_IID,234,0.00019318100359363307
CA_IID,235,0.0002435016876551507
CA_IID,236,7.882507743465593e-05
CA_IID,237,0.00020054833346191159
CA_IID,238,0.00023407180504805727
CA_IID,239,0.00018354994037273771
CA_IID,240,0.00012577848174686582
CA_IID,241,0.00022572385506525728
CA_IID,242,0.00012546051255708443
CA_IID,243,7.934269214903904e-05
CA_IID,244,9.730329565696992e-10
CA_IID,245,8.022090292864985e-05
CA_IID,246,0.0001069073397612789
CA_IID,247,0.00011131699082811239
CA_IID,248,0.00017326720602509098
CA_IID,249,0.00011160182431556683
CA_IID,250,7.105918794790692e-05
CA_IID,251,8.65373413353345e-09
CA_IID,252,8.17863517756907e-05
CA_IID,253,8.560911683681897e-05
CA_IID,254,0.00019886891419554494
CA_IID,255,0.00022974461366398084
CA_IID,256,0.00019508697636564214
CA_IID,257,9.849882277688772e-05
CA_IID,258,7.990718360345206e-05
CA_IID,259,0.00013992621958096863
CA_IID,260,8.736352441019021e-05
CA_IID,261,0.00017045509576543027
CA_IID,262,0.00026589839421864263
CA_IID,263,0.00022907662043019134
CA_IID,264,7.455678220036247e-05
CA_IID,265,8.148448664342816e-05
CA_IID,266,0.00019434393420191443
CA_IID,267,0.00011221773660813395
CA_IID,268,0.0001993273185953433
CA_IID,269,0.00023234908138630933
CA_IID,270,0.00017059693433388076
CA_IID,271,2.4503571477499338e-05
CA_IID,272,8.007652743751921e-05
CA_IID,273,0.00010980732092471383
CA_IID,274,0.0001560055655913452
CA_IID,275,0.00011760341265662719
CA_IID,276,0.00016394789398183459
CA_IID,277,0.00039511048432736245
CA_IID,278,0.00013903141882469912
CA_IID,279,0.00012275387520718298
CA_IID,280,0.0002730687455206877
CA_IID,281,0.00016703180678770651
CA_IID,282,8.69944588226752e-05
CA_IID,283,0.0002941485094903151
CA_IID,284,0.00016612131187238732
CA_IID,285,0.0001523314170440485
CA_IID,286,8.282529124953834e-05
CA_IID,287,0.00022940651412278715
CA_IID,288,8.82121878798631e-05
CA_IID,289,0.000250758421879666
CA_IID,290,0.0003843380480379078
CA_IID,291,0.0002482801540656552
CA_IID,292,0.00014551221778100667
CA_IID,293,0.00016177024055855196
CA_IID,294,0.0003113552140496873
CA_IID,295,0.0002792547648214692
CA_IID,296,0.00036647936841156364
CA_IID,297,0.0002959351987961375
CA_IID,298,0.00030039277251102294
CA_IID,299,0.00011221372759235684
CA_IID,300,0.00018712505409766372
CA_IID,301,0.00035825837787116147
CA_IID,302,0.00024313797649026618
CA_IID,303,0.0002539539053774223
CA_IID,304,0.0003725298960685853
CA_IID,305,0.0006215578162347817
CA_IID,306,0.0004301017555740396
CA_IID,307,0.0006983820811943954
CA_IID,308,0.000810336221648344
CA_IID,309,0.0008434274667640493
CA_IID,310,0.0006140048751494987
CA_IID,311,0.0005210931204564949
CA_IID,312,0.0004894345619005428
CA_IID,313,0.000320483139301924
CA_IID,314,0.00047071129847640333
CA_IID,315,0.0008135529890947056
CA_IID,316,0.0007279651282019661
CA_IID,317,0.0010107959508859402
CA_IID,318,0.001159779904440168
CA_IID,319,0.0008731545369260933
CA_IID,320,0.0004273440706228473
CA_IID,321,0.0003558531634500656
CA_IID,322,0.0010717040631452444
CA_IID,323,0.000735037514051006
CA_IID,324,0.0009946855877786681
CA_IID,325,0.0010383782153597085
CA_IID,326,0.0009977552140456303
CA_IID,327,0.00045642570605271824
CA_IID,328,0.00046074438306110553
CA_IID,329,0.0009529667939896189
CA_IID,330,0.0009016541776467052
CA_IID,331,0.00037888421622050245
CA_IID,332,1.6629229503661836e-06
CA_IID,333,0.0005720169696449681
CA_IID,334,0.000352540913461426
CA_IID,335,0.0005263654568359817
CA_IID,336,0.0006645500657234889
CA_IID,337,0.0006728611569452722
CA_IID,338,0.0007691205015921113
CA_IID,339,0.000433476051930329
CA_IID,340,0.0004378519217071838
CA_IID,341,0.00012958963063779182
CA_IID,342,0.00021149819213898375
CA_IID,343,0.00017430003672672884
CA_IID,344,0.0003778663358097335
CA_IID,345,0.0006324320952494737
CA_IID,346,0.0004636392661473687
CA_IID,347,0.00033879839204767
CA_IID,348,0.00024069238868605982
CA_IID,349,0.0003021982295657267
CA_IID,350,0.000479128501139834
CA_IID,351,0.0005883500706064203
CA_IID,352,0.0007557638432742857
CA_IID,353,0.0006587961475503403
CA_IID,354,0.0004555524940207969
CA_IID,355,0.00024467235041069463
CA_IID,356,0.00032516755957463696
CA_IID,357,0.0005638206603455498
CA_IID,358,0.00033344717862516897
CA_IID,359,0.00013164523922471597
CA_IID,360,0.00028856685429073036
CA_IID,361,0.000621548204595889
CA_IID,362,0.00028568248944628254
CA_IID,363,0.0003399150055982458
CA_IID,364,0.0005647547511082571
CA_IID,365,0.0004925527421944234
CA_LADWP,1,128435.67233649807
CA_LADWP,2,150910.6019281825
CA_LADWP,3,155059.10397422026
CA_LADWP,4,154867.20775049247
CA_LADWP,5,150702.81280129982
CA_LADWP,6,124561.46494453661
CA_LADWP,7,143539.25233310077
CA_LADWP,8,148681.76464137502
CA_LADWP,9,140783.1706621123
CA_LADWP,10,144803.01546838495
CA_LADWP,11,154450.12938287004
CA_LADWP,12,151532.45626897557
CA_LADWP,13,108730.75185419297
CA_LADWP,14,125980.54514889572
CA_LADWP,15,138009.5001288969
CA_LADWP,16,138142.308645994
CA_LADWP,17,144786.4298223331
CA_LADWP,18,153695.776139568
CA_LADWP,19,150788.93352189392
CA_LADWP,20,120560.89332913782
CA_LADWP,21,143356.14158972353
CA_LADWP,22,138243.0042750677
CA_LADWP,23,144233.79251945918
CA_LADWP,24,146947.95851480155
CA_LADWP,25,159677.5709087235
CA_LADWP,26,154657.88601316794
CA_LADWP,27,115475.75667175041
CA_LADWP,28,151674.92611535135
CA_LADWP,29,151115.02437213607
CA_LADWP,30,142617.70976575595
CA_LADWP,31,152318.14298573197
CA_LADWP,32,153174.5265183467
CA_LADWP,33,154356.88325871507
CA_LADWP,34,119278.77098713945
CA_LADWP,35,121571.19390840275
CA_LADWP,36,145968.75054537132
CA_LADWP,37,137903.7728378936
CA_LADWP,38,146135.428972535
CA_LADWP,39,159686.5918826587
CA_LADWP,40,156836.78299872362
CA_LADWP,41,112280.68909859419
CA_LADWP,42,129334.42670322061
CA_LADWP,43,151572.47531900735
CA_LADWP,44,142626.35055599266
CA_LADWP,45,142597.29223168487
CA_LADWP,46,165560.61248792286
CA_LADWP,47,159933.70784945198
CA_LADWP,48,126199.6815387589
CA_LADWP,49,132111.97862691386
CA_LADWP,50,144194.86522289005
CA_LADWP,51,141885.00499183574
CA_LADWP,52,150722.80211489636
CA_LADWP,53,161003.01069504564
CA_LADWP,54,153505.78941486747
CA_LADWP,55,120735.05858900596
CA_LADWP,56,147761.03820398386
CA_LADWP,57,145669.64616817457
CA_LADWP,58,146196.30970640737
CA_LADWP,59,151554.52603664334
CA_LADWP,60,151236.45947809244
CA_LADWP,61,114405.81277101376
CA_LADWP,62,143949.13668303096
CA_LADWP,63,149217.45524913893
CA_LADWP,64,146486.45696593687
CA_LADWP,65,148089.07654627957
CA_LADWP,66,168228.79433151567
CA_LADWP,67,159816.08512641068
CA_LADWP,68,122711.00345523095
CA_LADWP,69,144865.30173776002
CA_LADWP,70,154913.87189055333
CA_LADWP,71,149254.68044818766
CA_LADWP,72,151717.80899950708
CA_LADWP,73,157909.36344886012
CA_LADWP,74,163389.0130594435
CA_LADWP,75,124449.18055782326
CA_LADWP,76,151279.34541015755
CA_LADWP,77,160538.39559875775
CA_LADWP,78,150686.626178939
CA_LADWP,79,153879.50144999445
CA_LADWP,80,166712.97969005024
CA_LADWP,81,166398.6753705345
CA_LADWP,82,127554.47347466457
CA_LADWP,83,150341.99422565592
CA_LADWP,84,154628.02544979838
CA_LADWP,85,146164.18572996248
CA_LADWP,86,157529.04013305384
CA_LADWP,87,163496.90322779672
CA_LADWP,88,159305.34185249123
CA_LADWP,89,125709.15652526883
CA_LADWP,90,136772.8406641781
CA_LADWP,91,150917.53576027192
CA_LADWP,92,144993.24802396272
CA_LADWP,93,147883.93046935092
CA_LADWP,94,146106.01088048652
CA_LADWP,95,155126.30470905837
CA_LADWP,96,124728.94331088928
CA_LADWP,97,147979.38113443684
CA_LADWP,98,155176.8351349389
CA_LADWP,99,145435.21271437165
CA_LADWP,100,148719.47128183636
CA_LADWP,101,163058.4343694228
CA_LADWP,102,165079.95535240907
CA_LADWP,103,120993.83560935024
CA_LADWP,104,146165.71469851673
CA_LADWP,105,161282.6419062475
CA_LADWP,106,146282.49386369574
CA_LADWP,107,151636.8645903413
CA_LADWP,108,168585.65022861722
CA_LADWP,109,161381.39024425184
CA_LADWP,110,122220.47451615345
CA_LADWP,111,148645.44007628245
CA_LADWP,112,154947.4323076532
CA_LADWP,113,147880.1124375087
CA_LADWP,114,152198.01482285332
CA_LADWP,115,167729.77998875827
CA_LADWP,116,162941.78183960728
CA_LADWP,117,118070.78218351169
CA_LADWP,118,142757.5690336522
CA_LADWP,119,155600.2317297613
CA_LADWP,120,144699.29762203986
CA_LADWP,121,153057.27238040618
CA_LADWP,122,165030.18508018635
CA_LADWP,123,156223.5773229831
CA_LADWP,124,121244.5859234924
CA_LADWP,125,149554.72356404315
CA_LADWP,126,156571.1801350582
CA_LADWP,127,149070.23948133795
CA_LADWP,128,153268.09221465327
CA_LADWP,129,166369.3117665702
CA_LADWP,130,161892.2952991455
CA_LADWP,131,121793.86432388723
CA_LADWP,132,142857.11138655158
CA_LADWP,133,155807.16055590683
CA_LADWP,134,146900.2140404762
CA_LADWP,135,155273.86604970187
CA_LADWP,136,163429.45728612063
CA_LADWP,137,162213.28849474087
CA_LADWP,138,121956.51087642799
CA_LADWP,139,149259.9825506189
CA_LADWP,140,153894.20880196776
CA_LADWP,141,151620.43271572748
CA_LADWP,142,154573.61680949805
CA_LADWP,143,166603.79246091933
CA_LADWP,144,163163.66901574345
CA_LADWP,145,118143.00850907661
CA_LADWP,146,123902.98213174556
CA_LADWP,147,148194.53983447864
CA_LADWP,148,144748.0885246092
CA_LADWP,149,150455.14412089856
CA_LADWP,150,161146.5739198367
CA_LADWP,151,159232.2063105171
CA_LADWP,152,121556.883391793
CA_LADWP,153,150454.7633092111
CA_LADWP,154,153726.27762287465
CA_LADWP,155,149486.7375812479
CA_LADWP,156,156751.54407414352
CA_LADWP,157,169959.35113014825
CA_LADWP,158,161495.31037078364
CA_LADWP,159,130438.59688625523
CA_LADWP,160,150963.34861380767
CA_LADWP,161,159760.33468438277
CA_LADWP,162,157368.51957393676
CA_LADWP,163,156513.96211836106
CA_LADWP,164,168758.61916783152
CA_LADWP,165,163068.8029474426
CA_LADWP,166,127361.78285790634
CA_LADWP,167,145153.2749152817
CA_LADWP,168,157819.33326677306
CA_LADWP,169,151592.26174425968
CA_LADWP,170,153252.3998013101
CA_LADWP,171,162691.8875388495
CA_LADWP,172,159639.11667045273
CA_LADWP,173,125523.71854822729
CA_LADWP,174,152138.38826242049
CA_LADWP,175,157272.64577598847
CA_LADWP,176,154481.4343296953
CA_LADWP,177,159777.8247551418
CA_LADWP,178,167605.10884529556
CA_LADWP,179,164356.89175907566
CA_LADWP,180,130272.38394860375
CA_LADWP,181,145914.1763764625
CA_LADWP,182,149140.94142642707
CA_LADWP,183,152933.69095606473
CA_LADWP,184,156769.8643792173
CA_LADWP,185,112115.97416590052
CA_LADWP,186,130967.62813884884
CA_LADWP,187,126909.06100120005
CA_LADWP,188,152476.7036752834
CA_LADWP,189,159328.66574113688
CA_LADWP,190,155994.1563037956
CA_LADWP,191,158661.01033643083
CA_LADWP,192,168325.66798784884
CA_LADWP,193,160245.06245998893
CA_LADWP,194,133250.29221477453
CA_LADWP,195,154412.58861789014
CA_LADWP,196,161484.96471436683
CA_LADWP,197,151867.37388008405
CA_LADWP,198,162526.5696740683
CA_LADWP,199,167958.6335379474
CA_LADWP,200,154549.17687667173
CA_LADWP,201,127682.2335704575
CA_LADWP,202,151019.88528194814
CA_LADWP,203,153402.3957668467
CA_LADWP,204,152242.33774382086
CA_LADWP,205,159244.30344528356
CA_LADWP,206,169946.9504934576
CA_LADWP,207,165130.8031120347
CA_LADWP,208,132598.66438365763
CA_LADWP,209,152736.73986898942
CA_LADWP,210,158833.6399625414
CA_LADWP,211,154304.17311065472
CA_LADWP,212,159252.90364128508
CA_LADWP,213,169795.49446169593
CA_LADWP,214,158984.34629678965
CA_LADWP,215,131946.56032839898
CA_LADWP,216,149319.7145955166
CA_LADWP,217,157916.85954800821
CA_LADWP,218,152991.98135007606
CA_LADWP,219,156978.8968853178
CA_LADWP,220,171552.96109472908
CA_LADWP,221,163658.7357805208
CA_LADWP,222,129644.18063806706
CA_LADWP,223,153579.28031726714
CA_LADWP,224,156265.95143502738
CA_LADWP,225,149886.04769411733
CA_LADWP,226,158913.73082381653
CA_LADWP,227,169527.71474651564
CA_LADWP,228,160694.10250742437
CA_LADWP,229,131098.39788324235
CA_LADWP,230,158430.03687985585
CA_LADWP,231,160131.5388594407
CA_LADWP,232,148069.9038289963
CA_LADWP,233,154134.7650598475
CA_LADWP,234,167282.0789393162
CA_LADWP,235,159524.7865107852
CA_LADWP,236,122697.27394733395
CA_LADWP,237,152038.88584740303
CA_LADWP,238,147043.86293701144
CA_LADWP,239,145342.9093329235
CA_LADWP,240,148051.82314059927
CA_LADWP,241,165107.1327087122
CA_LADWP,242,160736.49692484233
CA_LADWP,243,117783.05666520783
CA_LADWP,244,117695.49908601416
CA_LADWP,245,146988.23522148948
CA_LADWP,246,136689.88476700123
CA_LADWP,247,140276.3115858418
CA_LADWP,248,155446.48889846675
CA_LADWP,249,146996.08722085773
CA_LADWP,250,116214.63033613302
CA_LADWP,251,147718.7836159353
CA_LADWP,252,152056.5207935171
CA_LADWP,253,144415.75000898796
CA_LADWP,254,148734.67696614933
CA_LADWP,255,160563.86750858612
CA_LADWP,256,154881.300897918
CA_LADWP,257,118335.05627503956
CA_LADWP,258,150338.0018620089
CA_LADWP,259,152145.73280316681
CA_LADWP,260,146589.38560477656
CA_LADWP,261,147200.201263329
CA_LADWP,262,163400.32979708377
CA_LADWP,263,156664.12699470398
CA_LADWP,264,123377.718347939
CA_LADWP,265,156350.1141037568
CA_LADWP,266,151119.96739877868
CA_LADWP,267,144610.94029439928
CA_LADWP,268,149263.30396091248
CA_LADWP,269,161400.96836682365
CA_LADWP,270,158385.47095449458
CA_LADWP,271,120546.23532801039
CA_LADWP,272,152089.72789273027
CA_LADWP,273,150159.81652721154
CA_LADWP,274,138812.36635301975
CA_LADWP,275,142385.33789380366
CA_LADWP,276,159924.96501793788
CA_LADWP,277,162102.72152841132
CA_LADWP,278,120323.3182272593
CA_LADWP,279,154489.77041417235
CA_LADWP,280,153529.2213364329
CA_LADWP,281,145151.2890075413
CA_LADWP,282,150794.7480750379
CA_LADWP,283,169267.0670114748
CA_LADWP,284,160473.70050119236
CA_LADWP,285,128602.69188892843
CA_LADWP,286,151564.80508441912
CA_LADWP,287,155294.34586597182
CA_LADWP,288,146818.10500183285
CA_LADWP,289,156167.71174672095
CA_LADWP,290,169929.7375452448
CA_LADWP,291,164329.75360169756
CA_LADWP,292,124743.3281317141
CA_LADWP,293,157386.86683143655
CA_LADWP,294,156191.10248043522
CA_LADWP,295,145784.17421781737
CA_LADWP,296,150139.48321630972
CA_LADWP,297,167494.39148173854
CA_LADWP,298,166084.70860931685
CA_LADWP,299,124357.24548425793
CA_LADWP,300,157356.77021629593
CA_LADWP,301,150391.45695916002
CA_LADWP,302,142291.7195660745
CA_LADWP,303,145022.21384476786
CA_LADWP,304,140442.8608094003
CA_LADWP,305,156938.6980640132
CA_LADWP,306,124969.97851517556
CA_LADWP,307,153383.941689587
CA_LADWP,308,144778.41526400155
CA_LADWP,309,131147.2501145379
CA_LADWP,310,143763.58811086227
CA_LADWP,311,162259.36299769647
CA_LADWP,312,152443.45417421215
CA_LADWP,313,120461.7174854821
CA_LADWP,314,148078.31282611212
CA_LADWP,315,152467.58945595886
CA_LADWP,316,146036.60689448533
CA_LADWP,317,148226.73569679767
CA_LADWP,318,166858.05258957937
CA_LADWP,319,163931.06158255803
CA_LADWP,320,123215.9675126446
CA_LADWP,321,156051.23388170646
CA_LADWP,322,157566.64300020016
CA_LADWP,323,145597.57973442387
CA_LADWP,324,147376.56479669505
CA_LADWP,325,172470.27037771992
CA_LADWP,326,168341.23200804112
CA_LADWP,327,142449.24161655005
CA_LADWP,328,155854.03097252455
CA_LADWP,329,159842.82492717676
CA_LADWP,330,167994.27069259284
CA_LADWP,331,161393.20926045088
CA_LADWP,332,87409.0015051555
CA_LADWP,333,133749.9676126617
CA_LADWP,334,148881.41771548952
CA_LADWP,335,168909.56879847994
CA_LADWP,336,158219.41607620334
CA_LADWP,337,149800.88915801267
CA_LADWP,338,148074.91545948415
CA_LADWP,339,160962.8109764775
CA_LADWP,340,154594.53814210097
CA_LADWP,341,122812.89965825078
CA_LADWP,342,149095.3501868756
CA_LADWP,343,145701.75795499433
CA_LADWP,344,145056.2084151119
CA_LADWP,345,146707.5804077203
CA_LADWP,346,163784.38607278783
CA_LADWP,347,159965.16173264955
CA_LADWP,348,114627.28492186543
CA_LADWP,349,146170.56348446402
CA_LADWP,350,144857.01741503945
CA_LADWP,351,149024.98267583933
CA_LADWP,352,153012.63546133245
CA_LADWP,353,168317.63589238207
CA_LADWP,354,165122.16517934264
CA_LADWP,355,146070.16552073866
CA_LADWP,356,147594.04589418738
CA_LADWP,357,154331.13564817095
CA_LADWP,358,114441.35911544897
CA_LADWP,359,104319.53757111187
CA_LADWP,360,159074.53518052708
CA_LADWP,361,161668.49040357277
CA_LADWP,362,143764.6691953629
CA_LADWP,363,145029.39157962834
CA_LADWP,364,150263.76447784825
CA_LADWP,365,124269.2582196479
CA_PGE_BAY,1,33267.137101775435
CA_PGE_BAY,2,37724.78860459817
CA_PGE_BAY,3,39526.01153723424
CA_PGE_BAY,4,40143.118353407386
CA_PGE_BAY,5,38798.654258762246
CA_PGE_BAY,6,30938.569903084215
CA_PGE_BAY,7,37800.61947139052
CA_PGE_BAY,8,38365.42171179967
CA_PGE_BAY,9,35104.02882375514
CA_PGE_BAY,10,39741.56425151696
CA_PGE_BAY,11,43927.524139955545
CA_PGE_BAY,12,39229.06249215257
CA_PGE_BAY,13,26174.02492595952
CA_PGE_BAY,14,30332.667545972927
CA_PGE_BAY,15,34771.89175873213
CA_PGE_BAY,16,33835.60465105222
CA_PGE_BAY,17,34440.09249365975
CA_PGE_BAY,18,39539.289057108566
CA_PGE_BAY,19,37475.668552451134
CA_PGE_BAY,20,29421.287928434976
CA_PGE_BAY,21,33522.164834454736
CA_PGE_BAY,22,34516.06724696981
CA_PGE_BAY,23,34420.78839380785
CA_PGE_BAY,24,35191.73932788781
CA_PGE_BAY,25,40664.996654953306
CA_PGE_BAY,26,39657.69008736915
CA_PGE_BAY,27,28328.78106528133
CA_PGE_BAY,28,38544.08286111374
CA_PGE_BAY,29,38127.393678152774
CA_PGE_BAY,30,35814.28009087933
CA_PGE_BAY,31,37573.973391079315
CA_PGE_BAY,32,39059.941127968355
CA_PGE_BAY,33,40875.38549255135
CA_PGE_BAY,34,31205.96597487159
CA_PGE_BAY,35,22938.58687984899
CA_PGE_BAY,36,36799.68230564626
CA_PGE_BAY,37,33695.74618797605
CA_PGE_BAY,38,36837.63878897863
CA_PGE_BAY,39,41176.34912329635
CA_PGE_BAY,40,41719.28644491947
CA_PGE_BAY,41,30203.716725741324
CA_PGE_BAY,42,33532.69269214591
CA_PGE_BAY,43,40258.59123662751
CA_PGE_BAY,44,36511.63763276257
CA_PGE_BAY,45,36198.97210489313
CA_PGE_BAY,46,44806.10392465878
CA_PGE_BAY,47,44206.74194917502
CA_PGE_BAY,48,34344.09470168938
CA_PGE_BAY,49,35168.04623013903
CA_PGE_BAY,50,36719.9926210396
CA_PGE_BAY,51,39662.69979895833
CA_PGE_BAY,52,40905.66330431792
CA_PGE_BAY,53,42554.80797958763
CA_PGE_BAY,54,43758.78075723347
CA_PGE_BAY,55,33880.84263438767
CA_PGE_BAY,56,39351.79547128631
CA_PGE_BAY,57,40051.445352227536
CA_PGE_BAY,58,40939.27484650864
CA_PGE_BAY,59,41035.82680130257
CA_PGE_BAY,60,39276.80768025516
CA_PGE_BAY,61,30317.385370103417
CA_PGE_BAY,62,38093.435143751514
CA_PGE_BAY,63,41555.82034892654
CA_PGE_BAY,64,40922.58940596261
CA_PGE_BAY,65,42414.65173744854
CA_PGE_BAY,66,44796.793359217954
CA_PGE_BAY,67,44691.380970828846
CA_PGE_BAY,68,33200.51826956033
CA_PGE_BAY,69,39182.90555113385
CA_PGE_BAY,70,41098.0731946489
CA_PGE_BAY,71,38741.791650788015
CA_PGE_BAY,72,39723.72259762276
CA_PGE_BAY,73,44304.781974758436
CA_PGE_BAY,74,43059.744245708964
CA_PGE_BAY,75,33224.49113995442
CA_PGE_BAY,76,40633.67618943854
CA_PGE_BAY,77,42514.62012945476
CA_PGE_BAY,78,40606.15472986624
CA_PGE_BAY,79,42499.44694059106
CA_PGE_BAY,80,45037.774846271976
CA_PGE_BAY,81,43595.643597284856
CA_PGE_BAY,82,36239.17130937418
CA_PGE_BAY,83,39326.002175959075
CA_PGE_BAY,84,40859.75261893089
CA_PGE_BAY,85,40422.83561618664
CA_PGE_BAY,86,41350.02901461493
CA_PGE_BAY,87,45158.34356862576
CA_PGE_BAY,88,42409.8680391127
CA_PGE_BAY,89,33600.032173199404
CA_PGE_BAY,90,36601.79682893907
CA_PGE_BAY,91,44568.334043510135
CA_PGE_BAY,92,42620.73121415803
CA_PGE_BAY,93,44929.54088001341
CA_PGE_BAY,94,39666.79873382429
CA_PGE_BAY,95,47923.080863379604
CA_PGE_BAY,96,38306.177263124635
CA_PGE_BAY,97,43088.898817927475
CA_PGE_BAY,98,44319.431083957854
CA_PGE_BAY,99,44368.323635686305
CA_PGE_BAY,100,44321.31605759659
CA_PGE_BAY,101,48936.37316764923
CA_PGE_BAY,102,46970.39495785666
CA_PGE_BAY,103,36579.61499015698
CA_PGE_BAY,104,43496.407246193456
CA_PGE_BAY,105,47213.92018257208
CA_PGE_BAY,106,44382.24720038243
CA_PGE_BAY,107,45210.616254555636
CA_PGE_BAY,108,50848.085698876814
CA_PGE_BAY,109,47999.87556174919
CA_PGE_BAY,110,36927.569918856214
CA_PGE_BAY,111,43151.615560218925
CA_PGE_BAY,112,44088.568441700605
CA_PGE_BAY,113,45738.70725847873
CA_PGE_BAY,114,45839.144912791715
CA_PGE_BAY,115,50460.309175278024
CA_PGE_BAY,116,48415.14285795875
CA_PGE_BAY,117,37406.8130583372
CA_PGE_BAY,118,42590.422142502015
CA_PGE_BAY,119,45666.48257319953
CA_PGE_BAY,120,45474.26039061248
CA_PGE_BAY,121,45249.58945642628
CA_PGE_BAY,122,46191.080854796215
CA_PGE_BAY,123,45969.809787359285
CA_PGE_BAY,124,35955.922842066524
CA_PGE_BAY,125,40989.49207576124
CA_PGE_BAY,126,44667.00649856715
CA_PGE_BAY,127,44993.339720457494
CA_PGE_BAY,128,44160.80909501249
CA_PGE_BAY,129,48523.00792624326
CA_PGE_BAY,130,48425.29553208995
CA_PGE_BAY,131,36973.522483419176
CA_PGE_BAY,132,40568.07222582116
CA_PGE_BAY,133,45178.66277792898
CA_PGE_BAY,134,45376.77685641865
CA_PGE_BAY,135,45606.6401150194
CA_PGE_BAY,136,48989.65610716863
CA_PGE_BAY,137,47453.71378385504
CA_PGE_BAY,138,36806.0008913478
CA_PGE_BAY,139,42286.54211532962
CA_PGE_BAY,140,44200.64440879701
CA_PGE_BAY,141,44868.42876044868
CA_PGE_BAY,142,44737.98856174438
CA_PGE_BAY,143,46694.62033785629
CA_PGE_BAY,144,46675.45915197798
CA_PGE_BAY,145,33874.95267011293
CA_PGE_BAY,146,34342.53276757298
CA_PGE_BAY,147,40867.72698613638
CA_PGE_BAY,148,41438.04603084814
CA_PGE_BAY,149,41512.97459886645
CA_PGE_BAY,150,44889.816531796896
CA_PGE_BAY,151,44975.84481896227
CA_PGE_BAY,152,32441.138386655173
CA_PGE_BAY,153,37844.3192330122
CA_PGE_BAY,154,40425.04956722605
CA_PGE_BAY,155,40310.64449861945
CA_PGE_BAY,156,41229.725700399125
CA_PGE_BAY,157,43906.387067621
CA_PGE_BAY,158,42347.132668082384
CA_PGE_BAY,159,34245.07935210619
CA_PGE_BAY,160,39514.86507569964
CA_PGE_BAY,161,41504.66886274988
CA_PGE_BAY,162,40781.356669445355
CA_PGE_BAY,163,41495.08591201458
CA_PGE_BAY,164,43312.36181304332
CA_PGE_BAY,165,43846.93251775513
CA_PGE_BAY,166,35382.71259000211
CA_PGE_BAY,167,36579.63429891567
CA_PGE_BAY,168,43360.52322319312
CA_PGE_BAY,169,39768.51122464875
CA_PGE_BAY,170,38933.51836276581
CA_PGE_BAY,171,42537.147216192156
CA_PGE_BAY,172,41553.6915470843
CA_PGE_BAY,173,33924.352846382724
CA_PGE_BAY,174,41092.507129683
CA_PGE_BAY,175,40838.65557346065
CA_PGE_BAY,176,40797.52060587933
CA_PGE_BAY,177,41344.35149277514
CA_PGE_BAY,178,43973.50366146008
CA_PGE_BAY,179,41409.76020168855
CA_PGE_BAY,180,35257.46572571166
CA_PGE_BAY,181,38364.24353199874
CA_PGE_BAY,182,40901.4557962693
CA_PGE_BAY,183,42440.601354200815
CA_PGE_BAY,184,43366.056712325226
CA_PGE_BAY,185,31947.561336125636
CA_PGE_BAY,186,35612.93384184501
CA_PGE_BAY,187,37154.57713675323
CA_PGE_BAY,188,41553.585331983624
CA_PGE_BAY,189,44149.991461237325
CA_PGE_BAY,190,44878.18704630177
CA_PGE_BAY,191,45446.316743873336
CA_PGE_BAY,192,45749.2115312403
CA_PGE_BAY,193,46324.90370929254
CA_PGE_BAY,194,37265.77151784762
CA_PGE_BAY,195,42337.07641487125
CA_PGE_BAY,196,46148.1089606157
CA_PGE_BAY,197,44495.93918108404
CA_PGE_BAY,198,45091.52210534332
CA_PGE_BAY,199,48127.478612847146
CA_PGE_BAY,200,39271.538236690714
CA_PGE_BAY,201,36165.99509644092
CA_PGE_BAY,202,42383.1070536085
CA_PGE_BAY,203,44235.30896750503
CA_PGE_BAY,204,42850.7912956679
CA_PGE_BAY,205,44865.37554220457
CA_PGE_BAY,206,47132.744165759934
CA_PGE_BAY,207,47012.68011885646
CA_PGE_BAY,208,37214.476125766574
CA_PGE_BAY,209,42391.88065218344
CA_PGE_BAY,210,44167.673382043955
CA_PGE_BAY,211,45318.76611609834
CA_PGE_BAY,212,44581.117337878044
CA_PGE_BAY,213,49665.92529195135
CA_PGE_BAY,214,46138.49815097188
CA_PGE_BAY,215,36309.10264921308
CA_PGE_BAY,216,42697.792921438726
CA_PGE_BAY,217,46850.19495680626
CA_PGE_BAY,218,43984.96871689765
CA_PGE_BAY,219,44307.9888246543
CA_PGE_BAY,220,49975.026743760136
CA_PGE_BAY,221,48260.530318019504
CA_PGE_BAY,222,38552.376484077715
CA_PGE_BAY,223,45308.22261478488
CA_PGE_BAY,224,46029.888136573056
CA_PGE_BAY,225,43868.039765424866
CA_PGE_BAY,226,45575.573653516425
CA_PGE_BAY,227,48589.20460867331
CA_PGE_BAY,228,47082.768924996315
CA_PGE_BAY,229,39042.29959260595
CA_PGE_BAY,230,45609.92655997396
CA_PGE_BAY,231,48187.405706045465
CA_PGE_BAY,232,44307.460258577215
CA_PGE_BAY,233,45658.81808651018
CA_PGE_BAY,234,49882.96778743863
CA_PGE_BAY,235,50184.79599333883
CA_PGE_BAY,236,35505.12516107154
CA_PGE_BAY,237,45635.58703592391
CA_PGE_BAY,238,44596.55048774764
CA_PGE_BAY,239,43103.585752242674
CA_PGE_BAY,240,45158.12683299359
CA_PGE_BAY,241,51422.88011968411
CA_PGE_BAY,242,51363.23212710402
CA_PGE_BAY,243,35417.81027525554
CA_PGE_BAY,244,37774.28322784259
CA_PGE_BAY,245,47358.43125471184
CA_PGE_BAY,246,44177.72859818804
CA_PGE_BAY,247,44348.98656285505
CA_PGE_BAY,248,51930.18295830719
CA_PGE_BAY,249,48757.445595883575
CA_PGE_BAY,250,35956.9422438856
CA_PGE_BAY,251,46472.77172992846
CA_PGE_BAY,252,48581.322143015226
CA_PGE_BAY,253,48899.95857577266
CA_PGE_BAY,254,47678.39840508837
CA_PGE_BAY,255,54094.14836202931
CA_PGE_BAY,256,49086.85893857839
CA_PGE_BAY,257,38444.74873585158
CA_PGE_BAY,258,46316.213682952075
CA_PGE_BAY,259,50561.24925690632
CA_PGE_BAY,260,48867.71824926755
CA_PGE_BAY,261,47290.36380629016
CA_PGE_BAY,262,53893.94266878982
CA_PGE_BAY,263,51084.98461367653
CA_PGE_BAY,264,38398.40188759449
CA_PGE_BAY,265,49380.77584691821
CA_PGE_BAY,266,49506.36833800777
CA_PGE_BAY,267,45062.60153517039
CA_PGE_BAY,268,47248.800513863316
CA_PGE_BAY,269,55111.33241551203
CA_PGE_BAY,270,52414.91824609331
CA_PGE_BAY,271,40432.78328876228
CA_PGE_BAY,272,49182.07295872842
CA_PGE_BAY,273,50553.16574991478
CA_PGE_BAY,274,46324.92633217644
CA_PGE_BAY,275,47559.69589168889
CA_PGE_BAY,276,53212.88216622952
CA_PGE_BAY,277,52153.23508386796
CA_PGE_BAY,278,39206.968793723805
CA_PGE_BAY,279,50231.856267822775
CA_PGE_BAY,280,50185.72569291705
CA_PGE_BAY,281,51197.71887503685
CA_PGE_BAY,282,51047.739700667495
CA_PGE_BAY,283,54743.95283709791
CA_PGE_BAY,284,54575.79726924238
CA_PGE_BAY,285,40818.19125909857
CA_PGE_BAY,286,48806.64114198937
CA_PGE_BAY,287,50768.69375164185
CA_PGE_BAY,288,49791.13937747287
CA_PGE_BAY,289,51714.73299753891
CA_PGE_BAY,290,55684.48621593027
CA_PGE_BAY,291,54352.96444012682
CA_PGE_BAY,292,39588.65690232829
CA_PGE_BAY,293,50979.78592709542
CA_PGE_BAY,294,51713.7630907369
CA_PGE_BAY,295,47790.17038707101
CA_PGE_BAY,296,48831.41547150248
CA_PGE_BAY,297,56910.75899379608
CA_PGE_BAY,298,54932.44533953194
CA_PGE_BAY,299,38075.25286555384
CA_PGE_BAY,300,49827.15274134541
CA_PGE_BAY,301,53188.60632891025
CA_PGE_BAY,302,46515.728416987346
CA_PGE_BAY,303,49530.72759153859
CA_PGE_BAY,304,49403.40190527772
CA_PGE_BAY,305,50153.74882858885
CA_PGE_BAY,306,37137.10085519143
CA_PGE_BAY,307,47415.993919037035
CA_PGE_BAY,308,44844.365187064825
CA_PGE_BAY,309,42014.24869807754
CA_PGE_BAY,310,45480.84451628775
CA_PGE_BAY,311,53501.77946029726
CA_PGE_BAY,312,49842.426085175925
CA_PGE_BAY,313,37226.879760633805
CA_PGE_BAY,314,48566.10611091957
CA_PGE_BAY,315,46371.02680249159
CA_PGE_BAY,316,45730.86741341176
CA_PGE_BAY,317,48068.60947686886
CA_PGE_BAY,318,53305.9987626576
CA_PGE_BAY,319,51097.032485962845
CA_PGE_BAY,320,37002.3584354313
CA_PGE_BAY,321,47623.737998836594
CA_PGE_BAY,322,49751.97143801373
CA_PGE_BAY,323,46176.38484304942
CA_PGE_BAY,324,42694.79393483146
CA_PGE_BAY,325,46346.84074055256
CA_PGE_BAY,326,48377.28868745912
CA_PGE_BAY,327,46626.21047723828
CA_PGE_BAY,328,46966.14841986084
CA_PGE_BAY,329,47009.58426375515
CA_PGE_BAY,330,52834.55432419196
CA_PGE_BAY,331,51467.08950371337
CA_PGE_BAY,332,28129.521395854124
CA_PGE_BAY,333,44037.05997635708
CA_PGE_BAY,334,46568.72193772876
CA_PGE_BAY,335,55665.57975320829
CA_PGE_BAY,336,52307.321679970744
CA_PGE_BAY,337,46392.40564536342
CA_PGE_BAY,338,45716.04414598253
CA_PGE_BAY,339,51147.61924126458
CA_PGE_BAY,340,49964.39128892001
CA_PGE_BAY,341,38276.45381507505
CA_PGE_BAY,342,46542.24258770576
CA_PGE_BAY,343,45784.31774677941
CA_PGE_BAY,344,45790.411476746434
CA_PGE_BAY,345,45668.304624890494
CA_PGE_BAY,346,51763.95722903914
CA_PGE_BAY,347,46241.350208010925
CA_PGE_BAY,348,37533.43630040232
CA_PGE_BAY,349,45652.31997992416
CA_PGE_BAY,350,44382.149388743856
CA_PGE_BAY,351,47307.577036693816
CA_PGE_BAY,352,46201.327941252355
CA_PGE_BAY,353,51923.69190926244
CA_PGE_BAY,354,54541.54764885263
CA_PGE_BAY,355,45118.54493643864
CA_PGE_BAY,356,46215.55876073296
CA_PGE_BAY,357,49290.83467852177
CA_PGE_BAY,358,36230.040602138826
CA_PGE_BAY,359,34141.82202627593
CA_PGE_BAY,360,47780.68878060427
CA_PGE_BAY,361,53203.76834372498
CA_PGE_BAY,362,45794.205287002456
CA_PGE_BAY,363,43946.18596214231
CA_PGE_BAY,364,47796.51670118575
CA_PGE_BAY,365,39491.99569274375
CA_PGE_CEN,1,2.9898016918262265
CA_PGE_CEN,2,2.892737975750645
CA_PGE_CEN,3,4.008054694163105
CA_PGE_CEN,4,4.498690140421549
CA_PGE_CEN,5,3.534368206850587
CA_PGE_CEN,6,3.2642421630656795
CA_PGE_CEN,7,3.3251485792239364
CA_PGE_CEN,8,3.8752652997827126
CA_PGE_CEN,9,3.740666535743305
CA_PGE_CEN,10,3.817085999665658
CA_PGE_CEN,11,3.907998223822797
CA_PGE_CEN,12,4.398204602901072
CA_PGE_CEN,13,2.3774321868814856
CA_PGE_CEN,14,2.96359814829539
CA_PGE_CEN,15,3.871042312330586
CA_PGE_CEN,16,4.021049351984398
CA_PGE_CEN,17,3.950711800161903
CA_PGE_CEN,18,4.694569070756824
CA_PGE_CEN,19,4.49526001625253
CA_PGE_CEN,20,3.07779161815785
CA_PGE_CEN,21,3.621767005830419
CA_PGE_CEN,22,3.432530001601606
CA_PGE_CEN,23,3.7410079457321186
CA_PGE_CEN,24,4.309811834754
CA_PGE_CEN,25,5.954208019464765
CA_PGE_CEN,26,5.145947106155015
CA_PGE_CEN,27,2.5821316480598657
CA_PGE_CEN,28,3.479446230713177
CA_PGE_CEN,29,5.222622526992482
CA_PGE_CEN,30,4.241208966399978
CA_PGE_CEN,31,4.801676526837541
CA_PGE_CEN,32,4.144388545374146
CA_PGE_CEN,33,4.963544795737898
CA_PGE_CEN,34,3.6010978045470985
CA_PGE_CEN,35,2.8740312983624072
CA_PGE_CEN,36,4.217581893255851
CA_PGE_CEN,37,4.067977725551019
CA_PGE_CEN,38,4.31295453143288
CA_PGE_CEN,39,4.697383333784909
CA_PGE_CEN,40,4.53440400400594
CA_PGE_CEN,41,2.621770479466964
CA_PGE_CEN,42,2.6663314138110445
CA_PGE_CEN,43,4.356007348171083
CA_PGE_CEN,44,3.98459236843787
CA_PGE_CEN,45,3.8397072717683343
CA_PGE_CEN,46,5.380297526768951
CA_PGE_CEN,47,4.633890017785381
CA_PGE_CEN,48,2.698801437731026
CA_PGE_CEN,49,3.252813719636898
CA_PGE_CEN,50,4.008693692872937
CA_PGE_CEN,51,3.494224774009075
CA_PGE_CEN,52,4.774082872378531
CA_PGE_CEN,53,4.654973241872167
CA_PGE_CEN,54,4.48297074099802
CA_PGE_CEN,55,2.966728898858476
CA_PGE_CEN,56,3.570071667991423
CA_PGE_CEN,57,4.199659468453457
CA_PGE_CEN,58,4.263451545769066
CA_PGE_CEN,59,4.362073887113971
CA_PGE_CEN,60,4.675178125527706
CA_PGE_CEN,61,3.1538670319509534
CA_PGE_CEN,62,4.118098339311427
CA_PGE_CEN,63,3.9139569140830863
CA_PGE_CEN,64,4.075829495911289
CA_PGE_CEN,65,4.3498004747365036
CA_PGE_CEN,66,4.9338435802586735
CA_PGE_CEN,67,4.1166714510766855
CA_PGE_CEN,68,2.6792246138274716
CA_PGE_CEN,69,4.139883298304543
CA_PGE_CEN,70,4.1728051111309
CA_PGE_CEN,71,4.115712660434309
CA_PGE_CEN,72,4.275820330139975
CA_PGE_CEN,73,4.420616526054692
CA_PGE_CEN,74,5.054124516062058
CA_PGE_CEN,75,2.4810258256350255
CA_PGE_CEN,76,3.5318531396874526
CA_PGE_CEN,77,4.474407093619181
CA_PGE_CEN,78,4.365385656293463
CA_PGE_CEN,79,4.38641753409573
CA_PGE_CEN,80,4.686075360515977
CA_PGE_CEN,81,4.5389129066061615
CA_PGE_CEN,82,2.8473478741846723
CA_PGE_CEN,83,3.7729657597061834
CA_PGE_CEN,84,4.6594304926970675
CA_PGE_CEN,85,3.687700770481704
CA_PGE_CEN,86,4.721663813790363
CA_PGE_CEN,87,4.275919110491042
CA_PGE_CEN,88,4.7963145349547185
CA_PGE_CEN,89,2.7960237470743534
CA_PGE_CEN,90,2.980514415924034
CA_PGE_CEN,91,3.741182040048371
CA_PGE_CEN,92,4.032307870112172
CA_PGE_CEN,93,4.702344029179272
CA_PGE_CEN,94,4.899811771134917
CA_PGE_CEN,95,4.422307831389868
CA_PGE_CEN,96,3.1380318798968716
CA_PGE_CEN,97,3.2714853322828525
CA_PGE_CEN,98,3.896263430574055
CA_PGE_CEN,99,4.250938580219564
CA_PGE_CEN,100,4.006761871038847
CA_PGE_CEN,101,4.935402713730746
CA_PGE_CEN,102,4.929803469307347
CA_PGE_CEN,103,2.9695373651063344
CA_PGE_CEN,104,4.235340001074061
CA_PGE_CEN,105,4.545112648256066
CA_PGE_CEN,106,3.2084384040931213
CA_PGE_CEN,107,3.781730698321417
CA_PGE_CEN,108,4.993507800067152
CA_PGE_CEN,109,4.301283038305041
CA_PGE_CEN,110,2.540191430267927
CA_PGE_CEN,111,3.7511647092491196
CA_PGE_CEN,112,4.70458773290354
CA_PGE_CEN,113,3.7484660568654213
CA_PGE_CEN,114,5.064243105775856
CA_PGE_CEN,115,5.00310711298513
CA_PGE_CEN,116,5.531026669861087
CA_PGE_CEN,117,2.880995557533705
CA_PGE_CEN,118,3.766126499033858
CA_PGE_CEN,119,4.25573684053611
CA_PGE_CEN,120,4.1079385607253
CA_PGE_CEN,121,5.160744894596576
CA_PGE_CEN,122,6.383764798698667
CA_PGE_CEN,123,5.804334977242913
CA_PGE_CEN,124,3.6217703002455344
CA_PGE_CEN,125,4.407776659468228
CA_PGE_CEN,126,5.035789778877865
CA_PGE_CEN,127,6.06846000188674
CA_PGE_CEN,128,5.716745317121003
CA_PGE_CEN,129,5.88060799933114
CA_PGE_CEN,130,6.852154356887656
CA_PGE_CEN,131,3.3974634381780464
CA_PGE_CEN,132,4.922491720926689
CA_PGE_CEN,133,5.051435370052487
CA_PGE_CEN,134,4.215287626082427
CA_PGE_CEN,135,6.707006002243942
CA_PGE_CEN,136,6.388091215026466
CA_PGE_CEN,137,5.539392246362056
CA_PGE_CEN,138,4.2093945423917045
CA_PGE_CEN,139,5.049759532708177
CA_PGE_CEN,140,5.265343174185269
CA_PGE_CEN,141,6.1153020700898395
CA_PGE_CEN,142,5.630960434256968
CA_PGE_CEN,143,5.726451580645103
CA_PGE_CEN,144,5.677930854326476
CA_PGE_CEN,145,2.819016627836885
CA_PGE_CEN,146,3.46561929472464
CA_PGE_CEN,147,4.803963838505338
CA_PGE_CEN,148,5.199348722081263
CA_PGE_CEN,149,4.453776100727234
CA_PGE_CEN,150,5.961333621872332
CA_PGE_CEN,151,6.040717354182179
CA_PGE_CEN,152,4.016903006517381
CA_PGE_CEN,153,6.507900012871544
CA_PGE_CEN,154,6.6351619418558405
CA_PGE_CEN,155,6.690276194924723
CA_PGE_CEN,156,7.724573936211509
CA_PGE_CEN,157,7.328551583935236
CA_PGE_CEN,158,8.093758233989625
CA_PGE_CEN,159,5.901319269472223
CA_PGE_CEN,160,7.119819877914581
CA_PGE_CEN,161,6.417815245355254
CA_PGE_CEN,162,8.275055972904049
CA_PGE_CEN,163,7.873803686112709
CA_PGE_CEN,164,7.299958627685883
CA_PGE_CEN,165,7.277336421182355
CA_PGE_CEN,166,5.810397591075433
CA_PGE_CEN,167,5.630450564584906
CA_PGE_CEN,168,6.4165149335651455
CA_PGE_CEN,169,7.471996972753722
CA_PGE_CEN,170,6.434151179203044
CA_PGE_CEN,171,7.630692949017294
CA_PGE_CEN,172,7.349448420618014
CA_PGE_CEN,173,5.805637656008132
CA_PGE_CEN,174,6.030857616302007
CA_PGE_CEN,175,6.392965030156813
CA_PGE_CEN,176,7.145115420903721
CA_PGE_CEN,177,6.727878573533364
CA_PGE_CEN,178,7.799663781251483
CA_PGE_CEN,179,7.575851637755015
CA_PGE_CEN,180,5.780290733102152
CA_PGE_CEN,181,5.197136568473548
CA_PGE_CEN,182,5.449355260445881
CA_PGE_CEN,183,6.941331802647137
CA_PGE_CEN,184,6.767714424677131
CA_PGE_CEN,185,3.5858208927734805
CA_PGE_CEN,186,4.792156534475295
CA_PGE_CEN,187,4.577955198047165
CA_PGE_CEN,188,6.047982250625248
CA_PGE_CEN,189,6.525865924769058
CA_PGE_CEN,190,6.051713210325635
CA_PGE_CEN,191,7.345166215649117
CA_PGE_CEN,192,6.394224696003837
CA_PGE_CEN,193,6.041950886516848
CA_PGE_CEN,194,5.879425122110269
CA_PGE_CEN,195,5.68555898479848
CA_PGE_CEN,196,6.893933318895217
CA_PGE_CEN,197,6.427182591990068
CA_PGE_CEN,198,7.055305800925503
CA_PGE_CEN,199,7.18864416819086
CA_PGE_CEN,200,6.760773864577256
CA_PGE_CEN,201,4.682898703189841
CA_PGE_CEN,202,5.844580182998792
CA_PGE_CEN,203,6.0054902015315115
CA_PGE_CEN,204,5.404865791395929
CA_PGE_CEN,205,6.884752156830233
CA_PGE_CEN,206,7.19353256698005
CA_PGE_CEN,207,7.055092457955875
CA_PGE_CEN,208,5.2306296185375984
CA_PGE_CEN,209,5.377682437238622
CA_PGE_CEN,210,6.720413209627179
CA_PGE_CEN,211,5.756119197330623
CA_PGE_CEN,212,6.567086635618139
CA_PGE_CEN,213,8.929138188008437
CA_PGE_CEN,214,8.20262207918889
CA_PGE_CEN,215,5.409054140210694
CA_PGE_CEN,216,7.203816413036718
CA_PGE_CEN,217,7.261949565336028
CA_PGE_CEN,218,6.539835146683435
CA_PGE_CEN,219,8.218849576911579
CA_PGE_CEN,220,8.829095022516261
CA_PGE_CEN,221,7.928606986628522
CA_PGE_CEN,222,5.293596976978126
CA_PGE_CEN,223,6.53384083580956
CA_PGE_CEN,224,7.419439615760547
CA_PGE_CEN,225,6.954463145383881
CA_PGE_CEN,226,7.89911610839802
CA_PGE_CEN,227,9.289143324675306
CA_PGE_CEN,228,7.880368463743212
CA_PGE_CEN,229,5.652270256831359
CA_PGE_CEN,230,6.849610496049949
CA_PGE_CEN,231,7.730661946082179
CA_PGE_CEN,232,6.962941662132184
CA_PGE_CEN,233,7.040254555359137
CA_PGE_CEN,234,7.199364361723614
CA_PGE_CEN,235,7.034283932627976
CA_PGE_CEN,236,4.794500940917193
CA_PGE_CEN,237,6.025543656707831
CA_PGE_CEN,238,6.499659652817429
CA_PGE_CEN,239,7.01567027455938
CA_PGE_CEN,240,7.003241097765712
CA_PGE_CEN,241,8.456950186309033
CA_PGE_CEN,242,7.626328151019761
CA_PGE_CEN,243,5.252060760526651
CA_PGE_CEN,244,4.743303675022691
CA_PGE_CEN,245,5.999800183408998
CA_PGE_CEN,246,5.678866706820365
CA_PGE_CEN,247,6.363512311404255
CA_PGE_CEN,248,6.990462775144439
CA_PGE_CEN,249,6.858761440420056
CA_PGE_CEN,250,3.959206708135945
CA_PGE_CEN,251,5.649346100258511
CA_PGE_CEN,252,6.117742667711948
CA_PGE_CEN,253,6.944795328389391
CA_PGE_CEN,254,6.816152425725019
CA_PGE_CEN,255,7.249684251479823
CA_PGE_CEN,256,5.897015875011421
CA_PGE_CEN,257,4.681869712588049
CA_PGE_CEN,258,6.35322396659478
CA_PGE_CEN,259,6.6374561058393295
CA_PGE_CEN,260,6.595231301725374
CA_PGE_CEN,261,7.578984463138512
CA_PGE_CEN,262,7.043461940276878
CA_PGE_CEN,263,7.195072293056205
CA_PGE_CEN,264,4.598637032985863
CA_PGE_CEN,265,6.351142726136925
CA_PGE_CEN,266,6.6486165977694345
CA_PGE_CEN,267,6.275392427362027
CA_PGE_CEN,268,6.106297818127939
CA_PGE_CEN,269,7.258178935542769
CA_PGE_CEN,270,7.111187295354468
CA_PGE_CEN,271,5.036765992213383
CA_PGE_CEN,272,5.663729239164585
CA_PGE_CEN,273,6.663071477556127
CA_PGE_CEN,274,5.6040992553269335
CA_PGE_CEN,275,5.9547281255657785
CA_PGE_CEN,276,6.76285821923005
CA_PGE_CEN,277,6.149945280917145
CA_PGE_CEN,278,4.001413493697004
CA_PGE_CEN,279,5.053075289977155
CA_PGE_CEN,280,5.804736746194025
CA_PGE_CEN,281,6.285422794143305
CA_PGE_CEN,282,6.692621997400123
CA_PGE_CEN,283,7.09814119122067
CA_PGE_CEN,284,6.612785284039068
CA_PGE_CEN,285,4.947573338979192
CA_PGE_CEN,286,5.337563683927956
CA_PGE_CEN,287,6.03814737189554
CA_PGE_CEN,288,6.413406734544688
CA_PGE_CEN,289,7.600838814266693
CA_PGE_CEN,290,7.626564649686677
CA_PGE_CEN,291,6.715197639052266
CA_PGE_CEN,292,4.829915240120534
CA_PGE_CEN,293,5.565067542574292
CA_PGE_CEN,294,6.379891313750011
CA_PGE_CEN,295,6.013275321948139
CA_PGE_CEN,296,6.26531718508086
CA_PGE_CEN,297,6.500707844003302
CA_PGE_CEN,298,7.13203770217991
CA_PGE_CEN,299,4.17023588287789
CA_PGE_CEN,300,6.3084118987359465
CA_PGE_CEN,301,7.2206553924616665
CA_PGE_CEN,302,6.1273050041812525
CA_PGE_CEN,303,6.45290251809258
CA_PGE_CEN,304,6.545244160603378
CA_PGE_CEN,305,6.961797980087751
CA_PGE_CEN,306,5.4362199627556
CA_PGE_CEN,307,5.473251827518099
CA_PGE_CEN,308,5.504480580658698
CA_PGE_CEN,309,6.459727375521376
CA_PGE_CEN,310,6.979823632595375
CA_PGE_CEN,311,7.410193585835729
CA_PGE_CEN,312,6.763015745905428
CA_PGE_CEN,313,4.65335398865073
CA_PGE_CEN,314,5.506929128948711
CA_PGE_CEN,315,6.04913276675113
CA_PGE_CEN,316,6.310752141538082
CA_PGE_CEN,317,6.614279550006452
CA_PGE_CEN,318,8.540239099028481
CA_PGE_CEN,319,7.815901508781754
CA_PGE_CEN,320,4.22193203507037
CA_PGE_CEN,321,5.720267780194066
CA_PGE_CEN,322,6.4802354728232725
CA_PGE_CEN,323,6.282236049908029
CA_PGE_CEN,324,7.278913989266547
CA_PGE_CEN,325,8.018403040264019
CA_PGE_CEN,326,8.371904256935279
CA_PGE_CEN,327,6.131198953470552
CA_PGE_CEN,328,6.667710673930893
CA_PGE_CEN,329,8.00787093460931
CA_PGE_CEN,330,8.646472457040996
CA_PGE_CEN,331,7.318674273810334
CA_PGE_CEN,332,2.7591870177330398
CA_PGE_CEN,333,5.586810965201239
CA_PGE_CEN,334,6.573668881335998
CA_PGE_CEN,335,7.39994238718062
CA_PGE_CEN,336,7.830797699594607
CA_PGE_CEN,337,7.376773668257537
CA_PGE_CEN,338,7.668829802031737
CA_PGE_CEN,339,8.47523939724564
CA_PGE_CEN,340,7.458901457280464
CA_PGE_CEN,341,6.016407329932644
CA_PGE_CEN,342,5.9943277894290015
CA_PGE_CEN,343,6.401823882108365
CA_PGE_CEN,344,7.911131629668916
CA_PGE_CEN,345,9.046895740513751
CA_PGE_CEN,346,9.27161959194534
CA_PGE_CEN,347,8.05116533251649
CA_PGE_CEN,348,5.284544348072267
CA_PGE_CEN,349,6.037568788670733
CA_PGE_CEN,350,7.008513898797525
CA_PGE_CEN,351,8.691892673392841
CA_PGE_CEN,352,8.762428250014144
CA_PGE_CEN,353,9.979462583634575
CA_PGE_CEN,354,7.067282611301355
CA_PGE_CEN,355,5.737571367282938
CA_PGE_CEN,356,6.839535464204313
CA_PGE_CEN,357,8.118133350404326
CA_PGE_CEN,358,5.232990103722471
CA_PGE_CEN,359,3.334992947541457
CA_PGE_CEN,360,7.369785891742176
CA_PGE_CEN,361,8.976101384100108
CA_PGE_CEN,362,5.92618069538839
CA_PGE_CEN,363,5.989985092665506
CA_PGE_CEN,364,7.961938678260376
CA_PGE_CEN,365,5.865986531806402
CA_PGE_N,1,0.06719351363366205
CA_PGE_N,2,0.06603431389276473
CA_PGE_N,3,0.07188936838083874
CA_PGE_N,4,0.0954397657547861
CA_PGE_N,5,0.07959915346248014
CA_PGE_N,6,0.05732028854816039
CA_PGE_N,7,0.08305083877038714
CA_PGE_N,8,0.08939728608531283
CA_PGE_N,9,0.0926209961465936
CA_PGE_N,10,0.09584664510568323
CA_PGE_N,11,0.121744404136419
CA_PGE_N,12,0.10328575323313342
CA_PGE_N,13,0.050772006376224275
CA_PGE_N,14,0.06945518900576127
CA_PGE_N,15,0.08302586466488937
CA_PGE_N,16,0.058415116261972516
CA_PGE_N,17,0.061622023766649645
CA_PGE_N,18,0.09796608554261181
CA_PGE_N,19,0.08952355581335769
CA_PGE_N,20,0.05857132550671104
CA_PGE_N,21,0.09619524862478442
CA_PGE_N,22,0.079949951606105
CA_PGE_N,23,0.08855280932553612
CA_PGE_N,24,0.09572041495003136
CA_PGE_N,25,0.09831925019238671
CA_PGE_N,26,0.09127049702346587
CA_PGE_N,27,0.04212460986057771
CA_PGE_N,28,0.0915877334920856
CA_PGE_N,29,0.09166810861116782
CA_PGE_N,30,0.07190946007790656
CA_PGE_N,31,0.06449864337541929
CA_PGE_N,32,0.08119622684688443
CA_PGE_N,33,0.08863967160047011
CA_PGE_N,34,0.0480074477155967
CA_PGE_N,35,0.05914959101169283
CA_PGE_N,36,0.06958190716829539
CA_PGE_N,37,0.05898054182716507
CA_PGE_N,38,0.07249109823455865
CA_PGE_N,39,0.07723594111721865
CA_PGE_N,40,0.09256021458015994
CA_PGE_N,41,0.04088644416467761
CA_PGE_N,42,0.05792611928054354
CA_PGE_N,43,0.10894191668393924
CA_PGE_N,44,0.06096326692677777
CA_PGE_N,45,0.05634247411621099
CA_PGE_N,46,0.08787175131054224
CA_PGE_N,47,0.08572310222186202
CA_PGE_N,48,0.06276931387587767
CA_PGE_N,49,0.0661709130193588
CA_PGE_N,50,0.07872081551740796
CA_PGE_N,51,0.06803555340792833
CA_PGE_N,52,0.08099738032967409
CA_PGE_N,53,0.1122052810548892
CA_PGE_N,54,0.08970273311428333
CA_PGE_N,55,0.08040433063599398
CA_PGE_N,56,0.08235563529672892
CA_PGE_N,57,0.06818792199454138
CA_PGE_N,58,0.07063466474735063
CA_PGE_N,59,0.05706544195902928
CA_PGE_N,60,0.06787449409309562
CA_PGE_N,61,0.0554340240225967
CA_PGE_N,62,0.06948523262616974
CA_PGE_N,63,0.09044664041203564
CA_PGE_N,64,0.06362332103729858
CA_PGE_N,65,0.07908365206165865
CA_PGE_N,66,0.09454602526924001
CA_PGE_N,67,0.0819447271866373
CA_PGE_N,68,0.06563415751142758
CA_PGE_N,69,0.08746737649468696
CA_PGE_N,70,0.09403672885733187
CA_PGE_N,71,0.06908944758934431
CA_PGE_N,72,0.06816244334413649
CA_PGE_N,73,0.10837389551299662
CA_PGE_N,74,0.09812633042201419
CA_PGE_N,75,0.053166342306410985
CA_PGE_N,76,0.08657355943231024
CA_PGE_N,77,0.09232940988260079
CA_PGE_N,78,0.07258415382975529
CA_PGE_N,79,0.09116352317580863
CA_PGE_N,80,0.09767292579591187
CA_PGE_N,81,0.10699724360560184
CA_PGE_N,82,0.062186339827659996
CA_PGE_N,83,0.09374771699397234
CA_PGE_N,84,0.10073384036602269
CA_PGE_N,85,0.07210939658848144
CA_PGE_N,86,0.10622663996740685
CA_PGE_N,87,0.09710541258430323
CA_PGE_N,88,0.10047373920870964
CA_PGE_N,89,0.05922657143949759
CA_PGE_N,90,0.055536770197476874
CA_PGE_N,91,0.13091925856261202
CA_PGE_N,92,0.09575669691969697
CA_PGE_N,93,0.09308675711966549
CA_PGE_N,94,0.14652902178365623
CA_PGE_N,95,0.14581874526898111
CA_PGE_N,96,0.09848850767984015
CA_PGE_N,97,0.15937578123372836
CA_PGE_N,98,0.14067947363454045
CA_PGE_N,99,0.11478968942558714
CA_PGE_N,100,0.10787147461783028
CA_PGE_N,101,0.14005629764932978
CA_PGE_N,102,0.17769775408775842
CA_PGE_N,103,0.08865634791213126
CA_PGE_N,104,0.12396352222216363
CA_PGE_N,105,0.17397744018281364
CA_PGE_N,106,0.11351360762317543
CA_PGE_N,107,0.13108332150448668
CA_PGE_N,108,0.15987351681884987
CA_PGE_N,109,0.17385495578103152
CA_PGE_N,110,0.09438969538106294
CA_PGE_N,111,0.1664261373236702
CA_PGE_N,112,0.14236319233065364
CA_PGE_N,113,0.09595532472202041
CA_PGE_N,114,0.11719436784603453
CA_PGE_N,115,0.16469340396151155
CA_PGE_N,116,0.17824046503932556
CA_PGE_N,117,0.08097301656778448
CA_PGE_N,118,0.13241582298599666
CA_PGE_N,119,0.13472011687144725
CA_PGE_N,120,0.07928181335558328
CA_PGE_N,121,0.3060833581624818
CA_PGE_N,122,0.3272432912907257
CA_PGE_N,123,0.2938703443211952
CA_PGE_N,124,0.20410799476880132
CA_PGE_N,125,0.32640146006209747
CA_PGE_N,126,0.28446908215262007
CA_PGE_N,127,0.2015946462728268
CA_PGE_N,128,0.24243839790782537
CA_PGE_N,129,0.264841277946612
CA_PGE_N,130,0.3225167253642389
CA_PGE_N,131,0.17245832623031862
CA_PGE_N,132,0.24047908624991943
CA_PGE_N,133,0.39376655807251165
CA_PGE_N,134,0.20409292215823066
CA_PGE_N,135,0.2722140877519212
CA_PGE_N,136,0.417246659184818
CA_PGE_N,137,0.383666249360272
CA_PGE_N,138,0.20119738216864286
CA_PGE_N,139,0.3258992977483932
CA_PGE_N,140,0.34398449485223265
CA_PGE_N,141,0.2375181968553463
CA_PGE_N,142,0.34593754838875335
CA_PGE_N,143,0.3292713251865189
CA_PGE_N,144,0.3833825508569101
CA_PGE_N,145,0.19344933909743822
CA_PGE_N,146,0.19782693056964876
CA_PGE_N,147,0.42236237734787035
CA_PGE_N,148,0.26176884043143056
CA_PGE_N,149,0.25512617939606963
CA_PGE_N,150,0.28414324952741576
CA_PGE_N,151,0.29059111012334243
CA_PGE_N,152,0.31211090715962064
CA_PGE_N,153,0.4988815550343679
CA_PGE_N,154,0.37402268980265996
CA_PGE_N,155,0.3459310150453762
CA_PGE_N,156,0.4502893207704145
CA_PGE_N,157,0.8545762642624454
CA_PGE_N,158,0.5973096247585719
CA_PGE_N,159,0.3191058661712509
CA_PGE_N,160,1.0302080365961663
CA_PGE_N,161,0.5265170476499318
CA_PGE_N,162,0.3776778463488218
CA_PGE_N,163,0.38284204797578
CA_PGE_N,164,0.5254344254333541
CA_PGE_N,165,0.4190358663572846
CA_PGE_N,166,0.2907295596469151
CA_PGE_N,167,0.4081425232749932
CA_PGE_N,168,0.36706398544599056
CA_PGE_N,169,0.3103113687761757
CA_PGE_N,170,0.40666640388864544
CA_PGE_N,171,0.41467062453005676
CA_PGE_N,172,0.44841292246258235
CA_PGE_N,173,0.31594582022852646
CA_PGE_N,174,0.4589707505758838
CA_PGE_N,175,0.4634517619946306
CA_PGE_N,176,0.2899387163233046
CA_PGE_N,177,0.3997790775679679
CA_PGE_N,178,0.4947751959769589
CA_PGE_N,179,0.5093481686960619
CA_PGE_N,180,0.27601206846667664
CA_PGE_N,181,0.35395263435112123
CA_PGE_N,182,0.1717334057359626
CA_PGE_N,183,0.15107884941634864
CA_PGE_N,184,0.15973298562085728
CA_PGE_N,185,0.1109933537006708
CA_PGE_N,186,0.10801383800076488
CA_PGE_N,187,0.13645895090666352
CA_PGE_N,188,0.17200783290866156
CA_PGE_N,189,0.16862705718156543
CA_PGE_N,190,0.15411301638643313
CA_PGE_N,191,0.1639748655001276
CA_PGE_N,192,0.2705691350055199
CA_PGE_N,193,0.22078283732493298
CA_PGE_N,194,0.15404513563392658
CA_PGE_N,195,0.34262872199121763
CA_PGE_N,196,0.2395170737741255
CA_PGE_N,197,0.16913629480470588
CA_PGE_N,198,0.22125513897240973
CA_PGE_N,199,0.36605263224172335
CA_PGE_N,200,0.22859853504815372
CA_PGE_N,201,0.14296744078753346
CA_PGE_N,202,0.5214456221612196
CA_PGE_N,203,0.2226431298670513
CA_PGE_N,204,0.13721224133347487
CA_PGE_N,205,0.13875044207354717
CA_PGE_N,206,0.2572494089783688
CA_PGE_N,207,0.22841493738269125
CA_PGE_N,208,0.2121822147248132
CA_PGE_N,209,0.3847722254859794
CA_PGE_N,210,0.18641486714515984
CA_PGE_N,211,0.14551437233199674
CA_PGE_N,212,0.20777840100877454
CA_PGE_N,213,0.3425280651252407
CA_PGE_N,214,0.38900437275641414
CA_PGE_N,215,0.26763516236726603
CA_PGE_N,216,0.3629143540860076
CA_PGE_N,217,0.3866678667129047
CA_PGE_N,218,0.2919612525102694
CA_PGE_N,219,0.31002281801742426
CA_PGE_N,220,0.45468579137973353
CA_PGE_N,221,0.32537474264023986
CA_PGE_N,222,0.22086346866175793
CA_PGE_N,223,0.38799431621060537
CA_PGE_N,224,0.32110791587147547
CA_PGE_N,225,0.29279886691211443
CA_PGE_N,226,0.31969753678150004
CA_PGE_N,227,0.4130217840575223
CA_PGE_N,228,0.36548026333766204
CA_PGE_N,229,0.25622423988215953
CA_PGE_N,230,0.3333758321548686
CA_PGE_N,231,0.3934374097693463
CA_PGE_N,232,0.20395437202294536
CA_PGE_N,233,0.2965461085258836
CA_PGE_N,234,0.44870471953681784
CA_PGE_N,235,0.3412641105227941
CA_PGE_N,236,0.2239368145921305
CA_PGE_N,237,0.4168885569783678
CA_PGE_N,238,0.3297598079262357
CA_PGE_N,239,0.284807440863217
CA_PGE_N,240,0.31172838056580743
CA_PGE_N,241,0.36723927908769183
CA_PGE_N,242,0.47130809739081453
CA_PGE_N,243,0.2776700092280589
CA_PGE_N,244,0.13440104276798587
CA_PGE_N,245,0.20608261013719148
CA_PGE_N,246,0.15941994424547287
CA_PGE_N,247,0.16865213318049363
CA_PGE_N,248,0.1964057221256623
CA_PGE_N,249,0.18203360362575755
CA_PGE_N,250,0.10787855971151443
CA_PGE_N,251,0.16997738767813933
CA_PGE_N,252,0.222841267949164
CA_PGE_N,253,0.23494765315053065
CA_PGE_N,254,0.1695901046841499
CA_PGE_N,255,0.22264851105528305
CA_PGE_N,256,0.1867384987084828
CA_PGE_N,257,0.14346314026860552
CA_PGE_N,258,0.23294399860886367
CA_PGE_N,259,0.18290106731760064
CA_PGE_N,260,0.26428939223507786
CA_PGE_N,261,0.1932664899793661
CA_PGE_N,262,0.23808028172840456
CA_PGE_N,263,0.28939261676107175
CA_PGE_N,264,0.14171484673334514
CA_PGE_N,265,0.23917574156104823
CA_PGE_N,266,0.2170919435640946
CA_PGE_N,267,0.16127362926817637
CA_PGE_N,268,0.19235463233644132
CA_PGE_N,269,0.2507404468467589
CA_PGE_N,270,0.21078336158728003
CA_PGE_N,271,0.14871036818937278
CA_PGE_N,272,0.19739983453130985
CA_PGE_N,273,0.22885857104570728
CA_PGE_N,274,0.26851933545407597
CA_PGE_N,275,0.25613637625354313
CA_PGE_N,276,0.3576254713019491
CA_PGE_N,277,0.32213709030252563
CA_PGE_N,278,0.1529756572658257
CA_PGE_N,279,0.47079030789066795
CA_PGE_N,280,0.37499531903649935
CA_PGE_N,281,0.316044595204716
CA_PGE_N,282,0.34801425989047124
CA_PGE_N,283,0.3537065309570206
CA_PGE_N,284,0.31953950214091914
CA_PGE_N,285,0.22516948247563456
CA_PGE_N,286,0.2787514036084311
CA_PGE_N,287,0.3155571008851336
CA_PGE_N,288,0.2222376139092995
CA_PGE_N,289,0.36932909022071675
CA_PGE_N,290,0.406637012107211
CA_PGE_N,291,0.4228401003866718
CA_PGE_N,292,0.20233375989820582
CA_PGE_N,293,0.403173196550692
CA_PGE_N,294,0.36055730647885853
CA_PGE_N,295,0.325353065179729
CA_PGE_N,296,0.21727081667447812
CA_PGE_N,297,0.36881065841571725
CA_PGE_N,298,0.3818261207647104
CA_PGE_N,299,0.1878765143280616
CA_PGE_N,300,0.427885020751778
CA_PGE_N,301,0.3768204267255199
CA_PGE_N,302,0.28512332804765184
CA_PGE_N,303,0.3155316327966704
CA_PGE_N,304,0.33410591803024003
CA_PGE_N,305,0.5272813282040307
CA_PGE_N,306,0.2636312948062031
CA_PGE_N,307,0.5316317017024974
CA_PGE_N,308,0.5214097423765661
CA_PGE_N,309,0.4303891735555362
CA_PGE_N,310,0.39715957215817355
CA_PGE_N,311,0.675235430986616
CA_PGE_N,312,0.5296628421316669
CA_PGE_N,313,0.3525968074585685
CA_PGE_N,314,0.6736164039810356
CA_PGE_N,315,0.4454535945264837
CA_PGE_N,316,0.3836784329012392
CA_PGE_N,317,0.3883480160376359
CA_PGE_N,318,0.6894509334881643
CA_PGE_N,319,0.5233941185266159
CA_PGE_N,320,0.30400878092859446
CA_PGE_N,321,0.631430798569759
CA_PGE_N,322,0.5233412857663131
CA_PGE_N,323,0.4751880447199686
CA_PGE_N,324,0.3863357355298775
CA_PGE_N,325,0.6116305952657534
CA_PGE_N,326,0.5977129600973288
CA_PGE_N,327,0.4485457016675808
CA_PGE_N,328,0.5047288702809756
CA_PGE_N,329,0.525835633545422
CA_PGE_N,330,0.5699548559986266
CA_PGE_N,331,0.4737285412942052
CA_PGE_N,332,0.22196061770470685
CA_PGE_N,333,0.41782159247514106
CA_PGE_N,334,0.48337314830245676
CA_PGE_N,335,0.44013985790585014
CA_PGE_N,336,0.33693826037704355
CA_PGE_N,337,0.306014147668586
CA_PGE_N,338,0.21999939223344753
CA_PGE_N,339,0.31911371886340384
CA_PGE_N,340,0.35607913261282714
CA_PGE_N,341,0.21081827956360227
CA_PGE_N,342,0.28416844243049144
CA_PGE_N,343,0.29998803689809866
CA_PGE_N,344,0.2908163399896696
CA_PGE_N,345,0.28396950696573897
CA_PGE_N,346,0.4940183705648661
CA_PGE_N,347,0.27614682606456864
CA_PGE_N,348,0.13954475269914768
CA_PGE_N,349,0.3256456482720816
CA_PGE_N,350,0.28406286729535946
CA_PGE_N,351,0.20709283906198836
CA_PGE_N,352,0.2607887928856459
CA_PGE_N,353,0.4296358192507783
CA_PGE_N,354,0.3874401297069276
CA_PGE_N,355,0.23158779414790961
CA_PGE_N,356,0.2969387123944245
CA_PGE_N,357,0.31903429809811334
CA_PGE_N,358,0.13701657898553032
CA_PGE_N,359,0.12610365906148086
CA_PGE_N,360,0.36876098190737705
CA_PGE_N,361,0.34283581030027466
CA_PGE_N,362,0.2303220009195076
CA_PGE_N,363,0.2321680321615343
CA_PGE_N,364,0.30734157756425956
CA_PGE_N,365,0.16594959064007228
CA_PGE_S,1,0.1444932111326115
CA_PGE_S,2,0.1549170431086648
CA_PGE_S,3,0.19198295082538658
CA_PGE_S,4,0.17891827682006706
CA_PGE_S,5,0.16534387028216743
CA_PGE_S,6,0.124269502024677
CA_PGE_S,7,0.10765476378521042
CA_PGE_S,8,0.16674129699023063
CA_PGE_S,9,0.14965251903813118
CA_PGE_S,10,0.2049601299748702
CA_PGE_S,11,0.22215191923486385
CA_PGE_S,12,0.17883472888271026
CA_PGE_S,13,0.08249500818621
CA_PGE_S,14,0.10401389947663413
CA_PGE_S,15,0.15257413278826717
CA_PGE_S,16,0.2194843742195755
CA_PGE_S,17,0.17846182652368217
CA_PGE_S,18,0.22378610173589247
CA_PGE_S,19,0.19942376902332665
CA_PGE_S,20,0.10482932189819956
CA_PGE_S,21,0.11468677079865182
CA_PGE_S,22,0.15462851755514878
CA_PGE_S,23,0.19518264497867915
CA_PGE_S,24,0.19311853855212635
CA_PGE_S,25,0.20081339237529233
CA_PGE_S,26,0.18567187750835984
CA_PGE_S,27,0.099334551995617
CA_PGE_S,28,0.14463836006318814
CA_PGE_S,29,0.18917728203353773
CA_PGE_S,30,0.1688971857821447
CA_PGE_S,31,0.20154825490638933
CA_PGE_S,32,0.2386670568432801
CA_PGE_S,33,0.16380241573939897
CA_PGE_S,34,0.09663071018782578
CA_PGE_S,35,0.08653225947392279
CA_PGE_S,36,0.0995819096867896
CA_PGE_S,37,0.14919901268769165
CA_PGE_S,38,0.1799487279864316
CA_PGE_S,39,0.1994523986410369
CA_PGE_S,40,0.19352535966673418
CA_PGE_S,41,0.08863945499518149
CA_PGE_S,42,0.08355037225423427
CA_PGE_S,43,0.16227324235433727
CA_PGE_S,44,0.16802126279775645
CA_PGE_S,45,0.17519478912180683
CA_PGE_S,46,0.21661659677332415
CA_PGE_S,47,0.20376670628536883
CA_PGE_S,48,0.1149997164765428
CA_PGE_S,49,0.14903368018914454
CA_PGE_S,50,0.16605809745325917
CA_PGE_S,51,0.14720464889163937
CA_PGE_S,52,0.20164654609671076
CA_PGE_S,53,0.20166936520635675
CA_PGE_S,54,0.19223188593208096
CA_PGE_S,55,0.08119554537156916
CA_PGE_S,56,0.12947194669227557
CA_PGE_S,57,0.15312420600208
CA_PGE_S,58,0.1790239618437045
CA_PGE_S,59,0.16343200270583472
CA_PGE_S,60,0.25208669286239077
CA_PGE_S,61,0.10645857179196838
CA_PGE_S,62,0.17488963309328778
CA_PGE_S,63,0.28741900413533794
CA_PGE_S,64,0.20621563498784765
CA_PGE_S,65,0.1966937551718579
CA_PGE_S,66,0.28345728913293144
CA_PGE_S,67,0.22257307608216312
CA_PGE_S,68,0.1334107341634723
CA_PGE_S,69,0.20149947596271933
CA_PGE_S,70,0.20602158728259093
CA_PGE_S,71,0.2293479298587912
CA_PGE_S,72,0.22417162394473883
CA_PGE_S,73,0.24519518268331178
CA_PGE_S,74,0.26469342423806347
CA_PGE_S,75,0.1432393474028094
CA_PGE_S,76,0.2088575389485079
CA_PGE_S,77,0.26015634149224776
CA_PGE_S,78,0.2747496331661068
CA_PGE_S,79,0.26227378176303345
CA_PGE_S,80,0.24487850704805808
CA_PGE_S,81,0.2952195346686308
CA_PGE_S,82,0.19021579405358782
CA_PGE_S,83,0.22895990359324345
CA_PGE_S,84,0.2126372077087661
CA_PGE_S,85,0.20774296754359697
CA_PGE_S,86,0.2957419664178432
CA_PGE_S,87,0.29882958969021023
CA_PGE_S,88,0.3159609225772092
CA_PGE_S,89,0.14856796089401955
CA_PGE_S,90,0.17880489229939026
CA_PGE_S,91,0.2161304381444292
CA_PGE_S,92,0.2008722937361605
CA_PGE_S,93,0.23179830541482005
CA_PGE_S,94,0.2675438733462449
CA_PGE_S,95,0.23384719233957824
CA_PGE_S,96,0.15039929776205122
CA_PGE_S,97,0.18352810006728623
CA_PGE_S,98,0.20181161548337892
CA_PGE_S,99,0.21760924766833056
CA_PGE_S,100,0.22716991314444582
CA_PGE_S,101,0.24097538675722072
CA_PGE_S,102,0.25101911137314725
CA_PGE_S,103,0.15424336622987858
CA_PGE_S,104,0.19181911603174487
CA_PGE_S,105,0.27556191070037356
CA_PGE_S,106,0.22030836881368274
CA_PGE_S,107,0.18414108486820696
CA_PGE_S,108,0.29893504681069294
CA_PGE_S,109,0.2685951858068756
CA_PGE_S,110,0.14956557945081989
CA_PGE_S,111,0.17785076887950335
CA_PGE_S,112,0.299850214844256
CA_PGE_S,113,0.23807946102844416
CA_PGE_S,114,0.2908855920106857
CA_PGE_S,115,0.24567959326997124
CA_PGE_S,116,0.2637956417784451
CA_PGE_S,117,0.15471718566643786
CA_PGE_S,118,0.18785740211911697
CA_PGE_S,119,0.2017769346969606
CA_PGE_S,120,0.17881713904660496
CA_PGE_S,121,0.1892264248201919
CA_PGE_S,122,0.2278873408820052
CA_PGE_S,123,0.21608586194859117
CA_PGE_S,124,0.1600244183217008
CA_PGE_S,125,0.15144726002135697
CA_PGE_S,126,0.19557962363198025
CA_PGE_S,127,0.2057308422027654
CA_PGE_S,128,0.24379247815170477
CA_PGE_S,129,0.24414443367843897
CA_PGE_S,130,0.30797361761347264
CA_PGE_S,131,0.14753164315254685
CA_PGE_S,132,0.1949679399535959
CA_PGE_S,133,0.22428344033083392
CA_PGE_S,134,0.23528154724623057
CA_PGE_S,135,0.25591425861179384
CA_PGE_S,136,0.2825408412171293
CA_PGE_S,137,0.23014949074272034
CA_PGE_S,138,0.19959670902626062
CA_PGE_S,139,0.21230256304116907
CA_PGE_S,140,0.25972953395971204
CA_PGE_S,141,0.23752251862617696
CA_PGE_S,142,0.28959179846556465
CA_PGE_S,143,0.27464038766779825
CA_PGE_S,144,0.2854370318762371
CA_PGE_S,145,0.16556934871692502
CA_PGE_S,146,0.15233073228611896
CA_PGE_S,147,0.2033560773196034
CA_PGE_S,148,0.19876080255162495
CA_PGE_S,149,0.23924041827185993
CA_PGE_S,150,0.2869485393784965
CA_PGE_S,151,0.277668590897018
CA_PGE_S,152,0.2549025908963011
CA_PGE_S,153,0.24816838678907313
CA_PGE_S,154,0.2897658390111867
CA_PGE_S,155,0.31667437539925186
CA_PGE_S,156,0.36529339273101497
CA_PGE_S,157,0.43743197087675695
CA_PGE_S,158,0.3871677297909305
CA_PGE_S,159,0.30158083088407517
CA_PGE_S,160,0.3085742681002426
CA_PGE_S,161,0.3170218343897801
CA_PGE_S,162,0.3806692297599022
CA_PGE_S,163,0.3428548384194483
CA_PGE_S,164,0.4493151409529951
CA_PGE_S,165,0.3652103424865033
CA_PGE_S,166,0.2671306123444826
CA_PGE_S,167,0.2370298569253181
CA_PGE_S,168,0.34940062104151565
CA_PGE_S,169,0.3254111048610633
CA_PGE_S,170,0.3762207899010842
CA_PGE_S,171,0.4228048347829343
CA_PGE_S,172,0.39052300018714764
CA_PGE_S,173,0.2509658085167578
CA_PGE_S,174,0.2802371026805874
CA_PGE_S,175,0.2789307421901825
CA_PGE_S,176,0.3359581736708575
CA_PGE_S,177,0.29815788549395417
CA_PGE_S,178,0.36805429408857143
CA_PGE_S,179,0.30506703936603374
CA_PGE_S,180,0.2233592942300325
CA_PGE_S,181,0.2691850347072178
CA_PGE_S,182,0.20536152918597506
CA_PGE_S,183,0.2562102584076519
CA_PGE_S,184,0.253962687191561
CA_PGE_S,185,0.09473714357787053
CA_PGE_S,186,0.19152268917300333
CA_PGE_S,187,0.1635203522376958
CA_PGE_S,188,0.1799436250705804
CA_PGE_S,189,0.22273482287203447
CA_PGE_S,190,0.22729313220338634
CA_PGE_S,191,0.22943978880950402
CA_PGE_S,192,0.28246148577420904
CA_PGE_S,193,0.24235629460842562
CA_PGE_S,194,0.16660932375748733
CA_PGE_S,195,0.25397672540652744
CA_PGE_S,196,0.24343895093481022
CA_PGE_S,197,0.23681392761691486
CA_PGE_S,198,0.2910621123303009
CA_PGE_S,199,0.3098551393218959
CA_PGE_S,200,0.26400190815682556
CA_PGE_S,201,0.16730457720167174
CA_PGE_S,202,0.14019828584073815
CA_PGE_S,203,0.22308984413999064
CA_PGE_S,204,0.2458914590100073
CA_PGE_S,205,0.2766754884643726
CA_PGE_S,206,0.27203694167574116
CA_PGE_S,207,0.2671714272076472
CA_PGE_S,208,0.15596116391124612
CA_PGE_S,209,0.2011556316084461
CA_PGE_S,210,0.23671293153812176
CA_PGE_S,211,0.21871510227200375
CA_PGE_S,212,0.2944678760371448
CA_PGE_S,213,0.2802512192296914
CA_PGE_S,214,0.24451477344700098
CA_PGE_S,215,0.13909945018116182
CA_PGE_S,216,0.17127358843205898
CA_PGE_S,217,0.19851025890795918
CA_PGE_S,218,0.22394734385067885
CA_PGE_S,219,0.2551231194781947
CA_PGE_S,220,0.2774600345514485
CA_PGE_S,221,0.2571419854475051
CA_PGE_S,222,0.1762950057012023
CA_PGE_S,223,0.2206910970928248
CA_PGE_S,224,0.2321751050541555
CA_PGE_S,225,0.20745675306668196
CA_PGE_S,226,0.2230207705657767
CA_PGE_S,227,0.25451752765437274
CA_PGE_S,228,0.21542115187742708
CA_PGE_S,229,0.1900277482491309
CA_PGE_S,230,0.19767628159139777
CA_PGE_S,231,0.2118372808389113
CA_PGE_S,232,0.22275292817327905
CA_PGE_S,233,0.2770076985541827
CA_PGE_S,234,0.30655191605508836
CA_PGE_S,235,0.29244966543901785
CA_PGE_S,236,0.1485386413975381
CA_PGE_S,237,0.2023345877744599
CA_PGE_S,238,0.1968793176433674
CA_PGE_S,239,0.24991807324240597
CA_PGE_S,240,0.25519659957029484
CA_PGE_S,241,0.29191646912334335
CA_PGE_S,242,0.2948720399324841
CA_PGE_S,243,0.11733423005356258
CA_PGE_S,244,0.13676169444298508
CA_PGE_S,245,0.19214790761229902
CA_PGE_S,246,0.19368520121654942
CA_PGE_S,247,0.2624647015965962
CA_PGE_S,248,0.2542001595037133
CA_PGE_S,249,0.17331888457941932
CA_PGE_S,250,0.12734649096650427
CA_PGE_S,251,0.16546361139042756
CA_PGE_S,252,0.2681527763282284
CA_PGE_S,253,0.25524555065756915
CA_PGE_S,254,0.21662451020192797
CA_PGE_S,255,0.29315415154989366
CA_PGE_S,256,0.23806318661174608
CA_PGE_S,257,0.16854040146526178
CA_PGE_S,258,0.1953254809334802
CA_PGE_S,259,0.27369228837587545
CA_PGE_S,260,0.29059857844630715
CA_PGE_S,261,0.2785433098384545
CA_PGE_S,262,0.3373257743002657
CA_PGE_S,263,0.2908492730572485
CA_PGE_S,264,0.18500179106654485
CA_PGE_S,265,0.2310545623198791
CA_PGE_S,266,0.20846065828999094
CA_PGE_S,267,0.20905456896603064
CA_PGE_S,268,0.28006355440441244
CA_PGE_S,269,0.25229321534474536
CA_PGE_S,270,0.31396952861474453
CA_PGE_S,271,0.1612804755158294
CA_PGE_S,272,0.18646836154309415
CA_PGE_S,273,0.25184467761938695
CA_PGE_S,274,0.31518611530823115
CA_PGE_S,275,0.3379488392821281
CA_PGE_S,276,0.3896262442458302
CA_PGE_S,277,0.3318445301826986
CA_PGE_S,278,0.23529796539066766
CA_PGE_S,279,0.29451413694655637
CA_PGE_S,280,0.31838268189819857
CA_PGE_S,281,0.32768332666955763
CA_PGE_S,282,0.4424932304052005
CA_PGE_S,283,0.3714159143824371
CA_PGE_S,284,0.3439238152177353
CA_PGE_S,285,0.22931006012688684
CA_PGE_S,286,0.2554791611955243
CA_PGE_S,287,0.3366092035926929
CA_PGE_S,288,0.3677488523585431
CA_PGE_S,289,0.34507409144421325
CA_PGE_S,290,0.46587682979005657
CA_PGE_S,291,0.3731755073663414
CA_PGE_S,292,0.22241727614090062
CA_PGE_S,293,0.313769118034431
CA_PGE_S,294,0.3542329286230529
CA_PGE_S,295,0.313036333405655
CA_PGE_S,296,0.3184449772675084
CA_PGE_S,297,0.3807253376814862
CA_PGE_S,298,0.38502844162806926
CA_PGE_S,299,0.22459931215227613
CA_PGE_S,300,0.31923485893904807
CA_PGE_S,301,0.35006479582084327
CA_PGE_S,302,0.3043115544454836
CA_PGE_S,303,0.37745631299283394
CA_PGE_S,304,0.40312940611024023
CA_PGE_S,305,0.412406521793278
CA_PGE_S,306,0.2860218219438337
CA_PGE_S,307,0.3691638986137468
CA_PGE_S,308,0.3274873526576524
CA_PGE_S,309,0.2642988988726166
CA_PGE_S,310,0.3557091631902308
CA_PGE_S,311,0.4058646223112743
CA_PGE_S,312,0.3877491065902688
CA_PGE_S,313,0.2533560254774179
CA_PGE_S,314,0.30162158773565234
CA_PGE_S,315,0.39177729488382906
CA_PGE_S,316,0.36670854731546154
CA_PGE_S,317,0.39515693055870105
CA_PGE_S,318,0.39676907071115214
CA_PGE_S,319,0.4121764005067905
CA_PGE_S,320,0.2044566493953606
CA_PGE_S,321,0.3496974421646258
CA_PGE_S,322,0.394927659248873
CA_PGE_S,323,0.34749639873747723
CA_PGE_S,324,0.29510130327497514
CA_PGE_S,325,0.4303198864164817
CA_PGE_S,326,0.4359636178804938
CA_PGE_S,327,0.3138446590139867
CA_PGE_S,328,0.28888238672725425
CA_PGE_S,329,0.3376772272893728
CA_PGE_S,330,0.5028316173344941
CA_PGE_S,331,0.45218592365914356
CA_PGE_S,332,0.12658896385709179
CA_PGE_S,333,0.3380188253930006
CA_PGE_S,334,0.3782102005943041
CA_PGE_S,335,0.2875182632980385
CA_PGE_S,336,0.3115755567403038
CA_PGE_S,337,0.28200370391095647
CA_PGE_S,338,0.23065123144766878
CA_PGE_S,339,0.3468469165948353
CA_PGE_S,340,0.2799826597845528
CA_PGE_S,341,0.1511494200261942
CA_PGE_S,342,0.2587220661440956
CA_PGE_S,343,0.26544888947575274
CA_PGE_S,344,0.2588955207302406
CA_PGE_S,345,0.267476098058597
CA_PGE_S,346,0.33958771924899384
CA_PGE_S,347,0.3211755127061504
CA_PGE_S,348,0.18473824440000824
CA_PGE_S,349,0.24412575711396303
CA_PGE_S,350,0.24478251618289573
CA_PGE_S,351,0.27471654786479216
CA_PGE_S,352,0.31614202864071
CA_PGE_S,353,0.3356792457180473
CA_PGE_S,354,0.2899569713832318
CA_PGE_S,355,0.21217135232068382
CA_PGE_S,356,0.20091598545902414
CA_PGE_S,357,0.2692611272182603
CA_PGE_S,358,0.16018252333586025
CA_PGE_S,359,0.09880349638699552
CA_PGE_S,360,0.2778809907530983
CA_PGE_S,361,0.3101046161793214
CA_PGE_S,362,0.2482356012323983
CA_PGE_S,363,0.1822376450349235
CA_PGE_S,364,0.25837910480926074
CA_PGE_S,365,0.17801215297655892
CA_SCE_CEN,1,82.09692562021749
CA_SCE_CEN,2,101.90336369113632
CA_SCE_CEN,3,57.91297839948668
CA_SCE_CEN,4,173.13452497460517
CA_SCE_CEN,5,70.15304029258188
CA_SCE_CEN,6,200.43912969172774
CA_SCE_CEN,7,291.9170993096972
CA_SCE_CEN,8,122.38424174756483
CA_SCE_CEN,9,100.1414663492784
CA_SCE_CEN,10,84.16258800197245
CA_SCE_CEN,11,12.416218739130718
CA_SCE_CEN,12,75.71233744334786
CA_SCE_CEN,13,136.26531488238004
CA_SCE_CEN,14,395.80862512796546
CA_SCE_CEN,15,696.1238826810234
CA_SCE_CEN,16,199.84593969034896
CA_SCE_CEN,17,440.80748165066257
CA_SCE_CEN,18,242.10243029443748
CA_SCE_CEN,19,113.91104612042352
CA_SCE_CEN,20,171.2001486265432
CA_SCE_CEN,21,542.4667801090326
CA_SCE_CEN,22,140.6874111292171
CA_SCE_CEN,23,282.09849023699456
CA_SCE_CEN,24,281.80049636847843
CA_SCE_CEN,25,236.77663615556403
CA_SCE_CEN,26,146.07904261394083
CA_SCE_CEN,27,241.650222950349
CA_SCE_CEN,28,188.7312032528375
CA_SCE_CEN,29,181.964892775523
CA_SCE_CEN,30,95.95270166402666
CA_SCE_CEN,31,187.98324377276154
CA_SCE_CEN,32,106.07083046119996
CA_SCE_CEN,33,99.36036227453286
CA_SCE_CEN,34,224.0262241701788
CA_SCE_CEN,35,0.38157381005578106
CA_SCE_CEN,36,0.6378367263390701
CA_SCE_CEN,37,74.93521786761097
CA_SCE_CEN,38,93.12138003335528
CA_SCE_CEN,39,179.366213795517
CA_SCE_CEN,40,158.0012427882224
CA_SCE_CEN,41,226.3088406021939
CA_SCE_CEN,42,319.33649627363394
CA_SCE_CEN,43,103.93439177803931
CA_SCE_CEN,44,188.61003920710397
CA_SCE_CEN,45,298.94805911134836
CA_SCE_CEN,46,283.10764410345007
CA_SCE_CEN,47,391.873955776709
CA_SCE_CEN,48,363.0141367437138
CA_SCE_CEN,49,129.67582967678464
CA_SCE_CEN,50,0.0010558386613713138
CA_SCE_CEN,51,49.31567802256347
CA_SCE_CEN,52,97.04378637834488
CA_SCE_CEN,53,212.10800176282484
CA_SCE_CEN,54,180.44342625538675
CA_SCE_CEN,55,357.8502961821431
CA_SCE_CEN,56,434.93425036167895
CA_SCE_CEN,57,101.65227940242856
CA_SCE_CEN,58,263.6184392956199
CA_SCE_CEN,59,87.67279286836188
CA_SCE_CEN,60,80.25798273815974
CA_SCE_CEN,61,72.64267585149051
CA_SCE_CEN,62,278.0791326846378
CA_SCE_CEN,63,124.719455036268
CA_SCE_CEN,64,165.97596713285077
CA_SCE_CEN,65,189.64266289645454
CA_SCE_CEN,66,178.25949584408673
CA_SCE_CEN,67,154.4921747978673
CA_SCE_CEN,68,115.53646210888208
CA_SCE_CEN,69,81.64027109419528
CA_SCE_CEN,70,89.7162129432555
CA_SCE_CEN,71,271.45711850242293
CA_SCE_CEN,72,120.42409795558734
CA_SCE_CEN,73,34.51765297506905
CA_SCE_CEN,74,93.82283272318011
CA_SCE_CEN,75,293.47855023711946
CA_SCE_CEN,76,153.53569372364584
CA_SCE_CEN,77,98.35084552548125
CA_SCE_CEN,78,195.39909265253849
CA_SCE_CEN,79,255.10938777912725
CA_SCE_CEN,80,251.10783800861066
CA_SCE_CEN,81,243.68463441791997
CA_SCE_CEN,82,140.56273016727124
CA_SCE_CEN,83,62.93493587233331
CA_SCE_CEN,84,179.11914582079473
CA_SCE_CEN,85,212.40076420374388
CA_SCE_CEN,86,209.5209174659114
CA_SCE_CEN,87,206.13535156728094
CA_SCE_CEN,88,212.1949332461864
CA_SCE_CEN,89,21.843321840713305
CA_SCE_CEN,90,239.88918577796372
CA_SCE_CEN,91,8.47143803791115
CA_SCE_CEN,92,13.841999643303133
CA_SCE_CEN,93,3.919707871796389
CA_SCE_CEN,94,13.823850410239405
CA_SCE_CEN,95,2.8168198700653533
CA_SCE_CEN,96,20.352602404978388
CA_SCE_CEN,97,10.83360766438742
CA_SCE_CEN,98,5.754367661682021
CA_SCE_CEN,99,13.529889654310677
CA_SCE_CEN,100,8.313468052545025
CA_SCE_CEN,101,16.60284211849214
CA_SCE_CEN,102,38.56090039224753
CA_SCE_CEN,103,3.119798709265196
CA_SCE_CEN,104,10.372596616476613
CA_SCE_CEN,105,13.008334795967398
CA_SCE_CEN,106,22.171238784035594
CA_SCE_CEN,107,5.482594269276463
CA_SCE_CEN,108,41.09288646818952
CA_SCE_CEN,109,19.7464612437731
CA_SCE_CEN,110,19.027832674042116
CA_SCE_CEN,111,21.43210422106207
CA_SCE_CEN,112,28.772133760022875
CA_SCE_CEN,113,24.436415638044867
CA_SCE_CEN,114,39.676957983016656
CA_SCE_CEN,115,22.592165469975722
CA_SCE_CEN,116,5.344496935249227
CA_SCE_CEN,117,6.208151875844518
CA_SCE_CEN,118,4.736366466793916
CA_SCE_CEN,119,7.680754100495408
CA_SCE_CEN,120,9.954221142225308
CA_SCE_CEN,121,59.679302441902635
CA_SCE_CEN,122,78.16269645688622
CA_SCE_CEN,123,267.6908322851753
CA_SCE_CEN,124,188.46211718203799
CA_SCE_CEN,125,65.38934036351056
CA_SCE_CEN,126,53.75271327148799
CA_SCE_CEN,127,21.88951722450791
CA_SCE_CEN,128,63.325989597365215
CA_SCE_CEN,129,94.10345636772412
CA_SCE_CEN,130,146.2046770721037
CA_SCE_CEN,131,142.31708562755298
CA_SCE_CEN,132,154.55762315099847
CA_SCE_CEN,133,314.2007205606268
CA_SCE_CEN,134,269.82875218705533
CA_SCE_CEN,135,189.00142635242068
CA_SCE_CEN,136,113.5430854942185
CA_SCE_CEN,137,330.02016186257663
CA_SCE_CEN,138,536.8751692249256
CA_SCE_CEN,139,716.6891378710103
CA_SCE_CEN,140,280.0234870046319
CA_SCE_CEN,141,79.80962683905314
CA_SCE_CEN,142,315.6611290532287
CA_SCE_CEN,143,188.6406720778189
CA_SCE_CEN,144,146.21737144549698
CA_SCE_CEN,145,316.150668147129
CA_SCE_CEN,146,199.78103556254652
CA_SCE_CEN,147,621.6879296963886
CA_SCE_CEN,148,36.41294330941704
CA_SCE_CEN,149,177.28514503675416
CA_SCE_CEN,150,164.73862490169785
CA_SCE_CEN,151,161.54838181237767
CA_SCE_CEN,152,1.082891100330063
CA_SCE_CEN,153,1.4111153731182944
CA_SCE_CEN,154,1.3287582999758318
CA_SCE_CEN,155,1.201964000258539
CA_SCE_CEN,156,1.5596068845791669
CA_SCE_CEN,157,1.5037536425871587
CA_SCE_CEN,158,1.2518999466235503
CA_SCE_CEN,159,0.9532438549683765
CA_SCE_CEN,160,1.766808277727726
CA_SCE_CEN,161,1.5577816900724852
CA_SCE_CEN,162,1.571434255315176
CA_SCE_CEN,163,1.2666448833330068
CA_SCE_CEN,164,1.4328990569191
CA_SCE_CEN,165,1.5823735431600965
CA_SCE_CEN,166,1.1973487795381508
CA_SCE_CEN,167,1.5382319652397827
CA_SCE_CEN,168,1.702182539474098
CA_SCE_CEN,169,1.4361201253542089
CA_SCE_CEN,170,2.1800770184765907
CA_SCE_CEN,171,1.4011501863865432
CA_SCE_CEN,172,1.3212393994358833
CA_SCE_CEN,173,1.0351184587936222
CA_SCE_CEN,174,1.3150001072405535
CA_SCE_CEN,175,1.4242379070247135
CA_SCE_CEN,176,1.4220774686266193
CA_SCE_CEN,177,1.402101361102134
CA_SCE_CEN,178,1.5573114914936121
CA_SCE_CEN,179,1.558194528032397
CA_SCE_CEN,180,1.049684040126508
CA_SCE_CEN,181,1.3094992658915428
CA_SCE_CEN,182,1.4574625604957951
CA_SCE_CEN,183,1.4476975682928155
CA_SCE_CEN,184,1.3666309719237248
CA_SCE_CEN,185,0.622633840415722
CA_SCE_CEN,186,1.0753678311864814
CA_SCE_CEN,187,1.3289347570855548
CA_SCE_CEN,188,1.6874337206023446
CA_SCE_CEN,189,1.416189564692328
CA_SCE_CEN,190,1.5429114403484037
CA_SCE_CEN,191,1.3896110407886855
CA_SCE_CEN,192,1.36069107767197
CA_SCE_CEN,193,1.702238072100495
CA_SCE_CEN,194,1.1743749165127888
CA_SCE_CEN,195,1.4471623837720695
CA_SCE_CEN,196,1.4288258227495334
CA_SCE_CEN,197,1.4184420877168018
CA_SCE_CEN,198,1.5247301767253134
CA_SCE_CEN,199,1.8936420490456352
CA_SCE_CEN,200,1.9795480514911532
CA_SCE_CEN,201,1.0936759310527333
CA_SCE_CEN,202,2.1177887927579664
CA_SCE_CEN,203,1.7103224319575965
CA_SCE_CEN,204,1.3762737909945186
CA_SCE_CEN,205,1.624668300502223
CA_SCE_CEN,206,1.6259258298001011
CA_SCE_CEN,207,1.695489997699409
CA_SCE_CEN,208,1.13821175010033
CA_SCE_CEN,209,1.7492350019680747
CA_SCE_CEN,210,1.1987532977488426
CA_SCE_CEN,211,1.4359702337743452
CA_SCE_CEN,212,1.5733149974694767
CA_SCE_CEN,213,1.4199040416445008
CA_SCE_CEN,214,1.1572161513608126
CA_SCE_CEN,215,1.0662127732182929
CA_SCE_CEN,216,1.2933021047812399
CA_SCE_CEN,217,1.219120279386387
CA_SCE_CEN,218,1.107938887323929
CA_SCE_CEN,219,1.1715338967896238
CA_SCE_CEN,220,1.4961642843948038
CA_SCE_CEN,221,1.1547152762932824
CA_SCE_CEN,222,1.0938287288228055
CA_SCE_CEN,223,1.2990491277437781
CA_SCE_CEN,224,1.1673998610758458
CA_SCE_CEN,225,1.0352077335384946
CA_SCE_CEN,226,1.2769781625221415
CA_SCE_CEN,227,1.2708891332389676
CA_SCE_CEN,228,1.2004555530232792
CA_SCE_CEN,229,1.1880791385225018
CA_SCE_CEN,230,1.3307751885770551
CA_SCE_CEN,231,1.1324867553369562
CA_SCE_CEN,232,0.9937981098058631
CA_SCE_CEN,233,1.0657292377821643
CA_SCE_CEN,234,1.3897848338728787
CA_SCE_CEN,235,1.3366559905072828
CA_SCE_CEN,236,0.9430163696771
CA_SCE_CEN,237,1.4059483636516805
CA_SCE_CEN,238,0.9400953689826498
CA_SCE_CEN,239,1.1862026810183277
CA_SCE_CEN,240,1.198993644762398
CA_SCE_CEN,241,1.1971258009661894
CA_SCE_CEN,242,1.462504228027376
CA_SCE_CEN,243,0.8523979982451249
CA_SCE_CEN,244,0.9820774746256931
CA_SCE_CEN,245,2.3488605909260594
CA_SCE_CEN,246,1.6401448860543806
CA_SCE_CEN,247,1.7078421736519733
CA_SCE_CEN,248,1.667938696394567
CA_SCE_CEN,249,1.6450038494122747
CA_SCE_CEN,250,0.9690750189977861
CA_SCE_CEN,251,2.0275506594283694
CA_SCE_CEN,252,1.6074360372270862
CA_SCE_CEN,253,1.9229325540140263
CA_SCE_CEN,254,1.9486067171308201
CA_SCE_CEN,255,2.1425287596277434
CA_SCE_CEN,256,1.8779825723729142
CA_SCE_CEN,257,1.066684190476534
CA_SCE_CEN,258,2.0831448300990787
CA_SCE_CEN,259,1.5153665388433455
CA_SCE_CEN,260,1.6819622111941157
CA_SCE_CEN,261,1.5041182901593526
CA_SCE_CEN,262,2.0264548572380017
CA_SCE_CEN,263,1.7876538380708846
CA_SCE_CEN,264,1.165740236026593
CA_SCE_CEN,265,2.4502163741972804
CA_SCE_CEN,266,1.7705698620154462
CA_SCE_CEN,267,1.9917197118553505
CA_SCE_CEN,268,2.0900965022827327
CA_SCE_CEN,269,2.026921811565809
CA_SCE_CEN,270,1.8816377055718871
CA_SCE_CEN,271,1.0024495615345015
CA_SCE_CEN,272,2.312362056326368
CA_SCE_CEN,273,2.246136504281727
CA_SCE_CEN,274,0.9253815918181484
CA_SCE_CEN,275,0.9221769046715307
CA_SCE_CEN,276,1.155261789043848
CA_SCE_CEN,277,1.0591798539647714
CA_SCE_CEN,278,0.5642307607611462
CA_SCE_CEN,279,1.132100094026468
CA_SCE_CEN,280,1.2184024075282354
CA_SCE_CEN,281,1.2346333246205838
CA_SCE_CEN,282,0.8999268997392679
CA_SCE_CEN,283,1.2046742492206053
CA_SCE_CEN,284,1.1105590112497012
CA_SCE_CEN,285,0.7859377135982125
CA_SCE_CEN,286,0.9686081962249238
CA_SCE_CEN,287,1.2547222066287307
CA_SCE_CEN,288,1.3049870354078865
CA_SCE_CEN,289,1.181228980712844
CA_SCE_CEN,290,1.1718459440255253
CA_SCE_CEN,291,1.1958063619641588
CA_SCE_CEN,292,0.8859264075206842
CA_SCE_CEN,293,1.3962743681363163
CA_SCE_CEN,294,0.9855773314862903
CA_SCE_CEN,295,0.9515847583189913
CA_SCE_CEN,296,1.0307718964596246
CA_SCE_CEN,297,1.2083538674116112
CA_SCE_CEN,298,1.1109714012351446
CA_SCE_CEN,299,0.8297072258749828
CA_SCE_CEN,300,1.2280080161218565
CA_SCE_CEN,301,1.1162324395984364
CA_SCE_CEN,302,0.9549260931391158
CA_SCE_CEN,303,1.205253868497569
CA_SCE_CEN,304,1.044877338835236
CA_SCE_CEN,305,1.1227433222155263
CA_SCE_CEN,306,0.7349797456716756
CA_SCE_CEN,307,0.9212786417759269
CA_SCE_CEN,308,0.8318163994431256
CA_SCE_CEN,309,0.865974832338957
CA_SCE_CEN,310,1.0540479463522985
CA_SCE_CEN,311,1.0916278186216462
CA_SCE_CEN,312,0.8557351719838391
CA_SCE_CEN,313,0.6148454023578896
CA_SCE_CEN,314,0.9946503558033442
CA_SCE_CEN,315,1.030865853295896
CA_SCE_CEN,316,0.8708904805702579
CA_SCE_CEN,317,0.9274518517215573
CA_SCE_CEN,318,1.1862214447872068
CA_SCE_CEN,319,1.050044444628411
CA_SCE_CEN,320,0.6458052682351368
CA_SCE_CEN,321,1.165136267661299
CA_SCE_CEN,322,0.7626520157863235
CA_SCE_CEN,323,1.07246930385807
CA_SCE_CEN,324,0.8735005667614765
CA_SCE_CEN,325,1.1739196697135266
CA_SCE_CEN,326,1.0506063665332577
CA_SCE_CEN,327,0.8696134518142662
CA_SCE_CEN,328,0.9770095009692558
CA_SCE_CEN,329,1.1162242951337649
CA_SCE_CEN,330,1.0437158255147907
CA_SCE_CEN,331,1.2625269776593355
CA_SCE_CEN,332,0.4951420529697336
CA_SCE_CEN,333,0.9068739299683132
CA_SCE_CEN,334,1.261898145809421
CA_SCE_CEN,335,1.2185757693777874
CA_SCE_CEN,336,1.0326060183000039
CA_SCE_CEN,337,0.9097376704655927
CA_SCE_CEN,338,1.108090003287084
CA_SCE_CEN,339,1.1076884954095025
CA_SCE_CEN,340,1.0116837152534113
CA_SCE_CEN,341,0.7171821462427391
CA_SCE_CEN,342,0.9133552839242507
CA_SCE_CEN,343,0.8267027194766272
CA_SCE_CEN,344,0.8334062009668892
CA_SCE_CEN,345,0.7472116227922797
CA_SCE_CEN,346,1.0063648229518012
CA_SCE_CEN,347,0.936792677958378
CA_SCE_CEN,348,0.5967669962817002
CA_SCE_CEN,349,1.0454313423531088
CA_SCE_CEN,350,0.9694586253634354
CA_SCE_CEN,351,1.0098963138054862
CA_SCE_CEN,352,0.9448492607523864
CA_SCE_CEN,353,1.0324461050335942
CA_SCE_CEN,354,1.099204974840532
CA_SCE_CEN,355,0.9010804406347934
CA_SCE_CEN,356,0.934174915047128
CA_SCE_CEN,357,0.9791887230391823
CA_SCE_CEN,358,0.48701485017729135
CA_SCE_CEN,359,0.44814065491009725
CA_SCE_CEN,360,0.9643340026111878
CA_SCE_CEN,361,0.9744405035101402
CA_SCE_CEN,362,1.1308563767190245
CA_SCE_CEN,363,0.7185124283099619
CA_SCE_CEN,364,0.8625655211836104
CA_SCE_CEN,365,0.6700654555843741
CA_SCE_S,1,478.6246131913339
CA_SCE_S,2,731.070378172405
CA_SCE_S,3,832.051909688684
CA_SCE_S,4,864.1653564107662
CA_SCE_S,5,750.3263119817797
CA_SCE_S,6,714.5865620835112
CA_SCE_S,7,539.6977512849312
CA_SCE_S,8,679.499010123754
CA_SCE_S,9,822.5209507857439
CA_SCE_S,10,807.3617613390915
CA_SCE_S,11,865.6693637937044
CA_SCE_S,12,839.2286060035237
CA_SCE_S,13,579.8427837022551
CA_SCE_S,14,438.4695046434912
CA_SCE_S,15,541.220581685903
CA_SCE_S,16,746.9142378017502
CA_SCE_S,17,996.9975980469901
CA_SCE_S,18,915.5371812481345
CA_SCE_S,19,731.261489896383
CA_SCE_S,20,565.4972758175454
CA_SCE_S,21,531.6599728323887
CA_SCE_S,22,639.0178238263999
CA_SCE_S,23,947.2252955876929
CA_SCE_S,24,1003.4582629466559
CA_SCE_S,25,991.3029648582547
CA_SCE_S,26,861.7106410114368
CA_SCE_S,27,681.7470181655904
CA_SCE_S,28,572.4960493261799
CA_SCE_S,29,691.8329019971063
CA_SCE_S,30,802.4879020528189
CA_SCE_S,31,909.4393180921888
CA_SCE_S,32,662.0431325874607
CA_SCE_S,33,701.2145776590414
CA_SCE_S,34,625.4800984588139
CA_SCE_S,35,409.4047541819856
CA_SCE_S,36,537.5763480936162
CA_SCE_S,37,609.1713751878796
CA_SCE_S,38,703.8061488806885
CA_SCE_S,39,791.4192556636403
CA_SCE_S,40,758.8699300262124
CA_SCE_S,41,670.0611054706932
CA_SCE_S,42,508.56108289719043
CA_SCE_S,43,692.4616551798979
CA_SCE_S,44,691.2269604573471
CA_SCE_S,45,748.3582807171141
CA_SCE_S,46,797.6615787843186
CA_SCE_S,47,792.0963418372028
CA_SCE_S,48,768.0087999620855
CA_SCE_S,49,466.32569584398624
CA_SCE_S,50,841.957720265484
CA_SCE_S,51,652.8985187021431
CA_SCE_S,52,809.5060072612897
CA_SCE_S,53,771.7768486416825
CA_SCE_S,54,743.0100262024077
CA_SCE_S,55,608.7932116882905
CA_SCE_S,56,542.2251570110134
CA_SCE_S,57,653.744943152246
CA_SCE_S,58,756.916409717113
CA_SCE_S,59,813.3184838455265
CA_SCE_S,60,654.6531208903956
CA_SCE_S,61,497.2107601588413
CA_SCE_S,62,493.7011573642623
CA_SCE_S,63,626.7256810853994
CA_SCE_S,64,727.2935179152341
CA_SCE_S,65,777.5098997378544
CA_SCE_S,66,867.2137106963011
CA_SCE_S,67,835.6274307107378
CA_SCE_S,68,580.0307964514946
CA_SCE_S,69,559.0875561608733
CA_SCE_S,70,631.0467870740767
CA_SCE_S,71,960.7623239744229
CA_SCE_S,72,838.2803262841903
CA_SCE_S,73,714.3721502291503
CA_SCE_S,74,760.0705382316095
CA_SCE_S,75,657.0057492545535
CA_SCE_S,76,541.2880386194009
CA_SCE_S,77,649.0302830591512
CA_SCE_S,78,740.9847976354125
CA_SCE_S,79,772.6677605259288
CA_SCE_S,80,869.0089291764991
CA_SCE_S,81,761.6768554866936
CA_SCE_S,82,643.3972649596503
CA_SCE_S,83,571.1079562057034
CA_SCE_S,84,656.5250221067519
CA_SCE_S,85,682.0922586180641
CA_SCE_S,86,975.3936748762977
CA_SCE_S,87,892.8534354020267
CA_SCE_S,88,908.9474756950831
CA_SCE_S,89,462.06946724611885
CA_SCE_S,90,436.4578230598373
CA_SCE_S,91,586.0143088712288
CA_SCE_S,92,597.3178004427048
CA_SCE_S,93,640.4791062079964
CA_SCE_S,94,729.1827265092884
CA_SCE_S,95,674.9948392366801
CA_SCE_S,96,458.9619543383989
CA_SCE_S,97,560.9604145600736
CA_SCE_S,98,567.2358066340065
CA_SCE_S,99,598.3653330565642
CA_SCE_S,100,645.0338596561517
CA_SCE_S,101,761.5201525312799
CA_SCE_S,102,737.0455845963069
CA_SCE_S,103,416.6799031268897
CA_SCE_S,104,558.1888570659944
CA_SCE_S,105,624.976394033455
CA_SCE_S,106,612.111187534745
CA_SCE_S,107,634.4753236943241
CA_SCE_S,108,796.6463077279687
CA_SCE_S,109,703.5607477783266
CA_SCE_S,110,405.15398797783007
CA_SCE_S,111,565.846308923577
CA_SCE_S,112,641.8292377623743
CA_SCE_S,113,620.9654026561632
CA_SCE_S,114,647.5346496626532
CA_SCE_S,115,801.0831716247035
CA_SCE_S,116,735.082442803023
CA_SCE_S,117,422.0999700781684
CA_SCE_S,118,548.9725522867236
CA_SCE_S,119,620.4158065791743
CA_SCE_S,120,595.7796948942761
CA_SCE_S,121,808.3770116995289
CA_SCE_S,122,772.4477246011215
CA_SCE_S,123,748.7049699429326
CA_SCE_S,124,591.2704532703311
CA_SCE_S,125,466.32588833111737
CA_SCE_S,126,601.4017455205521
CA_SCE_S,127,597.6401677583027
CA_SCE_S,128,826.6524207274647
CA_SCE_S,129,907.1481394320548
CA_SCE_S,130,758.9427071143198
CA_SCE_S,131,555.880806260943
CA_SCE_S,132,523.1212746861784
CA_SCE_S,133,750.9867382431986
CA_SCE_S,134,728.8834582897491
CA_SCE_S,135,752.632512418694
CA_SCE_S,136,894.6078931353278
CA_SCE_S,137,803.7010920763811
CA_SCE_S,138,931.4546270813764
CA_SCE_S,139,516.8064888774891
CA_SCE_S,140,742.7056984226108
CA_SCE_S,141,697.1057978649039
CA_SCE_S,142,760.0605823021834
CA_SCE_S,143,953.7154021663941
CA_SCE_S,144,882.1393265194494
CA_SCE_S,145,950.577296294813
CA_SCE_S,146,355.0998138706133
CA_SCE_S,147,637.0545710082608
CA_SCE_S,148,782.6024600350887
CA_SCE_S,149,723.366526592042
CA_SCE_S,150,798.3395639450238
CA_SCE_S,151,717.9063874708606
CA_SCE_S,152,379.31509101997324
CA_SCE_S,153,539.2706110060954
CA_SCE_S,154,524.7458792289764
CA_SCE_S,155,584.9947882120346
CA_SCE_S,156,628.4057109446164
CA_SCE_S,157,752.614383596931
CA_SCE_S,158,631.306534095306
CA_SCE_S,159,415.34404821477875
CA_SCE_S,160,545.5933947766384
CA_SCE_S,161,558.2031219715664
CA_SCE_S,162,614.3138248261225
CA_SCE_S,163,627.1925354951778
CA_SCE_S,164,686.862520710638
CA_SCE_S,165,662.4379240042447
CA_SCE_S,166,465.24328586890965
CA_SCE_S,167,527.8288159626389
CA_SCE_S,168,588.1370113283098
CA_SCE_S,169,576.6317267089972
CA_SCE_S,170,621.4103909322206
CA_SCE_S,171,719.1974348261119
CA_SCE_S,172,626.5905011581824
CA_SCE_S,173,410.2031350798478
CA_SCE_S,174,512.5333993441149
CA_SCE_S,175,559.5559030897366
CA_SCE_S,176,609.8541409159641
CA_SCE_S,177,622.8293400585706
CA_SCE_S,178,720.3823993490802
CA_SCE_S,179,672.1751548087979
CA_SCE_S,180,441.3065116487634
CA_SCE_S,181,502.9231237657698
CA_SCE_S,182,516.4226267244686
CA_SCE_S,183,635.5491702840353
CA_SCE_S,184,642.1570608815443
CA_SCE_S,185,340.65593256230966
CA_SCE_S,186,454.5187420259484
CA_SCE_S,187,422.7085022834152
CA_SCE_S,188,561.8197043696799
CA_SCE_S,189,563.6294028229511
CA_SCE_S,190,610.1771880098397
CA_SCE_S,191,625.4105422128761
CA_SCE_S,192,721.7478477925615
CA_SCE_S,193,646.6446262867983
CA_SCE_S,194,430.4608981045434
CA_SCE_S,195,553.0758382354277
CA_SCE_S,196,587.2717820443512
CA_SCE_S,197,605.4593902251365
CA_SCE_S,198,651.8389022928266
CA_SCE_S,199,769.2683874652429
CA_SCE_S,200,666.5299943090386
CA_SCE_S,201,426.5347416399428
CA_SCE_S,202,570.4359664218039
CA_SCE_S,203,566.0425509055482
CA_SCE_S,204,609.7460063739569
CA_SCE_S,205,642.9530350152587
CA_SCE_S,206,711.3418858576799
CA_SCE_S,207,684.1544745012055
CA_SCE_S,208,453.39128425403
CA_SCE_S,209,534.0531094692686
CA_SCE_S,210,565.320081936369
CA_SCE_S,211,635.9661626851295
CA_SCE_S,212,649.2988217227615
CA_SCE_S,213,752.9679350962109
CA_SCE_S,214,697.7978209277021
CA_SCE_S,215,467.2407697965174
CA_SCE_S,216,572.5344796683794
CA_SCE_S,217,575.4259410778784
CA_SCE_S,218,636.0957925722721
CA_SCE_S,219,685.8214512459131
CA_SCE_S,220,807.5419911376089
CA_SCE_S,221,714.7437775760463
CA_SCE_S,222,463.819112155427
CA_SCE_S,223,587.872177199932
CA_SCE_S,224,599.6499145322265
CA_SCE_S,225,645.4078972745749
CA_SCE_S,226,679.810265138738
CA_SCE_S,227,790.8804488020455
CA_SCE_S,228,722.9411295031223
CA_SCE_S,229,464.37879768735127
CA_SCE_S,230,599.1632052103635
CA_SCE_S,231,606.0290201800518
CA_SCE_S,232,634.2068538626924
CA_SCE_S,233,693.5167130841023
CA_SCE_S,234,783.4731079722146
CA_SCE_S,235,710.1491414733484
CA_SCE_S,236,414.6373626260051
CA_SCE_S,237,582.3428171016736
CA_SCE_S,238,567.9984996083614
CA_SCE_S,239,650.6606037926126
CA_SCE_S,240,689.7879628236911
CA_SCE_S,241,793.1017834613333
CA_SCE_S,242,732.6671460508212
CA_SCE_S,243,423.9398997860782
CA_SCE_S,244,407.1573658955924
CA_SCE_S,245,575.7883031173839
CA_SCE_S,246,523.3530272327475
CA_SCE_S,247,703.00957985516
CA_SCE_S,248,811.2478754762993
CA_SCE_S,249,722.1566483845345
CA_SCE_S,250,456.1179662017122
CA_SCE_S,251,562.8109186645029
CA_SCE_S,252,619.4157639913951
CA_SCE_S,253,735.7363245332913
CA_SCE_S,254,714.0701460749885
CA_SCE_S,255,846.3232722052672
CA_SCE_S,256,733.5758153023557
CA_SCE_S,257,459.3676980376429
CA_SCE_S,258,578.3108399878298
CA_SCE_S,259,619.1036917824379
CA_SCE_S,260,742.8802117701129
CA_SCE_S,261,734.2887030323346
CA_SCE_S,262,822.8941506488737
CA_SCE_S,263,739.6059936473029
CA_SCE_S,264,482.88139129535875
CA_SCE_S,265,608.7919914630029
CA_SCE_S,266,632.1523695250702
CA_SCE_S,267,690.6531772819891
CA_SCE_S,268,718.22797773923
CA_SCE_S,269,815.0092560616736
CA_SCE_S,270,764.040356842954
CA_SCE_S,271,462.973117169251
CA_SCE_S,272,592.940356951569
CA_SCE_S,273,617.1970417901686
CA_SCE_S,274,646.7544176332057
CA_SCE_S,275,670.4825881646866
CA_SCE_S,276,832.3552796500867
CA_SCE_S,277,694.1432864212527
CA_SCE_S,278,453.07032332211736
CA_SCE_S,279,581.1505365065171
CA_SCE_S,280,621.0212990872469
CA_SCE_S,281,712.241223231055
CA_SCE_S,282,724.2793221769654
CA_SCE_S,283,837.454267896977
CA_SCE_S,284,760.9929783814258
CA_SCE_S,285,475.1176231358244
CA_SCE_S,286,578.8487870420016
CA_SCE_S,287,617.1355242773133
CA_SCE_S,288,712.0227297651925
CA_SCE_S,289,727.9047891585459
CA_SCE_S,290,849.8673390756983
CA_SCE_S,291,741.3830024927852
CA_SCE_S,292,476.9487205691518
CA_SCE_S,293,584.3549044304272
CA_SCE_S,294,614.3615839067586
CA_SCE_S,295,677.3266450339063
CA_SCE_S,296,691.6263864286816
CA_SCE_S,297,813.549728550563
CA_SCE_S,298,829.9652944557009
CA_SCE_S,299,440.73424938497396
CA_SCE_S,300,622.8648387355968
CA_SCE_S,301,581.8299065162848
CA_SCE_S,302,681.6618602207072
CA_SCE_S,303,700.8014218299338
CA_SCE_S,304,670.8600182651852
CA_SCE_S,305,749.8543679528381
CA_SCE_S,306,474.6087605320828
CA_SCE_S,307,593.295472120047
CA_SCE_S,308,559.7746034669203
CA_SCE_S,309,631.8616580358561
CA_SCE_S,310,689.535600531259
CA_SCE_S,311,836.1332294354283
CA_SCE_S,312,741.1557503099939
CA_SCE_S,313,439.78823243574817
CA_SCE_S,314,594.4330994837125
CA_SCE_S,315,618.3355418599912
CA_SCE_S,316,660.2623023854203
CA_SCE_S,317,755.8621341755157
CA_SCE_S,318,848.6955913017051
CA_SCE_S,319,759.2031745057731
CA_SCE_S,320,469.63236729131177
CA_SCE_S,321,624.3785749109569
CA_SCE_S,322,625.5643540031934
CA_SCE_S,323,721.3600694681639
CA_SCE_S,324,727.872930359035
CA_SCE_S,325,839.9412997102297
CA_SCE_S,326,783.143792924486
CA_SCE_S,327,588.9275442422158
CA_SCE_S,328,609.281324396072
CA_SCE_S,329,636.3506629337481
CA_SCE_S,330,920.590963896369
CA_SCE_S,331,864.3230463224893
CA_SCE_S,332,314.84483880976984
CA_SCE_S,333,568.5193701310955
CA_SCE_S,334,586.3500173857542
CA_SCE_S,335,811.9113337371243
CA_SCE_S,336,805.2936216873968
CA_SCE_S,337,971.5467866422416
CA_SCE_S,338,1004.7516350050463
CA_SCE_S,339,1122.819229188294
CA_SCE_S,340,1039.6113930427018
CA_SCE_S,341,558.5938360793544
CA_SCE_S,342,706.1272327098632
CA_SCE_S,343,703.7504029134984
CA_SCE_S,344,956.9581582626547
CA_SCE_S,345,978.7123127756797
CA_SCE_S,346,1112.416581205956
CA_SCE_S,347,1006.5322644466398
CA_SCE_S,348,523.8724609297929
CA_SCE_S,349,777.7882609999062
CA_SCE_S,350,704.0568557615774
CA_SCE_S,351,1002.245688373748
CA_SCE_S,352,1099.9152286895846
CA_SCE_S,353,1139.5880166138263
CA_SCE_S,354,1204.130370958661
CA_SCE_S,355,804.1960246267108
CA_SCE_S,356,759.4508986406962
CA_SCE_S,357,797.9544200546533
CA_SCE_S,358,690.3870641086563
CA_SCE_S,359,358.1015293224028
CA_SCE_S,360,826.213034141253
CA_SCE_S,361,970.9270591113851
CA_SCE_S,362,635.0696592472773
CA_SCE_S,363,676.237993716449
CA_SCE_S,364,726.0607084518558
CA_SCE_S,365,719.6226875256733
CA_SCE_SE,1,0.0
CA_SCE_SE,2,0.0
CA_SCE_SE,3,0.0
CA_SCE_SE,4,0.0
CA_SCE_SE,5,0.0
CA_SCE_SE,6,0.0
CA_SCE_SE,7,0.0
CA_SCE_SE,8,0.0
CA_SCE_SE,9,0.0
CA_SCE_SE,10,0.0
CA_SCE_SE,11,0.0
CA_SCE_SE,12,0.0
CA_SCE_SE,13,0.0
CA_SCE_SE,14,0.0
CA_SCE_SE,15,0.0
CA_SCE_SE,16,0.0
CA_SCE_SE,17,0.0
CA_SCE_SE,18,0.0
CA_SCE_SE,19,0.0
CA_SCE_SE,20,0.0
CA_SCE_SE,21,0.0
CA_SCE_SE,22,0.0
CA_SCE_SE,23,0.0
CA_SCE_SE,24,0.0
CA_SCE_SE,25,0.0
CA_SCE_SE,26,0.0
CA_SCE_SE,27,0.0
CA_SCE_SE,28,0.0
CA_SCE_SE,29,0.0
CA_SCE_SE,30,0.0
CA_SCE_SE,31,0.0
CA_SCE_SE,32,0.0
CA_SCE_SE,33,0.0
CA_SCE_SE,34,0.0
CA_SCE_SE,35,0.0
CA_SCE_SE,36,0.0
CA_SCE_SE,37,0.0
CA_SCE_SE,38,0.0
CA_SCE_SE,39,0.0
CA_SCE_SE,40,0.0
CA_SCE_SE,41,0.0
CA_SCE_SE,42,0.0
CA_SCE_SE,43,0.0
CA_SCE_SE,44,0.0
CA_SCE_SE,45,0.0
CA_SCE_SE,46,0.0
CA_SCE_SE,47,0.0
CA_SCE_SE,48,0.0
CA_SCE_SE,49,0.0
CA_SCE_SE,50,0.0
CA_SCE_SE,51,0.0
CA_SCE_SE,52,0.0
CA_SCE_SE,53,0.0
CA_SCE_SE,54,0.0
CA_SCE_SE,55,0.0
CA_SCE_SE,56,0.0
CA_SCE_SE,57,0.0
CA_SCE_SE,58,0.0
CA_SCE_SE,59,0.0
CA_SCE_SE,60,0.0
CA_SCE_SE,61,0.0
CA_SCE_SE,62,0.0
CA_SCE_SE,63,0.0
CA_SCE_SE,64,0.0
CA_SCE_SE,65,0.0
CA_SCE_SE,66,0.0
CA_SCE_SE,67,0.0
CA_SCE_SE,68,0.0
CA_SCE_SE,69,0.0
CA_SCE_SE,70,0.0
CA_SCE_SE,71,0.0
CA_SCE_SE,72,0.0
CA_SCE_SE,73,0.0
CA_SCE_SE,74,0.0
CA_SCE_SE,75,0.0
CA_SCE_SE,76,0.0
CA_SCE_SE,77,0.0
CA_SCE_SE,78,0.0
CA_SCE_SE,79,0.0
CA_SCE_SE,80,0.0
CA_SCE_SE,81,0.0
CA_SCE_SE,82,0.0
CA_SCE_SE,83,0.0
CA_SCE_SE,84,0.0
CA_SCE_SE,85,0.0
CA_SCE_SE,86,0.0
CA_SCE_SE,87,0.0
CA_SCE_SE,88,0.0
CA_SCE_SE,89,0.0
CA_SCE_SE,90,0.0
CA_SCE_SE,91,0.0
CA_SCE_SE,92,0.0
CA_SCE_SE,93,0.0
CA_SCE_SE,94,0.0
CA_SCE_SE,95,0.0
CA_SCE_SE,96,0.0
CA_SCE_SE,97,0.0
CA_SCE_SE,98,0.0
CA_SCE_SE,99,0.0
CA_SCE_SE,100,0.0
CA_SCE_SE,101,0.0
CA_SCE_SE,102,0.0
CA_SCE_SE,103,0.0
CA_SCE_SE,104,0.0
CA_SCE_SE,105,0.0
CA_SCE_SE,106,0.0
CA_SCE_SE,107,0.0
CA_SCE_SE,108,0.0
CA_SCE_SE,109,0.0
CA_SCE_SE,110,0.0
CA_SCE_SE,111,0.0
CA_SCE_SE,112,0.0
CA_SCE_SE,113,0.0
CA_SCE_SE,114,0.0
CA_SCE_SE,115,0.0
CA_SCE_SE,116,0.0
CA_SCE_SE,117,0.0
CA_SCE_SE,118,0.0
CA_SCE_SE,119,0.0
CA_SCE_SE,120,0.0
CA_SCE_SE,121,0.0
CA_SCE_SE,122,0.0
CA_SCE_SE,123,0.0
CA_SCE_SE,124,0.0
CA_SCE_SE,125,0.0
CA_SCE_SE,126,0.0
CA_SCE_SE,127,0.0
CA_SCE_SE,128,0.0
CA_SCE_SE,129,0.0
CA_SCE_SE,130,0.0
CA_SCE_SE,131,0.0
CA_SCE_SE,132,0.0
CA_SCE_SE,133,0.0
CA_SCE_SE,134,0.0
CA_SCE_SE,135,0.0
CA_SCE_SE,136,0.0
CA_SCE_SE,137,0.0
CA_SCE_SE,138,0.0
CA_SCE_SE,139,0.0
CA_SCE_SE,140,0.0
CA_SCE_SE,141,0.0
CA_SCE_SE,142,0.0
CA_SCE_SE,143,0.0
CA_SCE_SE,144,0.0
CA_SCE_SE,145,0.0
CA_SCE_SE,146,0.0
CA_SCE_SE,147,0.0
CA_SCE_SE,148,0.0
CA_SCE_SE,149,0.0
CA_SCE_SE,150,0.0
CA_SCE_SE,151,0.0
CA_SCE_SE,152,0.0
CA_SCE_SE,153,0.0
CA_SCE_SE,154,0.0
CA_SCE_SE,155,0.0
CA_SCE_SE,156,0.0
CA_SCE_SE,157,0.0
CA_SCE_SE,158,0.0
CA_SCE_SE,159,0.0
CA_SCE_SE,160,0.0
CA_SCE_SE,161,0.0
CA_SCE_SE,162,0.0
CA_SCE_SE,163,0.0
CA_SCE_SE,164,0.0
CA_SCE_SE,165,0.0
CA_SCE_SE,166,0.0
CA_SCE_SE,167,0.0
CA_SCE_SE,168,0.0
CA_SCE_SE,169,0.0
CA_SCE_SE,170,0.0
CA_SCE_SE,171,0.0
CA_SCE_SE,172,0.0
CA_SCE_SE,173,0.0
CA_SCE_SE,174,0.0
CA_SCE_SE,175,0.0
CA_SCE_SE,176,0.0
CA_SCE_SE,177,0.0
CA_SCE_SE,178,0.0
CA_SCE_SE,179,0.0
CA_SCE_SE,180,0.0
CA_SCE_SE,181,0.0
CA_SCE_SE,182,0.0
CA_SCE_SE,183,0.0
CA_SCE_SE,184,0.0
CA_SCE_SE,185,0.0
CA_SCE_SE,186,0.0
CA_SCE_SE,187,0.0
CA_SCE_SE,188,0.0
CA_SCE_SE,189,0.0
CA_SCE_SE,190,0.0
CA_SCE_SE,191,0.0
CA_SCE_SE,192,0.0
CA_SCE_SE,193,0.0
CA_SCE_SE,194,0.0
CA_SCE_SE,195,0.0
CA_SCE_SE,196,0.0
CA_SCE_SE,197,0.0
CA_SCE_SE,198,0.0
CA_SCE_SE,199,0.0
CA_SCE_SE,200,0.0
CA_SCE_SE,201,0.0
CA_SCE_SE,202,0.0
CA_SCE_SE,203,0.0
CA_SCE_SE,204,0.0
CA_SCE_SE,205,0.0
CA_SCE_SE,206,0.0
CA_SCE_SE,207,0.0
CA_SCE_SE,208,0.0
CA_SCE_SE,209,0.0
CA_SCE_SE,210,0.0
CA_SCE_SE,211,0.0
CA_SCE_SE,212,0.0
CA_SCE_SE,213,0.0
CA_SCE_SE,214,0.0
CA_SCE_SE,215,0.0
CA_SCE_SE,216,0.0
CA_SCE_SE,217,0.0
CA_SCE_SE,218,0.0
CA_SCE_SE,219,0.0
CA_SCE_SE,220,0.0
CA_SCE_SE,221,0.0
CA_SCE_SE,222,0.0
CA_SCE_SE,223,0.0
CA_SCE_SE,224,0.0
CA_SCE_SE,225,0.0
CA_SCE_SE,226,0.0
CA_SCE_SE,227,0.0
CA_SCE_SE,228,0.0
CA_SCE_SE,229,0.0
CA_SCE_SE,230,0.0
CA_SCE_SE,231,0.0
CA_SCE_SE,232,0.0
CA_SCE_SE,233,0.0
CA_SCE_SE,234,0.0
CA_SCE_SE,235,0.0
CA_SCE_SE,236,0.0
CA_SCE_SE,237,0.0
CA_SCE_SE,238,0.0
CA_SCE_SE,239,0.0
CA_SCE_SE,240,0.0
CA_SCE_SE,241,0.0
CA_SCE_SE,242,0.0
CA_SCE_SE,243,0.0
CA_SCE_SE,244,0.0
CA_SCE_SE,245,0.0
CA_SCE_SE,246,0.0
CA_SCE_SE,247,0.0
CA_SCE_SE,248,0.0
CA_SCE_SE,249,0.0
CA_SCE_SE,250,0.0
CA_SCE_SE,251,0.0
CA_SCE_SE,252,0.0
CA_SCE_SE,253,0.0
CA_SCE_SE,254,0.0
CA_SCE_SE,255,0.0
CA_SCE_SE,256,0.0
CA_SCE_SE,257,0.0
CA_SCE_SE,258,0.0
CA_SCE_SE,259,0.0
CA_SCE_SE,260,0.0
CA_SCE_SE,261,0.0
CA_SCE_SE,262,0.0
CA_SCE_SE,263,0.0
CA_SCE_SE,264,0.0
CA_SCE_SE,265,0.0
CA_SCE_SE,266,0.0
CA_SCE_SE,267,0.0
CA_SCE_SE,268,0.0
CA_SCE_SE,269,0.0
CA_SCE_SE,270,0.0
CA_SCE_SE,271,0.0
CA_SCE_SE,272,0.0
CA_SCE_SE,273,0.0
CA_SCE_SE,274,0.0
CA_SCE_SE,275,0.0
CA_SCE_SE,276,0.0
CA_SCE_SE,277,0.0
CA_SCE_SE,278,0.0
CA_SCE_SE,279,0.0
CA_SCE_SE,280,0.0
CA_SCE_SE,281,0.0
CA_SCE_SE,282,0.0
CA_SCE_SE,283,0.0
CA_SCE_SE,284,0.0
CA_SCE_SE,285,0.0
CA_SCE_SE,286,0.0
CA_SCE_SE,287,0.0
CA_SCE_SE,288,0.0
CA_SCE_SE,289,0.0
CA_SCE_SE,290,0.0
CA_SCE_SE,291,0.0
CA_SCE_SE,292,0.0
CA_SCE_SE,293,0.0
CA_SCE_SE,294,0.0
CA_SCE_SE,295,0.0
CA_SCE_SE,296,0.0
CA_SCE_SE,297,0.0
CA_SCE_SE,298,0.0
CA_SCE_SE,299,0.0
CA_SCE_SE,300,0.0
CA_SCE_SE,301,0.0
CA_SCE_SE,302,0.0
CA_SCE_SE,303,0.0
CA_SCE_SE,304,0.0
CA_SCE_SE,305,0.0
CA_SCE_SE,306,0.0
CA_SCE_SE,307,0.0
CA_SCE_SE,308,0.0
CA_SCE_SE,309,0.0
CA_SCE_SE,310,0.0
CA_SCE_SE,311,0.0
CA_SCE_SE,312,0.0
CA_SCE_SE,313,0.0
CA_SCE_SE,314,0.0
CA_SCE_SE,315,0.0
CA_SCE_SE,316,0.0
CA_SCE_SE,317,0.0
CA_SCE_SE,318,0.0
CA_SCE_SE,319,0.0
CA_SCE_SE,320,0.0
CA_SCE_SE,321,0.0
CA_SCE_SE,322,0.0
CA_SCE_SE,323,0.0
CA_SCE_SE,324,0.0
CA_SCE_SE,325,0.0
CA_SCE_SE,326,0.0
CA_SCE_SE,327,0.0
CA_SCE_SE,328,0.0
CA_SCE_SE,329,0.0
CA_SCE_SE,330,0.0
CA_SCE_SE,331,0.0
CA_SCE_SE,332,0.0
CA_SCE_SE,333,0.0
CA_SCE_SE,334,0.0
CA_SCE_SE,335,0.0
CA_SCE_SE,336,0.0
CA_SCE_SE,337,0.0
CA_SCE_SE,338,0.0
CA_SCE_SE,339,0.0
CA_SCE_SE,340,0.0
CA_SCE_SE,341,0.0
CA_SCE_SE,342,0.0
CA_SCE_SE,343,0.0
CA_SCE_SE,344,0.0
CA_SCE_SE,345,0.0
CA_SCE_SE,346,0.0
CA_SCE_SE,347,0.0
CA_SCE_SE,348,0.0
CA_SCE_SE,349,0.0
CA_SCE_SE,350,0.0
CA_SCE_SE,351,0.0
CA_SCE_SE,352,0.0
CA_SCE_SE,353,0.0
CA_SCE_SE,354,0.0
CA_SCE_SE,355,0.0
CA_SCE_SE,356,0.0
CA_SCE_SE,357,0.0
CA_SCE_SE,358,0.0
CA_SCE_SE,359,0.0
CA_SCE_SE,360,0.0
CA_SCE_SE,361,0.0
CA_SCE_SE,362,0.0
CA_SCE_SE,363,0.0
CA_SCE_SE,364,0.0
CA_SCE_SE,365,0.0
CA_SCE_VLY,1,1.248719247644964e-05
CA_SCE_VLY,2,3.785459446665435e-05
CA_SCE_VLY,3,5.953620049773544e-05
CA_SCE_VLY,4,4.305577954714599e-05
CA_SCE_VLY,5,2.9736460099885018e-05
CA_SCE_VLY,6,7.547137173341469e-06
CA_SCE_VLY,7,2.8503127527957603e-05
CA_SCE_VLY,8,2.569888898776576e-05
CA_SCE_VLY,9,5.343049900438885e-05
CA_SCE_VLY,10,5.403635431341313e-05
CA_SCE_VLY,11,3.810538048961578e-05
CA_SCE_VLY,12,4.04906324348944e-05
CA_SCE_VLY,13,0.0
CA_SCE_VLY,14,7.968759510641312e-06
CA_SCE_VLY,15,5.222965612177779e-05
CA_SCE_VLY,16,3.115767171861668e-05
CA_SCE_VLY,17,5.7886802541636914e-05
CA_SCE_VLY,18,4.624769419217315e-05
CA_SCE_VLY,19,3.6055121859089456e-05
CA_SCE_VLY,20,2.779471165113418e-05
CA_SCE_VLY,21,3.780249838937206e-05
CA_SCE_VLY,22,2.0199238260728527e-05
CA_SCE_VLY,23,5.0536833540031436e-05
CA_SCE_VLY,24,9.971950053555891e-05
CA_SCE_VLY,25,5.2427885227735086e-05
CA_SCE_VLY,26,2.2837126720730136e-05
CA_SCE_VLY,27,1.9243367010129412e-05
CA_SCE_VLY,28,3.952864430348489e-05
CA_SCE_VLY,29,3.6426065596776004e-05
CA_SCE_VLY,30,3.58303830254341e-05
CA_SCE_VLY,31,7.642726938469507e-05
CA_SCE_VLY,32,7.665194133471155e-05
CA_SCE_VLY,33,4.460322282875712e-05
CA_SCE_VLY,34,1.9810711159300263e-05
CA_SCE_VLY,35,2.4285506223796262e-05
CA_SCE_VLY,36,2.5362281497534303e-05
CA_SCE_VLY,37,5.815467189325123e-05
CA_SCE_VLY,38,5.480074361714021e-05
CA_SCE_VLY,39,6.76156328436574e-05
CA_SCE_VLY,40,6.095311663039206e-05
CA_SCE_VLY,41,9.409490752450665e-06
CA_SCE_VLY,42,4.883347845318329e-06
CA_SCE_VLY,43,3.9094389153162645e-05
CA_SCE_VLY,44,8.29429915844257e-05
CA_SCE_VLY,45,9.799100256954534e-05
CA_SCE_VLY,46,8.740416661480564e-05
CA_SCE_VLY,47,5.1383850349140575e-05
CA_SCE_VLY,48,9.79918385836063e-06
CA_SCE_VLY,49,1.5047342135746026e-05
CA_SCE_VLY,50,4.681362010307508e-05
CA_SCE_VLY,51,9.37779882091173e-05
CA_SCE_VLY,52,4.005653008901026e-05
CA_SCE_VLY,53,5.0803701078254324e-05
CA_SCE_VLY,54,3.348799339961282e-05
CA_SCE_VLY,55,4.788892299419344e-06
CA_SCE_VLY,56,1.0454513243902431e-05
CA_SCE_VLY,57,4.2540147861564067e-05
CA_SCE_VLY,58,3.330305080005127e-05
CA_SCE_VLY,59,6.175791035361565e-05
CA_SCE_VLY,60,2.845650018206384e-05
CA_SCE_VLY,61,9.754658580902824e-06
CA_SCE_VLY,62,1.8872355754525273e-05
CA_SCE_VLY,63,3.968944646649692e-05
CA_SCE_VLY,64,4.9067744965694624e-05
CA_SCE_VLY,65,6.192064975871877e-05
CA_SCE_VLY,66,4.602774619193495e-05
CA_SCE_VLY,67,5.2381453054343836e-05
CA_SCE_VLY,68,1.0492138164735692e-05
CA_SCE_VLY,69,1.5617148897923975e-05
CA_SCE_VLY,70,3.151971349984778e-05
CA_SCE_VLY,71,4.763921673160943e-05
CA_SCE_VLY,72,4.462358032932619e-05
CA_SCE_VLY,73,4.849727985351002e-05
CA_SCE_VLY,74,2.42354474953237e-05
CA_SCE_VLY,75,3.4221288314457146e-06
CA_SCE_VLY,76,1.5506550562120342e-05
CA_SCE_VLY,77,3.1983612085685056e-05
CA_SCE_VLY,78,4.461379850339883e-05
CA_SCE_VLY,79,2.8538570207973297e-05
CA_SCE_VLY,80,4.595047278034419e-05
CA_SCE_VLY,81,3.356244164036784e-05
CA_SCE_VLY,82,2.856260477397615e-05
CA_SCE_VLY,83,3.078212135141813e-05
CA_SCE_VLY,84,4.2937206623239554e-05
CA_SCE_VLY,85,5.478680952801541e-05
CA_SCE_VLY,86,4.173630716452149e-05
CA_SCE_VLY,87,6.678288849695983e-05
CA_SCE_VLY,88,4.031471132584391e-05
CA_SCE_VLY,89,3.415183734459488e-05
CA_SCE_VLY,90,2.0897627421244367e-05
CA_SCE_VLY,91,5.7992569000717484e-05
CA_SCE_VLY,92,6.790946544158576e-05
CA_SCE_VLY,93,0.00010559647167914128
CA_SCE_VLY,94,0.0001390527668009551
CA_SCE_VLY,95,6.98254338885736e-05
CA_SCE_VLY,96,3.113611305826614e-05
CA_SCE_VLY,97,4.168945717198845e-05
CA_SCE_VLY,98,8.20742854539629e-05
CA_SCE_VLY,99,8.437553089306693e-05
CA_SCE_VLY,100,0.000102872555544179
CA_SCE_VLY,101,9.073140351209651e-05
CA_SCE_VLY,102,9.980512892934677e-05
CA_SCE_VLY,103,3.7370779382130126e-05
CA_SCE_VLY,104,8.302710045429545e-05
CA_SCE_VLY,105,7.89452954449753e-05
CA_SCE_VLY,106,0.00011046994116716067
CA_SCE_VLY,107,9.541479618226407e-05
CA_SCE_VLY,108,0.00010180002545475169
CA_SCE_VLY,109,6.993213981719774e-05
CA_SCE_VLY,110,8.017199975052483e-06
CA_SCE_VLY,111,1.6968356062628825e-05
CA_SCE_VLY,112,5.976029513739472e-05
CA_SCE_VLY,113,0.00010476555914899581
CA_SCE_VLY,114,0.0001234332329901259
CA_SCE_VLY,115,9.287038048983256e-05
CA_SCE_VLY,116,0.00010983648055889863
CA_SCE_VLY,117,2.1878482697657465e-05
CA_SCE_VLY,118,2.519278435267027e-05
CA_SCE_VLY,119,5.986515822831068e-05
CA_SCE_VLY,120,8.460443262555854e-05
CA_SCE_VLY,121,3.537519754220105e-05
CA_SCE_VLY,122,5.1589244549120134e-05
CA_SCE_VLY,123,3.865211002700684e-05
CA_SCE_VLY,124,2.0678180808842183e-05
CA_SCE_VLY,125,1.937944367356206e-05
CA_SCE_VLY,126,2.0900483883908013e-05
CA_SCE_VLY,127,2.4454683530849397e-05
CA_SCE_VLY,128,2.7988406127087035e-05
CA_SCE_VLY,129,5.1944974102376685e-05
CA_SCE_VLY,130,4.705040680733022e-05
CA_SCE_VLY,131,9.106736229277249e-06
CA_SCE_VLY,132,9.843632087396218e-06
CA_SCE_VLY,133,2.7664586488761383e-05
CA_SCE_VLY,134,3.130223114453644e-05
CA_SCE_VLY,135,3.947625653829449e-05
CA_SCE_VLY,136,2.238298608565859e-05
CA_SCE_VLY,137,2.5508745922591676e-05
CA_SCE_VLY,138,9.14360991207818e-06
CA_SCE_VLY,139,2.0217170614610293e-05
CA_SCE_VLY,140,2.0870419108818822e-05
CA_SCE_VLY,141,3.1898557507929916e-05
CA_SCE_VLY,142,3.1913146272111974e-05
CA_SCE_VLY,143,5.1458182431788786e-05
CA_SCE_VLY,144,2.154658674610742e-05
CA_SCE_VLY,145,8.809944825490327e-06
CA_SCE_VLY,146,1.4877787801074777e-05
CA_SCE_VLY,147,2.294098169883686e-05
CA_SCE_VLY,148,3.084364515695568e-05
CA_SCE_VLY,149,3.754542201427868e-05
CA_SCE_VLY,150,5.397343902535498e-05
CA_SCE_VLY,151,4.225653732019211e-05
CA_SCE_VLY,152,6.104602706253499e-05
CA_SCE_VLY,153,0.00019887588321812632
CA_SCE_VLY,154,0.0002247180977105689
CA_SCE_VLY,155,0.00020789290458689502
CA_SCE_VLY,156,0.00023549777505620304
CA_SCE_VLY,157,0.0002742581729978743
CA_SCE_VLY,158,0.00018819726351917518
CA_SCE_VLY,159,8.267478762041656e-05
CA_SCE_VLY,160,0.00011492585488183538
CA_SCE_VLY,161,0.00025420730188142925
CA_SCE_VLY,162,0.00014237003582647854
CA_SCE_VLY,163,0.0004046202651070056
CA_SCE_VLY,164,0.00032145479842835597
CA_SCE_VLY,165,0.00011946796583787444
CA_SCE_VLY,166,0.00010546802805716242
CA_SCE_VLY,167,2.204664522130684e-05
CA_SCE_VLY,168,0.00011798172163465466
CA_SCE_VLY,169,0.00029786721563626866
CA_SCE_VLY,170,0.0002472986853546399
CA_SCE_VLY,171,0.00031433646313476813
CA_SCE_VLY,172,0.00015960643647730798
CA_SCE_VLY,173,0.0
CA_SCE_VLY,174,0.00017791752059284489
CA_SCE_VLY,175,0.00020451160984407026
CA_SCE_VLY,176,0.00025437544269723606
CA_SCE_VLY,177,0.000162731006086779
CA_SCE_VLY,178,0.0002438613675760435
CA_SCE_VLY,179,0.00018822970418707884
CA_SCE_VLY,180,4.12847175794253e-05
CA_SCE_VLY,181,6.513625644518858e-05
CA_SCE_VLY,182,2.2435006363576574e-05
CA_SCE_VLY,183,3.142587263301284e-05
CA_SCE_VLY,184,5.3992740303927014e-05
CA_SCE_VLY,185,1.2549603943607638e-05
CA_SCE_VLY,186,2.4139778524281358e-05
CA_SCE_VLY,187,6.945095198076679e-06
CA_SCE_VLY,188,7.440886276834574e-06
CA_SCE_VLY,189,4.227184203847198e-05
CA_SCE_VLY,190,4.276508749038409e-05
CA_SCE_VLY,191,4.705870310146163e-05
CA_SCE_VLY,192,2.800039409258538e-05
CA_SCE_VLY,193,3.543745116417757e-05
CA_SCE_VLY,194,2.0713583732859314e-05
CA_SCE_VLY,195,3.467610143910484e-05
CA_SCE_VLY,196,2.3262342351517573e-05
CA_SCE_VLY,197,4.6187511591440086e-05
CA_SCE_VLY,198,3.5857921045147505e-05
CA_SCE_VLY,199,2.96897553221988e-05
CA_SCE_VLY,200,3.33518556082503e-05
CA_SCE_VLY,201,1.0522320693249735e-05
CA_SCE_VLY,202,3.932082272734679e-06
CA_SCE_VLY,203,4.671084072087084e-05
CA_SCE_VLY,204,3.807814396998712e-05
CA_SCE_VLY,205,4.274130426268486e-05
CA_SCE_VLY,206,5.23236219602605e-05
CA_SCE_VLY,207,3.987426678082031e-05
CA_SCE_VLY,208,6.982973952987559e-06
CA_SCE_VLY,209,1.4959397042796575e-05
CA_SCE_VLY,210,1.9221131360693103e-05
CA_SCE_VLY,211,4.675899563638178e-05
CA_SCE_VLY,212,4.360660729422509e-05
CA_SCE_VLY,213,4.1575747321590306e-05
CA_SCE_VLY,214,2.8280720072144788e-05
CA_SCE_VLY,215,7.038845782135667e-06
CA_SCE_VLY,216,1.5396411574408004e-05
CA_SCE_VLY,217,3.161795256652583e-05
CA_SCE_VLY,218,2.3662590753818566e-05
CA_SCE_VLY,219,3.210285705411349e-05
CA_SCE_VLY,220,4.244112253477241e-05
CA_SCE_VLY,221,3.699272753351447e-05
CA_SCE_VLY,222,7.092002801210127e-06
CA_SCE_VLY,223,7.732379714407483e-06
CA_SCE_VLY,224,1.962316353845799e-05
CA_SCE_VLY,225,3.915342834512978e-05
CA_SCE_VLY,226,2.847007417961918e-05
CA_SCE_VLY,227,3.4181418335439976e-05
CA_SCE_VLY,228,2.421507646175792e-05
CA_SCE_VLY,229,1.797462119877168e-05
CA_SCE_VLY,230,2.3762861838759572e-05
CA_SCE_VLY,231,3.224908603865313e-05
CA_SCE_VLY,232,4.0091722062335805e-05
CA_SCE_VLY,233,4.52799386139016e-05
CA_SCE_VLY,234,4.27623771518257e-05
CA_SCE_VLY,235,4.4487031245461665e-05
CA_SCE_VLY,236,1.7468933343182278e-05
CA_SCE_VLY,237,1.1428706089504946e-05
CA_SCE_VLY,238,1.1636408820812288e-05
CA_SCE_VLY,239,4.0632723293562617e-05
CA_SCE_VLY,240,2.8748720392809445e-05
CA_SCE_VLY,241,6.81787811922531e-05
CA_SCE_VLY,242,3.733536665134088e-05
CA_SCE_VLY,243,1.0550668977097585e-05
CA_SCE_VLY,244,3.4511024839524055e-05
CA_SCE_VLY,245,5.936162131579441e-05
CA_SCE_VLY,246,5.9331933958468355e-05
CA_SCE_VLY,247,6.178051163530199e-05
CA_SCE_VLY,248,5.698507490499911e-05
CA_SCE_VLY,249,3.440889371080819e-05
CA_SCE_VLY,250,2.3370500411329434e-05
CA_SCE_VLY,251,2.55771769788301e-05
CA_SCE_VLY,252,4.034780067883988e-05
CA_SCE_VLY,253,5.631158919843412e-05
CA_SCE_VLY,254,4.9054658007052655e-05
CA_SCE_VLY,255,9.917345471480431e-05
CA_SCE_VLY,256,5.4995001575973236e-05
CA_SCE_VLY,257,3.6443177159446506e-05
CA_SCE_VLY,258,1.9708728895840375e-05
CA_SCE_VLY,259,5.522418643774136e-05
CA_SCE_VLY,260,0.00011492799426522306
CA_SCE_VLY,261,5.60590429497439e-05
CA_SCE_VLY,262,9.474005811928111e-05
CA_SCE_VLY,263,5.6377014916623986e-05
CA_SCE_VLY,264,1.8381919206701656e-05
CA_SCE_VLY,265,2.0090777541621887e-05
CA_SCE_VLY,266,4.793620278947262e-05
CA_SCE_VLY,267,6.919974717191624e-05
CA_SCE_VLY,268,6.321339424779808e-05
CA_SCE_VLY,269,0.0001002924894100891
CA_SCE_VLY,270,3.506483734814404e-05
CA_SCE_VLY,271,3.626314877074174e-05
CA_SCE_VLY,272,2.6333995668748353e-05
CA_SCE_VLY,273,4.739786146467214e-05
CA_SCE_VLY,274,7.273160095467316e-05
CA_SCE_VLY,275,4.026690033609758e-05
CA_SCE_VLY,276,4.247944565242773e-05
CA_SCE_VLY,277,3.699882747118399e-05
CA_SCE_VLY,278,7.167144336530231e-06
CA_SCE_VLY,279,1.581846208410864e-05
CA_SCE_VLY,280,2.837403829988215e-05
CA_SCE_VLY,281,4.666318666840598e-05
CA_SCE_VLY,282,5.5726996226280684e-05
CA_SCE_VLY,283,4.7886008292797555e-05
CA_SCE_VLY,284,3.740815899873147e-05
CA_SCE_VLY,285,1.83029570572905e-05
CA_SCE_VLY,286,3.064323835004827e-05
CA_SCE_VLY,287,3.187633966268756e-05
CA_SCE_VLY,288,6.410521229694916e-05
CA_SCE_VLY,289,6.94946051095646e-05
CA_SCE_VLY,290,3.508636427605474e-05
CA_SCE_VLY,291,2.924005622045484e-05
CA_SCE_VLY,292,1.092242794870185e-05
CA_SCE_VLY,293,2.768277834828843e-05
CA_SCE_VLY,294,3.645303144807597e-05
CA_SCE_VLY,295,4.1550612967299775e-05
CA_SCE_VLY,296,4.154609771950436e-05
CA_SCE_VLY,297,4.7217863800174135e-05
CA_SCE_VLY,298,3.018408380963427e-05
CA_SCE_VLY,299,7.097979361950705e-06
CA_SCE_VLY,300,3.676869759626097e-05
CA_SCE_VLY,301,4.104432060601849e-05
CA_SCE_VLY,302,2.9187792750210224e-05
CA_SCE_VLY,303,5.4732505530101535e-05
CA_SCE_VLY,304,3.369182477935051e-05
CA_SCE_VLY,305,2.458593304478141e-05
CA_SCE_VLY,306,1.4143875773818038e-05
CA_SCE_VLY,307,7.64777035436902e-06
CA_SCE_VLY,308,2.67947442713935e-05
CA_SCE_VLY,309,2.39101501164593e-05
CA_SCE_VLY,310,4.05677606744495e-05
CA_SCE_VLY,311,5.562972837068376e-05
CA_SCE_VLY,312,2.415240984923514e-05
CA_SCE_VLY,313,3.5175926931033186e-06
CA_SCE_VLY,314,3.828172878725771e-06
CA_SCE_VLY,315,5.7425299451872566e-05
CA_SCE_VLY,316,2.805352023228298e-05
CA_SCE_VLY,317,7.101064814363185e-05
CA_SCE_VLY,318,6.80951660040614e-05
CA_SCE_VLY,319,2.8813350596836028e-05
CA_SCE_VLY,320,3.505261756667636e-06
CA_SCE_VLY,321,2.3122336402492624e-05
CA_SCE_VLY,322,1.181257358781486e-05
CA_SCE_VLY,323,4.4593628683479284e-05
CA_SCE_VLY,324,3.69806077725738e-05
CA_SCE_VLY,325,2.5706561373916246e-05
CA_SCE_VLY,326,3.706577896659722e-05
CA_SCE_VLY,327,3.381087942884514e-05
CA_SCE_VLY,328,2.6321900384100483e-05
CA_SCE_VLY,329,3.9380800131648064e-05
CA_SCE_VLY,330,6.373120669865399e-05
CA_SCE_VLY,331,4.5227132558045235e-05
CA_SCE_VLY,332,0.0
CA_SCE_VLY,333,3.764075794892034e-05
CA_SCE_VLY,334,2.6711985853176457e-05
CA_SCE_VLY,335,4.006674527171161e-05
CA_SCE_VLY,336,5.067254594709246e-05
CA_SCE_VLY,337,7.522373624359882e-05
CA_SCE_VLY,338,3.4998652361534576e-05
CA_SCE_VLY,339,8.306527591560648e-05
CA_SCE_VLY,340,6.863644760679412e-05
CA_SCE_VLY,341,1.4928008901559386e-05
CA_SCE_VLY,342,3.2179201463886567e-05
CA_SCE_VLY,343,4.2965583889180386e-05
CA_SCE_VLY,344,5.7829465144811866e-05
CA_SCE_VLY,345,5.263903499530933e-05
CA_SCE_VLY,346,0.0001023799758461078
CA_SCE_VLY,347,4.57576598428853e-05
CA_SCE_VLY,348,2.3970822844262195e-05
CA_SCE_VLY,349,2.7040165029174003e-05
CA_SCE_VLY,350,3.2276743038550116e-05
CA_SCE_VLY,351,7.561771096892329e-05
CA_SCE_VLY,352,7.653910850592249e-05
CA_SCE_VLY,353,5.729806766076817e-05
CA_SCE_VLY,354,4.628925990966769e-05
CA_SCE_VLY,355,2.0378388904204176e-05
CA_SCE_VLY,356,1.0368253325434419e-05
CA_SCE_VLY,357,5.976917814476853e-05
CA_SCE_VLY,358,4.793110977109875e-05
CA_SCE_VLY,359,4.412563849456664e-06
CA_SCE_VLY,360,4.4437255479985144e-05
CA_SCE_VLY,361,7.29608724368692e-05
CA_SCE_VLY,362,2.0611200424657132e-05
CA_SCE_VLY,363,4.5900470895510245e-05
CA_SCE_VLY,364,2.1061978195121896e-05
CA_SCE_VLY,365,2.9217615276178634e-05
CA_SDGE,1,2647.6143481717686
CA_SDGE,2,2965.7544602282546
CA_SDGE,3,2806.6442723975374
CA_SDGE,4,2723.9796492120677
CA_SDGE,5,2886.0784382330785
CA_SDGE,6,1913.3587270606934
CA_SDGE,7,2391.929540527296
CA_SDGE,8,2454.261944156302
CA_SDGE,9,2220.1348975282576
CA_SDGE,10,2526.3592302153957
CA_SDGE,11,2903.222603034813
CA_SDGE,12,2765.9691628924256
CA_SDGE,13,1865.960645365226
CA_SDGE,14,2391.211374366915
CA_SDGE,15,2242.771226116316
CA_SDGE,16,2272.300543500339
CA_SDGE,17,2488.8734068591166
CA_SDGE,18,2717.4790396051785
CA_SDGE,19,3011.6468605142927
CA_SDGE,20,2047.5928683752315
CA_SDGE,21,2328.8382236494867
CA_SDGE,22,2325.688379854884
CA_SDGE,23,2475.3880064087607
CA_SDGE,24,2767.8299277993165
CA_SDGE,25,3282.221545070175
CA_SDGE,26,2877.614724770135
CA_SDGE,27,1800.7190632928275
CA_SDGE,28,2821.104563160319
CA_SDGE,29,2881.518266504612
CA_SDGE,30,2464.817068490827
CA_SDGE,31,2875.695095556767
CA_SDGE,32,3203.938153341109
CA_SDGE,33,3249.514401546999
CA_SDGE,34,2249.1432384035384
CA_SDGE,35,2613.731443486712
CA_SDGE,36,2764.657039623436
CA_SDGE,37,2517.009515822194
CA_SDGE,38,2717.565483225085
CA_SDGE,39,3178.535177084786
CA_SDGE,40,3345.095914367527
CA_SDGE,41,2041.7296949490528
CA_SDGE,42,2618.436579501684
CA_SDGE,43,3354.4345707502853
CA_SDGE,44,2888.171282301006
CA_SDGE,45,2830.6379577593793
CA_SDGE,46,3783.4460935527654
CA_SDGE,47,3539.9387906971315
CA_SDGE,48,2334.1914117544356
CA_SDGE,49,3113.153290137815
CA_SDGE,50,2999.7185467073527
CA_SDGE,51,3102.519504874856
CA_SDGE,52,3292.850190916223
CA_SDGE,53,3554.602692940006
CA_SDGE,54,3286.153117789307
CA_SDGE,55,2161.3770235242523
CA_SDGE,56,3014.564723417154
CA_SDGE,57,3240.803318675122
CA_SDGE,58,2958.579101887396
CA_SDGE,59,3089.6786142134315
CA_SDGE,60,3725.971373952257
CA_SDGE,61,2074.6249587865955
CA_SDGE,62,3303.2099107721606
CA_SDGE,63,3515.4489641426576
CA_SDGE,64,3177.0814507325417
CA_SDGE,65,3253.2790823991118
CA_SDGE,66,3932.6709697444717
CA_SDGE,67,3603.0463276202117
CA_SDGE,68,2753.5785985957577
CA_SDGE,69,3663.0891221042257
CA_SDGE,70,3799.9366025044856
CA_SDGE,71,3437.36527848088
CA_SDGE,72,3674.6947288192086
CA_SDGE,73,3603.7293596582404
CA_SDGE,74,3697.7073457831166
CA_SDGE,75,2521.605848551527
CA_SDGE,76,3638.7716646495164
CA_SDGE,77,3782.3443022677147
CA_SDGE,78,3703.1072881132504
CA_SDGE,79,3594.509518823007
CA_SDGE,80,3952.6580888086382
CA_SDGE,81,4225.88740502462
CA_SDGE,82,2671.123929408333
CA_SDGE,83,3500.8515963250397
CA_SDGE,84,3694.81316581347
CA_SDGE,85,3560.2020906817274
CA_SDGE,86,3681.78776809663
CA_SDGE,87,4007.1353389543433
CA_SDGE,88,3680.894009809499
CA_SDGE,89,2731.3772526651032
CA_SDGE,90,2910.5682209425922
CA_SDGE,91,4317.459732945344
CA_SDGE,92,4043.110912039872
CA_SDGE,93,4534.6123879492925
CA_SDGE,94,4323.457889668071
CA_SDGE,95,4209.679622532942
CA_SDGE,96,3479.206296392477
CA_SDGE,97,4174.750130863224
CA_SDGE,98,4175.923450624171
CA_SDGE,99,3815.6130340936625
CA_SDGE,100,4174.751761833698
CA_SDGE,101,4724.331337058466
CA_SDGE,102,5329.975102316227
CA_SDGE,103,3086.5002476884824
CA_SDGE,104,4331.771967226262
CA_SDGE,105,4644.1477166036575
CA_SDGE,106,4034.283859245307
CA_SDGE,107,4211.866711397928
CA_SDGE,108,4977.128905488464
CA_SDGE,109,5084.050931588898
CA_SDGE,110,3652.777302795742
CA_SDGE,111,4561.424867641889
CA_SDGE,112,4756.899312996709
CA_SDGE,113,4681.194787395055
CA_SDGE,114,4779.045677166346
CA_SDGE,115,5365.845176517188
CA_SDGE,116,4786.309701052444
CA_SDGE,117,3311.072947516439
CA_SDGE,118,4247.59356766621
CA_SDGE,119,4304.396903454189
CA_SDGE,120,4201.024973727398
CA_SDGE,121,4051.481560918282
CA_SDGE,122,4797.164301477864
CA_SDGE,123,4325.495005260057
CA_SDGE,124,2925.1968756494985
CA_SDGE,125,4009.2143059741607
CA_SDGE,126,4220.227300419544
CA_SDGE,127,3966.3851135673076
CA_SDGE,128,3812.2870306883674
CA_SDGE,129,4517.908694978451
CA_SDGE,130,4728.607201310778
CA_SDGE,131,3303.247498223976
CA_SDGE,132,4101.072975056741
CA_SDGE,133,4335.772577057866
CA_SDGE,134,3947.9946993808135
CA_SDGE,135,4492.236847459308
CA_SDGE,136,4936.161250613193
CA_SDGE,137,4768.9673833886645
CA_SDGE,138,2767.711139556434
CA_SDGE,139,3795.996083512148
CA_SDGE,140,4124.717242901534
CA_SDGE,141,3888.0517811210666
CA_SDGE,142,4181.063895338944
CA_SDGE,143,4765.279301639133
CA_SDGE,144,4853.519473725859
CA_SDGE,145,2476.233399782342
CA_SDGE,146,3573.9265500433266
CA_SDGE,147,3714.4518428777146
CA_SDGE,148,3928.324182757257
CA_SDGE,149,3842.094267398505
CA_SDGE,150,4395.80181243622
CA_SDGE,151,4429.219218282488
CA_SDGE,152,3081.258199265921
CA_SDGE,153,5118.050534337786
CA_SDGE,154,5029.634834211495
CA_SDGE,155,4774.022811322425
CA_SDGE,156,4910.42039543779
CA_SDGE,157,5555.858652274463
CA_SDGE,158,5541.1785775863655
CA_SDGE,159,3583.645169336305
CA_SDGE,160,4569.796194929704
CA_SDGE,161,5227.731921900685
CA_SDGE,162,5080.386288359867
CA_SDGE,163,5176.354972522089
CA_SDGE,164,5948.440675096419
CA_SDGE,165,5400.504325157205
CA_SDGE,166,4153.026153702759
CA_SDGE,167,4858.541660073074
CA_SDGE,168,5312.155770456885
CA_SDGE,169,4935.854579294654
CA_SDGE,170,4913.996363100209
CA_SDGE,171,5595.9488985433245
CA_SDGE,172,5185.094192655042
CA_SDGE,173,3991.7082608524133
CA_SDGE,174,4854.797209190396
CA_SDGE,175,4557.173708215299
CA_SDGE,176,4918.5619000838615
CA_SDGE,177,5050.048577849131
CA_SDGE,178,5411.439030186025
CA_SDGE,179,5332.529950544418
CA_SDGE,180,3793.823242221182
CA_SDGE,181,4845.694560315924
CA_SDGE,182,4667.428328066669
CA_SDGE,183,4573.36775520419
CA_SDGE,184,4907.09641097028
CA_SDGE,185,2681.8692481463295
CA_SDGE,186,3749.440493859073
CA_SDGE,187,4176.597524852479
CA_SDGE,188,4252.5278127561605
CA_SDGE,189,4867.755710782914
CA_SDGE,190,4916.397449912197
CA_SDGE,191,4923.351497081022
CA_SDGE,192,5203.244108008355
CA_SDGE,193,5337.093973866012
CA_SDGE,194,4213.86819342865
CA_SDGE,195,4913.779899378264
CA_SDGE,196,5005.453363033899
CA_SDGE,197,4788.76032749909
CA_SDGE,198,5039.497341571262
CA_SDGE,199,5467.696246088476
CA_SDGE,200,5010.65313468191
CA_SDGE,201,3492.134216910565
CA_SDGE,202,4764.414785841234
CA_SDGE,203,4660.763518831844
CA_SDGE,204,4603.131770197539
CA_SDGE,205,4696.286678822917
CA_SDGE,206,5121.679747667919
CA_SDGE,207,5324.843801146298
CA_SDGE,208,3716.3863099697187
CA_SDGE,209,4372.69693490098
CA_SDGE,210,4880.635663072551
CA_SDGE,211,4765.114820706955
CA_SDGE,212,4974.1309531081615
CA_SDGE,213,5620.3393648586125
CA_SDGE,214,5397.914596833187
CA_SDGE,215,4136.749634531149
CA_SDGE,216,5025.317618233326
CA_SDGE,217,5196.73409551258
CA_SDGE,218,4873.6602280667485
CA_SDGE,219,4926.151433838142
CA_SDGE,220,5682.332671805209
CA_SDGE,221,5461.027579761199
CA_SDGE,222,3583.3312792794904
CA_SDGE,223,4688.26855319782
CA_SDGE,224,5022.7816735189535
CA_SDGE,225,4770.276951718755
CA_SDGE,226,5111.090800676206
CA_SDGE,227,5623.8354875366995
CA_SDGE,228,5413.466060689964
CA_SDGE,229,4429.392069826019
CA_SDGE,230,4816.170879196371
CA_SDGE,231,5097.43078306906
CA_SDGE,232,4759.068396526303
CA_SDGE,233,4822.660504608793
CA_SDGE,234,5860.388282306046
CA_SDGE,235,5545.999552357998
CA_SDGE,236,3351.0465171907967
CA_SDGE,237,4893.378588948141
CA_SDGE,238,4806.27789012355
CA_SDGE,239,4556.380997211448
CA_SDGE,240,4833.471726445685
CA_SDGE,241,5755.194585550344
CA_SDGE,242,5761.514304789478
CA_SDGE,243,3783.8095298266444
CA_SDGE,244,3151.5570277411734
CA_SDGE,245,4536.780505115109
CA_SDGE,246,3834.28212925894
CA_SDGE,247,3885.4265567384773
CA_SDGE,248,4617.678257487863
CA_SDGE,249,4434.026447541838
CA_SDGE,250,3076.3250986424546
CA_SDGE,251,4213.166985561471
CA_SDGE,252,4491.840058874856
CA_SDGE,253,3996.5280936008207
CA_SDGE,254,4199.784638165304
CA_SDGE,255,4902.17130489394
CA_SDGE,256,4830.148719709803
CA_SDGE,257,3656.300558575357
CA_SDGE,258,4974.003964152509
CA_SDGE,259,4898.99185778783
CA_SDGE,260,4290.5230460165585
CA_SDGE,261,4470.499419144574
CA_SDGE,262,5316.074008707552
CA_SDGE,263,5108.523277944897
CA_SDGE,264,3891.6121299318816
CA_SDGE,265,4924.3056636577685
CA_SDGE,266,4556.671349554803
CA_SDGE,267,4270.792226574877
CA_SDGE,268,4558.175360898282
CA_SDGE,269,5023.562085066824
CA_SDGE,270,4968.479176607722
CA_SDGE,271,3499.582882844387
CA_SDGE,272,4722.906562753856
CA_SDGE,273,4512.489237845714
CA_SDGE,274,4013.3471706240493
CA_SDGE,275,3954.96601311073
CA_SDGE,276,4176.13727118069
CA_SDGE,277,4918.672812950311
CA_SDGE,278,3246.755342700955
CA_SDGE,279,3746.0420182186435
CA_SDGE,280,4142.765335200326
CA_SDGE,281,4158.641849699611
CA_SDGE,282,4625.251215064995
CA_SDGE,283,5016.528319533924
CA_SDGE,284,5032.197254547363
CA_SDGE,285,2736.4205428823275
CA_SDGE,286,3726.7421523610697
CA_SDGE,287,4920.563649732485
CA_SDGE,288,4507.268570639793
CA_SDGE,289,4968.130854427135
CA_SDGE,290,5325.529258549841
CA_SDGE,291,4440.709948442482
CA_SDGE,292,3235.4186675551105
CA_SDGE,293,3858.94008497532
CA_SDGE,294,4598.845730284012
CA_SDGE,295,4192.573341874589
CA_SDGE,296,4084.9626408718736
CA_SDGE,297,4758.029106813577
CA_SDGE,298,4707.720910140127
CA_SDGE,299,2511.23127609081
CA_SDGE,300,3869.938962072117
CA_SDGE,301,4545.5415114254465
CA_SDGE,302,3966.4081138354136
CA_SDGE,303,4028.2701344836228
CA_SDGE,304,4049.7322471207317
CA_SDGE,305,4400.527905665365
CA_SDGE,306,2597.8603132044204
CA_SDGE,307,3763.726193008347
CA_SDGE,308,3670.018540411657
CA_SDGE,309,3182.1607320893027
CA_SDGE,310,3572.779803613839
CA_SDGE,311,4374.883135061737
CA_SDGE,312,4278.066358961481
CA_SDGE,313,2475.8557282047886
CA_SDGE,314,4098.512251893984
CA_SDGE,315,4116.085985843515
CA_SDGE,316,3681.567771994503
CA_SDGE,317,3873.5831257299265
CA_SDGE,318,4651.045793711246
CA_SDGE,319,4507.872973484682
CA_SDGE,320,2968.152139483588
CA_SDGE,321,3566.157064615376
CA_SDGE,322,4291.899233812424
CA_SDGE,323,3639.5997887730364
CA_SDGE,324,3835.195138394586
CA_SDGE,325,4466.421231758203
CA_SDGE,326,4555.533057561508
CA_SDGE,327,3170.9289806791458
CA_SDGE,328,3532.4015793098265
CA_SDGE,329,4419.334862944687
CA_SDGE,330,4811.434698845383
CA_SDGE,331,4593.276445815108
CA_SDGE,332,1736.7686877467772
CA_SDGE,333,3523.197282024763
CA_SDGE,334,3402.8383453165966
CA_SDGE,335,4909.596641855792
CA_SDGE,336,4779.927544022738
CA_SDGE,337,4217.467055671624
CA_SDGE,338,4133.601916255907
CA_SDGE,339,4601.722466475711
CA_SDGE,340,4399.974936803588
CA_SDGE,341,3292.4330754891394
CA_SDGE,342,4250.499747088549
CA_SDGE,343,4121.240105278966
CA_SDGE,344,4022.336276011487
CA_SDGE,345,4219.358358804215
CA_SDGE,346,4604.474235640538
CA_SDGE,347,4832.744254594976
CA_SDGE,348,2626.951636000099
CA_SDGE,349,4427.914871052791
CA_SDGE,350,3907.366549152048
CA_SDGE,351,4293.288972949318
CA_SDGE,352,3997.1648180771517
CA_SDGE,353,4292.899389046194
CA_SDGE,354,3899.739116408489
CA_SDGE,355,3783.5540367489934
CA_SDGE,356,3624.6444967386483
CA_SDGE,357,4686.084061295271
CA_SDGE,358,2994.922737372331
CA_SDGE,359,2485.5543072539954
CA_SDGE,360,4456.436354586086
CA_SDGE,361,4916.695538904262
CA_SDGE,362,4327.2954014583165
CA_SDGE,363,3811.782756342439
CA_SDGE,364,3866.1892160703164
CA_SDGE,365,2956.4627770036736
CA_SMUD,1,324.32459009646004
CA_SMUD,2,343.33629543059095
CA_SMUD,3,394.47094330730494
CA_SMUD,4,403.95173378436976
CA_SMUD,5,394.05050417174164
CA_SMUD,6,282.0280864053675
CA_SMUD,7,343.1725906583485
CA_SMUD,8,372.33042277623434
CA_SMUD,9,370.5387468521025
CA_SMUD,10,360.4180888925893
CA_SMUD,11,409.0119935320791
CA_SMUD,12,395.860356171479
CA_SMUD,13,247.0479507842617
CA_SMUD,14,287.2237512838824
CA_SMUD,15,348.36550040497406
CA_SMUD,16,339.7465251174673
CA_SMUD,17,354.04033168372627
CA_SMUD,18,397.12735925245767
CA_SMUD,19,418.0599809766092
CA_SMUD,20,265.1898773092676
CA_SMUD,21,333.95662715058245
CA_SMUD,22,336.19177976300864
CA_SMUD,23,377.4616059497806
CA_SMUD,24,400.2062101418015
CA_SMUD,25,419.3754166573869
CA_SMUD,26,411.57286371216753
CA_SMUD,27,244.80164073172477
CA_SMUD,28,344.551280311965
CA_SMUD,29,383.74480089043703
CA_SMUD,30,375.09716565588565
CA_SMUD,31,384.8553114329553
CA_SMUD,32,352.36445929841534
CA_SMUD,33,363.1894982608104
CA_SMUD,34,244.88310090951015
CA_SMUD,35,257.3056835964982
CA_SMUD,36,322.46136440378217
CA_SMUD,37,317.42258237353167
CA_SMUD,38,337.6266349885626
CA_SMUD,39,364.8429872735326
CA_SMUD,40,376.1823353709498
CA_SMUD,41,228.9295992419746
CA_SMUD,42,264.44659729106337
CA_SMUD,43,348.46411459144656
CA_SMUD,44,318.9755699164633
CA_SMUD,45,324.7182034465354
CA_SMUD,46,377.29076723026867
CA_SMUD,47,367.43615180154114
CA_SMUD,48,240.33390359020368
CA_SMUD,49,273.5870307055879
CA_SMUD,50,322.4993609055772
CA_SMUD,51,329.0391330752413
CA_SMUD,52,339.0830662133042
CA_SMUD,53,369.9328428013986
CA_SMUD,54,350.4308509556062
CA_SMUD,55,248.0564644876642
CA_SMUD,56,291.27566074870845
CA_SMUD,57,335.9504442043785
CA_SMUD,58,326.72036305850565
CA_SMUD,59,332.68104098703867
CA_SMUD,60,401.97586416109664
CA_SMUD,61,251.7899062862511
CA_SMUD,62,335.00139040123895
CA_SMUD,63,380.63369034536356
CA_SMUD,64,375.10233468403885
CA_SMUD,65,386.0593728952234
CA_SMUD,66,441.1761682532257
CA_SMUD,67,417.6281894342836
CA_SMUD,68,277.07522630829686
CA_SMUD,69,374.43179952307935
CA_SMUD,70,408.362838221313
CA_SMUD,71,387.8281508059378
CA_SMUD,72,391.46939240780495
CA_SMUD,73,406.85186712600813
CA_SMUD,74,423.46889127739854
CA_SMUD,75,269.07791309364904
CA_SMUD,76,367.1638715879806
CA_SMUD,77,421.52208694869046
CA_SMUD,78,398.6306959663997
CA_SMUD,79,395.8524818286293
CA_SMUD,80,440.43605787074176
CA_SMUD,81,439.83044654930995
CA_SMUD,82,293.48877913928743
CA_SMUD,83,373.59461205703104
CA_SMUD,84,418.52340121828826
CA_SMUD,85,398.6174042794134
CA_SMUD,86,420.1539500975237
CA_SMUD,87,450.02247227197955
CA_SMUD,88,444.2711281005096
CA_SMUD,89,288.87659312414905
CA_SMUD,90,342.3195348172934
CA_SMUD,91,481.4599002934202
CA_SMUD,92,473.5861576483774
CA_SMUD,93,482.3132851732416
CA_SMUD,94,496.42217517343255
CA_SMUD,95,531.6162318850537
CA_SMUD,96,348.1036143519132
CA_SMUD,97,453.3457629473034
CA_SMUD,98,487.87203527163564
CA_SMUD,99,465.13182232523707
CA_SMUD,100,495.3592274556333
CA_SMUD,101,563.4436014849042
CA_SMUD,102,560.4324203652783
CA_SMUD,103,352.5279346518185
CA_SMUD,104,465.49068454459206
CA_SMUD,105,523.2119746781198
CA_SMUD,106,493.84591974410927
CA_SMUD,107,495.4530528451491
CA_SMUD,108,580.8517056983021
CA_SMUD,109,531.231897162185
CA_SMUD,110,343.593165093716
CA_SMUD,111,454.7513332106463
CA_SMUD,112,498.9714360019374
CA_SMUD,113,487.1614495353443
CA_SMUD,114,495.290665972297
CA_SMUD,115,558.2203222248535
CA_SMUD,116,562.1156436362587
CA_SMUD,117,334.2083888284516
CA_SMUD,118,466.09434761796206
CA_SMUD,119,516.8861781843473
CA_SMUD,120,472.01479087161897
CA_SMUD,121,443.10290917421463
CA_SMUD,122,464.1622679483991
CA_SMUD,123,452.49589912672616
CA_SMUD,124,291.0198029376984
CA_SMUD,125,381.840484048824
CA_SMUD,126,443.6768676705291
CA_SMUD,127,415.4674154037764
CA_SMUD,128,425.91140990142094
CA_SMUD,129,485.63655533749875
CA_SMUD,130,468.62107615112905
CA_SMUD,131,299.05366337528324
CA_SMUD,132,390.21029840521624
CA_SMUD,133,435.5825003853693
CA_SMUD,134,416.0689477625228
CA_SMUD,135,439.41762181628565
CA_SMUD,136,488.27666529766987
CA_SMUD,137,464.14819078674094
CA_SMUD,138,287.3979234201675
CA_SMUD,139,407.8293786925765
CA_SMUD,140,447.93353422414316
CA_SMUD,141,431.4799827495229
CA_SMUD,142,416.70619537516785
CA_SMUD,143,473.32724619733773
CA_SMUD,144,475.08181802947234
CA_SMUD,145,287.2401115616765
CA_SMUD,146,288.95163968682897
CA_SMUD,147,392.0493695646736
CA_SMUD,148,407.5618574434468
CA_SMUD,149,401.1153347598141
CA_SMUD,150,465.89980244621984
CA_SMUD,151,473.29408259005123
CA_SMUD,152,342.7766363321624
CA_SMUD,153,467.3272962814246
CA_SMUD,154,500.12298962894135
CA_SMUD,155,511.24418856352395
CA_SMUD,156,521.21772409186
CA_SMUD,157,591.6758668269453
CA_SMUD,158,572.7260248883899
CA_SMUD,159,388.829054607494
CA_SMUD,160,505.8891049003412
CA_SMUD,161,542.732183626379
CA_SMUD,162,525.1688409072622
CA_SMUD,163,544.3444768638976
CA_SMUD,164,608.0887245619886
CA_SMUD,165,569.9565483573127
CA_SMUD,166,404.60342093386976
CA_SMUD,167,487.9426695280322
CA_SMUD,168,571.5672186161675
CA_SMUD,169,515.5734468343293
CA_SMUD,170,500.34045931710847
CA_SMUD,171,582.7276334662222
CA_SMUD,172,538.2840404574499
CA_SMUD,173,387.9537460151897
CA_SMUD,174,492.2139008999042
CA_SMUD,175,533.6626057737928
CA_SMUD,176,520.345515701502
CA_SMUD,177,537.3900548048617
CA_SMUD,178,590.7004876703684
CA_SMUD,179,564.1452684663001
CA_SMUD,180,401.02333108942673
CA_SMUD,181,472.5287506290987
CA_SMUD,182,474.18344837153234
CA_SMUD,183,512.4874797735667
CA_SMUD,184,553.7300306012276
CA_SMUD,185,320.1218589751198
CA_SMUD,186,402.1417590371564
CA_SMUD,187,399.8730753481079
CA_SMUD,188,485.3622847830923
CA_SMUD,189,546.1593783216804
CA_SMUD,190,544.0361899893763
CA_SMUD,191,525.9112000709978
CA_SMUD,192,574.3325831309546
CA_SMUD,193,571.0785107316983
CA_SMUD,194,397.53924554164865
CA_SMUD,195,502.64238830592797
CA_SMUD,196,542.5461594434388
CA_SMUD,197,541.4214844934105
CA_SMUD,198,531.4067037023077
CA_SMUD,199,593.5270775171705
CA_SMUD,200,595.5487263692664
CA_SMUD,201,375.7770465957465
CA_SMUD,202,504.3826485985785
CA_SMUD,203,530.5248686179408
CA_SMUD,204,527.3040865404951
CA_SMUD,205,538.0720718938691
CA_SMUD,206,592.5679026491939
CA_SMUD,207,581.2276257493609
CA_SMUD,208,396.9714146809457
CA_SMUD,209,498.80162355500636
CA_SMUD,210,549.1492766518312
CA_SMUD,211,525.3995136353986
CA_SMUD,212,551.8513321479464
CA_SMUD,213,583.1658549781733
CA_SMUD,214,592.8355341151271
CA_SMUD,215,405.0400920320357
CA_SMUD,216,501.12253408733386
CA_SMUD,217,560.0553263605279
CA_SMUD,218,513.4716056362842
CA_SMUD,219,508.03535864550736
CA_SMUD,220,604.4705042457941
CA_SMUD,221,594.277080505823
CA_SMUD,222,385.1548643259807
CA_SMUD,223,528.3760419784271
CA_SMUD,224,561.770442650834
CA_SMUD,225,515.3902826333041
CA_SMUD,226,547.0783566288301
CA_SMUD,227,605.4552843285916
CA_SMUD,228,586.4050682053149
CA_SMUD,229,390.45651908838244
CA_SMUD,230,544.1096051939753
CA_SMUD,231,565.4220048491654
CA_SMUD,232,542.1619747441869
CA_SMUD,233,544.8154354686612
CA_SMUD,234,624.4158122277668
CA_SMUD,235,599.2677499255458
CA_SMUD,236,374.44896723139
CA_SMUD,237,534.3441837811057
CA_SMUD,238,521.7318060847181
CA_SMUD,239,531.9371715402655
CA_SMUD,240,525.8431951691214
CA_SMUD,241,625.2801414663177
CA_SMUD,242,596.7925978021459
CA_SMUD,243,361.7463468771333
CA_SMUD,244,364.59807655714286
CA_SMUD,245,509.4611313569069
CA_SMUD,246,476.010915626927
CA_SMUD,247,501.43263656584617
CA_SMUD,248,586.1041949529125
CA_SMUD,249,560.4595339314014
CA_SMUD,250,367.9082010833149
CA_SMUD,251,523.4367193835807
CA_SMUD,252,547.6568977982255
CA_SMUD,253,517.1287800824069
CA_SMUD,254,526.6080697239216
CA_SMUD,255,573.9513608819778
CA_SMUD,256,577.1819687542317
CA_SMUD,257,367.1722648425543
CA_SMUD,258,521.2399556855356
CA_SMUD,259,573.7730481726486
CA_SMUD,260,539.7778448593713
CA_SMUD,261,523.6374878952747
CA_SMUD,262,618.0117598035206
CA_SMUD,263,582.8036646673514
CA_SMUD,264,367.82531287391436
CA_SMUD,265,548.2116438486262
CA_SMUD,266,557.7155520042767
CA_SMUD,267,514.1948203511263
CA_SMUD,268,510.1139788763087
CA_SMUD,269,589.4460597473782
CA_SMUD,270,591.7591343778876
CA_SMUD,271,380.58114313024646
CA_SMUD,272,516.8202694929789
CA_SMUD,273,574.1792640691536
CA_SMUD,274,486.65874983410356
CA_SMUD,275,484.9751751116248
CA_SMUD,276,570.435360490582
CA_SMUD,277,594.7261200975842
CA_SMUD,278,362.14624168891123
CA_SMUD,279,514.6039576363291
CA_SMUD,280,547.1123679726877
CA_SMUD,281,528.5418609609468
CA_SMUD,282,534.0983112164832
CA_SMUD,283,623.7470754302792
CA_SMUD,284,575.4106043654608
CA_SMUD,285,380.06437642029914
CA_SMUD,286,509.04702448016354
CA_SMUD,287,565.3828573083314
CA_SMUD,288,508.8205183676222
CA_SMUD,289,526.1385691563946
CA_SMUD,290,604.1327987267356
CA_SMUD,291,592.7248512927406
CA_SMUD,292,385.5730889022622
CA_SMUD,293,528.297509677621
CA_SMUD,294,563.5063194962269
CA_SMUD,295,509.0670393085158
CA_SMUD,296,491.765433584609
CA_SMUD,297,606.140036767924
CA_SMUD,298,590.9800568192501
CA_SMUD,299,351.28846894151746
CA_SMUD,300,511.832824303443
CA_SMUD,301,553.9943523851795
CA_SMUD,302,493.54677573746915
CA_SMUD,303,489.60830814802324
CA_SMUD,304,446.02839856725717
CA_SMUD,305,582.631737694174
CA_SMUD,306,390.74093683849964
CA_SMUD,307,521.1344226995664
CA_SMUD,308,490.6624257542519
CA_SMUD,309,440.38102792251254
CA_SMUD,310,490.14868352640366
CA_SMUD,311,605.2993268365161
CA_SMUD,312,587.1874708015589
CA_SMUD,313,370.5735636316792
CA_SMUD,314,510.4480228009261
CA_SMUD,315,555.6070938049762
CA_SMUD,316,504.886026993613
CA_SMUD,317,566.2333339772076
CA_SMUD,318,623.9631269456136
CA_SMUD,319,636.8231873794476
CA_SMUD,320,366.69885608663344
CA_SMUD,321,547.9190569669021
CA_SMUD,322,577.2449679708021
CA_SMUD,323,507.7376359366182
CA_SMUD,324,511.5877552691345
CA_SMUD,325,628.1543840269067
CA_SMUD,326,609.8628333885314
CA_SMUD,327,476.0216233020667
CA_SMUD,328,520.7843589989827
CA_SMUD,329,559.9202401679596
CA_SMUD,330,638.5621181189383
CA_SMUD,331,587.6474445743273
CA_SMUD,332,269.0766114916024
CA_SMUD,333,463.10252136826324
CA_SMUD,334,491.96042547917943
CA_SMUD,335,622.6629265351382
CA_SMUD,336,579.9418763642403
CA_SMUD,337,510.9655842887505
CA_SMUD,338,512.0363083510279
CA_SMUD,339,539.5378507605471
CA_SMUD,340,505.0428552299235
CA_SMUD,341,363.51379229493796
CA_SMUD,342,507.33787176562635
CA_SMUD,343,474.1890413522608
CA_SMUD,344,507.63799932078774
CA_SMUD,345,501.12309642404773
CA_SMUD,346,553.9400521496683
CA_SMUD,347,568.1821836732549
CA_SMUD,348,355.2808994491348
CA_SMUD,349,517.2626721708219
CA_SMUD,350,483.4662214142441
CA_SMUD,351,522.8317706578299
CA_SMUD,352,538.4842081732085
CA_SMUD,353,584.2601093649357
CA_SMUD,354,562.6755977633186
CA_SMUD,355,447.151951712495
CA_SMUD,356,479.49679795906576
CA_SMUD,357,525.4524853074948
CA_SMUD,358,367.8090029838478
CA_SMUD,359,301.45320736240996
CA_SMUD,360,531.3346769603015
CA_SMUD,361,551.6214528450746
CA_SMUD,362,446.83154396431723
CA_SMUD,363,450.2712583698422
CA_SMUD,364,506.4325647745478
CA_SMUD,365,376.23349720658985
CO_DEN,1,33092.366044817434
CO_DEN,2,37366.13874375883
CO_DEN,3,36397.426414988804
CO_DEN,4,32652.31113590452
CO_DEN,5,33753.984359712646
CO_DEN,6,32056.984249072124
CO_DEN,7,31308.22143582394
CO_DEN,8,29766.23925255806
CO_DEN,9,26902.06823092489
CO_DEN,10,27100.290550676345
CO_DEN,11,30581.446560949313
CO_DEN,12,27937.648947752106
CO_DEN,13,24059.80609243666
CO_DEN,14,23465.225344239887
CO_DEN,15,26461.280960857453
CO_DEN,16,27915.097000968824
CO_DEN,17,25249.92842400017
CO_DEN,18,29259.639586474717
CO_DEN,19,29611.988289067776
CO_DEN,20,25624.06461144377
CO_DEN,21,28972.83438770792
CO_DEN,22,29281.436367024195
CO_DEN,23,26549.382424852192
CO_DEN,24,28091.632908040967
CO_DEN,25,30779.595495789057
CO_DEN,26,29920.461995318637
CO_DEN,27,26086.667560800972
CO_DEN,28,30272.59808802659
CO_DEN,29,29612.132030499
CO_DEN,30,26637.628485949615
CO_DEN,31,27827.27492023767
CO_DEN,32,30911.311704283253
CO_DEN,33,28884.56984962851
CO_DEN,34,20666.715136070845
CO_DEN,35,31417.406454433913
CO_DEN,36,29677.665302559002
CO_DEN,37,26064.67502518958
CO_DEN,38,27914.992856303183
CO_DEN,39,30999.41415140791
CO_DEN,40,31506.26085104016
CO_DEN,41,25799.903743758616
CO_DEN,42,28906.350341169265
CO_DEN,43,32034.54778078286
CO_DEN,44,27782.833314766438
CO_DEN,45,28730.02881528585
CO_DEN,46,35669.622024189324
CO_DEN,47,32166.736347103706
CO_DEN,48,31527.86273457957
CO_DEN,49,30382.368918341836
CO_DEN,50,38995.31448290591
CO_DEN,51,32629.226230854383
CO_DEN,52,29897.52491055592
CO_DEN,53,33026.47593071256
CO_DEN,54,32739.580390309962
CO_DEN,55,30183.37212843744
CO_DEN,56,34413.11240277217
CO_DEN,57,30426.79780511389
CO_DEN,58,26681.39425639234
CO_DEN,59,30074.004390795806
CO_DEN,60,32850.81438161837
CO_DEN,61,27012.400330489105
CO_DEN,62,29326.06570964008
CO_DEN,63,32234.172162960924
CO_DEN,64,29237.73979261328
CO_DEN,65,29722.32856318932
CO_DEN,66,32432.47633189153
CO_DEN,67,34812.013782275375
CO_DEN,68,33489.472932024764
CO_DEN,69,34216.493888343255
CO_DEN,70,31969.858252632825
CO_DEN,71,31088.470441067315
CO_DEN,72,31110.61246746466
CO_DEN,73,19388.63848431806
CO_DEN,74,34789.62673738437
CO_DEN,75,34965.207124685134
CO_DEN,76,35295.9718209742
CO_DEN,77,32454.532257497467
CO_DEN,78,30625.76648504256
CO_DEN,79,30295.26656461294
CO_DEN,80,33423.876045179524
CO_DEN,81,35186.21851316683
CO_DEN,82,31991.33759841184
CO_DEN,83,31154.246915137282
CO_DEN,84,31639.58374158662
CO_DEN,85,30295.262596282428
CO_DEN,86,31352.811687290334
CO_DEN,87,32718.92357382397
CO_DEN,88,32190.305247138913
CO_DEN,89,30779.75084493814
CO_DEN,90,30449.488697784116
CO_DEN,91,32609.538566714265
CO_DEN,92,29767.290517631653
CO_DEN,93,29723.266121288554
CO_DEN,94,28863.701168866588
CO_DEN,95,30230.1195036382
CO_DEN,96,25096.33219962829
CO_DEN,97,28930.010534038425
CO_DEN,98,30251.97890751664
CO_DEN,99,27453.840314008918
CO_DEN,100,28026.62303031921
CO_DEN,101,29172.47113432006
CO_DEN,102,29172.465590583273
CO_DEN,103,24523.41367133109
CO_DEN,104,26858.993426529745
CO_DEN,105,28753.875454140405
CO_DEN,106,27211.491756960884
CO_DEN,107,27608.05008308535
CO_DEN,108,29128.294931826927
CO_DEN,109,29877.406717110363
CO_DEN,110,23267.424523471916
CO_DEN,111,27321.65303920876
CO_DEN,112,28555.554760922394
CO_DEN,113,27013.192062487746
CO_DEN,114,28247.056969895468
CO_DEN,115,29833.448749731913
CO_DEN,116,28313.248206952674
CO_DEN,117,22562.50007046277
CO_DEN,118,27123.504728348904
CO_DEN,119,28335.176370752513
CO_DEN,120,26880.941158279267
CO_DEN,121,28004.692666773186
CO_DEN,122,29635.12798695902
CO_DEN,123,28004.591852570833
CO_DEN,124,23708.174706639926
CO_DEN,125,27321.617275330405
CO_DEN,126,26506.468555406598
CO_DEN,127,26242.053545841947
CO_DEN,128,28291.084686157523
CO_DEN,129,29943.409636157638
CO_DEN,130,29436.796003876687
CO_DEN,131,24215.006601086578
CO_DEN,132,26903.02159968465
CO_DEN,133,28577.62581248668
CO_DEN,134,27629.979695076738
CO_DEN,135,28335.027976607387
CO_DEN,136,29458.811753691494
CO_DEN,137,29745.242438351732
CO_DEN,138,23862.456039990197
CO_DEN,139,27850.4391447848
CO_DEN,140,28489.259463401508
CO_DEN,141,28423.368910233705
CO_DEN,142,29370.63251948017
CO_DEN,143,31485.79123793923
CO_DEN,144,31596.044088118448
CO_DEN,145,25933.54930604878
CO_DEN,146,27233.414538950954
CO_DEN,147,29679.214328311486
CO_DEN,148,29326.678675964973
CO_DEN,149,29789.01317944465
CO_DEN,150,31001.046109029572
CO_DEN,151,32455.09493385665
CO_DEN,152,27188.997673021546
CO_DEN,153,30031.46248850222
CO_DEN,154,31198.933431687787
CO_DEN,155,31045.02173883126
CO_DEN,156,31595.48557975681
CO_DEN,157,32741.57781545293
CO_DEN,158,32763.25805762338
CO_DEN,159,28929.54305344795
CO_DEN,160,31903.985367317302
CO_DEN,161,32653.287851025503
CO_DEN,162,31793.98853896881
CO_DEN,163,31683.76380190882
CO_DEN,164,33204.144306411064
CO_DEN,165,33093.9187236857
CO_DEN,166,29546.349981668554
CO_DEN,167,33138.064683397344
CO_DEN,168,32609.3115019364
CO_DEN,169,32344.68049705221
CO_DEN,170,32741.33974325916
CO_DEN,171,33225.8707861648
CO_DEN,172,34922.57900298207
CO_DEN,173,30251.69719043157
CO_DEN,174,34768.252523865645
CO_DEN,175,33798.84105045515
CO_DEN,176,32454.823046637237
CO_DEN,177,34547.53470753773
CO_DEN,178,35120.773901784625
CO_DEN,179,35517.68885087547
CO_DEN,180,31331.114794442714
CO_DEN,181,34129.46782312605
CO_DEN,182,34239.71277166798
CO_DEN,183,33909.20635811998
CO_DEN,184,34768.312704778444
CO_DEN,185,25757.17446684944
CO_DEN,186,29326.2028060837
CO_DEN,187,31353.214244563787
CO_DEN,188,37478.4232664748
CO_DEN,189,34812.539109391706
CO_DEN,190,32631.146338591392
CO_DEN,191,33005.65891398682
CO_DEN,192,34944.58309629884
CO_DEN,193,34195.51803088975
CO_DEN,194,30339.53143869821
CO_DEN,195,35737.117076182396
CO_DEN,196,33446.2451379534
CO_DEN,197,32630.960600780127
CO_DEN,198,34547.84623537571
CO_DEN,199,35120.85266265311
CO_DEN,200,32851.063512046654
CO_DEN,201,28951.569049645437
CO_DEN,202,35252.92597632013
CO_DEN,203,34724.308253898904
CO_DEN,204,32322.654698038048
CO_DEN,205,33181.91705452814
CO_DEN,206,34636.295076928094
CO_DEN,207,34548.14862819798
CO_DEN,208,30802.461565105063
CO_DEN,209,35340.87454514743
CO_DEN,210,34195.50603172291
CO_DEN,211,32917.59346867419
CO_DEN,212,33754.659256311556
CO_DEN,213,35958.265400171105
CO_DEN,214,34547.99478086773
CO_DEN,215,30714.378882020177
CO_DEN,216,34195.4041025439
CO_DEN,217,34041.0194855305
CO_DEN,218,32146.38829419536
CO_DEN,219,32410.447294417532
CO_DEN,220,34680.164617582224
CO_DEN,221,33226.08932701811
CO_DEN,222,30802.24425282889
CO_DEN,223,35561.37033158807
CO_DEN,224,33468.524111996805
CO_DEN,225,31000.700954504347
CO_DEN,226,32807.41014922344
CO_DEN,227,34019.2838006006
CO_DEN,228,33380.465347017875
CO_DEN,229,28709.51266787306
CO_DEN,230,35517.57106766458
CO_DEN,231,33181.668996810775
CO_DEN,232,31044.74611671554
CO_DEN,233,32102.247868162067
CO_DEN,234,34151.49109860254
CO_DEN,235,33203.91638479594
CO_DEN,236,28158.368623831724
CO_DEN,237,34658.10381906974
CO_DEN,238,32829.522647645856
CO_DEN,239,29414.319444221746
CO_DEN,240,31176.901538433067
CO_DEN,241,35869.82288536415
CO_DEN,242,34327.623250968565
CO_DEN,243,26439.95786713408
CO_DEN,244,27673.889490371024
CO_DEN,245,35209.06672535292
CO_DEN,246,30890.447743662546
CO_DEN,247,30493.94369448995
CO_DEN,248,33071.66101233182
CO_DEN,249,33115.771902537126
CO_DEN,250,27805.153189943136
CO_DEN,251,32630.661292223387
CO_DEN,252,31507.600189503057
CO_DEN,253,28709.386104189
CO_DEN,254,30295.74773627088
CO_DEN,255,33182.12482950319
CO_DEN,256,32631.354697562107
CO_DEN,257,26836.625565910097
CO_DEN,258,33732.51184936797
CO_DEN,259,33314.4172593447
CO_DEN,260,28665.30994728458
CO_DEN,261,31441.37529154792
CO_DEN,262,34680.13688115136
CO_DEN,263,33292.094741487046
CO_DEN,264,28554.837226076703
CO_DEN,265,33909.00468679996
CO_DEN,266,31441.546918718956
CO_DEN,267,29128.045855262942
CO_DEN,268,30912.599183114526
CO_DEN,269,33424.55829400512
CO_DEN,270,33842.86791187415
CO_DEN,271,26506.083980919262
CO_DEN,272,33710.69165028095
CO_DEN,273,32983.85758447955
CO_DEN,274,29414.496780211408
CO_DEN,275,29855.261162892977
CO_DEN,276,32962.02674160875
CO_DEN,277,33225.82867649442
CO_DEN,278,26990.443321367402
CO_DEN,279,33005.39489562485
CO_DEN,280,32785.12624493722
CO_DEN,281,30184.850194694955
CO_DEN,282,29061.993877762074
CO_DEN,283,33490.71603226606
CO_DEN,284,33578.77180028921
CO_DEN,285,26373.917474848062
CO_DEN,286,31243.347150977355
CO_DEN,287,32873.89462374355
CO_DEN,288,29083.862063041022
CO_DEN,289,29458.521388194396
CO_DEN,290,32587.293501301818
CO_DEN,291,31639.916850614325
CO_DEN,292,25470.466544203537
CO_DEN,293,29172.219909417996
CO_DEN,294,31177.331936258455
CO_DEN,295,28533.25928968008
CO_DEN,296,29392.565548224837
CO_DEN,297,31772.169311766876
CO_DEN,298,31948.532769472306
CO_DEN,299,23531.594527678317
CO_DEN,300,30956.80095969999
CO_DEN,301,30472.25985017624
CO_DEN,302,27453.774023666225
CO_DEN,303,28092.528058124943
CO_DEN,304,26924.774539470778
CO_DEN,305,30493.892910345337
CO_DEN,306,23817.982290835807
CO_DEN,307,28378.640120810116
CO_DEN,308,26770.503140846893
CO_DEN,309,25073.90240678774
CO_DEN,310,25316.529145994384
CO_DEN,311,29458.70989960891
CO_DEN,312,21636.99838575323
CO_DEN,313,23024.770168630494
CO_DEN,314,28533.067750536447
CO_DEN,315,29237.984072796866
CO_DEN,316,26285.839361267328
CO_DEN,317,27167.104393637786
CO_DEN,318,30471.894245004598
CO_DEN,319,29370.372249741555
CO_DEN,320,24016.138741049774
CO_DEN,321,28577.28943518152
CO_DEN,322,28731.484912472664
CO_DEN,323,25668.937371789998
CO_DEN,324,27497.56583781712
CO_DEN,325,29877.027163109415
CO_DEN,326,31838.004572716298
CO_DEN,327,28819.57228362174
CO_DEN,328,28334.98858096055
CO_DEN,329,29414.50333522012
CO_DEN,330,29965.390630607104
CO_DEN,331,30383.959871059407
CO_DEN,332,14387.777279769622
CO_DEN,333,26153.579957100617
CO_DEN,334,31860.03283222782
CO_DEN,335,33666.550223535436
CO_DEN,336,31441.63745919362
CO_DEN,337,26968.90420657812
CO_DEN,338,27100.8407991755
CO_DEN,339,28202.74102366658
CO_DEN,340,28202.6812133707
CO_DEN,341,24236.565134960027
CO_DEN,342,28599.376632134085
CO_DEN,343,27101.111542216226
CO_DEN,344,27277.284130591495
CO_DEN,345,27960.39409382386
CO_DEN,346,29348.299895291224
CO_DEN,347,29678.85239245222
CO_DEN,348,25382.30264145071
CO_DEN,349,29965.22563539171
CO_DEN,350,29282.214041161766
CO_DEN,351,28665.319869292533
CO_DEN,352,29832.98056171862
CO_DEN,353,34548.11170315823
CO_DEN,354,36795.369138131486
CO_DEN,355,34724.30866613303
CO_DEN,356,34570.07408624375
CO_DEN,357,34702.13991720812
CO_DEN,358,27057.06415696282
CO_DEN,359,25999.474550899613
CO_DEN,360,39020.49996696152
CO_DEN,361,40606.83419131828
CO_DEN,362,37279.998503612434
CO_DEN,363,36288.57661552876
CO_DEN,364,34261.672721035626
CO_DEN,365,30229.60432015417
CO_E,1,1.0030624089061337
CO_E,2,1.2263306722410947
CO_E,3,1.183395368840901
CO_E,4,1.056424206380754
CO_E,5,1.0886934433753315
CO_E,6,0.9459766214229727
CO_E,7,1.0015532282856792
CO_E,8,0.8263947708440753
CO_E,9,0.9227060594446762
CO_E,10,0.9860919317171734
CO_E,11,1.0459574393058737
CO_E,12,0.843351514767669
CO_E,13,0.7226102868466804
CO_E,14,0.5916506568984704
CO_E,15,0.7625008312440716
CO_E,16,0.9651389397531027
CO_E,17,0.8202192921258604
CO_E,18,0.9097532471427202
CO_E,19,1.0435806342983076
CO_E,20,0.7945467391170749
CO_E,21,1.032300347542574
CO_E,22,1.026630812651835
CO_E,23,0.9733421420420003
CO_E,24,0.9480087476553021
CO_E,25,1.0951038183053954
CO_E,26,0.9625853050137754
CO_E,27,0.7704942986876866
CO_E,28,1.0765795264682145
CO_E,29,0.8522868568261004
CO_E,30,0.8280025019895331
CO_E,31,0.9218653059184208
CO_E,32,1.0279498413628354
CO_E,33,1.0307219581807878
CO_E,34,0.711870838303523
CO_E,35,1.350889013679282
CO_E,36,0.9640277779026171
CO_E,37,0.7297826205733413
CO_E,38,1.061478262480379
CO_E,39,1.0808377016832496
CO_E,40,1.1095315323837083
CO_E,41,0.6232740544700486
CO_E,42,0.888364034729466
CO_E,43,1.215249256630171
CO_E,44,0.966351834295614
CO_E,45,1.066303328824903
CO_E,46,1.4679666200634216
CO_E,47,0.9527058358058107
CO_E,48,0.7767249802632068
CO_E,49,1.0375062788361502
CO_E,50,1.2324979752406364
CO_E,51,1.1478337123646507
CO_E,52,1.079122817249437
CO_E,53,1.1368995216861106
CO_E,54,1.2906970765316614
CO_E,55,0.9576173175627983
CO_E,56,1.2159104775429872
CO_E,57,0.9647726559502862
CO_E,58,1.297851167352376
CO_E,59,1.0714703490919408
CO_E,60,0.8346255045346759
CO_E,61,0.5493310493129671
CO_E,62,0.568586475940689
CO_E,63,0.7663102538813248
CO_E,64,0.6165063219441169
CO_E,65,0.7602648933910197
CO_E,66,0.7720773051487521
CO_E,67,0.7732210638063834
CO_E,68,0.7093984807508453
CO_E,69,0.8300824343861422
CO_E,70,0.6629326385099535
CO_E,71,0.7314023449490124
CO_E,72,0.7920966900768134
CO_E,73,0.34896782991893033
CO_E,74,0.721638092695422
CO_E,75,0.8756984444522156
CO_E,76,0.7931611587363154
CO_E,77,0.812279286466742
CO_E,78,0.7873988016996026
CO_E,79,0.7678062190854112
CO_E,80,0.8157356154587296
CO_E,81,0.9021310539428558
CO_E,82,0.8215259941299817
CO_E,83,0.7806569229234109
CO_E,84,0.6637594880713287
CO_E,85,0.9301003230060854
CO_E,86,0.8420570623963128
CO_E,87,0.7696246408025523
CO_E,88,0.7690274907586649
CO_E,89,0.6740804458801262
CO_E,90,0.6728552045596821
CO_E,91,0.7941908623376053
CO_E,92,0.6566256916945558
CO_E,93,0.6324941539295631
CO_E,94,0.8851675474946469
CO_E,95,0.6346567389335674
CO_E,96,0.47571467916931653
CO_E,97,0.6708135037806663
CO_E,98,0.7828217988186432
CO_E,99,0.6175845678422708
CO_E,100,0.7378941090594563
CO_E,101,0.6640391677522064
CO_E,102,0.6563208196112839
CO_E,103,0.51186098025179
CO_E,104,0.5506488748782676
CO_E,105,0.6018103606676061
CO_E,106,0.6268084743910227
CO_E,107,0.6747026467073524
CO_E,108,0.7695554189679786
CO_E,109,0.8219709246612958
CO_E,110,0.5863033359010752
CO_E,111,0.6348630273266681
CO_E,112,0.6457527066547226
CO_E,113,0.602372348288638
CO_E,114,0.651455429903978
CO_E,115,0.7115868757867745
CO_E,116,0.5658267026115763
CO_E,117,0.44149767799180134
CO_E,118,0.48522316599942966
CO_E,119,0.6793063706968038
CO_E,120,0.661122858929182
CO_E,121,0.6612862238103336
CO_E,122,0.7520580423515343
CO_E,123,0.7594776413373193
CO_E,124,0.5351275438243144
CO_E,125,0.7063927991735277
CO_E,126,0.5861375036160524
CO_E,127,0.5783001644370842
CO_E,128,0.721372262222374
CO_E,129,0.9562819795967121
CO_E,130,0.7829684893412117
CO_E,131,0.4983038482734356
CO_E,132,0.6546187906989205
CO_E,133,0.6365613627598732
CO_E,134,0.7998230303700229
CO_E,135,0.8425569391135083
CO_E,136,0.8039700168142229
CO_E,137,0.8224337634781252
CO_E,138,0.5109118447412565
CO_E,139,0.690904970262351
CO_E,140,0.8623500185049205
CO_E,141,0.6423266874447309
CO_E,142,0.8369637685116537
CO_E,143,0.9636864808569776
CO_E,144,0.8707145755006112
CO_E,145,0.594232641128843
CO_E,146,0.7526532710915671
CO_E,147,0.7404221611769467
CO_E,148,0.7245108760995955
CO_E,149,1.0936822779919326
CO_E,150,0.9311039353046933
CO_E,151,1.155541051551367
CO_E,152,0.980283870732711
CO_E,153,0.9449194534658848
CO_E,154,1.2808126756218228
CO_E,155,0.9566989337587962
CO_E,156,1.3401141623794217
CO_E,157,1.102365397384748
CO_E,158,1.381549973641116
CO_E,159,1.140060365971149
CO_E,160,1.2744660353796815
CO_E,161,1.1589791873214954
CO_E,162,1.1209063826396075
CO_E,163,1.155385315716283
CO_E,164,1.0881219832510511
CO_E,165,1.1504902813266487
CO_E,166,1.2430417989138767
CO_E,167,1.0285931840166314
CO_E,168,1.046147478230505
CO_E,169,1.2613952285612666
CO_E,170,1.1926608084695833
CO_E,171,1.3910168366417561
CO_E,172,1.2610467087246824
CO_E,173,0.9406304272575199
CO_E,174,1.2930881885925496
CO_E,175,1.273575616016406
CO_E,176,1.1906394630507178
CO_E,177,1.7549368735577955
CO_E,178,1.403477873106967
CO_E,179,1.0712267806339655
CO_E,180,1.1610345857485962
CO_E,181,1.167063675498961
CO_E,182,1.0132667444099657
CO_E,183,1.0563693340862492
CO_E,184,1.279945039137021
CO_E,185,0.6377360127536178
CO_E,186,0.991844180461408
CO_E,187,1.0218175304307116
CO_E,188,1.2457389734211828
CO_E,189,1.0666281468168568
CO_E,190,1.1992745407994694
CO_E,191,1.2583642619913658
CO_E,192,1.2753351842070764
CO_E,193,1.2208983963486808
CO_E,194,1.186536183158952
CO_E,195,1.8243054205804097
CO_E,196,1.2679269500425472
CO_E,197,1.3221035276020752
CO_E,198,1.3713708371520565
CO_E,199,1.30512908556199
CO_E,200,1.4747598676810423
CO_E,201,0.9722100014977221
CO_E,202,1.315972285395245
CO_E,203,1.1851977990801343
CO_E,204,1.2026563711297364
CO_E,205,1.2915584255175379
CO_E,206,1.0998291303056833
CO_E,207,1.088804172872566
CO_E,208,0.9581483133296527
CO_E,209,1.51942459727532
CO_E,210,1.2078307339428558
CO_E,211,1.1491893256101253
CO_E,212,1.3581815853930512
CO_E,213,1.2472747869699146
CO_E,214,1.3452515270564622
CO_E,215,1.0151651754863835
CO_E,216,1.3577164910035766
CO_E,217,1.4902170153552265
CO_E,218,1.2373966686405382
CO_E,219,1.5630814671264204
CO_E,220,1.388155751169215
CO_E,221,1.2197360437906233
CO_E,222,1.278803975806807
CO_E,223,1.4516976477637193
CO_E,224,1.1431289196851937
CO_E,225,1.1458096700504161
CO_E,226,1.2228229951980865
CO_E,227,1.229814695791336
CO_E,228,1.088963917856224
CO_E,229,0.7807960109574066
CO_E,230,1.1989434246133719
CO_E,231,1.5451038372289432
CO_E,232,1.1954995191652675
CO_E,233,1.326729322809438
CO_E,234,1.2190988883431426
CO_E,235,1.3703479150489568
CO_E,236,1.1167211397472414
CO_E,237,1.392292043031307
CO_E,238,1.1742984431237848
CO_E,239,1.1091121969367337
CO_E,240,1.2236066247288724
CO_E,241,1.5275259793066798
CO_E,242,1.3845081261979864
CO_E,243,0.8892973128865588
CO_E,244,0.9013075895267213
CO_E,245,1.280481070723267
CO_E,246,1.2947419468645054
CO_E,247,1.2044899255121337
CO_E,248,1.506244683047298
CO_E,249,1.430961765829146
CO_E,250,1.868113290049279
CO_E,251,1.8068230798958198
CO_E,252,1.1453611813854325
CO_E,253,1.0281103194113284
CO_E,254,1.1176088175226355
CO_E,255,1.2169634064928452
CO_E,256,1.1108016156960867
CO_E,257,0.8861623892759414
CO_E,258,1.6204066931788175
CO_E,259,1.1262546557897082
CO_E,260,1.0422047644512777
CO_E,261,1.25749193031482
CO_E,262,1.4761512323788706
CO_E,263,1.3784512187466278
CO_E,264,1.2921007994955978
CO_E,265,1.387881009638325
CO_E,266,1.0921720282593779
CO_E,267,1.0100280038552754
CO_E,268,1.2092464236302922
CO_E,269,1.1378147304360346
CO_E,270,1.462388606792297
CO_E,271,0.9219616872497778
CO_E,272,1.3946928346994532
CO_E,273,1.1562096583729413
CO_E,274,1.035919227662423
CO_E,275,0.9468941523211737
CO_E,276,0.9929962012399328
CO_E,277,1.5967601856358136
CO_E,278,1.3379713046649069
CO_E,279,1.6684673776959305
CO_E,280,1.617831821626857
CO_E,281,1.879999081547694
CO_E,282,0.9927713272042379
CO_E,283,1.115777755569737
CO_E,284,1.2047207201368475
CO_E,285,0.9209537103764998
CO_E,286,1.0075064509843106
CO_E,287,0.9882250416549937
CO_E,288,1.156347312569235
CO_E,289,1.086323619646351
CO_E,290,1.1657672317017747
CO_E,291,1.0722998220250881
CO_E,292,0.9723685523766253
CO_E,293,0.9513663302521157
CO_E,294,0.94183706811038
CO_E,295,0.9105398214699228
CO_E,296,0.9506141688568241
CO_E,297,1.0259717133370854
CO_E,298,0.9351039642065893
CO_E,299,0.8356204480178908
CO_E,300,1.1291678345821294
CO_E,301,0.9444552952430315
CO_E,302,0.7422172556616419
CO_E,303,0.9754376960046119
CO_E,304,0.9189553207315958
CO_E,305,1.3104512519429985
CO_E,306,0.8941279310809497
CO_E,307,1.3014975655307461
CO_E,308,0.9513722359605746
CO_E,309,0.9161783242312046
CO_E,310,0.6689998835708836
CO_E,311,0.8888155372595501
CO_E,312,0.4889245671786896
CO_E,313,0.8698668875086768
CO_E,314,1.1037241261516342
CO_E,315,1.2754763108793055
CO_E,316,0.8539450609331771
CO_E,317,0.9560353452995163
CO_E,318,1.285989726730178
CO_E,319,1.0932914299476288
CO_E,320,1.0418744508770839
CO_E,321,0.9647105098801121
CO_E,322,1.0055777047043406
CO_E,323,0.799962943055717
CO_E,324,0.9964044137201958
CO_E,325,1.221546198836361
CO_E,326,1.275579663178329
CO_E,327,1.0505236350786553
CO_E,328,0.8845564234193944
CO_E,329,1.0316106722068736
CO_E,330,1.000277856609579
CO_E,331,1.0790546245835824
CO_E,332,0.5059871214612807
CO_E,333,0.9234530746930688
CO_E,334,1.2779362622057242
CO_E,335,1.2677125106492915
CO_E,336,0.8787853153450477
CO_E,337,0.6848996411563969
CO_E,338,0.9584755501698358
CO_E,339,0.767772358430738
CO_E,340,0.8094503019963786
CO_E,341,0.7998733414569039
CO_E,342,0.7104503506223038
CO_E,343,0.7100486851679085
CO_E,344,0.7699823533219158
CO_E,345,0.6933703821878551
CO_E,346,0.9135383964923159
CO_E,347,0.8870680830685576
CO_E,348,0.7634282698115183
CO_E,349,0.8716586449486634
CO_E,350,0.8345690857320999
CO_E,351,0.8458930186810216
CO_E,352,0.8926902514316584
CO_E,353,0.8945739422899668
CO_E,354,0.9939780235877466
CO_E,355,0.8107415760238446
CO_E,356,0.891616593998733
CO_E,357,1.0653333478561229
CO_E,358,0.5460984364885446
CO_E,359,0.5308267803285174
CO_E,360,1.136600427932042
CO_E,361,1.2388151279913957
CO_E,362,1.1025065096956872
CO_E,363,0.9640368161850728
CO_E,364,0.9215689867612517
CO_E,365,0.7594842954912729
CO_NW,1,1.8580963915899669
CO_NW,2,2.4291134071552545
CO_NW,3,1.7249055120691177
CO_NW,4,1.153590039711582
CO_NW,5,1.1333228224249676
CO_NW,6,1.6852208546266039
CO_NW,7,1.2231085292241775
CO_NW,8,0.9898072178813753
CO_NW,9,0.6614807626375363
CO_NW,10,0.6765398644628939
CO_NW,11,0.8359739988137599
CO_NW,12,0.7301715379827821
CO_NW,13,0.6901937237672061
CO_NW,14,0.4617772869808108
CO_NW,15,0.8442927584934803
CO_NW,16,1.170885052878922
CO_NW,17,0.34855406513734866
CO_NW,18,0.7529267617353035
CO_NW,19,0.8107916550510685
CO_NW,20,0.8132388297471967
CO_NW,21,0.9729005827649719
CO_NW,22,0.8674811273289995
CO_NW,23,0.7604591105915633
CO_NW,24,0.9142776317170608
CO_NW,25,0.9416999006575834
CO_NW,26,0.8859338283747552
CO_NW,27,0.9198875369112641
CO_NW,28,1.2025042925998095
CO_NW,29,0.8633028380814424
CO_NW,30,0.8005141344348795
CO_NW,31,0.9005243169953158
CO_NW,32,1.519542879293628
CO_NW,33,1.1203083150875541
CO_NW,34,0.5381827612751626
CO_NW,35,1.8598583699543347
CO_NW,36,1.3269871335763865
CO_NW,37,0.9373737529117432
CO_NW,38,1.1313821995586852
CO_NW,39,1.493640184755742
CO_NW,40,1.3963445682697544
CO_NW,41,1.3981019674681263
CO_NW,42,1.5096412533722368
CO_NW,43,1.8312507648322034
CO_NW,44,1.230977722940071
CO_NW,45,1.394023607259912
CO_NW,46,2.0956940754396847
CO_NW,47,2.07937757058818
CO_NW,48,2.150429765454204
CO_NW,49,1.632719986978187
CO_NW,50,3.777336820812771
CO_NW,51,2.124960952159517
CO_NW,52,1.6767664343165956
CO_NW,53,1.51046895949575
CO_NW,54,1.8317661810527246
CO_NW,55,2.3804581260748168
CO_NW,56,2.931150756453042
CO_NW,57,1.3447307448830415
CO_NW,58,0.5933099246354189
CO_NW,59,1.4757374979720377
CO_NW,60,1.2113280851420771
CO_NW,61,0.8360816536061612
CO_NW,62,0.7150574013407421
CO_NW,63,0.9400175733053516
CO_NW,64,0.9177000300981558
CO_NW,65,0.92041751343073
CO_NW,66,0.9580185522324973
CO_NW,67,1.0708200298438675
CO_NW,68,1.6305972781435267
CO_NW,69,1.6531560231555427
CO_NW,70,0.990483057473294
CO_NW,71,0.9397020943043541
CO_NW,72,0.7295371842485423
CO_NW,73,0.9696119280332176
CO_NW,74,1.445281223642777
CO_NW,75,1.9684849581983201
CO_NW,76,1.8339792399745432
CO_NW,77,0.9036737081846486
CO_NW,78,0.8760413082033991
CO_NW,79,0.8753259213219938
CO_NW,80,1.0609612393297376
CO_NW,81,1.3607299282889849
CO_NW,82,1.3544566378880016
CO_NW,83,1.141684580491702
CO_NW,84,0.7303293572315818
CO_NW,85,0.7065293494082853
CO_NW,86,0.8721456346934018
CO_NW,87,0.9651283297072014
CO_NW,88,0.7609442490073657
CO_NW,89,1.1894614291766796
CO_NW,90,0.9618397915966558
CO_NW,91,0.21266636081791132
CO_NW,92,0.192799131556666
CO_NW,93,0.1735744120733228
CO_NW,94,0.1556617103420972
CO_NW,95,0.1014861082550641
CO_NW,96,0.09196599858996134
CO_NW,97,0.16217761337010622
CO_NW,98,0.1324409512030338
CO_NW,99,0.09772450046234345
CO_NW,100,0.08440055863591267
CO_NW,101,0.08675414373072157
CO_NW,102,0.10032603332220776
CO_NW,103,0.08962566887310125
CO_NW,104,0.09236430569511149
CO_NW,105,0.09510227396897433
CO_NW,106,0.06287615366879866
CO_NW,107,0.07238704537311483
CO_NW,108,0.08757578498583016
CO_NW,109,0.08497404546435441
CO_NW,110,0.05848643193664074
CO_NW,111,0.06616697792136843
CO_NW,112,0.06539382760345397
CO_NW,113,0.07910457263320417
CO_NW,114,0.07818673395677796
CO_NW,115,0.08532182373988692
CO_NW,116,0.07566212053019215
CO_NW,117,0.033433892870739446
CO_NW,118,0.05630541206745986
CO_NW,119,0.06864672557537357
CO_NW,120,0.06699944624914701
CO_NW,121,0.050997202553698266
CO_NW,122,0.05511428228080937
CO_NW,123,0.056760025671611376
CO_NW,124,0.03857965669942169
CO_NW,125,0.02640106896120864
CO_NW,126,0.031146800596805205
CO_NW,127,0.04461767928513166
CO_NW,128,0.04605125697504783
CO_NW,129,0.045712879104175215
CO_NW,130,0.04653955310451286
CO_NW,131,0.028959999109508028
CO_NW,132,0.024788405499942347
CO_NW,133,0.0341499481737281
CO_NW,134,0.0470541097948545
CO_NW,135,0.04917825128842333
CO_NW,136,0.04362432129247364
CO_NW,137,0.039546388894128946
CO_NW,138,0.020101139548287312
CO_NW,139,0.0382425859582403
CO_NW,140,0.03726448114287033
CO_NW,141,0.04496405135208363
CO_NW,142,0.05391595753400636
CO_NW,143,0.04620808682952783
CO_NW,144,0.05991986491197441
CO_NW,145,0.050109587327532165
CO_NW,146,0.044451510867254455
CO_NW,147,0.047882948352517635
CO_NW,148,0.05181133573816839
CO_NW,149,0.06657360898477403
CO_NW,150,0.07588941247669362
CO_NW,151,0.05626566405349295
CO_NW,152,0.1564870546227506
CO_NW,153,0.1346853789002588
CO_NW,154,0.13581380957594355
CO_NW,155,0.13071110739166336
CO_NW,156,0.13821923454643684
CO_NW,157,0.05910583427013175
CO_NW,158,0.13328418682360893
CO_NW,159,0.14835827038800428
CO_NW,160,0.18655901339053324
CO_NW,161,0.1610810491949103
CO_NW,162,0.1612381892004203
CO_NW,163,0.18469870159549942
CO_NW,164,0.22343238897946538
CO_NW,165,0.21589932220051797
CO_NW,166,0.1913431716310543
CO_NW,167,0.2601374253109143
CO_NW,168,0.17794919330044617
CO_NW,169,0.1848075060227728
CO_NW,170,0.2030113981177909
CO_NW,171,0.22610757097110806
CO_NW,172,0.2823747656642822
CO_NW,173,0.23681934373117763
CO_NW,174,0.3253489872378129
CO_NW,175,0.264764007266462
CO_NW,176,0.2805530901365575
CO_NW,177,0.2488194839917591
CO_NW,178,0.25104004114930273
CO_NW,179,0.27823755514548515
CO_NW,180,0.278285724023502
CO_NW,181,0.2521076355730543
CO_NW,182,0.32655197532954994
CO_NW,183,0.2862076640038169
CO_NW,184,0.2866501918517795
CO_NW,185,0.10873679995327852
CO_NW,186,0.247444795287788
CO_NW,187,0.34362007444479253
CO_NW,188,0.3954283654168951
CO_NW,189,0.33559586181259005
CO_NW,190,0.22311497767646035
CO_NW,191,0.2307017145563472
CO_NW,192,0.29102843001822565
CO_NW,193,0.25426802029496254
CO_NW,194,0.29290714698244663
CO_NW,195,0.4377985716596649
CO_NW,196,0.3138568424454615
CO_NW,197,0.2845321938935521
CO_NW,198,0.31400185827907773
CO_NW,199,0.2653130391635025
CO_NW,200,0.36985282476486053
CO_NW,201,0.32181620524497306
CO_NW,202,0.3799365486626582
CO_NW,203,0.31088185222430803
CO_NW,204,0.23500469120036527
CO_NW,205,0.20903632907374023
CO_NW,206,0.28194701853769333
CO_NW,207,0.300760831506433
CO_NW,208,0.3038438262190169
CO_NW,209,0.3662438954848181
CO_NW,210,0.2754373828730189
CO_NW,211,0.2649802223691304
CO_NW,212,0.2897356563079363
CO_NW,213,0.21406033178646605
CO_NW,214,0.20293915058213835
CO_NW,215,0.20344331527508958
CO_NW,216,0.2323727546789879
CO_NW,217,0.24448800812275392
CO_NW,218,0.1892022010605111
CO_NW,219,0.21972316171979037
CO_NW,220,0.1966722465578804
CO_NW,221,0.17956983306387891
CO_NW,222,0.2071267895794922
CO_NW,223,0.2896951793398318
CO_NW,224,0.20024441720107028
CO_NW,225,0.19687317604071566
CO_NW,226,0.2031851634692429
CO_NW,227,0.20287242694598484
CO_NW,228,0.17816235423517657
CO_NW,229,0.19591846103060095
CO_NW,230,0.26782857582410763
CO_NW,231,0.21142454198909136
CO_NW,232,0.1701236618076569
CO_NW,233,0.1731381093388394
CO_NW,234,0.21324069092316014
CO_NW,235,0.17337117698295088
CO_NW,236,0.15389668526039035
CO_NW,237,0.21390678402731428
CO_NW,238,0.18212545619709883
CO_NW,239,0.1508694780183972
CO_NW,240,0.1892010289019296
CO_NW,241,0.2296679798128988
CO_NW,242,0.1913123528587485
CO_NW,243,0.12986572789306405
CO_NW,244,0.10316791429785405
CO_NW,245,0.22677538524533664
CO_NW,246,0.1382292485372964
CO_NW,247,0.11985721563466278
CO_NW,248,0.0956729500454308
CO_NW,249,0.12694737632636416
CO_NW,250,0.0806718040498287
CO_NW,251,0.11375719170777408
CO_NW,252,0.09122853047981286
CO_NW,253,0.08265813934967077
CO_NW,254,0.09416003332587504
CO_NW,255,0.08981662208261211
CO_NW,256,0.11480661935130136
CO_NW,257,0.08678463900245562
CO_NW,258,0.15078638256939553
CO_NW,259,0.09349458811639909
CO_NW,260,0.07997078651486372
CO_NW,261,0.10116905888959574
CO_NW,262,0.14364003708373968
CO_NW,263,0.13257324787633193
CO_NW,264,0.13278384222117548
CO_NW,265,0.16619688440313626
CO_NW,266,0.09760533567968321
CO_NW,267,0.09404318218411216
CO_NW,268,0.10829252638475562
CO_NW,269,0.11400650728792706
CO_NW,270,0.12678172445431743
CO_NW,271,0.08034938853961317
CO_NW,272,0.16804836741751145
CO_NW,273,0.11322518727243337
CO_NW,274,0.06212734252383677
CO_NW,275,0.07065069788362267
CO_NW,276,0.0759277505957121
CO_NW,277,0.08124542988391653
CO_NW,278,0.05633921203733808
CO_NW,279,0.09965915858932393
CO_NW,280,0.07839645810778989
CO_NW,281,0.060542248162804346
CO_NW,282,0.06162858712448817
CO_NW,283,0.08318587600475424
CO_NW,284,0.07404401171208802
CO_NW,285,0.0451812552603752
CO_NW,286,0.07631481611826363
CO_NW,287,0.0743761957697592
CO_NW,288,0.06279173490720984
CO_NW,289,0.05571535084944362
CO_NW,290,0.054700773698957365
CO_NW,291,0.05679958722242014
CO_NW,292,0.043415116874045784
CO_NW,293,0.05074739882397199
CO_NW,294,0.052820389486258945
CO_NW,295,0.05914951196180256
CO_NW,296,0.04667299694615809
CO_NW,297,0.055423914450170086
CO_NW,298,0.05565899592404094
CO_NW,299,0.047486509810521466
CO_NW,300,0.05667807324072851
CO_NW,301,0.03272501236326458
CO_NW,302,0.039852661354128856
CO_NW,303,0.04300052457402515
CO_NW,304,0.04384992364768717
CO_NW,305,0.05599609681838304
CO_NW,306,0.03547283460709565
CO_NW,307,0.03940788060064973
CO_NW,308,0.0352756461398241
CO_NW,309,0.0432686857949191
CO_NW,310,0.03695868775438991
CO_NW,311,0.05607948381874808
CO_NW,312,0.043952665444897204
CO_NW,313,0.04305702577816201
CO_NW,314,0.04787023346604458
CO_NW,315,0.05125337950863888
CO_NW,316,0.04496460277172228
CO_NW,317,0.04233108927419733
CO_NW,318,0.045491334154425835
CO_NW,319,0.053525997102508355
CO_NW,320,0.03846891655162304
CO_NW,321,0.03921952370036992
CO_NW,322,0.03839426139671354
CO_NW,323,0.042464168315758444
CO_NW,324,0.04600805347221643
CO_NW,325,0.054511591036625055
CO_NW,326,0.057966378920477686
CO_NW,327,0.04072467709126963
CO_NW,328,0.041497148935153896
CO_NW,329,0.05179768095904425
CO_NW,330,0.04273264557166985
CO_NW,331,0.04373357792823331
CO_NW,332,0.01785204328556876
CO_NW,333,0.030416250061542815
CO_NW,334,0.06007528865948988
CO_NW,335,0.3482723300284585
CO_NW,336,0.2029186249470143
CO_NW,337,0.19764085302319784
CO_NW,338,0.1925731965506076
CO_NW,339,0.19528948687435926
CO_NW,340,0.21176744021845717
CO_NW,341,0.1908749592531503
CO_NW,342,0.23314621192003912
CO_NW,343,0.1669825048662833
CO_NW,344,0.2128678348297351
CO_NW,345,0.23507960947325288
CO_NW,346,0.26290602067054814
CO_NW,347,0.2453304513335291
CO_NW,348,0.2615880547602037
CO_NW,349,0.3325754919243778
CO_NW,350,0.32796051037680946
CO_NW,351,0.24401250248062606
CO_NW,352,0.3561427557918336
CO_NW,353,0.5159484801417308
CO_NW,354,0.6414846151593323
CO_NW,355,0.6733283180286834
CO_NW,356,0.5919228603140901
CO_NW,357,0.5437881780697681
CO_NW,358,0.3116964542968962
CO_NW,359,0.2659752273702382
CO_NW,360,0.7850621866070143
CO_NW,361,0.7779649723143635
CO_NW,362,0.6303398195375887
CO_NW,363,0.6655934188374354
CO_NW,364,0.4458854803600388
CO_NW,365,0.4544246949331548
CO_SW,1,0.08217245895857898
CO_SW,2,0.14236464274010135
CO_SW,3,0.09876567423252912
CO_SW,4,0.10501186400106106
CO_SW,5,0.12782119184738824
CO_SW,6,0.08837648236312477
CO_SW,7,0.0962615432224507
CO_SW,8,0.09565535992414578
CO_SW,9,0.05780075494670124
CO_SW,10,0.0644823574226577
CO_SW,11,0.08656353448046995
CO_SW,12,0.09330074341044815
CO_SW,13,0.08459135296783
CO_SW,14,0.10237663240610242
CO_SW,15,0.13924999245127118
CO_SW,16,0.048585883689980354
CO_SW,17,0.05096841095215248
CO_SW,18,0.06314725149159672
CO_SW,19,0.06932362778638902
CO_SW,20,0.056500708683333054
CO_SW,21,0.08173595637733787
CO_SW,22,0.0690954740285301
CO_SW,23,0.04742114727345573
CO_SW,24,0.05970204973458061
CO_SW,25,0.09020274192729048
CO_SW,26,0.07972037648130618
CO_SW,27,0.0883298501409233
CO_SW,28,0.059634232674013035
CO_SW,29,0.0643647910208675
CO_SW,30,0.04328747851710685
CO_SW,31,0.04765817211422402
CO_SW,32,0.06826946472103493
CO_SW,33,0.06380188037692536
CO_SW,34,0.07754985029674895
CO_SW,35,0.0959608227021937
CO_SW,36,0.05814962376982974
CO_SW,37,0.06993022053357313
CO_SW,38,0.09589407994579259
CO_SW,39,0.07547998673907902
CO_SW,40,0.08307831188614401
CO_SW,41,0.07706356567569053
CO_SW,42,0.07049602791079072
CO_SW,43,0.07538152310645406
CO_SW,44,0.04600230280160575
CO_SW,45,0.05641463843196671
CO_SW,46,0.1204934563803084
CO_SW,47,0.10619603601701716
CO_SW,48,0.09407683051870491
CO_SW,49,0.06846498624778569
CO_SW,50,0.14012680941326291
CO_SW,51,0.09297579259679349
CO_SW,52,0.07527431790190717
CO_SW,53,0.08359477380556171
CO_SW,54,0.059951259529163185
CO_SW,55,0.08995938478381497
CO_SW,56,0.0995542575530746
CO_SW,57,0.06862248540095699
CO_SW,58,0.08319398644857898
CO_SW,59,0.07776110743668165
CO_SW,60,0.07327313459134963
CO_SW,61,0.09527882546429564
CO_SW,62,0.1185423270786339
CO_SW,63,0.09861786733706993
CO_SW,64,0.0572540666527771
CO_SW,65,0.07354290434525584
CO_SW,66,0.07812723457037091
CO_SW,67,0.1160875507406034
CO_SW,68,0.11134094927381105
CO_SW,69,0.07444513491637936
CO_SW,70,0.0555118892783704
CO_SW,71,0.05920658696571315
CO_SW,72,0.1008114576749516
CO_SW,73,0.10435466410859166
CO_SW,74,0.1460935159478208
CO_SW,75,0.16172775376902734
CO_SW,76,0.12648501535082715
CO_SW,77,0.07050519448140291
CO_SW,78,0.0534521756867399
CO_SW,79,0.06127002809213281
CO_SW,80,0.06904458928606079
CO_SW,81,0.07326872364868518
CO_SW,82,0.08775987734421734
CO_SW,83,0.13397756218090073
CO_SW,84,0.07693923946085073
CO_SW,85,0.07174082659165598
CO_SW,86,0.08479054348474192
CO_SW,87,0.07031732947514878
CO_SW,88,0.07356837053762925
CO_SW,89,0.10811543675257264
CO_SW,90,0.086698922962825
CO_SW,91,0.012416670963913986
CO_SW,92,0.011167451809650723
CO_SW,93,0.010598645921893031
CO_SW,94,0.008522954625975236
CO_SW,95,0.012838186703727444
CO_SW,96,0.00916054053642716
CO_SW,97,0.009478032802721
CO_SW,98,0.008475108551809062
CO_SW,99,0.008613002539625029
CO_SW,100,0.007089373818817526
CO_SW,101,0.006843291090906578
CO_SW,102,0.0065334864293078955
CO_SW,103,0.005704585424708788
CO_SW,104,0.005457385370578034
CO_SW,105,0.007350788430748296
CO_SW,106,0.007026756580599777
CO_SW,107,0.006188224130198877
CO_SW,108,0.008386485529809288
CO_SW,109,0.00825134178600219
CO_SW,110,0.004389248394719223
CO_SW,111,0.005202647073065904
CO_SW,112,0.006363778800512351
CO_SW,113,0.007482608817775
CO_SW,114,0.00740933253864791
CO_SW,115,0.007933584607718397
CO_SW,116,0.006807725389924095
CO_SW,117,0.005557954873122379
CO_SW,118,0.005568606087382847
CO_SW,119,0.006340355526737053
CO_SW,120,0.006777214364565379
CO_SW,121,0.013303458056668334
CO_SW,122,0.0109864043739178
CO_SW,123,0.010163419762915491
CO_SW,124,0.008502709971613462
CO_SW,125,0.009202662533649947
CO_SW,126,0.00948613505675557
CO_SW,127,0.008933722844699387
CO_SW,128,0.010233121363656077
CO_SW,129,0.01276451527579037
CO_SW,130,0.01318744087640716
CO_SW,131,0.008747788077227066
CO_SW,132,0.00921162107758258
CO_SW,133,0.009908140952742712
CO_SW,134,0.0109494877761724
CO_SW,135,0.010952406518078021
CO_SW,136,0.013512033509397097
CO_SW,137,0.012530699481424417
CO_SW,138,0.00898849773277742
CO_SW,139,0.01083639479620106
CO_SW,140,0.010711224957693647
CO_SW,141,0.011106044274450931
CO_SW,142,0.012818044452685515
CO_SW,143,0.014512242666625392
CO_SW,144,0.011725706295705015
CO_SW,145,0.013499287684058442
CO_SW,146,0.010985315713156753
CO_SW,147,0.011833673235108828
CO_SW,148,0.012897667622928726
CO_SW,149,0.011835278201010034
CO_SW,150,0.011006903722358869
CO_SW,151,0.011975114342589823
CO_SW,152,0.01986369549410037
CO_SW,153,0.018945009489394142
CO_SW,154,0.021497436119145886
CO_SW,155,0.023281814905802216
CO_SW,156,0.022535111417255966
CO_SW,157,0.02351814248855254
CO_SW,158,0.024073746332278264
CO_SW,159,0.021531104071857776
CO_SW,160,0.01830574268241432
CO_SW,161,0.01825075259627135
CO_SW,162,0.023211052526487776
CO_SW,163,0.019205151472545014
CO_SW,164,0.024318809161115344
CO_SW,165,0.02426278766143927
CO_SW,166,0.02513623647173825
CO_SW,167,0.024283476435903912
CO_SW,168,0.022242000447262194
CO_SW,169,0.021212384225328274
CO_SW,170,0.02738936133033263
CO_SW,171,0.026429723152834726
CO_SW,172,0.02228997889356697
CO_SW,173,0.028005172657065026
CO_SW,174,0.03462847206817738
CO_SW,175,0.023128498084572725
CO_SW,176,0.024476496164317994
CO_SW,177,0.02551858711640308
CO_SW,178,0.023741064478017666
CO_SW,179,0.02873820816309835
CO_SW,180,0.022405075303141696
CO_SW,181,0.027934686115714962
CO_SW,182,0.033142251081667816
CO_SW,183,0.024386974027488215
CO_SW,184,0.026289504104225092
CO_SW,185,0.012922277845298992
CO_SW,186,0.025800784983702616
CO_SW,187,0.030998362246102695
CO_SW,188,0.042922182910326234
CO_SW,189,0.032577519438898986
CO_SW,190,0.02327320163680953
CO_SW,191,0.024753301067476086
CO_SW,192,0.029415225388081508
CO_SW,193,0.02421392619778603
CO_SW,194,0.028406159318066712
CO_SW,195,0.029480275908780978
CO_SW,196,0.02902558082436256
CO_SW,197,0.024764809880425502
CO_SW,198,0.03237441125690497
CO_SW,199,0.029055985531323048
CO_SW,200,0.025483603540049932
CO_SW,201,0.024088039324152346
CO_SW,202,0.03523982785860948
CO_SW,203,0.032934557092871075
CO_SW,204,0.02139236753562436
CO_SW,205,0.02836960661031258
CO_SW,206,0.02377221791736954
CO_SW,207,0.025789280036189865
CO_SW,208,0.03310570844587919
CO_SW,209,0.03355415431464586
CO_SW,210,0.028111392859921834
CO_SW,211,0.028452229811685385
CO_SW,212,0.027023617037657866
CO_SW,213,0.023532191827095802
CO_SW,214,0.021010937028978167
CO_SW,215,0.022529629657602503
CO_SW,216,0.02321944299008536
CO_SW,217,0.024095756805092676
CO_SW,218,0.025572777927503957
CO_SW,219,0.02029523398461899
CO_SW,220,0.019501121129775194
CO_SW,221,0.025707400598324503
CO_SW,222,0.026479358785582854
CO_SW,223,0.023650410463457148
CO_SW,224,0.022622696128246654
CO_SW,225,0.02047193064195035
CO_SW,226,0.029129554299486868
CO_SW,227,0.02763788433188667
CO_SW,228,0.02099192739861409
CO_SW,229,0.022013812207504056
CO_SW,230,0.029213754383447286
CO_SW,231,0.020493699350605358
CO_SW,232,0.020690790802472884
CO_SW,233,0.0244088425376574
CO_SW,234,0.02565164454367735
CO_SW,235,0.020075704481971053
CO_SW,236,0.018136922678392533
CO_SW,237,0.024768101169217592
CO_SW,238,0.02037609435017053
CO_SW,239,0.02511276019666448
CO_SW,240,0.023048819290453153
CO_SW,241,0.03354534597156603
CO_SW,242,0.023304003648190512
CO_SW,243,0.015813561663250757
CO_SW,244,0.01187723605704641
CO_SW,245,0.014821766928882076
CO_SW,246,0.012590907565899007
CO_SW,247,0.010371478366228915
CO_SW,248,0.012285408863107292
CO_SW,249,0.01372510071741891
CO_SW,250,0.008832292343737749
CO_SW,251,0.010128816508262107
CO_SW,252,0.013026237777085429
CO_SW,253,0.014523509486522429
CO_SW,254,0.011461659706737778
CO_SW,255,0.014409357578977657
CO_SW,256,0.011695514357530391
CO_SW,257,0.009223454203280775
CO_SW,258,0.01699402348017686
CO_SW,259,0.013974519421988886
CO_SW,260,0.010951915478779233
CO_SW,261,0.01337080623416657
CO_SW,262,0.012274280263830276
CO_SW,263,0.011056451244330398
CO_SW,264,0.01016051703329901
CO_SW,265,0.014557398097272804
CO_SW,266,0.010627260464713724
CO_SW,267,0.010523067437711654
CO_SW,268,0.010744404086071888
CO_SW,269,0.011671380762525985
CO_SW,270,0.01375777736471298
CO_SW,271,0.009033850818392516
CO_SW,272,0.011484281008711262
CO_SW,273,0.011553236122209144
CO_SW,274,0.009711875285429853
CO_SW,275,0.009044975982012328
CO_SW,276,0.00874629762380722
CO_SW,277,0.007658185636469116
CO_SW,278,0.009229430271997381
CO_SW,279,0.00971110329477685
CO_SW,280,0.008653016339482442
CO_SW,281,0.009427241209782984
CO_SW,282,0.009689730673202336
CO_SW,283,0.009272835310107086
CO_SW,284,0.010346524349054191
CO_SW,285,0.006751813488080954
CO_SW,286,0.008904770876745615
CO_SW,287,0.010544064781923329
CO_SW,288,0.010926021682955886
CO_SW,289,0.009432898220957036
CO_SW,290,0.0097105980495666
CO_SW,291,0.00881964780611733
CO_SW,292,0.007444926731826737
CO_SW,293,0.006747775571272167
CO_SW,294,0.010801189937527402
CO_SW,295,0.009131518830530634
CO_SW,296,0.007542563137920393
CO_SW,297,0.009026495401059835
CO_SW,298,0.009487082542889984
CO_SW,299,0.005996289364339796
CO_SW,300,0.008982267037328531
CO_SW,301,0.007221922513613512
CO_SW,302,0.008142496531664396
CO_SW,303,0.00840012453738745
CO_SW,304,0.007034489869765974
CO_SW,305,0.019055415362605518
CO_SW,306,0.015828464496489555
CO_SW,307,0.01795935429851674
CO_SW,308,0.015465554244678804
CO_SW,309,0.013026345714924639
CO_SW,310,0.015543312017933674
CO_SW,311,0.018065433122420635
CO_SW,312,0.01454747186674421
CO_SW,313,0.01484221011405802
CO_SW,314,0.0187656362664497
CO_SW,315,0.02045054472807102
CO_SW,316,0.01544788370152633
CO_SW,317,0.01738686693111435
CO_SW,318,0.01852634086412189
CO_SW,319,0.01715008206190634
CO_SW,320,0.016081976801887308
CO_SW,321,0.013066723468317713
CO_SW,322,0.016672421610706957
CO_SW,323,0.017420226172611315
CO_SW,324,0.024307201679152877
CO_SW,325,0.018692522993530095
CO_SW,326,0.02409724100558792
CO_SW,327,0.01866773890181708
CO_SW,328,0.01602967140480076
CO_SW,329,0.017795083605743073
CO_SW,330,0.02491512545006744
CO_SW,331,0.024950331984616728
CO_SW,332,0.005820198923755524
CO_SW,333,0.014928170678994117
CO_SW,334,0.02553292383050396
CO_SW,335,0.031345981728946135
CO_SW,336,0.028160209441133423
CO_SW,337,0.025953538958407244
CO_SW,338,0.025816907719344504
CO_SW,339,0.021614473747758246
CO_SW,340,0.023268872717313684
CO_SW,341,0.020890164420812377
CO_SW,342,0.02036394505146419
CO_SW,343,0.02909142368033541
CO_SW,344,0.023969675203892437
CO_SW,345,0.0273884358546786
CO_SW,346,0.02571683915384288
CO_SW,347,0.029676107628114727
CO_SW,348,0.025472211786944175
CO_SW,349,0.028686706138321326
CO_SW,350,0.023003680342270846
CO_SW,351,0.03329993732018363
CO_SW,352,0.024197290206701846
CO_SW,353,0.041756901737500594
CO_SW,354,0.04377342977678657
CO_SW,355,0.04453208021850454
CO_SW,356,0.04051748745204653
CO_SW,357,0.05406867015653427
CO_SW,358,0.02739157011702658
CO_SW,359,0.038276766944535245
CO_SW,360,0.0769756384361763
CO_SW,361,0.10720442010107491
CO_SW,362,0.06855972684194991
CO_SW,363,0.056432264617168736
CO_SW,364,0.0797178391871582
CO_SW,365,0.05025552751137249
ID_E,1,1088.4552870085806
ID_E,2,1308.0506211296117
ID_E,3,1249.9789023866356
ID_E,4,1196.9713349239223
ID_E,5,1072.120141304
ID_E,6,1074.6957211458864
ID_E,7,1027.8446599646572
ID_E,8,1074.032003524375
ID_E,9,851.0142171407336
ID_E,10,901.0760797051522
ID_E,11,1342.3638613999508
ID_E,12,840.3528269175932
ID_E,13,775.3816528750292
ID_E,14,825.5988111548015
ID_E,15,1136.7689286689372
ID_E,16,1002.9746606539209
ID_E,17,881.7575696364406
ID_E,18,1092.8854362157538
ID_E,19,987.1563128687401
ID_E,20,784.4799817037097
ID_E,21,752.4470667225597
ID_E,22,1091.5744443806284
ID_E,23,972.7556327026215
ID_E,24,1198.6408247954823
ID_E,25,1221.887192692564
ID_E,26,1112.7182778370504
ID_E,27,803.4838944106488
ID_E,28,806.8653521482157
ID_E,29,1032.1092288826053
ID_E,30,892.1580158424317
ID_E,31,902.0249199168378
ID_E,32,1046.57542309134
ID_E,33,905.109752576577
ID_E,34,597.3392204056406
ID_E,35,740.623389202001
ID_E,36,845.2285710227684
ID_E,37,1010.9153791964575
ID_E,38,1042.4802356575578
ID_E,39,1307.602382045422
ID_E,40,1026.2125551070242
ID_E,41,798.0446788899774
ID_E,42,979.04751820369
ID_E,43,996.7317882305302
ID_E,44,1148.343957295115
ID_E,45,1059.9275720479952
ID_E,46,1392.6944995727542
ID_E,47,1243.530076498587
ID_E,48,946.3167582657746
ID_E,49,798.8090025554425
ID_E,50,1335.835073691763
ID_E,51,1119.6328965575492
ID_E,52,1072.342414572756
ID_E,53,1085.468943710977
ID_E,54,1122.8803453288772
ID_E,55,1038.2586413453112
ID_E,56,953.4891960828666
ID_E,57,762.4802921827818
ID_E,58,934.2573361654111
ID_E,59,962.8759571680126
ID_E,60,942.5881868034635
ID_E,61,673.2417490926782
ID_E,62,988.0492299589855
ID_E,63,1019.46682357614
ID_E,64,884.4262929909136
ID_E,65,1094.9193436769694
ID_E,66,1254.4996385203992
ID_E,67,1142.0341429572688
ID_E,68,1174.0840298105377
ID_E,69,922.6287976740273
ID_E,70,997.0127441916272
ID_E,71,974.0693033598958
ID_E,72,1151.0945633790961
ID_E,73,987.8979920768963
ID_E,74,849.7194713951791
ID_E,75,1058.1830400829663
ID_E,76,964.6840805032728
ID_E,77,952.6774536576752
ID_E,78,866.3266081982972
ID_E,79,898.0292503380143
ID_E,80,1204.2860186252335
ID_E,81,1089.954308698673
ID_E,82,926.945166189941
ID_E,83,648.3182558076229
ID_E,84,918.8223749354473
ID_E,85,901.6810971007812
ID_E,86,998.5504316223172
ID_E,87,993.0287990803982
ID_E,88,856.4015496828026
ID_E,89,734.2130513029234
ID_E,90,488.85573606836203
ID_E,91,873.655701238973
ID_E,92,684.5595321897991
ID_E,93,671.4577400950195
ID_E,94,629.2701406054755
ID_E,95,685.943908067905
ID_E,96,470.32070966615277
ID_E,97,584.9565161985437
ID_E,98,736.0060236530358
ID_E,99,640.1953816761919
ID_E,100,792.5555736783899
ID_E,101,473.459906685844
ID_E,102,613.0421969978156
ID_E,103,566.5168082329851
ID_E,104,470.69600041282786
ID_E,105,482.37548332237134
ID_E,106,593.4073909331727
ID_E,107,550.6032645098403
ID_E,108,609.8173155776584
ID_E,109,657.1725203663327
ID_E,110,418.01677897407893
ID_E,111,399.56718426494626
ID_E,112,566.9520855854561
ID_E,113,492.2339860068676
ID_E,114,531.9452437447305
ID_E,115,489.21490945894277
ID_E,116,722.6824144293665
ID_E,117,335.05010003435797
ID_E,118,537.0972233847119
ID_E,119,594.5554831069907
ID_E,120,619.4869881441862
ID_E,121,559.5241103995078
ID_E,122,580.8401084322278
ID_E,123,523.8582904751489
ID_E,124,456.3668751054229
ID_E,125,537.523183909944
ID_E,126,501.3684893051233
ID_E,127,554.4097930419454
ID_E,128,726.4614890938459
ID_E,129,812.2351511358925
ID_E,130,913.1948416780989
ID_E,131,465.7014029844288
ID_E,132,580.0867167615432
ID_E,133,632.7894836081647
ID_E,134,863.1281060513888
ID_E,135,843.4175464238647
ID_E,136,894.2618563973355
ID_E,137,692.8707518014218
ID_E,138,631.3258207609915
ID_E,139,586.3035708296509
ID_E,140,941.7087629986647
ID_E,141,767.8826449397178
ID_E,142,777.1938593642938
ID_E,143,756.3849583499892
ID_E,144,956.5145049160594
ID_E,145,632.9870608190394
ID_E,146,596.139285998689
ID_E,147,956.0744553527985
ID_E,148,739.8016337350458
ID_E,149,753.004954738542
ID_E,150,994.0109494115524
ID_E,151,995.8491070354997
ID_E,152,937.8901406872372
ID_E,153,861.802266428613
ID_E,154,1005.6869835399617
ID_E,155,1038.5178095225315
ID_E,156,1206.8920638186512
ID_E,157,1214.6948334177794
ID_E,158,1173.4895080035894
ID_E,159,1084.8223749560223
ID_E,160,1160.6421727114005
ID_E,161,1103.2501325298717
ID_E,162,1039.063354081392
ID_E,163,1296.5102050620749
ID_E,164,1465.8054186959182
ID_E,165,1237.0424529111897
ID_E,166,906.5760040997928
ID_E,167,1053.5476895198208
ID_E,168,1254.913819129247
ID_E,169,1400.3736592478758
ID_E,170,1283.3345589903674
ID_E,171,1286.3987745858265
ID_E,172,1372.0757309229411
ID_E,173,1056.0325755098079
ID_E,174,1211.4921500314085
ID_E,175,1227.1900391920672
ID_E,176,1276.9508952572855
ID_E,177,1220.4475766521252
ID_E,178,1413.5814159094214
ID_E,179,1282.3418304443067
ID_E,180,1040.8225754317712
ID_E,181,1222.1586567611134
ID_E,182,1240.2390663392994
ID_E,183,1530.8197137384893
ID_E,184,1302.3400224227153
ID_E,185,756.0548341325288
ID_E,186,1138.7136586187862
ID_E,187,1056.8574940327412
ID_E,188,1565.6986784520234
ID_E,189,1370.5742222820738
ID_E,190,1395.1598817507295
ID_E,191,1410.2196719138733
ID_E,192,1284.0551022766342
ID_E,193,1358.7990864325243
ID_E,194,1137.4818826725345
ID_E,195,1514.4575534543133
ID_E,196,1318.4395561529986
ID_E,197,1237.7129546751082
ID_E,198,1367.9836317248667
ID_E,199,1604.400000335726
ID_E,200,1539.9014847618616
ID_E,201,1544.8036489349586
ID_E,202,1621.3585305531894
ID_E,203,1532.5253186584084
ID_E,204,1472.4500181760964
ID_E,205,1542.6634768143979
ID_E,206,1548.2918103690897
ID_E,207,1481.6815003422012
ID_E,208,1259.0984273782158
ID_E,209,1527.7483367740642
ID_E,210,1396.2512772213488
ID_E,211,1282.146658327787
ID_E,212,1406.2100029780797
ID_E,213,1213.371721790439
ID_E,214,1401.6055186121268
ID_E,215,1182.935105910655
ID_E,216,1240.5622548881404
ID_E,217,1318.1018915241777
ID_E,218,1153.2842866543717
ID_E,219,1576.0866747702148
ID_E,220,1554.2738333614416
ID_E,221,1336.6954386158195
ID_E,222,1317.835136745918
ID_E,223,1357.0932230595179
ID_E,224,1397.9604398648198
ID_E,225,1286.606059032882
ID_E,226,1429.6256666399297
ID_E,227,1500.7157140643656
ID_E,228,1312.173463005323
ID_E,229,1112.2768646617833
ID_E,230,1344.7827832863804
ID_E,231,1208.664640721576
ID_E,232,1266.7744380359009
ID_E,233,1225.3231668005012
ID_E,234,1267.9936795223964
ID_E,235,1169.5901293098516
ID_E,236,1077.440325584526
ID_E,237,1414.8008470191512
ID_E,238,1319.6623005332801
ID_E,239,1238.801607182893
ID_E,240,1311.252830352539
ID_E,241,1372.1177257427548
ID_E,242,1477.2702141901834
ID_E,243,1143.346512249461
ID_E,244,1102.3535267033303
ID_E,245,1428.834970616913
ID_E,246,1168.4334789995407
ID_E,247,1252.2195593698243
ID_E,248,1368.7302370056168
ID_E,249,1127.430097860135
ID_E,250,1071.5745561846684
ID_E,251,1253.5033247818963
ID_E,252,1150.922137503777
ID_E,253,1139.6212955366664
ID_E,254,1046.9051746877478
ID_E,255,1387.7251292257818
ID_E,256,1215.9748435681215
ID_E,257,1032.4007281054105
ID_E,258,1182.1115468016578
ID_E,259,1129.4231630860716
ID_E,260,1311.5172488126952
ID_E,261,1224.5352305926372
ID_E,262,1509.6906689522807
ID_E,263,1080.9860761017271
ID_E,264,1001.1863044122057
ID_E,265,984.1783568381069
ID_E,266,1126.024132834162
ID_E,267,1072.8865285378613
ID_E,268,1177.1891850740676
ID_E,269,1397.1423858365556
ID_E,270,1256.478726003714
ID_E,271,888.124394318605
ID_E,272,1096.3019705472805
ID_E,273,1238.179324738738
ID_E,274,838.1669286541029
ID_E,275,1111.9352406514042
ID_E,276,1354.459448992989
ID_E,277,1083.3131669142697
ID_E,278,889.7408996754548
ID_E,279,971.1942796485062
ID_E,280,984.6921320011089
ID_E,281,925.7955670014721
ID_E,282,976.1789992478363
ID_E,283,1082.8303648885508
ID_E,284,983.4932106536696
ID_E,285,810.6972234908625
ID_E,286,750.9687688463704
ID_E,287,1042.664705713781
ID_E,288,1087.1938839712757
ID_E,289,931.6682252072721
ID_E,290,1088.568541611757
ID_E,291,941.0078678774836
ID_E,292,651.3803201139436
ID_E,293,865.5284321085809
ID_E,294,874.6548129950075
ID_E,295,1008.4736775077312
ID_E,296,874.0167402166182
ID_E,297,947.0995443566931
ID_E,298,913.2684817630688
ID_E,299,569.1780614788889
ID_E,300,676.9057206435393
ID_E,301,820.067869926438
ID_E,302,672.5422067197765
ID_E,303,854.6775093493756
ID_E,304,755.0470551951097
ID_E,305,477.61733052917924
ID_E,306,411.7064163678963
ID_E,307,415.3696451875898
ID_E,308,664.9121211007541
ID_E,309,384.7738476164693
ID_E,310,612.103026463212
ID_E,311,563.802767859409
ID_E,312,532.5744902220111
ID_E,313,309.4052384403577
ID_E,314,507.43712479605114
ID_E,315,384.8658128423697
ID_E,316,411.7282531087251
ID_E,317,496.8785831029746
ID_E,318,438.58965980136776
ID_E,319,383.04347385597623
ID_E,320,256.42667283499884
ID_E,321,487.9584099801548
ID_E,322,414.9669181571151
ID_E,323,542.3196539226408
ID_E,324,372.02756551054193
ID_E,325,410.3546232315493
ID_E,326,531.5133104345592
ID_E,327,450.5411777938848
ID_E,328,388.4844612840417
ID_E,329,365.1195865321105
ID_E,330,457.7282547278313
ID_E,331,606.0254495499614
ID_E,332,154.5559474922759
ID_E,333,314.95895591232363
ID_E,334,585.7859966807484
ID_E,335,904.1569189244719
ID_E,336,941.0006345110303
ID_E,337,890.2129220067084
ID_E,338,852.4016955096561
ID_E,339,1042.3049494970132
ID_E,340,782.1430973695121
ID_E,341,597.0853669559565
ID_E,342,697.7590546901312
ID_E,343,1116.1950340028436
ID_E,344,878.7147397777007
ID_E,345,989.8663794305802
ID_E,346,1007.0790772340753
ID_E,347,929.7216521511159
ID_E,348,673.014900528928
ID_E,349,677.6368588972523
ID_E,350,895.18958396731
ID_E,351,1087.0781626785065
ID_E,352,938.1132050140237
ID_E,353,1228.918321529559
ID_E,354,1400.3953001659797
ID_E,355,1101.4689265682457
ID_E,356,938.6152346576307
ID_E,357,1093.8217019978788
ID_E,358,779.1310895132575
ID_E,359,552.027419680233
ID_E,360,1249.6975960997072
ID_E,361,1242.4811676769102
ID_E,362,1143.5842843430814
ID_E,363,861.5957136260529
ID_E,364,1194.9861040707947
ID_E,365,1024.6840634583762
ID_S_OR_E,1,2742.6764478230753
ID_S_OR_E,2,3495.69038752301
ID_S_OR_E,3,3648.930028360211
ID_S_OR_E,4,3618.1821954115635
ID_S_OR_E,5,3740.8956320443162
ID_S_OR_E,6,2770.550638725426
ID_S_OR_E,7,3172.202631298689
ID_S_OR_E,8,3462.5003757395375
ID_S_OR_E,9,2803.7554007584795
ID_S_OR_E,10,2756.849392180496
ID_S_OR_E,11,3772.184080285781
ID_S_OR_E,12,2616.39016789074
ID_S_OR_E,13,2077.884391158581
ID_S_OR_E,14,2094.7345984396925
ID_S_OR_E,15,3094.0212306132753
ID_S_OR_E,16,2848.4657718952267
ID_S_OR_E,17,2372.081836364521
ID_S_OR_E,18,3170.5566275995793
ID_S_OR_E,19,3097.1631821070537
ID_S_OR_E,20,2033.600105202409
ID_S_OR_E,21,2525.415679192313
ID_S_OR_E,22,3280.0760491650926
ID_S_OR_E,23,3233.8757463573493
ID_S_OR_E,24,3248.8011340442586
ID_S_OR_E,25,3773.200530226764
ID_S_OR_E,26,3126.6806965320056
ID_S_OR_E,27,2015.4222882030642
ID_S_OR_E,28,2480.2309560393164
ID_S_OR_E,29,3233.467911451456
ID_S_OR_E,30,3127.9839953794876
ID_S_OR_E,31,3156.492791034161
ID_S_OR_E,32,3432.849071658783
ID_S_OR_E,33,3219.391600603666
ID_S_OR_E,34,2279.4263234456603
ID_S_OR_E,35,2831.46214131979
ID_S_OR_E,36,3247.4620415929667
ID_S_OR_E,37,3000.406469152509
ID_S_OR_E,38,3429.214998868945
ID_S_OR_E,39,3753.9831106090837
ID_S_OR_E,40,3293.349334559215
ID_S_OR_E,41,2401.714618795062
ID_S_OR_E,42,2401.095706305356
ID_S_OR_E,43,3155.8232903110575
ID_S_OR_E,44,3370.2446357178437
ID_S_OR_E,45,3507.888961468907
ID_S_OR_E,46,3650.065812275498
ID_S_OR_E,47,3786.3592933589894
ID_S_OR_E,48,2479.204254789476
ID_S_OR_E,49,2478.1936751653793
ID_S_OR_E,50,3771.209011412455
ID_S_OR_E,51,3556.2083108225056
ID_S_OR_E,52,3524.0917803605007
ID_S_OR_E,53,4036.7334131350244
ID_S_OR_E,54,3540.497585104025
ID_S_OR_E,55,2585.9173836974605
ID_S_OR_E,56,3157.672742951604
ID_S_OR_E,57,3125.206310350183
ID_S_OR_E,58,3572.6398112090988
ID_S_OR_E,59,3447.2541348863133
ID_S_OR_E,60,3188.6348653135374
ID_S_OR_E,61,2186.664528686291
ID_S_OR_E,62,2907.041734253055
ID_S_OR_E,63,3369.2442736663247
ID_S_OR_E,64,2814.5527792033977
ID_S_OR_E,65,3383.6476396332155
ID_S_OR_E,66,3369.2892384647107
ID_S_OR_E,67,3245.588210452043
ID_S_OR_E,68,2171.075422445027
ID_S_OR_E,69,2586.7718952521655
ID_S_OR_E,70,3629.334458722495
ID_S_OR_E,71,3538.775728204348
ID_S_OR_E,72,3351.16156863719
ID_S_OR_E,73,3588.2977576718486
ID_S_OR_E,74,3368.6230355662865
ID_S_OR_E,75,2401.7173882431207
ID_S_OR_E,76,2924.7756785939655
ID_S_OR_E,77,3416.94061282908
ID_S_OR_E,78,2863.606357510654
ID_S_OR_E,79,3306.9099127582026
ID_S_OR_E,80,3556.069226652661
ID_S_OR_E,81,3216.4548395386496
ID_S_OR_E,82,2339.3630690369787
ID_S_OR_E,83,3061.666092380517
ID_S_OR_E,84,3248.891429681122
ID_S_OR_E,85,3262.366760934055
ID_S_OR_E,86,3385.6438628515216
ID_S_OR_E,87,3680.87902247824
ID_S_OR_E,88,3372.321663088191
ID_S_OR_E,89,2461.803333677906
ID_S_OR_E,90,2432.250650402249
ID_S_OR_E,91,3199.6836989105136
ID_S_OR_E,92,3140.8330306689872
ID_S_OR_E,93,3308.9219920298096
ID_S_OR_E,94,2956.142363422024
ID_S_OR_E,95,2939.529423196767
ID_S_OR_E,96,2402.267347860131
ID_S_OR_E,97,2632.3634480383994
ID_S_OR_E,98,3231.8553446216843
ID_S_OR_E,99,3339.587227132609
ID_S_OR_E,100,3446.6016007575113
ID_S_OR_E,101,3232.32833727998
ID_S_OR_E,102,3123.2640662525605
ID_S_OR_E,103,1986.620055009968
ID_S_OR_E,104,2464.117381142009
ID_S_OR_E,105,3278.9232077681577
ID_S_OR_E,106,3492.574630057881
ID_S_OR_E,107,3398.8981367459305
ID_S_OR_E,108,3492.060352175589
ID_S_OR_E,109,3077.316339972191
ID_S_OR_E,110,1738.6609229604871
ID_S_OR_E,111,2432.7632211221908
ID_S_OR_E,112,2971.1092781647803
ID_S_OR_E,113,2971.6386768583416
ID_S_OR_E,114,3077.5887537808653
ID_S_OR_E,115,3309.452895832096
ID_S_OR_E,116,3277.0083647027095
ID_S_OR_E,117,2000.0407348529138
ID_S_OR_E,118,2354.846320736071
ID_S_OR_E,119,3200.21947589768
ID_S_OR_E,120,2955.339846965753
ID_S_OR_E,121,3553.9508895836875
ID_S_OR_E,122,3678.2679131674367
ID_S_OR_E,123,2894.200515015205
ID_S_OR_E,124,2232.0540717123754
ID_S_OR_E,125,2895.832199729629
ID_S_OR_E,126,3123.857671836124
ID_S_OR_E,127,3015.6935512858095
ID_S_OR_E,128,3199.4325361718406
ID_S_OR_E,129,3494.3753973700937
ID_S_OR_E,130,3567.5300998768494
ID_S_OR_E,131,2061.855099937102
ID_S_OR_E,132,2494.675596376397
ID_S_OR_E,133,3001.818008405428
ID_S_OR_E,134,3367.704303371169
ID_S_OR_E,135,3217.7967999161815
ID_S_OR_E,136,3631.948215817473
ID_S_OR_E,137,3047.220143127358
ID_S_OR_E,138,2324.1557849122805
ID_S_OR_E,139,2587.677128426701
ID_S_OR_E,140,3753.655696963326
ID_S_OR_E,141,3492.8059506852364
ID_S_OR_E,142,3677.2260405056963
ID_S_OR_E,143,4109.466156588048
ID_S_OR_E,144,3460.7161883381536
ID_S_OR_E,145,2230.961385846384
ID_S_OR_E,146,2355.9287719190143
ID_S_OR_E,147,2923.4706943545607
ID_S_OR_E,148,3292.722890433393
ID_S_OR_E,149,3816.1570377399403
ID_S_OR_E,150,3447.8324675585586
ID_S_OR_E,151,3260.3071972553557
ID_S_OR_E,152,2356.4266636940893
ID_S_OR_E,153,3142.0872480728735
ID_S_OR_E,154,3541.209907518628
ID_S_OR_E,155,3447.7346639637867
ID_S_OR_E,156,3848.0810967606117
ID_S_OR_E,157,3987.7511588430407
ID_S_OR_E,158,3385.2929641854766
ID_S_OR_E,159,2617.554659409403
ID_S_OR_E,160,3340.5634024321052
ID_S_OR_E,161,3680.0973238303077
ID_S_OR_E,162,3139.9107865550136
ID_S_OR_E,163,3724.092013000354
ID_S_OR_E,164,3772.706669621144
ID_S_OR_E,165,3171.201309809242
ID_S_OR_E,166,2817.617015386387
ID_S_OR_E,167,3172.7165462994108
ID_S_OR_E,168,3646.640509047245
ID_S_OR_E,169,3820.182681605798
ID_S_OR_E,170,3679.074390467401
ID_S_OR_E,171,4048.5485065301023
ID_S_OR_E,172,3646.562480401073
ID_S_OR_E,173,3003.475839066379
ID_S_OR_E,174,3325.6263039554933
ID_S_OR_E,175,3401.5994137911694
ID_S_OR_E,176,3989.04513218866
ID_S_OR_E,177,4139.374850324288
ID_S_OR_E,178,4648.507770899039
ID_S_OR_E,179,4018.1621361682423
ID_S_OR_E,180,3478.8476059099658
ID_S_OR_E,181,3480.4590041367287
ID_S_OR_E,182,4356.973502318429
ID_S_OR_E,183,4053.239012207963
ID_S_OR_E,184,3728.7056559966045
ID_S_OR_E,185,2141.662115438476
ID_S_OR_E,186,3170.00951335459
ID_S_OR_E,187,3526.899607491648
ID_S_OR_E,188,4448.060609409859
ID_S_OR_E,189,4437.066988758162
ID_S_OR_E,190,5606.014363249591
ID_S_OR_E,191,4620.149060137549
ID_S_OR_E,192,5206.696768758962
ID_S_OR_E,193,4972.598827461026
ID_S_OR_E,194,4098.330009511461
ID_S_OR_E,195,5021.493843025441
ID_S_OR_E,196,4667.122514923246
ID_S_OR_E,197,4250.545129327225
ID_S_OR_E,198,4912.146913209846
ID_S_OR_E,199,5037.457670963595
ID_S_OR_E,200,4358.992617241888
ID_S_OR_E,201,3419.0274104734417
ID_S_OR_E,202,3955.170396890349
ID_S_OR_E,203,4175.801438855857
ID_S_OR_E,204,4700.809472659809
ID_S_OR_E,205,4559.862314343598
ID_S_OR_E,206,4546.340544300696
ID_S_OR_E,207,4467.610681595424
ID_S_OR_E,208,3543.180324458564
ID_S_OR_E,209,4172.4154115183255
ID_S_OR_E,210,4698.080247260455
ID_S_OR_E,211,4697.93022356491
ID_S_OR_E,212,4651.47049427867
ID_S_OR_E,213,4535.098586090769
ID_S_OR_E,214,3953.2350324346985
ID_S_OR_E,215,2999.7341855538
ID_S_OR_E,216,4045.2871899642732
ID_S_OR_E,217,4366.251703583467
ID_S_OR_E,218,4169.143959609325
ID_S_OR_E,219,4798.241584502331
ID_S_OR_E,220,4493.126872120447
ID_S_OR_E,221,4516.824024965859
ID_S_OR_E,222,3166.927989415532
ID_S_OR_E,223,4230.219396596611
ID_S_OR_E,224,4197.140154075886
ID_S_OR_E,225,4186.73669969298
ID_S_OR_E,226,4184.862900868976
ID_S_OR_E,227,4388.754058701245
ID_S_OR_E,228,4311.537016292761
ID_S_OR_E,229,2925.19469092702
ID_S_OR_E,230,4108.549306419851
ID_S_OR_E,231,4029.762198001685
ID_S_OR_E,232,3800.107562257757
ID_S_OR_E,233,4062.0821202303464
ID_S_OR_E,234,4386.100328443586
ID_S_OR_E,235,4138.152624220546
ID_S_OR_E,236,3275.9621600061696
ID_S_OR_E,237,4029.578300067012
ID_S_OR_E,238,3968.5030235105637
ID_S_OR_E,239,3417.853263839041
ID_S_OR_E,240,4110.1802838433605
ID_S_OR_E,241,4416.4800513505415
ID_S_OR_E,242,4034.0172160046604
ID_S_OR_E,243,2998.4136553815347
ID_S_OR_E,244,2741.5637607320227
ID_S_OR_E,245,3836.297884057603
ID_S_OR_E,246,4051.1743654355378
ID_S_OR_E,247,4143.486491537275
ID_S_OR_E,248,3803.820063588017
ID_S_OR_E,249,4126.928692802524
ID_S_OR_E,250,3127.8802862244825
ID_S_OR_E,251,3575.432843290026
ID_S_OR_E,252,3789.4509517898077
ID_S_OR_E,253,3542.2541559192887
ID_S_OR_E,254,3604.65351123038
ID_S_OR_E,255,4265.797832589175
ID_S_OR_E,256,3774.897112016092
ID_S_OR_E,257,2864.200103612471
ID_S_OR_E,258,3328.000834910368
ID_S_OR_E,259,3710.666896366943
ID_S_OR_E,260,3958.34654594538
ID_S_OR_E,261,3834.1739786802286
ID_S_OR_E,262,4234.670589355877
ID_S_OR_E,263,3359.114798605122
ID_S_OR_E,264,2357.524595095525
ID_S_OR_E,265,3390.1833194354945
ID_S_OR_E,266,3496.396106287384
ID_S_OR_E,267,3465.559848868489
ID_S_OR_E,268,3834.8378130029246
ID_S_OR_E,269,3713.0381668144923
ID_S_OR_E,270,3788.5040805668664
ID_S_OR_E,271,2403.3080919522467
ID_S_OR_E,272,3220.797453692154
ID_S_OR_E,273,3496.701431378477
ID_S_OR_E,274,3527.519832842841
ID_S_OR_E,275,3543.941791134339
ID_S_OR_E,276,3991.614137853906
ID_S_OR_E,277,3482.169379778827
ID_S_OR_E,278,2279.9907376782157
ID_S_OR_E,279,3545.222571153161
ID_S_OR_E,280,3435.690113965731
ID_S_OR_E,281,3789.3948095645364
ID_S_OR_E,282,3498.518149824535
ID_S_OR_E,283,4097.992775671888
ID_S_OR_E,284,3621.063361368356
ID_S_OR_E,285,2449.107038235518
ID_S_OR_E,286,3173.7318146360612
ID_S_OR_E,287,3405.1112939274262
ID_S_OR_E,288,3528.4066653830173
ID_S_OR_E,289,3928.256758207787
ID_S_OR_E,290,3975.112892308745
ID_S_OR_E,291,3373.668814308714
ID_S_OR_E,292,2233.9868720050704
ID_S_OR_E,293,3158.5057465623845
ID_S_OR_E,294,3806.9880551033452
ID_S_OR_E,295,3420.173004924761
ID_S_OR_E,296,3850.7468516312274
ID_S_OR_E,297,3882.516384415309
ID_S_OR_E,298,3820.5708484123893
ID_S_OR_E,299,2110.386200974163
ID_S_OR_E,300,2927.683737063084
ID_S_OR_E,301,3512.6384086191724
ID_S_OR_E,302,3095.9050517124433
ID_S_OR_E,303,3050.0275779366953
ID_S_OR_E,304,2927.224346237096
ID_S_OR_E,305,3140.7834668208857
ID_S_OR_E,306,2386.664047004897
ID_S_OR_E,307,2587.213763362061
ID_S_OR_E,308,3094.0886962835666
ID_S_OR_E,309,2787.478279001575
ID_S_OR_E,310,3095.9563666480876
ID_S_OR_E,311,3540.0165960645363
ID_S_OR_E,312,3203.0092317513254
ID_S_OR_E,313,2109.737888020802
ID_S_OR_E,314,2680.497882226316
ID_S_OR_E,315,3187.309011431551
ID_S_OR_E,316,3244.2532321437843
ID_S_OR_E,317,3524.7603988778096
ID_S_OR_E,318,3664.7477227009094
ID_S_OR_E,319,3387.0460178796407
ID_S_OR_E,320,2247.488332063659
ID_S_OR_E,321,2588.435194611159
ID_S_OR_E,322,4000.8733768501475
ID_S_OR_E,323,3234.1168614894486
ID_S_OR_E,324,3632.4964812835055
ID_S_OR_E,325,3942.183164325623
ID_S_OR_E,326,3387.0416507971004
ID_S_OR_E,327,3017.46915969861
ID_S_OR_E,328,2834.522485067717
ID_S_OR_E,329,3417.8603982215554
ID_S_OR_E,330,3600.9069050509315
ID_S_OR_E,331,3557.1416184936425
ID_S_OR_E,332,1386.709295900993
ID_S_OR_E,333,2401.458522424477
ID_S_OR_E,334,2879.925762343878
ID_S_OR_E,335,3630.9325250396514
ID_S_OR_E,336,3741.056615754082
ID_S_OR_E,337,3969.964964751313
ID_S_OR_E,338,3214.8400550864358
ID_S_OR_E,339,3091.979450413229
ID_S_OR_E,340,3015.2252515086193
ID_S_OR_E,341,2416.375100210536
ID_S_OR_E,342,2600.613823546268
ID_S_OR_E,343,3708.1323333111336
ID_S_OR_E,344,3386.5899807511646
ID_S_OR_E,345,3217.280665516109
ID_S_OR_E,346,3615.7803603079537
ID_S_OR_E,347,3383.0991555514165
ID_S_OR_E,348,2415.132686771595
ID_S_OR_E,349,2831.544913122269
ID_S_OR_E,350,3554.885635697239
ID_S_OR_E,351,3475.668142458611
ID_S_OR_E,352,4078.686207041812
ID_S_OR_E,353,4035.2696038331806
ID_S_OR_E,354,4341.083767604833
ID_S_OR_E,355,3246.279842901258
ID_S_OR_E,356,3295.7190182583986
ID_S_OR_E,357,3803.558655178006
ID_S_OR_E,358,2460.865635755952
ID_S_OR_E,359,1924.2151724610821
ID_S_OR_E,360,3933.8797078349717
ID_S_OR_E,361,4350.1136454889975
ID_S_OR_E,362,3443.1420757479136
ID_S_OR_E,363,3063.533686371574
ID_S_OR_E,364,4337.558853708523
ID_S_OR_E,365,3278.9502216125156
MT_NE,1,11.07134220989667
MT_NE,2,18.986826745886372
MT_NE,3,65.63405366112052
MT_NE,4,66.5291111466522
MT_NE,5,58.41001495631732
MT_NE,6,28.33463799777074
MT_NE,7,28.94122569689708
MT_NE,8,53.284057238582314
MT_NE,9,60.0713340812825
MT_NE,10,71.55279370601072
MT_NE,11,36.01645161520842
MT_NE,12,48.97170342078153
MT_NE,13,17.021882176136046
MT_NE,14,15.488275348331998
MT_NE,15,36.62452884538274
MT_NE,16,63.85914315914687
MT_NE,17,41.31406155043899
MT_NE,18,61.80662986522791
MT_NE,19,64.00757330170062
MT_NE,20,28.452387728891658
MT_NE,21,25.25180730329195
MT_NE,22,51.02171907042222
MT_NE,23,77.327032576676
MT_NE,24,68.10965996117001
MT_NE,25,67.46435574490769
MT_NE,26,61.00223580924153
MT_NE,27,40.769647710302955
MT_NE,28,22.983117975577162
MT_NE,29,58.07834545595291
MT_NE,30,53.887418201079115
MT_NE,31,67.03352977808389
MT_NE,32,51.61639028559723
MT_NE,33,47.418856900780185
MT_NE,34,25.860195257861015
MT_NE,35,19.509200840182192
MT_NE,36,37.99312648580191
MT_NE,37,36.65532165321514
MT_NE,38,27.732834329165055
MT_NE,39,35.153494110641525
MT_NE,40,44.647422491521944
MT_NE,41,29.168834112650597
MT_NE,42,13.460214078325908
MT_NE,43,42.25704056518591
MT_NE,44,50.49739876157936
MT_NE,45,37.58714497289087
MT_NE,46,40.985027701290264
MT_NE,47,33.49448233812738
MT_NE,48,24.905886522649872
MT_NE,49,22.293443576991955
MT_NE,50,28.65510256479447
MT_NE,51,39.22934495496898
MT_NE,52,55.297062974160184
MT_NE,53,53.18294715477301
MT_NE,54,41.27770140625505
MT_NE,55,20.221743921233852
MT_NE,56,16.466895742665013
MT_NE,57,36.865603097823254
MT_NE,58,49.575157812613355
MT_NE,59,40.86712527089314
MT_NE,60,60.02008259645416
MT_NE,61,33.10024367272361
MT_NE,62,16.878669776283907
MT_NE,63,37.15284394590837
MT_NE,64,61.362399945147324
MT_NE,65,56.73226460002283
MT_NE,66,40.311840605063885
MT_NE,67,43.9289669766026
MT_NE,68,34.640090817834555
MT_NE,69,16.307318533604562
MT_NE,70,34.04846924826933
MT_NE,71,70.19782897547199
MT_NE,72,68.18364579162713
MT_NE,73,55.01348574923449
MT_NE,74,46.66670363743308
MT_NE,75,26.445247551068537
MT_NE,76,36.79701838598554
MT_NE,77,30.449795176739727
MT_NE,78,57.75655261071956
MT_NE,79,58.807652970024215
MT_NE,80,65.31283013778362
MT_NE,81,51.82999534482157
MT_NE,82,23.84435683643901
MT_NE,83,23.23175483646046
MT_NE,84,44.628298795343575
MT_NE,85,44.84355234046978
MT_NE,86,44.52305823858523
MT_NE,87,42.912068297400396
MT_NE,88,33.80012417065988
MT_NE,89,32.23610698628027
MT_NE,90,17.507553780512197
MT_NE,91,61.74689045784925
MT_NE,92,94.47111301553561
MT_NE,93,98.2788448490012
MT_NE,94,77.21325096055246
MT_NE,95,84.64288469559031
MT_NE,96,52.054235034491775
MT_NE,97,47.63452766663769
MT_NE,98,58.77166702883131
MT_NE,99,120.53827795233398
MT_NE,100,110.29422767309704
MT_NE,101,89.40952033013473
MT_NE,102,104.20936224638304
MT_NE,103,61.77829981634167
MT_NE,104,37.426675794568254
MT_NE,105,56.651708097614595
MT_NE,106,118.30208918256541
MT_NE,107,112.55805835139999
MT_NE,108,122.7782193281005
MT_NE,109,83.27143507526189
MT_NE,110,55.92000475019805
MT_NE,111,67.47117975020062
MT_NE,112,87.41386706091822
MT_NE,113,96.84352901690539
MT_NE,114,98.33689300684777
MT_NE,115,106.79447005422385
MT_NE,116,123.63196215408286
MT_NE,117,66.82449475417799
MT_NE,118,54.246356738987785
MT_NE,119,85.01597001983885
MT_NE,120,109.01179746374532
MT_NE,121,96.84363986608184
MT_NE,122,84.93569607669535
MT_NE,123,63.53548545951748
MT_NE,124,40.641611954472985
MT_NE,125,60.33497938964449
MT_NE,126,63.49872054140815
MT_NE,127,68.67734014636696
MT_NE,128,60.23435180576998
MT_NE,129,71.61491652722773
MT_NE,130,80.98078290698156
MT_NE,131,46.44764602198186
MT_NE,132,50.86467367344445
MT_NE,133,54.06113387960378
MT_NE,134,95.47727026296285
MT_NE,135,89.58508366813588
MT_NE,136,100.03223218646286
MT_NE,137,82.03985548300818
MT_NE,138,75.64740100793887
MT_NE,139,46.935236206283896
MT_NE,140,110.18012378038915
MT_NE,141,131.69558613057097
MT_NE,142,97.92973335999177
MT_NE,143,107.39216562826302
MT_NE,144,90.76327422537022
MT_NE,145,72.31133928047831
MT_NE,146,59.1769076001773
MT_NE,147,46.10377477806658
MT_NE,148,50.123159925960245
MT_NE,149,96.192358583533
MT_NE,150,89.99090478628851
MT_NE,151,121.87735856861882
MT_NE,152,28.41070855810495
MT_NE,153,17.01634842950723
MT_NE,154,25.042517185919117
MT_NE,155,36.97322113985774
MT_NE,156,41.46900765017451
MT_NE,157,26.15855261939593
MT_NE,158,29.070582184341205
MT_NE,159,28.192223678363895
MT_NE,160,18.24496001877576
MT_NE,161,31.3794810548711
MT_NE,162,40.87877218159016
MT_NE,163,32.436560876678065
MT_NE,164,30.123010895950493
MT_NE,165,31.253583013174644
MT_NE,166,26.375899873250383
MT_NE,167,16.507186910378653
MT_NE,168,24.284985967603756
MT_NE,169,48.56246299107964
MT_NE,170,29.619429615793564
MT_NE,171,36.335644462817726
MT_NE,172,43.40281793712613
MT_NE,173,26.995334889664942
MT_NE,174,20.18491288723591
MT_NE,175,24.191738201939923
MT_NE,176,35.27321259431234
MT_NE,177,39.2574890909564
MT_NE,178,41.2935062867592
MT_NE,179,35.00285589757664
MT_NE,180,24.595965000387917
MT_NE,181,21.39750064734634
MT_NE,182,23.917346415009177
MT_NE,183,27.618027478272232
MT_NE,184,18.787920407964307
MT_NE,185,10.256520580049298
MT_NE,186,19.018367172537644
MT_NE,187,23.1494494102079
MT_NE,188,13.163248312903944
MT_NE,189,21.666679514330426
MT_NE,190,27.25920810392262
MT_NE,191,28.056571014971624
MT_NE,192,28.582452525990472
MT_NE,193,28.209155677199515
MT_NE,194,21.025210089808304
MT_NE,195,12.471568871002656
MT_NE,196,19.810194169909938
MT_NE,197,34.574097657481936
MT_NE,198,27.175255468184222
MT_NE,199,24.79715860971119
MT_NE,200,18.610104229958477
MT_NE,201,19.33450144898524
MT_NE,202,10.791276757425724
MT_NE,203,19.976789766567784
MT_NE,204,24.18648632646143
MT_NE,205,26.74360893597698
MT_NE,206,18.34857952064019
MT_NE,207,25.46622981563192
MT_NE,208,22.431509144485663
MT_NE,209,13.781903743063959
MT_NE,210,11.794359419514958
MT_NE,211,27.591645560686132
MT_NE,212,24.562327287341454
MT_NE,213,19.465040217767385
MT_NE,214,23.763506144110988
MT_NE,215,21.751670143865564
MT_NE,216,14.2021187339511
MT_NE,217,19.380661382790336
MT_NE,218,36.89375564489794
MT_NE,219,29.815548230749783
MT_NE,220,28.27700370106978
MT_NE,221,23.8648233838964
MT_NE,222,22.120908112708413
MT_NE,223,15.176147714800305
MT_NE,224,23.0406814457893
MT_NE,225,32.743330515666365
MT_NE,226,32.10560986389248
MT_NE,227,32.889741506545086
MT_NE,228,20.62848273920355
MT_NE,229,17.4521784083147
MT_NE,230,10.153630318307266
MT_NE,231,17.190100349384526
MT_NE,232,28.870686408928414
MT_NE,233,27.759127275510952
MT_NE,234,18.647431504814435
MT_NE,235,23.315011890626863
MT_NE,236,27.15300175901091
MT_NE,237,16.376419141961932
MT_NE,238,20.98013728815559
MT_NE,239,24.3795357313975
MT_NE,240,27.91576016550217
MT_NE,241,26.24471741680788
MT_NE,242,19.022302575203206
MT_NE,243,20.509210937334146
MT_NE,244,19.929494487350446
MT_NE,245,29.36501930220345
MT_NE,246,29.067035847208242
MT_NE,247,35.28074201957534
MT_NE,248,42.79392184436431
MT_NE,249,38.410071299794545
MT_NE,250,27.164611237559843
MT_NE,251,29.57124595198535
MT_NE,252,34.56396951538899
MT_NE,253,44.730200005051685
MT_NE,254,48.98927669035404
MT_NE,255,37.08036226974389
MT_NE,256,34.97550663138716
MT_NE,257,21.130832789022158
MT_NE,258,24.24399673710271
MT_NE,259,37.239370899701726
MT_NE,260,45.379244724549366
MT_NE,261,37.008322915793705
MT_NE,262,48.19141450337788
MT_NE,263,41.344282354475084
MT_NE,264,26.916983408296232
MT_NE,265,27.643798199796898
MT_NE,266,36.65074564326951
MT_NE,267,42.96116591597019
MT_NE,268,46.920660651852245
MT_NE,269,42.42765559661722
MT_NE,270,53.0564087526681
MT_NE,271,33.367588755109615
MT_NE,272,32.71822218892224
MT_NE,273,40.87344225235038
MT_NE,274,113.58345321531506
MT_NE,275,93.15983914018874
MT_NE,276,81.68608649046973
MT_NE,277,95.10939887792945
MT_NE,278,60.815348370573346
MT_NE,279,51.09376296765867
MT_NE,280,81.7499740754137
MT_NE,281,109.0729666660583
MT_NE,282,103.36661103398939
MT_NE,283,80.74609457337226
MT_NE,284,81.52428527686801
MT_NE,285,46.875472635805295
MT_NE,286,31.31870341293001
MT_NE,287,61.21287309381382
MT_NE,288,98.84523329726854
MT_NE,289,84.17617558310808
MT_NE,290,79.93721616035526
MT_NE,291,81.70447060919145
MT_NE,292,48.885352824777605
MT_NE,293,58.287827771737355
MT_NE,294,82.78622263878387
MT_NE,295,101.99811933445159
MT_NE,296,82.99328697381159
MT_NE,297,97.83770601883157
MT_NE,298,78.54688647683396
MT_NE,299,37.83409249952711
MT_NE,300,65.43476327610217
MT_NE,301,79.78485557487097
MT_NE,302,76.32709940866528
MT_NE,303,80.28766529715391
MT_NE,304,88.30304782568362
MT_NE,305,117.4492148843722
MT_NE,306,84.7326187532832
MT_NE,307,83.00025853823078
MT_NE,308,99.7121779933022
MT_NE,309,116.82429112410168
MT_NE,310,122.33841978436125
MT_NE,311,133.1616845910326
MT_NE,312,136.75585360463694
MT_NE,313,135.54490817936585
MT_NE,314,104.55742443029314
MT_NE,315,109.1046370132319
MT_NE,316,136.28345917906327
MT_NE,317,144.02134887376522
MT_NE,318,129.26614013603324
MT_NE,319,109.34736279735867
MT_NE,320,105.19926808451306
MT_NE,321,54.4370341643289
MT_NE,322,155.22212743820117
MT_NE,323,146.66689732772153
MT_NE,324,163.31944280112177
MT_NE,325,139.35058827468964
MT_NE,326,91.24738742749248
MT_NE,327,99.49890039577717
MT_NE,328,90.45498389369912
MT_NE,329,78.587731678801
MT_NE,330,159.8557136036803
MT_NE,331,133.64220964617556
MT_NE,332,42.624416045155165
MT_NE,333,86.61541551328615
MT_NE,334,109.04097851921462
MT_NE,335,36.99944331472874
MT_NE,336,43.469354595507056
MT_NE,337,51.57936833041675
MT_NE,338,49.61826453632575
MT_NE,339,70.53483778646915
MT_NE,340,75.0123875685012
MT_NE,341,37.88646862831562
MT_NE,342,45.23756474951616
MT_NE,343,69.77743650789131
MT_NE,344,61.333284136239094
MT_NE,345,63.94643875475346
MT_NE,346,53.36926155750204
MT_NE,347,55.05978989200703
MT_NE,348,24.277296266892705
MT_NE,349,26.897917708031063
MT_NE,350,48.77575697109171
MT_NE,351,64.20848195317504
MT_NE,352,50.81817637900931
MT_NE,353,52.88561282230165
MT_NE,354,43.369584719486255
MT_NE,355,27.635202965831105
MT_NE,356,20.80758924512831
MT_NE,357,27.946066043697943
MT_NE,358,31.510460705174573
MT_NE,359,10.599052095511972
MT_NE,360,22.67897222520314
MT_NE,361,28.89829120716688
MT_NE,362,29.533870171483375
MT_NE,363,20.759827435474335
MT_NE,364,20.722046633945258
MT_NE,365,31.48918846778595
MT_NW,1,37.00686128465428
MT_NW,2,38.68327780038328
MT_NW,3,81.09874665124254
MT_NW,4,143.54362326472403
MT_NW,5,149.8575559665952
MT_NW,6,58.625376619932794
MT_NW,7,69.96480010889299
MT_NW,8,113.92874512271341
MT_NW,9,111.33677690153853
MT_NW,10,106.02782671103485
MT_NW,11,75.53937404050988
MT_NW,12,102.0976227150486
MT_NW,13,29.59709248046468
MT_NW,14,67.25226837045426
MT_NW,15,61.2713942388961
MT_NW,16,112.59738993043767
MT_NW,17,93.78397942572482
MT_NW,18,128.34682841520632
MT_NW,19,128.70650324835384
MT_NW,20,40.44756336004282
MT_NW,21,76.66232900604722
MT_NW,22,100.50933782387834
MT_NW,23,109.74061623769224
MT_NW,24,88.94211610035364
MT_NW,25,135.63845430021166
MT_NW,26,101.44538792977221
MT_NW,27,61.82155538744988
MT_NW,28,57.426756024867544
MT_NW,29,62.1809321057667
MT_NW,30,30.454175957635613
MT_NW,31,69.22358757031458
MT_NW,32,49.31646977881417
MT_NW,33,38.112296394951045
MT_NW,34,28.79049116703436
MT_NW,35,19.983018116154536
MT_NW,36,35.68742273839738
MT_NW,37,37.426282861114544
MT_NW,38,44.327355739401085
MT_NW,39,47.66440014775045
MT_NW,40,46.85364906755264
MT_NW,41,27.0995780041049
MT_NW,42,17.843735974573715
MT_NW,43,64.05253200880902
MT_NW,44,46.802440943679095
MT_NW,45,38.51929615088014
MT_NW,46,52.72214479668818
MT_NW,47,44.78775821021407
MT_NW,48,23.91602098137311
MT_NW,49,27.774130509682138
MT_NW,50,26.439068529320675
MT_NW,51,39.203123457750216
MT_NW,52,39.20793080499969
MT_NW,53,38.7691766142574
MT_NW,54,38.392915271015916
MT_NW,55,18.607331356759733
MT_NW,56,22.300742559624506
MT_NW,57,47.470671977454636
MT_NW,58,72.96107942537095
MT_NW,59,37.84358729068728
MT_NW,60,64.51764249282327
MT_NW,61,35.514524017313654
MT_NW,62,27.284606428358813
MT_NW,63,37.959004271777296
MT_NW,64,59.308754230601075
MT_NW,65,54.6287787903546
MT_NW,66,51.948557596606314
MT_NW,67,45.14421059261702
MT_NW,68,27.382263818054724
MT_NW,69,25.831935726283234
MT_NW,70,39.49878332517885
MT_NW,71,76.1937335901296
MT_NW,72,52.704838923352334
MT_NW,73,47.827142675430835
MT_NW,74,43.776770819735574
MT_NW,75,24.099969067265917
MT_NW,76,26.16224823899432
MT_NW,77,38.37953240282724
MT_NW,78,54.673574375984394
MT_NW,79,44.40721179266568
MT_NW,80,62.635960586428965
MT_NW,81,44.4378905092783
MT_NW,82,28.998941176167705
MT_NW,83,29.87485565435451
MT_NW,84,47.83102193322276
MT_NW,85,49.55723386648024
MT_NW,86,42.16650466147455
MT_NW,87,50.70784988272767
MT_NW,88,38.67576704960336
MT_NW,89,30.491841390226515
MT_NW,90,22.57080937123473
MT_NW,91,80.29339929749578
MT_NW,92,83.2683221959253
MT_NW,93,87.90936269943032
MT_NW,94,84.30369923107699
MT_NW,95,87.82026759738031
MT_NW,96,52.814266312908394
MT_NW,97,60.664329643972486
MT_NW,98,86.28976305758917
MT_NW,99,107.46505360435084
MT_NW,100,97.23786215315464
MT_NW,101,90.99200330032393
MT_NW,102,84.63300387648077
MT_NW,103,63.163628593399736
MT_NW,104,54.60960297147138
MT_NW,105,85.27378321800322
MT_NW,106,114.76047611804414
MT_NW,107,103.10589261001302
MT_NW,108,142.83928905896235
MT_NW,109,85.89459527505375
MT_NW,110,46.331641475442346
MT_NW,111,72.62448517609731
MT_NW,112,89.12674435562143
MT_NW,113,94.35151681348363
MT_NW,114,115.59229203384947
MT_NW,115,118.35255897767517
MT_NW,116,113.98464018383748
MT_NW,117,88.47236310812379
MT_NW,118,71.18888079166923
MT_NW,119,138.6014796351463
MT_NW,120,100.00652392127292
MT_NW,121,266.9499604862879
MT_NW,122,282.265721100545
MT_NW,123,330.53774529179475
MT_NW,124,150.07122426096998
MT_NW,125,215.66980614288525
MT_NW,126,244.04227307248462
MT_NW,127,291.9244931562651
MT_NW,128,291.8054538238269
MT_NW,129,321.09988947121553
MT_NW,130,350.23468445718277
MT_NW,131,204.24338375380867
MT_NW,132,213.9853685841378
MT_NW,133,258.8006353964499
MT_NW,134,356.9872376504459
MT_NW,135,288.2573808695298
MT_NW,136,389.8148727849287
MT_NW,137,399.8826559638611
MT_NW,138,257.8517307982021
MT_NW,139,311.4757432644224
MT_NW,140,399.0507515094382
MT_NW,141,452.83053208297673
MT_NW,142,339.4564805460184
MT_NW,143,432.9293768159181
MT_NW,144,478.0676210887705
MT_NW,145,266.1061243197669
MT_NW,146,223.27851963275293
MT_NW,147,236.59975085426296
MT_NW,148,285.25900969869383
MT_NW,149,357.1935364486551
MT_NW,150,352.8417716858451
MT_NW,151,393.4064372979182
MT_NW,152,275.0899975231471
MT_NW,153,310.9759990169103
MT_NW,154,504.54812092162405
MT_NW,155,419.2441470783716
MT_NW,156,511.5199964639917
MT_NW,157,411.8560357900793
MT_NW,158,479.39900535941024
MT_NW,159,300.1103041201676
MT_NW,160,291.02043076292154
MT_NW,161,451.2546055015855
MT_NW,162,442.5538200098967
MT_NW,163,502.4657465766745
MT_NW,164,353.402328199466
MT_NW,165,453.8003176073034
MT_NW,166,356.6036484484705
MT_NW,167,279.8917878991156
MT_NW,168,357.7177142628886
MT_NW,169,405.9932010942056
MT_NW,170,287.91121539677147
MT_NW,171,422.60014425634404
MT_NW,172,420.30785064483206
MT_NW,173,354.44402290077863
MT_NW,174,277.96700591505567
MT_NW,175,438.0504358359883
MT_NW,176,411.33572179798114
MT_NW,177,344.4248120879578
MT_NW,178,473.566520408632
MT_NW,179,457.1659866302085
MT_NW,180,331.50966861396876
MT_NW,181,339.35816389663523
MT_NW,182,319.78195222782074
MT_NW,183,298.2663334970392
MT_NW,184,242.0348261185761
MT_NW,185,157.33282161612595
MT_NW,186,236.09799615766642
MT_NW,187,295.31756648252235
MT_NW,188,200.73919964701423
MT_NW,189,258.5968648870164
MT_NW,190,241.3985787750068
MT_NW,191,392.79020953479034
MT_NW,192,351.9924829362665
MT_NW,193,370.59355554013183
MT_NW,194,285.3241727080344
MT_NW,195,251.53493032641518
MT_NW,196,311.74086154068317
MT_NW,197,342.678396936184
MT_NW,198,315.9417042652071
MT_NW,199,341.19244767338483
MT_NW,200,321.1300541205558
MT_NW,201,277.11866460394407
MT_NW,202,172.6867274493872
MT_NW,203,274.6587435653066
MT_NW,204,310.57304082364453
MT_NW,205,355.0412874585655
MT_NW,206,274.0026831695252
MT_NW,207,359.142608235144
MT_NW,208,334.7544942718889
MT_NW,209,222.17319985092493
MT_NW,210,251.02044637337448
MT_NW,211,275.97557907932077
MT_NW,212,358.21729630370834
MT_NW,213,293.4655110109606
MT_NW,214,366.0090102049925
MT_NW,215,314.03107612415175
MT_NW,216,261.3799255686836
MT_NW,217,428.56584395618086
MT_NW,218,335.03520117472084
MT_NW,219,304.3591227375603
MT_NW,220,340.5825862908283
MT_NW,221,277.94168633266537
MT_NW,222,253.79369393639917
MT_NW,223,313.2082867376946
MT_NW,224,342.30578898209603
MT_NW,225,269.6187508217837
MT_NW,226,326.31294093840614
MT_NW,227,391.5847118248012
MT_NW,228,286.3174987529729
MT_NW,229,223.60799064424646
MT_NW,230,198.13316701649103
MT_NW,231,174.10658230145967
MT_NW,232,310.13618195092346
MT_NW,233,293.8792662937736
MT_NW,234,331.5171379270855
MT_NW,235,381.9808218364465
MT_NW,236,231.72321577178298
MT_NW,237,304.6807507069388
MT_NW,238,241.98354886031635
MT_NW,239,237.4811079314278
MT_NW,240,347.9317874540532
MT_NW,241,339.5289197836676
MT_NW,242,256.9003200698441
MT_NW,243,204.43847614635936
MT_NW,244,272.14983768058704
MT_NW,245,336.529480622348
MT_NW,246,286.47730822878316
MT_NW,247,307.4295691287674
MT_NW,248,371.6772685282777
MT_NW,249,443.8203092319002
MT_NW,250,166.4521821689845
MT_NW,251,264.6615201528457
MT_NW,252,338.32962892970045
MT_NW,253,244.78400952527457
MT_NW,254,366.482934397716
MT_NW,255,348.5764159727473
MT_NW,256,361.6391245381002
MT_NW,257,251.40073760404766
MT_NW,258,246.23797172460468
MT_NW,259,338.98257613365223
MT_NW,260,334.84479402280715
MT_NW,261,421.99817503917563
MT_NW,262,318.0123955032054
MT_NW,263,368.9607944815528
MT_NW,264,224.71008439602883
MT_NW,265,206.0933100119741
MT_NW,266,280.5687842046441
MT_NW,267,277.76005537951613
MT_NW,268,294.6568199968046
MT_NW,269,231.8713192941066
MT_NW,270,379.6662121798192
MT_NW,271,171.1312137820406
MT_NW,272,241.9466839408221
MT_NW,273,333.25737921756155
MT_NW,274,222.45766713728315
MT_NW,275,244.4230694735659
MT_NW,276,325.3212153249026
MT_NW,277,302.6150027631041
MT_NW,278,200.84520933112125
MT_NW,279,298.62996560544707
MT_NW,280,337.7470393629584
MT_NW,281,369.37183052187686
MT_NW,282,284.3294276811551
MT_NW,283,330.8871197013154
MT_NW,284,300.1073380408693
MT_NW,285,198.37689026156153
MT_NW,286,194.06124308829365
MT_NW,287,308.3156409928639
MT_NW,288,283.53257188346277
MT_NW,289,250.16304421313384
MT_NW,290,296.1451159366914
MT_NW,291,298.0592707429175
MT_NW,292,139.35331562462014
MT_NW,293,281.48096952606096
MT_NW,294,222.293555824865
MT_NW,295,244.71513634300555
MT_NW,296,216.55031282798097
MT_NW,297,248.6973946017589
MT_NW,298,241.08049909972144
MT_NW,299,107.38149925836865
MT_NW,300,168.1356181699855
MT_NW,301,216.52496817570622
MT_NW,302,259.68599075426766
MT_NW,303,207.15739219731446
MT_NW,304,209.77029961628133
MT_NW,305,345.8644103669174
MT_NW,306,191.39535142223366
MT_NW,307,294.8436277643328
MT_NW,308,296.69247680096845
MT_NW,309,308.2491921982271
MT_NW,310,333.34081535566935
MT_NW,311,420.44447721846785
MT_NW,312,272.09602046748586
MT_NW,313,243.5972812332687
MT_NW,314,293.58619944228576
MT_NW,315,260.30822472376053
MT_NW,316,339.0902481139344
MT_NW,317,323.65084522609834
MT_NW,318,293.553717272096
MT_NW,319,346.90463273073595
MT_NW,320,252.60566199011987
MT_NW,321,245.61775799304087
MT_NW,322,351.81052505145675
MT_NW,323,285.84181762310277
MT_NW,324,303.18197805518133
MT_NW,325,294.95165704039266
MT_NW,326,357.96757681540635
MT_NW,327,276.8467997987747
MT_NW,328,269.72639282469606
MT_NW,329,246.3077347660575
MT_NW,330,420.90980972701664
MT_NW,331,345.1603111456555
MT_NW,332,180.51552342630083
MT_NW,333,272.38070315049043
MT_NW,334,260.18183779020575
MT_NW,335,145.8890890272673
MT_NW,336,156.82952570096745
MT_NW,337,161.93745625528138
MT_NW,338,168.8156620998018
MT_NW,339,163.20451418415726
MT_NW,340,154.58214719567422
MT_NW,341,108.5189291784253
MT_NW,342,138.22116625394347
MT_NW,343,181.7883512186372
MT_NW,344,136.1866284141073
MT_NW,345,189.1878758723646
MT_NW,346,176.76847189364847
MT_NW,347,132.6414821609954
MT_NW,348,90.1980290997362
MT_NW,349,93.59851769681566
MT_NW,350,111.1575458802289
MT_NW,351,163.34935279954558
MT_NW,352,118.47925162668389
MT_NW,353,140.17107048622708
MT_NW,354,147.51114286653592
MT_NW,355,91.71331482020716
MT_NW,356,51.47869961674228
MT_NW,357,79.4091049551464
MT_NW,358,83.15501828030477
MT_NW,359,51.95234885411523
MT_NW,360,95.55520847552437
MT_NW,361,98.29665760722585
MT_NW,362,69.4664665668113
MT_NW,363,88.56249875970458
MT_NW,364,93.23753259924551
MT_NW,365,114.01993448450406
MT_SE,1,111.35636878672058
MT_SE,2,185.52957641193888
MT_SE,3,314.6690173081042
MT_SE,4,442.0545893517296
MT_SE,5,385.9809856326732
MT_SE,6,182.83129254077056
MT_SE,7,168.3840049691742
MT_SE,8,290.0318077797729
MT_SE,9,359.91467131797054
MT_SE,10,383.6516180618237
MT_SE,11,323.38486543081007
MT_SE,12,208.10568795789933
MT_SE,13,118.06659565013207
MT_SE,14,66.44687164081795
MT_SE,15,86.87491590466821
MT_SE,16,310.51931768767895
MT_SE,17,342.19277023699124
MT_SE,18,298.5099024805701
MT_SE,19,317.62185034005495
MT_SE,20,177.08389306558846
MT_SE,21,152.10059949854738
MT_SE,22,237.13720921584212
MT_SE,23,395.33707339217494
MT_SE,24,365.1863926418354
MT_SE,25,384.40865514281467
MT_SE,26,297.1364082836383
MT_SE,27,215.8543351117198
MT_SE,28,158.50709820059095
MT_SE,29,207.77405248013196
MT_SE,30,282.3506441537984
MT_SE,31,331.6057988613336
MT_SE,32,386.3452286989562
MT_SE,33,334.9643028270323
MT_SE,34,211.30259304933588
MT_SE,35,156.574179636457
MT_SE,36,272.9473537697762
MT_SE,37,326.17232382840206
MT_SE,38,272.3118614044007
MT_SE,39,337.6125868491101
MT_SE,40,371.24257143210525
MT_SE,41,220.96768527291545
MT_SE,42,107.32229479846815
MT_SE,43,286.3179412369325
MT_SE,44,411.11492876257734
MT_SE,45,382.6504587792132
MT_SE,46,314.8321550403708
MT_SE,47,291.20102896115765
MT_SE,48,179.4232477887278
MT_SE,49,134.74861448838197
MT_SE,50,196.57627041500464
MT_SE,51,284.4814250900183
MT_SE,52,323.15995222727275
MT_SE,53,346.60693869818624
MT_SE,54,321.54028868775913
MT_SE,55,149.634159466795
MT_SE,56,162.0015214651089
MT_SE,57,264.1204974574691
MT_SE,58,420.6923432726726
MT_SE,59,350.1426663584022
MT_SE,60,359.30163806405835
MT_SE,61,211.13084988839836
MT_SE,62,153.64728400907018
MT_SE,63,281.7958357112415
MT_SE,64,358.46743567847415
MT_SE,65,364.6750219222675
MT_SE,66,323.4407537681185
MT_SE,67,308.0830914688263
MT_SE,68,192.7018876639124
MT_SE,69,144.5362456300515
MT_SE,70,267.8534885683085
MT_SE,71,415.51915399589024
MT_SE,72,368.02235283110633
MT_SE,73,400.7891724242093
MT_SE,74,327.46926422555936
MT_SE,75,144.3536859951404
MT_SE,76,153.29778554697228
MT_SE,77,220.26423050986375
MT_SE,78,340.17905536960086
MT_SE,79,347.53062957320225
MT_SE,80,464.64819705121323
MT_SE,81,350.3251925299556
MT_SE,82,185.38152588697955
MT_SE,83,118.60589802662327
MT_SE,84,274.3357995793264
MT_SE,85,377.053422125722
MT_SE,86,336.3303662953042
MT_SE,87,351.74368930938886
MT_SE,88,319.0338883117067
MT_SE,89,221.14490697213583
MT_SE,90,119.9165867199245
MT_SE,91,396.1348178702202
MT_SE,92,554.322056099801
MT_SE,93,619.0965552697884
MT_SE,94,473.33809662247296
MT_SE,95,563.9539405322088
MT_SE,96,226.1460986599402
MT_SE,97,291.1012836553083
MT_SE,98,491.00872900619396
MT_SE,99,651.3319755979408
MT_SE,100,681.7017437144685
MT_SE,101,610.1413897478051
MT_SE,102,681.2793854327687
MT_SE,103,334.0332054891549
MT_SE,104,247.93960465443396
MT_SE,105,467.94923920138774
MT_SE,106,616.1478018513612
MT_SE,107,772.3447871144386
MT_SE,108,818.611454009522
MT_SE,109,579.5829542327023
MT_SE,110,320.2658510050078
MT_SE,111,388.78166114309096
MT_SE,112,451.39812199282187
MT_SE,113,678.2495585968211
MT_SE,114,610.0674789574056
MT_SE,115,675.0499474107176
MT_SE,116,719.9034940662267
MT_SE,117,365.53626550715364
MT_SE,118,343.17850541377493
MT_SE,119,652.9335041347384
MT_SE,120,737.6099228890264
MT_SE,121,629.1419263782569
MT_SE,122,605.3327215957667
MT_SE,123,561.6764413040116
MT_SE,124,275.44734048550515
MT_SE,125,308.752723732964
MT_SE,126,400.6563189565762
MT_SE,127,465.89545209988165
MT_SE,128,603.7012140469609
MT_SE,129,613.1533921415266
MT_SE,130,590.5091721690819
MT_SE,131,299.44460359135394
MT_SE,132,319.19514044170035
MT_SE,133,439.60669960207144
MT_SE,134,631.5022804008829
MT_SE,135,647.3077721569821
MT_SE,136,750.2995208016692
MT_SE,137,689.1796525825355
MT_SE,138,418.2145128104438
MT_SE,139,423.5970659650289
MT_SE,140,531.5784383381927
MT_SE,141,788.5263888770495
MT_SE,142,661.4394069729933
MT_SE,143,665.9314236062845
MT_SE,144,596.7531402640464
MT_SE,145,391.345021243788
MT_SE,146,375.0800935425808
MT_SE,147,305.4292882993735
MT_SE,148,526.7059180788796
MT_SE,149,599.7345351974537
MT_SE,150,775.8842209828441
MT_SE,151,675.1509526790725
MT_SE,152,339.35295418685746
MT_SE,153,274.7493766671804
MT_SE,154,365.4945627538082
MT_SE,155,451.71108700924464
MT_SE,156,419.59554873061444
MT_SE,157,434.9932194184703
MT_SE,158,448.8494177203684
MT_SE,159,286.21677212706214
MT_SE,160,264.0348618123232
MT_SE,161,437.0499002323753
MT_SE,162,456.2091235936984
MT_SE,163,551.12627813144
MT_SE,164,416.00321288755026
MT_SE,165,409.20004211249784
MT_SE,166,289.2874843855982
MT_SE,167,241.3471630965665
MT_SE,168,333.60483864503897
MT_SE,169,450.0673506762441
MT_SE,170,408.88808705898145
MT_SE,171,470.9639564053819
MT_SE,172,461.72185496610615
MT_SE,173,290.01600501739864
MT_SE,174,302.2019767007366
MT_SE,175,332.3513074353452
MT_SE,176,416.1349781000291
MT_SE,177,468.02115891165573
MT_SE,178,501.7212444412412
MT_SE,179,400.5626085577387
MT_SE,180,268.82006273604327
MT_SE,181,210.65606225582044
MT_SE,182,327.92249692002446
MT_SE,183,354.6103382262104
MT_SE,184,361.6511869574909
MT_SE,185,168.20452643588843
MT_SE,186,266.1191012970948
MT_SE,187,220.3557822346864
MT_SE,188,186.75185577258293
MT_SE,189,302.60202212605014
MT_SE,190,352.2375660458398
MT_SE,191,372.58727639771007
MT_SE,192,384.785912290944
MT_SE,193,384.64411859334734
MT_SE,194,267.7463891835112
MT_SE,195,218.0095551782636
MT_SE,196,397.27919435204825
MT_SE,197,411.09760010592845
MT_SE,198,419.1939448716635
MT_SE,199,423.5354685905505
MT_SE,200,360.3551370189974
MT_SE,201,252.02221971314518
MT_SE,202,212.36091552451322
MT_SE,203,273.43935886230764
MT_SE,204,385.7948867010888
MT_SE,205,419.33752317102477
MT_SE,206,376.1283566088662
MT_SE,207,405.9200997969291
MT_SE,208,304.5694744021892
MT_SE,209,290.684988353577
MT_SE,210,345.747423263894
MT_SE,211,371.94731171231086
MT_SE,212,366.65430857663057
MT_SE,213,403.2070427482349
MT_SE,214,342.84175185511265
MT_SE,215,263.71258139722005
MT_SE,216,216.8514129739957
MT_SE,217,359.7185391103093
MT_SE,218,388.6079260352475
MT_SE,219,491.4434451359305
MT_SE,220,429.01455781355685
MT_SE,221,339.668129896449
MT_SE,222,225.37324194599347
MT_SE,223,276.8194045572053
MT_SE,224,305.19502366573045
MT_SE,225,374.3473898768033
MT_SE,226,409.16467323999575
MT_SE,227,420.2002688103408
MT_SE,228,334.1878259865744
MT_SE,229,262.2767086598308
MT_SE,230,213.77443852178854
MT_SE,231,252.49850137881356
MT_SE,232,393.90127598842116
MT_SE,233,424.03270504704375
MT_SE,234,401.3913899418067
MT_SE,235,427.70817182155577
MT_SE,236,271.6634760950178
MT_SE,237,244.34443591627047
MT_SE,238,304.5716987908281
MT_SE,239,364.3945615437815
MT_SE,240,424.34831716856786
MT_SE,241,383.7255532414178
MT_SE,242,340.45797024897786
MT_SE,243,204.34392529680784
MT_SE,244,301.1779384045842
MT_SE,245,294.1941775219347
MT_SE,246,331.1842267807087
MT_SE,247,498.4747122580579
MT_SE,248,475.2713865073244
MT_SE,249,528.262200976324
MT_SE,250,372.7570119543146
MT_SE,251,309.45245062963613
MT_SE,252,429.5774346127966
MT_SE,253,415.0148466848927
MT_SE,254,453.14156450056606
MT_SE,255,531.7321334561573
MT_SE,256,526.0630636798526
MT_SE,257,302.60844297656035
MT_SE,258,277.9051093366656
MT_SE,259,431.4848117104661
MT_SE,260,532.3186131075698
MT_SE,261,465.2734153376645
MT_SE,262,505.704484847852
MT_SE,263,481.3629934403984
MT_SE,264,291.9000582817279
MT_SE,265,258.75188031956617
MT_SE,266,450.1328098878842
MT_SE,267,475.52322859678725
MT_SE,268,505.52285052872725
MT_SE,269,468.4247188091126
MT_SE,270,565.2381020113319
MT_SE,271,324.45177421401974
MT_SE,272,253.8834645319882
MT_SE,273,426.82266144195137
MT_SE,274,736.075890685376
MT_SE,275,688.506455196092
MT_SE,276,728.051138696733
MT_SE,277,743.3772945978895
MT_SE,278,379.8703268322086
MT_SE,279,478.97068339074826
MT_SE,280,634.5494824078847
MT_SE,281,871.5577142068422
MT_SE,282,707.515145030496
MT_SE,283,686.3043687227706
MT_SE,284,611.7052461351886
MT_SE,285,444.09904246926743
MT_SE,286,399.5862723041079
MT_SE,287,619.0733325648923
MT_SE,288,725.2973557654904
MT_SE,289,804.3203683584076
MT_SE,290,725.4061945293048
MT_SE,291,644.2423728397604
MT_SE,292,396.9366722120523
MT_SE,293,404.5236948436707
MT_SE,294,629.7062645565735
MT_SE,295,908.0794723711157
MT_SE,296,819.7590411702862
MT_SE,297,700.0276208194722
MT_SE,298,635.7730489034313
MT_SE,299,304.6543576760167
MT_SE,300,397.96118177296785
MT_SE,301,464.8721729180136
MT_SE,302,676.8000097017512
MT_SE,303,626.9028831144221
MT_SE,304,722.0434034883127
MT_SE,305,835.7910642464756
MT_SE,306,582.3955134183416
MT_SE,307,588.8842173086167
MT_SE,308,837.0440026191898
MT_SE,309,1016.2450438098334
MT_SE,310,984.0503346309572
MT_SE,311,919.3291155640371
MT_SE,312,807.8313074718379
MT_SE,313,605.6697887233435
MT_SE,314,601.7001806699359
MT_SE,315,782.2808616976195
MT_SE,316,1088.5747884815923
MT_SE,317,1013.4765760817644
MT_SE,318,1060.5803110752693
MT_SE,319,1006.2595700221543
MT_SE,320,521.662421404857
MT_SE,321,515.9053768975698
MT_SE,322,953.7858238829717
MT_SE,323,1041.589875094647
MT_SE,324,943.3455202107956
MT_SE,325,1185.3922095123116
MT_SE,326,1252.6749143310656
MT_SE,327,559.6013381073533
MT_SE,328,550.5627380244968
MT_SE,329,852.7789833790168
MT_SE,330,966.5381738343882
MT_SE,331,999.1512155181497
MT_SE,332,237.63489385698935
MT_SE,333,867.4806528178481
MT_SE,334,584.3929412251965
MT_SE,335,394.8038543993739
MT_SE,336,506.54567924650416
MT_SE,337,540.0231435272761
MT_SE,338,700.2538368648364
MT_SE,339,649.6119893540636
MT_SE,340,641.922248270444
MT_SE,341,349.8019264350425
MT_SE,342,338.8918637913761
MT_SE,343,574.3119133015089
MT_SE,344,721.4259405568549
MT_SE,345,803.8446627372546
MT_SE,346,639.5005294021959
MT_SE,347,609.4069545919169
MT_SE,348,298.01232005286573
MT_SE,349,293.03550996570726
MT_SE,350,462.46372622927055
MT_SE,351,655.6383848850184
MT_SE,352,510.73281900713044
MT_SE,353,547.4973963327514
MT_SE,354,436.9963428029342
MT_SE,355,236.83173081867366
MT_SE,356,210.49510462917618
MT_SE,357,354.1905127996647
MT_SE,358,369.47379284114913
MT_SE,359,175.7027133919903
MT_SE,360,319.611045851953
MT_SE,361,385.2300350400079
MT_SE,362,304.5398844850427
MT_SE,363,239.0170965638739
MT_SE,364,291.4017083657739
MT_SE,365,421.69860585766736
MT_SW,1,2390.0975689128463
MT_SW,2,3116.1333000970767
MT_SW,3,3125.6377185702077
MT_SW,4,2916.689035504416
MT_SW,5,2812.3213384177043
MT_SW,6,2370.2508634458
MT_SW,7,2563.1867147140033
MT_SW,8,2656.433847657138
MT_SW,9,2032.138090986485
MT_SW,10,2261.811890158644
MT_SW,11,2282.783612040599
MT_SW,12,2417.5132646328507
MT_SW,13,1382.3540481271348
MT_SW,14,1697.0199842922664
MT_SW,15,2507.9589631718604
MT_SW,16,2287.3998823322477
MT_SW,17,2123.166833523355
MT_SW,18,2272.3340578582765
MT_SW,19,2433.1130321594824
MT_SW,20,1790.327483977897
MT_SW,21,2033.0711868159979
MT_SW,22,2054.112567963591
MT_SW,23,2056.4811755891965
MT_SW,24,2322.44251768023
MT_SW,25,2558.0436928251197
MT_SW,26,2465.366541302325
MT_SW,27,1806.3939201201783
MT_SW,28,2056.427193678694
MT_SW,29,1982.9462583424981
MT_SW,30,1927.4956547586826
MT_SW,31,2373.4043893509343
MT_SW,32,2459.309042307684
MT_SW,33,2549.985340708755
MT_SW,34,1822.1646162076509
MT_SW,35,2253.265988325324
MT_SW,36,2487.8126409208435
MT_SW,37,2231.8052078071605
MT_SW,38,1969.7457089328432
MT_SW,39,2800.274492612552
MT_SW,40,2713.256733626723
MT_SW,41,1909.925279759677
MT_SW,42,1770.4534912231259
MT_SW,43,2329.9416517491213
MT_SW,44,2253.4082765558355
MT_SW,45,2215.969496533454
MT_SW,46,3260.476786005174
MT_SW,47,3105.9600971278696
MT_SW,48,2570.6300987828326
MT_SW,49,2242.6044317955216
MT_SW,50,3678.0852001931744
MT_SW,51,2998.1257779640096
MT_SW,52,2732.735074439543
MT_SW,53,2795.5242257430687
MT_SW,54,2432.9544297483253
MT_SW,55,2145.584392995637
MT_SW,56,2502.7512024651073
MT_SW,57,1953.9893637942935
MT_SW,58,2522.0566905610117
MT_SW,59,2435.757174798221
MT_SW,60,2605.064364877335
MT_SW,61,2196.6186071216084
MT_SW,62,2356.841652214791
MT_SW,63,2477.8080687873553
MT_SW,64,2487.653617352907
MT_SW,65,2624.8144955982584
MT_SW,66,2668.3577136279596
MT_SW,67,2686.902596559703
MT_SW,68,2465.863024047322
MT_SW,69,2782.704461735723
MT_SW,70,2573.3096897144474
MT_SW,71,2453.2746773721774
MT_SW,72,2650.3679764240483
MT_SW,73,2836.3237304747236
MT_SW,74,2732.487281763247
MT_SW,75,2351.4950665591828
MT_SW,76,2761.6563615110194
MT_SW,77,2471.353442926923
MT_SW,78,2172.62319214774
MT_SW,79,2544.5100322631615
MT_SW,80,2524.7700596471695
MT_SW,81,2874.5868584134623
MT_SW,82,2191.177695683917
MT_SW,83,2413.9907777215208
MT_SW,84,2342.3957307619253
MT_SW,85,2368.106406816532
MT_SW,86,2613.8020224843817
MT_SW,87,3034.9246215807734
MT_SW,88,3316.2097958722484
MT_SW,89,2335.9642391195534
MT_SW,90,2031.4608721076706
MT_SW,91,2459.9433821934854
MT_SW,92,2061.9689003314
MT_SW,93,2159.5255451759836
MT_SW,94,2002.3241605701758
MT_SW,95,2175.1551660095647
MT_SW,96,1721.5380058353069
MT_SW,97,2109.721847956043
MT_SW,98,1879.2727362695873
MT_SW,99,1992.3772170108896
MT_SW,100,1952.30868082141
MT_SW,101,1943.6978762605552
MT_SW,102,1857.8426940402662
MT_SW,103,1306.9069412089088
MT_SW,104,1661.0453636741756
MT_SW,105,1920.277960945425
MT_SW,106,1607.4991990149215
MT_SW,107,1657.428712564272
MT_SW,108,1650.2870360436973
MT_SW,109,1762.0242571477256
MT_SW,110,1384.9310029578478
MT_SW,111,1539.0354934764152
MT_SW,112,1630.9590786240624
MT_SW,113,1853.124561132839
MT_SW,114,1707.8627178757902
MT_SW,115,1748.653855020431
MT_SW,116,1929.0022238615973
MT_SW,117,1323.3369394668093
MT_SW,118,1540.9409562075261
MT_SW,119,1588.14164683155
MT_SW,120,1561.8878894423094
MT_SW,121,1711.410461906271
MT_SW,122,1623.3538523320433
MT_SW,123,1686.8248153648033
MT_SW,124,1247.6329849686704
MT_SW,125,1476.6037574359268
MT_SW,126,1572.32931911634
MT_SW,127,1637.636010530669
MT_SW,128,1943.325763967659
MT_SW,129,1982.8281404646486
MT_SW,130,1928.2675422623036
MT_SW,131,1468.2206625597973
MT_SW,132,1539.0798316523058
MT_SW,133,1861.084705844136
MT_SW,134,1815.6492692599636
MT_SW,135,1986.8604210501367
MT_SW,136,1954.343146009588
MT_SW,137,2013.147760051222
MT_SW,138,1252.9667562749646
MT_SW,139,1622.3363615478368
MT_SW,140,1772.2341517734083
MT_SW,141,1954.9344969720917
MT_SW,142,2005.1538856532982
MT_SW,143,2136.2412525923596
MT_SW,144,2391.5290589423175
MT_SW,145,1706.156365827045
MT_SW,146,1529.0592551428763
MT_SW,147,1877.6860505379686
MT_SW,148,1846.8101876421936
MT_SW,149,1823.1354386660207
MT_SW,150,1838.2823513990222
MT_SW,151,1971.8667431563533
MT_SW,152,2087.561454515401
MT_SW,153,2154.50769009752
MT_SW,154,2014.7803675619316
MT_SW,155,2192.334140057593
MT_SW,156,2736.1482633141613
MT_SW,157,2625.4581978884257
MT_SW,158,2581.2586420091798
MT_SW,159,2266.808809491006
MT_SW,160,2234.0221849631125
MT_SW,161,2690.5966937747157
MT_SW,162,2603.779029694259
MT_SW,163,3154.532173221126
MT_SW,164,2909.5275669028956
MT_SW,165,2572.3123076610987
MT_SW,166,2606.472945811231
MT_SW,167,2269.342802000708
MT_SW,168,2734.145013645374
MT_SW,169,3102.2310974444613
MT_SW,170,2900.7262798563215
MT_SW,171,2921.225410789656
MT_SW,172,2949.5532066507285
MT_SW,173,2630.891226114593
MT_SW,174,3056.3221637018296
MT_SW,175,2671.7062274193822
MT_SW,176,2662.473603631233
MT_SW,177,3197.2853177730867
MT_SW,178,3297.6812179854332
MT_SW,179,3182.170997217102
MT_SW,180,3109.4713340277717
MT_SW,181,3267.4929579545787
MT_SW,182,3293.347099162719
MT_SW,183,3176.027739274901
MT_SW,184,3361.285784888277
MT_SW,185,2051.72660324457
MT_SW,186,3074.0041801138764
MT_SW,187,3320.57247676802
MT_SW,188,3869.7890203245497
MT_SW,189,3211.3702714532624
MT_SW,190,3268.911385848247
MT_SW,191,3344.048871083642
MT_SW,192,3867.1375929180585
MT_SW,193,3812.039754596894
MT_SW,194,3251.670625589831
MT_SW,195,3633.2797406450304
MT_SW,196,3373.3473459850047
MT_SW,197,3516.1870055804234
MT_SW,198,3418.671473834957
MT_SW,199,3602.1112138112294
MT_SW,200,3484.0783356923944
MT_SW,201,3118.694039527585
MT_SW,202,4145.785105816642
MT_SW,203,3275.094923584807
MT_SW,204,3269.7520514531448
MT_SW,205,3416.2851680772446
MT_SW,206,3726.3078252415266
MT_SW,207,3469.030677594212
MT_SW,208,3266.1487027785174
MT_SW,209,3216.014784710595
MT_SW,210,2830.1159457942304
MT_SW,211,3205.7984965911965
MT_SW,212,3715.682445325074
MT_SW,213,3390.8237183006427
MT_SW,214,3018.03935044357
MT_SW,215,3136.0257175340257
MT_SW,216,3330.2182747906545
MT_SW,217,2884.6244165338558
MT_SW,218,3020.298243414217
MT_SW,219,3396.3223849706073
MT_SW,220,3356.3322109088194
MT_SW,221,3600.7425612543802
MT_SW,222,3071.997196029476
MT_SW,223,3518.3116403558333
MT_SW,224,3043.3761252857726
MT_SW,225,3140.86587176954
MT_SW,226,3259.200915480475
MT_SW,227,3212.260051012163
MT_SW,228,3111.518194147007
MT_SW,229,2750.57144354896
MT_SW,230,3286.4914542259626
MT_SW,231,2758.3830135799462
MT_SW,232,2806.839945182555
MT_SW,233,3027.1989093543198
MT_SW,234,3310.7488333818046
MT_SW,235,3263.779276960783
MT_SW,236,2726.7782026541104
MT_SW,237,3116.647920186185
MT_SW,238,2818.76892864279
MT_SW,239,2898.671639614461
MT_SW,240,3099.2839380905084
MT_SW,241,3130.1075863933847
MT_SW,242,3131.1420291552577
MT_SW,243,2286.0989102438302
MT_SW,244,2443.2314206040064
MT_SW,245,2998.5716320163538
MT_SW,246,2535.2321995748475
MT_SW,247,2450.0531541111595
MT_SW,248,2725.694580474358
MT_SW,249,2792.2412960954975
MT_SW,250,2080.3879058028215
MT_SW,251,3099.757713910879
MT_SW,252,2513.5213162618275
MT_SW,253,2530.9198808320184
MT_SW,254,2726.386567485361
MT_SW,255,2714.860713428048
MT_SW,256,2846.7494613199137
MT_SW,257,2011.0100227364196
MT_SW,258,2720.3814759990732
MT_SW,259,2434.589677571306
MT_SW,260,2568.768211541354
MT_SW,261,2504.7578734509757
MT_SW,262,2981.202585217817
MT_SW,263,2616.7391003033704
MT_SW,264,1991.389855491311
MT_SW,265,2396.8608840782426
MT_SW,266,2402.9330519515247
MT_SW,267,2272.0835429830354
MT_SW,268,2397.199732942195
MT_SW,269,2710.211958417745
MT_SW,270,2294.6776067382543
MT_SW,271,1897.1814896078822
MT_SW,272,2387.004748651717
MT_SW,273,2343.752351564307
MT_SW,274,1905.7916751591424
MT_SW,275,2028.9534795383354
MT_SW,276,2149.119971542374
MT_SW,277,1938.986298089371
MT_SW,278,1648.6910760135288
MT_SW,279,2035.3589687864578
MT_SW,280,1664.5564041103453
MT_SW,281,1599.7200932373332
MT_SW,282,1913.145074975545
MT_SW,283,2042.4904723496397
MT_SW,284,2048.0502099483374
MT_SW,285,1597.4548920064433
MT_SW,286,1862.7906420909685
MT_SW,287,2036.2710199692601
MT_SW,288,1868.8044046876532
MT_SW,289,2033.6521988388672
MT_SW,290,1972.3301965026262
MT_SW,291,1775.4195574866417
MT_SW,292,1406.1561815673554
MT_SW,293,1641.5617031484173
MT_SW,294,1710.373724366329
MT_SW,295,1882.5041867086356
MT_SW,296,1586.1996204733523
MT_SW,297,1872.9925718490636
MT_SW,298,1927.4332961613698
MT_SW,299,1134.9920668535792
MT_SW,300,1508.3929000122882
MT_SW,301,1586.2439455620652
MT_SW,302,1599.04096014913
MT_SW,303,1555.4647312467691
MT_SW,304,1535.085879101153
MT_SW,305,1167.2946015349703
MT_SW,306,1047.1428716577118
MT_SW,307,1059.6182908539324
MT_SW,308,1117.3906656401193
MT_SW,309,1070.0605698041893
MT_SW,310,1249.2562051627526
MT_SW,311,1262.4617850738155
MT_SW,312,1162.6194609015427
MT_SW,313,947.8862148975182
MT_SW,314,1016.2624474538268
MT_SW,315,1139.08078881366
MT_SW,316,1011.184001591455
MT_SW,317,1236.3003241440363
MT_SW,318,1255.4102747868785
MT_SW,319,1229.6123814049517
MT_SW,320,964.7027113567749
MT_SW,321,930.8731027253214
MT_SW,322,1003.5989154471808
MT_SW,323,1187.8553471063435
MT_SW,324,1242.1420624174082
MT_SW,325,1318.3592241863491
MT_SW,326,1209.4071714593165
MT_SW,327,1397.8253806370562
MT_SW,328,1289.5203680952236
MT_SW,329,1313.7747797778609
MT_SW,330,1662.0048612776636
MT_SW,331,1313.4889009141489
MT_SW,332,560.2160751564211
MT_SW,333,1136.3093844521875
MT_SW,334,1388.6901134616535
MT_SW,335,2164.531437351831
MT_SW,336,1985.5545962136853
MT_SW,337,1916.9474210961494
MT_SW,338,1837.7400014868574
MT_SW,339,1962.7608266688976
MT_SW,340,1779.0407388398896
MT_SW,341,1386.1157828522491
MT_SW,342,1662.0032567371954
MT_SW,343,1881.3312508288552
MT_SW,344,1760.3501969606953
MT_SW,345,1807.906785155296
MT_SW,346,1969.9223522958582
MT_SW,347,1895.290929111745
MT_SW,348,1536.7270341256926
MT_SW,349,1828.0237537467885
MT_SW,350,1962.7004019527617
MT_SW,351,1871.2496461371582
MT_SW,352,1990.1819333948365
MT_SW,353,2600.5557244908528
MT_SW,354,3071.309052957952
MT_SW,355,2787.1178013939534
MT_SW,356,2562.5051480981497
MT_SW,357,2359.2413368246152
MT_SW,358,1672.852095519334
MT_SW,359,1555.26565375372
MT_SW,360,3198.743769173068
MT_SW,361,3684.6217388510486
MT_SW,362,2751.4294528540963
MT_SW,363,2473.6038706726054
MT_SW,364,2500.815691199931
MT_SW,365,2344.364530024787
NM_N,1,1872.5963918151663
NM_N,2,2516.262607022261
NM_N,3,2785.468394465245
NM_N,4,2399.26247844424
NM_N,5,2961.0415478193995
NM_N,6,2153.4634775661416
NM_N,7,1872.6140759530847
NM_N,8,2504.601596148633
NM_N,9,2469.468779194755
NM_N,10,2984.4517024878023
NM_N,11,2469.496302091659
NM_N,12,2645.0436718867404
NM_N,13,2024.7499074151901
NM_N,14,2106.6757430078724
NM_N,15,2188.589720436494
NM_N,16,2645.03492673696
NM_N,17,2785.4566891172485
NM_N,18,3277.027485544735
NM_N,19,2949.3386284827534
NM_N,20,2024.7368437880202
NM_N,21,2165.1932045344092
NM_N,22,2879.1054427297236
NM_N,23,2879.095028837397
NM_N,24,3136.586293477394
NM_N,25,3241.9179482280806
NM_N,26,2855.69713360037
NM_N,27,1837.466569145244
NM_N,28,2176.902281961413
NM_N,29,2738.6743949364445
NM_N,30,2762.0708913204785
NM_N,31,2785.4593865389324
NM_N,32,2855.737187340401
NM_N,33,2609.95889041047
NM_N,34,1942.8332296122792
NM_N,35,2469.5180802275645
NM_N,36,3078.115175188062
NM_N,37,2902.5496376367646
NM_N,38,2890.8418555444955
NM_N,39,2984.4810313435632
NM_N,40,2972.773307464809
NM_N,41,1942.839256848989
NM_N,42,1872.6190985381586
NM_N,43,2808.922534464133
NM_N,44,2961.060232007621
NM_N,45,2808.9105065610925
NM_N,46,2902.5531870325553
NM_N,47,2890.84640740987
NM_N,48,1802.3914056681401
NM_N,49,2165.218439479558
NM_N,50,2703.591453056186
NM_N,51,2574.848522020048
NM_N,52,2762.1011781894867
NM_N,53,3253.6635504318583
NM_N,54,2890.8476726343793
NM_N,55,1849.2064656874948
NM_N,56,2141.808268608546
NM_N,57,2539.728944401478
NM_N,58,2293.952010630714
NM_N,59,3230.2539171421085
NM_N,60,3089.8060660831493
NM_N,61,2071.5794949367855
NM_N,62,2235.4374400379843
NM_N,63,3054.7082792825404
NM_N,64,3054.701738573011
NM_N,65,3078.09856962148
NM_N,66,3031.288868417346
NM_N,67,3160.0364117009153
NM_N,68,2165.2121281397945
NM_N,69,2317.3603235256355
NM_N,70,2762.1129356814417
NM_N,71,2855.7330290744576
NM_N,72,2680.1788347174092
NM_N,73,3663.2892818401715
NM_N,74,2293.9556301316384
NM_N,75,2130.094215583251
NM_N,76,2141.802570738477
NM_N,77,3370.706404298426
NM_N,78,3148.323086518255
NM_N,79,3253.67520811709
NM_N,80,3136.6263784903504
NM_N,81,2855.735177211836
NM_N,82,2024.76573108356
NM_N,83,2036.4726868501436
NM_N,84,3019.5967191375635
NM_N,85,2984.46928630952
NM_N,86,3019.598246982593
NM_N,87,3054.696506301729
NM_N,88,2680.186956130014
NM_N,89,1673.6514473905115
NM_N,90,1837.5023744384273
NM_N,91,2563.1472202690134
NM_N,92,2750.4052304117035
NM_N,93,2890.8577954759758
NM_N,94,2773.8124365195763
NM_N,95,2539.7450750077805
NM_N,96,1825.7988084256378
NM_N,97,2387.594841350562
NM_N,98,2914.269941261659
NM_N,99,2820.629220922335
NM_N,100,2972.784520600693
NM_N,101,3230.272435592144
NM_N,102,2961.081259191901
NM_N,103,2036.4752049537751
NM_N,104,2293.9629159507313
NM_N,105,2305.665594779251
NM_N,106,2949.369409084328
NM_N,107,2750.411338211343
NM_N,108,3089.8125681168713
NM_N,109,3148.333769056765
NM_N,110,1872.618239505559
NM_N,111,2668.4885362387736
NM_N,112,2715.2956818199295
NM_N,113,2984.477835948855
NM_N,114,3136.640247150719
NM_N,115,2914.253252635082
NM_N,116,2855.7405854501035
NM_N,117,2071.5759398112946
NM_N,118,2270.55369728703
NM_N,119,2785.5249101725713
NM_N,120,3019.59590645397
NM_N,121,2715.304571478592
NM_N,122,3124.9346674521307
NM_N,123,2844.042748993911
NM_N,124,1919.4386263465187
NM_N,125,2364.1883504360626
NM_N,126,2691.891882667918
NM_N,127,3113.2306868928035
NM_N,128,2890.859797932627
NM_N,129,3218.567857766585
NM_N,130,2750.4152939581495
NM_N,131,1977.9575864010458
NM_N,132,2411.0023210366794
NM_N,133,3277.0899309935694
NM_N,134,3253.6729378915693
NM_N,135,2914.2711444080524
NM_N,136,2844.0384761265414
NM_N,137,3078.11754548583
NM_N,138,2176.9183758399668
NM_N,139,2352.483623395013
NM_N,140,3277.09480220173
NM_N,141,2867.4525265436314
NM_N,142,3148.3476399973656
NM_N,143,3183.4592304465946
NM_N,144,2902.56750850464
NM_N,145,1977.954250051437
NM_N,146,2399.2997297248644
NM_N,147,2797.2309839343616
NM_N,148,2914.263561444597
NM_N,149,3359.01826717012
NM_N,150,2832.341604628866
NM_N,151,3265.384879572133
NM_N,152,2083.2886775214897
NM_N,153,2258.8425157337083
NM_N,154,2925.967926638235
NM_N,155,2855.733915546113
NM_N,156,2996.185924748767
NM_N,157,3171.7489926325748
NM_N,158,2890.849884607248
NM_N,159,2013.06172864141
NM_N,160,2434.4037610600853
NM_N,161,2925.9701744480135
NM_N,162,3136.6220223567943
NM_N,163,3171.7485132949223
NM_N,164,3078.105951264082
NM_N,165,2914.2631502546424
NM_N,166,2094.9886835842076
NM_N,167,2352.4735122862453
NM_N,168,2914.254018345652
NM_N,169,3312.1734386585504
NM_N,170,2691.884241626669
NM_N,171,3019.5923474972624
NM_N,172,2902.5542611030874
NM_N,173,2235.4399065723646
NM_N,174,2422.701728540315
NM_N,175,3031.2940917362603
NM_N,176,2984.4634454586676
NM_N,177,2961.0791704035128
NM_N,178,3370.7184851684965
NM_N,179,3265.373476748634
NM_N,180,2223.7290961363046
NM_N,181,2258.8442078473063
NM_N,182,2715.303796685729
NM_N,183,2949.379745090358
NM_N,184,2949.3756093322927
NM_N,185,1814.0997458074717
NM_N,186,2258.8524034919983
NM_N,187,2188.6249651830763
NM_N,188,2411.00084319161
NM_N,189,2785.5281231564472
NM_N,190,2773.820594879991
NM_N,191,3089.827355423326
NM_N,192,3312.19806217841
NM_N,193,3124.9348136107387
NM_N,194,2176.921045622164
NM_N,195,2492.927391241435
NM_N,196,3089.830034589813
NM_N,197,2949.3756729443053
NM_N,198,3241.9752641380314
NM_N,199,3382.4275056540905
NM_N,200,2820.6347044251183
NM_N,201,2024.7727669084943
NM_N,202,2375.892364274231
NM_N,203,2867.454238022813
NM_N,204,2972.786754265955
NM_N,205,2961.0878495604356
NM_N,206,3113.2333576268397
NM_N,207,3300.494232520497
NM_N,208,2258.8527131619344
NM_N,209,2375.891975478299
NM_N,210,2890.865195819427
NM_N,211,3136.641826152062
NM_N,212,2937.6773545696656
NM_N,213,3195.152562808997
NM_N,214,3101.5245142000813
NM_N,215,2223.7328852198784
NM_N,216,2609.953401177055
NM_N,217,2586.5545862815397
NM_N,218,2808.919195894807
NM_N,219,2949.3713090421606
NM_N,220,3160.036941775616
NM_N,221,3429.2336188230406
NM_N,222,2317.3616809079945
NM_N,223,2528.037642755122
NM_N,224,2984.4806147815807
NM_N,225,3019.5872371280593
NM_N,226,2984.4809763228814
NM_N,227,3370.7093754974326
NM_N,228,2820.6312792716335
NM_N,229,2223.7294641820313
NM_N,230,2879.147364110925
NM_N,231,3148.338078234944
NM_N,232,3042.9880967094964
NM_N,233,3370.7011667729716
NM_N,234,3464.333474528563
NM_N,235,3007.886291246866
NM_N,236,2258.8364309793606
NM_N,237,2656.777299629017
NM_N,238,2902.554383802457
NM_N,239,3335.5834347028294
NM_N,240,3206.8617489598537
NM_N,241,3312.195535868316
NM_N,242,2902.559244022519
NM_N,243,2352.4773631859466
NM_N,244,2118.3969749329954
NM_N,245,2528.031821030108
NM_N,246,2914.255869324874
NM_N,247,3195.1577144045964
NM_N,248,3089.816162530347
NM_N,249,3195.1570584142246
NM_N,250,2141.805614477212
NM_N,251,2446.1046702495096
NM_N,252,3171.740571296506
NM_N,253,3183.4425988498137
NM_N,254,3218.554209788892
NM_N,255,3089.8166955183638
NM_N,256,3429.2242958951383
NM_N,257,2200.3213538872837
NM_N,258,2832.333443760877
NM_N,259,2785.519448746439
NM_N,260,3253.6598070619043
NM_N,261,3312.1848800291446
NM_N,262,3569.6782215206526
NM_N,263,3230.253135584652
NM_N,264,2481.2105399369198
NM_N,265,3265.3750174685774
NM_N,266,2984.482722203054
NM_N,267,3241.9589517987633
NM_N,268,3476.038813752196
NM_N,269,3277.076565847679
NM_N,270,3429.2313033645046
NM_N,271,2083.2858040124534
NM_N,272,2492.9283686917674
NM_N,273,2937.671477787286
NM_N,274,3300.4943526970624
NM_N,275,3206.8689734818104
NM_N,276,3370.723620336256
NM_N,277,3651.6116791047207
NM_N,278,2446.1102834696803
NM_N,279,2879.1625866571426
NM_N,280,3323.9086091470476
NM_N,281,3183.459051522187
NM_N,282,3265.3885920538924
NM_N,283,3511.169951323501
NM_N,284,3288.7984318559083
NM_N,285,2469.5235361289147
NM_N,286,2691.9002551449034
NM_N,287,2691.897876474638
NM_N,288,2844.0454201359926
NM_N,289,2914.2700183403326
NM_N,290,3511.1701116829877
NM_N,291,3312.2030709712876
NM_N,292,1977.958804633014
NM_N,293,2387.599490762418
NM_N,294,2949.387626236181
NM_N,295,2949.3833276911414
NM_N,296,3335.611135475896
NM_N,297,3359.01889954906
NM_N,298,3359.0184879627777
NM_N,299,2212.032505989687
NM_N,300,2422.707445582175
NM_N,301,3101.535878353822
NM_N,302,2844.0430618283795
NM_N,303,3429.2416322318422
NM_N,304,2879.155959031444
NM_N,305,3101.4999891532466
NM_N,306,1954.5314450714725
NM_N,307,2726.9893805582656
NM_N,308,2844.0144316763085
NM_N,309,3007.84505137946
NM_N,310,2738.66835410662
NM_N,311,2434.3837965918806
NM_N,312,2551.414562334624
NM_N,313,2212.004273500639
NM_N,314,2481.2030743394916
NM_N,315,2364.164842945897
NM_N,316,2820.6001476155952
NM_N,317,3253.644045405443
NM_N,318,3160.005307432484
NM_N,319,2890.82338033458
NM_N,320,2141.778290549079
NM_N,321,2469.4856729690287
NM_N,322,3078.092105303642
NM_N,323,3195.140125560706
NM_N,324,2832.294976156884
NM_N,325,3113.179856857247
NM_N,326,2855.7162773081413
NM_N,327,2212.0121623273926
NM_N,328,2422.6733093918865
NM_N,329,3101.4938149668164
NM_N,330,3230.2339614895996
NM_N,331,2867.414706323944
NM_N,332,1638.5093608140414
NM_N,333,2223.710496358282
NM_N,334,2469.496263836041
NM_N,335,2574.845149361939
NM_N,336,3230.2549809031357
NM_N,337,3253.6577978196437
NM_N,338,3089.806606506951
NM_N,339,3300.4686095468755
NM_N,340,3101.502749684885
NM_N,341,1814.0889009984699
NM_N,342,2410.9862727430814
NM_N,343,3124.919426871808
NM_N,344,2797.2148547733486
NM_N,345,2937.657650157575
NM_N,346,3078.110713611146
NM_N,347,3160.0219819182344
NM_N,348,2059.8675342869296
NM_N,349,2551.4413479192217
NM_N,350,2937.660099141054
NM_N,351,2937.6509147280267
NM_N,352,2832.3224219457907
NM_N,353,3557.964484553274
NM_N,354,3288.7596255271965
NM_N,355,2153.505798176228
NM_N,356,2434.404578368107
NM_N,357,2598.254488645171
NM_N,358,1743.8687109065872
NM_N,359,1755.5658935219365
NM_N,360,2738.6990722378355
NM_N,361,2890.8444143178326
NM_N,362,2551.4301162156535
NM_N,363,2399.2935540672206
NM_N,364,2961.063522088521
NM_N,365,2200.3182700771195
NM_S_TX_EPE,1,93158.56581310404
NM_S_TX_EPE,2,104323.23520325082
NM_S_TX_EPE,3,119209.37722521111
NM_S_TX_EPE,4,116628.28931237417
NM_S_TX_EPE,5,117618.70414879177
NM_S_TX_EPE,6,90847.63701825411
NM_S_TX_EPE,7,104563.27012958194
NM_S_TX_EPE,8,93548.73764053603
NM_S_TX_EPE,9,124551.58070580063
NM_S_TX_EPE,10,115877.98042723833
NM_S_TX_EPE,11,124491.53146727663
NM_S_TX_EPE,12,113807.11981110605
NM_S_TX_EPE,13,82174.02007083484
NM_S_TX_EPE,14,88266.54079151976
NM_S_TX_EPE,15,68848.52292778096
NM_S_TX_EPE,16,99641.26897068496
NM_S_TX_EPE,17,111856.34700699947
NM_S_TX_EPE,18,124251.46921229968
NM_S_TX_EPE,19,116298.1571975178
NM_S_TX_EPE,20,82564.19049494485
NM_S_TX_EPE,21,100571.63645083453
NM_S_TX_EPE,22,101051.86031374129
NM_S_TX_EPE,23,96580.02163550661
NM_S_TX_EPE,24,100601.68139986483
NM_S_TX_EPE,25,131844.61113735274
NM_S_TX_EPE,26,114017.22195973906
NM_S_TX_EPE,27,84154.85877691637
NM_S_TX_EPE,28,100961.79043630016
NM_S_TX_EPE,29,114017.20916441067
NM_S_TX_EPE,30,114377.36970259376
NM_S_TX_EPE,31,115787.97181305943
NM_S_TX_EPE,32,126232.23703073832
NM_S_TX_EPE,33,117498.6186735211
NM_S_TX_EPE,34,81363.67183860166
NM_S_TX_EPE,35,100211.45962818108
NM_S_TX_EPE,36,118429.0045383892
NM_S_TX_EPE,37,111436.11421160087
NM_S_TX_EPE,38,121280.19434186009
NM_S_TX_EPE,39,131394.37110650356
NM_S_TX_EPE,40,127252.65662111188
NM_S_TX_EPE,41,84514.97115669164
NM_S_TX_EPE,42,94449.07549375297
NM_S_TX_EPE,43,117108.45748835306
NM_S_TX_EPE,44,113747.08043456882
NM_S_TX_EPE,45,114197.26802975284
NM_S_TX_EPE,46,133165.10547684442
NM_S_TX_EPE,47,124371.46741208348
NM_S_TX_EPE,48,83584.58585336737
NM_S_TX_EPE,49,96129.7718205624
NM_S_TX_EPE,50,106003.86119592912
NM_S_TX_EPE,51,121670.343980544
NM_S_TX_EPE,52,126772.46627750344
NM_S_TX_EPE,53,132774.9469529731
NM_S_TX_EPE,54,124431.49226693652
NM_S_TX_EPE,55,85955.56631779639
NM_S_TX_EPE,56,103602.8628536892
NM_S_TX_EPE,57,115457.78028956443
NM_S_TX_EPE,58,119479.43816129555
NM_S_TX_EPE,59,124851.67319963204
NM_S_TX_EPE,60,124221.4156753382
NM_S_TX_EPE,61,87666.27771884679
NM_S_TX_EPE,62,103392.78165274535
NM_S_TX_EPE,63,117498.6207570529
NM_S_TX_EPE,64,119209.33624937775
NM_S_TX_EPE,65,122990.90996607798
NM_S_TX_EPE,66,122960.89249980378
NM_S_TX_EPE,67,130614.05387958385
NM_S_TX_EPE,68,105883.81283812155
NM_S_TX_EPE,69,109575.3435175456
NM_S_TX_EPE,70,119869.5992084497
NM_S_TX_EPE,71,121430.25751659609
NM_S_TX_EPE,72,127402.72181160786
NM_S_TX_EPE,73,124971.73361491892
NM_S_TX_EPE,74,117978.81797435846
NM_S_TX_EPE,75,98470.75134564575
NM_S_TX_EPE,76,109275.21939976826
NM_S_TX_EPE,77,126082.17622175849
NM_S_TX_EPE,78,124341.46619690092
NM_S_TX_EPE,79,130073.8221127921
NM_S_TX_EPE,80,125481.9329732315
NM_S_TX_EPE,81,129533.60545131956
NM_S_TX_EPE,82,95919.69061066119
NM_S_TX_EPE,83,105013.45062435973
NM_S_TX_EPE,84,122390.64185753331
NM_S_TX_EPE,85,123651.18009734884
NM_S_TX_EPE,86,126112.18199260118
NM_S_TX_EPE,87,133285.1604347165
NM_S_TX_EPE,88,116418.1701622349
NM_S_TX_EPE,89,87996.41216547978
NM_S_TX_EPE,90,97210.22700155582
NM_S_TX_EPE,91,121250.16687637525
NM_S_TX_EPE,92,127102.59230726573
NM_S_TX_EPE,93,123831.2333068137
NM_S_TX_EPE,94,125631.98678751128
NM_S_TX_EPE,95,123411.05757712151
NM_S_TX_EPE,96,94449.08203662054
NM_S_TX_EPE,97,110025.51927444884
NM_S_TX_EPE,98,119029.2466439017
NM_S_TX_EPE,99,119659.51437369159
NM_S_TX_EPE,100,120469.84571351213
NM_S_TX_EPE,101,131244.3017609432
NM_S_TX_EPE,102,127372.69940838387
NM_S_TX_EPE,103,90397.40065544442
NM_S_TX_EPE,104,107234.36495899897
NM_S_TX_EPE,105,123321.02190466647
NM_S_TX_EPE,106,121370.22503035475
NM_S_TX_EPE,107,125211.80607331953
NM_S_TX_EPE,108,130674.07551750049
NM_S_TX_EPE,109,127192.63319507468
NM_S_TX_EPE,110,72900.16421511516
NM_S_TX_EPE,111,109485.2968895512
NM_S_TX_EPE,112,124041.32484291265
NM_S_TX_EPE,113,124881.67706579746
NM_S_TX_EPE,114,132294.73692159686
NM_S_TX_EPE,115,134935.8415868277
NM_S_TX_EPE,116,119389.4032311835
NM_S_TX_EPE,117,91958.05462928093
NM_S_TX_EPE,118,104833.37446478593
NM_S_TX_EPE,119,121280.1796003011
NM_S_TX_EPE,120,123651.16436960478
NM_S_TX_EPE,121,124371.45428818333
NM_S_TX_EPE,122,128933.34675613428
NM_S_TX_EPE,123,120920.0292784025
NM_S_TX_EPE,124,88206.49324999751
NM_S_TX_EPE,125,103932.99967787473
NM_S_TX_EPE,126,125661.99251528725
NM_S_TX_EPE,127,126142.1937426259
NM_S_TX_EPE,128,131754.5116831468
NM_S_TX_EPE,129,132324.74807251396
NM_S_TX_EPE,130,133885.3921485666
NM_S_TX_EPE,131,93368.62904369835
NM_S_TX_EPE,132,97870.4916957486
NM_S_TX_EPE,133,115157.64456665405
NM_S_TX_EPE,134,129263.49056010642
NM_S_TX_EPE,135,126022.13697150958
NM_S_TX_EPE,136,120019.66472054631
NM_S_TX_EPE,137,129863.73406171249
NM_S_TX_EPE,138,96669.99767253276
NM_S_TX_EPE,139,112516.54927948036
NM_S_TX_EPE,140,127282.65909579312
NM_S_TX_EPE,141,129173.44519016551
NM_S_TX_EPE,142,123381.04530095965
NM_S_TX_EPE,143,137756.99445737049
NM_S_TX_EPE,144,120259.75322819821
NM_S_TX_EPE,145,95679.58921620245
NM_S_TX_EPE,146,91417.82359593663
NM_S_TX_EPE,147,101501.99600981575
NM_S_TX_EPE,148,102912.58791052991
NM_S_TX_EPE,149,128993.37017678164
NM_S_TX_EPE,150,114467.35957683128
NM_S_TX_EPE,151,119629.49556140979
NM_S_TX_EPE,152,95049.3288171724
NM_S_TX_EPE,153,99551.19504969486
NM_S_TX_EPE,154,126172.20628719716
NM_S_TX_EPE,155,127012.56469610728
NM_S_TX_EPE,156,126772.4584914437
NM_S_TX_EPE,157,136166.34202971865
NM_S_TX_EPE,158,129833.72377905039
NM_S_TX_EPE,159,99521.18133461823
NM_S_TX_EPE,160,111286.04587852844
NM_S_TX_EPE,161,121640.3293892565
NM_S_TX_EPE,162,124851.67501579116
NM_S_TX_EPE,163,132804.94900448766
NM_S_TX_EPE,164,136016.29064903385
NM_S_TX_EPE,165,129623.63150649612
NM_S_TX_EPE,166,103512.82987789583
NM_S_TX_EPE,167,108674.96950004123
NM_S_TX_EPE,168,128663.24496249415
NM_S_TX_EPE,169,126772.47924816672
NM_S_TX_EPE,170,113987.16982133655
NM_S_TX_EPE,171,127822.89590274786
NM_S_TX_EPE,172,126952.53073047401
NM_S_TX_EPE,173,102642.46871951611
NM_S_TX_EPE,174,109815.43692347719
NM_S_TX_EPE,175,126022.14886847736
NM_S_TX_EPE,176,131844.57527808845
NM_S_TX_EPE,177,130794.12067399229
NM_S_TX_EPE,178,137426.86032332433
NM_S_TX_EPE,179,131484.41123374138
NM_S_TX_EPE,180,102942.60069769683
NM_S_TX_EPE,181,105853.80070123577
NM_S_TX_EPE,182,124341.44121908087
NM_S_TX_EPE,183,123741.19718831993
NM_S_TX_EPE,184,126442.3169830447
NM_S_TX_EPE,185,71789.70400413149
NM_S_TX_EPE,186,93638.73913078709
NM_S_TX_EPE,187,99461.15015952408
NM_S_TX_EPE,188,105793.77060922582
NM_S_TX_EPE,189,83734.64416310328
NM_S_TX_EPE,190,116718.29191285027
NM_S_TX_EPE,191,121430.23976518588
NM_S_TX_EPE,192,129593.61954423634
NM_S_TX_EPE,193,124341.44587554738
NM_S_TX_EPE,194,98980.95456000016
NM_S_TX_EPE,195,107414.44069541078
NM_S_TX_EPE,196,123891.25675834411
NM_S_TX_EPE,197,126262.24288077462
NM_S_TX_EPE,198,129743.68162456255
NM_S_TX_EPE,199,130073.81468755078
NM_S_TX_EPE,200,121700.35076946748
NM_S_TX_EPE,201,99911.3362647502
NM_S_TX_EPE,202,106183.92921256888
NM_S_TX_EPE,203,118699.10950285317
NM_S_TX_EPE,204,123651.16146634893
NM_S_TX_EPE,205,128333.09217962746
NM_S_TX_EPE,206,131304.32528843672
NM_S_TX_EPE,207,130223.87976160973
NM_S_TX_EPE,208,103452.7988575579
NM_S_TX_EPE,209,111556.15133009588
NM_S_TX_EPE,210,127732.84390323954
NM_S_TX_EPE,211,126802.46414851384
NM_S_TX_EPE,212,133675.30187595662
NM_S_TX_EPE,213,134515.66006092035
NM_S_TX_EPE,214,126202.2169556171
NM_S_TX_EPE,215,98950.9423117053
NM_S_TX_EPE,216,104173.1115497419
NM_S_TX_EPE,217,118398.98803860042
NM_S_TX_EPE,218,116958.40406169297
NM_S_TX_EPE,219,123321.02621114654
NM_S_TX_EPE,220,128062.99619039528
NM_S_TX_EPE,221,123831.23995533156
NM_S_TX_EPE,222,91868.01424811308
NM_S_TX_EPE,223,108314.81682243918
NM_S_TX_EPE,224,123411.07005558824
NM_S_TX_EPE,225,120950.05404250481
NM_S_TX_EPE,226,126232.23440279477
NM_S_TX_EPE,227,130073.82705694308
NM_S_TX_EPE,228,123951.28879803485
NM_S_TX_EPE,229,91267.76736322348
NM_S_TX_EPE,230,105853.80312314823
NM_S_TX_EPE,231,121400.23527912892
NM_S_TX_EPE,232,118639.10993926448
NM_S_TX_EPE,233,121940.46814347473
NM_S_TX_EPE,234,130463.99736644393
NM_S_TX_EPE,235,123531.1234078525
NM_S_TX_EPE,236,90097.28498981212
NM_S_TX_EPE,237,105643.71193598866
NM_S_TX_EPE,238,116988.41314665531
NM_S_TX_EPE,239,112876.72478826354
NM_S_TX_EPE,240,116388.15879982128
NM_S_TX_EPE,241,128753.27616755433
NM_S_TX_EPE,242,122900.85283191885
NM_S_TX_EPE,243,85835.51836757232
NM_S_TX_EPE,244,87246.10530437516
NM_S_TX_EPE,245,104833.38274158398
NM_S_TX_EPE,246,108735.00191124856
NM_S_TX_EPE,247,116328.13667009717
NM_S_TX_EPE,248,128753.28127016556
NM_S_TX_EPE,249,127102.5932578169
NM_S_TX_EPE,250,91327.7928054387
NM_S_TX_EPE,251,107054.30095318989
NM_S_TX_EPE,252,121790.40385064865
NM_S_TX_EPE,253,116898.3823600675
NM_S_TX_EPE,254,120019.67399856498
NM_S_TX_EPE,255,134995.86274308257
NM_S_TX_EPE,256,130854.15585683104
NM_S_TX_EPE,257,93098.5263827891
NM_S_TX_EPE,258,115757.90111969352
NM_S_TX_EPE,259,121820.40936458751
NM_S_TX_EPE,260,123020.92138585522
NM_S_TX_EPE,261,125421.90850025439
NM_S_TX_EPE,262,136046.29858045437
NM_S_TX_EPE,263,131544.443916857
NM_S_TX_EPE,264,95319.4511966338
NM_S_TX_EPE,265,115577.83194879095
NM_S_TX_EPE,266,120199.7406578386
NM_S_TX_EPE,267,120920.04939271511
NM_S_TX_EPE,268,123891.27584301165
NM_S_TX_EPE,269,136316.4126559767
NM_S_TX_EPE,270,125601.97531849555
NM_S_TX_EPE,271,95049.33292296139
NM_S_TX_EPE,272,116298.1182276129
NM_S_TX_EPE,273,121430.24776862457
NM_S_TX_EPE,274,117918.79130942948
NM_S_TX_EPE,275,122330.61059066342
NM_S_TX_EPE,276,136106.3095974842
NM_S_TX_EPE,277,126682.41807949154
NM_S_TX_EPE,278,95559.53858346755
NM_S_TX_EPE,279,113957.14437585775
NM_S_TX_EPE,280,126412.2991089244
NM_S_TX_EPE,281,124341.44564929834
NM_S_TX_EPE,282,126832.4730330177
NM_S_TX_EPE,283,136526.48439328742
NM_S_TX_EPE,284,133555.25253582298
NM_S_TX_EPE,285,96369.86942376051
NM_S_TX_EPE,286,115127.62870965507
NM_S_TX_EPE,287,115577.81650457247
NM_S_TX_EPE,288,125541.94207016514
NM_S_TX_EPE,289,129083.40536621376
NM_S_TX_EPE,290,141748.64477633612
NM_S_TX_EPE,291,136616.52196106352
NM_S_TX_EPE,292,99581.19820996
NM_S_TX_EPE,293,125782.03460594937
NM_S_TX_EPE,294,134245.53685307203
NM_S_TX_EPE,295,130584.02724628922
NM_S_TX_EPE,296,130854.14046318301
NM_S_TX_EPE,297,137696.9708496198
NM_S_TX_EPE,298,137156.74574474266
NM_S_TX_EPE,299,93158.54557321557
NM_S_TX_EPE,300,118639.08191381692
NM_S_TX_EPE,301,127582.78214655044
NM_S_TX_EPE,302,122510.6883661209
NM_S_TX_EPE,303,126202.21215096122
NM_S_TX_EPE,304,114287.28601976454
NM_S_TX_EPE,305,126532.35906655242
NM_S_TX_EPE,306,91177.7340159745
NM_S_TX_EPE,307,110595.76073441589
NM_S_TX_EPE,308,107594.52805196315
NM_S_TX_EPE,309,116778.33582332384
NM_S_TX_EPE,310,127012.58246101918
NM_S_TX_EPE,311,134425.6230032104
NM_S_TX_EPE,312,119209.33290217072
NM_S_TX_EPE,313,95049.34309186123
NM_S_TX_EPE,314,117498.61605519099
NM_S_TX_EPE,315,117258.51778834683
NM_S_TX_EPE,316,121970.47912335348
NM_S_TX_EPE,317,127372.72392327002
NM_S_TX_EPE,318,139797.85417257325
NM_S_TX_EPE,319,135085.9029472884
NM_S_TX_EPE,320,93908.86018691125
NM_S_TX_EPE,321,115817.92827857974
NM_S_TX_EPE,322,123140.9568328495
NM_S_TX_EPE,323,128543.19567096903
NM_S_TX_EPE,324,125692.03007883832
NM_S_TX_EPE,325,138567.34681948382
NM_S_TX_EPE,326,138027.1176016425
NM_S_TX_EPE,327,110625.77774291362
NM_S_TX_EPE,328,114137.22781702275
NM_S_TX_EPE,329,124731.61965830404
NM_S_TX_EPE,330,131994.62705244913
NM_S_TX_EPE,331,126112.19664153231
NM_S_TX_EPE,332,54172.43107723639
NM_S_TX_EPE,333,98170.6241935028
NM_S_TX_EPE,334,120169.72250998298
NM_S_TX_EPE,335,125121.7610459589
NM_S_TX_EPE,336,128393.1190027762
NM_S_TX_EPE,337,122390.64569279841
NM_S_TX_EPE,338,123921.2777951565
NM_S_TX_EPE,339,132834.96140860897
NM_S_TX_EPE,340,125391.88461178378
NM_S_TX_EPE,341,96519.9346694578
NM_S_TX_EPE,342,109605.34496580047
NM_S_TX_EPE,343,122180.54631939146
NM_S_TX_EPE,344,126952.52432343752
NM_S_TX_EPE,345,131514.4130020701
NM_S_TX_EPE,346,135866.21183529665
NM_S_TX_EPE,347,132024.62399914768
NM_S_TX_EPE,348,95559.53740449918
NM_S_TX_EPE,349,113146.80786994044
NM_S_TX_EPE,350,117828.74870751397
NM_S_TX_EPE,351,128032.9796497399
NM_S_TX_EPE,352,130253.89544381575
NM_S_TX_EPE,353,135776.17830406677
NM_S_TX_EPE,354,133645.29731162285
NM_S_TX_EPE,355,111736.22790670091
NM_S_TX_EPE,356,110385.6654044629
NM_S_TX_EPE,357,111946.3145531794
NM_S_TX_EPE,358,74310.74514721075
NM_S_TX_EPE,359,80673.38318261571
NM_S_TX_EPE,360,104143.09022052247
NM_S_TX_EPE,361,125481.91225126518
NM_S_TX_EPE,362,98290.66868204535
NM_S_TX_EPE,363,107894.63471303326
NM_S_TX_EPE,364,108885.05395733585
NM_S_TX_EPE,365,85865.52762800395
NV_N,1,18.674736721154343
NV_N,2,25.936541270450338
NV_N,3,25.2248505202164
NV_N,4,25.261156984205986
NV_N,5,19.863769838010192
NV_N,6,16.235091202484394
NV_N,7,25.77354712049843
NV_N,8,20.848746078225684
NV_N,9,20.016069906163594
NV_N,10,16.063248058194986
NV_N,11,24.78018942503654
NV_N,12,21.908762658788177
NV_N,13,12.70121034282516
NV_N,14,16.28686699589807
NV_N,15,26.44539316005523
NV_N,16,20.638594094873177
NV_N,17,24.081007712186675
NV_N,18,24.29712562603712
NV_N,19,23.96315069969741
NV_N,20,20.563118204666935
NV_N,21,25.272801467972023
NV_N,22,20.61200154529396
NV_N,23,22.57246825888826
NV_N,24,28.906902058141707
NV_N,25,25.452974381592593
NV_N,26,23.869080486850898
NV_N,27,16.200244357584417
NV_N,28,19.14814339478206
NV_N,29,22.431099800651854
NV_N,30,23.09905248470505
NV_N,31,21.242498755272784
NV_N,32,25.1528275382968
NV_N,33,29.706708152344678
NV_N,34,19.432839980814816
NV_N,35,18.33793565352113
NV_N,36,24.285289434680497
NV_N,37,22.108258999534527
NV_N,38,22.821694674319275
NV_N,39,27.489355716887776
NV_N,40,26.043881754471382
NV_N,41,21.275788101257287
NV_N,42,23.769205452942696
NV_N,43,29.83800809742466
NV_N,44,25.95999031851557
NV_N,45,26.678308834793302
NV_N,46,30.175236967314955
NV_N,47,28.694997173618276
NV_N,48,18.834190625045423
NV_N,49,19.777792867691254
NV_N,50,30.561967371455356
NV_N,51,24.351232102332247
NV_N,52,26.231538937774708
NV_N,53,27.06989411777073
NV_N,54,24.55219787720484
NV_N,55,19.800996024253237
NV_N,56,23.86145192983734
NV_N,57,25.686325663872626
NV_N,58,26.38707256940306
NV_N,59,23.91913063121066
NV_N,60,22.589886938476873
NV_N,61,14.690225769159102
NV_N,62,23.161286960925178
NV_N,63,30.725609316330257
NV_N,64,28.2933201201636
NV_N,65,27.820736937372814
NV_N,66,29.58808735487433
NV_N,67,26.533451630544032
NV_N,68,23.490772240014
NV_N,69,27.497111638189363
NV_N,70,30.590970163504544
NV_N,71,31.04550829796445
NV_N,72,29.90648577781624
NV_N,73,29.062586289485633
NV_N,74,28.912387283337598
NV_N,75,26.293347449549852
NV_N,76,27.466238679697927
NV_N,77,27.67386247554286
NV_N,78,29.97878506668884
NV_N,79,30.11319627962946
NV_N,80,29.584681045463366
NV_N,81,30.439478384022923
NV_N,82,26.61683770698211
NV_N,83,28.295872536305236
NV_N,84,28.872651414514596
NV_N,85,30.10563360789097
NV_N,86,27.56051003461083
NV_N,87,31.366673770200663
NV_N,88,31.488517705356067
NV_N,89,21.403903471546037
NV_N,90,23.569136199027508
NV_N,91,24.226773683312906
NV_N,92,20.24726976352298
NV_N,93,24.435031133318333
NV_N,94,22.67382834185508
NV_N,95,25.711081585105706
NV_N,96,20.98840074904521
NV_N,97,18.793456887100593
NV_N,98,22.068773162751004
NV_N,99,25.132638828996132
NV_N,100,22.402736826917533
NV_N,101,24.001349560854823
NV_N,102,25.53814224257774
NV_N,103,17.18847113025678
NV_N,104,18.180332832270587
NV_N,105,22.676856964447747
NV_N,106,24.070714656317268
NV_N,107,24.075914563441064
NV_N,108,24.422622970711107
NV_N,109,23.6516928100645
NV_N,110,19.50209984780665
NV_N,111,18.056936159796106
NV_N,112,23.634513024415085
NV_N,113,24.84587662340532
NV_N,114,23.575887303688837
NV_N,115,25.471546903033886
NV_N,116,24.194337812237872
NV_N,117,19.729506639546784
NV_N,118,20.944066472347398
NV_N,119,22.942273973989597
NV_N,120,24.044494305697405
NV_N,121,25.58565921080401
NV_N,122,31.3315961091966
NV_N,123,26.98898237278967
NV_N,124,20.940551885301183
NV_N,125,23.82669273054512
NV_N,126,28.539396397083046
NV_N,127,30.708685676588207
NV_N,128,28.461979686079484
NV_N,129,29.508396688609736
NV_N,130,29.432336070360734
NV_N,131,24.428427713270793
NV_N,132,21.24700439949828
NV_N,133,29.445333817217914
NV_N,134,29.384291291244555
NV_N,135,32.775976189653115
NV_N,136,30.79601751269257
NV_N,137,31.80590897061251
NV_N,138,22.40873216929421
NV_N,139,26.072699440748973
NV_N,140,30.277301961964838
NV_N,141,34.19858253474172
NV_N,142,32.28059815595643
NV_N,143,32.8246522495119
NV_N,144,29.3111416393575
NV_N,145,19.322497978431258
NV_N,146,18.938995729794854
NV_N,147,22.131263381728903
NV_N,148,32.056413852152474
NV_N,149,29.509846385097305
NV_N,150,31.295567950272314
NV_N,151,28.16277639188114
NV_N,152,29.062358841148175
NV_N,153,38.11647725429873
NV_N,154,37.15949930343154
NV_N,155,42.67989723392569
NV_N,156,42.261389807626486
NV_N,157,45.31880418240648
NV_N,158,42.67013609122305
NV_N,159,35.08094434365515
NV_N,160,39.00769247778043
NV_N,161,43.393963108458955
NV_N,162,43.50679817604765
NV_N,163,40.764246497004635
NV_N,164,47.548830862813425
NV_N,165,43.392036437096316
NV_N,166,41.35513045765162
NV_N,167,40.392403446457486
NV_N,168,39.664413825182756
NV_N,169,45.72807184288949
NV_N,170,43.74716429820741
NV_N,171,44.1428171506406
NV_N,172,44.11692851271299
NV_N,173,38.92756861137172
NV_N,174,45.32183141584418
NV_N,175,48.352249230528976
NV_N,176,49.626592404902645
NV_N,177,46.09488903248055
NV_N,178,48.481390928151114
NV_N,179,40.66598132573308
NV_N,180,41.964527493562564
NV_N,181,42.44567932843926
NV_N,182,37.90785183148343
NV_N,183,43.492126544032864
NV_N,184,39.311222862891796
NV_N,185,28.877294774947313
NV_N,186,34.873281508263254
NV_N,187,34.751522502617576
NV_N,188,39.926499188740614
NV_N,189,39.54870005737792
NV_N,190,42.66993586588035
NV_N,191,44.630587530459415
NV_N,192,49.77434883440304
NV_N,193,40.73491144961575
NV_N,194,36.69224007844544
NV_N,195,43.92246160022416
NV_N,196,47.674477422522415
NV_N,197,38.02494294169003
NV_N,198,41.6057929422756
NV_N,199,49.02981134512313
NV_N,200,46.071012874075244
NV_N,201,34.876031019817944
NV_N,202,39.24038748194698
NV_N,203,44.92637197438869
NV_N,204,45.665157248739256
NV_N,205,45.59299307705314
NV_N,206,52.89103758679898
NV_N,207,45.75339981099288
NV_N,208,37.08187363678992
NV_N,209,41.409976748452266
NV_N,210,42.123676197764595
NV_N,211,44.59573968109394
NV_N,212,45.48207396542513
NV_N,213,44.666472339145436
NV_N,214,42.88384291628081
NV_N,215,33.666593279237304
NV_N,216,37.143708901050566
NV_N,217,37.053869547716815
NV_N,218,36.58992950618035
NV_N,219,38.335335772308575
NV_N,220,42.08859663539073
NV_N,221,46.134393972709915
NV_N,222,34.400414206973515
NV_N,223,43.488036392204066
NV_N,224,39.22066611405544
NV_N,225,37.8187187683041
NV_N,226,36.473799291663035
NV_N,227,43.33553250202532
NV_N,228,39.717401796640516
NV_N,229,31.592851412794023
NV_N,230,38.18976423992326
NV_N,231,44.45112055677056
NV_N,232,37.36161403617139
NV_N,233,38.682567834037286
NV_N,234,47.59087700145473
NV_N,235,46.09889426795447
NV_N,236,36.025112776883624
NV_N,237,48.93071923630423
NV_N,238,43.09536943623038
NV_N,239,44.97133906719943
NV_N,240,43.28728844523975
NV_N,241,49.380785526488104
NV_N,242,45.476663497514856
NV_N,243,31.46556256160516
NV_N,244,38.81005725785937
NV_N,245,43.990641966796844
NV_N,246,37.98876397796828
NV_N,247,34.20732726031402
NV_N,248,39.21168130809231
NV_N,249,34.87698604314515
NV_N,250,27.1432629437962
NV_N,251,33.09352895948574
NV_N,252,35.41280293963882
NV_N,253,29.572663980592456
NV_N,254,32.291297996964666
NV_N,255,38.597743397998535
NV_N,256,38.21116133107151
NV_N,257,27.64505573159166
NV_N,258,33.567885434681386
NV_N,259,33.59496746250692
NV_N,260,37.219539826687985
NV_N,261,34.280681657581006
NV_N,262,38.970018921895885
NV_N,263,39.36208300172808
NV_N,264,29.006972809216553
NV_N,265,34.17106771356307
NV_N,266,39.22445143956009
NV_N,267,32.23157940879314
NV_N,268,35.006855373360644
NV_N,269,38.53506551441794
NV_N,270,36.94236331074925
NV_N,271,32.301523731283964
NV_N,272,34.23756714567676
NV_N,273,35.81158448842865
NV_N,274,23.132346019939696
NV_N,275,24.471754890657405
NV_N,276,25.991603340313574
NV_N,277,29.57380959673517
NV_N,278,20.313543646380808
NV_N,279,27.228036427027227
NV_N,280,29.853140941260172
NV_N,281,29.983669940571637
NV_N,282,26.02207405422891
NV_N,283,30.629719086173125
NV_N,284,28.015289333891147
NV_N,285,21.2067008528942
NV_N,286,24.28997789704524
NV_N,287,29.925264886455416
NV_N,288,25.765421213396642
NV_N,289,26.59008836893044
NV_N,290,32.26559149708354
NV_N,291,30.17688990932672
NV_N,292,23.627246580039238
NV_N,293,24.892718394704797
NV_N,294,28.99244898283547
NV_N,295,29.09885733883335
NV_N,296,27.262074555039128
NV_N,297,30.70058518553938
NV_N,298,29.703575969688217
NV_N,299,20.121513874077447
NV_N,300,26.284244284833726
NV_N,301,27.013842410275036
NV_N,302,28.195393808060775
NV_N,303,25.524806802707996
NV_N,304,21.014924698568866
NV_N,305,28.916027892053883
NV_N,306,18.59249796167567
NV_N,307,23.893438314739047
NV_N,308,24.021330522519808
NV_N,309,24.029935310833736
NV_N,310,26.97933954957296
NV_N,311,29.742270626434753
NV_N,312,26.16055311099543
NV_N,313,18.724221339997307
NV_N,314,21.63797984299966
NV_N,315,22.72269918942476
NV_N,316,25.856376186938963
NV_N,317,28.61345865630557
NV_N,318,31.328854995092556
NV_N,319,27.074923232805048
NV_N,320,18.040484868357478
NV_N,321,23.6521386592119
NV_N,322,27.45379071089748
NV_N,323,24.20406744234486
NV_N,324,24.80635402480182
NV_N,325,28.259921470655666
NV_N,326,29.029631851118342
NV_N,327,24.445179792345026
NV_N,328,26.466474604308146
NV_N,329,28.67268269012583
NV_N,330,30.235187953726456
NV_N,331,31.05832441231878
NV_N,332,13.160848201282016
NV_N,333,24.091804073952822
NV_N,334,22.78329372161445
NV_N,335,25.224683722213307
NV_N,336,27.757126399627992
NV_N,337,24.085306164314968
NV_N,338,24.758146760760912
NV_N,339,27.12968294587627
NV_N,340,26.039398435573503
NV_N,341,17.50613162897516
NV_N,342,23.45760216136672
NV_N,343,22.03188959493387
NV_N,344,26.229633372354822
NV_N,345,23.904329375259703
NV_N,346,27.555245675139517
NV_N,347,26.70090501468133
NV_N,348,16.633130679701996
NV_N,349,21.47604034689115
NV_N,350,23.617344109139655
NV_N,351,26.68304391565688
NV_N,352,25.414555914597365
NV_N,353,27.540684537968733
NV_N,354,31.386180374140185
NV_N,355,24.599683177203243
NV_N,356,26.123960169346148
NV_N,357,28.878754337741935
NV_N,358,19.256583876104163
NV_N,359,17.609889178517847
NV_N,360,28.044908948134957
NV_N,361,28.566483172422544
NV_N,362,23.475388349177262
NV_N,363,22.922191051673373
NV_N,364,30.15426331823971
NV_N,365,23.367929909209074
NV_S,1,26745.380658903214
NV_S,2,26573.922236680184
NV_S,3,26574.63392782984
NV_S,4,29267.4228272346
NV_S,5,28616.03357941379
NV_S,6,21592.045215939645
NV_S,7,29266.910395084327
NV_S,8,29206.156575811496
NV_S,9,26021.574026695213
NV_S,10,24711.95357759229
NV_S,11,31698.014347167795
NV_S,12,29927.56181502148
NV_S,13,20052.130503432
NV_S,14,25072.962608166083
NV_S,15,27657.11133348979
NV_S,16,25889.59417541141
NV_S,17,26247.38441130559
NV_S,18,30877.514117799947
NV_S,19,29958.346800986812
NV_S,20,20142.786631265488
NV_S,21,28479.26717816633
NV_S,22,26579.246777630626
NV_S,23,27135.554908650738
NV_S,24,27096.381143077717
NV_S,25,34225.970108132824
NV_S,26,33833.482021866155
NV_S,27,21920.47338052227
NV_S,28,31342.41374199842
NV_S,29,29237.41355360886
NV_S,30,25000.471759129738
NV_S,31,25757.63294365592
NV_S,32,28085.315170810736
NV_S,33,31430.373131121454
NV_S,34,22935.26006988597
NV_S,35,29931.132642026747
NV_S,36,27298.038746343813
NV_S,37,24804.426561972272
NV_S,38,25263.4637711303
NV_S,39,32450.609768543847
NV_S,40,32681.930564922674
NV_S,41,24476.86571513283
NV_S,42,32552.847914129106
NV_S,43,42037.3459941048
NV_S,44,27591.918031423927
NV_S,45,26277.62644195676
NV_S,46,31134.350616342523
NV_S,47,30971.63419726737
NV_S,48,21655.124780064623
NV_S,49,28386.244191445287
NV_S,50,29787.551283213736
NV_S,51,25557.48821966624
NV_S,52,26606.4665295915
NV_S,53,30316.472664847766
NV_S,54,29662.20372561289
NV_S,55,22409.46260546218
NV_S,56,30615.235092999654
NV_S,57,29365.51561186226
NV_S,58,25851.006365163124
NV_S,59,27692.476886432552
NV_S,60,30123.91686213683
NV_S,61,19656.069506720403
NV_S,62,33144.563969657735
NV_S,63,29787.387809696727
NV_S,64,26440.20826496107
NV_S,65,27425.860813020932
NV_S,66,31857.403246967966
NV_S,67,30514.045280725783
NV_S,68,22602.8089878289
NV_S,69,29068.151010555976
NV_S,70,31987.75769113217
NV_S,71,28637.69131124826
NV_S,72,28737.34832840149
NV_S,73,30380.1588125892
NV_S,74,30051.915696174023
NV_S,75,24439.00899669579
NV_S,76,30414.59431560716
NV_S,77,31957.83546537345
NV_S,78,29032.82983472173
NV_S,79,30017.875376721953
NV_S,80,33335.176582935404
NV_S,81,33104.44645673972
NV_S,82,25489.54395051403
NV_S,83,30216.72869110792
NV_S,84,29493.686793504345
NV_S,85,26668.271269737015
NV_S,86,27557.478356548552
NV_S,87,31198.83802228394
NV_S,88,29983.660903757198
NV_S,89,21849.59105786076
NV_S,90,27758.50554441227
NV_S,91,30713.3877665675
NV_S,92,26152.70015399776
NV_S,93,26903.817023426738
NV_S,94,28022.115506459624
NV_S,95,33273.37133701993
NV_S,96,23032.222504497495
NV_S,97,29438.087144249395
NV_S,98,30978.260421309566
NV_S,99,28183.853354905787
NV_S,100,28679.173233482754
NV_S,101,32092.86512529232
NV_S,102,32452.56098201816
NV_S,103,22871.825775188987
NV_S,104,31310.54217934644
NV_S,105,31700.117636499534
NV_S,106,27593.80730711858
NV_S,107,28086.39208388495
NV_S,108,32847.74848264597
NV_S,109,32782.8407493553
NV_S,110,22836.67281478355
NV_S,111,30194.128295710645
NV_S,112,31502.123989829528
NV_S,113,27625.871476892815
NV_S,114,27627.141466313034
NV_S,115,31861.519605465255
NV_S,116,31501.564165043852
NV_S,117,22770.766744386226
NV_S,118,31307.77844570636
NV_S,119,30517.63627566683
NV_S,120,27692.351522758072
NV_S,121,28314.75766157757
NV_S,122,32446.767845689
NV_S,123,31071.85852002591
NV_S,124,21915.733374400257
NV_S,125,30516.75215337308
NV_S,126,30741.914785645975
NV_S,127,27948.401985600005
NV_S,128,28213.36334582611
NV_S,129,32842.6627088574
NV_S,130,31824.71978245357
NV_S,131,23225.818468176534
NV_S,132,30387.974510814518
NV_S,133,30839.526839963662
NV_S,134,28770.70998593467
NV_S,135,29227.06895665283
NV_S,136,32939.89308337881
NV_S,137,33628.50915921683
NV_S,138,23260.677495454984
NV_S,139,33043.13439676975
NV_S,140,32382.143482062067
NV_S,141,32870.811854853986
NV_S,142,30869.53092896235
NV_S,143,30770.4685516442
NV_S,144,29985.838410138094
NV_S,145,21556.118477408967
NV_S,146,25201.667806565874
NV_S,147,29007.83832778354
NV_S,148,27191.749950915353
NV_S,149,27752.564834248344
NV_S,150,30969.033946774918
NV_S,151,31694.632020046174
NV_S,152,22859.951887501866
NV_S,153,30469.622740605915
NV_S,154,29912.311078385595
NV_S,155,27673.716119856806
NV_S,156,27345.741309518417
NV_S,157,30922.171058504224
NV_S,158,31647.285025617297
NV_S,159,23445.04127390348
NV_S,160,31092.678829067234
NV_S,161,30924.09589958575
NV_S,162,28034.121868408445
NV_S,163,26657.612485598347
NV_S,164,30427.351055207448
NV_S,165,30300.150522547046
NV_S,166,24226.91105039287
NV_S,167,30171.792828449732
NV_S,168,29318.698191954732
NV_S,169,27966.221931193737
NV_S,170,25735.12827811299
NV_S,171,31153.22236801771
NV_S,172,30529.300952895865
NV_S,173,22324.657369335433
NV_S,174,29641.43409209156
NV_S,175,30557.904963995978
NV_S,176,27633.9300929121
NV_S,177,27900.176450502
NV_S,178,31739.991766121337
NV_S,179,30926.82388139644
NV_S,180,24127.78365803494
NV_S,181,31844.545473046663
NV_S,182,27908.36348766318
NV_S,183,27016.11725507473
NV_S,184,28136.835680301472
NV_S,185,21119.6523675526
NV_S,186,24528.946885313457
NV_S,187,22624.38740144732
NV_S,188,29416.95434204559
NV_S,189,28629.187938520245
NV_S,190,27542.36875422332
NV_S,191,27376.211443675733
NV_S,192,31902.89546716999
NV_S,193,30565.522536795797
NV_S,194,23640.466197042366
NV_S,195,30759.370742556483
NV_S,196,32233.38890509673
NV_S,197,24854.18854160749
NV_S,198,26558.253184820987
NV_S,199,30918.460051387836
NV_S,200,27177.73502763965
NV_S,201,22000.31558924931
NV_S,202,27611.4769661257
NV_S,203,32071.940365346276
NV_S,204,29247.018785000368
NV_S,205,29312.769612810844
NV_S,206,32720.762317427227
NV_S,207,32366.6673095295
NV_S,208,23377.361681096638
NV_S,209,29119.916883844693
NV_S,210,31155.241765389725
NV_S,211,29477.9635249779
NV_S,212,29083.005454255253
NV_S,213,32072.20000249783
NV_S,214,32172.500946801047
NV_S,215,23052.383949646246
NV_S,216,29025.665220626728
NV_S,217,29879.57771220882
NV_S,218,26399.072473808777
NV_S,219,26233.130423716986
NV_S,220,32173.29619832329
NV_S,221,33712.69899222888
NV_S,222,25350.403046968848
NV_S,223,32434.611088004527
NV_S,224,29581.85691600323
NV_S,225,26496.361354480963
NV_S,226,26103.634292688264
NV_S,227,30562.922020101556
NV_S,228,30665.057806779772
NV_S,229,22594.70674080479
NV_S,230,29976.959477099346
NV_S,231,30134.895105867028
NV_S,232,25708.674496756375
NV_S,233,26068.5865239692
NV_S,234,32758.901901944726
NV_S,235,30757.194641300077
NV_S,236,22787.31047004398
NV_S,237,30655.844804750657
NV_S,238,29742.178893387176
NV_S,239,25766.74343516065
NV_S,240,26655.089781584615
NV_S,241,32363.04001161646
NV_S,242,32465.46211337429
NV_S,243,22364.95902777971
NV_S,244,26495.37001595009
NV_S,245,34273.11106162519
NV_S,246,26430.512645682444
NV_S,247,26171.57942820992
NV_S,248,31617.90414860833
NV_S,249,30768.416217755206
NV_S,250,22040.887689031137
NV_S,251,29850.698385173244
NV_S,252,31030.595055048885
NV_S,253,25979.178100847017
NV_S,254,27815.462046161887
NV_S,255,35263.68391340715
NV_S,256,32899.63860776246
NV_S,257,23452.477162515548
NV_S,258,34841.80245831142
NV_S,259,33199.80878759498
NV_S,260,26595.47852870259
NV_S,261,25350.522779468352
NV_S,262,32537.64710066015
NV_S,263,31847.629069331102
NV_S,264,23779.508563175645
NV_S,265,34939.71727135387
NV_S,266,31814.9273691195
NV_S,267,25713.804531228634
NV_S,268,27221.638516857598
NV_S,269,32767.95737648403
NV_S,270,33097.94339642545
NV_S,271,24038.92866644376
NV_S,272,34315.70346822007
NV_S,273,32343.769544450985
NV_S,274,25591.546437522396
NV_S,275,25458.84970155659
NV_S,276,32846.179502205676
NV_S,277,33400.86593610339
NV_S,278,23262.772683958123
NV_S,279,33534.569036368186
NV_S,280,33137.87195056869
NV_S,281,28474.55630969372
NV_S,282,29036.786545734187
NV_S,283,36650.90387221741
NV_S,284,33369.58512459247
NV_S,285,25856.186736879627
NV_S,286,35934.77831438355
NV_S,287,33531.87180790877
NV_S,288,27657.79126407659
NV_S,289,29003.37919964571
NV_S,290,35335.69472885562
NV_S,291,35042.2294444794
NV_S,292,25853.76619115248
NV_S,293,37050.71285419415
NV_S,294,34320.9485863829
NV_S,295,29427.781743734842
NV_S,296,29692.33318070884
NV_S,297,38325.638926580425
NV_S,298,35239.73874906169
NV_S,299,23591.358031468153
NV_S,300,34816.246767687495
NV_S,301,33009.35392200458
NV_S,302,28049.433272767183
NV_S,303,28183.461186867633
NV_S,304,28056.613741876685
NV_S,305,33040.29106869865
NV_S,306,23921.28036546524
NV_S,307,34391.726260973766
NV_S,308,30910.629200746516
NV_S,309,25426.452189753665
NV_S,310,27196.8267009076
NV_S,311,34418.71676006064
NV_S,312,32648.97456218736
NV_S,313,24577.93527756055
NV_S,314,34722.37503718364
NV_S,315,30287.98052837799
NV_S,316,26606.841692342336
NV_S,317,27556.42523131236
NV_S,318,34712.68416165593
NV_S,319,33272.007495372236
NV_S,320,21820.11514503412
NV_S,321,32881.35829903869
NV_S,322,32450.64533354984
NV_S,323,26345.77934689675
NV_S,324,27034.803027563514
NV_S,325,33237.98316578101
NV_S,326,33499.92810917032
NV_S,327,24605.05365053683
NV_S,328,37147.657093305854
NV_S,329,32515.10510511816
NV_S,330,30970.09400648726
NV_S,331,31297.664188169823
NV_S,332,16143.790384494654
NV_S,333,24047.138386470437
NV_S,334,25164.984177136124
NV_S,335,29464.49524912525
NV_S,336,30151.588773697047
NV_S,337,27232.560066066635
NV_S,338,27363.244552565277
NV_S,339,31498.628819875466
NV_S,340,35604.63557610731
NV_S,341,24940.38601643792
NV_S,342,38726.953890889876
NV_S,343,32291.87057579693
NV_S,344,28609.66767335703
NV_S,345,29071.743622186925
NV_S,346,33041.65185051349
NV_S,347,33929.168149065794
NV_S,348,24218.793718364203
NV_S,349,36397.3428967665
NV_S,350,29334.74526164324
NV_S,351,27558.35564605301
NV_S,352,27625.302797601627
NV_S,353,31399.699822962062
NV_S,354,30936.10368229308
NV_S,355,23718.237189260115
NV_S,356,28609.773346560036
NV_S,357,29033.92986545068
NV_S,358,19782.86047570855
NV_S,359,19357.595857347093
NV_S,360,27918.226430532035
NV_S,361,29296.956790806184
NV_S,362,25197.13141390789
NV_S,363,27989.027811976044
NV_S,364,29393.887005981687
NV_S,365,22602.931662219857
OR_E,1,1.7639526470803388
OR_E,2,2.975358658204009
OR_E,3,2.7200981879772095
OR_E,4,3.744039086816838
OR_E,5,3.5384565576806275
OR_E,6,2.8738111117044753
OR_E,7,3.0774810373963524
OR_E,8,3.256701687497509
OR_E,9,2.5123326954165055
OR_E,10,2.2314476322680394
OR_E,11,3.7161511130257705
OR_E,12,3.375525207372116
OR_E,13,0.8467164193772873
OR_E,14,1.7623998447188511
OR_E,15,2.6008221816560386
OR_E,16,2.2657120967907294
OR_E,17,2.213803953262775
OR_E,18,1.6091273560945982
OR_E,19,3.143823230641971
OR_E,20,1.7320917309917347
OR_E,21,2.381664245079773
OR_E,22,3.576107448452884
OR_E,23,3.1023825119436617
OR_E,24,2.914063288347639
OR_E,25,3.9868325312369
OR_E,26,3.651455770320183
OR_E,27,2.1097366242372417
OR_E,28,2.941347345780108
OR_E,29,3.6689667066779608
OR_E,30,2.809277793585058
OR_E,31,2.2897410322481577
OR_E,32,3.410599351563668
OR_E,33,3.491454858063699
OR_E,34,2.4750359007826392
OR_E,35,2.8292194072503047
OR_E,36,3.4301337651217825
OR_E,37,3.1369812355013726
OR_E,38,3.059792838014689
OR_E,39,4.380595279294382
OR_E,40,3.342188311348811
OR_E,41,2.114949247903837
OR_E,42,2.514089863578662
OR_E,43,3.011427348687242
OR_E,44,3.2555112047360253
OR_E,45,3.1544336085698497
OR_E,46,3.474374999002604
OR_E,47,3.3130146641696725
OR_E,48,2.5732329057806798
OR_E,49,2.902205062469215
OR_E,50,3.9283628600541904
OR_E,51,3.2354514945228714
OR_E,52,3.4250369015790327
OR_E,53,4.779163489194315
OR_E,54,3.754940285449427
OR_E,55,2.8842281151255325
OR_E,56,3.4968440209451175
OR_E,57,3.2725979715225244
OR_E,58,3.429393357284414
OR_E,59,3.7628856592928046
OR_E,60,2.1019439733029297
OR_E,61,2.1583480786087326
OR_E,62,2.1920776409310343
OR_E,63,2.713418341212955
OR_E,64,2.4588251447658016
OR_E,65,2.742179211614774
OR_E,66,2.607768832714721
OR_E,67,2.272532960524543
OR_E,68,1.8087261469204516
OR_E,69,2.097687404306818
OR_E,70,2.5197079178850625
OR_E,71,2.5717899430916655
OR_E,72,2.4428554179073023
OR_E,73,2.692122135950286
OR_E,74,2.5400134558638
OR_E,75,1.5943355603156142
OR_E,76,2.261103215182209
OR_E,77,2.16382232154418
OR_E,78,2.347186784553425
OR_E,79,2.517139128077875
OR_E,80,2.685343521559331
OR_E,81,2.5586993375482896
OR_E,82,2.062748893224921
OR_E,83,2.186928247248669
OR_E,84,2.2974138002060567
OR_E,85,2.3500976612772284
OR_E,86,2.5028519480353997
OR_E,87,2.844137251255118
OR_E,88,2.9421534027249185
OR_E,89,1.6433348821423943
OR_E,90,1.9910016979249365
OR_E,91,1.7686411335379766
OR_E,92,2.1284745573618995
OR_E,93,2.155255054056597
OR_E,94,2.4773465727690542
OR_E,95,2.0782352980147225
OR_E,96,1.5961988208892284
OR_E,97,1.8630943924069656
OR_E,98,1.8727349502715733
OR_E,99,2.1400749754502675
OR_E,100,2.362272582001729
OR_E,101,2.21633535366862
OR_E,102,2.206107013778663
OR_E,103,1.6485642407053074
OR_E,104,1.7042889284685263
OR_E,105,2.1777826584063167
OR_E,106,1.693455322415839
OR_E,107,2.3314542190311593
OR_E,108,2.245530377630557
OR_E,109,2.466960263563691
OR_E,110,1.5416551162845746
OR_E,111,1.8038206817965183
OR_E,112,1.8692210855482705
OR_E,113,2.3693058260773143
OR_E,114,1.8993134357000694
OR_E,115,2.4600743955683577
OR_E,116,1.9312498037679298
OR_E,117,1.4244409297176275
OR_E,118,1.9782016309162413
OR_E,119,2.1614197862619586
OR_E,120,1.8321587140324418
OR_E,121,3.6071070321756595
OR_E,122,3.543575408848631
OR_E,123,3.698627789486096
OR_E,124,2.4750184902682424
OR_E,125,2.9332950471885315
OR_E,126,3.4596288429657216
OR_E,127,3.6902617129713855
OR_E,128,3.8025469924127413
OR_E,129,4.2456939980963515
OR_E,130,3.6152751438354844
OR_E,131,2.4661557316911176
OR_E,132,2.7190998513092226
OR_E,133,3.9190260331334716
OR_E,134,3.6276718901768965
OR_E,135,3.590277187676888
OR_E,136,3.7415602674799535
OR_E,137,3.250881795090557
OR_E,138,2.731655511461581
OR_E,139,2.796923118767921
OR_E,140,3.8003425423257773
OR_E,141,3.5340183840087387
OR_E,142,3.536378595695394
OR_E,143,4.2872358332369345
OR_E,144,4.753143891882722
OR_E,145,2.766971004623608
OR_E,146,2.0994623830193593
OR_E,147,3.51764249501778
OR_E,148,3.4621034447952064
OR_E,149,4.03572462027199
OR_E,150,3.656255630722337
OR_E,151,4.500923066887163
OR_E,152,2.463142673771024
OR_E,153,3.1208246949262537
OR_E,154,3.3117566584269755
OR_E,155,3.750148626914012
OR_E,156,3.3303609138001873
OR_E,157,3.5499928575034487
OR_E,158,3.3703028263637522
OR_E,159,2.043028799599816
OR_E,160,2.68260937582685
OR_E,161,3.198413612677747
OR_E,162,3.762785120608489
OR_E,163,3.3157455204329804
OR_E,164,3.0787320925718853
OR_E,165,3.9340412144438246
OR_E,166,2.5606631083739773
OR_E,167,2.6880802134713853
OR_E,168,4.047002112794149
OR_E,169,3.21654238146623
OR_E,170,2.8863412139588505
OR_E,171,3.618929017372326
OR_E,172,3.552160997039328
OR_E,173,2.7704200989503924
OR_E,174,2.7246337183768183
OR_E,175,3.1554776265992426
OR_E,176,3.017282435303007
OR_E,177,3.55727223388538
OR_E,178,3.765031589298071
OR_E,179,3.6868093463077867
OR_E,180,2.591798316232751
OR_E,181,3.326154155785792
OR_E,182,3.0025336122561264
OR_E,183,2.5346569012763864
OR_E,184,2.8478779798822442
OR_E,185,1.6639444006091877
OR_E,186,2.707399390892643
OR_E,187,2.1788318252597643
OR_E,188,1.7371161355895193
OR_E,189,2.825993339010634
OR_E,190,3.3557631206393044
OR_E,191,2.563096115897427
OR_E,192,2.953406824397548
OR_E,193,3.2188399693259675
OR_E,194,2.6663797229335575
OR_E,195,3.101696061664386
OR_E,196,3.3557762279790957
OR_E,197,2.7719264721349175
OR_E,198,3.4477431031571704
OR_E,199,2.812350584822496
OR_E,200,3.243647447661602
OR_E,201,2.831366681216622
OR_E,202,3.3558161408255427
OR_E,203,3.7383110729231204
OR_E,204,2.8864716212756627
OR_E,205,3.0585950449728854
OR_E,206,3.177326636960339
OR_E,207,2.738900298374355
OR_E,208,2.6989180754800173
OR_E,209,2.6243687516881096
OR_E,210,3.6292243440117677
OR_E,211,2.9241314735671002
OR_E,212,3.0410832103474648
OR_E,213,3.006927216085138
OR_E,214,3.0805503863402066
OR_E,215,2.340707661923401
OR_E,216,2.9269550096604764
OR_E,217,3.4676113095351533
OR_E,218,2.6195851142996074
OR_E,219,3.4756939698170055
OR_E,220,3.0734947102826378
OR_E,221,3.5207090005186044
OR_E,222,1.9375616275357017
OR_E,223,2.8443634635181936
OR_E,224,2.4643871274335822
OR_E,225,2.5715683061335994
OR_E,226,3.043969702314463
OR_E,227,2.9538262768943446
OR_E,228,3.0623692123741737
OR_E,229,1.8574241656685633
OR_E,230,2.1142156502034686
OR_E,231,2.9008824511407503
OR_E,232,2.354139684864557
OR_E,233,2.7474457173329836
OR_E,234,3.069136255234567
OR_E,235,3.3013013749534363
OR_E,236,2.443551148490907
OR_E,237,2.277287590765837
OR_E,238,2.569556761265563
OR_E,239,2.7258468992326352
OR_E,240,3.0073863983051434
OR_E,241,2.818832297501558
OR_E,242,3.033876913081728
OR_E,243,2.433638981767694
OR_E,244,1.9074214580686235
OR_E,245,2.617975745501291
OR_E,246,2.4482126572936105
OR_E,247,2.7444095507821755
OR_E,248,2.794031413299743
OR_E,249,3.3561942661292483
OR_E,250,2.049307700783312
OR_E,251,2.852337054465595
OR_E,252,3.162878662769145
OR_E,253,2.5041281097556274
OR_E,254,3.178628497953079
OR_E,255,3.2860409660466146
OR_E,256,2.562802964528858
OR_E,257,2.2449843769140387
OR_E,258,2.405093956249523
OR_E,259,2.6173861328356156
OR_E,260,2.812123496197193
OR_E,261,2.9637012746046
OR_E,262,3.285720858334522
OR_E,263,2.328910893633116
OR_E,264,2.1737439843106854
OR_E,265,2.448020871549142
OR_E,266,2.556339682426452
OR_E,267,2.5533510064682132
OR_E,268,2.5384148853061124
OR_E,269,2.950457565932835
OR_E,270,2.801051031624931
OR_E,271,1.8170281573169405
OR_E,272,2.4393706617846638
OR_E,273,2.3305224970517635
OR_E,274,3.6652447290544283
OR_E,275,2.985003760519444
OR_E,276,3.904840860033007
OR_E,277,3.5789464523083057
OR_E,278,3.1100448638059874
OR_E,279,3.064527749690464
OR_E,280,3.050486023242152
OR_E,281,3.37044078371696
OR_E,282,3.8671826769658333
OR_E,283,3.966016379564136
OR_E,284,3.610494527561281
OR_E,285,2.8108569339244815
OR_E,286,3.4147743115933995
OR_E,287,3.786723906650862
OR_E,288,3.8001765136592356
OR_E,289,4.656495659282849
OR_E,290,4.553929087943228
OR_E,291,3.667018332570875
OR_E,292,3.425017805893143
OR_E,293,3.241779290637546
OR_E,294,3.861279602386869
OR_E,295,3.578323194115743
OR_E,296,3.949029833551338
OR_E,297,3.452138302951803
OR_E,298,3.5477456548411985
OR_E,299,3.1989560423164205
OR_E,300,3.1376860686237857
OR_E,301,3.277281789922407
OR_E,302,3.420957420998093
OR_E,303,3.2710954806752772
OR_E,304,3.194832607077412
OR_E,305,3.1721096963052022
OR_E,306,2.5206643748659188
OR_E,307,2.750319520606001
OR_E,308,3.33063736043926
OR_E,309,3.384239406892853
OR_E,310,2.916860599912321
OR_E,311,3.1032004399159643
OR_E,312,2.8676403361432876
OR_E,313,2.486288201654506
OR_E,314,2.061176459738817
OR_E,315,2.768357049748942
OR_E,316,3.6140910661360035
OR_E,317,2.6185993338644487
OR_E,318,2.8828882282613364
OR_E,319,3.872832372154002
OR_E,320,1.9418711824268793
OR_E,321,2.568621214601251
OR_E,322,2.9415007372768396
OR_E,323,2.924913684519101
OR_E,324,2.5949415079135227
OR_E,325,3.1356184229878834
OR_E,326,3.22605767107659
OR_E,327,3.118547678452148
OR_E,328,2.3691193504835746
OR_E,329,3.3763831704316045
OR_E,330,3.1528732940189172
OR_E,331,2.768477632185256
OR_E,332,1.2933882490921917
OR_E,333,2.953570835284118
OR_E,334,2.618225533350244
OR_E,335,2.200809548229998
OR_E,336,1.6893479990697504
OR_E,337,0.9894360399228137
OR_E,338,1.1056491265632724
OR_E,339,1.498200480049965
OR_E,340,2.886738857062564
OR_E,341,1.9736990667683851
OR_E,342,2.2157156040642496
OR_E,343,2.8970352529317087
OR_E,344,2.7943148089806433
OR_E,345,3.0479876403397324
OR_E,346,2.8510636107282714
OR_E,347,2.493903835824968
OR_E,348,2.1414758114193484
OR_E,349,2.7624798970373314
OR_E,350,2.7957767424476394
OR_E,351,3.243164905567313
OR_E,352,3.1146124095650904
OR_E,353,3.168968760865806
OR_E,354,2.914688081097334
OR_E,355,2.0324226763565116
OR_E,356,2.03720931455519
OR_E,357,3.051720297669166
OR_E,358,2.3506931349201166
OR_E,359,1.7553487930258302
OR_E,360,2.9842677578285177
OR_E,361,2.796609301580301
OR_E,362,2.301199479444777
OR_E,363,2.20926747400687
OR_E,364,2.6958247477831834
OR_E,365,2.479011844006228
OR_PDX,1,7544.175055460609
OR_PDX,2,10358.18992401492
OR_PDX,3,11989.138234813756
OR_PDX,4,11661.723899495133
OR_PDX,5,12272.126673304083
OR_PDX,6,9468.460727279049
OR_PDX,7,9218.595033881105
OR_PDX,8,10070.478085721981
OR_PDX,9,9103.51826216781
OR_PDX,10,9633.87794377386
OR_PDX,11,11470.573545191099
OR_PDX,12,10676.58566780777
OR_PDX,13,4729.289511497776
OR_PDX,14,7278.637136286329
OR_PDX,15,8597.366672470973
OR_PDX,16,5808.229285128245
OR_PDX,17,4252.1207173404055
OR_PDX,18,8335.785143531528
OR_PDX,19,10064.840118195778
OR_PDX,20,7515.524809330216
OR_PDX,21,8948.49836861267
OR_PDX,22,10172.566500736635
OR_PDX,23,10413.637265247578
OR_PDX,24,10194.86886008185
OR_PDX,25,11964.545396259702
OR_PDX,26,11393.600456082093
OR_PDX,27,8326.621694073658
OR_PDX,28,9499.826243465992
OR_PDX,29,11091.527121664525
OR_PDX,30,10179.849641338187
OR_PDX,31,10731.451594509812
OR_PDX,32,12295.25836259851
OR_PDX,33,11291.68481104858
OR_PDX,34,7852.428887225568
OR_PDX,35,8544.42459519097
OR_PDX,36,11088.647788905253
OR_PDX,37,10411.15237617639
OR_PDX,38,10559.673538379493
OR_PDX,39,12154.323611962996
OR_PDX,40,11276.854671329631
OR_PDX,41,7500.1718783502565
OR_PDX,42,8231.775162974156
OR_PDX,43,10938.677861345732
OR_PDX,44,10965.529123705786
OR_PDX,45,10901.02215098541
OR_PDX,46,12137.013829801776
OR_PDX,47,10950.997942149397
OR_PDX,48,8137.842518606611
OR_PDX,49,9124.354395639517
OR_PDX,50,10452.134431154838
OR_PDX,51,10825.004709560655
OR_PDX,52,11651.655375922652
OR_PDX,53,12666.07328151581
OR_PDX,54,12176.336131987166
OR_PDX,55,8730.917283614233
OR_PDX,56,9851.401810534824
OR_PDX,57,10842.891319382072
OR_PDX,58,11469.603133487562
OR_PDX,59,11478.05433229755
OR_PDX,60,10853.363225015846
OR_PDX,61,8984.940242541226
OR_PDX,62,9493.694666971862
OR_PDX,63,11276.055451798324
OR_PDX,64,10563.400557593202
OR_PDX,65,11081.363467041816
OR_PDX,66,11912.742476810634
OR_PDX,67,11395.260690160268
OR_PDX,68,8823.581583437128
OR_PDX,69,9495.750195438115
OR_PDX,70,12042.484874665999
OR_PDX,71,12205.69647624177
OR_PDX,72,11339.556077276533
OR_PDX,73,12517.030921659449
OR_PDX,74,11161.66220710984
OR_PDX,75,9005.142248448774
OR_PDX,76,9996.149336582004
OR_PDX,77,11800.519106638241
OR_PDX,78,11309.694362597022
OR_PDX,79,13747.785287102315
OR_PDX,80,12940.151749854891
OR_PDX,81,11970.329586964297
OR_PDX,82,10705.219624188634
OR_PDX,83,9933.944486784285
OR_PDX,84,11450.712338091489
OR_PDX,85,11322.882782075447
OR_PDX,86,11998.57787989976
OR_PDX,87,12773.592734879221
OR_PDX,88,12561.843238925108
OR_PDX,89,9481.30653918977
OR_PDX,90,9686.992211946499
OR_PDX,91,12333.136538422794
OR_PDX,92,12666.019639585815
OR_PDX,93,12804.79582251743
OR_PDX,94,12320.134853272402
OR_PDX,95,12798.161027282738
OR_PDX,96,10357.877559218747
OR_PDX,97,10626.955104977806
OR_PDX,98,11368.733197959138
OR_PDX,99,12668.792550422177
OR_PDX,100,12550.666755069045
OR_PDX,101,13357.427232188547
OR_PDX,102,12746.19539017613
OR_PDX,103,9367.455039687486
OR_PDX,104,10303.550585678147
OR_PDX,105,12288.003377044664
OR_PDX,106,11696.081933862022
OR_PDX,107,12222.460579098743
OR_PDX,108,12585.888436148562
OR_PDX,109,11991.278768734412
OR_PDX,110,9175.595961299074
OR_PDX,111,10345.938970609232
OR_PDX,112,11524.886207599335
OR_PDX,113,11857.446118758935
OR_PDX,114,12497.540857705886
OR_PDX,115,13416.16019047322
OR_PDX,116,12555.211809886334
OR_PDX,117,9334.895768805203
OR_PDX,118,10492.8951606355
OR_PDX,119,12126.596851336893
OR_PDX,120,11797.673012451389
OR_PDX,121,12079.512305407987
OR_PDX,122,13063.132072726909
OR_PDX,123,12908.417523571594
OR_PDX,124,9554.107226379794
OR_PDX,125,10720.584498925222
OR_PDX,126,11581.244460444163
OR_PDX,127,12084.37353161871
OR_PDX,128,12299.849386306485
OR_PDX,129,13599.13184843858
OR_PDX,130,12309.37945892587
OR_PDX,131,9363.673727058136
OR_PDX,132,9882.623002069728
OR_PDX,133,13075.971422407742
OR_PDX,134,12741.718679743895
OR_PDX,135,12213.709686794875
OR_PDX,136,14160.578919610676
OR_PDX,137,12578.222054946764
OR_PDX,138,9454.710620876933
OR_PDX,139,10732.821422074774
OR_PDX,140,12716.815126854268
OR_PDX,141,12756.516274544241
OR_PDX,142,13547.913217025081
OR_PDX,143,14126.498680435756
OR_PDX,144,13919.438282147363
OR_PDX,145,9502.647040221578
OR_PDX,146,8895.615961376136
OR_PDX,147,10794.810148050661
OR_PDX,148,12332.434747762067
OR_PDX,149,12441.199320924326
OR_PDX,150,13111.883379583827
OR_PDX,151,13157.738877683023
OR_PDX,152,10252.213611128962
OR_PDX,153,11422.793514080859
OR_PDX,154,13503.548551123653
OR_PDX,155,14057.978067326756
OR_PDX,156,13648.58530224648
OR_PDX,157,13913.651844439293
OR_PDX,158,13331.386017992889
OR_PDX,159,9815.877184378902
OR_PDX,160,11731.500914937817
OR_PDX,161,13132.457589338754
OR_PDX,162,13693.274946057702
OR_PDX,163,13461.199925039837
OR_PDX,164,14177.795510639704
OR_PDX,165,13489.067922197253
OR_PDX,166,10971.842651837616
OR_PDX,167,11988.895570331415
OR_PDX,168,14176.202194648497
OR_PDX,169,13858.367042825848
OR_PDX,170,13041.838196441258
OR_PDX,171,14365.27089210257
OR_PDX,172,13728.92236607293
OR_PDX,173,11266.611238367463
OR_PDX,174,11883.103234265163
OR_PDX,175,13374.90271189931
OR_PDX,176,13664.825563846574
OR_PDX,177,14898.637465482256
OR_PDX,178,15374.635381047274
OR_PDX,179,14333.476822906048
OR_PDX,180,10422.627745655556
OR_PDX,181,12743.96358022484
OR_PDX,182,13535.074409029075
OR_PDX,183,13112.53619569953
OR_PDX,184,13162.596227075514
OR_PDX,185,9390.226782260484
OR_PDX,186,11807.97761941814
OR_PDX,187,10276.108805260194
OR_PDX,188,11394.56561816889
OR_PDX,189,13170.096477683866
OR_PDX,190,14286.430692688738
OR_PDX,191,13738.887558273198
OR_PDX,192,14179.830197509393
OR_PDX,193,13868.359402043478
OR_PDX,194,11624.782564523102
OR_PDX,195,12088.38011341375
OR_PDX,196,13799.989222454975
OR_PDX,197,13171.046563719437
OR_PDX,198,14097.985437423533
OR_PDX,199,14364.14815629154
OR_PDX,200,13386.390451121924
OR_PDX,201,11092.312674381908
OR_PDX,202,12432.99224766465
OR_PDX,203,14356.403153440646
OR_PDX,204,14073.326327428476
OR_PDX,205,13826.974598390192
OR_PDX,206,14394.875733225446
OR_PDX,207,14386.845315722947
OR_PDX,208,11337.809621391158
OR_PDX,209,12260.511921255245
OR_PDX,210,14359.236707917844
OR_PDX,211,14486.583569526207
OR_PDX,212,14109.115153993482
OR_PDX,213,14950.444884634026
OR_PDX,214,14212.40449587493
OR_PDX,215,11589.94632114598
OR_PDX,216,12464.848449601644
OR_PDX,217,13722.90919292156
OR_PDX,218,13577.075297599338
OR_PDX,219,13934.741066590479
OR_PDX,220,14480.754936344307
OR_PDX,221,14086.22777887053
OR_PDX,222,11051.420783259644
OR_PDX,223,12543.18878836333
OR_PDX,224,13589.055131644644
OR_PDX,225,13736.822188962193
OR_PDX,226,13705.632592348198
OR_PDX,227,14862.927854924501
OR_PDX,228,13644.506611824889
OR_PDX,229,10766.959035813288
OR_PDX,230,12146.516498724448
OR_PDX,231,12536.197266580306
OR_PDX,232,12963.004708511933
OR_PDX,233,13720.638631860573
OR_PDX,234,15143.907703440644
OR_PDX,235,14174.405464736456
OR_PDX,236,10615.815223133128
OR_PDX,237,12477.199199656878
OR_PDX,238,12690.711834277874
OR_PDX,239,12923.19512429998
OR_PDX,240,13294.326002532936
OR_PDX,241,13540.204358829355
OR_PDX,242,13192.996695410502
OR_PDX,243,10518.95061352027
OR_PDX,244,10323.402985462333
OR_PDX,245,12168.810133712885
OR_PDX,246,12592.483022148066
OR_PDX,247,12244.586495730393
OR_PDX,248,13982.814006513956
OR_PDX,249,13997.353806706074
OR_PDX,250,10310.962041505898
OR_PDX,251,13073.111071836625
OR_PDX,252,13668.157925919146
OR_PDX,253,13118.516120840819
OR_PDX,254,13898.559627673263
OR_PDX,255,15277.121644719262
OR_PDX,256,13537.34197711818
OR_PDX,257,10924.943605291566
OR_PDX,258,12442.879942187434
OR_PDX,259,13732.599807597966
OR_PDX,260,13820.948412960546
OR_PDX,261,13252.89109435246
OR_PDX,262,15186.265983716266
OR_PDX,263,12497.022773185074
OR_PDX,264,10213.69694949185
OR_PDX,265,11619.757219377818
OR_PDX,266,12774.55436880289
OR_PDX,267,12590.7720686932
OR_PDX,268,13781.094518758184
OR_PDX,269,14081.285782551566
OR_PDX,270,13915.69718096239
OR_PDX,271,9984.690933213526
OR_PDX,272,12194.036275077833
OR_PDX,273,12097.434033522617
OR_PDX,274,12475.026835136527
OR_PDX,275,12047.739890176259
OR_PDX,276,13700.493958602085
OR_PDX,277,13879.320801722222
OR_PDX,278,10406.02929171388
OR_PDX,279,11450.121209470104
OR_PDX,280,12544.530312346642
OR_PDX,281,12744.41535889984
OR_PDX,282,12710.574165972374
OR_PDX,283,13901.977903460933
OR_PDX,284,13191.310404392225
OR_PDX,285,11137.443901464476
OR_PDX,286,11740.800898894691
OR_PDX,287,12557.027447439448
OR_PDX,288,12870.239253743968
OR_PDX,289,13234.8840005475
OR_PDX,290,14394.460885363389
OR_PDX,291,13624.580032427692
OR_PDX,292,10436.74121846157
OR_PDX,293,11467.462071141765
OR_PDX,294,12854.736094354312
OR_PDX,295,12334.804986663565
OR_PDX,296,13288.460434722483
OR_PDX,297,14288.731915918977
OR_PDX,298,13204.221050016902
OR_PDX,299,9437.509451183723
OR_PDX,300,11743.82522111096
OR_PDX,301,12370.416686096776
OR_PDX,302,11738.90436052983
OR_PDX,303,11719.205244415038
OR_PDX,304,11892.78158202262
OR_PDX,305,12904.11758068647
OR_PDX,306,9514.273667820893
OR_PDX,307,11869.79747127156
OR_PDX,308,11788.492436139531
OR_PDX,309,11553.674126059686
OR_PDX,310,12368.878974532154
OR_PDX,311,12853.50694502323
OR_PDX,312,12698.078718235167
OR_PDX,313,9571.61017227059
OR_PDX,314,11005.344627114491
OR_PDX,315,11964.951737934201
OR_PDX,316,12731.593686117358
OR_PDX,317,11838.094570116486
OR_PDX,318,13833.773518403052
OR_PDX,319,13839.785614725211
OR_PDX,320,9102.83841004633
OR_PDX,321,11335.156249070846
OR_PDX,322,11780.147200034071
OR_PDX,323,11362.206169937113
OR_PDX,324,11918.454677861675
OR_PDX,325,13622.281850160234
OR_PDX,326,12573.419666465912
OR_PDX,327,11697.150583356794
OR_PDX,328,11062.792969905919
OR_PDX,329,12339.392924599637
OR_PDX,330,14054.026363000434
OR_PDX,331,13446.377792384297
OR_PDX,332,5241.563278148135
OR_PDX,333,11366.60748267538
OR_PDX,334,11514.332416875532
OR_PDX,335,11608.878280527888
OR_PDX,336,12564.717411986498
OR_PDX,337,10838.409024406854
OR_PDX,338,11421.239744482016
OR_PDX,339,12691.536864825895
OR_PDX,340,13415.831665993719
OR_PDX,341,9946.580876641323
OR_PDX,342,10769.96680125227
OR_PDX,343,12038.99110332315
OR_PDX,344,11397.727344676505
OR_PDX,345,12713.411497628005
OR_PDX,346,12975.095463168253
OR_PDX,347,12239.769016843366
OR_PDX,348,9499.820420568178
OR_PDX,349,11282.573694646497
OR_PDX,350,12103.708258521256
OR_PDX,351,12332.120010523744
OR_PDX,352,12899.021675288866
OR_PDX,353,13799.708070328177
OR_PDX,354,12987.757137982751
OR_PDX,355,10859.397050608548
OR_PDX,356,10952.179894578245
OR_PDX,357,12428.965621936715
OR_PDX,358,10386.065508431617
OR_PDX,359,8043.017098497005
OR_PDX,360,12477.439142512187
OR_PDX,361,12217.186989998429
OR_PDX,362,10826.562450364901
OR_PDX,363,10586.14888266639
OR_PDX,364,11415.991614697039
OR_PDX,365,10919.658960979266
OR_W,1,81.93858121624294
OR_W,2,11.708612237356672
OR_W,3,43.42811203403996
OR_W,4,86.88262625992623
OR_W,5,133.4410005568897
OR_W,6,33.172961745352445
OR_W,7,65.81617535446985
OR_W,8,16.10639362072067
OR_W,9,38.61402719501405
OR_W,10,44.32203861573778
OR_W,11,52.638296624482095
OR_W,12,39.10964557166544
OR_W,13,1.4971757441658309
OR_W,14,1.1352459905365715
OR_W,15,19.755226941355485
OR_W,16,17.533972560879654
OR_W,17,4.676592602484184
OR_W,18,15.762622045545104
OR_W,19,65.80174778835713
OR_W,20,8.87135984378431
OR_W,21,50.82334814216165
OR_W,22,92.37530759762492
OR_W,23,140.41265649688674
OR_W,24,59.77284764157316
OR_W,25,61.29631227288009
OR_W,26,85.78024176185117
OR_W,27,10.80785298554023
OR_W,28,128.31090097058572
OR_W,29,96.59430243562116
OR_W,30,11.732840350074662
OR_W,31,10.102727590554098
OR_W,32,58.13774522416012
OR_W,33,14.781817370913577
OR_W,34,75.22567248949204
OR_W,35,86.3287511760059
OR_W,36,55.67084387905713
OR_W,37,101.57401181581828
OR_W,38,57.486391957403434
OR_W,39,11.26527763036494
OR_W,40,62.64650913643579
OR_W,41,133.9452051804951
OR_W,42,64.00974562836734
OR_W,43,104.45582238198456
OR_W,44,104.98348135054991
OR_W,45,42.97198617170568
OR_W,46,48.65270767294565
OR_W,47,78.07106305385595
OR_W,48,39.715408929740036
OR_W,49,61.332468275019764
OR_W,50,84.4769795631559
OR_W,51,11.84801312284237
OR_W,52,12.085062902505321
OR_W,53,13.125646354423388
OR_W,54,86.12245754865276
OR_W,55,125.20323510613775
OR_W,56,48.05669830458151
OR_W,57,10.294126599585224
OR_W,58,53.8959415616562
OR_W,59,12.12814831790184
OR_W,60,36.72874866782883
OR_W,61,33.82472971541949
OR_W,62,11.325941803805888
OR_W,63,11.824715159510246
OR_W,64,43.35134340338759
OR_W,65,113.19075544221053
OR_W,66,87.00215411010298
OR_W,67,60.77427519047898
OR_W,68,30.668031059979608
OR_W,69,9.364041693972565
OR_W,70,12.206564896070882
OR_W,71,74.3650279287553
OR_W,72,97.08979614677773
OR_W,73,76.1728261466188
OR_W,74,112.82267633842736
OR_W,75,83.00181171110776
OR_W,76,138.27383480370892
OR_W,77,92.51287481515006
OR_W,78,94.16120830814455
OR_W,79,16.260227873435028
OR_W,80,89.94586624697236
OR_W,81,109.19281520506607
OR_W,82,11.78941010928298
OR_W,83,76.83133769226396
OR_W,84,79.47332138934303
OR_W,85,100.18981067469491
OR_W,86,12.234245630419604
OR_W,87,11.704893058516655
OR_W,88,77.80776383615304
OR_W,89,104.13610742941434
OR_W,90,68.37574535352014
OR_W,91,71.40055945650947
OR_W,92,136.6545381201589
OR_W,93,77.43340154451485
OR_W,94,9.421630363757483
OR_W,95,67.6785762654011
OR_W,96,54.59230953267037
OR_W,97,62.775429375628015
OR_W,98,8.02200907752359
OR_W,99,81.66709750355058
OR_W,100,125.34744129638682
OR_W,101,107.32238700786358
OR_W,102,97.59267148601919
OR_W,103,64.07916527599555
OR_W,104,7.207801160065828
OR_W,105,8.918857578733288
OR_W,106,7.781536359626323
OR_W,107,88.07058395557502
OR_W,108,76.47948642649466
OR_W,109,66.31422704828204
OR_W,110,52.644037544696126
OR_W,111,58.1139903119321
OR_W,112,68.89101364708107
OR_W,113,7.902156121585507
OR_W,114,8.566087596660076
OR_W,115,62.01190637559822
OR_W,116,8.522426062031721
OR_W,117,55.62188491499337
OR_W,118,103.37443979587121
OR_W,119,8.180987169236554
OR_W,120,92.93690668837851
OR_W,121,73.18437638075665
OR_W,122,89.87684881466238
OR_W,123,10.804708758791774
OR_W,124,5.681749641505421
OR_W,125,86.2920107213914
OR_W,126,8.190081151772596
OR_W,127,65.43906546388833
OR_W,128,83.43368549667059
OR_W,129,53.17792089041818
OR_W,130,85.10155347286911
OR_W,131,69.79548959899687
OR_W,132,67.11214204665316
OR_W,133,57.29680686560054
OR_W,134,48.348032167575376
OR_W,135,51.61789911831389
OR_W,136,110.50266937824055
OR_W,137,107.86500814614409
OR_W,138,5.970417947678009
OR_W,139,90.65851323517336
OR_W,140,78.68107492369035
OR_W,141,52.91220495838884
OR_W,142,8.861582420241286
OR_W,143,133.07526190740043
OR_W,144,133.61304005794702
OR_W,145,98.13872061847121
OR_W,146,82.11285808920941
OR_W,147,132.45106567560077
OR_W,148,103.43966480838857
OR_W,149,79.23795406073428
OR_W,150,104.17701886994712
OR_W,151,123.39373579255405
OR_W,152,74.25250379176025
OR_W,153,59.77378643588588
OR_W,154,15.011766737123372
OR_W,155,83.91659833154145
OR_W,156,84.31965502591508
OR_W,157,93.80840663792223
OR_W,158,77.25412180046028
OR_W,159,98.89532624832985
OR_W,160,73.02518435858723
OR_W,161,81.21121766648305
OR_W,162,69.42776332870395
OR_W,163,10.659125094902942
OR_W,164,91.19654519799771
OR_W,165,127.86690165372134
OR_W,166,57.979103894445124
OR_W,167,87.69592616454399
OR_W,168,111.04133457029097
OR_W,169,88.96635501141552
OR_W,170,10.03043846092588
OR_W,171,10.338529466283314
OR_W,172,116.52040867621973
OR_W,173,67.95718321044566
OR_W,174,149.60427297833994
OR_W,175,69.6394982884
OR_W,176,10.685017193356149
OR_W,177,12.965598707832816
OR_W,178,124.74890388713004
OR_W,179,113.48633477736914
OR_W,180,104.35863322826019
OR_W,181,104.20904262429774
OR_W,182,80.0395698765739
OR_W,183,79.87274060389818
OR_W,184,95.51336104201738
OR_W,185,49.45296802208932
OR_W,186,37.764429315950736
OR_W,187,58.85121557085924
OR_W,188,59.15558567533532
OR_W,189,76.92760491782465
OR_W,190,48.20110340888859
OR_W,191,49.69120599154278
OR_W,192,64.51390464964395
OR_W,193,95.43966053534629
OR_W,194,69.85010330552586
OR_W,195,92.2513349204323
OR_W,196,70.22975886243594
OR_W,197,98.0521842968713
OR_W,198,52.42119276699764
OR_W,199,105.71042665614063
OR_W,200,80.03586227505619
OR_W,201,41.59485689831476
OR_W,202,107.34504130351463
OR_W,203,68.58516146480056
OR_W,204,52.91667060821692
OR_W,205,109.55481036929818
OR_W,206,8.652376977190825
OR_W,207,47.303133416482844
OR_W,208,84.8165814782144
OR_W,209,121.24535908004415
OR_W,210,186.87791700536764
OR_W,211,76.70350249595981
OR_W,212,121.52406857415566
OR_W,213,101.70298909400061
OR_W,214,106.08401533938569
OR_W,215,58.31435523266384
OR_W,216,106.09894970276939
OR_W,217,9.76119703407094
OR_W,218,54.88804540234724
OR_W,219,81.05101148535934
OR_W,220,126.22924466989434
OR_W,221,55.896345270604805
OR_W,222,91.6865967713006
OR_W,223,129.59034093953255
OR_W,224,73.39079659747163
OR_W,225,95.83771364797556
OR_W,226,77.00852105869114
OR_W,227,7.989794699040549
OR_W,228,99.72506143675227
OR_W,229,5.209178592253546
OR_W,230,125.79211655465795
OR_W,231,95.28467663228865
OR_W,232,108.71254442443585
OR_W,233,87.12076732455407
OR_W,234,117.18162116509771
OR_W,235,97.06793200191977
OR_W,236,109.21541789211244
OR_W,237,72.42552663089084
OR_W,238,6.969863495912138
OR_W,239,43.648339649592096
OR_W,240,54.168324864037615
OR_W,241,47.5183935423299
OR_W,242,106.06974843545184
OR_W,243,76.86335764650954
OR_W,244,102.56719261590203
OR_W,245,191.12663991826048
OR_W,246,53.263165615303954
OR_W,247,65.67702615616834
OR_W,248,102.37804084929846
OR_W,249,109.2481838710225
OR_W,250,90.18978465505286
OR_W,251,107.92103251627456
OR_W,252,86.88679129256889
OR_W,253,90.38999729982186
OR_W,254,142.3513230647414
OR_W,255,176.092849754169
OR_W,256,47.98114098002388
OR_W,257,127.35968904868733
OR_W,258,134.14258253880405
OR_W,259,58.72561026139816
OR_W,260,165.47153922760816
OR_W,261,106.80320633630818
OR_W,262,115.70146399984992
OR_W,263,85.58171143550855
OR_W,264,77.37216347719989
OR_W,265,58.57811032059286
OR_W,266,99.1130602365461
OR_W,267,7.97817683503308
OR_W,268,98.29653009649397
OR_W,269,99.99385717007142
OR_W,270,164.07969374799993
OR_W,271,75.90448381330253
OR_W,272,91.6134410961046
OR_W,273,42.679228809756914
OR_W,274,48.48502490164934
OR_W,275,78.05289818759053
OR_W,276,48.25518374488951
OR_W,277,100.63328219515986
OR_W,278,109.47710426272916
OR_W,279,76.49562478584564
OR_W,280,51.01845887109855
OR_W,281,101.00886818402827
OR_W,282,123.39160985075249
OR_W,283,129.83983680870696
OR_W,284,16.489589234857288
OR_W,285,73.41144621768986
OR_W,286,79.46020692274114
OR_W,287,103.79888116612432
OR_W,288,79.16053140259218
OR_W,289,128.57417371168307
OR_W,290,92.82729393158236
OR_W,291,14.593955499695843
OR_W,292,61.88587410267423
OR_W,293,133.24894447325534
OR_W,294,14.777133666227641
OR_W,295,133.93599260623972
OR_W,296,108.63936908709583
OR_W,297,103.55947080872943
OR_W,298,86.02562706047134
OR_W,299,61.24082761748593
OR_W,300,57.49333034833277
OR_W,301,62.84176380658537
OR_W,302,103.51663366825349
OR_W,303,79.32418872882488
OR_W,304,12.933006283441633
OR_W,305,53.97381102336499
OR_W,306,78.50053451113776
OR_W,307,11.685193013292471
OR_W,308,9.8803494858431
OR_W,309,107.35475259771998
OR_W,310,95.01822187581007
OR_W,311,107.50285390779077
OR_W,312,81.78593872403796
OR_W,313,109.18460658004831
OR_W,314,121.17187743459995
OR_W,315,9.858933362285677
OR_W,316,132.75802425811074
OR_W,317,54.43337922144851
OR_W,318,94.67424551141933
OR_W,319,137.17001390388978
OR_W,320,67.34210420424405
OR_W,321,10.575738753653466
OR_W,322,10.357096475020517
OR_W,323,57.39258251222738
OR_W,324,67.53978284749904
OR_W,325,11.869838324839792
OR_W,326,54.93620617012375
OR_W,327,115.24600891871022
OR_W,328,77.08167619671408
OR_W,329,68.99250287672088
OR_W,330,107.73379135157312
OR_W,331,92.13943805093052
OR_W,332,5.3442925334809175
OR_W,333,146.55127089149607
OR_W,334,147.51101918060033
OR_W,335,67.04850895878867
OR_W,336,70.6806336401097
OR_W,337,52.89257446045616
OR_W,338,49.72535284678216
OR_W,339,78.73575474814508
OR_W,340,105.95497225991338
OR_W,341,9.355955569691293
OR_W,342,73.314183841804
OR_W,343,106.25492371525672
OR_W,344,96.32256956966941
OR_W,345,151.603975637272
OR_W,346,87.81860785042737
OR_W,347,65.09452233243103
OR_W,348,10.80361749959463
OR_W,349,10.762206882300545
OR_W,350,11.263465064650376
OR_W,351,90.16170248145689
OR_W,352,59.321346824311085
OR_W,353,103.77683091599364
OR_W,354,102.61936341389531
OR_W,355,60.99473294503847
OR_W,356,9.35069207530368
OR_W,357,9.92642626310754
OR_W,358,36.6605924546669
OR_W,359,6.132890124105858
OR_W,360,54.91514207846431
OR_W,361,98.38428451433637
OR_W,362,8.326499078141811
OR_W,363,9.744514132448105
OR_W,364,100.08051971195418
OR_W,365,85.56784359096889
OR_WA_BPA,1,130.61958417366031
OR_WA_BPA,2,0.2312607564021231
OR_WA_BPA,3,72.16317471351978
OR_WA_BPA,4,24.721189977633184
OR_WA_BPA,5,38.15310132151302
OR_WA_BPA,6,18.396528272232473
OR_WA_BPA,7,63.14207833067631
OR_WA_BPA,8,0.24078479703670075
OR_WA_BPA,9,0.25145229765536603
OR_WA_BPA,10,25.414219986271345
OR_WA_BPA,11,0.2677044496434096
OR_WA_BPA,12,0.25661354636748196
OR_WA_BPA,13,23.450541352020835
OR_WA_BPA,14,105.41526019874154
OR_WA_BPA,15,59.84855531518282
OR_WA_BPA,16,23.187704073480372
OR_WA_BPA,17,0.2067718037078431
OR_WA_BPA,18,0.3439865677080031
OR_WA_BPA,19,0.2678874898595616
OR_WA_BPA,20,45.64747261407029
OR_WA_BPA,21,0.188243068928584
OR_WA_BPA,22,0.24317122422954052
OR_WA_BPA,23,0.13901822617978304
OR_WA_BPA,24,39.602903262844194
OR_WA_BPA,25,30.574913852616735
OR_WA_BPA,26,42.50382626652536
OR_WA_BPA,27,81.25166396076011
OR_WA_BPA,28,107.43542227600521
OR_WA_BPA,29,132.55117276360608
OR_WA_BPA,30,45.02851366959258
OR_WA_BPA,31,102.99651996581736
OR_WA_BPA,32,105.38165328641178
OR_WA_BPA,33,117.35555118456288
OR_WA_BPA,34,128.75794270417052
OR_WA_BPA,35,183.30902914391874
OR_WA_BPA,36,3.139330828941537
OR_WA_BPA,37,4.529470637175911
OR_WA_BPA,38,119.18951278901775
OR_WA_BPA,39,113.08150769534157
OR_WA_BPA,40,108.02461620570084
OR_WA_BPA,41,189.12922011882105
OR_WA_BPA,42,43.57995767395232
OR_WA_BPA,43,57.45213138111205
OR_WA_BPA,44,1.4902944086107033
OR_WA_BPA,45,71.82173064045341
OR_WA_BPA,46,0.4001963259977982
OR_WA_BPA,47,47.52730497806949
OR_WA_BPA,48,54.53490859179172
OR_WA_BPA,49,116.92301799979221
OR_WA_BPA,50,5.497014995506785
OR_WA_BPA,51,5.5208998636562665
OR_WA_BPA,52,3.293681976156811
OR_WA_BPA,53,173.31692600709013
OR_WA_BPA,54,49.39368758147553
OR_WA_BPA,55,45.65261439620189
OR_WA_BPA,56,26.855251234374762
OR_WA_BPA,57,0.3517203800373715
OR_WA_BPA,58,35.653200070500816
OR_WA_BPA,59,1.2764017277504807
OR_WA_BPA,60,61.51565128922284
OR_WA_BPA,61,21.55610424492873
OR_WA_BPA,62,41.39179534371187
OR_WA_BPA,63,6.9851036814816965
OR_WA_BPA,64,55.37244316673684
OR_WA_BPA,65,14.34567028164751
OR_WA_BPA,66,108.72796779931454
OR_WA_BPA,67,81.38542834274601
OR_WA_BPA,68,48.88358886323071
OR_WA_BPA,69,24.226619091346787
OR_WA_BPA,70,9.25082008380534
OR_WA_BPA,71,6.813833148015303
OR_WA_BPA,72,146.42544176089459
OR_WA_BPA,73,84.03780340130048
OR_WA_BPA,74,90.85444931635418
OR_WA_BPA,75,142.08250870683773
OR_WA_BPA,76,81.80672552063643
OR_WA_BPA,77,23.826168377746537
OR_WA_BPA,78,57.83536383473189
OR_WA_BPA,79,64.46985124292665
OR_WA_BPA,80,132.5495988653459
OR_WA_BPA,81,39.74514902986373
OR_WA_BPA,82,112.39085720369302
OR_WA_BPA,83,128.42489421121644
OR_WA_BPA,84,0.284777300312982
OR_WA_BPA,85,68.2827926474979
OR_WA_BPA,86,63.02894559534465
OR_WA_BPA,87,60.42002157740459
OR_WA_BPA,88,160.29537016563273
OR_WA_BPA,89,131.55971605311933
OR_WA_BPA,90,169.47671162166668
OR_WA_BPA,91,96.38593553552377
OR_WA_BPA,92,130.01889921252078
OR_WA_BPA,93,0.2860593795549831
OR_WA_BPA,94,0.2834724509340347
OR_WA_BPA,95,8.930592743358462
OR_WA_BPA,96,117.35289995403168
OR_WA_BPA,97,0.20532761544976483
OR_WA_BPA,98,54.323934264065755
OR_WA_BPA,99,45.73406123445266
OR_WA_BPA,100,123.30001157125753
OR_WA_BPA,101,148.37781257028965
OR_WA_BPA,102,94.7555344456011
OR_WA_BPA,103,205.32696307808277
OR_WA_BPA,104,98.05669628961128
OR_WA_BPA,105,63.60123339827009
OR_WA_BPA,106,6.466518216026894
OR_WA_BPA,107,138.97948401236997
OR_WA_BPA,108,146.64538763852264
OR_WA_BPA,109,80.4534849935658
OR_WA_BPA,110,89.63253654691374
OR_WA_BPA,111,0.20864849972655114
OR_WA_BPA,112,0.2289713240690188
OR_WA_BPA,113,88.70204194118506
OR_WA_BPA,114,49.78638788657811
OR_WA_BPA,115,123.19080058294283
OR_WA_BPA,116,135.57366732964476
OR_WA_BPA,117,60.90750492664152
OR_WA_BPA,118,0.2110476956883342
OR_WA_BPA,119,29.57902814871796
OR_WA_BPA,120,13.09929147649193
OR_WA_BPA,121,46.04042500739437
OR_WA_BPA,122,111.6690492748943
OR_WA_BPA,123,133.3217214614396
OR_WA_BPA,124,90.78197005540385
OR_WA_BPA,125,132.8773546454225
OR_WA_BPA,126,93.6474749202517
OR_WA_BPA,127,115.00506485194018
OR_WA_BPA,128,67.83954996628985
OR_WA_BPA,129,12.999915410868518
OR_WA_BPA,130,23.989714473358617
OR_WA_BPA,131,123.57110687623258
OR_WA_BPA,132,0.16225293661899298
OR_WA_BPA,133,114.69699248212578
OR_WA_BPA,134,0.3141484859622997
OR_WA_BPA,135,153.01912156913534
OR_WA_BPA,136,192.55183823390206
OR_WA_BPA,137,0.24809960501860903
OR_WA_BPA,138,99.36460284834773
OR_WA_BPA,139,201.55979332912761
OR_WA_BPA,140,190.90743174201404
OR_WA_BPA,141,97.90651974464011
OR_WA_BPA,142,145.75519407015662
OR_WA_BPA,143,222.05768506232263
OR_WA_BPA,144,214.7606614115518
OR_WA_BPA,145,100.073218890616
OR_WA_BPA,146,174.0349890695152
OR_WA_BPA,147,0.16798020181607254
OR_WA_BPA,148,145.11450514462788
OR_WA_BPA,149,61.45928567650885
OR_WA_BPA,150,0.27042503210969465
OR_WA_BPA,151,79.45267108638629
OR_WA_BPA,152,0.14990465166180092
OR_WA_BPA,153,0.1644188130125385
OR_WA_BPA,154,0.16901317049718348
OR_WA_BPA,155,0.200234754440313
OR_WA_BPA,156,0.2684620074311287
OR_WA_BPA,157,0.24943228693553157
OR_WA_BPA,158,0.19736467622707562
OR_WA_BPA,159,0.17202201385111032
OR_WA_BPA,160,0.16756428263933015
OR_WA_BPA,161,0.25906526844574546
OR_WA_BPA,162,0.20443170513421532
OR_WA_BPA,163,0.2566851898704366
OR_WA_BPA,164,0.27467266296718096
OR_WA_BPA,165,0.24629892294872224
OR_WA_BPA,166,0.1391869029300025
OR_WA_BPA,167,0.1555867831451878
OR_WA_BPA,168,0.24861155842833818
OR_WA_BPA,169,0.2926534931068036
OR_WA_BPA,170,0.2367322100946423
OR_WA_BPA,171,0.2944845801029356
OR_WA_BPA,172,0.18377299576511047
OR_WA_BPA,173,0.14877570612302826
OR_WA_BPA,174,0.17124776649848955
OR_WA_BPA,175,0.2408685344196857
OR_WA_BPA,176,0.2781094272687982
OR_WA_BPA,177,0.26927615825787754
OR_WA_BPA,178,0.26219650528530397
OR_WA_BPA,179,0.21772932764571135
OR_WA_BPA,180,0.13531418236906384
OR_WA_BPA,181,0.1602200712515193
OR_WA_BPA,182,0.26655693941470093
OR_WA_BPA,183,0.3072274489020539
OR_WA_BPA,184,0.26029524975416884
OR_WA_BPA,185,0.10204955771515603
OR_WA_BPA,186,0.15176545967544122
OR_WA_BPA,187,0.15522667020244532
OR_WA_BPA,188,0.19176796512158084
OR_WA_BPA,189,0.24843990194472781
OR_WA_BPA,190,0.24751819763835675
OR_WA_BPA,191,0.25976727899800145
OR_WA_BPA,192,0.2579731240787065
OR_WA_BPA,193,0.2528339251487712
OR_WA_BPA,194,0.15457156266035119
OR_WA_BPA,195,0.1907353377463277
OR_WA_BPA,196,0.20001754691077148
OR_WA_BPA,197,0.268761646235616
OR_WA_BPA,198,0.24169980246160067
OR_WA_BPA,199,0.2750036791281429
OR_WA_BPA,200,0.20336870760054124
OR_WA_BPA,201,0.15853753545995594
OR_WA_BPA,202,0.1687315338464903
OR_WA_BPA,203,0.2304245581669924
OR_WA_BPA,204,0.2321955687927936
OR_WA_BPA,205,0.36906085877065026
OR_WA_BPA,206,0.26381412251899744
OR_WA_BPA,207,0.2385666192486031
OR_WA_BPA,208,0.15509493004724823
OR_WA_BPA,209,0.2016223962651834
OR_WA_BPA,210,0.2782775694053888
OR_WA_BPA,211,0.3033539375051276
OR_WA_BPA,212,0.29998704662660713
OR_WA_BPA,213,0.31800097648755365
OR_WA_BPA,214,0.2736802406458966
OR_WA_BPA,215,0.15255019769829908
OR_WA_BPA,216,0.2158648765528819
OR_WA_BPA,217,0.29426010545060566
OR_WA_BPA,218,0.35093001360978004
OR_WA_BPA,219,0.3447060652852317
OR_WA_BPA,220,0.39240130816058916
OR_WA_BPA,221,0.31669270510778186
OR_WA_BPA,222,0.224040881446662
OR_WA_BPA,223,0.21009825697458775
OR_WA_BPA,224,0.3683547708557224
OR_WA_BPA,225,0.3090332181926253
OR_WA_BPA,226,0.27012899532159407
OR_WA_BPA,227,0.3612948665110014
OR_WA_BPA,228,0.27954384469669064
OR_WA_BPA,229,0.17769778708833636
OR_WA_BPA,230,0.2265235151536818
OR_WA_BPA,231,0.2495924437345627
OR_WA_BPA,232,0.3079658492403769
OR_WA_BPA,233,0.29237956890376154
OR_WA_BPA,234,0.38619524464007593
OR_WA_BPA,235,0.2815585770725389
OR_WA_BPA,236,0.1751685544766822
OR_WA_BPA,237,0.17788576606768344
OR_WA_BPA,238,0.29277943012184343
OR_WA_BPA,239,0.34322385100912123
OR_WA_BPA,240,0.3097180488632217
OR_WA_BPA,241,0.29946529292968077
OR_WA_BPA,242,0.2538430852914076
OR_WA_BPA,243,0.19630767350553835
OR_WA_BPA,244,0.12008428237998692
OR_WA_BPA,245,0.15607842460103039
OR_WA_BPA,246,0.24058665672001975
OR_WA_BPA,247,0.2757887385418862
OR_WA_BPA,248,0.26956436444604936
OR_WA_BPA,249,0.2667197577561846
OR_WA_BPA,250,0.18811732983862467
OR_WA_BPA,251,0.17455116867308315
OR_WA_BPA,252,0.30432021172680257
OR_WA_BPA,253,0.30680939340924124
OR_WA_BPA,254,0.27142769513444703
OR_WA_BPA,255,0.34744344754917666
OR_WA_BPA,256,0.30164443487690545
OR_WA_BPA,257,0.16864857869971345
OR_WA_BPA,258,0.2034822188793934
OR_WA_BPA,259,0.277178233890095
OR_WA_BPA,260,0.2833212135245295
OR_WA_BPA,261,0.40898308739831324
OR_WA_BPA,262,0.35721383116969807
OR_WA_BPA,263,0.25065520258590007
OR_WA_BPA,264,0.21139667099081408
OR_WA_BPA,265,0.20267212896497866
OR_WA_BPA,266,0.27227852867047314
OR_WA_BPA,267,0.24456158539633707
OR_WA_BPA,268,0.2834571041254812
OR_WA_BPA,269,0.28265285172136806
OR_WA_BPA,270,0.23125061892302642
OR_WA_BPA,271,0.14104326392310046
OR_WA_BPA,272,0.19703809466831465
OR_WA_BPA,273,0.2554175644830397
OR_WA_BPA,274,0.47869935771227823
OR_WA_BPA,275,0.5486700837120969
OR_WA_BPA,276,0.5544376681220159
OR_WA_BPA,277,0.4216452858124263
OR_WA_BPA,278,0.28787085690911224
OR_WA_BPA,279,0.41063848863910973
OR_WA_BPA,280,0.4225244385446412
OR_WA_BPA,281,0.46239044373554505
OR_WA_BPA,282,0.4819221755362045
OR_WA_BPA,283,0.6036973947850526
OR_WA_BPA,284,0.450691627560008
OR_WA_BPA,285,0.30282075181608237
OR_WA_BPA,286,0.36768866114802484
OR_WA_BPA,287,0.44370992990825064
OR_WA_BPA,288,0.40395672352889395
OR_WA_BPA,289,0.44339543664086767
OR_WA_BPA,290,0.5458179653891821
OR_WA_BPA,291,0.4946873101012085
OR_WA_BPA,292,0.3149073070187071
OR_WA_BPA,293,0.36976735397915483
OR_WA_BPA,294,0.4777082178392915
OR_WA_BPA,295,0.5390297364830343
OR_WA_BPA,296,0.6072785959509646
OR_WA_BPA,297,0.6263546694987812
OR_WA_BPA,298,0.4511306160524953
OR_WA_BPA,299,0.2834431179660129
OR_WA_BPA,300,0.32355717705495735
OR_WA_BPA,301,0.48252506953262
OR_WA_BPA,302,0.4791503870465684
OR_WA_BPA,303,0.5041869418371091
OR_WA_BPA,304,0.541196451045191
OR_WA_BPA,305,0.5275539442257652
OR_WA_BPA,306,0.41460531558081837
OR_WA_BPA,307,0.4053187534018044
OR_WA_BPA,308,0.5189492246326611
OR_WA_BPA,309,0.5432651633772757
OR_WA_BPA,310,0.5673024877339577
OR_WA_BPA,311,0.5983974975938846
OR_WA_BPA,312,0.5035053423943749
OR_WA_BPA,313,0.35576225525424787
OR_WA_BPA,314,0.391365460055432
OR_WA_BPA,315,0.42432857990787903
OR_WA_BPA,316,0.5337380865077382
OR_WA_BPA,317,0.4975371031781819
OR_WA_BPA,318,0.6178862888738992
OR_WA_BPA,319,0.4678564753776317
OR_WA_BPA,320,0.3313264852341986
OR_WA_BPA,321,0.38168765094166635
OR_WA_BPA,322,0.5511057063846664
OR_WA_BPA,323,0.578679944947312
OR_WA_BPA,324,0.6135304324021494
OR_WA_BPA,325,0.6930191385684644
OR_WA_BPA,326,0.4790114260983146
OR_WA_BPA,327,0.5102499590785918
OR_WA_BPA,328,0.3860482920856182
OR_WA_BPA,329,0.5251037798639686
OR_WA_BPA,330,0.6339240169574991
OR_WA_BPA,331,0.6393226101775451
OR_WA_BPA,332,0.1855428660666366
OR_WA_BPA,333,0.4154777126956729
OR_WA_BPA,334,0.4469743283172524
OR_WA_BPA,335,0.5758288384008073
OR_WA_BPA,336,0.6188040324425288
OR_WA_BPA,337,0.644983017068313
OR_WA_BPA,338,0.5841809029032838
OR_WA_BPA,339,0.5607903522142229
OR_WA_BPA,340,0.5639095307744615
OR_WA_BPA,341,0.36841816356592333
OR_WA_BPA,342,0.453535992824783
OR_WA_BPA,343,0.5579937512076265
OR_WA_BPA,344,0.7075810129851269
OR_WA_BPA,345,0.6996952830153415
OR_WA_BPA,346,0.5774978977068932
OR_WA_BPA,347,0.580111514154191
OR_WA_BPA,348,0.3865216734320008
OR_WA_BPA,349,0.4368030357173971
OR_WA_BPA,350,0.5492931878446952
OR_WA_BPA,351,0.5036714935269827
OR_WA_BPA,352,0.6818766953755662
OR_WA_BPA,353,0.48645735625598613
OR_WA_BPA,354,0.5429254508778413
OR_WA_BPA,355,0.4548096186298411
OR_WA_BPA,356,0.41071525997548824
OR_WA_BPA,357,0.4386755125404284
OR_WA_BPA,358,0.3297107929804215
OR_WA_BPA,359,0.2619838778699072
OR_WA_BPA,360,0.525269298233488
OR_WA_BPA,361,0.5059323697603989
OR_WA_BPA,362,0.43130486635733856
OR_WA_BPA,363,0.3838641677683471
OR_WA_BPA,364,0.4937827071953449
OR_WA_BPA,365,0.3876026312597077
UT_N,1,15756.361532049017
UT_N,2,19202.771568820746
UT_N,3,19914.530408576426
UT_N,4,19755.638603412863
UT_N,5,18936.85013297005
UT_N,6,18117.427781218892
UT_N,7,17529.16157020889
UT_N,8,18758.252629897346
UT_N,9,16873.170845421944
UT_N,10,16821.95894269665
UT_N,11,19615.129349928004
UT_N,12,18482.486172697838
UT_N,13,14380.08245683875
UT_N,14,15081.987839386731
UT_N,15,19843.598487448646
UT_N,16,18200.76837042902
UT_N,17,16447.68711184101
UT_N,18,21011.61878860158
UT_N,19,19515.26186101584
UT_N,20,15100.371549548237
UT_N,21,18937.549317793957
UT_N,22,20213.257769671374
UT_N,23,18379.392861937366
UT_N,24,19169.932841967126
UT_N,25,19820.61025384053
UT_N,26,19749.682607715386
UT_N,27,15351.813729431777
UT_N,28,18454.242836883892
UT_N,29,19351.786680356294
UT_N,30,17325.502134876868
UT_N,31,17848.789299791275
UT_N,32,20035.256253822055
UT_N,33,18538.87793112477
UT_N,34,16204.035654358715
UT_N,35,18290.72282187621
UT_N,36,19193.544202175064
UT_N,37,18393.821573515535
UT_N,38,18229.65049831822
UT_N,39,20161.989065212532
UT_N,40,19571.695461999425
UT_N,41,17523.106208010333
UT_N,42,16774.581039965175
UT_N,43,21511.554133337882
UT_N,44,18883.565331778656
UT_N,45,18009.032491992184
UT_N,46,21153.467486012887
UT_N,47,20938.095666193993
UT_N,48,16508.04592940493
UT_N,49,16288.780994735234
UT_N,50,22089.083589584334
UT_N,51,20114.700931601274
UT_N,52,18950.593229747887
UT_N,53,21769.27192163445
UT_N,54,19388.5063490598
UT_N,55,15575.629983911831
UT_N,56,19188.969236975212
UT_N,57,19348.494367646526
UT_N,58,20003.12341637496
UT_N,59,20656.401205241604
UT_N,60,20386.64522600865
UT_N,61,13927.081615472658
UT_N,62,19259.960643386075
UT_N,63,19347.227754959302
UT_N,64,19586.252608461364
UT_N,65,20642.673478897075
UT_N,66,20395.839013550325
UT_N,67,20712.25629239326
UT_N,68,16198.16377220575
UT_N,69,18557.366292080995
UT_N,70,19931.5847144498
UT_N,71,20045.221528702285
UT_N,72,20980.86839990942
UT_N,73,19043.902672849512
UT_N,74,20199.51536529035
UT_N,75,17510.11661806265
UT_N,76,18978.23378839732
UT_N,77,19565.831935033522
UT_N,78,20259.230376588064
UT_N,79,19664.315256495145
UT_N,80,21494.273386955218
UT_N,81,20526.482919699887
UT_N,82,16902.115904287708
UT_N,83,17730.077528303962
UT_N,84,20638.76452505256
UT_N,85,18931.62977437562
UT_N,86,20567.150334683505
UT_N,87,19988.06381995393
UT_N,88,21302.56225637632
UT_N,89,15896.20523971816
UT_N,90,17028.853714269317
UT_N,91,20479.814929399367
UT_N,92,19322.175959868957
UT_N,93,19682.63549664747
UT_N,94,16629.535063884454
UT_N,95,17977.58733320781
UT_N,96,16143.684969467507
UT_N,97,17368.879419654542
UT_N,98,19805.4992847127
UT_N,99,17816.640385350074
UT_N,100,19121.938818862593
UT_N,101,19842.221511783788
UT_N,102,18972.90652093946
UT_N,103,14959.14585858304
UT_N,104,16807.49333614583
UT_N,105,19198.143420170338
UT_N,106,18495.592972940765
UT_N,107,19263.15140223637
UT_N,108,19655.10273267014
UT_N,109,19280.836512399557
UT_N,110,14444.391447103862
UT_N,111,17308.47736144973
UT_N,112,19590.797289253896
UT_N,113,18831.730491799517
UT_N,114,19693.199893112367
UT_N,115,20745.69733038114
UT_N,116,18757.568406850758
UT_N,117,14534.384365740407
UT_N,118,17017.582480882684
UT_N,119,18351.136293715543
UT_N,120,17797.578297095428
UT_N,121,19346.464435113798
UT_N,122,19525.073610396998
UT_N,123,19066.122358677716
UT_N,124,14670.944600902407
UT_N,125,15868.599397853573
UT_N,126,18244.117000015194
UT_N,127,18174.521150081073
UT_N,128,19146.242908955006
UT_N,129,18799.562286172135
UT_N,130,18368.8189031466
UT_N,131,14729.989929280364
UT_N,132,16424.045497789473
UT_N,133,18196.822833053546
UT_N,134,18463.39355729418
UT_N,135,19888.797920049587
UT_N,136,20366.146684038486
UT_N,137,19543.489924892583
UT_N,138,14341.97273507912
UT_N,139,17341.322165871214
UT_N,140,19436.495909547502
UT_N,141,18733.922086729086
UT_N,142,19810.73204949966
UT_N,143,19739.815228453466
UT_N,144,18836.320158354993
UT_N,145,14357.118026205999
UT_N,146,14296.714401619976
UT_N,147,16804.245016696874
UT_N,148,18893.46899519676
UT_N,149,18715.53538900585
UT_N,150,19969.645829747198
UT_N,151,18635.38155652635
UT_N,152,15301.245437802552
UT_N,153,17846.873377305907
UT_N,154,19488.37375893347
UT_N,155,19285.400423615694
UT_N,156,19758.166873030958
UT_N,157,20676.12729617647
UT_N,158,19324.187996330103
UT_N,159,16672.22185353145
UT_N,160,17668.96015421863
UT_N,161,20451.558986579243
UT_N,162,19988.701638170805
UT_N,163,21007.694737774367
UT_N,164,20942.713190107013
UT_N,165,19716.833414026874
UT_N,166,16742.502596368202
UT_N,167,16770.730861133747
UT_N,168,21186.291972341824
UT_N,169,20544.818711670963
UT_N,170,18327.478175927925
UT_N,171,20002.46093709844
UT_N,172,19263.14243528993
UT_N,173,16550.07764391184
UT_N,174,17500.212155382364
UT_N,175,20021.51998595322
UT_N,176,19674.79793741042
UT_N,177,18365.60614628437
UT_N,178,20171.233768254988
UT_N,179,19192.86369724311
UT_N,180,16363.668156671421
UT_N,181,17692.620046451808
UT_N,182,18154.162092963692
UT_N,183,19014.95473485686
UT_N,184,19337.335666475803
UT_N,185,13772.765184405003
UT_N,186,15726.739037261656
UT_N,187,16429.337553173227
UT_N,188,18580.986980152025
UT_N,189,19763.465581248718
UT_N,190,20016.269628341826
UT_N,191,20484.418345662732
UT_N,192,20825.861153827977
UT_N,193,19454.20491064773
UT_N,194,16320.975550770077
UT_N,195,17519.29099531181
UT_N,196,20091.109673452764
UT_N,197,19768.733333175773
UT_N,198,20063.553643497937
UT_N,199,19969.646422296166
UT_N,200,16442.4157629706
UT_N,201,15188.302307859702
UT_N,202,16106.268877150409
UT_N,203,18884.294229607345
UT_N,204,19323.5538307925
UT_N,205,18894.18293337965
UT_N,206,20535.641444412016
UT_N,207,20362.282522204187
UT_N,208,16344.61677973218
UT_N,209,18828.492696024394
UT_N,210,19959.77929563996
UT_N,211,19155.485776295776
UT_N,212,19693.2136557456
UT_N,213,20760.203805678637
UT_N,214,18127.28237195078
UT_N,215,16297.33918499875
UT_N,216,17814.78003421086
UT_N,217,19146.978594850632
UT_N,218,18799.57854962325
UT_N,219,20576.982613711563
UT_N,220,20287.44360399475
UT_N,221,19557.9718784567
UT_N,222,16671.582004355827
UT_N,223,18248.75550505321
UT_N,224,18079.97620081224
UT_N,225,19502.183844549927
UT_N,226,18504.777231219516
UT_N,227,20460.108435084538
UT_N,228,19169.256837571378
UT_N,229,15502.195056344422
UT_N,230,17814.7851243512
UT_N,231,19179.12494146026
UT_N,232,18772.03670343362
UT_N,233,19637.411099469387
UT_N,234,20474.562793809662
UT_N,235,19754.970055332476
UT_N,236,15011.747753915597
UT_N,237,18151.611595648938
UT_N,238,18182.39220780648
UT_N,239,17563.84682086964
UT_N,240,18789.018280170818
UT_N,241,20226.368451123646
UT_N,242,18588.137758803638
UT_N,243,14633.563600797299
UT_N,244,15120.040012437901
UT_N,245,18529.000495470755
UT_N,246,17794.310157088134
UT_N,247,18083.795085193524
UT_N,248,19520.4004010055
UT_N,249,19496.818452535183
UT_N,250,15015.604742859801
UT_N,251,18140.97455519824
UT_N,252,19398.975596457654
UT_N,253,18454.1383816603
UT_N,254,19590.69029848447
UT_N,255,20825.74266839102
UT_N,256,19477.77090944155
UT_N,257,15146.192287159454
UT_N,258,18384.57759164812
UT_N,259,18196.78259512828
UT_N,260,17827.07867167007
UT_N,261,19968.197570840002
UT_N,262,20249.900694221215
UT_N,263,20118.52210135639
UT_N,264,15235.559295312209
UT_N,265,18413.524070940526
UT_N,266,19712.161939059988
UT_N,267,19066.056227213234
UT_N,268,19552.59207775475
UT_N,269,19848.091559660377
UT_N,270,20872.30872522759
UT_N,271,16119.973239177203
UT_N,272,18309.038675458287
UT_N,273,20769.261036747695
UT_N,274,18556.340936025703
UT_N,275,19089.47819756552
UT_N,276,20867.50775591107
UT_N,277,20071.707193329894
UT_N,278,15520.999371031014
UT_N,279,18875.36733777316
UT_N,280,20399.41876465953
UT_N,281,19286.493019958878
UT_N,282,19093.43056560507
UT_N,283,21199.624548052783
UT_N,284,20380.313925162358
UT_N,285,16763.679161473163
UT_N,286,18444.527644141857
UT_N,287,19099.24876384285
UT_N,288,19468.317710038475
UT_N,289,19819.438591917944
UT_N,290,21704.58019515585
UT_N,291,19310.720924782625
UT_N,292,16616.830186679144
UT_N,293,18301.005599074575
UT_N,294,18977.117430406342
UT_N,295,18598.39621412137
UT_N,296,19055.98442432048
UT_N,297,19818.907977839946
UT_N,298,20993.530588047455
UT_N,299,15232.041858694161
UT_N,300,16381.705289849866
UT_N,301,18622.628111308968
UT_N,302,18295.757393835487
UT_N,303,18294.40156444117
UT_N,304,16161.678008060644
UT_N,305,19266.239918535222
UT_N,306,15236.145538755787
UT_N,307,16093.028395199826
UT_N,308,18049.555130212557
UT_N,309,16616.333006257784
UT_N,310,18130.368263369804
UT_N,311,19014.145392118233
UT_N,312,17407.38980613167
UT_N,313,14589.402082763947
UT_N,314,16394.991863799856
UT_N,315,18215.07428140115
UT_N,316,17378.620485149662
UT_N,317,19571.614340070537
UT_N,318,20936.453120477054
UT_N,319,19689.092264355382
UT_N,320,14544.11904652287
UT_N,321,17265.725215993047
UT_N,322,18716.10144732134
UT_N,323,19528.226780056873
UT_N,324,20109.34863322221
UT_N,325,20183.47300233272
UT_N,326,19930.740563479376
UT_N,327,17584.794871715145
UT_N,328,17173.099333773614
UT_N,329,19445.50255688755
UT_N,330,20733.145929624134
UT_N,331,19473.796446359058
UT_N,332,10441.120912812463
UT_N,333,14735.189211138377
UT_N,334,17780.41683666798
UT_N,335,20247.337579617324
UT_N,336,19861.90608971256
UT_N,337,19127.855099760105
UT_N,338,18116.65211687002
UT_N,339,19796.202891267552
UT_N,340,18823.127720223063
UT_N,341,15703.702825796372
UT_N,342,16630.196601587213
UT_N,343,19838.211544558333
UT_N,344,18687.279028069912
UT_N,345,18443.647067711627
UT_N,346,20043.732793930718
UT_N,347,18865.8784187314
UT_N,348,15161.369525730639
UT_N,349,16766.818182009112
UT_N,350,19674.778923470047
UT_N,351,18697.11761938459
UT_N,352,18684.003901198026
UT_N,353,21387.843982612027
UT_N,354,21803.474147404013
UT_N,355,19071.36544866968
UT_N,356,19087.205217018996
UT_N,357,19072.076120514965
UT_N,358,15366.894056121246
UT_N,359,13248.76729546631
UT_N,360,21659.72875396823
UT_N,361,22800.86678006039
UT_N,362,20322.233606533075
UT_N,363,20022.865780891745
UT_N,364,20708.947066326597
UT_N,365,16708.94905691822
UT_S,1,0.025895905390191553
UT_S,2,0.04993387085615966
UT_S,3,0.06705727194010389
UT_S,4,0.06796727189869083
UT_S,5,0.0755228897477109
UT_S,6,0.03690896078189087
UT_S,7,0.03223441317080482
UT_S,8,0.04894047736232439
UT_S,9,0.046096306468150834
UT_S,10,0.052148933941811304
UT_S,11,0.05932715652380341
UT_S,12,0.05300038933324678
UT_S,13,0.045737422438713544
UT_S,14,0.04972341518595868
UT_S,15,0.05993850571993534
UT_S,16,0.0549238014130456
UT_S,17,0.0629957526608988
UT_S,18,0.07499827813421035
UT_S,19,0.0680856760797816
UT_S,20,0.03897513849649266
UT_S,21,0.05647447428433046
UT_S,22,0.068388694647987
UT_S,23,0.05451706815111696
UT_S,24,0.055854080630553735
UT_S,25,0.08191818016517477
UT_S,26,0.07052305275741629
UT_S,27,0.032835553348832223
UT_S,28,0.056697488280628976
UT_S,29,0.0591202807280295
UT_S,30,0.0610504884973917
UT_S,31,0.0591693397492956
UT_S,32,0.125956075323849
UT_S,33,0.14043651094849322
UT_S,34,0.10476666794291324
UT_S,35,0.09260862778213032
UT_S,36,0.09084058225850031
UT_S,37,0.0856510701278633
UT_S,38,0.09248707252711448
UT_S,39,0.1312854760797184
UT_S,40,0.11372147350091708
UT_S,41,0.1341582749688722
UT_S,42,0.13735824628797816
UT_S,43,0.4587287902743747
UT_S,44,0.11423484765529775
UT_S,45,0.06705965508872945
UT_S,46,0.104425430552512
UT_S,47,0.10615595671102347
UT_S,48,0.09652941597419695
UT_S,49,0.07821811425108
UT_S,50,0.14078195141183147
UT_S,51,0.12672566820523634
UT_S,52,0.11222032844864578
UT_S,53,0.13037875484907327
UT_S,54,0.08549907334311406
UT_S,55,0.09307760942306324
UT_S,56,0.0725552174045418
UT_S,57,0.11841317630651545
UT_S,58,0.1060395694645839
UT_S,59,0.08473805236984097
UT_S,60,0.03153434971058921
UT_S,61,0.020241265535776896
UT_S,62,0.020023826528594822
UT_S,63,0.024669663600441788
UT_S,64,0.01624517089324339
UT_S,65,0.03252561805202179
UT_S,66,0.02424669984866432
UT_S,67,0.02856881508298818
UT_S,68,0.02304254429378659
UT_S,69,0.024907181584181044
UT_S,70,0.025425612149224033
UT_S,71,0.02709516747933017
UT_S,72,0.03268474088256398
UT_S,73,0.02779992744903191
UT_S,74,0.030905119956415168
UT_S,75,0.02391772952533775
UT_S,76,0.031165067266996332
UT_S,77,0.02362990778660412
UT_S,78,0.028329845441444765
UT_S,79,0.039032157975462875
UT_S,80,0.04638497185959792
UT_S,81,0.03164462263767536
UT_S,82,0.02072860101156642
UT_S,83,0.02652003069532619
UT_S,84,0.028329570980740685
UT_S,85,0.022408287771452328
UT_S,86,0.023389608448302148
UT_S,87,0.025517327564352592
UT_S,88,0.03377456113705428
UT_S,89,0.019986835572009257
UT_S,90,0.021059410626434544
UT_S,91,0.08721077760859312
UT_S,92,0.070098700197616
UT_S,93,0.0917942644774014
UT_S,94,0.07219127694652079
UT_S,95,0.03955837253161733
UT_S,96,0.06310033191540464
UT_S,97,0.06330245128004536
UT_S,98,0.052990311794432275
UT_S,99,0.05532982799738214
UT_S,100,0.0770898799978313
UT_S,101,0.07676775836866098
UT_S,102,0.08508807439231844
UT_S,103,0.06672010633485359
UT_S,104,0.05790990460659545
UT_S,105,0.08487315169258983
UT_S,106,0.04585795450597897
UT_S,107,0.06249287759948552
UT_S,108,0.06505485355892358
UT_S,109,0.07029108722112265
UT_S,110,0.04225506323840889
UT_S,111,0.07300942885523709
UT_S,112,0.06499036389570596
UT_S,113,0.06313084295688269
UT_S,114,0.07408670104846196
UT_S,115,0.10065530036655626
UT_S,116,0.05311287035802411
UT_S,117,0.0414727002511837
UT_S,118,0.06551000975663998
UT_S,119,0.07148801569400298
UT_S,120,0.06432193778752897
UT_S,121,0.10806405094114362
UT_S,122,0.12265602927428176
UT_S,123,0.09413683431529099
UT_S,124,0.08567193921324041
UT_S,125,0.06602885835763243
UT_S,126,0.0855209598139643
UT_S,127,0.10282853317377741
UT_S,128,0.09944038318184467
UT_S,129,0.07858251737978104
UT_S,130,0.08148901603974103
UT_S,131,0.07280842214607876
UT_S,132,0.05797041498207541
UT_S,133,0.08699808564728152
UT_S,134,0.09220802046412871
UT_S,135,0.112636614252551
UT_S,136,0.11697315535790828
UT_S,137,0.07966130607340444
UT_S,138,0.049266892342716924
UT_S,139,0.06105284636448847
UT_S,140,0.06840260253386923
UT_S,141,0.05308628245697148
UT_S,142,0.09324204592698518
UT_S,143,0.07135089305634358
UT_S,144,0.06640434913112744
UT_S,145,0.04391523164679338
UT_S,146,0.05518859043511012
UT_S,147,0.07286345280880978
UT_S,148,0.07684217913004242
UT_S,149,0.06678174686170622
UT_S,150,0.07036423467857067
UT_S,151,0.09477001700972851
UT_S,152,0.07537097078672601
UT_S,153,0.10221680452318246
UT_S,154,0.07682048868088147
UT_S,155,0.09963043579143753
UT_S,156,0.09270857440124854
UT_S,157,0.09183714839253736
UT_S,158,0.09834389713063879
UT_S,159,0.08484448437708514
UT_S,160,0.07144900276108777
UT_S,161,0.10355632345975754
UT_S,162,0.06797219347772136
UT_S,163,0.08593673299041163
UT_S,164,0.08188260839874809
UT_S,165,0.08691249610922024
UT_S,166,0.06304789029098004
UT_S,167,0.07438039903115089
UT_S,168,0.11278694060644635
UT_S,169,0.06903029795233534
UT_S,170,0.08325909374266344
UT_S,171,0.08842495996244969
UT_S,172,0.07145982404552655
UT_S,173,0.08416387746352694
UT_S,174,0.061958079399201574
UT_S,175,0.08247225004402958
UT_S,176,0.1030401441701869
UT_S,177,0.061481027012976246
UT_S,178,0.07308356304458265
UT_S,179,0.09125162819415855
UT_S,180,0.04325298545234584
UT_S,181,0.05790347915001356
UT_S,182,0.048601733645744015
UT_S,183,0.056223125398765283
UT_S,184,0.0500903141540474
UT_S,185,0.03902815372090633
UT_S,186,0.04860564642059317
UT_S,187,0.03955216161682997
UT_S,188,0.05049636354118614
UT_S,189,0.0673448073820729
UT_S,190,0.05948541069637363
UT_S,191,0.07704507896017909
UT_S,192,0.062373111647195216
UT_S,193,0.05239821101696314
UT_S,194,0.036187894988102876
UT_S,195,0.03621429481111021
UT_S,196,0.0713883186935803
UT_S,197,0.0729373310577813
UT_S,198,0.06792271230009159
UT_S,199,0.07009192325674335
UT_S,200,0.061000172340213
UT_S,201,0.060111816532768675
UT_S,202,0.05309424532411668
UT_S,203,0.06516840145487048
UT_S,204,0.0524155486936972
UT_S,205,0.04332214813746882
UT_S,206,0.05955170053890338
UT_S,207,0.06772972230717061
UT_S,208,0.04153377982852952
UT_S,209,0.06761845796822197
UT_S,210,0.07036711973073763
UT_S,211,0.04307417182602043
UT_S,212,0.06007926760109613
UT_S,213,0.054025583026310386
UT_S,214,0.04859371124624303
UT_S,215,0.026129192411711074
UT_S,216,0.042496342651602334
UT_S,217,0.043512620862548784
UT_S,218,0.06199372117746139
UT_S,219,0.0575418093832044
UT_S,220,0.05437489956214996
UT_S,221,0.0572306162027065
UT_S,222,0.04459977396968882
UT_S,223,0.04057648239006928
UT_S,224,0.062068816600422155
UT_S,225,0.04648656634400643
UT_S,226,0.048100805169794376
UT_S,227,0.06017574897171313
UT_S,228,0.051764590350088235
UT_S,229,0.03599614150362998
UT_S,230,0.03771580627202807
UT_S,231,0.04992948904362542
UT_S,232,0.04466186764401923
UT_S,233,0.06344812854634924
UT_S,234,0.06566508918814723
UT_S,235,0.056131724773901936
UT_S,236,0.03086264364165353
UT_S,237,0.04581468543438496
UT_S,238,0.0577402486358176
UT_S,239,0.052706612002497225
UT_S,240,0.07556173642807623
UT_S,241,0.05707113106008062
UT_S,242,0.04585649288462462
UT_S,243,0.040554454799343824
UT_S,244,0.10374265373936202
UT_S,245,0.15127714952987117
UT_S,246,0.09939915242687195
UT_S,247,0.156663261130433
UT_S,248,0.20293236960973743
UT_S,249,0.13853413035688888
UT_S,250,0.08703037812576853
UT_S,251,0.1364816909932805
UT_S,252,0.16294057696448522
UT_S,253,0.16119415258914735
UT_S,254,0.17198113331857665
UT_S,255,0.18085854860988554
UT_S,256,0.13298107912478424
UT_S,257,0.15078354837693414
UT_S,258,0.14313180812614845
UT_S,259,0.12754242348162895
UT_S,260,0.16373240947421858
UT_S,261,0.158755607359593
UT_S,262,0.171511082886755
UT_S,263,0.2187125917689403
UT_S,264,0.09581778316045148
UT_S,265,0.11634367602220881
UT_S,266,0.16513689829515327
UT_S,267,0.16058086682697087
UT_S,268,0.16400957331525565
UT_S,269,0.16015821854288606
UT_S,270,0.22740124514670107
UT_S,271,0.12848391265799167
UT_S,272,0.14975730454452957
UT_S,273,0.18329564337844545
UT_S,274,0.37033998282524205
UT_S,275,0.3849572241191276
UT_S,276,0.43511999696876114
UT_S,277,0.4210210851491859
UT_S,278,0.2847775997652944
UT_S,279,0.48591549579611365
UT_S,280,0.35783425933239565
UT_S,281,0.3672218646596775
UT_S,282,0.3457458632419611
UT_S,283,0.5599629237714225
UT_S,284,0.4095776116502347
UT_S,285,0.4925478368205368
UT_S,286,0.5854305416238311
UT_S,287,0.48098596223157625
UT_S,288,0.39967935279516453
UT_S,289,0.5735286867052113
UT_S,290,0.5165973275305904
UT_S,291,0.4657576365134379
UT_S,292,0.357504560184299
UT_S,293,0.35652033090326185
UT_S,294,0.4674291722150535
UT_S,295,0.33441085556114764
UT_S,296,0.3657887441490024
UT_S,297,0.42404887867025093
UT_S,298,0.4703347657671896
UT_S,299,0.380191608551534
UT_S,300,0.3791220658361089
UT_S,301,0.42895426355482447
UT_S,302,0.33138111924998565
UT_S,303,0.3270227415134703
UT_S,304,0.4430639976204583
UT_S,305,0.20703937140762407
UT_S,306,0.18966822561094773
UT_S,307,0.1939183878093833
UT_S,308,0.2035826310603306
UT_S,309,0.17459109551368004
UT_S,310,0.19608461796429505
UT_S,311,0.18547197799115187
UT_S,312,0.1717955124227285
UT_S,313,0.14276245321029413
UT_S,314,0.1922059239432548
UT_S,315,0.20885840944316034
UT_S,316,0.18883197160046197
UT_S,317,0.1948434023832903
UT_S,318,0.3885139015983059
UT_S,319,0.26855877935643857
UT_S,320,0.17338693323255808
UT_S,321,0.12571203111319454
UT_S,322,0.18081731740234377
UT_S,323,0.20286667560001168
UT_S,324,0.20567959654127385
UT_S,325,0.25341340737089924
UT_S,326,0.1896645642971676
UT_S,327,0.19803356944343542
UT_S,328,0.20648907036045025
UT_S,329,0.24857968016934928
UT_S,330,0.23249213530911547
UT_S,331,0.19428748294547998
UT_S,332,0.08044793162736798
UT_S,333,0.1468710148695174
UT_S,334,0.21296787846081666
UT_S,335,0.18165678014060938
UT_S,336,0.12537986048821162
UT_S,337,0.11424731925632325
UT_S,338,0.13247942362409232
UT_S,339,0.16288262753307606
UT_S,340,0.15949517602069857
UT_S,341,0.11856428816467254
UT_S,342,0.09074746021100928
UT_S,343,0.173578305150408
UT_S,344,0.08354540853234381
UT_S,345,0.1058191998068902
UT_S,346,0.15582321005344252
UT_S,347,0.1082395221140014
UT_S,348,0.11348444337251047
UT_S,349,0.07390284498160785
UT_S,350,0.12205408454697132
UT_S,351,0.11154910928990003
UT_S,352,0.12560948776060443
UT_S,353,0.15111426901389607
UT_S,354,0.12118859631861435
UT_S,355,0.1247038611255797
UT_S,356,0.10496886401534054
UT_S,357,0.09412590187414485
UT_S,358,0.09244833006245863
UT_S,359,0.07153944071649207
UT_S,360,0.11562675409924691
UT_S,361,0.13355503153158477
UT_S,362,0.13782667177894337
UT_S,363,0.096865083564592
UT_S,364,0.1049148372452573
UT_S,365,0.10364561526991031
WA_ID_AVA,1,15.942103692485365
WA_ID_AVA,2,122.43996006605747
WA_ID_AVA,3,67.15166525678465
WA_ID_AVA,4,102.42761913246545
WA_ID_AVA,5,84.16161383387724
WA_ID_AVA,6,92.03993426221814
WA_ID_AVA,7,85.64196917326046
WA_ID_AVA,8,75.92800100807271
WA_ID_AVA,9,43.43288926161737
WA_ID_AVA,10,72.61871492612056
WA_ID_AVA,11,68.46002697566583
WA_ID_AVA,12,90.57158911012944
WA_ID_AVA,13,71.86189130444535
WA_ID_AVA,14,20.963972661934655
WA_ID_AVA,15,123.82642583161258
WA_ID_AVA,16,124.38403219996368
WA_ID_AVA,17,36.1536943402806
WA_ID_AVA,18,43.4602845092515
WA_ID_AVA,19,127.25513569988291
WA_ID_AVA,20,109.24738236768124
WA_ID_AVA,21,19.029924539881577
WA_ID_AVA,22,122.45988322487682
WA_ID_AVA,23,207.8637373421051
WA_ID_AVA,24,123.88121591446529
WA_ID_AVA,25,156.22518660768893
WA_ID_AVA,26,152.79184602374443
WA_ID_AVA,27,64.61852411528554
WA_ID_AVA,28,119.68739348629337
WA_ID_AVA,29,88.78227558611444
WA_ID_AVA,30,217.68993862903633
WA_ID_AVA,31,76.8839587669018
WA_ID_AVA,32,116.3459673453733
WA_ID_AVA,33,124.47361645823997
WA_ID_AVA,34,68.64715510222723
WA_ID_AVA,35,15.310870846757055
WA_ID_AVA,36,100.98332466737995
WA_ID_AVA,37,163.5331653562824
WA_ID_AVA,38,75.33778117455476
WA_ID_AVA,39,41.75942537622914
WA_ID_AVA,40,112.83942186394967
WA_ID_AVA,41,78.8870032863479
WA_ID_AVA,42,52.05307628481947
WA_ID_AVA,43,47.566215362118214
WA_ID_AVA,44,233.73063669205786
WA_ID_AVA,45,82.06858726164317
WA_ID_AVA,46,81.75276680243752
WA_ID_AVA,47,106.22661879964696
WA_ID_AVA,48,61.727609176293804
WA_ID_AVA,49,13.992212773051556
WA_ID_AVA,50,171.70108424874334
WA_ID_AVA,51,172.1105957134073
WA_ID_AVA,52,108.9119596856788
WA_ID_AVA,53,56.5508226795514
WA_ID_AVA,54,154.37947921387874
WA_ID_AVA,55,176.51103403822304
WA_ID_AVA,56,38.717689339112475
WA_ID_AVA,57,76.38375749096178
WA_ID_AVA,58,86.61407444312431
WA_ID_AVA,59,73.50471549271478
WA_ID_AVA,60,72.70692002341298
WA_ID_AVA,61,34.23568220440625
WA_ID_AVA,62,22.521607283379176
WA_ID_AVA,63,120.18294897472656
WA_ID_AVA,64,142.55319554825854
WA_ID_AVA,65,225.85548726543686
WA_ID_AVA,66,148.65524137763705
WA_ID_AVA,67,146.93607109773237
WA_ID_AVA,68,29.7659624927819
WA_ID_AVA,69,40.59676087730077
WA_ID_AVA,70,156.7308744559271
WA_ID_AVA,71,125.3873476403685
WA_ID_AVA,72,85.09747043918134
WA_ID_AVA,73,205.1439424794831
WA_ID_AVA,74,160.50720690924442
WA_ID_AVA,75,85.86180225960955
WA_ID_AVA,76,100.52848404745738
WA_ID_AVA,77,193.43074497959284
WA_ID_AVA,78,155.70395604089364
WA_ID_AVA,79,169.04388461054293
WA_ID_AVA,80,128.69604434888512
WA_ID_AVA,81,161.22590101545768
WA_ID_AVA,82,103.35314268238879
WA_ID_AVA,83,112.09401489021484
WA_ID_AVA,84,164.25599556283484
WA_ID_AVA,85,124.30368905352664
WA_ID_AVA,86,80.04757788357978
WA_ID_AVA,87,82.47071523728411
WA_ID_AVA,88,70.61013200967959
WA_ID_AVA,89,111.94216475893376
WA_ID_AVA,90,23.174281477570116
WA_ID_AVA,91,139.63267646364898
WA_ID_AVA,92,82.43556436225462
WA_ID_AVA,93,178.97844337752113
WA_ID_AVA,94,174.19981016880087
WA_ID_AVA,95,196.61805902050574
WA_ID_AVA,96,31.531335440126515
WA_ID_AVA,97,163.20113630529005
WA_ID_AVA,98,53.81807323320485
WA_ID_AVA,99,151.69439900556557
WA_ID_AVA,100,104.74517434906534
WA_ID_AVA,101,70.16699896511257
WA_ID_AVA,102,95.70027956441078
WA_ID_AVA,103,83.89183255447081
WA_ID_AVA,104,107.94183496536716
WA_ID_AVA,105,107.03767468890199
WA_ID_AVA,106,147.35317338997686
WA_ID_AVA,107,76.12680413269791
WA_ID_AVA,108,57.39546300556737
WA_ID_AVA,109,121.37357030877457
WA_ID_AVA,110,40.80132928557323
WA_ID_AVA,111,16.7168365758524
WA_ID_AVA,112,187.00809413866705
WA_ID_AVA,113,104.42950336603128
WA_ID_AVA,114,193.65519888690545
WA_ID_AVA,115,53.548158064324426
WA_ID_AVA,116,138.87967475938768
WA_ID_AVA,117,100.70725718781173
WA_ID_AVA,118,19.49128113106838
WA_ID_AVA,119,106.90532429885452
WA_ID_AVA,120,153.7006037367093
WA_ID_AVA,121,180.7660531894148
WA_ID_AVA,122,144.01101394921346
WA_ID_AVA,123,86.76053415692195
WA_ID_AVA,124,111.64872918115968
WA_ID_AVA,125,17.290895168823454
WA_ID_AVA,126,36.54769471265991
WA_ID_AVA,127,77.90939650376225
WA_ID_AVA,128,134.2440048608422
WA_ID_AVA,129,225.53039546126675
WA_ID_AVA,130,209.60436821852812
WA_ID_AVA,131,78.69523536459312
WA_ID_AVA,132,16.07518656538827
WA_ID_AVA,133,153.54284403485568
WA_ID_AVA,134,194.69965866865653
WA_ID_AVA,135,89.2938628259245
WA_ID_AVA,136,23.52370295924481
WA_ID_AVA,137,193.69438311364019
WA_ID_AVA,138,57.429626179789324
WA_ID_AVA,139,16.11145324211218
WA_ID_AVA,140,71.43149677591096
WA_ID_AVA,141,97.20644721442524
WA_ID_AVA,142,63.496011192455384
WA_ID_AVA,143,119.79222895858645
WA_ID_AVA,144,70.39708180028953
WA_ID_AVA,145,110.49004881410745
WA_ID_AVA,146,13.887557163189834
WA_ID_AVA,147,274.8840086440209
WA_ID_AVA,148,98.84539396945195
WA_ID_AVA,149,51.66305417154198
WA_ID_AVA,150,254.29103271408937
WA_ID_AVA,151,128.40894638745792
WA_ID_AVA,152,15.290803554855863
WA_ID_AVA,153,18.305491079456953
WA_ID_AVA,154,21.463635572929338
WA_ID_AVA,155,25.498074762714193
WA_ID_AVA,156,25.75994990478565
WA_ID_AVA,157,27.50303379356537
WA_ID_AVA,158,24.536217056559913
WA_ID_AVA,159,15.893173753905227
WA_ID_AVA,160,18.841322056853954
WA_ID_AVA,161,24.021581922607936
WA_ID_AVA,162,25.686300575398214
WA_ID_AVA,163,27.350105611650736
WA_ID_AVA,164,26.545354187233993
WA_ID_AVA,165,24.731542050343805
WA_ID_AVA,166,18.01872626978829
WA_ID_AVA,167,20.715792496281367
WA_ID_AVA,168,26.746652089787716
WA_ID_AVA,169,26.75542051795269
WA_ID_AVA,170,25.602495275781465
WA_ID_AVA,171,29.526467315334777
WA_ID_AVA,172,25.74038952546741
WA_ID_AVA,173,18.76589175664899
WA_ID_AVA,174,20.48022505694032
WA_ID_AVA,175,26.556264132657944
WA_ID_AVA,176,28.65377970471976
WA_ID_AVA,177,27.86425034967284
WA_ID_AVA,178,31.392842320792557
WA_ID_AVA,179,26.06244503968648
WA_ID_AVA,180,17.57342291512861
WA_ID_AVA,181,20.8094401390611
WA_ID_AVA,182,26.262077914397832
WA_ID_AVA,183,29.791281619599744
WA_ID_AVA,184,26.965274019220715
WA_ID_AVA,185,14.070199769184251
WA_ID_AVA,186,19.151813309616127
WA_ID_AVA,187,18.73639691715438
WA_ID_AVA,188,21.99517920132115
WA_ID_AVA,189,30.10526982561521
WA_ID_AVA,190,26.779818008875438
WA_ID_AVA,191,27.06034391289256
WA_ID_AVA,192,29.28843155911752
WA_ID_AVA,193,26.025008434986237
WA_ID_AVA,194,18.4085158694587
WA_ID_AVA,195,20.84227888430433
WA_ID_AVA,196,27.48163881401668
WA_ID_AVA,197,27.97229671891762
WA_ID_AVA,198,30.032322132957017
WA_ID_AVA,199,29.27390403048956
WA_ID_AVA,200,27.724001376094275
WA_ID_AVA,201,17.279704277120373
WA_ID_AVA,202,19.06608692350316
WA_ID_AVA,203,25.043326215962765
WA_ID_AVA,204,29.995038273533048
WA_ID_AVA,205,28.356208195903502
WA_ID_AVA,206,29.876612903117483
WA_ID_AVA,207,26.963349285772846
WA_ID_AVA,208,19.035891003147977
WA_ID_AVA,209,20.016027536109476
WA_ID_AVA,210,27.362989520279097
WA_ID_AVA,211,29.737395491395237
WA_ID_AVA,212,28.76934074376088
WA_ID_AVA,213,30.205200705567467
WA_ID_AVA,214,28.732487114154
WA_ID_AVA,215,20.732143755233736
WA_ID_AVA,216,21.68969731200667
WA_ID_AVA,217,30.02530340370744
WA_ID_AVA,218,32.943885437815744
WA_ID_AVA,219,31.029298064864207
WA_ID_AVA,220,33.7254992612512
WA_ID_AVA,221,29.410494330074737
WA_ID_AVA,222,20.057231224738317
WA_ID_AVA,223,23.367190371251738
WA_ID_AVA,224,29.878618738272475
WA_ID_AVA,225,30.032613062922195
WA_ID_AVA,226,29.5163645879817
WA_ID_AVA,227,34.6221134699518
WA_ID_AVA,228,27.370313476268844
WA_ID_AVA,229,22.093098925898182
WA_ID_AVA,230,26.291634244081052
WA_ID_AVA,231,27.58732105557077
WA_ID_AVA,232,29.018514282621503
WA_ID_AVA,233,27.918013554414525
WA_ID_AVA,234,35.81849008927929
WA_ID_AVA,235,29.851735114985132
WA_ID_AVA,236,18.901168455618745
WA_ID_AVA,237,24.514700241682377
WA_ID_AVA,238,26.66844513401839
WA_ID_AVA,239,30.829146978559727
WA_ID_AVA,240,29.871762004446424
WA_ID_AVA,241,31.442566598429476
WA_ID_AVA,242,27.066407219238005
WA_ID_AVA,243,16.990769412267397
WA_ID_AVA,244,16.001952996648146
WA_ID_AVA,245,18.72839029574653
WA_ID_AVA,246,23.18508867634364
WA_ID_AVA,247,24.971512207464926
WA_ID_AVA,248,24.65342086440557
WA_ID_AVA,249,22.684917916717136
WA_ID_AVA,250,17.479160319335175
WA_ID_AVA,251,18.545561962423566
WA_ID_AVA,252,27.00977097907986
WA_ID_AVA,253,31.018828654318202
WA_ID_AVA,254,27.841702936876462
WA_ID_AVA,255,29.028631905930826
WA_ID_AVA,256,26.217475808333592
WA_ID_AVA,257,17.472186412052228
WA_ID_AVA,258,19.244039893943462
WA_ID_AVA,259,23.499095692006406
WA_ID_AVA,260,25.49078746790608
WA_ID_AVA,261,25.745248789522357
WA_ID_AVA,262,26.891968121314154
WA_ID_AVA,263,25.120169876866157
WA_ID_AVA,264,17.055364019192666
WA_ID_AVA,265,17.89869719527004
WA_ID_AVA,266,23.290752513285348
WA_ID_AVA,267,23.989082140792615
WA_ID_AVA,268,24.351241830194642
WA_ID_AVA,269,27.082438086417774
WA_ID_AVA,270,24.126556557117144
WA_ID_AVA,271,15.834576931337557
WA_ID_AVA,272,19.95494374247425
WA_ID_AVA,273,23.90133340483759
WA_ID_AVA,274,25.51503871740994
WA_ID_AVA,275,27.323579027762335
WA_ID_AVA,276,29.30583082251657
WA_ID_AVA,277,25.806941657711263
WA_ID_AVA,278,16.219063372602097
WA_ID_AVA,279,21.691031659448115
WA_ID_AVA,280,25.577733064110202
WA_ID_AVA,281,26.62870049773858
WA_ID_AVA,282,29.73834725610837
WA_ID_AVA,283,28.58001875592245
WA_ID_AVA,284,25.965120593292063
WA_ID_AVA,285,16.56199899592358
WA_ID_AVA,286,20.348930014901057
WA_ID_AVA,287,25.590122453948577
WA_ID_AVA,288,27.8007138811858
WA_ID_AVA,289,25.308144583029048
WA_ID_AVA,290,28.1653894316625
WA_ID_AVA,291,26.15164446535998
WA_ID_AVA,292,18.331087418194993
WA_ID_AVA,293,21.338557044411942
WA_ID_AVA,294,29.747542824476394
WA_ID_AVA,295,28.62472667315831
WA_ID_AVA,296,27.936357193314095
WA_ID_AVA,297,32.09490456196719
WA_ID_AVA,298,27.514953611654075
WA_ID_AVA,299,16.252438610951813
WA_ID_AVA,300,19.453821778445565
WA_ID_AVA,301,25.38617257269802
WA_ID_AVA,302,24.657586580292236
WA_ID_AVA,303,24.87854967859691
WA_ID_AVA,304,25.717072774933893
WA_ID_AVA,305,25.331500174358393
WA_ID_AVA,306,18.74036681558767
WA_ID_AVA,307,20.92971861608328
WA_ID_AVA,308,26.190155724391264
WA_ID_AVA,309,28.305848406338868
WA_ID_AVA,310,26.20984437902429
WA_ID_AVA,311,29.167190394936775
WA_ID_AVA,312,24.717842268651598
WA_ID_AVA,313,17.201821472222054
WA_ID_AVA,314,21.41307479556795
WA_ID_AVA,315,23.2399575331959
WA_ID_AVA,316,26.878618713709848
WA_ID_AVA,317,24.99514733546215
WA_ID_AVA,318,28.901414867563044
WA_ID_AVA,319,27.91059717925036
WA_ID_AVA,320,17.200539263612374
WA_ID_AVA,321,20.02991132358691
WA_ID_AVA,322,27.645700505704895
WA_ID_AVA,323,29.952959043766167
WA_ID_AVA,324,30.26549111737106
WA_ID_AVA,325,31.823057610580967
WA_ID_AVA,326,26.82782388649986
WA_ID_AVA,327,21.006697320978926
WA_ID_AVA,328,22.29430913119082
WA_ID_AVA,329,28.382285233484502
WA_ID_AVA,330,30.858099374402034
WA_ID_AVA,331,29.237139582138298
WA_ID_AVA,332,8.213441135459226
WA_ID_AVA,333,23.66214144527952
WA_ID_AVA,334,22.042348082576197
WA_ID_AVA,335,22.102173743387414
WA_ID_AVA,336,28.545027133003103
WA_ID_AVA,337,31.069953790735546
WA_ID_AVA,338,25.728180727576582
WA_ID_AVA,339,27.735356469701763
WA_ID_AVA,340,25.94833338810511
WA_ID_AVA,341,15.96778349901493
WA_ID_AVA,342,21.62597471411836
WA_ID_AVA,343,28.566981133717782
WA_ID_AVA,344,27.330706622868192
WA_ID_AVA,345,28.506266219486534
WA_ID_AVA,346,30.84670188790707
WA_ID_AVA,347,25.648937902734843
WA_ID_AVA,348,15.694866496875632
WA_ID_AVA,349,21.921244338699598
WA_ID_AVA,350,27.15798359996864
WA_ID_AVA,351,26.976479803286953
WA_ID_AVA,352,28.738798453145538
WA_ID_AVA,353,25.998122359021856
WA_ID_AVA,354,27.109902189799847
WA_ID_AVA,355,19.208183781890682
WA_ID_AVA,356,18.962794071442985
WA_ID_AVA,357,24.10727834850953
WA_ID_AVA,358,17.174579996307724
WA_ID_AVA,359,11.806128647947206
WA_ID_AVA,360,21.516877726014677
WA_ID_AVA,361,27.051751157111486
WA_ID_AVA,362,18.972280834942676
WA_ID_AVA,363,18.393980263570725
WA_ID_AVA,364,24.637414778617106
WA_ID_AVA,365,17.92235295701734
WA_N_CEN,1,6.972044853874048e-05
WA_N_CEN,2,0.00016456614015043504
WA_N_CEN,3,0.00017624147037955732
WA_N_CEN,4,0.00017973569204116728
WA_N_CEN,5,9.738583864312318e-05
WA_N_CEN,6,8.621730608842096e-05
WA_N_CEN,7,8.84473766955282e-05
WA_N_CEN,8,0.00011404438199367142
WA_N_CEN,9,5.5281085922940476e-05
WA_N_CEN,10,0.0001905423890825652
WA_N_CEN,11,8.412889769332518e-05
WA_N_CEN,12,0.0001745733737199487
WA_N_CEN,13,3.3062599163667794e-05
WA_N_CEN,14,3.506071240880597e-05
WA_N_CEN,15,0.00014136293607547125
WA_N_CEN,16,0.00012662452679344614
WA_N_CEN,17,6.834969997682403e-05
WA_N_CEN,18,5.609777315504393e-05
WA_N_CEN,19,0.00015616453685958012
WA_N_CEN,20,7.030063155825036e-05
WA_N_CEN,21,3.415465706166381e-05
WA_N_CEN,22,6.0027560917812015e-05
WA_N_CEN,23,0.00010186608743166414
WA_N_CEN,24,0.00012380269657114997
WA_N_CEN,25,0.00012539268316423273
WA_N_CEN,26,0.00017705773565023436
WA_N_CEN,27,8.890646852354335e-05
WA_N_CEN,28,5.0772206281035216e-05
WA_N_CEN,29,0.00014830312700657067
WA_N_CEN,30,8.017037183593283e-05
WA_N_CEN,31,0.00010430785363204418
WA_N_CEN,32,0.00018145408779886445
WA_N_CEN,33,0.00020201685762521394
WA_N_CEN,34,6.920145922379578e-05
WA_N_CEN,35,0.00011394165323611165
WA_N_CEN,36,0.00022992870389777387
WA_N_CEN,37,0.00019095124983789803
WA_N_CEN,38,0.0001937356787261087
WA_N_CEN,39,0.00015994042969897797
WA_N_CEN,40,0.00015387304279710758
WA_N_CEN,41,6.463141980878723e-05
WA_N_CEN,42,0.0001303181829354397
WA_N_CEN,43,0.00018918789698881865
WA_N_CEN,44,0.0002185885494269663
WA_N_CEN,45,0.00010785206296388897
WA_N_CEN,46,0.000190251095581712
WA_N_CEN,47,0.00018267455310875866
WA_N_CEN,48,0.00011677376398745562
WA_N_CEN,49,0.0001343548072447158
WA_N_CEN,50,0.00016955664678674714
WA_N_CEN,51,0.0002445028335600634
WA_N_CEN,52,0.0002417242842107495
WA_N_CEN,53,0.00024704654890429464
WA_N_CEN,54,0.00012862034298876196
WA_N_CEN,55,9.239204115167523e-05
WA_N_CEN,56,4.593041258972964e-05
WA_N_CEN,57,0.00018717591407071287
WA_N_CEN,58,0.0002723849734359444
WA_N_CEN,59,0.00018945672989867824
WA_N_CEN,60,0.00026856836468563055
WA_N_CEN,61,5.026643570790709e-05
WA_N_CEN,62,9.420355377509182e-05
WA_N_CEN,63,0.00022888627384615558
WA_N_CEN,64,0.00016175223336206194
WA_N_CEN,65,0.0001918027587027481
WA_N_CEN,66,0.00011216467642344728
WA_N_CEN,67,0.0002320563136036639
WA_N_CEN,68,4.981054635872245e-05
WA_N_CEN,69,7.173137190190492e-05
WA_N_CEN,70,0.0001615160695818552
WA_N_CEN,71,0.0001429414453007038
WA_N_CEN,72,0.00013913733444285758
WA_N_CEN,73,0.000134745524789079
WA_N_CEN,74,0.00010455301706225615
WA_N_CEN,75,4.8311350764803656e-05
WA_N_CEN,76,4.9138421382734495e-05
WA_N_CEN,77,0.00015099895074706775
WA_N_CEN,78,0.00013355125206436532
WA_N_CEN,79,0.00011374918183578268
WA_N_CEN,80,0.00013290833224614736
WA_N_CEN,81,0.00012996200714463397
WA_N_CEN,82,0.00014357262444469592
WA_N_CEN,83,0.00023070565111873442
WA_N_CEN,84,0.00021704964981489276
WA_N_CEN,85,0.00013538174864368324
WA_N_CEN,86,8.553032994179717e-05
WA_N_CEN,87,0.00039928894031058556
WA_N_CEN,88,0.0002795434111846659
WA_N_CEN,89,4.926123940381257e-05
WA_N_CEN,90,7.107518963747908e-05
WA_N_CEN,91,9.588436864093572e-05
WA_N_CEN,92,0.00012465918956970352
WA_N_CEN,93,0.00010404757348612795
WA_N_CEN,94,0.00010713895434799228
WA_N_CEN,95,0.00020094204884533065
WA_N_CEN,96,7.041813187019758e-05
WA_N_CEN,97,9.588398117337774e-05
WA_N_CEN,98,0.00022091037127834162
WA_N_CEN,99,0.00015088528604484532
WA_N_CEN,100,0.00010059765069241075
WA_N_CEN,101,0.00025363393297940425
WA_N_CEN,102,0.00012405877201658165
WA_N_CEN,103,0.00011016334900064432
WA_N_CEN,104,6.683469008488997e-05
WA_N_CEN,105,0.0002282466523747057
WA_N_CEN,106,0.0001799087609132626
WA_N_CEN,107,0.00012597436862013571
WA_N_CEN,108,0.00022643431396951027
WA_N_CEN,109,9.503690379283638e-05
WA_N_CEN,110,6.445376093843322e-05
WA_N_CEN,111,0.0001560475646923426
WA_N_CEN,112,0.0002198928626454598
WA_N_CEN,113,9.846955547421675e-05
WA_N_CEN,114,0.00012886736881826546
WA_N_CEN,115,0.0001045369097214448
WA_N_CEN,116,0.0002493656994443282
WA_N_CEN,117,9.140230994240145e-05
WA_N_CEN,118,9.409500114608686e-05
WA_N_CEN,119,0.00014606815945769223
WA_N_CEN,120,0.00017544781519851675
WA_N_CEN,121,0.00012150661103841343
WA_N_CEN,122,7.579331495924403e-05
WA_N_CEN,123,7.616438633821538e-05
WA_N_CEN,124,5.066659639507983e-05
WA_N_CEN,125,0.00014407300582548827
WA_N_CEN,126,9.679003691554045e-05
WA_N_CEN,127,0.00015712075067335582
WA_N_CEN,128,0.00010030661074130582
WA_N_CEN,129,0.00019015909745667033
WA_N_CEN,130,0.00013423160830528566
WA_N_CEN,131,0.00010310876845139705
WA_N_CEN,132,8.625956112983575e-05
WA_N_CEN,133,0.0001350178346968389
WA_N_CEN,134,0.00015900081365525964
WA_N_CEN,135,8.034932810720591e-05
WA_N_CEN,136,0.0002091650220547597
WA_N_CEN,137,0.0001852745625687452
WA_N_CEN,138,8.488781727429272e-05
WA_N_CEN,139,8.645849378992487e-05
WA_N_CEN,140,9.740534691257121e-05
WA_N_CEN,141,0.0001604205872330196
WA_N_CEN,142,0.00010041482906995646
WA_N_CEN,143,0.00011948304578194373
WA_N_CEN,144,0.00016891759870674996
WA_N_CEN,145,5.0208993828426724e-05
WA_N_CEN,146,8.204874401013442e-05
WA_N_CEN,147,8.458523600879628e-05
WA_N_CEN,148,9.72419103951824e-05
WA_N_CEN,149,0.00012075323073004165
WA_N_CEN,150,0.00017560543266719023
WA_N_CEN,151,0.00013264679842519132
WA_N_CEN,152,8.446791938747398e-05
WA_N_CEN,153,8.827054158691408e-05
WA_N_CEN,154,0.0001427594629999622
WA_N_CEN,155,0.00011443219378003746
WA_N_CEN,156,9.767682850400553e-05
WA_N_CEN,157,9.698997086623019e-05
WA_N_CEN,158,0.00010800227105556554
WA_N_CEN,159,2.8237830696676486e-05
WA_N_CEN,160,4.289472171386572e-05
WA_N_CEN,161,8.120904801101633e-05
WA_N_CEN,162,0.0001120406911511176
WA_N_CEN,163,6.655576385299112e-05
WA_N_CEN,164,0.00014523056882855215
WA_N_CEN,165,9.585894609545693e-05
WA_N_CEN,166,4.3673400348794555e-05
WA_N_CEN,167,7.3088229990084e-05
WA_N_CEN,168,8.067023282714175e-05
WA_N_CEN,169,8.096926304969466e-05
WA_N_CEN,170,7.67800044883579e-05
WA_N_CEN,171,6.519575187430042e-05
WA_N_CEN,172,7.847452698970655e-05
WA_N_CEN,173,5.889279713803169e-05
WA_N_CEN,174,7.318878686090726e-05
WA_N_CEN,175,0.0001778306244156506
WA_N_CEN,176,0.00013073269229430922
WA_N_CEN,177,0.00010119821590525692
WA_N_CEN,178,0.00011890785515487823
WA_N_CEN,179,9.809201861202397e-05
WA_N_CEN,180,7.064302107192622e-05
WA_N_CEN,181,0.00010527131719726405
WA_N_CEN,182,0.00014306694481043642
WA_N_CEN,183,9.400463176507362e-05
WA_N_CEN,184,0.00010753523749089913
WA_N_CEN,185,4.421853136880577e-05
WA_N_CEN,186,6.487439134783514e-05
WA_N_CEN,187,3.197062275912952e-05
WA_N_CEN,188,6.586473532504087e-05
WA_N_CEN,189,0.00011039987774656598
WA_N_CEN,190,0.0001834263449203
WA_N_CEN,191,0.00010800325569413293
WA_N_CEN,192,0.00012519560285368262
WA_N_CEN,193,8.758634506340524e-05
WA_N_CEN,194,6.349745030971384e-05
WA_N_CEN,195,4.952075818258399e-05
WA_N_CEN,196,0.00012525565502685581
WA_N_CEN,197,0.00014405805253961523
WA_N_CEN,198,7.182093570812208e-05
WA_N_CEN,199,0.00012861498663452233
WA_N_CEN,200,0.00012638966119193548
WA_N_CEN,201,3.2701596409873335e-05
WA_N_CEN,202,8.569826490137634e-05
WA_N_CEN,203,9.152801889202569e-05
WA_N_CEN,204,0.00016637461561296648
WA_N_CEN,205,7.387815034725759e-05
WA_N_CEN,206,0.00016396870734971907
WA_N_CEN,207,8.854413191319312e-05
WA_N_CEN,208,6.364247057663347e-05
WA_N_CEN,209,5.027048744506535e-05
WA_N_CEN,210,0.00024226174491840115
WA_N_CEN,211,0.00020362551421112307
WA_N_CEN,212,7.400908344496391e-05
WA_N_CEN,213,7.615824162187012e-05
WA_N_CEN,214,0.00010582808825376106
WA_N_CEN,215,4.09574797519541e-05
WA_N_CEN,216,0.0001126694682202586
WA_N_CEN,217,7.824414373895614e-05
WA_N_CEN,218,7.884967207632648e-05
WA_N_CEN,219,0.00012781383854828257
WA_N_CEN,220,0.00010948124795302089
WA_N_CEN,221,0.00010960293138976724
WA_N_CEN,222,6.991472865433404e-05
WA_N_CEN,223,7.181239384433208e-05
WA_N_CEN,224,6.236171813416759e-05
WA_N_CEN,225,9.508476946860714e-05
WA_N_CEN,226,9.311571713985316e-05
WA_N_CEN,227,0.0001676246741901571
WA_N_CEN,228,0.00010812725874649872
WA_N_CEN,229,2.8389501220683703e-05
WA_N_CEN,230,8.487339201897652e-05
WA_N_CEN,231,0.00010904723890991837
WA_N_CEN,232,0.00012650302628135207
WA_N_CEN,233,8.082691068038649e-05
WA_N_CEN,234,0.00016320843139546528
WA_N_CEN,235,0.00020223398460109685
WA_N_CEN,236,4.195273836261542e-05
WA_N_CEN,237,9.921609973694543e-05
WA_N_CEN,238,9.019664280144391e-05
WA_N_CEN,239,0.00015897181095150923
WA_N_CEN,240,6.366515535121453e-05
WA_N_CEN,241,9.215562143159878e-05
WA_N_CEN,242,0.00011658001014953225
WA_N_CEN,243,6.713023237189044e-05
WA_N_CEN,244,0.00014248582734609582
WA_N_CEN,245,0.00018262656739782027
WA_N_CEN,246,0.0002471089423483656
WA_N_CEN,247,0.0004230696478417926
WA_N_CEN,248,0.0002480846494517265
WA_N_CEN,249,0.00031649517675128226
WA_N_CEN,250,0.00025479657164541964
WA_N_CEN,251,0.00014786775103457203
WA_N_CEN,252,0.00020514856766935572
WA_N_CEN,253,0.00026399209629896083
WA_N_CEN,254,0.0002585201891717082
WA_N_CEN,255,0.00016716856427585446
WA_N_CEN,256,0.0002848374506918515
WA_N_CEN,257,0.00022462332139446854
WA_N_CEN,258,0.00014481402255304138
WA_N_CEN,259,0.0002387399097303007
WA_N_CEN,260,0.00029413701271314296
WA_N_CEN,261,0.0003904907971907707
WA_N_CEN,262,0.0002511616780293131
WA_N_CEN,263,0.00031851806589214954
WA_N_CEN,264,7.246867216888492e-05
WA_N_CEN,265,0.00015023428232965115
WA_N_CEN,266,0.00019544509835975796
WA_N_CEN,267,0.0001612525388328133
WA_N_CEN,268,0.0002523396762371519
WA_N_CEN,269,0.00020960683653597164
WA_N_CEN,270,0.00023735917006468914
WA_N_CEN,271,6.972839961733595e-05
WA_N_CEN,272,0.0001827564095086362
WA_N_CEN,273,0.00019611290882061506
WA_N_CEN,274,0.0001489062153368
WA_N_CEN,275,8.60882473931331e-05
WA_N_CEN,276,0.00012688768337161391
WA_N_CEN,277,0.0001456936086428747
WA_N_CEN,278,5.749094481082582e-05
WA_N_CEN,279,0.00011743165619284201
WA_N_CEN,280,0.00010059471878517569
WA_N_CEN,281,0.0001595724837430217
WA_N_CEN,282,0.00013294219599957997
WA_N_CEN,283,0.00010869149139460435
WA_N_CEN,284,0.00014487305008845878
WA_N_CEN,285,5.772139020256095e-05
WA_N_CEN,286,9.42295222344368e-05
WA_N_CEN,287,0.00012231578527187043
WA_N_CEN,288,0.00029120731444765935
WA_N_CEN,289,0.00016873182488344145
WA_N_CEN,290,0.00014992067676948174
WA_N_CEN,291,0.00014425653847035836
WA_N_CEN,292,5.987492559085981e-05
WA_N_CEN,293,7.889317242162256e-05
WA_N_CEN,294,0.00016978799181196604
WA_N_CEN,295,0.00015247510631767266
WA_N_CEN,296,0.00011239790182638439
WA_N_CEN,297,0.0001318038643466628
WA_N_CEN,298,8.293381683567449e-05
WA_N_CEN,299,7.547978444421084e-05
WA_N_CEN,300,0.0001371710703039465
WA_N_CEN,301,0.00012866109426410495
WA_N_CEN,302,0.00015952845443428912
WA_N_CEN,303,0.00013420680440062298
WA_N_CEN,304,0.00011288179492807461
WA_N_CEN,305,0.00016645210048779456
WA_N_CEN,306,5.0551310047981515e-05
WA_N_CEN,307,9.487414109044427e-05
WA_N_CEN,308,0.00018597400765178092
WA_N_CEN,309,0.00015880867527419184
WA_N_CEN,310,0.00015475001332037423
WA_N_CEN,311,0.00012523169282206692
WA_N_CEN,312,0.00011988848683078878
WA_N_CEN,313,9.498862931875376e-05
WA_N_CEN,314,9.150547785403195e-05
WA_N_CEN,315,9.168824989804112e-05
WA_N_CEN,316,0.00015065535508147952
WA_N_CEN,317,0.00016841294197089985
WA_N_CEN,318,0.00014885605556971338
WA_N_CEN,319,0.00019349386267328666
WA_N_CEN,320,6.834021882653922e-05
WA_N_CEN,321,6.89366317914752e-05
WA_N_CEN,322,9.990870863001093e-05
WA_N_CEN,323,0.00013322813692521497
WA_N_CEN,324,0.00010445158350216363
WA_N_CEN,325,0.00015331245461132202
WA_N_CEN,326,0.00012222575578844675
WA_N_CEN,327,9.247169747902026e-05
WA_N_CEN,328,4.9021949260277036e-05
WA_N_CEN,329,0.00012476995884808367
WA_N_CEN,330,0.00013254792465056567
WA_N_CEN,331,0.00019116320269279769
WA_N_CEN,332,6.192270928132071e-05
WA_N_CEN,333,0.00011469063060395057
WA_N_CEN,334,9.308685891587475e-05
WA_N_CEN,335,0.00010101327460935308
WA_N_CEN,336,0.0001447653219168785
WA_N_CEN,337,0.0001554678441841787
WA_N_CEN,338,0.0002622353103265074
WA_N_CEN,339,0.00018570909665632327
WA_N_CEN,340,0.00018068709998000186
WA_N_CEN,341,6.661308539891169e-05
WA_N_CEN,342,0.00010021190251780521
WA_N_CEN,343,0.00029539114178196826
WA_N_CEN,344,0.00023450035082642104
WA_N_CEN,345,0.00034785798441206247
WA_N_CEN,346,0.0002295829109636012
WA_N_CEN,347,6.98896048862794e-05
WA_N_CEN,348,0.0001280914225601314
WA_N_CEN,349,0.00010020296822009244
WA_N_CEN,350,0.0002910539816480025
WA_N_CEN,351,0.0001482806270557758
WA_N_CEN,352,0.00015066344492880527
WA_N_CEN,353,0.0002864373770439334
WA_N_CEN,354,0.0002517203945138891
WA_N_CEN,355,0.00012916340079529475
WA_N_CEN,356,0.00012557639641932767
WA_N_CEN,357,0.00013404236237871166
WA_N_CEN,358,0.0001246940881223275
WA_N_CEN,359,5.790420369045445e-05
WA_N_CEN,360,0.00013470979607901114
WA_N_CEN,361,7.180383829993071e-05
WA_N_CEN,362,0.0002964995040926689
WA_N_CEN,363,0.0001526041139348269
WA_N_CEN,364,0.00020302329711235464
WA_N_CEN,365,0.00019253605941502082
WA_SEATAC,1,31221.268718343275
WA_SEATAC,2,38306.11900939155
WA_SEATAC,3,41023.86924468928
WA_SEATAC,4,42770.76951752045
WA_SEATAC,5,41713.72807350623
WA_SEATAC,6,30483.661943890518
WA_SEATAC,7,34165.565514554524
WA_SEATAC,8,35452.65086238911
WA_SEATAC,9,32504.401295898235
WA_SEATAC,10,38582.14270691872
WA_SEATAC,11,37427.51057081189
WA_SEATAC,12,37614.81433274276
WA_SEATAC,13,25555.241996130997
WA_SEATAC,14,29557.571013487366
WA_SEATAC,15,31031.99405465853
WA_SEATAC,16,34021.7880327504
WA_SEATAC,17,29010.163262501977
WA_SEATAC,18,35314.696488879476
WA_SEATAC,19,37018.13673104273
WA_SEATAC,20,27305.95187302964
WA_SEATAC,21,30987.886449537757
WA_SEATAC,22,37476.81881407526
WA_SEATAC,23,35541.063733565745
WA_SEATAC,24,37843.456754358616
WA_SEATAC,25,40282.617567108085
WA_SEATAC,26,37613.37987863672
WA_SEATAC,27,28734.003547714186
WA_SEATAC,28,32093.830668157607
WA_SEATAC,29,36237.154139905324
WA_SEATAC,30,36603.28547564638
WA_SEATAC,31,39317.497108143085
WA_SEATAC,32,40152.68046816293
WA_SEATAC,33,38450.97280913108
WA_SEATAC,34,28921.585457163128
WA_SEATAC,35,32834.35527660104
WA_SEATAC,36,39050.17055285315
WA_SEATAC,37,36514.04413967511
WA_SEATAC,38,39553.80406729458
WA_SEATAC,39,41212.97277935615
WA_SEATAC,40,39050.13081350018
WA_SEATAC,41,27263.308887263996
WA_SEATAC,42,30532.970762279856
WA_SEATAC,43,39968.46885145059
WA_SEATAC,44,36653.78097472004
WA_SEATAC,45,38219.213672712984
WA_SEATAC,46,43053.02096771839
WA_SEATAC,47,41948.8359299345
WA_SEATAC,48,32421.894397520755
WA_SEATAC,49,33572.7830534145
WA_SEATAC,50,37944.61582168367
WA_SEATAC,51,40890.57838125954
WA_SEATAC,52,39876.12958377036
WA_SEATAC,53,44203.61695032177
WA_SEATAC,54,41350.23884950539
WA_SEATAC,55,32605.53376858775
WA_SEATAC,56,36244.04226415172
WA_SEATAC,57,41809.78853001349
WA_SEATAC,58,40520.15674498273
WA_SEATAC,59,40657.91317914213
WA_SEATAC,60,42814.15010615805
WA_SEATAC,61,30941.70132523901
WA_SEATAC,62,34808.26693973717
WA_SEATAC,63,38165.54439258786
WA_SEATAC,64,40328.84434095725
WA_SEATAC,65,40233.36457096477
WA_SEATAC,66,43459.39351788565
WA_SEATAC,67,40466.35471385435
WA_SEATAC,68,31307.99264504184
WA_SEATAC,69,34346.60708201748
WA_SEATAC,70,42169.292207350154
WA_SEATAC,71,41199.103437749116
WA_SEATAC,72,40647.55125022395
WA_SEATAC,73,43134.92406285438
WA_SEATAC,74,42170.90772604684
WA_SEATAC,75,32185.04865932215
WA_SEATAC,76,35543.759621755584
WA_SEATAC,77,41341.33876477525
WA_SEATAC,78,39912.280899501995
WA_SEATAC,79,41795.150798345116
WA_SEATAC,80,42398.1885827318
WA_SEATAC,81,41385.44092889692
WA_SEATAC,82,34715.275546851655
WA_SEATAC,83,37109.27552218745
WA_SEATAC,84,44283.22396624229
WA_SEATAC,85,40004.796691685326
WA_SEATAC,86,40877.085923940904
WA_SEATAC,87,44973.140085251354
WA_SEATAC,88,41707.75812159592
WA_SEATAC,89,32690.04954661618
WA_SEATAC,90,35314.3680264363
WA_SEATAC,91,40154.46044601484
WA_SEATAC,92,38125.66514708844
WA_SEATAC,93,40612.5098752511
WA_SEATAC,94,36972.98926712787
WA_SEATAC,95,43101.548965514965
WA_SEATAC,96,35552.007235707526
WA_SEATAC,97,38405.38846047734
WA_SEATAC,98,41259.99816320388
WA_SEATAC,99,40290.27582514669
WA_SEATAC,100,40660.19951083409
WA_SEATAC,101,43745.11154811862
WA_SEATAC,102,43010.79111913162
WA_SEATAC,103,33756.69483023328
WA_SEATAC,104,36473.50434649607
WA_SEATAC,105,43148.27153744152
WA_SEATAC,106,41027.47272150409
WA_SEATAC,107,41763.06679370949
WA_SEATAC,108,45081.98932310697
WA_SEATAC,109,42642.288124854225
WA_SEATAC,110,33481.1187000405
WA_SEATAC,111,37993.08765131941
WA_SEATAC,112,44207.34140032339
WA_SEATAC,113,40015.6979035889
WA_SEATAC,114,42271.06179595457
WA_SEATAC,115,46599.87336093859
WA_SEATAC,116,44391.47060094089
WA_SEATAC,117,35276.50218560394
WA_SEATAC,118,40846.78935384796
WA_SEATAC,119,43053.676976414215
WA_SEATAC,120,40887.80782850715
WA_SEATAC,121,43103.21092148577
WA_SEATAC,122,43931.10582963077
WA_SEATAC,123,43932.310896951305
WA_SEATAC,124,34588.10771952162
WA_SEATAC,125,40065.76168736849
WA_SEATAC,126,44577.94244872638
WA_SEATAC,127,42365.627367328045
WA_SEATAC,128,42962.29008137025
WA_SEATAC,129,49963.154354236154
WA_SEATAC,130,45450.70560908409
WA_SEATAC,131,35415.271610522024
WA_SEATAC,132,39145.53936137785
WA_SEATAC,133,44485.10052685903
WA_SEATAC,134,42872.67591835139
WA_SEATAC,135,42735.091312027966
WA_SEATAC,136,50656.12250560735
WA_SEATAC,137,45914.41830025907
WA_SEATAC,138,37121.97739528036
WA_SEATAC,139,41310.85906627601
WA_SEATAC,140,46833.84898242624
WA_SEATAC,141,47249.43376240408
WA_SEATAC,142,47753.59270184897
WA_SEATAC,143,49412.29817341705
WA_SEATAC,144,46004.560330797336
WA_SEATAC,145,36339.86001773213
WA_SEATAC,146,36567.73043354057
WA_SEATAC,147,40760.0791539604
WA_SEATAC,148,45223.70666143606
WA_SEATAC,149,46235.49482189806
WA_SEATAC,150,49366.451120891026
WA_SEATAC,151,46835.664822089275
WA_SEATAC,152,37441.65174169133
WA_SEATAC,153,40571.700276582225
WA_SEATAC,154,46604.016828190084
WA_SEATAC,155,47429.39921235483
WA_SEATAC,156,46783.81204906553
WA_SEATAC,157,48763.34184184886
WA_SEATAC,158,46554.833583462765
WA_SEATAC,159,39422.25567738597
WA_SEATAC,160,41676.88286225491
WA_SEATAC,161,49411.791659542854
WA_SEATAC,162,47152.60070269259
WA_SEATAC,163,48440.94295981325
WA_SEATAC,164,50653.20023098404
WA_SEATAC,165,49549.236253541116
WA_SEATAC,166,41954.142791135506
WA_SEATAC,167,44992.114853736806
WA_SEATAC,168,49731.49694605838
WA_SEATAC,169,49915.96698617558
WA_SEATAC,170,46922.38560957881
WA_SEATAC,171,51157.05188073427
WA_SEATAC,172,48027.90390618197
WA_SEATAC,173,43519.81536301219
WA_SEATAC,174,44531.61220913975
WA_SEATAC,175,50468.90893352198
WA_SEATAC,176,50558.93212183175
WA_SEATAC,177,51481.355375209
WA_SEATAC,178,51938.442675188526
WA_SEATAC,179,51943.86002739032
WA_SEATAC,180,42415.37615505751
WA_SEATAC,181,45176.33205496493
WA_SEATAC,182,48810.52331635168
WA_SEATAC,183,51801.6282642657
WA_SEATAC,184,49040.22719461542
WA_SEATAC,185,36383.243473640556
WA_SEATAC,186,41492.21776844279
WA_SEATAC,187,41492.55458948129
WA_SEATAC,188,45083.05527243422
WA_SEATAC,189,50787.755782833345
WA_SEATAC,190,50883.41369863095
WA_SEATAC,191,49685.123284940375
WA_SEATAC,192,50235.74019507454
WA_SEATAC,193,49594.00668696842
WA_SEATAC,194,42829.015553962585
WA_SEATAC,195,45222.327850908645
WA_SEATAC,196,50974.7385148852
WA_SEATAC,197,49868.45461129218
WA_SEATAC,198,50235.048821380034
WA_SEATAC,199,51387.64244337236
WA_SEATAC,200,48118.01022619038
WA_SEATAC,201,40618.68560764548
WA_SEATAC,202,44486.99047866504
WA_SEATAC,203,49779.34325486189
WA_SEATAC,204,51571.17402288445
WA_SEATAC,205,51526.59725182916
WA_SEATAC,206,52354.444604334516
WA_SEATAC,207,50560.6705442145
WA_SEATAC,208,42736.31321298983
WA_SEATAC,209,46374.9650478229
WA_SEATAC,210,52080.48274406685
WA_SEATAC,211,52170.32023287392
WA_SEATAC,212,51987.05348043189
WA_SEATAC,213,50741.59407493357
WA_SEATAC,214,50236.30614475587
WA_SEATAC,215,42688.47817496809
WA_SEATAC,216,44714.62105391713
WA_SEATAC,217,50787.84882751892
WA_SEATAC,218,51107.44314068177
WA_SEATAC,219,51063.28856269758
WA_SEATAC,220,51982.0386833364
WA_SEATAC,221,52308.85364084144
WA_SEATAC,222,42366.5911735222
WA_SEATAC,223,46694.181446247014
WA_SEATAC,224,51386.87266960653
WA_SEATAC,225,51801.41149573195
WA_SEATAC,226,50373.82147446727
WA_SEATAC,227,55252.257562213636
WA_SEATAC,228,51066.98788829374
WA_SEATAC,229,38540.56783238009
WA_SEATAC,230,48119.48829593512
WA_SEATAC,231,50145.32931854241
WA_SEATAC,232,48669.552226878404
WA_SEATAC,233,49407.81051671961
WA_SEATAC,234,53085.63068634356
WA_SEATAC,235,50327.30986656168
WA_SEATAC,236,41999.26347267251
WA_SEATAC,237,45725.501832258364
WA_SEATAC,238,47750.46836801923
WA_SEATAC,239,47792.287647395584
WA_SEATAC,240,47839.39175677554
WA_SEATAC,241,50602.17040350512
WA_SEATAC,242,47335.42778751111
WA_SEATAC,243,38038.86948778312
WA_SEATAC,244,40251.55618447218
WA_SEATAC,245,44072.878654133885
WA_SEATAC,246,46464.20066637241
WA_SEATAC,247,46600.59989916162
WA_SEATAC,248,49595.596368228966
WA_SEATAC,249,47524.475422928284
WA_SEATAC,250,38407.23340187522
WA_SEATAC,251,44672.08165620176
WA_SEATAC,252,50238.19516265976
WA_SEATAC,253,49404.8233994979
WA_SEATAC,254,48072.077306441846
WA_SEATAC,255,51618.39086276809
WA_SEATAC,256,49824.33146955757
WA_SEATAC,257,39835.53949554384
WA_SEATAC,258,43104.712402652476
WA_SEATAC,259,48721.398358212056
WA_SEATAC,260,47106.97891350167
WA_SEATAC,261,48719.174876359255
WA_SEATAC,262,50883.49824661463
WA_SEATAC,263,48397.24808712176
WA_SEATAC,264,38683.979794121
WA_SEATAC,265,43981.45972378073
WA_SEATAC,266,48629.40139757161
WA_SEATAC,267,44620.38638304044
WA_SEATAC,268,46324.88452985198
WA_SEATAC,269,50284.291190270524
WA_SEATAC,270,47522.86534024997
WA_SEATAC,271,36289.396060522005
WA_SEATAC,272,43518.68446757271
WA_SEATAC,273,46279.08925970932
WA_SEATAC,274,42176.69432003109
WA_SEATAC,275,42451.1969565878
WA_SEATAC,276,46918.2381032475
WA_SEATAC,277,45677.904759563964
WA_SEATAC,278,34261.596842518
WA_SEATAC,279,41950.1376104759
WA_SEATAC,280,43328.477074170325
WA_SEATAC,281,44340.961602108415
WA_SEATAC,282,42264.55252148055
WA_SEATAC,283,46965.02719652606
WA_SEATAC,284,44571.97423706457
WA_SEATAC,285,33938.727483888746
WA_SEATAC,286,39878.260664154746
WA_SEATAC,287,43973.42877334298
WA_SEATAC,288,43418.40719322118
WA_SEATAC,289,41025.12920223077
WA_SEATAC,290,47149.802965732946
WA_SEATAC,291,44663.8941008805
WA_SEATAC,292,35273.039443523354
WA_SEATAC,293,41397.7072252969
WA_SEATAC,294,45489.64723381369
WA_SEATAC,295,42219.56291400594
WA_SEATAC,296,43648.46157977954
WA_SEATAC,297,48435.838914317625
WA_SEATAC,298,45077.22087306518
WA_SEATAC,299,32510.80981388365
WA_SEATAC,300,38450.954901586345
WA_SEATAC,301,42222.864692786
WA_SEATAC,302,39966.0517095292
WA_SEATAC,303,38537.57109131152
WA_SEATAC,304,40517.76393918727
WA_SEATAC,305,41439.55513045272
WA_SEATAC,306,32784.64078623511
WA_SEATAC,307,39278.68313997605
WA_SEATAC,308,40056.53499157996
WA_SEATAC,309,38718.28658939895
WA_SEATAC,310,39595.75895184331
WA_SEATAC,311,42863.907430601605
WA_SEATAC,312,40749.111290702676
WA_SEATAC,313,33200.8686959615
WA_SEATAC,314,37481.403210648314
WA_SEATAC,315,40243.86593281877
WA_SEATAC,316,39456.91205021322
WA_SEATAC,317,39366.69177801827
WA_SEATAC,318,44522.77817597834
WA_SEATAC,319,43971.038218896945
WA_SEATAC,320,31818.69791074873
WA_SEATAC,321,38450.308402549585
WA_SEATAC,322,43925.18073605712
WA_SEATAC,323,39960.57103385303
WA_SEATAC,324,42402.099461655904
WA_SEATAC,325,45855.87822051351
WA_SEATAC,326,43511.39375781336
WA_SEATAC,327,38080.61849934151
WA_SEATAC,328,39277.312451889055
WA_SEATAC,329,43970.501931546096
WA_SEATAC,330,47423.371934936935
WA_SEATAC,331,44245.98402124979
WA_SEATAC,332,19710.73873597643
WA_SEATAC,333,37340.904783103026
WA_SEATAC,334,38402.12562192542
WA_SEATAC,335,41765.33644331617
WA_SEATAC,336,44062.50388089381
WA_SEATAC,337,39959.571077466295
WA_SEATAC,338,40932.556435894
WA_SEATAC,339,44524.17929544962
WA_SEATAC,340,43696.55846742285
WA_SEATAC,341,32925.70543353099
WA_SEATAC,342,39139.783031117244
WA_SEATAC,343,43417.60233377598
WA_SEATAC,344,41483.51928085989
WA_SEATAC,345,42311.76907112651
WA_SEATAC,346,45949.203642570654
WA_SEATAC,347,42544.966821196234
WA_SEATAC,348,31589.92681166157
WA_SEATAC,349,39692.38525872566
WA_SEATAC,350,43234.71447909186
WA_SEATAC,351,39963.75523244246
WA_SEATAC,352,41390.05659155728
WA_SEATAC,353,42176.16484658111
WA_SEATAC,354,42958.28276377875
WA_SEATAC,355,36423.92805193656
WA_SEATAC,356,37437.82917271113
WA_SEATAC,357,40519.55230660765
WA_SEATAC,358,32049.18703493426
WA_SEATAC,359,28921.613774716025
WA_SEATAC,360,39600.56515734944
WA_SEATAC,361,42589.7846250354
WA_SEATAC,362,37161.297473922656
WA_SEATAC,363,36332.627895443125
WA_SEATAC,364,40703.26104932148
WA_SEATAC,365,34259.8287528414
WA_W,1,0.10354632975894029
WA_W,2,0.07761963854114834
WA_W,3,0.14128187797617706
WA_W,4,0.11022465213946858
WA_W,5,0.12399416751597225
WA_W,6,0.13171485046847348
WA_W,7,0.07508853305229517
WA_W,8,0.11293719099935452
WA_W,9,0.07040194016297442
WA_W,10,0.11681958911789089
WA_W,11,0.11604563547550319
WA_W,12,0.08233966473844943
WA_W,13,0.06314351944559111
WA_W,14,0.07440798518199399
WA_W,15,0.08999757895798881
WA_W,16,0.08958908774992135
WA_W,17,0.014537933458348046
WA_W,18,0.11903643391981342
WA_W,19,0.0994322945997956
WA_W,20,0.05223278809851249
WA_W,21,0.058003013940673184
WA_W,22,0.12738983117504746
WA_W,23,0.09512947456695563
WA_W,24,0.09636265602130077
WA_W,25,0.14191640860155522
WA_W,26,0.10855514876861949
WA_W,27,0.11319541926983068
WA_W,28,0.07183952447029814
WA_W,29,0.08656241644775846
WA_W,30,0.08509170474116198
WA_W,31,0.0797154814612578
WA_W,32,0.18650870738918357
WA_W,33,0.10094682425132513
WA_W,34,0.11985880634357245
WA_W,35,0.08198175546984329
WA_W,36,0.14297165835129189
WA_W,37,0.13084918810954502
WA_W,38,0.15488242287665585
WA_W,39,0.1491835815734602
WA_W,40,0.1230249079855324
WA_W,41,0.06889052639946174
WA_W,42,0.08681234268620013
WA_W,43,0.17286822079705694
WA_W,44,0.13107113217343025
WA_W,45,0.1401161720236291
WA_W,46,0.173836712636826
WA_W,47,0.1773276108332099
WA_W,48,0.10269314264743411
WA_W,49,0.09845883720838365
WA_W,50,0.16459560394341374
WA_W,51,0.17375378122843232
WA_W,52,0.13956962087395738
WA_W,53,0.16459019520551743
WA_W,54,0.1336727426172385
WA_W,55,0.1200303620725524
WA_W,56,0.10097845648402082
WA_W,57,0.18171442004533395
WA_W,58,0.16332948450006227
WA_W,59,0.16229623726648695
WA_W,60,0.13049159891159504
WA_W,61,0.11030846434079582
WA_W,62,0.07329994268259533
WA_W,63,0.10667510387276091
WA_W,64,0.12001861182711425
WA_W,65,0.12275248840477365
WA_W,66,0.18325788926967812
WA_W,67,0.1247788238705882
WA_W,68,0.09473759772817593
WA_W,69,0.08744543760322382
WA_W,70,0.15412665822653104
WA_W,71,0.13518881962180096
WA_W,72,0.10527784817877901
WA_W,73,0.15290960734195136
WA_W,74,0.11394165718751224
WA_W,75,0.10611645581942103
WA_W,76,0.08626939255214434
WA_W,77,0.16804002603840723
WA_W,78,0.13477223157428983
WA_W,79,0.13276264282971487
WA_W,80,0.1927710304538438
WA_W,81,0.14748125782258817
WA_W,82,0.11418126941758823
WA_W,83,0.08958303591422928
WA_W,84,0.14826758290825573
WA_W,85,0.12808631455160188
WA_W,86,0.10427086368022379
WA_W,87,0.16511941369651836
WA_W,88,0.11540871649073149
WA_W,89,0.11530451080118105
WA_W,90,0.09386079639615999
WA_W,91,0.1200245369120483
WA_W,92,0.08082973263708566
WA_W,93,0.11488568368940567
WA_W,94,0.12617876213855272
WA_W,95,0.10366373699713036
WA_W,96,0.09674377464573235
WA_W,97,0.11291214768496341
WA_W,98,0.10841242788064301
WA_W,99,0.09627318702173006
WA_W,100,0.14809175490377754
WA_W,101,0.14946481982353538
WA_W,102,0.1023400934835565
WA_W,103,0.07788486655377526
WA_W,104,0.08527124437884946
WA_W,105,0.12701091576794798
WA_W,106,0.07575041901334749
WA_W,107,0.09643961118766109
WA_W,108,0.15555114807049647
WA_W,109,0.11896912389361276
WA_W,110,0.06958331016663423
WA_W,111,0.0984345807187939
WA_W,112,0.1366618304384172
WA_W,113,0.0942291709781152
WA_W,114,0.06832337045404746
WA_W,115,0.2002316204611738
WA_W,116,0.10291254399105004
WA_W,117,0.12108034053719283
WA_W,118,0.10387357112112218
WA_W,119,0.10751540579617398
WA_W,120,0.1033711507128504
WA_W,121,0.08596817158725018
WA_W,122,0.1072632443199745
WA_W,123,0.09140039065600551
WA_W,124,0.047589398644294366
WA_W,125,0.07654141539765891
WA_W,126,0.09852076031028564
WA_W,127,0.06678002028026984
WA_W,128,0.0567302762459341
WA_W,129,0.12034443732788207
WA_W,130,0.07602380717521821
WA_W,131,0.0683189307264656
WA_W,132,0.058534563028341875
WA_W,133,0.08792587811410034
WA_W,134,0.07320532152038449
WA_W,135,0.11398513541138583
WA_W,136,0.11889255553804293
WA_W,137,0.08403951420198895
WA_W,138,0.048234995721443595
WA_W,139,0.08312407898314352
WA_W,140,0.09363821619146791
WA_W,141,0.09089927333278565
WA_W,142,0.07950311447785631
WA_W,143,0.09016545833233777
WA_W,144,0.10639338379478362
WA_W,145,0.061299127524146846
WA_W,146,0.060638293440086345
WA_W,147,0.08678831143609324
WA_W,148,0.08798580602687782
WA_W,149,0.0914087711143207
WA_W,150,0.10506373740826744
WA_W,151,0.1024710579335096
WA_W,152,0.05192284791683221
WA_W,153,0.08721084685490414
WA_W,154,0.11500065822670763
WA_W,155,0.07001419244316903
WA_W,156,0.08578450625962875
WA_W,157,0.1022000857303007
WA_W,158,0.10672955746481083
WA_W,159,0.046330578495941556
WA_W,160,0.07075868917323741
WA_W,161,0.1122841237538887
WA_W,162,0.07381438620832305
WA_W,163,0.12591709594861528
WA_W,164,0.1169859617846412
WA_W,165,0.10731861272581056
WA_W,166,0.07178787010146796
WA_W,167,0.10105719350585204
WA_W,168,0.1274851204465845
WA_W,169,0.10234857529726725
WA_W,170,0.10111019750511581
WA_W,171,0.1340692807779103
WA_W,172,0.10851199358013874
WA_W,173,0.10173093922508175
WA_W,174,0.1011914167028638
WA_W,175,0.0969677589930926
WA_W,176,0.1076830785819722
WA_W,177,0.10109101511180679
WA_W,178,0.11751222096987403
WA_W,179,0.11845526709169521
WA_W,180,0.06977047729839046
WA_W,181,0.11393634569642366
WA_W,182,0.07817438707613852
WA_W,183,0.09750977743574465
WA_W,184,0.08815444112025313
WA_W,185,0.052200516756072575
WA_W,186,0.09353336516118985
WA_W,187,0.07392536133938274
WA_W,188,0.07635960716635035
WA_W,189,0.11554653199296938
WA_W,190,0.11033720111652895
WA_W,191,0.09345019443776076
WA_W,192,0.08302976636011648
WA_W,193,0.10109380206107678
WA_W,194,0.07363300394897566
WA_W,195,0.10803631101338852
WA_W,196,0.11729782318818804
WA_W,197,0.10325571289719121
WA_W,198,0.09797200374070412
WA_W,199,0.12046431703823407
WA_W,200,0.08883068028363585
WA_W,201,0.07120498410325786
WA_W,202,0.10290059500525087
WA_W,203,0.08994732903485093
WA_W,204,0.10601609723831645
WA_W,205,0.11087083051942433
WA_W,206,0.16142109730998735
WA_W,207,0.09253790500201794
WA_W,208,0.047790383841114045
WA_W,209,0.10054163308478893
WA_W,210,0.1528442638899995
WA_W,211,0.10118984995112389
WA_W,212,0.0858232293821296
WA_W,213,0.0790443030041454
WA_W,214,0.09892094912224275
WA_W,215,0.07245472330025071
WA_W,216,0.1042713972278856
WA_W,217,0.10185791169839456
WA_W,218,0.07789626426013636
WA_W,219,0.06711938552088843
WA_W,220,0.0696078632927671
WA_W,221,0.09469454824221914
WA_W,222,0.04840216803782133
WA_W,223,0.06031886583169286
WA_W,224,0.06545023196080563
WA_W,225,0.07620911821413318
WA_W,226,0.06900224397336671
WA_W,227,0.08692511131370718
WA_W,228,0.0704736325892722
WA_W,229,0.0506543886505474
WA_W,230,0.05943335741958777
WA_W,231,0.061590129536543345
WA_W,232,0.05652377372724371
WA_W,233,0.055856020417277
WA_W,234,0.09278236322739594
WA_W,235,0.06923845111800228
WA_W,236,0.03799561267402672
WA_W,237,0.04021154950879044
WA_W,238,0.06816957560096061
WA_W,239,0.05109886020113143
WA_W,240,0.0725622273702191
WA_W,241,0.07771160615393609
WA_W,242,0.06483620363607595
WA_W,243,0.02654645061420542
WA_W,244,0.02204200794397441
WA_W,245,0.015069915666062667
WA_W,246,0.029719258424042966
WA_W,247,0.016010120769179518
WA_W,248,0.021332923076980082
WA_W,249,0.023121683089526796
WA_W,250,0.01376196003635189
WA_W,251,0.024144412377306603
WA_W,252,0.03103084450014335
WA_W,253,0.021174818120494047
WA_W,254,0.02392868069836803
WA_W,255,0.027287440202550733
WA_W,256,0.026576406148629245
WA_W,257,0.011609569036945381
WA_W,258,0.016199874176935188
WA_W,259,0.024607678790012848
WA_W,260,0.014495475018497852
WA_W,261,0.020896363103798714
WA_W,262,0.02302787146053735
WA_W,263,0.019182667358243127
WA_W,264,0.00996003899591563
WA_W,265,0.01935209943721712
WA_W,266,0.017490708079083678
WA_W,267,0.018017136670747284
WA_W,268,0.01593032705830319
WA_W,269,0.02760032501921033
WA_W,270,0.023113864222610584
WA_W,271,0.00720156380356449
WA_W,272,0.013806326361730917
WA_W,273,0.018869590465897427
WA_W,274,0.01674479446738464
WA_W,275,0.016941382556364855
WA_W,276,0.03057636617634214
WA_W,277,0.022682909389068764
WA_W,278,0.011301346424123358
WA_W,279,0.014318811636773596
WA_W,280,0.018713495332568077
WA_W,281,0.027737515231861902
WA_W,282,0.022185838303389067
WA_W,283,0.03024613338766493
WA_W,284,0.025164047342516017
WA_W,285,0.012707207399167053
WA_W,286,0.01348960636601434
WA_W,287,0.022217110608839977
WA_W,288,0.01762794198259122
WA_W,289,0.016602448592806053
WA_W,290,0.02215098354491587
WA_W,291,0.016221928086137975
WA_W,292,0.015701606682265383
WA_W,293,0.018336736059980967
WA_W,294,0.03185075409264915
WA_W,295,0.0171412886295134
WA_W,296,0.02411337253736143
WA_W,297,0.025127012607866362
WA_W,298,0.022572830846699206
WA_W,299,0.01547148410320848
WA_W,300,0.014013389647547073
WA_W,301,0.02300201018006574
WA_W,302,0.013444824163964354
WA_W,303,0.019198747511128305
WA_W,304,0.025828658822122617
WA_W,305,0.04593981650551652
WA_W,306,0.019293579561697395
WA_W,307,0.029440478968198888
WA_W,308,0.030130241369473443
WA_W,309,0.03100085883063877
WA_W,310,0.030208571466758885
WA_W,311,0.04216539093002631
WA_W,312,0.03532605209871356
WA_W,313,0.017211759968843183
WA_W,314,0.028400310393781755
WA_W,315,0.04505007540388487
WA_W,316,0.029409258020117818
WA_W,317,0.028412099392494297
WA_W,318,0.04490522788281951
WA_W,319,0.03396521295614355
WA_W,320,0.020630960211609994
WA_W,321,0.03236287042687759
WA_W,322,0.043919167305806556
WA_W,323,0.03085043579995759
WA_W,324,0.040517053799973876
WA_W,325,0.04080409215506391
WA_W,326,0.023208794360056018
WA_W,327,0.021530364074891048
WA_W,328,0.03272188163625726
WA_W,329,0.03939719847678468
WA_W,330,0.03631991765854964
WA_W,331,0.05162108186534503
WA_W,332,0.0062687404315915456
WA_W,333,0.021730844816256253
WA_W,334,0.028891119348467477
WA_W,335,0.03425357508083691
WA_W,336,0.027010246815112344
WA_W,337,0.023738141412129064
WA_W,338,0.033045064672421215
WA_W,339,0.027715725245667816
WA_W,340,0.03676393329684129
WA_W,341,0.02937229298881336
WA_W,342,0.036240732489105996
WA_W,343,0.047581364674210945
WA_W,344,0.02916310661977781
WA_W,345,0.034089465218757276
WA_W,346,0.046708614821168025
WA_W,347,0.03081955130615342
WA_W,348,0.010865748261550892
WA_W,349,0.02944738984025217
WA_W,350,0.032090736454595474
WA_W,351,0.02011967156276945
WA_W,352,0.03577442073861394
WA_W,353,0.031574216031971296
WA_W,354,0.02927180386322223
WA_W,355,0.02628171403692601
WA_W,356,0.021290399443552623
WA_W,357,0.02954638032917331
WA_W,358,0.023259737701618207
WA_W,359,0.019632238730106957
WA_W,360,0.029693451548338485
WA_W,361,0.02678923024159019
WA_W,362,0.03798145571149077
WA_W,363,0.02897628037174921
WA_W,364,0.025247305085841783
WA_W,365,0.0282966432337312
WY_NE,1,847.2841463592367
WY_NE,2,1268.5679052930882
WY_NE,3,1406.7291735115348
WY_NE,4,1694.1551912976224
WY_NE,5,1349.3099939531949
WY_NE,6,1239.7854697872256
WY_NE,7,1091.0220481935999
WY_NE,8,981.8364115444543
WY_NE,9,1184.4868397722973
WY_NE,10,1444.5886186453604
WY_NE,11,1586.2238422056864
WY_NE,12,1198.7525861061733
WY_NE,13,671.6667249279045
WY_NE,14,682.2195016711039
WY_NE,15,940.3234573018572
WY_NE,16,1477.2208713110056
WY_NE,17,1606.7727412449779
WY_NE,18,1442.5447223295653
WY_NE,19,1343.6219409317941
WY_NE,20,913.1277285251336
WY_NE,21,799.4546681859483
WY_NE,22,1285.2941069237063
WY_NE,23,1222.2377779955432
WY_NE,24,1074.4913384373726
WY_NE,25,1341.3218050651428
WY_NE,26,1353.7471881031763
WY_NE,27,828.2715245675548
WY_NE,28,798.955761798794
WY_NE,29,1082.6398253674
WY_NE,30,1373.6756194018878
WY_NE,31,1404.265120755804
WY_NE,32,1272.257135067339
WY_NE,33,822.2709466773082
WY_NE,34,640.726735494822
WY_NE,35,661.2857776567429
WY_NE,36,1321.9275844174197
WY_NE,37,1506.0067443732898
WY_NE,38,1319.5027056420026
WY_NE,39,1441.7689546855918
WY_NE,40,1206.5390806523685
WY_NE,41,898.4364478024563
WY_NE,42,705.7560522497885
WY_NE,43,1189.5076021293503
WY_NE,44,1497.189895363502
WY_NE,45,1454.7601145229467
WY_NE,46,1555.3551519656437
WY_NE,47,1352.7748994295753
WY_NE,48,840.7931722276415
WY_NE,49,920.4267533389251
WY_NE,50,1183.468135155071
WY_NE,51,1441.855290127585
WY_NE,52,1650.2129754077964
WY_NE,53,1641.5397268702752
WY_NE,54,1439.520455152938
WY_NE,55,764.8343819343786
WY_NE,56,837.0626173960916
WY_NE,57,1239.1127208988294
WY_NE,58,1363.9594735941744
WY_NE,59,1520.2430738818239
WY_NE,60,1335.5539698654065
WY_NE,61,1012.7532813874084
WY_NE,62,774.9941280042613
WY_NE,63,1271.9313653968966
WY_NE,64,1405.9161235444735
WY_NE,65,1474.8261062901731
WY_NE,66,1760.3266145301884
WY_NE,67,1643.418236241392
WY_NE,68,950.6567274360663
WY_NE,69,883.7858705419271
WY_NE,70,1369.462074494329
WY_NE,71,1446.9258747453957
WY_NE,72,1635.8064751363117
WY_NE,73,1503.46493891217
WY_NE,74,1379.3588569165486
WY_NE,75,964.3239131813419
WY_NE,76,1053.5206120068729
WY_NE,77,1321.7854110285866
WY_NE,78,1465.5829718854682
WY_NE,79,1602.362947030852
WY_NE,80,1509.8293403208265
WY_NE,81,1386.1691132643762
WY_NE,82,946.5550842090925
WY_NE,83,723.4422587817804
WY_NE,84,927.8970850146978
WY_NE,85,1363.78713226364
WY_NE,86,1612.4985377222733
WY_NE,87,1713.8583100832127
WY_NE,88,1333.790212742077
WY_NE,89,1054.061809715922
WY_NE,90,733.6718969343289
WY_NE,91,1334.4359597613427
WY_NE,92,1467.9736915879944
WY_NE,93,1650.640908441261
WY_NE,94,1754.6410644969574
WY_NE,95,1317.5124294598716
WY_NE,96,998.9353639833771
WY_NE,97,951.3728402677405
WY_NE,98,1348.5677737328147
WY_NE,99,1472.2727234472932
WY_NE,100,1658.5508261652662
WY_NE,101,1573.7647446928283
WY_NE,102,1474.4675926155282
WY_NE,103,866.5480494296576
WY_NE,104,805.2376560159237
WY_NE,105,1269.2161952387278
WY_NE,106,1372.2955541356794
WY_NE,107,1657.5258441785832
WY_NE,108,1648.3421327623505
WY_NE,109,1341.2595495478406
WY_NE,110,827.6636190326357
WY_NE,111,802.2605347870281
WY_NE,112,1291.8108273160055
WY_NE,113,1505.4697809316558
WY_NE,114,1476.987247865292
WY_NE,115,1582.457158211656
WY_NE,116,1171.6578362290375
WY_NE,117,811.1817271420612
WY_NE,118,838.6652315676545
WY_NE,119,1462.2903368967452
WY_NE,120,1525.5289765883688
WY_NE,121,1384.3654019937742
WY_NE,122,1923.045344108027
WY_NE,123,1582.5204799753774
WY_NE,124,849.0512645180686
WY_NE,125,1012.39734382156
WY_NE,126,1090.962360559274
WY_NE,127,1676.41408403927
WY_NE,128,1574.2558466230425
WY_NE,129,1713.3272545666562
WY_NE,130,1263.90034997869
WY_NE,131,1105.7513997880624
WY_NE,132,829.1001278804961
WY_NE,133,1799.320352840613
WY_NE,134,1602.1881086036994
WY_NE,135,2189.9936875185563
WY_NE,136,1682.3163260379758
WY_NE,137,1424.5645841496207
WY_NE,138,1011.6850113874432
WY_NE,139,933.1725921891127
WY_NE,140,1514.1034247437221
WY_NE,141,1460.5420681097987
WY_NE,142,1829.4041616085358
WY_NE,143,1635.0816428357393
WY_NE,144,1432.880657927965
WY_NE,145,1087.974293433131
WY_NE,146,776.3505797867134
WY_NE,147,1027.8618616615315
WY_NE,148,1479.936335517106
WY_NE,149,1434.9412515538354
WY_NE,150,1546.8624908004308
WY_NE,151,1425.3985404277705
WY_NE,152,1000.9263585051826
WY_NE,153,1032.6828017828934
WY_NE,154,1333.8419430882066
WY_NE,155,1317.6121205118604
WY_NE,156,1808.813744869212
WY_NE,157,1695.5981076120415
WY_NE,158,1547.9837319465394
WY_NE,159,1055.032727933978
WY_NE,160,1102.8840580960132
WY_NE,161,1557.0296700855708
WY_NE,162,1709.9540826545397
WY_NE,163,1904.4148931388522
WY_NE,164,1732.6476159009112
WY_NE,165,1571.1333257328306
WY_NE,166,1036.5598321754333
WY_NE,167,957.7801184194791
WY_NE,168,1335.8803268321658
WY_NE,169,1867.7191954510802
WY_NE,170,1816.214464964943
WY_NE,171,1427.0557813416474
WY_NE,172,1530.428744416722
WY_NE,173,1280.7150150009504
WY_NE,174,1023.8300168855054
WY_NE,175,1534.123716209342
WY_NE,176,1767.7864157728284
WY_NE,177,2194.702286562994
WY_NE,178,1937.5912490816215
WY_NE,179,1737.7998024484223
WY_NE,180,1085.4538865697284
WY_NE,181,892.1278466294397
WY_NE,182,1301.314409481621
WY_NE,183,1680.6481516410893
WY_NE,184,1467.406245281342
WY_NE,185,748.0489075421294
WY_NE,186,1127.6094233347637
WY_NE,187,1071.9611219324795
WY_NE,188,1092.6966287227847
WY_NE,189,1467.6373580909653
WY_NE,190,1798.3896669884257
WY_NE,191,1792.3263590084835
WY_NE,192,1752.957946390114
WY_NE,193,1639.6031100122366
WY_NE,194,1118.4889924757756
WY_NE,195,1219.7315216358948
WY_NE,196,1561.0320084587174
WY_NE,197,1594.0629997217707
WY_NE,198,1793.4084124798826
WY_NE,199,1847.3849848959612
WY_NE,200,1482.0551363935763
WY_NE,201,1017.440041601879
WY_NE,202,1097.6986097938736
WY_NE,203,1426.694509578447
WY_NE,204,1698.4491035291298
WY_NE,205,1913.0695578378945
WY_NE,206,1933.3673967821098
WY_NE,207,1574.3425949186321
WY_NE,208,1354.2986568502197
WY_NE,209,965.7090599033344
WY_NE,210,1476.0046008385814
WY_NE,211,1493.1141474203723
WY_NE,212,1678.3369287741277
WY_NE,213,2039.459644958347
WY_NE,214,1612.023354115914
WY_NE,215,1065.7327257813918
WY_NE,216,1307.0527723087673
WY_NE,217,1395.7115695514797
WY_NE,218,1765.1263672388636
WY_NE,219,2009.6212461658558
WY_NE,220,1926.8367599222395
WY_NE,221,1691.0997369110225
WY_NE,222,1243.368097027778
WY_NE,223,1044.4273791454584
WY_NE,224,1496.1850374930236
WY_NE,225,1767.705670848459
WY_NE,226,1871.3965666577233
WY_NE,227,1849.7982193821736
WY_NE,228,1812.8490417794833
WY_NE,229,1189.0472400496792
WY_NE,230,930.7726030988587
WY_NE,231,1707.6956404525497
WY_NE,232,1780.1321316812398
WY_NE,233,1779.5679669393073
WY_NE,234,1852.309055603214
WY_NE,235,1446.0798427502568
WY_NE,236,961.0791584138294
WY_NE,237,1085.0261161105109
WY_NE,238,1230.6147832765869
WY_NE,239,1725.3899572803805
WY_NE,240,1621.249387650919
WY_NE,241,1606.528688303411
WY_NE,242,1690.4166670708835
WY_NE,243,1189.4116188996845
WY_NE,244,859.4821191063446
WY_NE,245,927.5274525855866
WY_NE,246,1402.1913050487594
WY_NE,247,1902.2708123459215
WY_NE,248,1632.992752325397
WY_NE,249,1500.9106416623567
WY_NE,250,1288.4071706580442
WY_NE,251,1038.6257819059272
WY_NE,252,1625.4901417647231
WY_NE,253,1783.6027866832208
WY_NE,254,1688.9660050549496
WY_NE,255,1606.7202889022801
WY_NE,256,1651.3867595692932
WY_NE,257,1104.2017783754725
WY_NE,258,1312.8880221233503
WY_NE,259,1730.6111753388504
WY_NE,260,1673.1406237973354
WY_NE,261,1848.9810662829595
WY_NE,262,1862.4868258864108
WY_NE,263,1575.342591349861
WY_NE,264,941.5097115730239
WY_NE,265,1201.8620099571835
WY_NE,266,1508.9057921719088
WY_NE,267,1621.0090607129307
WY_NE,268,1893.6097744018218
WY_NE,269,1809.031054415244
WY_NE,270,1653.877439604248
WY_NE,271,974.6212761925294
WY_NE,272,1251.7585925314236
WY_NE,273,1437.9695793712697
WY_NE,274,1549.3499441481695
WY_NE,275,2148.619985898951
WY_NE,276,1807.7769721044435
WY_NE,277,1776.2293301127695
WY_NE,278,1157.0819060986028
WY_NE,279,1271.5284474650396
WY_NE,280,1393.8448294314542
WY_NE,281,1722.975792434247
WY_NE,282,1793.1288988642511
WY_NE,283,1797.0153652061722
WY_NE,284,1495.9855325863637
WY_NE,285,1135.762412910074
WY_NE,286,1100.670580068322
WY_NE,287,1565.373936070751
WY_NE,288,1772.8196076865627
WY_NE,289,1907.111702992218
WY_NE,290,2005.4572150946
WY_NE,291,1818.9853341159208
WY_NE,292,1222.509315415285
WY_NE,293,1500.9670546477148
WY_NE,294,2106.399411705808
WY_NE,295,2102.567531507161
WY_NE,296,2091.8205325785457
WY_NE,297,2296.8599402921677
WY_NE,298,1759.158827200704
WY_NE,299,1022.8019360075643
WY_NE,300,1644.0305496715073
WY_NE,301,1495.7865086931092
WY_NE,302,1635.8018181496475
WY_NE,303,2034.810213311444
WY_NE,304,1609.0711184351326
WY_NE,305,1655.3963081670972
WY_NE,306,1207.772406932265
WY_NE,307,1511.0480716579004
WY_NE,308,2021.097144900298
WY_NE,309,1721.0832942495558
WY_NE,310,2039.2178597652942
WY_NE,311,1898.8074641530397
WY_NE,312,1367.0266902878022
WY_NE,313,981.3910752363084
WY_NE,314,1630.287937211984
WY_NE,315,1469.2258607408346
WY_NE,316,1671.3031212832482
WY_NE,317,1852.2546694065657
WY_NE,318,1821.7759619593332
WY_NE,319,1465.3113017273606
WY_NE,320,1127.2777911307533
WY_NE,321,1181.9835419257179
WY_NE,322,1568.3382643336615
WY_NE,323,1664.8087361426758
WY_NE,324,1626.1960981343789
WY_NE,325,1921.840278282141
WY_NE,326,1471.9012621994893
WY_NE,327,1041.859394737894
WY_NE,328,1169.1233212651969
WY_NE,329,1418.8542003590778
WY_NE,330,1810.604083842287
WY_NE,331,1384.0795259960062
WY_NE,332,445.5423390456864
WY_NE,333,1117.3804860288758
WY_NE,334,1170.4440647087185
WY_NE,335,1281.7812704668825
WY_NE,336,1765.0849633055338
WY_NE,337,1697.4881471713268
WY_NE,338,1864.3581394865832
WY_NE,339,1934.8672374759863
WY_NE,340,1746.7522126405247
WY_NE,341,1126.1765495564828
WY_NE,342,1212.7922053912357
WY_NE,343,1649.4835992921212
WY_NE,344,1934.8914883265622
WY_NE,345,1733.8372964793455
WY_NE,346,1679.1521935227117
WY_NE,347,1590.4005837848426
WY_NE,348,954.8196175062425
WY_NE,349,1184.1201359436498
WY_NE,350,1808.1623791334953
WY_NE,351,1851.5848699340102
WY_NE,352,1768.2904271930533
WY_NE,353,1349.408407202185
WY_NE,354,1583.6043038228463
WY_NE,355,1126.5380453248638
WY_NE,356,967.1076273289048
WY_NE,357,1148.3163609945186
WY_NE,358,793.2459731885314
WY_NE,359,547.8281290817376
WY_NE,360,1539.1053452402946
WY_NE,361,1493.9214001704772
WY_NE,362,1105.9235144006104
WY_NE,363,997.8509721386096
WY_NE,364,1116.028844505234
WY_NE,365,1078.6264038059342
WY_NW,1,0.1081485027970956
WY_NW,2,0.11954517203798198
WY_NW,3,0.14662429185910492
WY_NW,4,0.1801380926147373
WY_NW,5,0.12353342960960717
WY_NW,6,0.11595250307238128
WY_NW,7,0.11025328401943837
WY_NW,8,0.17738230183470236
WY_NW,9,0.17694253126909756
WY_NW,10,0.25820514008025547
WY_NW,11,0.1446837060671628
WY_NW,12,0.04476193025549941
WY_NW,13,0.04788393863605886
WY_NW,14,0.08518222441611434
WY_NW,15,0.06525733321232395
WY_NW,16,0.1331040636095388
WY_NW,17,0.2642187559561071
WY_NW,18,0.20575058466060356
WY_NW,19,0.07954374799893173
WY_NW,20,0.07947028573896975
WY_NW,21,0.03876433628847749
WY_NW,22,0.18110912677935884
WY_NW,23,0.18538933363663526
WY_NW,24,0.13829431372938455
WY_NW,25,0.2519021910553322
WY_NW,26,0.227596941993937
WY_NW,27,0.05786536587111997
WY_NW,28,0.09219899509146053
WY_NW,29,0.13069601387776308
WY_NW,30,0.19817909623472335
WY_NW,31,0.24719725103735668
WY_NW,32,0.7206897079771759
WY_NW,33,0.4351502439110918
WY_NW,34,0.2831650568271862
WY_NW,35,0.22787328895055947
WY_NW,36,0.7851122685556158
WY_NW,37,1.2306282269894466
WY_NW,38,0.6565438547705742
WY_NW,39,0.3774255361026235
WY_NW,40,0.5510947366404524
WY_NW,41,0.36632278989170763
WY_NW,42,0.1461997199193374
WY_NW,43,0.3286892436297237
WY_NW,44,0.7491713358413497
WY_NW,45,0.8181809795267974
WY_NW,46,0.3265629149273407
WY_NW,47,0.3668081809637892
WY_NW,48,0.3325642816123252
WY_NW,49,0.36884625371681007
WY_NW,50,0.28376654275089175
WY_NW,51,0.2912308483310646
WY_NW,52,0.8239933735896727
WY_NW,53,0.2640292415365073
WY_NW,54,0.2068482510535177
WY_NW,55,0.24786086380226474
WY_NW,56,0.2398981426065336
WY_NW,57,0.32782341933771053
WY_NW,58,0.6862624405176043
WY_NW,59,0.3521714933457147
WY_NW,60,0.7945515859327443
WY_NW,61,0.5607717598562361
WY_NW,62,0.22956748774593685
WY_NW,63,1.02142191951428
WY_NW,64,0.7595967362419267
WY_NW,65,0.5808889369750548
WY_NW,66,0.7360043734565223
WY_NW,67,0.8142618730693747
WY_NW,68,0.42993644511005236
WY_NW,69,0.3142156537224691
WY_NW,70,0.45458258186595957
WY_NW,71,0.6327032288893067
WY_NW,72,1.092011813202924
WY_NW,73,0.3462395411042919
WY_NW,74,0.28176129404232486
WY_NW,75,0.31846284258947666
WY_NW,76,0.41038256274031093
WY_NW,77,0.4650827240083182
WY_NW,78,0.8615467475093307
WY_NW,79,0.6530960441958639
WY_NW,80,0.8861180689280845
WY_NW,81,0.6527988256480268
WY_NW,82,0.5271909128450766
WY_NW,83,0.002744754252052765
WY_NW,84,1.0499291855398054
WY_NW,85,0.8191184060032171
WY_NW,86,0.8114571421419763
WY_NW,87,0.7543358107635924
WY_NW,88,0.8189698436434628
WY_NW,89,0.2847933288937838
WY_NW,90,0.09609395957225497
WY_NW,91,1.344383240780943
WY_NW,92,1.0920776534699526
WY_NW,93,1.5795577200099027
WY_NW,94,1.3399092459523543
WY_NW,95,1.1617060913687396
WY_NW,96,0.49188961567553735
WY_NW,97,0.6512668778582922
WY_NW,98,1.0097138521337659
WY_NW,99,1.5938738312981986
WY_NW,100,1.744353204200899
WY_NW,101,0.9635897706558331
WY_NW,102,2.051948686339968
WY_NW,103,1.1862864649389742
WY_NW,104,1.2317930528629955
WY_NW,105,1.2992501609244775
WY_NW,106,1.7690646952579
WY_NW,107,1.0778177930163098
WY_NW,108,3.8140564378198567
WY_NW,109,1.4523757874176941
WY_NW,110,0.5820085994049958
WY_NW,111,0.9722656683449996
WY_NW,112,1.3264910773780296
WY_NW,113,2.216476831803709
WY_NW,114,1.1249530502981309
WY_NW,115,2.072280416726715
WY_NW,116,1.4328885079640166
WY_NW,117,1.3447698534039516
WY_NW,118,1.0914523505249822
WY_NW,119,1.4958423481681
WY_NW,120,2.543236540572707
WY_NW,121,5.291303226567212
WY_NW,122,2.458425222521301
WY_NW,123,2.6048957176494674
WY_NW,124,1.233259750324696
WY_NW,125,2.6906128956781705
WY_NW,126,1.4072973361693195
WY_NW,127,1.8596542129434799
WY_NW,128,1.6764673263976926
WY_NW,129,2.117914852420668
WY_NW,130,5.055628889994652
WY_NW,131,1.5488478886443118
WY_NW,132,1.4421125883211345
WY_NW,133,2.533861828749808
WY_NW,134,4.609529940383358
WY_NW,135,2.015302324187311
WY_NW,136,3.4836202139945196
WY_NW,137,3.1270619174114413
WY_NW,138,2.6115064783471484
WY_NW,139,0.9738014433272302
WY_NW,140,3.034281116534885
WY_NW,141,2.3366926160215438
WY_NW,142,2.682991089551636
WY_NW,143,3.3519913263630663
WY_NW,144,3.636865625918683
WY_NW,145,2.178489961429156
WY_NW,146,1.7050113699555887
WY_NW,147,2.6863106951822027
WY_NW,148,5.133448053187872
WY_NW,149,3.0655743488896907
WY_NW,150,2.3714986356173147
WY_NW,151,6.664472209252215
WY_NW,152,0.7151128967437461
WY_NW,153,0.9819517008463312
WY_NW,154,1.3604225756438302
WY_NW,155,0.9147587330167268
WY_NW,156,1.6308660876384515
WY_NW,157,1.0909831511390675
WY_NW,158,1.094835919281731
WY_NW,159,1.0706836912189173
WY_NW,160,0.6988580974415609
WY_NW,161,0.7296693490406658
WY_NW,162,0.9491076510594733
WY_NW,163,0.7033451207986462
WY_NW,164,1.6920226868941812
WY_NW,165,1.3046546774250898
WY_NW,166,0.6321305034170086
WY_NW,167,0.8543319799171216
WY_NW,168,1.0114462193643992
WY_NW,169,1.1058121853650538
WY_NW,170,1.1518269765546587
WY_NW,171,1.0347189475345497
WY_NW,172,1.0296543094383312
WY_NW,173,0.7031519163607243
WY_NW,174,0.46332754341631227
WY_NW,175,0.7795390035607307
WY_NW,176,1.133758706422341
WY_NW,177,1.1146146361637828
WY_NW,178,1.0450748068516984
WY_NW,179,0.9387209884422953
WY_NW,180,0.6053427148664725
WY_NW,181,1.1880110931822023
WY_NW,182,0.8338701579571995
WY_NW,183,0.6015783536148419
WY_NW,184,0.5366184200096284
WY_NW,185,0.3855553448490291
WY_NW,186,0.5471550612850091
WY_NW,187,0.3296181592730232
WY_NW,188,0.5470851635514776
WY_NW,189,0.6841058577614139
WY_NW,190,0.7364656875710608
WY_NW,191,0.5243995194951679
WY_NW,192,0.44788199597055206
WY_NW,193,0.625572129876573
WY_NW,194,0.3740968174301347
WY_NW,195,0.2583196644552651
WY_NW,196,0.6225579220611027
WY_NW,197,0.6787088872665601
WY_NW,198,0.4847986381044823
WY_NW,199,0.37698940434690126
WY_NW,200,0.595979302916028
WY_NW,201,0.3923118772581982
WY_NW,202,0.4300595429203098
WY_NW,203,0.5341140311374093
WY_NW,204,0.6413393152705531
WY_NW,205,0.4670980910427812
WY_NW,206,0.5768888762681889
WY_NW,207,0.591831011956912
WY_NW,208,0.5400717008227574
WY_NW,209,0.3963907013350086
WY_NW,210,0.6151738216363178
WY_NW,211,0.5983528170650572
WY_NW,212,0.5404759522160847
WY_NW,213,1.7978821538615124
WY_NW,214,1.189559379076767
WY_NW,215,1.3851472448576507
WY_NW,216,1.1836163093390357
WY_NW,217,1.2030287042845162
WY_NW,218,0.7939146791593575
WY_NW,219,1.6981994783685925
WY_NW,220,1.6461919313112585
WY_NW,221,1.7200600365866245
WY_NW,222,1.9318875747926336
WY_NW,223,1.0827163395060169
WY_NW,224,1.1226720218160349
WY_NW,225,1.0031052785903867
WY_NW,226,1.3618839024965093
WY_NW,227,1.2777708584868375
WY_NW,228,1.2017451241517831
WY_NW,229,0.9100657036109459
WY_NW,230,1.010954781716716
WY_NW,231,0.7563758747058242
WY_NW,232,0.9718254361626055
WY_NW,233,0.9677527107281233
WY_NW,234,1.2883735101301437
WY_NW,235,1.3382789215629347
WY_NW,236,1.5772882468894631
WY_NW,237,1.3225270153768558
WY_NW,238,1.2167464231608431
WY_NW,239,1.1399773307645236
WY_NW,240,1.3623066043729288
WY_NW,241,1.1094657216685786
WY_NW,242,1.0451540462219109
WY_NW,243,0.7698317396642391
WY_NW,244,0.5618731202158049
WY_NW,245,1.6251277894756964
WY_NW,246,1.2807813559028662
WY_NW,247,2.1995771613171486
WY_NW,248,1.593077608116139
WY_NW,249,1.6539849728153537
WY_NW,250,1.0137266095164965
WY_NW,251,0.8683909134534801
WY_NW,252,1.8267847331241132
WY_NW,253,1.7535020596660347
WY_NW,254,1.4026870617106604
WY_NW,255,1.73545558807323
WY_NW,256,0.8556323043697642
WY_NW,257,1.3431094477982664
WY_NW,258,1.1304429073644915
WY_NW,259,1.2443798876394327
WY_NW,260,2.2400703833696642
WY_NW,261,2.181838174778439
WY_NW,262,1.0628431764102468
WY_NW,263,1.5309804364898816
WY_NW,264,1.5239255567114367
WY_NW,265,1.6591698693338424
WY_NW,266,1.0764416354732194
WY_NW,267,1.2503197176824814
WY_NW,268,1.3141530257655165
WY_NW,269,1.2096116476792633
WY_NW,270,1.1128908970031008
WY_NW,271,1.2180747296212555
WY_NW,272,0.432156405094918
WY_NW,273,1.8909557316214958
WY_NW,274,2.810241598779284
WY_NW,275,5.175570187863478
WY_NW,276,4.43341025855186
WY_NW,277,4.747137387768418
WY_NW,278,1.600086036813394
WY_NW,279,2.659868378220303
WY_NW,280,4.550824518908776
WY_NW,281,3.948431622380601
WY_NW,282,3.891473721242904
WY_NW,283,5.245564453131244
WY_NW,284,5.919974392745442
WY_NW,285,1.5962363296722666
WY_NW,286,2.0757402770719415
WY_NW,287,2.742171026309494
WY_NW,288,4.2197839450201835
WY_NW,289,4.445303514061349
WY_NW,290,5.960697876630807
WY_NW,291,1.9969190587253811
WY_NW,292,3.7813655765467766
WY_NW,293,2.311607656852733
WY_NW,294,5.512334842737758
WY_NW,295,3.173518837168245
WY_NW,296,4.560938640095344
WY_NW,297,4.411126047773894
WY_NW,298,2.1205029041880854
WY_NW,299,3.0849576896226276
WY_NW,300,4.572131106026596
WY_NW,301,5.713279150247141
WY_NW,302,2.5188837388244405
WY_NW,303,6.637144455601363
WY_NW,304,2.7007281858442322
WY_NW,305,10.223614739403665
WY_NW,306,5.045070668551437
WY_NW,307,3.6796839558892604
WY_NW,308,9.604463717966881
WY_NW,309,21.42732212300362
WY_NW,310,7.393802483893257
WY_NW,311,10.452418364599406
WY_NW,312,5.483636320652022
WY_NW,313,6.363042166171407
WY_NW,314,6.715142473325167
WY_NW,315,9.49187101602706
WY_NW,316,9.60636255148258
WY_NW,317,11.602263063681423
WY_NW,318,10.58028010185704
WY_NW,319,8.059848719016042
WY_NW,320,4.848263885411778
WY_NW,321,4.6109594809776455
WY_NW,322,9.678734312101124
WY_NW,323,9.044834469019824
WY_NW,324,7.2306766279201495
WY_NW,325,12.57830295604509
WY_NW,326,8.87318022979835
WY_NW,327,5.730945327445914
WY_NW,328,4.01525090301041
WY_NW,329,7.500187628384339
WY_NW,330,9.576834951107454
WY_NW,331,8.780225531513839
WY_NW,332,1.5583221638054554
WY_NW,333,5.629087702181083
WY_NW,334,6.7565038325791456
WY_NW,335,0.4848540385182908
WY_NW,336,1.0485429009985907
WY_NW,337,0.9752998360572727
WY_NW,338,0.9943358199564073
WY_NW,339,1.5706197269227626
WY_NW,340,0.5558965736320243
WY_NW,341,0.27986678986079644
WY_NW,342,0.3723685251850606
WY_NW,343,1.2355639504014184
WY_NW,344,1.7546135282431727
WY_NW,345,1.8648109146699823
WY_NW,346,0.8828453544666486
WY_NW,347,0.5720227522604506
WY_NW,348,0.5989562770348484
WY_NW,349,0.4376197647705983
WY_NW,350,0.8095328698590984
WY_NW,351,0.882101419032497
WY_NW,352,0.5749726283411789
WY_NW,353,0.8034933437699032
WY_NW,354,0.7127581317879517
WY_NW,355,0.32682606318843904
WY_NW,356,0.2376276013965553
WY_NW,357,0.37253979321407504
WY_NW,358,0.4502213748627105
WY_NW,359,0.23293094921295
WY_NW,360,0.5146333172492917
WY_NW,361,0.4539969666132966
WY_NW,362,0.5675104553612083
WY_NW,363,0.28871483983381874
WY_NW,364,0.32774841840431707
WY_NW,365,0.5414466596482596
WY_SE,1,11.726783394313474
WY_SE,2,12.81195313514511
WY_SE,3,31.935330150773527
WY_SE,4,40.2341407372877
WY_SE,5,34.88572948930059
WY_SE,6,18.635228117641873
WY_SE,7,11.455184160884047
WY_SE,8,31.960314043471705
WY_SE,9,51.08258598948819
WY_SE,10,46.37737908064418
WY_SE,11,45.997795420608064
WY_SE,12,26.68501981946648
WY_SE,13,12.553674916771039
WY_SE,14,16.088451909159016
WY_SE,15,19.437143553965843
WY_SE,16,38.358472781133315
WY_SE,17,28.922140801829457
WY_SE,18,36.56914893030525
WY_SE,19,30.77660219856404
WY_SE,20,18.86856820941238
WY_SE,21,10.583878576892195
WY_SE,22,38.1291544589216
WY_SE,23,34.58463733334072
WY_SE,24,41.4107563790289
WY_SE,25,54.486767935865714
WY_SE,26,32.741179568680415
WY_SE,27,17.078841615124688
WY_SE,28,10.678158104785437
WY_SE,29,24.750510858964734
WY_SE,30,48.76768693459456
WY_SE,31,45.622522612187815
WY_SE,32,49.86407445906147
WY_SE,33,43.04713984817541
WY_SE,34,9.147747731908687
WY_SE,35,10.16060425332961
WY_SE,36,35.84394944525296
WY_SE,37,49.99801484275252
WY_SE,38,49.90936666294965
WY_SE,39,51.68428250969239
WY_SE,40,32.88807124587413
WY_SE,41,19.17405824928738
WY_SE,42,16.249364722542552
WY_SE,43,27.821436958941657
WY_SE,44,51.89033396427033
WY_SE,45,54.994203974870025
WY_SE,46,34.98628877455532
WY_SE,47,19.385573569943787
WY_SE,48,19.045004368895736
WY_SE,49,10.514077740117374
WY_SE,50,21.05041846746828
WY_SE,51,28.647064775472998
WY_SE,52,32.620237465525065
WY_SE,53,35.571880372855965
WY_SE,54,27.112414115319137
WY_SE,55,17.654939598982953
WY_SE,56,11.034635333844768
WY_SE,57,16.09163605388466
WY_SE,58,48.21870025912386
WY_SE,59,39.200260534129754
WY_SE,60,20.98995100012545
WY_SE,61,18.226836731490923
WY_SE,62,6.263445603096179
WY_SE,63,26.291075206358247
WY_SE,64,44.81696383283494
WY_SE,65,30.095640644647812
WY_SE,66,29.278150560313996
WY_SE,67,18.632050519962387
WY_SE,68,15.88232368870103
WY_SE,69,7.604025980527524
WY_SE,70,16.37253615525914
WY_SE,71,40.312630534042256
WY_SE,72,27.633149987475576
WY_SE,73,13.285176159737796
WY_SE,74,16.215234070286726
WY_SE,75,10.69210232522196
WY_SE,76,9.57696449962073
WY_SE,77,16.602905414546804
WY_SE,78,29.096625463637714
WY_SE,79,27.76563119636529
WY_SE,80,29.29556718659979
WY_SE,81,25.05960568442115
WY_SE,82,20.237323865646157
WY_SE,83,8.714727475416682
WY_SE,84,20.151449457480823
WY_SE,85,30.835509014064904
WY_SE,86,26.08450541299776
WY_SE,87,24.409916819572476
WY_SE,88,39.71163028550873
WY_SE,89,10.926487953831206
WY_SE,90,9.506226613873439
WY_SE,91,214.18859591299764
WY_SE,92,309.63286820235135
WY_SE,93,281.85430611121143
WY_SE,94,254.61438822341378
WY_SE,95,164.12123330621765
WY_SE,96,33.854741296138535
WY_SE,97,76.38686401829469
WY_SE,98,158.19631603457543
WY_SE,99,253.8415678201182
WY_SE,100,312.14536042245584
WY_SE,101,273.7269528560641
WY_SE,102,250.05181242721076
WY_SE,103,155.98316323940603
WY_SE,104,100.53903520640922
WY_SE,105,262.29784971931224
WY_SE,106,305.9909442760556
WY_SE,107,284.4970030412829
WY_SE,108,433.5620616861123
WY_SE,109,275.4513369014948
WY_SE,110,112.08224970341222
WY_SE,111,130.47499408859545
WY_SE,112,259.67415042894555
WY_SE,113,284.0872742834382
WY_SE,114,325.1110663508141
WY_SE,115,391.9349710545992
WY_SE,116,235.50909618425524
WY_SE,117,219.14292277020476
WY_SE,118,141.46126740195143
WY_SE,119,185.5594419762776
WY_SE,120,239.65152904043867
WY_SE,121,237.3370647729252
WY_SE,122,251.8224283286849
WY_SE,123,257.88233433573794
WY_SE,124,96.91778326999162
WY_SE,125,96.8105471748144
WY_SE,126,150.87480787536364
WY_SE,127,210.5271539295076
WY_SE,128,316.1082786086366
WY_SE,129,258.2727908372592
WY_SE,130,242.5881862125691
WY_SE,131,193.66633722297487
WY_SE,132,85.54096709281954
WY_SE,133,159.38078897473105
WY_SE,134,285.42364956461785
WY_SE,135,282.59983575097755
WY_SE,136,251.2322817133585
WY_SE,137,205.94581011047438
WY_SE,138,127.3838453567192
WY_SE,139,106.8450410843074
WY_SE,140,201.9556691480378
WY_SE,141,239.28621253764985
WY_SE,142,201.62595150806172
WY_SE,143,190.94747296436944
WY_SE,144,157.2988461875637
WY_SE,145,86.35991190053126
WY_SE,146,77.0043937143275
WY_SE,147,74.47781037330482
WY_SE,148,134.16877542528778
WY_SE,149,219.953833879785
WY_SE,150,251.50569713947053
WY_SE,151,188.65909347313658
WY_SE,152,21.55028893699095
WY_SE,153,32.4612049944227
WY_SE,154,53.54232303973253
WY_SE,155,73.96323087989838
WY_SE,156,57.026563577667986
WY_SE,157,62.147337002216176
WY_SE,158,45.798827837423126
WY_SE,159,46.79268438412638
WY_SE,160,20.569210799966697
WY_SE,161,43.74300693196937
WY_SE,162,64.33099899193039
WY_SE,163,60.893105958349494
WY_SE,164,75.41230457525657
WY_SE,165,49.68783920290696
WY_SE,166,23.242795752601165
WY_SE,167,23.008539749962285
WY_SE,168,41.50426719499349
WY_SE,169,63.635963648201894
WY_SE,170,39.036243368194995
WY_SE,171,47.1394374770281
WY_SE,172,42.65280637352314
WY_SE,173,26.778599030501546
WY_SE,174,19.19732115552038
WY_SE,175,32.67623105700015
WY_SE,176,49.005563875776936
WY_SE,177,52.88669897815899
WY_SE,178,55.850787369454494
WY_SE,179,38.87613497916585
WY_SE,180,29.67308202975459
WY_SE,181,25.879648550477278
WY_SE,182,21.970589127506177
WY_SE,183,48.44019576725901
WY_SE,184,35.37438912063037
WY_SE,185,17.81847285047198
WY_SE,186,18.833756962102015
WY_SE,187,13.07971354745568
WY_SE,188,18.835711495641686
WY_SE,189,24.333300948133864
WY_SE,190,39.98877178679346
WY_SE,191,36.08106705294993
WY_SE,192,40.011256177663334
WY_SE,193,34.5217832150126
WY_SE,194,25.72100376761584
WY_SE,195,12.20083453682779
WY_SE,196,33.57483211259655
WY_SE,197,40.12635756653053
WY_SE,198,33.04076272372561
WY_SE,199,42.76052925182512
WY_SE,200,35.09827180433882
WY_SE,201,25.11333686237406
WY_SE,202,20.109826408700922
WY_SE,203,30.652704618525924
WY_SE,204,53.42380304173532
WY_SE,205,34.201300990223295
WY_SE,206,29.67651918406638
WY_SE,207,38.531198182039724
WY_SE,208,21.075634040660102
WY_SE,209,18.39549997335991
WY_SE,210,43.659830757372845
WY_SE,211,39.195383420629355
WY_SE,212,43.37497507614748
WY_SE,213,123.61930600457733
WY_SE,214,118.36955763706477
WY_SE,215,103.77714601652737
WY_SE,216,93.43878910450908
WY_SE,217,122.51654185523454
WY_SE,218,145.85747648968896
WY_SE,219,216.59819253735094
WY_SE,220,146.41023257830267
WY_SE,221,122.2601932707465
WY_SE,222,85.24992539418565
WY_SE,223,55.055848506553545
WY_SE,224,97.22339573328982
WY_SE,225,131.2737136446477
WY_SE,226,127.19201951721536
WY_SE,227,153.39400887050968
WY_SE,228,129.70967665979336
WY_SE,229,69.14273676765738
WY_SE,230,71.4190077120391
WY_SE,231,79.6493323210496
WY_SE,232,146.36871607323948
WY_SE,233,133.07601679754026
WY_SE,234,124.80669751246496
WY_SE,235,94.65472537467872
WY_SE,236,96.65379285928886
WY_SE,237,54.91573891327278
WY_SE,238,122.4721869478621
WY_SE,239,161.97165281991545
WY_SE,240,159.1766075115605
WY_SE,241,144.84503163800187
WY_SE,242,143.44538368812735
WY_SE,243,81.6159922210839
WY_SE,244,15.466089884525987
WY_SE,245,14.876943974956236
WY_SE,246,36.53668656658884
WY_SE,247,44.56173072521858
WY_SE,248,43.52150905875242
WY_SE,249,45.10999945284031
WY_SE,250,36.16354329021208
WY_SE,251,15.62109530936449
WY_SE,252,45.24562883872333
WY_SE,253,54.419361643242624
WY_SE,254,46.25894700349327
WY_SE,255,49.85869522204875
WY_SE,256,37.93452659595516
WY_SE,257,35.45764368882968
WY_SE,258,22.663680220832333
WY_SE,259,43.11798787269618
WY_SE,260,66.53268248814975
WY_SE,261,76.04960871563938
WY_SE,262,39.34467139573647
WY_SE,263,36.42890613564305
WY_SE,264,27.0176981748479
WY_SE,265,20.80049426741245
WY_SE,266,35.47983240792008
WY_SE,267,54.87463364186387
WY_SE,268,63.50729062581302
WY_SE,269,39.37300379978474
WY_SE,270,33.00301156985909
WY_SE,271,31.817158427693148
WY_SE,272,17.637163570560652
WY_SE,273,48.43335705392366
WY_SE,274,122.9307943879586
WY_SE,275,217.04570504050366
WY_SE,276,162.08158458759073
WY_SE,277,154.3014417424014
WY_SE,278,70.4405290705793
WY_SE,279,65.91722904267547
WY_SE,280,123.85474811579878
WY_SE,281,152.41657001482935
WY_SE,282,153.84616355979472
WY_SE,283,127.01629044501026
WY_SE,284,154.4311992345512
WY_SE,285,89.19508114344424
WY_SE,286,58.270698091381334
WY_SE,287,86.05567187605324
WY_SE,288,180.91228567165822
WY_SE,289,149.16941041702444
WY_SE,290,145.4390722759834
WY_SE,291,90.09629221097248
WY_SE,292,107.12374256892751
WY_SE,293,55.320517341927264
WY_SE,294,124.71154678829024
WY_SE,295,163.31889557166173
WY_SE,296,232.4312826275339
WY_SE,297,158.90576350933634
WY_SE,298,100.50078814587746
WY_SE,299,87.27766348954817
WY_SE,300,80.47024643680493
WY_SE,301,188.5657069418611
WY_SE,302,107.01780107271699
WY_SE,303,213.75941909662018
WY_SE,304,160.995023267567
WY_SE,305,366.99226939201
WY_SE,306,319.00965401192923
WY_SE,307,162.94003631900816
WY_SE,308,468.1773527240707
WY_SE,309,634.4684881858713
WY_SE,310,421.7692288830518
WY_SE,311,461.2082158238518
WY_SE,312,297.44421971940443
WY_SE,313,271.7107955694127
WY_SE,314,201.47007393220545
WY_SE,315,462.31709691304843
WY_SE,316,499.3742086897569
WY_SE,317,548.5771191685064
WY_SE,318,485.93229612036595
WY_SE,319,459.60775693742613
WY_SE,320,275.2546375960414
WY_SE,321,174.76109571970872
WY_SE,322,416.39384575423395
WY_SE,323,486.4867337585782
WY_SE,324,506.2452551048641
WY_SE,325,510.7760818324228
WY_SE,326,537.977276763013
WY_SE,327,356.0120612136508
WY_SE,328,231.4244961463749
WY_SE,329,448.5131504323361
WY_SE,330,513.206113460868
WY_SE,331,387.5247392495688
WY_SE,332,149.56157363579436
WY_SE,333,346.6820945707643
WY_SE,334,237.53821615489622
WY_SE,335,37.980478979780536
WY_SE,336,101.644296989684
WY_SE,337,76.73717457039645
WY_SE,338,78.13072430904319
WY_SE,339,125.38195510571971
WY_SE,340,71.66862765411386
WY_SE,341,38.86618064788956
WY_SE,342,42.85364792638022
WY_SE,343,72.61873416936618
WY_SE,344,125.20687871733342
WY_SE,345,108.79635641815744
WY_SE,346,56.68438887872269
WY_SE,347,63.76971328110501
WY_SE,348,39.662135530936254
WY_SE,349,28.897802040932365
WY_SE,350,59.99286335771355
WY_SE,351,71.05985403530173
WY_SE,352,47.308676576313324
WY_SE,353,39.568639094201636
WY_SE,354,34.16226682066108
WY_SE,355,28.852940079002618
WY_SE,356,17.944632354445904
WY_SE,357,25.948652970831862
WY_SE,358,33.13767654036184
WY_SE,359,13.693669778720796
WY_SE,360,32.651335513279136
WY_SE,361,37.715144025286946
WY_SE,362,26.653656086236396
WY_SE,363,17.789370637053697
WY_SE,364,27.127855995981076
WY_SE,365,35.374498074616334
WY_SW,1,0.034094298791895426
WY_SW,2,0.06008418395969716
WY_SW,3,0.08472033856959724
WY_SW,4,0.08093648397592998
WY_SW,5,0.08526332434823568
WY_SW,6,0.08614029459097573
WY_SW,7,0.03640283780344778
WY_SW,8,0.09298135054027802
WY_SW,9,0.14167699681200432
WY_SW,10,0.0842325995526532
WY_SW,11,0.12536019337781917
WY_SW,12,0.0886755238913297
WY_SW,13,0.03365840302237304
WY_SW,14,0.0702359065499635
WY_SW,15,0.08475210017714295
WY_SW,16,0.04361454176723586
WY_SW,17,0.13429169901462093
WY_SW,18,0.1112942550898486
WY_SW,19,0.07323646596774526
WY_SW,20,0.08768676948314194
WY_SW,21,0.04202889977602509
WY_SW,22,0.05782595177348081
WY_SW,23,0.11090036023007446
WY_SW,24,0.07743760069367034
WY_SW,25,0.1901115799161162
WY_SW,26,0.09076603764724839
WY_SW,27,0.06384810311197119
WY_SW,28,0.11391939120915047
WY_SW,29,0.07611729546436204
WY_SW,30,0.11096995462941676
WY_SW,31,0.06630011666864781
WY_SW,32,0.08028230092486645
WY_SW,33,0.24244600225333823
WY_SW,34,0.06105576786145485
WY_SW,35,0.015233396194587703
WY_SW,36,0.403684562627024
WY_SW,37,0.32642802719252234
WY_SW,38,0.16056935669400924
WY_SW,39,0.218359284486222
WY_SW,40,0.15724323843153537
WY_SW,41,0.1440563989473405
WY_SW,42,0.07635011055942972
WY_SW,43,0.15381080631786928
WY_SW,44,0.1113078209463241
WY_SW,45,0.22788263718136967
WY_SW,46,0.181946061885935
WY_SW,47,0.12259764190471188
WY_SW,48,0.1178950858024577
WY_SW,49,0.09482563486252467
WY_SW,50,0.12644238276403671
WY_SW,51,0.1497701396644149
WY_SW,52,0.11667849176024059
WY_SW,53,0.18583213399524653
WY_SW,54,0.14235034304646277
WY_SW,55,0.06627828574067984
WY_SW,56,0.027643552390107528
WY_SW,57,0.1753207337862577
WY_SW,58,0.2716949355543311
WY_SW,59,0.17165406999285857
WY_SW,60,0.12408996373020065
WY_SW,61,0.0877319925898312
WY_SW,62,0.015627304598924505
WY_SW,63,0.07025607653881723
WY_SW,64,0.10065053357416526
WY_SW,65,0.05008002439355652
WY_SW,66,0.14461188305028208
WY_SW,67,0.05507236934769714
WY_SW,68,0.06573954472175642
WY_SW,69,0.017072740145568487
WY_SW,70,0.061235637474223406
WY_SW,71,0.15090566635971348
WY_SW,72,0.10340107016787828
WY_SW,73,0.009328205639238184
WY_SW,74,0.04048568662218422
WY_SW,75,0.042899301371758
WY_SW,76,0.03585694469581129
WY_SW,77,0.049707013141039154
WY_SW,78,0.04668129628708824
WY_SW,79,0.08502301294927786
WY_SW,80,0.1370699098232963
WY_SW,81,0.07034946577477186
WY_SW,82,0.06817585624757154
WY_SW,83,0.026696644354822833
WY_SW,84,0.08485993816404974
WY_SW,85,0.10385640089669909
WY_SW,86,0.07640617809551772
WY_SW,87,0.12330370733229812
WY_SW,88,0.10412016553956312
WY_SW,89,0.07161236831171765
WY_SW,90,0.01942028179072027
WY_SW,91,0.8002685454350758
WY_SW,92,0.9580625363102104
WY_SW,93,1.6843299392158178
WY_SW,94,0.7939706762150103
WY_SW,95,0.9290716281562078
WY_SW,96,0.4857865460674936
WY_SW,97,0.34280770868254706
WY_SW,98,1.2401284977023206
WY_SW,99,0.5692694109333442
WY_SW,100,1.2920327414720219
WY_SW,101,0.9444610371453811
WY_SW,102,1.1210970655118915
WY_SW,103,0.6587463151292305
WY_SW,104,0.20021723280571851
WY_SW,105,1.4858391121304753
WY_SW,106,0.8134897632780276
WY_SW,107,0.9274758080247937
WY_SW,108,1.793803113886493
WY_SW,109,1.1858450905508107
WY_SW,110,0.4310905408598279
WY_SW,111,0.18003794671365936
WY_SW,112,1.1637097434853931
WY_SW,113,1.2740356656037832
WY_SW,114,1.2498697254406008
WY_SW,115,1.506325604589291
WY_SW,116,1.7768535088401958
WY_SW,117,1.311483766773799
WY_SW,118,0.33836389362871405
WY_SW,119,1.1876391009958265
WY_SW,120,0.9547210608256932
WY_SW,121,0.7984886654623842
WY_SW,122,0.8238655597832188
WY_SW,123,1.3698979428841862
WY_SW,124,0.2965696734672702
WY_SW,125,0.2958381682112426
WY_SW,126,0.9024575427827806
WY_SW,127,0.33734926313549596
WY_SW,128,0.7096095415772278
WY_SW,129,0.643876099370106
WY_SW,130,0.7619721436987278
WY_SW,131,0.3952775648101696
WY_SW,132,0.17440361247177577
WY_SW,133,0.4207960448285269
WY_SW,134,0.7685639632440834
WY_SW,135,0.6093074986090636
WY_SW,136,0.8575273842553617
WY_SW,137,1.0263427360881654
WY_SW,138,0.25224633210638225
WY_SW,139,0.15980720307872515
WY_SW,140,0.5389723042004375
WY_SW,141,0.7830706228133826
WY_SW,142,0.4916668927830572
WY_SW,143,0.46574158534394106
WY_SW,144,0.649708715159418
WY_SW,145,0.3227798846710736
WY_SW,146,0.25917379752398617
WY_SW,147,0.22759272611803907
WY_SW,148,0.6585048024878513
WY_SW,149,0.29610490792129324
WY_SW,150,0.972946196218766
WY_SW,151,0.7407070285763367
WY_SW,152,0.368726993619466
WY_SW,153,0.31296220623254495
WY_SW,154,1.3748287244011232
WY_SW,155,1.1257708022780704
WY_SW,156,0.7320141453587836
WY_SW,157,0.9456422938546141
WY_SW,158,0.6414803076156826
WY_SW,159,0.41821944366651487
WY_SW,160,0.35203002382438786
WY_SW,161,0.5612411904490936
WY_SW,162,0.8564141713600466
WY_SW,163,0.46341759974591307
WY_SW,164,0.9121773387517194
WY_SW,165,0.37824153506090574
WY_SW,166,0.23881341254325586
WY_SW,167,0.23615097859292955
WY_SW,168,0.5804469800240577
WY_SW,169,1.0052831139127165
WY_SW,170,0.6010815431050369
WY_SW,171,1.3191195630983947
WY_SW,172,0.6388132222839212
WY_SW,173,0.22933763464826284
WY_SW,174,0.3285205343963549
WY_SW,175,0.9312989095894734
WY_SW,176,0.5808029850507229
WY_SW,177,0.5223144473367095
WY_SW,178,0.5309060084531724
WY_SW,179,0.49919726091328387
WY_SW,180,0.3210148554213328
WY_SW,181,0.1479002178656739
WY_SW,182,0.1908401827095652
WY_SW,183,0.15026221040171728
WY_SW,184,0.14317278651747128
WY_SW,185,0.060285707097268736
WY_SW,186,0.10956483988856537
WY_SW,187,0.06089742028199973
WY_SW,188,0.04673513462710215
WY_SW,189,0.2515858943733404
WY_SW,190,0.15508038791367895
WY_SW,191,0.10334245501459385
WY_SW,192,0.22065821620599477
WY_SW,193,0.17306986281105793
WY_SW,194,0.0797743125132579
WY_SW,195,0.08258953289905992
WY_SW,196,0.1786396740082697
WY_SW,197,0.3245864897904089
WY_SW,198,0.29417672864264155
WY_SW,199,0.17975441171516196
WY_SW,200,0.18297813269907104
WY_SW,201,0.19667083883115383
WY_SW,202,0.18690366175608453
WY_SW,203,0.18993003603782643
WY_SW,204,0.1554382892043876
WY_SW,205,0.1714326021990885
WY_SW,206,0.19312438248865282
WY_SW,207,0.2008148836798418
WY_SW,208,0.09227200928789057
WY_SW,209,0.08054620313867732
WY_SW,210,0.21875475891187607
WY_SW,211,0.1519808846095666
WY_SW,212,0.25956359571393933
WY_SW,213,0.5119168208159947
WY_SW,214,0.49021264258465536
WY_SW,215,0.2614088375656937
WY_SW,216,0.19779217885891298
WY_SW,217,0.3236862666531337
WY_SW,218,0.27570752442138075
WY_SW,219,0.6813971306824222
WY_SW,220,0.5359334836023176
WY_SW,221,0.4660049783983914
WY_SW,222,0.2003798950379735
WY_SW,223,0.13440581598840312
WY_SW,224,0.514054034768775
WY_SW,225,0.2570428338240208
WY_SW,226,0.5496416433508177
WY_SW,227,0.2894848348511059
WY_SW,228,0.498591253408275
WY_SW,229,0.12909296983995927
WY_SW,230,0.23643373091986739
WY_SW,231,0.36773967731042984
WY_SW,232,0.22927045793017256
WY_SW,233,0.29335152713067747
WY_SW,234,0.4224713081063003
WY_SW,235,0.4006215547158487
WY_SW,236,0.2693330234409298
WY_SW,237,0.12461505504759093
WY_SW,238,0.5546751140567306
WY_SW,239,0.4138438970397911
WY_SW,240,0.3742673868921636
WY_SW,241,0.47156327053199176
WY_SW,242,0.43362328287233204
WY_SW,243,0.28806699358841203
WY_SW,244,0.19817114689610218
WY_SW,245,0.1924930833589192
WY_SW,246,0.26026212921865227
WY_SW,247,0.37826053858502945
WY_SW,248,0.43424685652962003
WY_SW,249,0.5833560766990455
WY_SW,250,0.2705204942361421
WY_SW,251,0.16657617090095753
WY_SW,252,0.5838718368686676
WY_SW,253,0.6184554870950829
WY_SW,254,0.38991404917757677
WY_SW,255,0.546024307777704
WY_SW,256,0.36822038748282454
WY_SW,257,0.18844633789578216
WY_SW,258,0.20160439818648654
WY_SW,259,0.6111217535641413
WY_SW,260,0.5925501252353818
WY_SW,261,0.6545723018487127
WY_SW,262,0.5578247953418363
WY_SW,263,0.2580727741684978
WY_SW,264,0.2568835542722476
WY_SW,265,0.24467796872457978
WY_SW,266,0.3964847710981593
WY_SW,267,0.46780634769047014
WY_SW,268,0.6575466008808297
WY_SW,269,0.5083942316160239
WY_SW,270,0.37122902844556477
WY_SW,271,0.17970355721707595
WY_SW,272,0.24025865553089
WY_SW,273,0.5027142506712472
WY_SW,274,0.8077916101061937
WY_SW,275,1.1572445790969605
WY_SW,276,1.16279004278355
WY_SW,277,1.2450740545779535
WY_SW,278,0.41944779501735396
WY_SW,279,0.6628974050175522
WY_SW,280,1.1337865661055186
WY_SW,281,0.9223986244245778
WY_SW,282,0.9695167566153169
WY_SW,283,1.067096878063817
WY_SW,284,0.8380465482265613
WY_SW,285,0.4970431304434132
WY_SW,286,0.33732868674843675
WY_SW,287,0.7589773874989384
WY_SW,288,0.8760929528360946
WY_SW,289,0.7484304242842866
WY_SW,290,1.4013522916649592
WY_SW,291,0.5922171590590347
WY_SW,292,0.42827222361638523
WY_SW,293,0.5759109577960024
WY_SW,294,1.30812614771565
WY_SW,295,1.265034240688132
WY_SW,296,0.9163169321372827
WY_SW,297,0.8326633693964449
WY_SW,298,0.7924490483537783
WY_SW,299,0.4117994620439154
WY_SW,300,0.4069748092706459
WY_SW,301,1.581466503894925
WY_SW,302,0.8964166065451392
WY_SW,303,1.6531558683428196
WY_SW,304,1.176908776112904
WY_SW,305,4.077557868612555
WY_SW,306,4.253198298016224
WY_SW,307,1.1248661723339486
WY_SW,308,4.780964246867311
WY_SW,309,5.709285056881706
WY_SW,310,2.6426744784652154
WY_SW,311,2.90270312398773
WY_SW,312,2.5144918989350713
WY_SW,313,2.0823363856882993
WY_SW,314,1.6866810799397547
WY_SW,315,2.901630886260615
WY_SW,316,3.265789694294066
WY_SW,317,4.21200745739603
WY_SW,318,3.3069709716175693
WY_SW,319,2.400609221533113
WY_SW,320,2.4701614344349867
WY_SW,321,1.093172563822029
WY_SW,322,5.469892968075408
WY_SW,323,3.7694030459407357
WY_SW,324,2.652470257555313
WY_SW,325,4.6308494247746035
WY_SW,326,3.164582556917494
WY_SW,327,3.611949386011759
WY_SW,328,1.6365970441568396
WY_SW,329,3.226612382121592
WY_SW,330,2.3872487683334875
WY_SW,331,2.0319371070112187
WY_SW,332,0.42091640542217174
WY_SW,333,2.4988790181192173
WY_SW,334,2.121337563987061
WY_SW,335,0.2125383727026444
WY_SW,336,0.841848017088593
WY_SW,337,0.42941229779369666
WY_SW,338,0.8293708189727439
WY_SW,339,0.9364922329337952
WY_SW,340,0.5151896788055076
WY_SW,341,0.34918147597539495
WY_SW,342,0.2672377479635602
WY_SW,343,0.4739140838488879
WY_SW,344,0.5389393099425487
WY_SW,345,0.6828764382919699
WY_SW,346,0.42289739692453293
WY_SW,347,0.475797191526154
WY_SW,348,0.2611097929659981
WY_SW,349,0.2688346923653822
WY_SW,350,0.9433992639099681
WY_SW,351,0.5502858620898853
WY_SW,352,0.39086340425342914
WY_SW,353,0.46540972877670245
WY_SW,354,0.44153206027066255
WY_SW,355,0.21489894104779964
WY_SW,356,0.18646504449288184
WY_SW,357,0.2711373163256518
WY_SW,358,0.3497807434847701
WY_SW,359,0.26360230738803947
WY_SW,360,0.25512315668810276
WY_SW,361,0.4023710219012429
WY_SW,362,0.33399170073421114
WY_SW,363,0.2178210558809055
WY_SW,364,0.2657797045601014
WY_SW,365,0.48544954030980336
